customerID,tenure,MonthlyCharges,service_count
7590-VHVEG,-1.27744458367877,-1.16032291603492,-1.1459968403746
5575-GNVDE,0.066327419082236,-0.259628941944881,-0.176010571085054
3668-QPYBK,-1.23672421995873,-0.36266035595518,-0.176010571085054
7795-CFOCW,0.51425142000257,-0.746535462993555,-0.176010571085054
9237-HQITU,-1.23672421995873,0.197365233100803,-1.1459968403746
9305-CDSKC,-0.992402037638553,1.15954569619699,0.793975698204488
1452-KIOVK,-0.422316945558128,0.808906529161936,0.308982563559717
6713-OKOMC,-0.910961310198492,-1.16364651003525,-1.1459968403746
7892-POOKP,-0.177994763237946,1.3307107872141,1.27896883284926
6388-TABGU,1.20649760324309,-0.286217693947539,-0.176010571085054
9763-GRSKD,-0.788800219038401,-0.492280521968138,-0.661003705729825
7469-LKBCI,-0.66663912787831,-1.52259466207113,-1.1459968403746
8091-TTVAX,1.04361614836296,1.18281085419931,0.793975698204488
0280-XJGEX,0.677132874882691,1.29415125321044,1.27896883284926
5129-JLPIS,-0.300155854398037,1.35397594521643,1.27896883284926
3655-SNQYZ,1.4915401492833,1.61155448024217,2.2489551021388
8191-XWSZG,0.799293966042782,-1.46609356406549,-1.1459968403746
9959-WOFKT,1.57298087672336,1.39385907322041,1.27896883284926
4190-MFLUW,-0.910961310198492,-0.317791836950695,-0.176010571085054
4183-MYFRB,-0.463037309278159,0.840480672165093,0.308982563559717
8779-QRDMV,-1.27744458367877,-0.834610704002359,-0.661003705729825
1680-VDCWW,-0.829520582758432,-1.49434411306831,-1.1459968403746
1066-JKSGK,-1.27744458367877,-1.48271153406715,-1.1459968403746
3638-WEABW,1.04361614836296,-0.16158291893508,0.308982563559717
6322-HRPFA,0.677132874882691,-0.171553700936076,0.308982563559717
6865-JZNKO,-0.0965540357978854,-0.314468242950363,-0.176010571085054
6467-CHFZW,0.595692147442631,1.14957491419599,0.793975698204488
8665-UTDHZ,-1.27744458367877,-1.14869033703376,-1.1459968403746
5248-YGIJN,1.61370124044339,0.847127860165757,2.2489551021388
8773-HHUOZ,-0.62591876415828,-0.00205040691913153,-0.176010571085054
3841-NFECX,1.57298087672336,1.04986709418602,1.27896883284926
4929-XIHVW,-1.23672421995873,1.0216165451832,0.308982563559717
6827-IEAUQ,-0.218715126957977,0.0461417060856861,0.793975698204488
7310-EGVHZ,-1.27744458367877,-1.48104973706698,-1.1459968403746
3413-BMNZE,-1.27744458367877,-0.648489439983754,-1.1459968403746
6234-RAAPL,1.61370124044339,1.16785468119782,1.27896883284926
6047-YHPVI,-1.11456312879864,0.164129293097481,-1.1459968403746
6572-ADKRS,0.5549717837226,0.333632587114425,-0.661003705729825
5380-WJKOV,0.066327419082236,1.38222649421925,1.27896883284926
8168-UQWWF,-0.870240946478462,1.09972100419101,0.793975698204488
8865-TNMNX,-0.910961310198492,-0.505574897969467,-0.661003705729825
9489-DEDVP,1.53226051300333,0.147511323095819,0.793975698204488
9867-JCZSP,-0.62591876415828,-1.46276997006515,-1.1459968403746
4671-VJLCL,1.24721796696312,0.501474084131204,1.76396196749403
4080-IIARD,-0.788800219038401,0.380162903119077,1.27896883284926
3714-NTNFO,0.677132874882691,0.656021205146653,-0.176010571085054
5948-UJZLF,-1.23672421995873,-0.515545679970464,-0.661003705729825
7760-OYPDY,-1.23672421995873,0.528062836133862,-0.661003705729825
7639-LIAYI,0.799293966042782,0.498150490130871,1.27896883284926
2954-PIBKO,1.4915401492833,-0.0203301739209588,0.793975698204488
8012-SOUDQ,0.432810692562509,0.847127860165757,0.308982563559717
9420-LOJKX,-0.707359491598341,1.14126592919516,0.793975698204488
6575-SUVOI,-0.300155854398037,0.157482105096816,0.793975698204488
7495-OOKFY,-0.992402037638553,0.528062836133862,-0.176010571085054
4667-QONEA,1.12505687580303,0.335294384114591,1.27896883284926
1658-BYGOY,-0.58519840043825,1.01995474818303,0.308982563559717
8769-KKTPH,1.24721796696312,1.15954569619699,0.793975698204488
5067-XJQFU,1.36937905812321,1.45202196822623,1.76396196749403
3957-SQXML,0.066327419082236,-1.3231790220512,-0.661003705729825
5954-BDFSG,1.61370124044339,1.42044782522307,1.27896883284926
0434-CSFON,0.595692147442631,1.18779624519981,0.793975698204488
1215-FIGMP,1.12505687580303,0.835495281164595,0.308982563559717
0526-SXDJP,1.61370124044339,-0.753182650994219,-0.176010571085054
0557-ASKVU,-0.58519840043825,-0.344380588953353,-0.176010571085054
5698-BQJOH,-0.951681673918523,0.985057011179546,0.308982563559717
5122-CYFXA,-1.1960038562387,0.350250557116086,0.793975698204488
8627-ZYGSZ,0.595692147442631,0.469899941128048,-0.176010571085054
3410-YOQBQ,-0.0558336720778551,0.479870723129044,1.27896883284926
3170-NMYVV,0.717853238602722,-1.48271153406715,-1.1459968403746
7410-OIEDU,-0.910961310198492,0.501474084131204,-0.176010571085054
2273-QCKXA,-1.27744458367877,-0.522192867971128,-0.661003705729825
0731-EBJQB,0.799293966042782,-1.47440254906632,-1.1459968403746
1891-QRQSA,1.28793833068315,1.55671517923669,1.76396196749403
8028-PNXHQ,1.20649760324309,-1.34644418005352,-0.661003705729825
5630-AHZIL,-1.1960038562387,-0.00869759491979612,0.308982563559717
2673-CXQEU,0.962175420922904,1.52015564523304,1.76396196749403
6416-JNVRK,0.5549717837226,-0.3028356639492,-0.661003705729825
5590-ZSKRV,-0.992402037638553,-0.336071603952522,-0.176010571085054
0191-ZHSKZ,-0.0965540357978854,0.331970790114259,0.793975698204488
3887-PBQAO,0.51425142000257,-1.29160487904804,-0.661003705729825
5919-TMRGD,-1.27744458367877,0.484856114129542,-0.661003705729825
8108-UXRQN,-0.870240946478462,-0.472338957966145,-0.176010571085054
9191-MYQKX,-1.03312240135858,0.345265166115588,-0.661003705729825
9919-YLNNG,0.392090328842479,1.29747484721078,1.27896883284926
0318-ZOPWS,0.677132874882691,-1.48271153406715,-1.1459968403746
4445-ZJNMU,-0.951681673918523,1.14791311719583,0.793975698204488
4808-YNLEU,0.107047782802266,-0.086802053927604,-0.176010571085054
1862-QRWPE,0.636412511162661,-1.46609356406549,-1.1459968403746
2796-NNUFI,0.5549717837226,-1.48935872206781,-1.1459968403746
3016-KSVCP,-0.137274399517916,-1.03070275002196,-1.1459968403746
4767-HZZHQ,-0.0965540357978854,0.574593152138513,-0.176010571085054
2424-WVHPL,-1.27744458367877,0.330308993114093,-0.661003705729825
7233-PAHHL,1.36937905812321,0.639403235144992,1.76396196749403
6067-NGCEU,1.32865869440318,1.53843541223486,1.76396196749403
9848-JQJTX,1.61370124044339,1.20109062120114,1.27896883284926
8637-XJIVR,-0.829520582758432,0.471561738128214,-0.176010571085054
9803-FTJCG,1.57298087672336,0.0694068640880115,0.793975698204488
0278-YXOOG,-1.11456312879864,-1.45279918806416,-1.1459968403746
3212-KXOCR,0.799293966042782,-1.45446098506432,-1.1459968403746
4598-XLKNJ,-0.300155854398037,1.12132436519317,0.793975698204488
6380-ARCEH,-1.27744458367877,-1.48104973706698,-1.1459968403746
3679-XASPY,-1.27744458367877,-1.50597669206947,-1.1459968403746
7123-WQUHX,0.229208873962357,1.00499857518154,0.793975698204488
5386-THSLQ,1.36937905812321,-0.638518657982757,-0.176010571085054
3192-NQECA,1.45081978556327,1.50353767523138,1.76396196749403
6180-YBIQI,-1.11456312879864,-1.34478238305336,-1.63098997501937
6728-DKUCO,1.61370124044339,1.30910742621194,1.27896883284926
9750-BOOHV,-0.0151133083578247,-1.15035213403392,-1.1459968403746
8597-CWYHH,0.432810692562509,0.983395214179379,0.308982563559717
2848-YXSMW,1.61370124044339,-1.50763848906964,-1.1459968403746
0486-HECZI,0.921455057202873,1.06316147018735,0.793975698204488
4549-ZDQYY,0.799293966042782,-0.226393001941558,0.308982563559717
5712-AHQNN,0.432810692562509,0.893658176170409,0.308982563559717
4846-WHAFZ,0.188488510242327,0.390133685120074,-0.661003705729825
5256-SKJGO,1.28793833068315,-0.337733400952688,0.308982563559717
3071-VBYPO,-1.1960038562387,0.833833484164428,0.308982563559717
9560-BBZXK,0.147768146522297,-1.12043978803093,-1.1459968403746
5299-RULOA,-0.910961310198492,1.17948726019898,0.793975698204488
8402-OOOHJ,0.351369965122448,-1.46609356406549,-1.1459968403746
9445-ZUEQE,-0.218715126957977,0.679286363148979,0.308982563559717
1091-SOZGA,0.962175420922904,1.16453108719749,0.793975698204488
2928-HLDBA,-1.07384276507861,-1.46443176706532,-1.1459968403746
0404-SWRVG,-1.1960038562387,0.320338211113097,-0.661003705729825
6497-TILVL,-1.03312240135858,-0.467353566965646,-0.661003705729825
7219-TLZHO,-1.15528349251868,-1.45944637606482,-1.1459968403746
4622-YNKIJ,0.0256070553622056,0.803921138161438,0.308982563559717
4412-YLTKF,-0.218715126957977,0.441649392125223,-0.176010571085054
6734-PSBAW,1.61370124044339,-1.36970933805585,-0.661003705729825
3930-ZGWVE,-1.27744458367877,-1.49600591006848,-1.1459968403746
2639-UGMAZ,1.57298087672336,-0.276246911946542,0.308982563559717
2876-GZYZC,-0.788800219038401,0.704213318151471,-0.176010571085054
6207-WIOLX,-0.300155854398037,-0.204789640939399,0.793975698204488
8587-XYZSF,1.41009942184324,-0.472338957966145,-0.661003705729825
3091-FYHKI,-1.27744458367877,-0.974201652016314,-1.1459968403746
2372-HWUHI,-1.23672421995873,-0.678401785986744,-1.1459968403746
7799-LGRDP,0.432810692562509,-1.29825206704871,-0.661003705729825
7850-VWJUU,-0.381596581838098,0.34027977511509,-0.661003705729825
3774-VBNXY,1.28793833068315,-1.48104973706698,-1.1459968403746
6217-KDYWC,1.00289578464293,-1.50099130106898,-1.1459968403746
0390-DCFDQ,-1.27744458367877,0.189056248099973,-1.1459968403746
3146-MSEGF,1.61370124044339,0.774008792158448,2.2489551021388
4080-OGPJL,-0.992402037638553,0.212321406102298,0.793975698204488
1095-WGNGG,1.16577723952306,1.20607601220164,0.793975698204488
2636-SJDOU,1.28793833068315,0.649374017145989,0.308982563559717
1131-QQZEB,1.57298087672336,-1.35641496205452,-0.661003705729825
5716-EZXZN,1.32865869440318,1.139604132195,1.27896883284926
6837-BJYDQ,-1.1960038562387,-1.50099130106898,-1.1459968403746
2135-RXIHG,-1.27744458367877,-0.635195063982425,-1.1459968403746
6440-DKQGE,-0.0965540357978854,-0.00869759491979612,0.308982563559717
3466-BYAVD,-0.707359491598341,0.157482105096816,0.793975698204488
3780-YVMFA,-0.992402037638553,0.12590796209366,0.308982563559717
3874-EQOEP,-1.03312240135858,1.00499857518154,0.308982563559717
1679-JRFBR,1.53226051300333,1.44205118622523,1.76396196749403
9073-ZZIAY,1.20649760324309,0.709198709151969,1.76396196749403
3077-RSNTJ,-1.07384276507861,-1.49766770706864,-1.1459968403746
6551-GNYDG,-0.748079855318371,0.536371821134693,-0.661003705729825
9167-APMXZ,-0.422316945558128,0.644388626145491,-0.176010571085054
2749-CTKAJ,-0.422316945558128,-1.48271153406715,-1.1459968403746
6371-NZYEG,-0.66663912787831,-0.0170065799206267,0.308982563559717
7554-NEWDD,-0.910961310198492,-1.29825206704871,-0.661003705729825
8992-VONJD,-0.788800219038401,-0.291203084948037,-0.176010571085054
0867-MKZVY,-0.503757672998189,0.586225731139676,-0.176010571085054
4482-EWFMI,-1.23672421995873,0.164129293097481,-1.1459968403746
4648-YPBTM,0.840014329762813,0.303720241111435,1.27896883284926
2907-ILJBN,-0.870240946478462,-1.46775536106565,-1.1459968403746
6345-FZOQH,1.4915401492833,-1.49102051906798,-1.1459968403746
3376-BMGFE,-1.15528349251868,0.204012421101468,-1.1459968403746
5997-OPVFA,1.61370124044339,0.80724473216177,2.2489551021388
3445-HXXGF,1.04361614836296,-0.646827642983588,-0.176010571085054
1159-WFSGR,-0.66663912787831,-1.47440254906632,-1.1459968403746
7654-YWJUF,0.432810692562509,0.647712220145823,0.308982563559717
1875-QIVME,-1.23672421995873,1.31741641121277,1.27896883284926
6727-IOTLZ,-0.748079855318371,0.571269558138181,1.27896883284926
0691-JVSYA,0.840014329762813,1.00001318418104,0.308982563559717
5918-VUKWP,-0.0151133083578247,-1.46941715806582,-1.1459968403746
1744-JHKYS,0.066327419082236,-1.33148800705203,-0.661003705729825
2656-FMOKZ,-0.707359491598341,0.322000008113263,-0.661003705729825
2070-FNEXE,-1.03312240135858,0.388471888119907,-0.661003705729825
5947-SGKCL,-0.707359491598341,1.34899055421593,1.27896883284926
3712-PKXZA,1.16577723952306,-1.46941715806582,-1.1459968403746
6317-YPKDH,-1.27744458367877,-1.15699932203459,-1.1459968403746
6582-OIVSP,-1.27744458367877,-0.646827642983588,-1.1459968403746
9367-WXLCH,-0.992402037638553,0.656021205146653,-0.176010571085054
5524-KHNJP,0.0256070553622056,0.331970790114259,0.793975698204488
1918-ZBFQJ,-0.788800219038401,0.48153252012921,-0.176010571085054
1024-GUALD,-1.27744458367877,-1.3281644130517,-1.63098997501937
4827-USJHP,-0.503757672998189,-0.430794032961991,-0.661003705729825
8167-GJLRN,-1.1960038562387,-1.14204314903309,-1.1459968403746
0956-SYCWG,-0.788800219038401,-1.49932950406881,-1.1459968403746
8017-UVSZU,0.310649601402418,-0.271261520946044,-0.176010571085054
7100-FQPRV,0.432810692562509,0.23724836110479,0.793975698204488
2472-OVKUP,-1.07384276507861,0.872054815168249,0.308982563559717
2984-RGEYA,1.4915401492833,-1.49600591006848,-1.1459968403746
9680-NIAUV,1.61370124044339,1.49356689323038,1.76396196749403
2146-EGVDT,1.084336512083,-1.51096208306997,-1.1459968403746
2604-IJPDU,-0.503757672998189,1.05651428218669,0.793975698204488
9178-JHUVJ,-0.340876218118068,-1.35142957105402,-0.661003705729825
6168-YBYNP,1.084336512083,1.54840619423586,1.76396196749403
7255-SSFBC,1.61370124044339,1.57831854023885,1.76396196749403
3645-DEYGF,-1.27744458367877,-1.46276997006515,-1.1459968403746
9323-HGFWY,-0.218715126957977,1.23432656120446,0.793975698204488
8544-GOQSH,-0.748079855318371,0.508121272131868,-0.176010571085054
3363-DTIVD,1.57298087672336,1.35563774221659,1.27896883284926
7018-WBJNK,-0.788800219038401,0.449958377126054,-0.661003705729825
9142-KZXOP,0.473531056282539,0.135878744094656,-1.1459968403746
7674-YTAFD,0.0256070553622056,0.504797678131536,-0.176010571085054
6348-SNFUS,1.61370124044339,-0.309482851949864,0.793975698204488
1285-OKIPP,-1.27744458367877,0.50313588113137,-0.661003705729825
7825-ECJRF,-0.544478036718219,1.39053547922008,1.27896883284926
1347-KTTTA,1.28793833068315,1.25260632820629,1.27896883284926
7841-TZDMQ,-1.23672421995873,-0.623562484981262,-1.1459968403746
4195-NZGTA,-1.27744458367877,-1.3132082400502,-1.63098997501937
7157-SMCFK,1.16577723952306,-1.49600591006848,-1.1459968403746
4709-LKHYG,-0.137274399517916,-1.48769692506765,-1.1459968403746
2504-DSHIH,-0.381596581838098,0.732463867154295,-0.176010571085054
0699-NDKJM,1.00289578464293,-0.1998042499389,0.793975698204488
9286-BHDQG,1.61370124044339,-0.648489439983754,0.308982563559717
0230-WEQUW,1.36937905812321,-0.271261520946044,0.793975698204488
2040-LDIWQ,1.32865869440318,0.646050423145657,1.76396196749403
6496-JDSSB,-0.992402037638553,0.506459475131702,-0.661003705729825
9408-SSNVZ,-1.15528349251868,0.179085466098976,-1.1459968403746
4443-EMBNA,1.57298087672336,-1.32982621005186,-0.661003705729825
6469-MRVET,-1.27744458367877,-1.48104973706698,-1.1459968403746
0742-MOABM,-1.15528349251868,-0.488956927967806,-0.661003705729825
5961-VUSRV,-0.829520582758432,-1.50930028606981,-1.1459968403746
6778-JFCMK,-0.340876218118068,-0.470677160965978,-0.176010571085054
6341-JVQGF,-0.0558336720778551,0.544680806135523,1.27896883284926
2232-DMLXU,-1.27744458367877,-0.317791836950695,-0.661003705729825
4811-JBUVU,-0.0965540357978854,0.835495281164595,0.308982563559717
0945-TSONX,0.595692147442631,0.682609957149311,1.76396196749403
2651-ZCBXV,0.880734693482843,1.43706579522473,1.76396196749403
3316-UWXUY,0.717853238602722,0.955144665176555,0.793975698204488
8937-RDTHP,-1.27744458367877,0.659344799146985,-0.176010571085054
7083-MIOPC,1.61370124044339,-1.47938794006682,-1.1459968403746
1984-GPTEH,-0.137274399517916,-1.31653183405053,-0.661003705729825
1251-KRREG,-1.23672421995873,-0.344380588953353,-0.176010571085054
0621-JFHOL,-0.910961310198492,-1.16863190103575,-1.1459968403746
9903-LYSAB,-0.58519840043825,0.278793286108943,-0.661003705729825
0094-OIFMO,-0.870240946478462,1.00499857518154,0.308982563559717
9227-UAQFT,-0.66663912787831,-1.49600591006848,-1.1459968403746
7301-ABVAD,1.61370124044339,0.72581667915363,1.76396196749403
6614-FHDBO,1.61370124044339,1.47694892322872,1.76396196749403
7576-ASEJU,0.351369965122448,0.330308993114093,0.793975698204488
9058-HRZSV,1.32865869440318,0.985057011179546,0.793975698204488
4522-AKYLR,-0.788800219038401,-0.331086212952024,-0.176010571085054
0221-WMXNQ,-1.15528349251868,0.351912354116252,-0.661003705729825
0303-UNCIP,0.351369965122448,0.00792037508186511,0.308982563559717
9947-OTFQU,-0.707359491598341,0.320338211113097,-0.661003705729825
0322-YINQP,-1.27744458367877,-0.53881083797279,-0.661003705729825
0959-WHOKV,0.392090328842479,1.13794233519483,1.27896883284926
4075-JFPGR,0.758573602322752,0.955144665176555,0.793975698204488
4629-NRXKX,-1.23672421995873,0.187394451099807,-1.1459968403746
9514-JDSKI,-1.27744458367877,-0.816330937000532,-0.661003705729825
3282-ZISZV,-0.0151133083578247,0.629432453143995,1.76396196749403
3675-YDUPJ,-0.910961310198492,-1.49268231606814,-1.1459968403746
4111-BNXIF,1.41009942184324,-0.173215497936242,0.793975698204488
7017-VFHAY,1.16577723952306,1.67304096924832,2.2489551021388
6655-LHBYW,0.717853238602722,1.64811401424583,2.2489551021388
4959-JOSRX,-1.23672421995873,-0.670092800985913,-1.1459968403746
5046-NUHWD,-0.137274399517916,-0.656798424984584,-0.176010571085054
7273-TEFQD,-1.1960038562387,-0.784756793997376,-0.661003705729825
3606-TWKGI,-0.788800219038401,1.40050626122108,1.27896883284926
7529-ZDFXI,1.00289578464293,0.833833484164428,0.308982563559717
7605-BDWDC,-0.0558336720778551,-0.49560411596847,0.308982563559717
1950-KSVVJ,0.51425142000257,1.61321627724234,2.2489551021388
0123-CRBRT,1.16577723952306,0.775670589158614,2.2489551021388
6292-TOSSS,0.717853238602722,-1.32484081905137,-0.661003705729825
3197-ARFOY,-0.544478036718219,1.33735797521476,1.27896883284926
6323-AYBRX,1.084336512083,-1.50930028606981,-1.1459968403746
7014-ZZXAW,1.57298087672336,-1.34644418005352,-0.661003705729825
4385-GZQXV,-0.66663912787831,0.986718808179712,0.308982563559717
7633-MVPUY,1.00289578464293,-0.166568309935578,0.308982563559717
6366-ZGQGL,-1.27744458367877,-1.3281644130517,-1.63098997501937
4716-HHKQH,-0.503757672998189,1.40549165222158,1.27896883284926
5940-AHUHD,-1.27744458367877,0.194041639100471,-1.1459968403746
6432-TWQLB,-1.11456312879864,0.685933551149644,0.308982563559717
4484-GLZOU,0.799293966042782,1.33901977221493,1.27896883284926
3179-GBRWV,-0.463037309278159,0.00625857808169908,0.308982563559717
8645-KWHJO,-0.748079855318371,-0.32443902495136,0.308982563559717
4130-MZLCC,-1.11456312879864,-0.472338957966145,-0.661003705729825
0314-TKOSI,-1.07384276507861,-0.319453633950861,-0.176010571085054
8229-MYEJZ,-0.910961310198492,-0.450735596963985,-0.661003705729825
2080-SRCDE,-1.27744458367877,-1.3082228490497,-0.661003705729825
9577-WJVCQ,1.45081978556327,-0.342718791953187,-0.176010571085054
9512-UIBFX,-0.58519840043825,1.00998396618204,0.308982563559717
6202-DYYFX,-0.422316945558128,0.373515715118412,-0.661003705729825
3808-HFKDE,-0.503757672998189,-0.678401785986744,-1.1459968403746
5583-SXDAG,-1.27744458367877,0.174100075098477,-1.1459968403746
3488-PGMQJ,-0.992402037638553,0.323661805113429,-0.661003705729825
3580-REOAC,-0.910961310198492,-0.661783815985083,-1.1459968403746
7534-BFESC,-0.340876218118068,0.376839309118744,-0.661003705729825
3727-OWVYD,0.107047782802266,-0.11837619693076,0.308982563559717
2294-SALNE,-0.381596581838098,0.732463867154295,0.308982563559717
4847-TAJYI,-1.07384276507861,0.817215514162767,-0.176010571085054
1563-IWQEX,-0.829520582758432,-1.49766770706864,-1.1459968403746
8203-XJZRC,-1.27744458367877,-1.47938794006682,-1.1459968403746
6556-DBKZF,1.57298087672336,0.375177512118578,-0.661003705729825
6851-WEFYX,0.107047782802266,1.19776702720081,0.793975698204488
2985-JUUBZ,0.310649601402418,0.325323602113595,0.793975698204488
6390-DSAZX,-1.27744458367877,0.293749459110438,-0.661003705729825
0895-LMRSF,-0.381596581838098,0.00459678108153305,-0.176010571085054
8098-LLAZX,-1.15528349251868,1.01995474818303,0.308982563559717
8266-VBFQL,-1.15528349251868,0.852113251166256,0.308982563559717
8181-YHCMF,1.45081978556327,-0.148288542933751,0.793975698204488
2240-HSJQD,0.229208873962357,0.567945964137848,-0.176010571085054
1248-DYXUB,0.799293966042782,-1.3281644130517,-0.661003705729825
0265-EDXBD,-0.0151133083578247,0.336956181114758,-0.661003705729825
4115-BNPJY,-0.137274399517916,0.358559542116917,0.793975698204488
3167-SNQPL,0.229208873962357,1.20939960620197,0.793975698204488
4091-TVOCN,0.636412511162661,0.464914550127549,1.27896883284926
1098-TDVUQ,-1.27744458367877,-1.51262388007014,-1.1459968403746
7277-OZCGZ,-0.422316945558128,0.80724473216177,0.308982563559717
1557-EMYVT,0.432810692562509,1.67137917224815,2.2489551021388
2799-ARNLO,-1.11456312879864,0.152496714096318,-1.1459968403746
7563-BIUPC,-1.11456312879864,0.526401039133695,-0.661003705729825
5027-YOCXN,0.758573602322752,1.50519947223154,1.76396196749403
3973-SKMLN,1.57298087672336,-1.49102051906798,-1.1459968403746
2321-OMBXY,0.229208873962357,0.516430257132699,1.27896883284926
2840-XANRC,-0.340876218118068,0.943512086175393,0.308982563559717
6745-JEFZB,0.107047782802266,0.88867278516991,0.308982563559717
5020-ZSTTY,0.880734693482843,0.587887528139842,1.76396196749403
9880-TDQAC,1.61370124044339,-0.158259324934747,0.793975698204488
8705-WZCYL,-1.27744458367877,-0.663445612985249,-1.1459968403746
7102-JJVTX,-0.951681673918523,-0.537149040972623,-0.661003705729825
8626-PTQGE,1.4915401492833,-0.156597527934581,0.793975698204488
4983-CLMLV,0.799293966042782,1.26091531320712,1.27896883284926
5701-YVSVF,-0.870240946478462,0.602843701141337,-0.176010571085054
5804-LEPIM,-1.23672421995873,0.18573265409964,-1.1459968403746
5697-GOMBF,-0.177994763237946,-0.959245479014819,-1.1459968403746
2739-CACDQ,-0.62591876415828,0.594534716140507,-0.176010571085054
9385-EHGDO,0.107047782802266,-1.49268231606814,-1.1459968403746
9498-FIMXL,-0.992402037638553,-1.5142856770703,-1.1459968403746
2379-GYFLQ,0.5549717837226,1.00167498118121,0.793975698204488
0122-OAHPZ,-1.03312240135858,0.302058444111269,-0.661003705729825
2868-SNELZ,-1.23672421995873,0.526401039133695,-0.176010571085054
4322-RCYMT,1.45081978556327,0.366868527117748,1.27896883284926
6680-NENYN,0.432810692562509,1.32406359921343,1.27896883284926
2088-IEBAU,1.45081978556327,0.77733238615878,2.2489551021388
7982-VCELR,0.147768146522297,0.998351387180874,0.308982563559717
1343-EHPYB,1.24721796696312,1.28418047120945,1.27896883284926
6035-BXTTY,-0.0151133083578247,-0.336071603952522,-0.176010571085054
6885-PKOAM,1.57298087672336,0.697566130150806,2.2489551021388
7520-HQWJU,1.36937905812321,0.0893484280900052,0.793975698204488
9639-BUJXT,1.24721796696312,-1.47107895506598,-1.1459968403746
5924-SNGKP,0.351369965122448,-1.47938794006682,-1.1459968403746
0021-IKXGC,-1.27744458367877,0.243895549105454,-0.661003705729825
2034-GDRCN,-1.23672421995873,0.852113251166256,-0.176010571085054
8966-SNIZF,1.53226051300333,-1.50597669206947,-1.1459968403746
6243-OZGFH,-0.381596581838098,-0.65846022198475,-0.661003705729825
4654-DLAMQ,1.28793833068315,1.07147045518818,0.793975698204488
0513-RBGPE,0.188488510242327,-0.0651986929254444,0.793975698204488
5160-UXJED,-0.62591876415828,-0.670092800985913,-1.1459968403746
4115-NZRKS,-1.03312240135858,0.810568326162103,-0.176010571085054
0219-YTZUE,-1.15528349251868,0.66599198714765,0.308982563559717
0623-IIHUG,-0.463037309278159,-0.759829838994884,-0.661003705729825
4572-DVCGN,-0.910961310198492,0.514768460132533,-0.661003705729825
3351-NGXYI,-0.66663912787831,-0.35435137095435,-0.176010571085054
8984-EYLLL,1.28793833068315,1.34566696021559,1.27896883284926
9057-MSWCO,-0.218715126957977,-1.13041057003193,-1.1459968403746
9833-TGFHX,0.392090328842479,1.07479404918852,0.793975698204488
9294-TDIPC,-1.11456312879864,-1.48104973706698,-1.1459968403746
5229-DTFYB,0.351369965122448,1.13129514719416,0.793975698204488
0104-PPXDV,1.04361614836296,-0.480647942966975,-0.661003705729825
5176-LMJXE,0.595692147442631,-1.46941715806582,-1.1459968403746
3583-KRKMD,-0.58519840043825,0.37019212111808,-0.661003705729825
1010-DIAUQ,-1.11456312879864,1.05485248518652,0.308982563559717
9069-LGEUL,-0.381596581838098,-0.159921121934913,-0.176010571085054
7302-ZHMHP,-1.27744458367877,-1.51594747407047,-1.1459968403746
9571-EDEBV,1.57298087672336,1.12630975619367,0.793975698204488
3520-FJGCV,1.61370124044339,1.58995111924001,2.2489551021388
6563-VRERX,0.0256070553622056,-1.46775536106565,-1.1459968403746
0259-GBZSH,-1.23672421995873,0.694242536150474,-0.176010571085054
6122-EFVKN,-0.340876218118068,-0.964230870015317,-0.661003705729825
2805-EDJPQ,0.962175420922904,1.16286929019732,1.27896883284926
6862-CQUMB,0.188488510242327,1.04155810918519,0.308982563559717
7156-MXBJE,0.432810692562509,0.675962769148646,1.76396196749403
6158-HDPXZ,-1.27744458367877,-1.30988464604987,-1.63098997501937
9601-BRXPO,-0.300155854398037,1.3356961782146,1.27896883284926
2863-IMQDR,1.16577723952306,0.827186296163764,2.2489551021388
5686-CMAWK,-0.62591876415828,0.730802070154129,0.308982563559717
5651-CRHKQ,0.351369965122448,0.712522303152301,0.308982563559717
6905-NIQIN,-1.27744458367877,-0.469015363965812,-0.661003705729825
8204-YJCLA,1.61370124044339,0.00127318708120052,1.27896883284926
5167-ZFFMM,-1.27744458367877,0.867069424167751,0.308982563559717
6583-SZVGP,0.636412511162661,1.44038938922506,1.27896883284926
4895-TMWIR,-0.870240946478462,-1.48935872206781,-1.1459968403746
0533-BNWKF,0.921455057202873,0.68759534814981,0.308982563559717
1708-PBBOA,0.392090328842479,-0.33274800995219,0.793975698204488
8782-LKFPK,0.473531056282539,0.852113251166256,0.308982563559717
5522-JBWMO,-1.27744458367877,-0.690034364987907,-1.1459968403746
3597-MVHJT,-0.218715126957977,1.02494013918353,0.308982563559717
9774-NRNAU,-0.218715126957977,0.66599198714765,1.76396196749403
0224-RLWWD,-1.23672421995873,-0.68006358298691,-1.1459968403746
9967-ATRFS,-0.544478036718219,-1.49102051906798,-1.1459968403746
3951-NJCVI,0.392090328842479,1.0066603721817,0.308982563559717
2977-CEBSX,1.36937905812321,0.840480672165093,2.2489551021388
0177-PXBAT,0.0256070553622056,1.50021408123104,1.76396196749403
6599-CEBNN,0.066327419082236,0.305382038111601,-0.661003705729825
2519-ERQOJ,0.0256070553622056,-0.337733400952688,0.308982563559717
5876-QMYLD,-0.381596581838098,-1.48603512806748,-1.1459968403746
2277-AXSDC,-0.0151133083578247,-1.49600591006848,-1.1459968403746
9442-JTWDL,-0.870240946478462,-1.48603512806748,-1.1459968403746
0979-PHULV,1.4915401492833,1.15289850819632,0.793975698204488
3067-SVMTC,1.45081978556327,-0.294526678948369,-0.176010571085054
5495-GPSRW,-0.503757672998189,-1.49766770706864,-1.1459968403746
7606-BPHHN,1.61370124044339,-1.49434411306831,-1.1459968403746
4742-DRORA,1.12505687580303,1.01829295118287,0.793975698204488
0111-KLBQG,-0.0151133083578247,0.97010083817805,0.308982563559717
4800-VHZKI,-1.27744458367877,-1.49102051906798,-1.1459968403746
7989-CHGTL,-1.27744458367877,-1.50099130106898,-1.1459968403746
0334-GDDSO,-1.1960038562387,0.551327994136187,-0.176010571085054
4163-NCJAK,0.5549717837226,-1.33979699205286,-0.661003705729825
5233-AOZUF,-0.137274399517916,0.338617978114924,-0.661003705729825
5973-EJGDP,0.758573602322752,0.750743634156122,0.793975698204488
1996-DBMUS,0.636412511162661,0.195703436100637,-1.1459968403746
7916-VCCPB,-0.66663912787831,0.282116880109275,-0.661003705729825
4686-GEFRM,1.53226051300333,1.12797155319383,1.27896883284926
5249-QYHEX,0.310649601402418,-1.3281644130517,-0.661003705729825
0578-SKVMF,-0.422316945558128,0.616138077142666,-0.176010571085054
5564-NEMQO,-1.27744458367877,0.350250557116086,-0.661003705729825
2233-FAGXV,-1.11456312879864,-1.34478238305336,-0.661003705729825
5605-IYGFG,-1.03312240135858,0.169114684097979,-1.1459968403746
7663-ZTEGJ,-0.137274399517916,1.18945804219998,1.27896883284926
3935-TBRZZ,0.473531056282539,-1.29825206704871,-0.661003705729825
8111-BKVDS,-0.910961310198492,-0.799712966998871,-0.176010571085054
2055-SIFSS,0.921455057202873,-0.43577942396249,-0.661003705729825
2806-MLNTI,0.799293966042782,1.3406815692151,1.27896883284926
8734-DKSTZ,-0.910961310198492,0.704213318151471,-0.176010571085054
4360-PNRQB,-0.58519840043825,0.360221339117083,-0.661003705729825
6152-ONASV,1.45081978556327,-0.216422219940561,0.308982563559717
9063-ZGTUY,1.16577723952306,-1.50763848906964,-1.1459968403746
7781-HVGMK,1.61370124044339,0.0145675630825297,1.27896883284926
2181-UAESM,-1.23672421995873,-0.375954731956509,-0.176010571085054
2957-LOLHO,-0.829520582758432,-0.643504048983255,-1.1459968403746
6048-NJXHX,0.351369965122448,-1.49600591006848,-1.1459968403746
2320-SLKMB,-0.259435490678007,-0.675078191986411,-0.176010571085054
4980-URKXC,0.147768146522297,-1.45944637606482,-1.1459968403746
4376-KFVRS,1.61370124044339,1.63814323224483,2.2489551021388
5886-VLQVU,0.107047782802266,0.833833484164428,0.308982563559717
3577-AMVUX,-1.27744458367877,-0.322777227951194,-0.176010571085054
0771-WLCLA,-0.66663912787831,1.60158369824118,1.76396196749403
5628-RKIFK,0.677132874882691,1.2226939822033,0.793975698204488
0206-TBWLC,0.880734693482843,1.65808479624683,2.2489551021388
2937-FTHUR,-0.58519840043825,0.00127318708120052,0.308982563559717
1910-FMXJM,0.147768146522297,0.519753851133031,-0.661003705729825
7752-XUSCI,1.12505687580303,1.36727032121775,1.27896883284926
4110-PFEUZ,-1.27744458367877,0.159143902096982,-1.1459968403746
0732-OCQOC,0.799293966042782,-1.31985542805087,-0.661003705729825
5168-MSWXT,-0.992402037638553,0.996689590180708,0.308982563559717
1090-ESELR,1.61370124044339,1.35397594521643,1.27896883284926
8592-PLTMQ,1.28793833068315,-1.33148800705203,-0.661003705729825
5760-WRAHC,-0.422316945558128,0.165791090097647,0.793975698204488
8847-GEOOQ,1.12505687580303,-0.151612136934083,0.793975698204488
0256-LTHVJ,-0.177994763237946,0.541357212135191,-0.661003705729825
4785-FCIFB,1.16577723952306,-1.34145878905303,-0.661003705729825
8313-NDOIA,-0.340876218118068,1.30910742621194,1.27896883284926
5149-CUZUJ,-0.177994763237946,0.935203101174562,0.793975698204488
0942-KOWSM,-0.0965540357978854,0.53304822713436,1.27896883284926
4237-CLSMM,-1.23672421995873,-1.48769692506765,-1.1459968403746
1452-VOQCH,-1.27744458367877,0.343603369115422,-0.661003705729825
4719-UMSIY,-1.07384276507861,-1.49932950406881,-1.1459968403746
6614-VBEGU,-0.340876218118068,0.15582030809665,0.308982563559717
0880-TKATG,-1.15528349251868,1.20939960620197,0.793975698204488
3811-VBYBZ,-1.03312240135858,1.16453108719749,0.793975698204488
1480-BKXGA,1.61370124044339,1.70461511225148,2.2489551021388
2996-XAUVF,1.53226051300333,-0.82131632800103,-0.661003705729825
9076-AXYIK,1.28793833068315,1.24097374920513,1.27896883284926
5968-XQIVE,1.61370124044339,0.82884809316393,0.308982563559717
8896-RAZCR,0.473531056282539,-1.49102051906798,-1.1459968403746
4640-UHDOS,-0.788800219038401,-0.292864881948203,-0.661003705729825
4933-IKULF,-0.62591876415828,-1.46609356406549,-1.1459968403746
3583-EKAPL,-1.27744458367877,-0.32443902495136,-0.661003705729825
1304-BCCFO,-0.951681673918523,0.175761872098643,0.308982563559717
4104-PVRPS,-0.340876218118068,-0.370969340956011,-0.176010571085054
9399-APLBT,-1.27744458367877,0.330308993114093,-0.661003705729825
2359-KMGLI,-0.340876218118068,0.514768460132533,-0.176010571085054
3780-DDGSE,0.107047782802266,0.375177512118578,0.793975698204488
4431-EDMIQ,-1.03312240135858,0.363544933117415,1.27896883284926
0306-JAELE,-1.11456312879864,1.04155810918519,0.308982563559717
6227-HWPWX,-0.707359491598341,0.140864135095155,-1.1459968403746
0486-LGCCH,-0.870240946478462,-1.49932950406881,-1.1459968403746
0447-BEMNG,0.636412511162661,-0.646827642983588,-0.176010571085054
4612-SSVHJ,-0.503757672998189,0.55465158813652,-0.661003705729825
5168-MQQCA,1.61370124044339,1.45368376522639,1.76396196749403
5949-XIKAE,-0.992402037638553,0.624447062143497,-0.176010571085054
7971-HLVXI,1.61370124044339,0.656021205146653,-0.176010571085054
9094-AZPHK,-0.707359491598341,1.17616366619865,0.793975698204488
3649-JPUGY,1.61370124044339,0.792288559160275,1.76396196749403
4472-LVYGI,-1.3181649473988,-0.4058670779595,0.308982563559717
8372-JUXUI,-1.27744458367877,0.31867641411293,-0.661003705729825
3552-CTCYF,1.24721796696312,1.3307107872141,1.27896883284926
6778-YSNIH,-1.23672421995873,-0.19149526493807,-0.176010571085054
0388-EOPEX,-1.23672421995873,0.320338211113097,-0.661003705729825
5756-OZRIO,1.16577723952306,-0.0236537679212913,0.308982563559717
6579-JPICP,-1.27744458367877,-1.47440254906632,-1.1459968403746
8205-OTCHB,-0.422316945558128,-0.698343349988737,-0.176010571085054
4134-BSXLX,-0.177994763237946,-0.128346978931757,0.308982563559717
0505-SPOOW,1.53226051300333,-1.49434411306831,-1.1459968403746
6235-VDHOM,-1.11456312879864,-1.20685323203957,-1.1459968403746
7783-YKGDV,-0.829520582758432,1.16120749319715,1.27896883284926
4374-YMUSQ,0.066327419082236,1.71126230025214,2.2489551021388
4513-CXYIX,1.57298087672336,0.529724633134028,-0.176010571085054
3957-HHLMR,1.53226051300333,0.0145675630825297,0.308982563559717
7803-XOCCZ,0.799293966042782,0.641065032145158,0.308982563559717
5736-YEJAX,1.4915401492833,0.488179708129875,1.76396196749403
5609-CEBID,-0.503757672998189,0.975086229178549,0.793975698204488
8981-FJGLA,-0.870240946478462,0.439987595125057,-0.176010571085054
7218-HKQFK,-1.23672421995873,0.978409823178881,0.308982563559717
4636-QRJKY,-1.07384276507861,0.523077445133363,-0.176010571085054
1135-LMECX,-1.27744458367877,-1.49268231606814,-1.1459968403746
4332-MUOEZ,-0.503757672998189,0.981733417179213,0.793975698204488
8535-SFUTN,1.16577723952306,1.38555008821958,1.27896883284926
5956-VKDTT,-1.11456312879864,0.31867641411293,-0.661003705729825
8677-HDZEE,0.962175420922904,1.35231414821626,1.27896883284926
2475-MROZF,-0.0965540357978854,1.00499857518154,1.27896883284926
9412-GHEEC,0.310649601402418,1.3307107872141,1.27896883284926
3482-ABPKK,-0.177994763237946,-0.347704182953685,-0.176010571085054
6705-LXORM,-1.11456312879864,0.175761872098643,-1.1459968403746
0257-ZESQC,-0.218715126957977,0.346926963115754,-0.661003705729825
7531-GQHME,-0.829520582758432,-1.48603512806748,-1.1459968403746
5174-ITUMV,1.41009942184324,1.35065235121609,1.27896883284926
4109-CYRBD,-0.137274399517916,-0.437441220962656,-0.661003705729825
0913-XWSCN,0.921455057202873,0.689257145149976,-0.176010571085054
6825-UYPFK,-0.381596581838098,0.360221339117083,-0.661003705729825
8397-MVTAZ,0.066327419082236,1.17284007219832,0.793975698204488
0750-EBAIU,0.799293966042782,0.88036380016908,0.308982563559717
8606-CIQUL,1.61370124044339,1.69464433025048,2.2489551021388
3571-DPYUH,1.04361614836296,0.995027793180542,0.793975698204488
7601-GNDYK,0.107047782802266,-1.50099130106898,-1.1459968403746
0356-OBMAC,0.962175420922904,1.16785468119782,1.27896883284926
8067-NIOYM,-0.340876218118068,-1.45113739106399,-1.1459968403746
1403-GYAFU,1.53226051300333,-1.48603512806748,-1.1459968403746
4234-XTNEA,-1.23672421995873,0.504797678131536,-0.661003705729825
1297-VQDRP,1.45081978556327,1.40881524622191,1.27896883284926
9282-IZGQK,-1.27744458367877,0.672639175148314,-0.176010571085054
5348-CAGXB,-0.829520582758432,0.823862702163431,0.308982563559717
0621-HJWXJ,1.24721796696312,0.557975182136852,-0.176010571085054
5844-QVTAT,0.0256070553622056,-0.209775031939897,0.308982563559717
8905-IAZPF,1.4915401492833,1.0266019361837,0.308982563559717
5394-MEITZ,1.12505687580303,0.526401039133695,1.27896883284926
6859-QNXIQ,1.61370124044339,1.60656908924168,2.2489551021388
2782-LFZVW,-0.870240946478462,-0.193157061938236,-0.176010571085054
2866-IKBTM,-1.27744458367877,-1.50265309806914,-1.1459968403746
1342-JPNKI,-0.910961310198492,0.707536912151803,-0.176010571085054
2817-NTQDO,-0.788800219038401,-0.638518657982757,-0.176010571085054
7129-AZJDE,0.066327419082236,0.471561738128214,-0.661003705729825
6986-IJDHX,0.269929237682388,0.715845897152633,-0.176010571085054
2560-PPCHE,1.32865869440318,1.33901977221493,1.27896883284926
4676-MQUEA,0.717853238602722,1.23432656120446,1.27896883284926
8138-EALND,-0.707359491598341,-1.49600591006848,-1.1459968403746
3580-HYCSP,1.61370124044339,1.51350845723237,1.76396196749403
1352-HNSAW,1.61370124044339,1.68965893924998,2.2489551021388
2075-PUEPR,0.921455057202873,-1.50930028606981,-1.1459968403746
1982-FEBTD,-0.381596581838098,-1.30157566104904,-0.661003705729825
5301-GAUUY,-0.0151133083578247,0.518092054132865,-0.176010571085054
5791-KAJFD,0.962175420922904,0.132555150094324,0.793975698204488
2654-VBVPB,-1.27744458367877,-1.49102051906798,-1.1459968403746
1154-HYWWO,0.229208873962357,0.194041639100471,0.793975698204488
2501-XWWTZ,-0.870240946478462,0.180747263099142,-1.1459968403746
3716-UVSPD,-1.27744458367877,-0.513883882970298,-0.661003705729825
6815-ABQFQ,0.962175420922904,1.41213884022224,1.27896883284926
7343-EOBEU,-1.1960038562387,-1.36804754105568,-0.661003705729825
3701-SFMUH,-1.03312240135858,0.164129293097481,0.308982563559717
6103-LIANB,1.084336512083,1.15456030519649,0.793975698204488
7319-VENRZ,-1.03312240135858,-0.0153447829204607,0.308982563559717
5846-NEQVZ,1.57298087672336,0.202350624101301,0.793975698204488
6967-QIQRV,-0.707359491598341,1.23432656120446,0.793975698204488
5781-RFZRP,1.57298087672336,0.290425865110106,1.27896883284926
0939-YAPAF,0.107047782802266,1.17948726019898,0.793975698204488
0308-IVGOK,-0.870240946478462,-0.809683748999868,-0.176010571085054
7293-LSCDV,1.12505687580303,-1.51262388007014,-1.1459968403746
7025-WCBNE,0.595692147442631,-0.171553700936076,0.308982563559717
5756-JYOJT,-0.870240946478462,0.00459678108153305,0.308982563559717
4710-FDUIZ,0.962175420922904,1.18114905719915,0.793975698204488
6030-REHUX,-0.177994763237946,1.5317882242342,1.76396196749403
9548-LIGTA,1.16577723952306,0.541357212135191,1.27896883284926
5150-LJNSR,-0.0558336720778551,1.10636819219167,0.793975698204488
8270-RKSAP,-0.951681673918523,0.190718045100139,-1.1459968403746
6522-YRBXD,0.107047782802266,0.990042402180044,0.793975698204488
2640-LYMOV,-1.23672421995873,-1.49932950406881,-1.1459968403746
1218-VKFPE,-0.829520582758432,-1.52093286507097,-1.1459968403746
3627-FHKBK,-1.27744458367877,0.350250557116086,-0.661003705729825
2865-TCHJW,-1.15528349251868,0.812230123162269,0.308982563559717
1423-BMPBQ,-1.27744458367877,-1.52093286507097,-1.1459968403746
2393-DIVAI,-1.1960038562387,-1.48769692506765,-1.1459968403746
5192-EBGOV,-1.27744458367877,0.69590433315064,-0.176010571085054
4568-KNYWR,0.799293966042782,-0.0502425199239492,0.308982563559717
8752-IMQOS,-1.11456312879864,-1.48437333106731,-1.1459968403746
0742-LAFQK,1.61370124044339,1.14292772619533,1.27896883284926
0795-LAFGP,1.57298087672336,0.852113251166256,2.2489551021388
0619-OLYUR,1.61370124044339,1.56668596123769,1.76396196749403
5512-IDZEI,0.5549717837226,-1.32484081905137,-0.661003705729825
0459-SPZHJ,1.24721796696312,0.622785265143331,1.76396196749403
0215-BQKGS,-0.0965540357978854,0.649374017145989,0.308982563559717
9244-ZVAPM,-1.27744458367877,-0.636856860982591,-1.1459968403746
0719-SYFRB,-0.829520582758432,-0.103420023929265,0.793975698204488
8208-EUMTE,-0.66663912787831,-0.329424415951858,0.793975698204488
5172-MIGPM,-1.15528349251868,0.0262001420836924,0.308982563559717
1710-RCXUS,0.758573602322752,0.850451454166089,0.308982563559717
0374-FIUCA,1.32865869440318,-1.47440254906632,-1.1459968403746
5839-SUYVZ,-0.66663912787831,0.325323602113595,-0.661003705729825
5173-ZXXXL,-1.23672421995873,-1.48935872206781,-1.1459968403746
1096-ADRUX,1.36937905812321,0.315352820112598,-0.661003705729825
2001-MCUUW,0.5549717837226,1.45866915622689,1.76396196749403
2731-GJRDG,-0.0151133083578247,1.48858150222988,1.76396196749403
4723-BEGSG,1.61370124044339,0.727478476153797,1.76396196749403
6516-NKQBO,0.229208873962357,0.539695415135025,1.27896883284926
8672-OAUPW,0.758573602322752,-0.562075995975115,-0.661003705729825
8207-DMRVL,1.61370124044339,1.65476120224649,2.2489551021388
3419-SNJJD,1.32865869440318,1.34566696021559,1.27896883284926
6543-CPZMK,-0.951681673918523,-1.15699932203459,-1.1459968403746
4765-OXPPD,-0.951681673918523,0.00792037508186511,0.793975698204488
2804-ETQDK,1.36937905812321,-1.46941715806582,-1.1459968403746
6689-VRRTK,0.473531056282539,1.49689048723071,1.76396196749403
7138-GIRSH,0.717853238602722,0.157482105096816,0.793975698204488
9396-ZSFLL,-0.707359491598341,-0.528840055971793,-0.661003705729825
6464-KEXXH,-0.992402037638553,-1.3132082400502,-1.63098997501937
7134-MJPDY,1.36937905812321,1.26590070420762,1.27896883284926
5240-CAOYT,1.00289578464293,0.757390822156787,0.793975698204488
4059-IIEBK,-1.03312240135858,0.458267362126884,-0.176010571085054
4881-JVQOD,-0.910961310198492,-1.0041139980193,-1.1459968403746
0516-UXRMT,1.20649760324309,0.906952552171738,0.793975698204488
4851-BQDNX,0.310649601402418,0.67430097214848,-0.176010571085054
5148-HKFIR,-0.503757672998189,-1.49766770706864,-1.1459968403746
1009-IRMNA,-1.03312240135858,-1.48769692506765,-1.1459968403746
3003-CMDUU,-0.300155854398037,1.00998396618204,0.308982563559717
5016-IBERQ,-0.381596581838098,0.647712220145823,0.308982563559717
6797-UCJHZ,1.36937905812321,1.32406359921343,1.27896883284926
2469-DTSGX,1.61370124044339,1.55837697623686,1.76396196749403
4554-YGZIH,0.677132874882691,0.840480672165093,0.308982563559717
5099-BAILX,0.432810692562509,1.52846463023387,1.76396196749403
9931-KGHOA,0.5549717837226,-0.32443902495136,-0.176010571085054
1775-KWJKQ,1.61370124044339,0.833833484164428,2.2489551021388
7665-VIGUD,-0.910961310198492,-1.47606434606648,-1.1459968403746
9411-TPQQV,0.310649601402418,-0.339395197952855,0.308982563559717
7207-RMRDB,1.32865869440318,1.35397594521643,1.27896883284926
7954-MLBUN,-0.0558336720778551,1.15289850819632,0.793975698204488
2077-DDHJK,1.45081978556327,0.204012421101468,1.27896883284926
4913-EHYUI,0.962175420922904,1.32240180221327,1.27896883284926
0195-IESCP,-0.910961310198492,0.680948160149145,-0.176010571085054
9574-BOSMD,1.45081978556327,-1.3082228490497,-0.661003705729825
4580-TMHJU,0.432810692562509,-0.286217693947539,-0.661003705729825
0970-ETWGE,-1.27744458367877,0.823862702163431,-0.176010571085054
4908-XAXAY,0.677132874882691,0.833833484164428,0.308982563559717
8404-VLQFB,-0.707359491598341,-1.3132082400502,-0.661003705729825
1626-ERCMM,-0.503757672998189,0.990042402180044,0.308982563559717
0887-HJGAR,-1.27744458367877,-0.633533266982258,-1.1459968403746
2391-IPLOP,0.717853238602722,0.162467496097315,0.793975698204488
5644-PDMZC,-1.23672421995873,0.822200905163265,0.308982563559717
3509-GWQGF,-0.340876218118068,0.174100075098477,-1.1459968403746
9576-ANLXO,-1.1960038562387,0.159143902096982,-1.1459968403746
2024-BASKD,-1.27744458367877,0.326985399113761,-0.661003705729825
5845-BZZIB,0.107047782802266,-1.48437333106731,-1.1459968403746
1140-UKVZG,-0.62591876415828,-1.3281644130517,-0.661003705729825
4160-AMJTL,-0.992402037638553,-1.49932950406881,-1.1459968403746
5183-SNMJQ,-0.910961310198492,1.00832216918187,0.308982563559717
8100-PNJMH,1.45081978556327,0.800597544161106,2.2489551021388
7838-LAZFO,0.51425142000257,0.466576347127715,1.27896883284926
4464-JCOLN,-1.23672421995873,-1.49268231606814,-1.1459968403746
2085-JVGAD,0.188488510242327,-1.47606434606648,-1.1459968403746
5650-VDUDS,-1.15528349251868,-1.34644418005352,-1.63098997501937
8095-WANWK,-0.910961310198492,-0.648489439983754,-1.1459968403746
3030-ZKIWL,-1.27744458367877,-1.48603512806748,-1.1459968403746
9565-FLVCG,1.32865869440318,0.159143902096982,0.793975698204488
8755-OGKNA,1.00289578464293,-1.50431489506931,-1.1459968403746
2800-VEQXM,-1.1960038562387,0.331970790114259,-0.661003705729825
7538-GWHML,-1.23672421995873,0.162467496097315,-1.1459968403746
5533-RJFTJ,0.677132874882691,-1.14869033703376,-1.1459968403746
3859-CVCET,-1.15528349251868,-0.635195063982425,-1.1459968403746
0214-JHPFW,1.53226051300333,-0.231378392942057,0.793975698204488
5642-MHDQT,0.840014329762813,-1.49268231606814,-1.1459968403746
3088-FVYWK,0.840014329762813,-1.30323745804921,-0.661003705729825
3276-HDUEG,-1.27744458367877,0.341941572115256,-0.661003705729825
9092-GDZKO,-0.422316945558128,-1.32650261605153,-0.661003705729825
0823-HSCDJ,0.799293966042782,-0.518869273970796,-0.176010571085054
3729-OWRVL,1.32865869440318,1.51517025423254,1.76396196749403
2324-AALNO,0.636412511162661,-1.33647339805253,-0.661003705729825
0822-GAVAP,-1.23672421995873,-0.999128607018805,-1.1459968403746
5760-IFJOZ,-1.1960038562387,1.43540399822456,1.27896883284926
2826-UWHIS,0.51425142000257,0.552989791136354,-0.176010571085054
1448-PWKYE,-1.27744458367877,0.506459475131702,-0.661003705729825
7501-IWUNG,1.16577723952306,0.300396647111103,0.793975698204488
4957-TREIR,-1.1960038562387,-0.0120211889201282,0.308982563559717
7251-LJBQN,0.310649601402418,1.29581305021061,1.27896883284926
8040-MNRTF,-1.27744458367877,0.210659609102132,-1.1459968403746
1536-HBSWP,-1.27744458367877,-0.493942318968304,-0.661003705729825
5313-FPXWG,0.758573602322752,-1.33481160105236,-0.661003705729825
0067-DKWBL,-1.23672421995873,-0.515545679970464,-0.661003705729825
0946-FKYTX,0.799293966042782,-1.15201393103409,-1.1459968403746
5076-YVXCM,0.758573602322752,0.619461671142999,-0.176010571085054
8262-COGGB,-1.27744458367877,-1.47274075206615,-1.1459968403746
6663-JOCQO,-0.0558336720778551,0.34858876011592,1.27896883284926
9620-QJREV,0.595692147442631,-1.46941715806582,-1.1459968403746
2276-YDAVZ,-1.1960038562387,0.343603369115422,-0.661003705729825
2682-KEVRP,-0.422316945558128,-1.48603512806748,-1.1459968403746
2480-JZOSN,-1.27744458367877,-1.46609356406549,-1.1459968403746
0078-XZMHT,1.61370124044339,0.677624566148813,1.76396196749403
5896-NPFWW,-1.1960038562387,-0.485633333967473,-0.661003705729825
9978-HYCIN,0.595692147442631,0.670977378148148,-0.176010571085054
8338-QIUNR,1.61370124044339,0.0577742850868488,0.793975698204488
1525-LNLOJ,1.36937905812321,-0.0485807229237832,0.308982563559717
9450-TRJUU,0.107047782802266,0.611152686142168,-0.176010571085054
1766-GKNMI,-0.137274399517916,0.669315581147982,-0.176010571085054
6942-LBFDP,-1.23672421995873,-1.46941715806582,-1.1459968403746
1456-TWCGB,-1.15528349251868,-0.515545679970464,-0.661003705729825
7133-VBDCG,-0.300155854398037,0.501474084131204,-0.176010571085054
7596-ZYWBB,1.32865869440318,-0.171553700936076,0.308982563559717
8329-UTMVM,-0.218715126957977,1.3257253962136,1.27896883284926
3014-WJKSM,-0.137274399517916,0.350250557116086,-0.661003705729825
3347-YJZZE,-0.137274399517916,0.509783069132034,1.27896883284926
1029-QFBEN,-1.27744458367877,-1.50265309806914,-1.1459968403746
7929-DMBCV,-0.503757672998189,0.539695415135025,-0.176010571085054
9661-JALZV,1.04361614836296,-1.33148800705203,-0.661003705729825
5433-KYGHE,-0.748079855318371,0.705875115151637,0.308982563559717
4312-KFRXN,1.61370124044339,-1.3082228490497,-0.661003705729825
5575-TPIZQ,0.5549717837226,0.810568326162103,0.308982563559717
0114-IGABW,1.57298087672336,-0.216422219940561,0.793975698204488
9944-AEXBM,-0.0151133083578247,0.694242536150474,-0.176010571085054
1853-ARAAQ,-0.259435490678007,-0.478986145966809,-0.176010571085054
6952-OMNWB,1.45081978556327,0.518092054132865,-0.176010571085054
4697-LUPSU,-1.23672421995873,-1.48104973706698,-1.1459968403746
8434-VGEQQ,1.16577723952306,-1.46941715806582,-1.1459968403746
4952-YSOGZ,-1.15528349251868,0.704213318151471,-0.176010571085054
1589-AGTLK,-1.1960038562387,-0.645165845983421,-1.1459968403746
5244-IRFIH,0.0256070553622056,0.988380605179878,0.308982563559717
6549-YMFAW,-0.951681673918523,-1.44615200006349,-1.1459968403746
4950-HKQTE,-0.422316945558128,-1.27997230004688,-0.661003705729825
6786-OBWQR,-1.11456312879864,0.534710024134526,-0.661003705729825
2684-EIWEO,-0.0965540357978854,0.895319973170575,0.793975698204488
2753-JMMCV,1.32865869440318,0.313691023112432,1.27896883284926
6439-GTPCA,0.51425142000257,0.74742004015579,0.308982563559717
6621-YOBKI,-1.11456312879864,-1.47606434606648,-1.1459968403746
1216-JWVUX,-0.300155854398037,0.356897745116751,-0.661003705729825
7564-GHCVB,1.61370124044339,0.474885332128546,-0.176010571085054
1173-NOEYG,-0.218715126957977,0.843804266165425,0.308982563559717
7595-EHCDL,-0.0151133083578247,-0.470677160965978,-0.176010571085054
6647-ZEDXT,-0.0965540357978854,1.51849384823287,1.76396196749403
2521-NPUZR,1.53226051300333,1.20441421520147,1.27896883284926
1307-TVUFB,0.392090328842479,0.484856114129542,-0.176010571085054
7503-MIOGA,1.61370124044339,0.833833484164428,2.2489551021388
4381-MHQDC,0.595692147442631,0.00792037508186511,0.793975698204488
6923-JHPMP,-1.23672421995873,0.521415648133197,-0.176010571085054
5138-WVKYJ,-0.910961310198492,1.12298616219333,0.793975698204488
4018-PPNDW,1.16577723952306,-1.35142957105402,-0.661003705729825
1635-FJFCC,-1.11456312879864,-0.688372567987741,-1.1459968403746
2499-AJYUA,1.61370124044339,1.53012642723403,1.76396196749403
6919-ELBGL,1.61370124044339,1.66805557824782,2.2489551021388
3966-HRMZA,-1.1960038562387,0.341941572115256,-0.661003705729825
6425-JWTDV,0.636412511162661,-1.51262388007014,-1.1459968403746
8405-IGQFX,1.24721796696312,0.840480672165093,0.308982563559717
8224-IVVPA,-0.218715126957977,-0.267937926945711,-0.176010571085054
9477-LGWQI,1.53226051300333,0.511444866132201,1.27896883284926
1410-RSCMR,-1.03312240135858,0.218968594102963,0.793975698204488
3115-CZMZD,-1.3181649473988,-1.47938794006682,-1.1459968403746
0139-IVFJG,-1.23672421995873,0.850451454166089,0.308982563559717
6683-VLCTZ,-0.503757672998189,1.12298616219333,0.793975698204488
5730-DBDSI,1.36937905812321,-1.49766770706864,-1.1459968403746
0030-FNXPP,-1.1960038562387,-1.49268231606814,-1.1459968403746
2189-WWOEW,-0.707359491598341,0.702551521151305,-0.176010571085054
5684-FJVYR,1.61370124044339,0.850451454166089,0.793975698204488
4013-GUXND,-1.27744458367877,-1.46110817306499,-1.1459968403746
1894-IGFSG,-0.422316945558128,0.813891920162435,-0.176010571085054
7379-POKDZ,-1.1960038562387,0.184070857099474,-1.1459968403746
1266-NZYUI,1.61370124044339,0.0694068640880115,0.793975698204488
7969-FFOWG,1.32865869440318,-1.49102051906798,-1.1459968403746
4718-DHSMV,-0.870240946478462,-0.962569073015151,-1.1459968403746
5175-WLYXL,-0.422316945558128,0.468238144127881,-0.176010571085054
7817-OMJNA,-0.748079855318371,-1.47440254906632,-1.1459968403746
8728-SKJLR,0.351369965122448,0.315352820112598,-0.661003705729825
3137-NYQQI,-0.62591876415828,0.00127318708120052,0.308982563559717
7706-DZNKK,-0.870240946478462,-1.47274075206615,-1.1459968403746
0236-HFWSV,-0.707359491598341,0.950159274176057,0.308982563559717
3900-AQPHZ,-1.27744458367877,-1.49102051906798,-1.1459968403746
5842-POCOP,-1.11456312879864,0.802259341161272,0.308982563559717
2037-XJFUP,0.0256070553622056,1.0315873271842,0.308982563559717
8823-RLPWL,1.61370124044339,1.52514103623354,1.76396196749403
9505-SQFSW,-1.1960038562387,-0.8130073430002,-0.661003705729825
7314-OXENN,-1.23672421995873,0.572931355138347,-0.176010571085054
3758-CKOQL,1.084336512083,1.40382985522141,1.76396196749403
0322-CHQRU,-1.23672421995873,-0.645165845983421,-1.1459968403746
5676-CFLYY,1.57298087672336,0.285440474109607,0.793975698204488
7521-AFHAB,-1.11456312879864,-0.663445612985249,-1.1459968403746
0285-INHLN,-0.218715126957977,-0.33274800995219,-0.176010571085054
4678-DVQEO,-1.27744458367877,-0.417499656960662,-0.661003705729825
5125-CNDSP,1.24721796696312,-0.803036560999203,-0.176010571085054
0691-IFBQW,0.5549717837226,1.50353767523138,1.76396196749403
4992-LTJNE,1.61370124044339,-0.314468242950363,-0.176010571085054
2202-OUTMO,0.066327419082236,-0.130008775931923,0.308982563559717
0810-BDHAW,-0.340876218118068,0.453281971126386,1.27896883284926
0229-LFJAF,1.61370124044339,0.162467496097315,1.27896883284926
7131-ZQZNK,1.12505687580303,-0.163244715935246,0.793975698204488
3442-ZHHCC,1.45081978556327,0.403428061121403,1.27896883284926
5726-CVNYA,-0.992402037638553,-1.49268231606814,-1.1459968403746
9871-ELEYA,0.066327419082236,0.0959956160906698,0.793975698204488
4257-GAESD,-1.07384276507861,-0.656798424984584,-0.661003705729825
5173-WXOQV,-1.23672421995873,-0.0186683769207928,0.308982563559717
2040-OBMLJ,-0.0558336720778551,0.56296057313735,-0.176010571085054
6286-ZHAOK,-0.503757672998189,-1.30323745804921,-0.661003705729825
3807-XHCJH,-1.27744458367877,-1.48769692506765,-1.1459968403746
3009-JWMPU,1.20649760324309,1.06316147018735,0.793975698204488
5671-RQRLP,1.53226051300333,0.361883136117249,-0.661003705729825
1450-GALXR,-0.910961310198492,1.12132436519317,0.793975698204488
8859-AXJZP,0.269929237682388,-1.36140035305502,-0.661003705729825
3174-AKMAS,0.5549717837226,-0.0186683769207928,0.308982563559717
3138-BKYAV,-1.07384276507861,0.684271754149477,-0.176010571085054
9926-PJHDQ,1.61370124044339,0.40010446712107,0.793975698204488
7382-DFJTU,-0.58519840043825,-0.317791836950695,-0.176010571085054
2798-NYLMZ,1.57298087672336,1.45534556222656,1.76396196749403
4289-DTDKW,0.310649601402418,1.21438499720247,0.793975698204488
1820-TQVEV,-1.27744458367877,0.159143902096982,-1.1459968403746
2239-JALAW,1.04361614836296,1.27919508020895,1.27896883284926
4853-RULSV,1.53226051300333,1.30412203521144,1.27896883284926
8098-TDCBU,0.392090328842479,-1.3132082400502,-0.661003705729825
3551-GAEGL,0.066327419082236,-1.14204314903309,-1.1459968403746
4785-NKHCX,-1.11456312879864,-1.48603512806748,-1.1459968403746
3196-NVXLZ,-0.300155854398037,0.659344799146985,-0.176010571085054
6275-YDUVO,-1.23672421995873,0.712522303152301,-0.176010571085054
0036-IHMOT,0.921455057202873,1.29415125321044,1.27896883284926
0115-TFERT,-0.463037309278159,1.54342080323536,1.76396196749403
4178-EGMON,1.53226051300333,0.772346995158282,0.793975698204488
4220-TINQT,1.16577723952306,1.38222649421925,1.27896883284926
5318-YKDPV,0.432810692562509,0.478208926128878,1.27896883284926
7975-TZMLR,0.595692147442631,1.27420968920845,1.27896883284926
0295-QVKPB,-1.11456312879864,-0.0269773619216234,0.308982563559717
4335-BSMJS,1.20649760324309,-1.29492847304837,-0.661003705729825
2311-QYMUQ,-0.66663912787831,0.820539108163099,0.308982563559717
3643-AHCFP,-1.03312240135858,1.02494013918353,0.308982563559717
9146-JRIOX,-0.748079855318371,-1.30323745804921,-0.661003705729825
3104-OWCGK,1.12505687580303,0.870393018168083,0.308982563559717
5337-IIWKZ,0.066327419082236,-0.661783815985083,-0.176010571085054
9101-BWFSS,0.717853238602722,1.45534556222656,1.76396196749403
9650-VBUOG,0.229208873962357,-1.31985542805087,-0.661003705729825
3487-EARAT,1.53226051300333,0.310367429112099,1.27896883284926
2672-TGEFF,0.188488510242327,0.79893574716094,0.308982563559717
9231-ZJYAM,-1.15528349251868,0.468238144127881,-0.661003705729825
4250-WAROZ,1.12505687580303,0.946835680175725,0.793975698204488
8184-WMOFI,1.20649760324309,0.220630391103129,0.793975698204488
6982-SSHFK,-1.27744458367877,-0.676739988986578,-1.1459968403746
6092-QZVPP,0.147768146522297,0.479870723129044,1.27896883284926
4625-LAMOB,0.473531056282539,-1.47440254906632,-1.1459968403746
0727-BMPLR,0.921455057202873,1.17117827519815,0.793975698204488
0392-BZIUW,1.61370124044339,1.33735797521476,1.27896883284926
1038-ZAGBI,-0.829520582758432,-1.49434411306831,-1.1459968403746
6549-NNDYT,-0.788800219038401,-1.1270869760316,-1.1459968403746
3027-ZTDHO,-1.27744458367877,0.835495281164595,-0.176010571085054
0422-OHQHQ,-0.707359491598341,-1.46941715806582,-1.1459968403746
6916-HIJSE,1.32865869440318,0.667653784147816,1.76396196749403
2316-ESMLS,-0.829520582758432,-1.05064431402395,-0.661003705729825
9778-OGKQZ,1.61370124044339,0.905290755171572,2.2489551021388
7408-OFWXJ,1.61370124044339,0.832171687164262,2.2489551021388
6007-TCTST,1.61370124044339,1.69630612725065,2.2489551021388
2252-NKNSI,0.799293966042782,0.677624566148813,1.76396196749403
8713-IGZSO,-1.23672421995873,-1.32650261605153,-0.661003705729825
7905-TVXTA,-1.11456312879864,-0.0136829859202947,0.308982563559717
7695-PKLCZ,1.45081978556327,-1.47107895506598,-1.1459968403746
2382-BCKQJ,1.20649760324309,1.17616366619865,0.793975698204488
8374-UULRV,1.61370124044339,0.707536912151803,1.76396196749403
2207-NHRJK,-1.27744458367877,-0.464029972965314,-0.661003705729825
3224-DFQNQ,1.36937905812321,0.805582935161604,0.793975698204488
5275-PMFUT,1.61370124044339,0.00127318708120052,1.27896883284926
4795-UXVCJ,-0.259435490678007,-1.49434411306831,-1.1459968403746
9777-IQHWP,1.28793833068315,0.951821071176223,0.793975698204488
0947-MUGVO,-0.503757672998189,0.295411256110605,-0.661003705729825
9944-HKVVB,-1.1960038562387,1.00832216918187,0.308982563559717
4124-MMETB,-0.422316945558128,0.993365996180376,0.308982563559717
3671-SHRSP,-1.15528349251868,0.526401039133695,-0.176010571085054
0979-MOZQI,1.20649760324309,-0.856214065004519,-0.661003705729825
2732-ISEZX,-1.11456312879864,-1.47107895506598,-1.1459968403746
3313-QKNKB,1.084336512083,0.690918942150142,-0.176010571085054
0323-XWWTN,-1.1960038562387,-1.27498690904638,-0.661003705729825
1937-OTUKY,1.61370124044339,1.11135358319217,1.27896883284926
1573-LGXBA,1.00289578464293,1.08975022219001,0.793975698204488
1764-VUUMT,1.36937905812321,-1.48935872206781,-1.1459968403746
5073-WXOYN,1.12505687580303,-0.464029972965314,-0.176010571085054
4713-ZBURT,0.51425142000257,1.16120749319715,0.793975698204488
3050-GBUSH,-1.1960038562387,-0.995805013018473,-1.1459968403746
0207-MDKNV,-0.707359491598341,1.3406815692151,1.27896883284926
7876-AEHIG,0.758573602322752,-0.153273933934249,0.793975698204488
7945-HLKEA,1.12505687580303,-0.000388609918965505,0.793975698204488
9342-VNIMQ,0.0256070553622056,-0.336071603952522,-0.176010571085054
9851-KIELU,-0.910961310198492,1.50686126923171,1.76396196749403
3523-BRGUW,-0.259435490678007,-1.51096208306997,-1.1459968403746
3908-BLSYF,-1.07384276507861,0.63607964114466,-0.176010571085054
3199-NPKCN,1.41009942184324,1.54508260023553,1.76396196749403
5170-PTRKA,0.677132874882691,-0.962569073015151,-0.661003705729825
4661-NJEUX,-1.27744458367877,-1.48603512806748,-1.1459968403746
2123-AGEEN,-1.03312240135858,0.651035814146155,-0.176010571085054
1258-YMZNM,-0.218715126957977,1.52015564523304,1.76396196749403
0048-LUMLS,0.188488510242327,0.878702003168914,-0.176010571085054
7549-MYGPK,1.24721796696312,1.18945804219998,1.27896883284926
5898-IGSLP,-0.0558336720778551,0.815553717162601,0.793975698204488
3804-RVTGV,0.717853238602722,1.29913664421094,1.27896883284926
6259-WJQLC,-0.0151133083578247,0.543019009135357,-0.176010571085054
9227-LUNBG,-1.27744458367877,-1.33481160105236,-1.63098997501937
7997-EASSD,1.24721796696312,0.546342603135689,-0.176010571085054
0730-KOAVE,-0.0965540357978854,0.981733417179213,0.793975698204488
8975-SKGRX,1.57298087672336,1.70627690925164,2.2489551021388
0678-RLHVP,0.840014329762813,1.35563774221659,1.27896883284926
4315-MURBD,-0.829520582758432,1.1346187411945,0.793975698204488
2267-FPIMA,0.717853238602722,0.985057011179546,0.793975698204488
1051-GEJLJ,-1.23672421995873,-1.50431489506931,-1.1459968403746
9734-YWGEX,-0.951681673918523,1.1146771771925,0.793975698204488
2719-BDAQO,-0.62591876415828,0.966777244177718,0.308982563559717
5285-MVEHD,0.962175420922904,1.35729953921676,1.27896883284926
0379-DJQHR,1.41009942184324,0.551327994136187,1.27896883284926
0781-LKXBR,-0.951681673918523,1.18779624519981,0.793975698204488
5543-QDCRY,-1.15528349251868,-0.277908708946708,-0.661003705729825
0297-RBCSG,-0.544478036718219,0.0195529540830278,0.308982563559717
4694-PHWFW,-0.992402037638553,-1.48935872206781,-1.1459968403746
0835-JKADZ,1.57298087672336,1.54508260023553,1.76396196749403
1907-UBQFC,-0.910961310198492,0.268822504107946,-0.661003705729825
7508-SMHXL,-0.707359491598341,0.805582935161604,0.308982563559717
3865-YIOTT,1.61370124044339,1.37391750921842,1.27896883284926
5993-BQHEA,-0.829520582758432,-1.48603512806748,-1.1459968403746
6024-RUGGH,1.61370124044339,-1.31487003705037,-0.661003705729825
6513-EECDB,-1.27744458367877,0.292087662110272,-0.661003705729825
3956-CJUST,-0.381596581838098,0.353574151116419,-0.661003705729825
4079-WWQQQ,1.61370124044339,0.0262001420836924,1.27896883284926
6103-BOCOU,-0.259435490678007,0.529724633134028,-0.176010571085054
5149-TGWDZ,-0.463037309278159,1.32240180221327,1.27896883284926
7471-WNSUF,1.12505687580303,-1.34976777405386,-0.661003705729825
8942-DBMHZ,-0.829520582758432,-1.47274075206615,-1.1459968403746
4301-VVZKA,-0.66663912787831,0.353574151116419,-0.661003705729825
9199-PWQVC,1.24721796696312,0.496488693130705,1.27896883284926
4824-GUCBY,-0.422316945558128,0.56296057313735,-0.176010571085054
5393-HJZSM,-0.0151133083578247,0.383486497119409,1.27896883284926
7074-IEVOJ,-1.1960038562387,0.486517911129709,-0.176010571085054
9625-QSTYE,-0.788800219038401,0.544680806135523,-0.176010571085054
0862-PRCBS,1.45081978556327,1.29581305021061,1.27896883284926
8812-ZRHFP,-0.0965540357978854,0.720831288153132,-0.176010571085054
5146-CBVOE,-0.66663912787831,0.343603369115422,-0.661003705729825
0454-OKRCT,0.0256070553622056,0.526401039133695,-0.176010571085054
5787-KXGIY,1.61370124044339,-1.51096208306997,-1.1459968403746
4750-ZRXIU,-1.15528349251868,0.659344799146985,-0.176010571085054
4198-VFOEA,-0.829520582758432,-1.03568814102246,-0.661003705729825
6630-UJZMY,-1.15528349251868,0.6144762801425,-0.176010571085054
5709-LVOEQ,-1.3181649473988,0.534710024134526,1.27896883284926
6400-BWQKW,-1.07384276507861,0.474885332128546,-0.176010571085054
2692-AQCPF,1.32865869440318,1.4387275922249,1.76396196749403
0347-UBKUZ,-0.707359491598341,-1.49102051906798,-1.1459968403746
0835-DUUIQ,-0.340876218118068,-1.45279918806416,-1.1459968403746
0811-GSDTP,-0.788800219038401,-1.15035213403392,-1.1459968403746
7567-ECMCM,-0.340876218118068,0.501474084131204,-0.661003705729825
6115-ZTBFQ,1.61370124044339,0.0245383450835263,1.27896883284926
6353-BRMMA,0.880734693482843,1.30744562921177,1.27896883284926
6680-WKXRZ,-1.1960038562387,0.320338211113097,-0.661003705729825
6231-WFGFH,-1.15528349251868,-1.47107895506598,-1.1459968403746
9904-EHEVJ,-0.0151133083578247,0.883687394169412,0.308982563559717
7028-DVOIQ,0.107047782802266,1.139604132195,0.793975698204488
6169-PPETC,0.107047782802266,-1.47107895506598,-1.1459968403746
4208-UFFGW,-1.23672421995873,-0.65846022198475,-1.1459968403746
8584-KMVXD,-0.992402037638553,0.360221339117083,-0.661003705729825
8467-WYNSR,-0.422316945558128,-0.321115430951027,-0.176010571085054
0851-DFJKB,-0.707359491598341,-0.193157061938236,0.308982563559717
5382-SOYZL,-0.422316945558128,1.00832216918187,0.308982563559717
9448-REEVD,-1.27744458367877,-0.666769206985581,-1.1459968403746
3261-CQXOL,1.57298087672336,-1.30656105204954,-0.661003705729825
8388-FYNPZ,-1.15528349251868,-0.266276129945545,-0.176010571085054
4002-BQWPQ,-0.300155854398037,0.564622370137516,1.76396196749403
5651-YLPRD,-0.0151133083578247,0.709198709151969,-0.176010571085054
2826-DXLQO,-1.03312240135858,-1.16198471303509,-1.1459968403746
4378-BZYFP,-0.62591876415828,-1.47107895506598,-1.1459968403746
9489-UTFKA,-0.992402037638553,-0.128346978931757,-0.176010571085054
4849-PYRLQ,0.962175420922904,0.282116880109275,1.27896883284926
9117-SHLZX,-1.27744458367877,-0.633533266982258,-1.1459968403746
9889-TMAHG,-0.992402037638553,1.18114905719915,0.793975698204488
4541-RMRLG,-1.03312240135858,-1.51262388007014,-1.1459968403746
7764-BDPEE,-1.1960038562387,-1.45944637606482,-1.1459968403746
3429-IFLEM,1.57298087672336,0.418384234122897,1.27896883284926
3158-MOERK,-1.23672421995873,1.03823451518486,0.308982563559717
7294-TMAOP,-1.27744458367877,0.857098642166754,-0.176010571085054
5002-GCQFH,0.677132874882691,0.966777244177718,0.793975698204488
0556-FJEGU,1.04361614836296,0.177423669098809,0.793975698204488
8919-FYFQZ,0.473531056282539,-1.14370494603326,-1.1459968403746
0604-THJFP,1.084336512083,0.371853918118246,0.793975698204488
2834-JRTUA,1.57298087672336,1.4387275922249,1.76396196749403
5875-YPQFJ,-1.27744458367877,0.170776481098145,-1.1459968403746
5879-SESNB,-0.870240946478462,0.34858876011592,-0.661003705729825
6646-QVXLR,1.20649760324309,1.29581305021061,1.27896883284926
6461-PPAXN,0.107047782802266,-0.326100821951526,-0.176010571085054
3318-ISQFQ,-0.503757672998189,-1.50431489506931,-1.1459968403746
1106-HRLKZ,0.310649601402418,-1.50099130106898,-1.1459968403746
2483-XSSMZ,0.269929237682388,-0.562075995975115,-0.661003705729825
8603-IJWDN,-1.27744458367877,0.72581667915363,-0.176010571085054
8165-ZJRNM,1.61370124044339,-1.36306215005519,-0.661003705729825
9369-XFEHK,0.0256070553622056,0.526401039133695,-0.176010571085054
2604-XVDAM,-0.829520582758432,-0.696681552988571,-1.1459968403746
3717-OFRTN,-1.27744458367877,-1.49600591006848,-1.1459968403746
9046-JBFWA,-0.218715126957977,-1.51594747407047,-1.1459968403746
3280-NMUVX,0.066327419082236,-1.50099130106898,-1.1459968403746
1206-EHBDD,0.962175420922904,0.516430257132699,-0.176010571085054
8361-LBRDI,1.04361614836296,-1.34312058605319,-0.661003705729825
4883-KCPZJ,-0.422316945558128,-1.3132082400502,-0.661003705729825
9108-EQPNQ,-0.910961310198492,-1.28495769104738,-0.661003705729825
7277-KAMWT,-0.788800219038401,-1.48769692506765,-1.1459968403746
3842-IYKUE,0.107047782802266,0.682609957149311,0.308982563559717
6641-XRPSU,0.066327419082236,0.174100075098477,-1.1459968403746
1374-DMZUI,-1.15528349251868,0.981733417179213,0.308982563559717
2545-LXYVJ,1.61370124044339,-1.46443176706532,-1.1459968403746
3234-VKACU,-1.23672421995873,0.184070857099474,0.308982563559717
8357-EQXFO,-1.03312240135858,1.0166311541827,0.308982563559717
1989-PRJHP,-0.218715126957977,0.356897745116751,-0.661003705729825
8120-JDCAM,-1.15528349251868,0.159143902096982,-1.1459968403746
8917-FAEMR,0.188488510242327,-1.49268231606814,-1.1459968403746
7047-YXDMZ,-0.463037309278159,-1.48769692506765,-1.1459968403746
2858-EIMXH,0.840014329762813,1.03324912418436,0.308982563559717
9524-EGPJC,-0.58519840043825,0.842142469165259,0.308982563559717
6993-OHLXR,-1.23672421995873,0.139202338094989,-1.1459968403746
8818-XYFCQ,-0.0151133083578247,1.15622210219666,0.793975698204488
6419-ZTTLE,-0.381596581838098,-1.46276997006515,-1.1459968403746
0929-HYQEW,-1.1960038562387,-0.485633333967473,-0.661003705729825
6614-YOLAC,1.57298087672336,-0.203127843939233,0.793975698204488
7426-RHZGU,-0.951681673918523,1.03491092118453,0.308982563559717
4065-JJAVA,-1.27744458367877,-0.507236694969633,-0.661003705729825
4695-VADHF,-0.58519840043825,-0.243010971943219,-0.176010571085054
3863-IUBJR,-0.829520582758432,-0.369307543955845,-0.661003705729825
7649-SIJJF,1.57298087672336,0.509783069132034,1.76396196749403
9361-YNQWJ,1.28793833068315,-1.34145878905303,-0.661003705729825
3748-FVMZZ,-1.15528349251868,-0.82131632800103,-0.661003705729825
9391-TTOYH,-0.381596581838098,-1.50431489506931,-1.1459968403746
1452-XRSJV,0.269929237682388,-0.455720987964483,-0.661003705729825
3422-WJOYD,-0.177994763237946,-0.346042385953519,-0.176010571085054
8242-SOQUO,-1.11456312879864,0.662668393147318,-0.176010571085054
7460-ITWWP,0.51425142000257,0.709198709151969,-0.176010571085054
7147-AYBAA,0.188488510242327,0.18573265409964,-1.1459968403746
7868-TMWMZ,1.12505687580303,1.50353767523138,1.76396196749403
4822-RVYBB,-0.992402037638553,1.19111983920014,0.793975698204488
6732-FZUGP,0.595692147442631,1.00167498118121,0.793975698204488
8436-BJUMM,-0.259435490678007,0.631094250144161,-0.176010571085054
4184-TJFAN,-1.1960038562387,0.782317777159278,0.308982563559717
8329-GWVPJ,0.717853238602722,0.165791090097647,-1.1459968403746
1352-VHKAJ,-0.218715126957977,0.227277579103793,0.793975698204488
4145-UQXUQ,-0.992402037638553,0.908614349171904,0.308982563559717
2632-TACXW,1.20649760324309,-1.36638574405552,-0.661003705729825
8146-QQKZH,1.57298087672336,0.567945964137848,1.27896883284926
1767-CJKBA,1.36937905812321,-1.3181936310507,-0.661003705729825
6445-TNRXS,1.45081978556327,1.65974659324699,2.2489551021388
4581-LNWUM,-0.788800219038401,-0.518869273970796,-0.176010571085054
4869-EPIUS,0.962175420922904,0.536371821134693,-0.661003705729825
9948-YPTDG,0.229208873962357,0.488179708129875,-0.176010571085054
1236-WFCDV,-0.748079855318371,0.853775048166422,-0.176010571085054
1915-OAKWD,-0.66663912787831,-1.51096208306997,-1.1459968403746
7296-PIXQY,-0.748079855318371,0.180747263099142,-1.1459968403746
4883-QICIH,-0.0151133083578247,0.165791090097647,-1.1459968403746
3354-OADJP,-0.992402037638553,-0.349365979953851,-0.176010571085054
3524-WQDSG,0.432810692562509,1.14791311719583,0.793975698204488
0810-DHDBD,0.799293966042782,0.307043835111767,1.27896883284926
4026-SKKHW,-1.1960038562387,-0.482309739967141,-0.661003705729825
2829-HYVZP,-0.137274399517916,-1.49434411306831,-1.1459968403746
8329-IBCTI,-1.27744458367877,-1.49932950406881,-1.1459968403746
1271-SJBGZ,-0.829520582758432,-0.701666943989069,-0.176010571085054
3845-JHAMY,-0.66663912787831,-0.972539855016148,-1.1459968403746
7013-PSXHK,0.310649601402418,0.531386430134194,1.27896883284926
5669-SRAIP,-1.11456312879864,-0.839596095002858,-0.661003705729825
5981-ITEMU,0.310649601402418,1.07479404918852,0.308982563559717
3486-NPGST,0.147768146522297,-1.50265309806914,-1.1459968403746
6941-PMGEP,-1.11456312879864,0.506459475131702,-0.661003705729825
1624-WOIWJ,-0.910961310198492,0.662668393147318,-0.176010571085054
2074-GKOWZ,-1.23672421995873,0.823862702163431,-0.176010571085054
0376-YMCJC,-0.381596581838098,0.85876043916692,0.308982563559717
6100-FJZDG,-0.259435490678007,-1.48603512806748,-1.1459968403746
4829-ZLJTK,1.61370124044339,1.58330393123935,1.76396196749403
1730-VFMWO,0.066327419082236,-0.483971536967307,-0.661003705729825
7143-BQIBA,-0.910961310198492,-0.0834784599272717,0.308982563559717
3800-LYTRK,-0.748079855318371,-0.301173866949034,-0.176010571085054
0634-SZPQA,-0.381596581838098,0.840480672165093,0.308982563559717
9646-NMHXE,0.595692147442631,-1.49932950406881,-1.1459968403746
7030-NJVDP,-0.340876218118068,0.813891920162435,0.308982563559717
5536-RTPWK,0.677132874882691,1.139604132195,0.793975698204488
8883-GRDWQ,-0.503757672998189,-0.357674964954682,-0.176010571085054
6166-ILMNY,-1.23672421995873,0.165791090097647,-1.1459968403746
3097-NNSPB,-1.23672421995873,-0.522192867971128,-0.661003705729825
7771-ZONAT,-0.422316945558128,-0.266276129945545,0.308982563559717
0655-RBDUG,-1.03312240135858,1.10636819219167,0.793975698204488
2111-DWYHN,-1.27744458367877,-1.45113739106399,-1.1459968403746
4194-WHFCB,1.084336512083,1.05983787618702,0.793975698204488
4121-AGSIN,1.04361614836296,-1.33813519505269,-0.661003705729825
4361-BKAXE,0.351369965122448,1.65309940524633,2.2489551021388
9845-PEEKO,1.084336512083,0.479870723129044,-0.176010571085054
0455-XFASS,-1.1960038562387,0.159143902096982,-1.1459968403746
0301-KOBTQ,-0.0151133083578247,-1.48603512806748,-1.1459968403746
1751-NCDLI,0.5549717837226,1.13295694419433,0.793975698204488
4367-NUYAO,-1.3181649473988,-1.29659027004854,-0.661003705729825
9878-TNQGW,-1.23672421995873,0.538033618134859,-0.661003705729825
9170-ARBTB,0.799293966042782,-1.50099130106898,-1.1459968403746
4441-NIHPT,-0.788800219038401,0.317014617112764,-0.661003705729825
8999-BOHSE,-0.870240946478462,0.82884809316393,-0.176010571085054
7241-AJHFS,-0.0151133083578247,0.760714416157119,0.308982563559717
7029-RPUAV,-0.62591876415828,1.18613444819965,0.793975698204488
4546-FOKWR,-0.66663912787831,0.331970790114259,-0.661003705729825
9036-CSKBW,0.758573602322752,1.4187860282229,1.76396196749403
5832-TRLPB,-0.137274399517916,0.351912354116252,0.793975698204488
8590-YFFQO,1.53226051300333,0.00625857808169908,0.793975698204488
8659-IOOPU,1.57298087672336,1.18613444819965,1.27896883284926
1338-CECEE,0.351369965122448,0.124246165093494,0.793975698204488
7439-DKZTW,-1.27744458367877,0.524739242133529,-0.661003705729825
4646-QZXTF,-1.03312240135858,0.548004400135855,1.27896883284926
4607-CHPCA,-0.300155854398037,0.852113251166256,-0.176010571085054
9742-XOKTS,1.41009942184324,0.823862702163431,0.793975698204488
6921-OZMFH,-1.11456312879864,-0.301173866949034,-0.176010571085054
9578-FOMUK,-0.707359491598341,-1.3281644130517,-0.661003705729825
4712-UYOOI,-0.503757672998189,-1.48769692506765,-1.1459968403746
8824-RWFXJ,-1.1960038562387,-0.286217693947539,-0.176010571085054
7722-CVFXN,0.880734693482843,1.34400516321543,1.27896883284926
8717-VCTXJ,0.392090328842479,-1.50265309806914,-1.1459968403746
7363-QTBIW,-0.951681673918523,0.498150490130871,-0.661003705729825
4159-NAAIX,1.24721796696312,1.08642662818968,0.793975698204488
0971-QIFJK,1.4915401492833,-1.34644418005352,-0.661003705729825
9397-TZSHA,1.4915401492833,-1.33481160105236,-0.661003705729825
3391-JSQEW,0.310649601402418,-0.485633333967473,-0.661003705729825
0343-QLUZP,1.12505687580303,-0.836272501002525,-0.176010571085054
9763-PDTKK,-1.15528349251868,0.985057011179546,0.793975698204488
2176-LVPNX,1.57298087672336,0.833833484164428,2.2489551021388
7627-JKIAZ,0.188488510242327,0.471561738128214,-0.176010571085054
3312-UUMZW,-0.0151133083578247,1.13295694419433,0.793975698204488
1271-UODNO,0.269929237682388,-0.36266035595518,-0.176010571085054
8461-EFQYM,0.229208873962357,-1.34644418005352,-0.661003705729825
6900-RBKER,0.799293966042782,0.820539108163099,0.308982563559717
6891-JPYFF,0.636412511162661,1.34566696021559,1.27896883284926
1459-QNFQT,1.53226051300333,-0.174877294936408,0.793975698204488
1047-NNCBF,-0.503757672998189,0.192379842100305,-1.1459968403746
3696-XRIEN,0.717853238602722,0.589549325140008,1.76396196749403
4081-DYXAV,-0.544478036718219,-0.661783815985083,-0.661003705729825
0074-HDKDG,-0.300155854398037,-0.105081820929431,0.308982563559717
8791-GFXLZ,-0.829520582758432,-0.522192867971128,-0.661003705729825
8111-SLLHI,0.269929237682388,1.35896133621692,1.27896883284926
0927-LCSMG,-1.03312240135858,0.328647196113927,-0.661003705729825
9330-DHBFL,-0.381596581838098,0.0494653000860182,0.793975698204488
0098-BOWSO,-0.218715126957977,-1.50763848906964,-1.1459968403746
3452-ABWRL,0.595692147442631,0.707536912151803,-0.176010571085054
5859-HZYLF,-0.259435490678007,-1.51594747407047,-1.1459968403746
8257-RZAHR,-0.748079855318371,-0.00205040691913153,0.308982563559717
5293-WXJAK,-0.870240946478462,1.30578383221161,1.27896883284926
3156-QLHBO,-1.23672421995873,-1.51262388007014,-1.1459968403746
2208-NQBCT,-0.259435490678007,0.571269558138181,-0.176010571085054
1779-PWPMG,1.61370124044339,1.65808479624683,2.2489551021388
6621-NRZAK,1.24721796696312,-1.48769692506765,-1.1459968403746
0831-JNISG,1.57298087672336,-1.49434411306831,-1.1459968403746
0774-IFUVM,-0.870240946478462,0.0129057660823637,0.308982563559717
3082-WQRVY,-0.748079855318371,-1.49932950406881,-1.1459968403746
9553-DLCLU,-0.788800219038401,0.803921138161438,2.2489551021388
1641-BYBTK,-1.07384276507861,-1.48104973706698,-1.1459968403746
2460-NGXBJ,-0.870240946478462,0.346926963115754,-0.661003705729825
2446-ZKVAF,-0.58519840043825,-0.264614332945379,-0.176010571085054
0841-NULXI,-1.27744458367877,-0.970878058015981,-1.1459968403746
3522-CDKHF,-0.0151133083578247,0.356897745116751,-0.661003705729825
1430-SFQSA,-0.137274399517916,-0.969216261015815,-0.661003705729825
0411-EZJZE,-1.1960038562387,-0.149950339933917,-0.176010571085054
7851-WZEKY,-1.23672421995873,1.00998396618204,0.308982563559717
8844-TONUD,-0.788800219038401,1.05983787618702,0.308982563559717
8807-ARQET,0.351369965122448,-0.811345546000034,-0.661003705729825
8992-CEUEN,-1.27744458367877,-1.52591825607147,-1.1459968403746
4320-QMLLA,-1.03312240135858,-0.329424415951858,-0.661003705729825
8777-PVYGU,0.799293966042782,-0.0153447829204607,0.308982563559717
8292-ITGYJ,0.51425142000257,-1.3331498040522,-0.661003705729825
6870-ZWMNX,1.53226051300333,0.376839309118744,1.27896883284926
0621-CXBKL,0.840014329762813,-1.53090364707197,-1.1459968403746
5268-DSMNQ,1.20649760324309,1.10304459819134,0.793975698204488
5334-JLAXU,1.12505687580303,0.975086229178549,0.793975698204488
4086-YQSNZ,-1.1960038562387,0.519753851133031,-0.661003705729825
6242-MBHPK,-0.381596581838098,1.00832216918187,0.308982563559717
5868-CZJDR,-1.27744458367877,-1.11046900602994,-1.1459968403746
9359-UGBTK,1.41009942184324,0.252204534106285,0.793975698204488
0135-NMXAP,-0.829520582758432,0.830509890164096,0.308982563559717
4782-OSFXZ,1.57298087672336,0.596196513140673,1.76396196749403
6479-OAUSD,-0.300155854398037,-1.49102051906798,-1.1459968403746
7129-ACFOG,-1.11456312879864,-0.364322152955347,-0.176010571085054
4189-NAKJS,-0.259435490678007,-0.439103017962822,-0.661003705729825
5562-BETPV,-1.27744458367877,-1.49932950406881,-1.1459968403746
1282-IHQAC,1.53226051300333,-0.688372567987741,-0.176010571085054
9127-FHJBZ,1.61370124044339,1.63648143524467,2.2489551021388
6270-OMFIW,1.12505687580303,0.985057011179546,0.308982563559717
1641-RQDAY,-0.0151133083578247,1.18447265119948,0.793975698204488
0107-WESLM,-1.27744458367877,-1.49268231606814,-1.1459968403746
6994-ORCWG,-0.748079855318371,-0.349365979953851,-0.176010571085054
1346-UFHAX,-0.788800219038401,0.506459475131702,-0.176010571085054
3992-YWPKO,-1.07384276507861,1.50021408123104,1.76396196749403
2933-XEUJM,0.5549717837226,0.479870723129044,1.27896883284926
0125-LZQXK,-0.707359491598341,1.21604679420264,0.793975698204488
5461-QKNTN,0.432810692562509,0.981733417179213,0.793975698204488
4835-YSJMR,0.269929237682388,-0.497265912968636,-0.661003705729825
8399-YNDCH,-0.463037309278159,-0.156597527934581,-0.176010571085054
3164-YAXFY,1.00289578464293,-0.365983949955513,0.308982563559717
0887-WBJVH,0.840014329762813,0.953482868176389,0.308982563559717
4660-IRIBM,-0.58519840043825,0.76902340115795,0.308982563559717
5673-FSSMF,-1.27744458367877,-0.153273933934249,-0.176010571085054
7670-ZBPOQ,1.04361614836296,-0.123361587931259,0.308982563559717
8089-UZWLX,1.57298087672336,1.30578383221161,0.793975698204488
0080-OROZO,0.107047782802266,1.14625132019566,0.793975698204488
3916-NRPAP,-1.1960038562387,0.69590433315064,-0.176010571085054
6807-SIWJI,0.229208873962357,1.33237258421427,1.27896883284926
8221-HVAYI,0.107047782802266,0.145849526095653,1.27896883284926
1579-KLYDT,-1.03312240135858,0.853775048166422,0.308982563559717
5232-NXPAY,0.595692147442631,0.322000008113263,0.793975698204488
8967-SZQAS,-0.748079855318371,-0.475662551966477,-0.661003705729825
4468-KAZHE,-0.503757672998189,-0.158259324934747,-0.176010571085054
0455-ENTCR,1.36937905812321,0.680948160149145,1.76396196749403
8944-AILEF,-0.707359491598341,-1.50597669206947,-1.1459968403746
5542-NKVRU,0.392090328842479,-1.46276997006515,-1.1459968403746
7126-RBHSD,-0.62591876415828,0.469899941128048,-0.176010571085054
5370-IIVVL,0.188488510242327,1.3207400052131,1.27896883284926
6789-HJBWG,-0.829520582758432,-0.510560288969965,-0.661003705729825
3927-NLNRY,0.840014329762813,0.980071620179047,0.308982563559717
9087-EYCPR,1.12505687580303,-1.32151722505103,-0.661003705729825
6791-YBNAK,-0.58519840043825,-1.30323745804921,-1.63098997501937
6358-LYNGM,-1.27744458367877,0.336956181114758,-0.661003705729825
6077-BDPXA,-1.1960038562387,0.179085466098976,-1.1459968403746
0013-MHZWF,-0.951681673918523,0.154158511096484,0.308982563559717
5494-HECPR,-1.27744458367877,0.514768460132533,-0.661003705729825
8268-YDIXR,0.962175420922904,0.943512086175393,0.793975698204488
9824-BEMCV,-0.62591876415828,0.140864135095155,-1.1459968403746
1373-ORVIZ,-0.870240946478462,0.0527888940863502,0.308982563559717
4291-SHSBH,-1.03312240135858,0.159143902096982,-1.1459968403746
6980-IMXXE,1.4915401492833,-1.48104973706698,-1.1459968403746
9866-QEVEE,-0.544478036718219,0.705875115151637,-0.176010571085054
9897-KXHCM,-1.1960038562387,0.516430257132699,-0.661003705729825
0040-HALCW,0.880734693482843,-1.47440254906632,-1.1459968403746
0784-GTUUK,1.20649760324309,-1.36306215005519,-0.661003705729825
7979-CORPM,-0.340876218118068,0.857098642166754,0.308982563559717
2294-DMMUS,1.20649760324309,0.189056248099973,0.308982563559717
0872-JCPIB,-0.62591876415828,0.032847330084357,0.308982563559717
3055-MJDSB,-0.951681673918523,-1.33481160105236,-1.63098997501937
9091-WTUUY,1.28793833068315,0.149173120095986,0.793975698204488
1618-CFHME,-1.23672421995873,0.37019212111808,-0.661003705729825
3165-HDOEW,-1.27744458367877,-0.62854787598176,-1.1459968403746
6581-NQCBA,-0.66663912787831,-0.492280521968138,-0.176010571085054
7115-IRDHS,1.61370124044339,-1.3331498040522,-0.661003705729825
8496-DMZUK,-0.0965540357978854,0.852113251166256,0.793975698204488
2040-VZIKE,0.677132874882691,1.19942882420097,0.793975698204488
9068-VPWQQ,1.16577723952306,0.351912354116252,1.27896883284926
0178-SZBHO,0.595692147442631,0.745758243155624,0.308982563559717
0384-RVBPI,-0.503757672998189,-0.0120211889201282,0.308982563559717
1689-MRZQR,0.066327419082236,0.449958377126054,-0.661003705729825
1299-AURJA,1.53226051300333,-1.33148800705203,-0.661003705729825
4525-VZCZG,0.880734693482843,1.36560852421759,1.27896883284926
1543-LLLFT,1.16577723952306,1.1146771771925,1.27896883284926
5835-BEQEU,-1.1960038562387,0.405089858121569,-0.661003705729825
2788-CJQAQ,-0.788800219038401,-1.50597669206947,-1.1459968403746
5565-FILXA,-0.66663912787831,1.04321990618536,0.308982563559717
0319-QZTCO,-1.1960038562387,-0.201466046939066,-0.176010571085054
2120-SMPEX,-0.300155854398037,-1.48271153406715,-1.1459968403746
0096-FCPUF,-0.0965540357978854,-0.00869759491979612,0.308982563559717
0668-OGMHD,-0.463037309278159,-1.20519143503941,-1.1459968403746
5552-ZNFSJ,-1.27744458367877,-0.646827642983588,-1.1459968403746
2223-KAGMX,-0.707359491598341,-1.50763848906964,-1.1459968403746
6507-ZJSUR,-0.381596581838098,0.853775048166422,-0.176010571085054
9408-HRXRK,0.51425142000257,1.34234336621526,1.27896883284926
5593-SUAOO,-0.340876218118068,0.611152686142168,0.308982563559717
7321-PKUYW,-0.870240946478462,0.843804266165425,0.308982563559717
2833-SLKDQ,-1.27744458367877,-0.655136627984418,-1.1459968403746
6766-HFKLA,0.962175420922904,1.27753328320878,1.27896883284926
7595-EUIVN,-1.27744458367877,0.366868527117748,-0.661003705729825
7617-EYGLW,-1.27744458367877,-1.50597669206947,-1.1459968403746
2026-TGDHM,-1.03312240135858,0.483194317129376,-0.661003705729825
9220-ZNKJI,0.921455057202873,0.79893574716094,0.308982563559717
4030-VPZBD,-1.23672421995873,-1.12542517903143,-1.1459968403746
2226-ICFDO,1.61370124044339,0.702551521151305,1.76396196749403
0723-VSOBE,0.51425142000257,-1.01574657702047,-1.1459968403746
5529-GIBVH,0.595692147442631,-1.48271153406715,-1.1459968403746
4187-CINZD,0.5549717837226,1.01330756018237,0.308982563559717
9992-UJOEL,-1.23672421995873,-0.480647942966975,-0.661003705729825
4741-WWJQZ,-1.23672421995873,0.511444866132201,-0.176010571085054
6625-UTXEW,-0.829520582758432,-0.449073799963819,-0.661003705729825
6818-WOBHJ,1.45081978556327,0.825524499163597,0.308982563559717
6244-BESBM,1.4915401492833,1.0116457631822,0.308982563559717
1004-NOZNR,0.962175420922904,0.998351387180874,0.308982563559717
1251-STYSZ,-1.15528349251868,0.514768460132533,-0.176010571085054
2612-PHGOX,1.28793833068315,0.376839309118744,1.27896883284926
2408-TZMJL,1.084336512083,1.50852306623187,1.76396196749403
8480-PPONV,1.20649760324309,1.68799714224982,2.2489551021388
8780-IHCRN,1.24721796696312,-1.3331498040522,-0.661003705729825
4598-ZADCK,0.840014329762813,-0.370969340956011,0.793975698204488
1257-SXUXQ,-1.11456312879864,-1.50597669206947,-1.1459968403746
9681-KYGYB,0.677132874882691,0.778994183158946,0.793975698204488
7182-OVLBJ,1.20649760324309,1.20939960620197,0.793975698204488
5095-ETBRJ,0.921455057202873,-0.264614332945379,0.308982563559717
7005-CYUIL,1.57298087672336,1.15123671119616,1.27896883284926
4821-WQOYN,1.61370124044339,-1.48437333106731,-1.1459968403746
4730-AWNAU,0.147768146522297,-0.134994166932421,0.793975698204488
3452-FLHYD,-0.300155854398037,-1.45612278206449,-1.1459968403746
2388-LAESQ,1.61370124044339,1.66473198424749,2.2489551021388
9531-NSBMR,0.147768146522297,-1.51262388007014,-1.1459968403746
6260-ONULR,-1.27744458367877,-0.0651986929254444,-0.176010571085054
4389-UEFCZ,1.61370124044339,1.35397594521643,1.27896883284926
8711-LOBKY,1.084336512083,-1.49268231606814,-1.1459968403746
9134-CEQMF,-1.03312240135858,0.822200905163265,-0.176010571085054
8985-OOPOS,-1.27744458367877,0.310367429112099,0.793975698204488
8800-ZKRFW,-0.0965540357978854,1.42044782522307,1.76396196749403
2616-FLVQC,1.28793833068315,-1.50265309806914,-1.1459968403746
9968-FFVVH,1.24721796696312,0.13421694709449,1.27896883284926
3108-PCCGG,1.61370124044339,0.654359408146487,1.76396196749403
7993-PYKOF,-0.992402037638553,0.34027977511509,-0.661003705729825
8390-FESFV,1.20649760324309,0.656021205146653,1.76396196749403
3022-BEXHZ,1.41009942184324,1.54342080323536,1.76396196749403
5027-XWQHA,-1.07384276507861,-0.665107409985415,-1.1459968403746
6248-TKCQV,1.53226051300333,0.526401039133695,1.27896883284926
6729-GDNGC,-0.503757672998189,0.529724633134028,-0.661003705729825
6198-ZFIOJ,-1.11456312879864,0.360221339117083,-0.661003705729825
5989-OMNJE,-0.340876218118068,-0.238025580942721,0.793975698204488
4566-QVRRW,-0.870240946478462,-0.688372567987741,-1.1459968403746
1291-CUOCY,1.61370124044339,1.52347923923337,1.76396196749403
9795-SHUHB,1.36937905812321,-0.218084016940727,0.308982563559717
3230-IUALN,0.51425142000257,0.539695415135025,1.27896883284926
0042-RLHYP,1.4915401492833,-1.49766770706864,-1.1459968403746
8519-IMDHU,-0.707359491598341,0.692580739150308,-0.176010571085054
4945-RVMTE,-0.177994763237946,-0.173215497936242,-0.176010571085054
0201-OAMXR,1.53226051300333,1.68799714224982,2.2489551021388
1866-NXPSP,0.147768146522297,0.358559542116917,1.27896883284926
3372-KWFBM,-0.66663912787831,0.72581667915363,-0.176010571085054
7831-QGOXH,-0.58519840043825,0.679286363148979,-0.176010571085054
6393-WRYZE,0.066327419082236,1.09307381619034,0.308982563559717
3941-XTSKM,0.392090328842479,-0.653474830984252,-0.176010571085054
1661-CZBAU,0.636412511162661,0.205674218101634,0.793975698204488
6599-RCLCJ,0.595692147442631,1.48858150222988,1.76396196749403
9831-BPFRI,0.269929237682388,0.823862702163431,0.793975698204488
5158-RIVOP,-0.870240946478462,-1.45778457906466,-1.1459968403746
9788-YTFGE,-1.03312240135858,-1.48935872206781,-1.1459968403746
9277-JOOMO,-1.1960038562387,-1.33481160105236,-0.661003705729825
1907-YLNYW,-0.992402037638553,0.0644214730875134,0.308982563559717
1725-MIMXW,-1.27744458367877,-1.50597669206947,-1.1459968403746
8947-YRTDV,-0.0151133083578247,0.998351387180874,0.793975698204488
3161-ONRWK,1.12505687580303,0.036170924084689,0.793975698204488
0114-RSRRW,-0.910961310198492,-1.48935872206781,-1.1459968403746
4565-NLZBV,1.57298087672336,-1.3331498040522,-0.661003705729825
0031-PVLZI,-1.15528349251868,-1.47606434606648,-1.1459968403746
7206-GZCDC,-1.27744458367877,0.149173120095986,-1.1459968403746
6682-VCIXC,0.432810692562509,-0.449073799963819,0.308982563559717
4791-QRGMF,1.084336512083,1.15456030519649,0.793975698204488
6475-VHUIZ,-0.381596581838098,-0.349365979953851,-0.176010571085054
3910-MRQOY,1.61370124044339,-1.50763848906964,-1.1459968403746
0661-WCQNQ,-0.422316945558128,-0.282894099947206,-0.176010571085054
7537-RBWEA,-1.27744458367877,-1.31653183405053,-1.63098997501937
4656-CAURT,1.4915401492833,-1.35641496205452,-0.661003705729825
0121-SNYRK,0.717853238602722,-0.97586344901648,-0.661003705729825
1768-ZAIFU,-1.27744458367877,-1.31487003705037,-1.63098997501937
4671-LXRDQ,-1.23672421995873,-0.656798424984584,-1.1459968403746
3733-LSYCE,-0.707359491598341,0.351912354116252,-0.661003705729825
6265-FRMTQ,-0.0558336720778551,-1.47440254906632,-1.1459968403746
1934-SJVJK,-1.27744458367877,-1.48271153406715,-1.1459968403746
3838-OZURD,1.36937905812321,1.33735797521476,1.27896883284926
1371-DWPAZ,-1.3181649473988,-0.289541287947871,0.793975698204488
9269-CQOOL,-1.1960038562387,-0.334409806952356,-0.661003705729825
2017-CCBLH,-0.992402037638553,-1.48769692506765,-1.1459968403746
7690-KPNCU,1.28793833068315,0.275469692108611,0.793975698204488
0536-BGFMZ,-0.177994763237946,-1.47107895506598,-1.1459968403746
2293-IJWPS,1.00289578464293,1.19610523020064,0.793975698204488
2845-HSJCY,-0.748079855318371,0.74742004015579,0.308982563559717
5469-NUJUR,-0.544478036718219,-1.48935872206781,-1.1459968403746
1184-PJVDB,-0.910961310198492,0.504797678131536,-0.661003705729825
2625-TRCZQ,0.758573602322752,-0.502251303969135,-0.176010571085054
4102-HLENU,1.41009942184324,0.0295237360840249,0.793975698204488
7266-GSSJX,-0.870240946478462,-1.47274075206615,-1.1459968403746
7722-VJRQD,1.61370124044339,-0.126685181931591,0.793975698204488
7073-QETQY,1.36937905812321,-1.47606434606648,-1.1459968403746
9415-DPEWS,-0.58519840043825,0.783979574159444,0.308982563559717
5624-RYAMH,-0.951681673918523,-1.50431489506931,-1.1459968403746
0196-JTUQI,-0.951681673918523,0.346926963115754,-0.661003705729825
7130-YXBRO,0.636412511162661,1.55172978823619,1.76396196749403
9272-LSVYH,-0.910961310198492,0.179085466098976,-1.1459968403746
7943-RQCHR,-0.951681673918523,0.996689590180708,0.308982563559717
3793-MMFUH,-0.788800219038401,1.0066603721817,0.308982563559717
3249-ZPQRG,-1.15528349251868,0.454943768126552,-0.176010571085054
2568-BRGYX,-1.15528349251868,0.180747263099142,-1.1459968403746
3084-DOWLE,1.61370124044339,0.905290755171572,2.2489551021388
1084-MNSMJ,0.758573602322752,0.689257145149976,1.76396196749403
7721-JXEAW,1.084336512083,-0.788080387997708,-0.661003705729825
7249-WBIYX,-0.910961310198492,0.692580739150308,-0.176010571085054
4238-HFHSN,1.16577723952306,0.577916746138846,-0.176010571085054
6250-CGGUN,0.880734693482843,0.652697611146321,0.308982563559717
5478-JJVZK,0.0256070553622056,-0.128346978931757,0.308982563559717
7596-IIWYC,-0.218715126957977,-1.47938794006682,-1.1459968403746
6567-HOOPW,-1.27744458367877,0.479870723129044,-0.661003705729825
9793-WECQC,-0.381596581838098,1.01496935718254,0.308982563559717
4291-HPAXL,-1.27744458367877,-1.49268231606814,-1.1459968403746
8999-YPYBV,0.51425142000257,0.651035814146155,1.76396196749403
1839-FBNFR,0.269929237682388,-1.49268231606814,-1.1459968403746
3164-AALRN,-1.11456312879864,0.174100075098477,0.308982563559717
3071-MVJCD,1.61370124044339,0.582902137139344,1.76396196749403
1697-BCSHV,1.04361614836296,0.0677450670878454,0.308982563559717
0562-KBDVM,1.53226051300333,-0.670092800985913,0.308982563559717
1131-SUEKT,1.16577723952306,1.119662568193,0.793975698204488
3717-OEAUQ,-1.23672421995873,0.197365233100803,-1.1459968403746
4538-WNTMJ,0.5549717837226,-1.3231790220512,-0.661003705729825
3334-CTHOL,-1.27744458367877,-0.492280521968138,-0.661003705729825
4704-ERYFC,-0.422316945558128,0.149173120095986,-1.1459968403746
9432-RUVSL,0.636412511162661,1.25426812520646,1.27896883284926
8060-HIWJJ,1.28793833068315,0.724154882153464,1.76396196749403
7684-XSZIY,1.61370124044339,-1.34478238305336,-0.661003705729825
9089-UOWJG,-0.829520582758432,-0.213098625940229,-0.176010571085054
8621-MNIHH,0.066327419082236,0.980071620179047,0.793975698204488
8039-ACLPL,1.61370124044339,0.132555150094324,0.793975698204488
9885-AIBVB,-0.137274399517916,0.699227927150972,0.308982563559717
1934-MKPXS,0.0256070553622056,-1.48437333106731,-1.1459968403746
2592-YKDIF,-1.27744458367877,-1.47606434606648,-1.1459968403746
2272-JKMSI,1.20649760324309,1.53012642723403,1.76396196749403
0471-LVHGK,0.351369965122448,0.273807895108445,0.793975698204488
9518-RWHZL,1.28793833068315,1.17284007219832,0.793975698204488
8714-CTZJW,-1.15528349251868,0.601181904141171,-0.176010571085054
3569-EDBPQ,-0.340876218118068,0.651035814146155,0.308982563559717
3131-NWVFJ,-0.748079855318371,-1.50265309806914,-1.1459968403746
7521-YXVZY,-1.1960038562387,-1.48935872206781,-1.1459968403746
5419-CONWX,-1.15528349251868,1.16453108719749,0.793975698204488
6240-EURKS,-0.58519840043825,-0.989157825017809,-1.1459968403746
2373-NTKOD,-0.992402037638553,0.0494653000860182,-0.176010571085054
1970-KKFWL,0.107047782802266,-1.37801832305668,-0.661003705729825
6960-HVYXR,-1.27744458367877,0.373515715118412,-0.661003705729825
9337-SRRNI,1.36937905812321,-1.31154644305004,-0.661003705729825
0895-UADGO,-0.992402037638553,-0.671754597986079,-0.176010571085054
5678-VFNEQ,1.57298087672336,1.30744562921177,1.27896883284926
5977-CKHON,0.432810692562509,0.923570522173399,0.308982563559717
7024-OHCCK,-1.23672421995873,0.966777244177718,0.308982563559717
2692-BUCFV,-0.137274399517916,1.21937038820297,0.793975698204488
7861-UVUFT,-0.707359491598341,0.649374017145989,-0.176010571085054
1830-GGFNM,1.32865869440318,0.990042402180044,1.27896883284926
5302-BDJNT,0.107047782802266,1.0216165451832,0.793975698204488
5223-UZAVK,1.28793833068315,1.18114905719915,0.793975698204488
4859-ZSRDZ,1.04361614836296,-0.307821054949698,0.308982563559717
5651-WYIPH,-0.58519840043825,-0.49560411596847,-0.661003705729825
9350-VLHMB,1.41009942184324,0.823862702163431,0.308982563559717
3498-LZGQZ,1.24721796696312,-1.51594747407047,-1.1459968403746
8785-CJSHH,1.12505687580303,1.16453108719749,0.793975698204488
5357-TZHPP,-0.951681673918523,0.652697611146321,-0.176010571085054
3870-SPZSI,1.53226051300333,1.60490729224151,2.2489551021388
0680-DFNNY,-0.707359491598341,1.20773780920181,0.793975698204488
7560-QRBXH,0.636412511162661,-1.48935872206781,-1.1459968403746
7077-XJMET,-0.829520582758432,0.312029226112266,0.793975698204488
8752-GHJFU,1.57298087672336,0.905290755171572,1.27896883284926
6896-SRVYQ,0.473531056282539,0.302058444111269,-0.661003705729825
7767-UXAGJ,-1.27744458367877,-0.475662551966477,-0.661003705729825
4652-ODEVH,0.51425142000257,-1.33979699205286,-0.661003705729825
6510-UPNKS,-0.381596581838098,-1.3281644130517,-0.661003705729825
6718-BDGHG,0.432810692562509,0.00293498408136655,0.308982563559717
9046-DQMTP,0.107047782802266,-1.46276997006515,-1.1459968403746
6439-LAJXL,-0.951681673918523,0.139202338094989,0.793975698204488
1571-SAVHK,-0.829520582758432,1.16951647819798,0.793975698204488
9052-VKDUW,1.32865869440318,1.48359611122938,1.76396196749403
9546-CQJSU,-1.23672421995873,0.885349191169578,0.308982563559717
1666-JZPZT,-0.218715126957977,-0.523854664971294,-0.661003705729825
5777-KJIRB,0.310649601402418,-0.482309739967141,-0.661003705729825
0506-LVNGN,-1.11456312879864,0.358559542116917,-0.661003705729825
7677-SJJJK,-0.992402037638553,-1.49102051906798,-1.1459968403746
2480-EJWYP,1.04361614836296,1.09805920719084,0.793975698204488
3253-HKOKL,0.799293966042782,1.18114905719915,0.793975698204488
7055-HNEOJ,-1.1960038562387,-0.297850272948702,-0.176010571085054
5514-YQENT,0.351369965122448,1.5417590062352,1.76396196749403
3211-AAPKX,-0.503757672998189,1.12298616219333,0.793975698204488
8445-DNBAE,-1.27744458367877,-0.488956927967806,-0.661003705729825
2951-QOQTK,-1.15528349251868,0.53304822713436,-0.176010571085054
2958-NHPPS,-0.381596581838098,-1.45944637606482,-1.1459968403746
6806-YDEUL,-1.07384276507861,-1.50431489506931,-1.1459968403746
1735-XMJVH,-0.992402037638553,-1.50930028606981,-1.1459968403746
6890-PFRQX,-0.58519840043825,0.157482105096816,0.793975698204488
0222-CNVPT,0.799293966042782,-0.530501852971959,-0.176010571085054
5899-OUVKV,-0.0558336720778551,0.988380605179878,0.308982563559717
8681-ICONS,-0.137274399517916,-1.46609356406549,-1.1459968403746
1621-YNCJH,0.147768146522297,1.37225571221825,1.76396196749403
3473-XIIIT,-0.66663912787831,1.17117827519815,0.793975698204488
6362-QHAFM,0.392090328842479,1.44703657722573,1.27896883284926
7893-IXHRQ,-1.27744458367877,-1.46941715806582,-1.1459968403746
3070-BDOQC,1.12505687580303,1.15954569619699,0.793975698204488
2952-QAYZF,-1.11456312879864,0.682609957149311,0.308982563559717
6234-PFPXL,-0.422316945558128,1.03491092118453,0.793975698204488
9824-QCJPK,0.147768146522297,-1.48769692506765,-1.1459968403746
4763-PGDPO,-1.15528349251868,0.187394451099807,-1.1459968403746
4283-IVYCI,-0.951681673918523,0.00625857808169908,0.308982563559717
1866-OBPNR,-1.27744458367877,0.326985399113761,-0.661003705729825
8205-MQUGY,-0.829520582758432,-0.51720747697063,-0.661003705729825
8970-ANWXO,-0.381596581838098,0.298734850110937,0.793975698204488
9480-BQJEI,1.20649760324309,0.915261537172568,0.793975698204488
5394-SVGJV,0.188488510242327,1.13129514719416,0.793975698204488
6979-TNDEU,-0.992402037638553,-1.5142856770703,-1.1459968403746
9777-WJJPR,-0.0558336720778551,0.793950356160442,0.308982563559717
9283-LZQOH,-0.788800219038401,0.320338211113097,-0.661003705729825
7079-QRCBC,-0.340876218118068,1.129633350194,0.793975698204488
9495-SKLKD,0.51425142000257,1.0365727181847,0.793975698204488
6048-UWKAL,1.4915401492833,1.35065235121609,1.27896883284926
5067-DGXLL,-1.23672421995873,-1.47938794006682,-1.1459968403746
5469-CTCWN,1.16577723952306,1.37059391521809,1.27896883284926
9851-QXEEQ,0.351369965122448,1.32738719321377,1.27896883284926
6281-FKEWS,0.473531056282539,-0.522192867971128,-0.176010571085054
8898-KASCD,0.269929237682388,-0.970878058015981,-0.661003705729825
9242-TKFSV,1.61370124044339,0.0112439690821972,1.27896883284926
9290-SHCMB,-0.788800219038401,1.06648506418769,0.308982563559717
0743-HNPFG,0.758573602322752,0.165791090097647,0.793975698204488
2277-BKJKN,1.57298087672336,1.14458952319549,0.793975698204488
9809-IMGCQ,-0.422316945558128,1.06149967318719,0.308982563559717
5208-HFSBT,-1.23672421995873,-0.322777227951194,-0.176010571085054
5035-PGZXH,0.962175420922904,1.39718266722074,1.27896883284926
8695-WDYEA,-1.27744458367877,-0.449073799963819,-0.661003705729825
6543-JXSOO,-0.381596581838098,-0.233040189942223,0.308982563559717
8016-ZMGMO,1.36937905812321,0.202350624101301,0.793975698204488
8605-ITULD,-1.27744458367877,-1.50265309806914,-1.1459968403746
3254-YRILK,-0.544478036718219,0.778994183158946,0.308982563559717
6416-YJTTB,-0.870240946478462,0.489841505130041,-0.176010571085054
2667-WYLWJ,-0.992402037638553,-1.49600591006848,-1.1459968403746
4472-VESGY,0.799293966042782,1.10969178619201,1.27896883284926
3195-TQDZX,-1.1960038562387,-1.47938794006682,-1.1459968403746
3128-YOVTD,0.758573602322752,0.478208926128878,-0.176010571085054
0529-ONKER,-0.707359491598341,0.361883136117249,-0.661003705729825
1728-CXQBE,1.28793833068315,0.980071620179047,0.793975698204488
7041-TXQJH,0.188488510242327,-0.816330937000532,-0.661003705729825
5014-GSOUQ,-0.788800219038401,-1.48935872206781,-1.1459968403746
5724-BIDBU,0.677132874882691,-0.312806445950197,-0.176010571085054
0481-SUMCB,0.51425142000257,1.24263554620529,0.793975698204488
1769-GRUIK,-0.58519840043825,0.210659609102132,-1.1459968403746
5240-IJOQT,-1.27744458367877,0.330308993114093,-0.661003705729825
8819-WFGGJ,1.45081978556327,-0.35435137095435,0.308982563559717
7427-AUFPY,0.880734693482843,-1.49932950406881,-1.1459968403746
2811-POVEX,-0.381596581838098,0.787303168159777,0.308982563559717
1092-GANHU,-0.62591876415828,0.395119076120572,-0.661003705729825
7898-PDWQE,1.57298087672336,0.519753851133031,1.76396196749403
9972-EWRJS,1.41009942184324,-1.51262388007014,-1.1459968403746
9314-IJWSQ,-0.748079855318371,0.66599198714765,-0.176010571085054
0661-XEYAN,-1.27744458367877,-1.29492847304837,-1.63098997501937
5799-JRCZO,1.24721796696312,-1.50431489506931,-1.1459968403746
1921-KYSAY,0.351369965122448,0.127569759093826,0.793975698204488
6198-RTPMF,-0.62591876415828,0.925232319173565,0.308982563559717
2924-KHUVI,0.962175420922904,1.18945804219998,0.793975698204488
1925-GMVBW,-1.11456312879864,-1.46941715806582,-1.1459968403746
7881-EVUAD,-1.23672421995873,-0.736564680992558,-0.176010571085054
6184-DYUOB,-1.1960038562387,-1.50099130106898,-1.1459968403746
9207-ZPANB,0.188488510242327,0.0893484280900052,1.27896883284926
5766-XQXMQ,-0.137274399517916,0.135878744094656,0.793975698204488
9327-QSDED,-0.992402037638553,-0.704990537989402,-1.1459968403746
1656-DRSMG,1.24721796696312,1.49855228423088,1.76396196749403
3012-VFFMN,-1.03312240135858,-1.46609356406549,-1.1459968403746
2984-AFWNC,-1.1960038562387,1.01829295118287,0.308982563559717
0640-YJTPY,1.61370124044339,-1.45446098506432,-1.1459968403746
8096-LOIST,-0.544478036718219,-0.284555896947372,-0.661003705729825
9764-REAFF,1.084336512083,-1.54087442907296,-1.1459968403746
3703-VAVCL,-1.23672421995873,0.838818875164927,0.308982563559717
7107-UBYKY,0.107047782802266,-1.29659027004854,-0.661003705729825
4881-GQJTW,-0.748079855318371,-1.50099130106898,-1.1459968403746
8519-QJGJD,-0.748079855318371,0.351912354116252,-0.661003705729825
7876-DNYAP,1.4915401492833,-1.49434411306831,-1.1459968403746
7905-NJMXS,-1.03312240135858,-0.0186683769207928,0.793975698204488
2882-WDTBA,1.4915401492833,0.365206730117582,1.27896883284926
2091-GPPIQ,1.61370124044339,0.471561738128214,1.27896883284926
6326-MTTXK,-0.992402037638553,1.19942882420097,0.793975698204488
5071-FBJFS,-1.15528349251868,-0.480647942966975,-0.661003705729825
2796-UUZZO,1.24721796696312,0.516430257132699,-0.176010571085054
2429-AYKKO,1.61370124044339,-1.49268231606814,-1.1459968403746
9798-OPFEM,0.5549717837226,-1.45113739106399,-1.1459968403746
0330-IVZHA,-1.11456312879864,0.172438278098311,-1.1459968403746
3794-NFNCH,-0.0965540357978854,-0.490618724967972,-0.661003705729825
5193-QLVZB,1.24721796696312,1.32904899021393,1.27896883284926
7114-AEOZE,1.12505687580303,-1.49268231606814,-1.1459968403746
2886-KEFUM,1.24721796696312,1.42044782522307,1.27896883284926
5522-NYKPB,-0.300155854398037,0.702551521151305,-0.176010571085054
4237-RLAQD,-1.27744458367877,-0.62854787598176,-1.1459968403746
9957-YODKZ,-1.07384276507861,0.53304822713436,-0.176010571085054
6518-KZXCB,-0.422316945558128,-1.3132082400502,-0.661003705729825
2245-ADZFJ,-0.0558336720778551,0.524739242133529,1.27896883284926
7776-QGYJC,0.269929237682388,0.556313385136686,-0.176010571085054
9313-QOLTZ,-0.259435490678007,-1.45778457906466,-1.1459968403746
9651-GTSAQ,0.840014329762813,1.37391750921842,1.27896883284926
3186-BAXNB,-1.27744458367877,0.895319973170575,0.308982563559717
4672-FOTSD,-0.829520582758432,0.0827012400893407,0.793975698204488
0637-YLETY,-0.66663912787831,1.02494013918353,0.793975698204488
9818-XQCUV,-1.23672421995873,-1.47606434606648,-1.1459968403746
7338-ERIVA,0.269929237682388,-0.655136627984418,-0.176010571085054
1157-BQCUW,-1.27744458367877,0.338617978114924,-0.661003705729825
8259-NFJTV,-1.03312240135858,-1.00079040401897,-0.661003705729825
3223-DWFIO,-1.15528349251868,0.152496714096318,-1.1459968403746
2660-EMUBI,-0.910961310198492,1.0166311541827,0.308982563559717
6968-GMKPR,0.921455057202873,0.557975182136852,-0.176010571085054
4751-ERMAN,1.61370124044339,0.353574151116419,0.793975698204488
1436-ZMJAN,-0.910961310198492,0.100981007091168,0.308982563559717
3292-PBZEJ,-0.870240946478462,1.55006799123603,1.76396196749403
0799-DDIHE,-0.707359491598341,-0.613591702980265,-1.1459968403746
3070-FNFZQ,-0.381596581838098,-1.47440254906632,-1.1459968403746
2812-SFXMJ,-1.27744458367877,-1.48603512806748,-1.1459968403746
7675-OZCZG,-1.1960038562387,-0.656798424984584,-1.1459968403746
5014-WUQMG,0.595692147442631,1.04155810918519,0.793975698204488
5312-TSZVC,-0.707359491598341,-1.49932950406881,-1.1459968403746
2003-CKLOR,1.36937905812321,1.15456030519649,0.793975698204488
0993-OSGPT,1.45081978556327,-0.136655963932588,0.308982563559717
9254-RBFON,-0.62591876415828,1.1246479591935,0.793975698204488
1205-WNWPJ,-1.03312240135858,-0.174877294936408,-0.176010571085054
9391-EOYLI,-0.829520582758432,0.521415648133197,-0.661003705729825
7108-DGVUU,-0.463037309278159,0.230601173104126,0.793975698204488
2782-JEEBU,-0.463037309278159,-0.955921885014486,-0.661003705729825
5127-BZENZ,0.962175420922904,0.0145675630825297,0.308982563559717
2720-FVBQP,-1.07384276507861,-0.52551646197146,-0.661003705729825
9906-NHHVC,1.32865869440318,-0.374292934956343,0.308982563559717
4522-XRWWI,0.392090328842479,0.521415648133197,1.27896883284926
3766-EJLFL,1.45081978556327,1.47196353222822,1.76396196749403
5939-SXWHM,0.636412511162661,-1.27831050304671,-0.661003705729825
8152-UOBNY,0.717853238602722,1.39718266722074,1.27896883284926
7351-KYHQH,-1.03312240135858,0.00625857808169908,0.308982563559717
7643-RCHXS,1.24721796696312,-1.50930028606981,-1.1459968403746
8246-SHFGA,-0.62591876415828,-1.45113739106399,-1.1459968403746
8387-MOJJT,0.392090328842479,0.438325798124891,-0.661003705729825
0620-XEFWH,-1.15528349251868,-1.52591825607147,-1.1459968403746
6485-QXWWE,1.20649760324309,-1.28828128504771,-0.661003705729825
2761-OCIAX,-1.23672421995873,0.330308993114093,-0.661003705729825
7321-VGNKU,-1.23672421995873,0.18573265409964,-1.1459968403746
5327-CNLUQ,0.636412511162661,1.06814686118785,1.27896883284926
7552-KEYGT,-0.218715126957977,-1.50265309806914,-1.1459968403746
5816-JMLGY,1.53226051300333,0.519753851133031,1.27896883284926
3068-OMWZA,-1.27744458367877,0.79893574716094,0.308982563559717
2927-QRRQV,0.5549717837226,0.993365996180376,0.793975698204488
6032-KRXXO,-0.0965540357978854,0.847127860165757,-0.176010571085054
7459-RRWQZ,-0.707359491598341,-0.00371220391929756,0.308982563559717
6265-SXWBU,1.4915401492833,1.02992553018403,0.793975698204488
7941-RCJOW,1.32865869440318,-1.50265309806914,-1.1459968403746
6374-NTQLP,1.61370124044339,1.30744562921177,1.27896883284926
4154-AQUGT,-0.788800219038401,0.80724473216177,0.308982563559717
2387-KDZQY,-0.62591876415828,-1.48437333106731,-1.1459968403746
3584-WKTTW,0.758573602322752,1.55505338223653,1.76396196749403
3399-BMLVW,0.758573602322752,-0.141641354933086,0.308982563559717
1971-DTCZB,1.61370124044339,0.870393018168083,2.2489551021388
3092-IGHWF,1.41009942184324,0.752405431156288,0.308982563559717
3374-PZLXD,0.066327419082236,-1.49766770706864,-1.1459968403746
3813-DHBBB,1.41009942184324,-0.459044581964815,0.308982563559717
2812-REYAT,0.677132874882691,-1.48603512806748,-1.1459968403746
6518-PPLMZ,0.840014329762813,-1.50763848906964,-1.1459968403746
4939-KYYPY,-0.218715126957977,-0.176539091936574,0.308982563559717
8017-LXHFA,-0.381596581838098,0.996689590180708,0.308982563559717
5930-GBIWP,1.4915401492833,0.556313385136686,1.76396196749403
6022-KOUQO,-1.23672421995873,-1.18691166803758,-1.1459968403746
6352-TWCAU,0.107047782802266,0.720831288153132,-0.176010571085054
2361-UPSND,0.5549717837226,0.194041639100471,0.793975698204488
6035-RIIOM,0.880734693482843,1.07811764318885,0.793975698204488
2929-QNSRW,0.962175420922904,1.11301538019234,0.793975698204488
1262-OPMFY,-0.951681673918523,0.365206730117582,-0.661003705729825
9504-DSHWM,-0.503757672998189,-0.184848076937405,0.308982563559717
5035-BVCXS,-0.870240946478462,0.37019212111808,-0.661003705729825
6267-DCFFZ,-0.0965540357978854,0.840480672165093,0.308982563559717
3533-UVMOM,1.45081978556327,0.205674218101634,0.793975698204488
2439-LYPMQ,0.229208873962357,1.25759171920679,1.27896883284926
4248-QPAVC,-0.62591876415828,0.684271754149477,0.308982563559717
1899-VXWXM,0.636412511162661,1.37391750921842,1.27896883284926
1478-VPOAD,-1.27744458367877,-0.696681552988571,-1.1459968403746
9995-HOTOH,1.24721796696312,-0.19149526493807,0.793975698204488
2988-PLAHS,-1.1960038562387,0.172438278098311,0.308982563559717
1371-OJCEK,0.636412511162661,-1.34312058605319,-0.661003705729825
4999-IEZLT,1.36937905812321,-1.17361729203625,-1.1459968403746
8883-ANODQ,1.45081978556327,0.652697611146321,0.308982563559717
4690-LLKUA,-0.62591876415828,-0.655136627984418,-1.1459968403746
2351-RRBUE,-1.03312240135858,-1.46609356406549,-1.1459968403746
5980-BDHPY,1.61370124044339,0.742434649155291,2.2489551021388
1498-DQNRX,-0.137274399517916,-1.49268231606814,-1.1459968403746
9469-WEJBT,0.188488510242327,0.850451454166089,0.308982563559717
3331-HQDTW,0.066327419082236,1.49689048723071,1.76396196749403
9490-DFPMD,0.392090328842479,0.661006596147152,-0.176010571085054
2581-VKIRT,1.084336512083,0.0245383450835263,0.793975698204488
5442-XSDCW,-0.870240946478462,0.489841505130041,-0.661003705729825
7426-WEIJX,1.12505687580303,0.538033618134859,-0.176010571085054
2851-MMUTZ,-0.218715126957977,-0.286217693947539,-0.176010571085054
3049-NDXFL,-1.27744458367877,0.699227927150972,-0.176010571085054
8580-AECUZ,-1.27744458367877,0.476547129128712,-0.661003705729825
3307-TLCUD,-0.62591876415828,-1.0090993890198,-0.661003705729825
6625-FLENO,1.04361614836296,-1.46276997006515,-1.1459968403746
2967-MXRAV,-1.27744458367877,-1.52758005307163,-1.1459968403746
7963-GQRMY,-1.1960038562387,-0.68006358298691,-1.1459968403746
8189-HBVRW,0.840014329762813,0.865407627167585,0.793975698204488
4163-KIUHY,0.107047782802266,-1.30157566104904,-0.661003705729825
1228-FZFRV,0.717853238602722,1.36893211821792,1.27896883284926
3500-NSDOA,1.45081978556327,0.200688827101135,0.793975698204488
1171-TYKUR,0.595692147442631,-1.3082228490497,-0.661003705729825
3761-FLYZI,1.32865869440318,1.46365454722739,1.27896883284926
2058-DCJBE,-1.11456312879864,0.165791090097647,-1.1459968403746
5364-XYIRR,0.758573602322752,0.993365996180376,0.308982563559717
4829-AUOAX,0.5549717837226,1.03989631218503,0.308982563559717
1219-NNDDO,-0.951681673918523,0.401766264121236,-0.661003705729825
8388-DMKAE,-0.992402037638553,-1.47938794006682,-1.1459968403746
4403-BWPAY,-0.748079855318371,-1.3281644130517,-0.661003705729825
9659-QEQSY,0.51425142000257,1.69132073625015,2.2489551021388
5405-ZMYXQ,-0.992402037638553,0.326985399113761,-0.661003705729825
5047-LHVLY,-1.27744458367877,-0.485633333967473,-0.661003705729825
1442-OKRJE,1.36937905812321,1.27587148620862,1.27896883284926
4737-AQCPU,1.61370124044339,0.243895549105454,1.27896883284926
9158-VCTQB,0.351369965122448,1.62318705924334,2.2489551021388
2808-CHTDM,-0.381596581838098,-1.3181936310507,-0.661003705729825
6311-UEUME,-0.137274399517916,0.469899941128048,-0.661003705729825
0793-TWELN,-1.15528349251868,0.511444866132201,-0.176010571085054
3283-WCWXT,-1.07384276507861,-1.3082228490497,-0.661003705729825
1060-ENTOF,1.41009942184324,1.35065235121609,1.76396196749403
0999-QXNSA,-1.03312240135858,-0.631871469982092,-1.1459968403746
5451-MHQOF,0.962175420922904,-1.33979699205286,-0.661003705729825
4836-WNFNO,1.61370124044339,-1.32151722505103,-0.661003705729825
9225-BZLNZ,1.61370124044339,0.680948160149145,1.76396196749403
0354-VXMJC,-0.381596581838098,-1.50099130106898,-1.1459968403746
4422-QVIJA,0.107047782802266,-0.485633333967473,-0.661003705729825
9365-SRSZE,-0.218715126957977,0.192379842100305,-1.1459968403746
6839-ITVZJ,-0.259435490678007,-0.156597527934581,0.308982563559717
8332-OSJDW,-0.829520582758432,-1.27498690904638,-0.661003705729825
4735-BJKOU,0.310649601402418,-1.48271153406715,-1.1459968403746
0274-JKUJR,-1.03312240135858,-0.196480655938568,0.793975698204488
5740-YHGTW,1.53226051300333,1.08975022219001,0.793975698204488
8917-SZTTJ,1.12505687580303,-1.49932950406881,-1.1459968403746
1696-MZVAU,0.269929237682388,-1.3132082400502,-1.63098997501937
7359-WWYJV,1.61370124044339,1.65143760824616,2.2489551021388
0375-HVGXO,-1.27744458367877,-0.999128607018805,-1.1459968403746
4906-ZHGPK,0.880734693482843,0.197365233100803,0.793975698204488
8593-WHYHV,-1.1960038562387,0.682609957149311,-0.176010571085054
3795-GWTRD,1.24721796696312,0.358559542116917,1.27896883284926
1298-PHBTI,1.57298087672336,0.66599198714765,0.308982563559717
6223-DHJGV,0.392090328842479,-1.46609356406549,-1.1459968403746
6961-MJKBO,0.595692147442631,-1.47274075206615,-1.1459968403746
6097-EQISJ,1.36937905812321,1.25260632820629,1.27896883284926
4423-YLHDV,-0.463037309278159,1.31741641121277,1.27896883284926
8158-WPEZG,-0.870240946478462,-0.967554464015649,-0.661003705729825
0107-YHINA,-1.27744458367877,1.16286929019732,0.793975698204488
4918-FYJNT,0.921455057202873,0.853775048166422,0.793975698204488
0727-BNRLG,1.4915401492833,1.09307381619034,1.27896883284926
4854-CIDCF,-1.1960038562387,0.302058444111269,-0.661003705729825
8640-SDGKB,-1.15528349251868,0.320338211113097,0.793975698204488
3280-MRDOF,-0.0965540357978854,0.144187729095487,0.793975698204488
6435-SRWBJ,-1.11456312879864,0.597858310140839,0.308982563559717
9964-WBQDJ,1.57298087672336,-1.34145878905303,-0.661003705729825
6303-KFWSL,-0.137274399517916,-0.316130039950529,-0.176010571085054
1702-CCFNJ,0.799293966042782,-0.113390805930262,0.308982563559717
8932-CZHRQ,1.45081978556327,0.398442670120904,1.27896883284926
0386-CWRGM,0.5549717837226,-1.50763848906964,-1.1459968403746
5515-RUGKN,-0.992402037638553,-0.33274800995219,-0.661003705729825
0404-AHASP,1.61370124044339,-1.49766770706864,-1.1459968403746
7279-NMVJC,-0.62591876415828,-1.49102051906798,-1.1459968403746
2081-VEYEH,-1.1960038562387,1.43540399822456,1.27896883284926
6407-UTSLV,-1.23672421995873,0.632756047144327,-0.176010571085054
4116-TZAQJ,-0.951681673918523,0.315352820112598,-0.661003705729825
9060-HJJRW,0.758573602322752,-0.277908708946708,0.308982563559717
2587-YNLES,-1.07384276507861,-1.48437333106731,-1.1459968403746
7398-SKNQZ,-1.1960038562387,1.00167498118121,0.308982563559717
5935-FCCNB,-0.62591876415828,0.978409823178881,0.308982563559717
1958-RNRKS,-0.0965540357978854,-0.493942318968304,-0.661003705729825
5136-RGMZO,-0.0558336720778551,0.208997812101966,0.793975698204488
8345-MVDYC,0.51425142000257,0.561298776137184,1.27896883284926
8226-BXGES,1.28793833068315,0.820539108163099,0.793975698204488
3877-JRJIP,-1.27744458367877,-0.163244715935246,-0.176010571085054
8375-DKEBR,-1.27744458367877,0.160805699097148,-1.1459968403746
9705-IOVQQ,1.16577723952306,1.13794233519483,0.793975698204488
1015-OWJKI,-1.27744458367877,-1.5192710680708,-1.1459968403746
7511-YMXVQ,-0.951681673918523,-0.643504048983255,-0.661003705729825
2040-XBAVJ,1.61370124044339,1.65143760824616,2.2489551021388
7551-JOHTI,-1.27744458367877,-1.50431489506931,-1.1459968403746
8887-IPQNC,-1.03312240135858,-0.681725379987076,-1.1459968403746
8646-JCOMS,1.36937905812321,0.857098642166754,0.793975698204488
9804-ICWBG,-1.27744458367877,0.170776481098145,-1.1459968403746
1222-KJNZD,0.310649601402418,-1.47440254906632,-1.1459968403746
0106-GHRQR,-0.66663912787831,0.220630391103129,0.793975698204488
5318-IXUZF,-1.23672421995873,0.744096446155458,-0.176010571085054
3768-VHXQO,1.41009942184324,-1.32650261605153,-0.661003705729825
8952-WCVCD,0.351369965122448,1.31907820821294,1.27896883284926
2418-TPEUN,0.962175420922904,-1.49434411306831,-1.1459968403746
3963-RYFNS,1.61370124044339,1.71790948825281,2.2489551021388
3198-VELRD,-1.1960038562387,0.664330190147484,-0.176010571085054
8540-ZQGEA,0.880734693482843,-1.48603512806748,-1.1459968403746
1320-REHCS,0.799293966042782,1.52846463023387,1.76396196749403
4137-JOPHL,0.717853238602722,0.82884809316393,0.308982563559717
9436-ZBZCT,-0.748079855318371,0.837157078164761,0.308982563559717
7801-CEDNV,-0.218715126957977,-0.533825446972291,-0.661003705729825
2057-BOYKM,1.61370124044339,1.05817607918686,1.27896883284926
3658-QQJYD,1.20649760324309,0.317014617112764,0.793975698204488
1803-BGNBD,-0.829520582758432,-0.347704182953685,-0.176010571085054
0134-XWXCE,0.473531056282539,0.335294384114591,0.793975698204488
6950-TWMYB,0.880734693482843,0.504797678131536,-0.176010571085054
5848-FHRFC,1.45081978556327,-1.48603512806748,-1.1459968403746
2243-FNMMI,-0.503757672998189,-1.50763848906964,-1.1459968403746
2511-MORQY,0.717853238602722,-0.327762618951692,-0.176010571085054
5356-KZCKT,1.04361614836296,-1.33979699205286,-0.661003705729825
9470-XCCEM,0.107047782802266,0.827186296163764,0.308982563559717
6519-CFDBX,-1.23672421995873,-0.643504048983255,-1.1459968403746
3902-MIVLE,1.24721796696312,0.363544933117415,1.27896883284926
0409-WTMPL,1.04361614836296,1.52514103623354,1.76396196749403
8763-KIAFH,-0.218715126957977,-1.46941715806582,-1.1459968403746
3669-WHAFY,1.57298087672336,1.67470276624849,2.2489551021388
3055-VTCGS,1.24721796696312,-0.206451437939565,-0.176010571085054
3144-KMTWZ,1.57298087672336,0.946835680175725,0.793975698204488
7279-BUYWN,0.351369965122448,1.60989268324201,1.76396196749403
7156-MHUGY,-0.788800219038401,0.855436845166588,-0.176010571085054
7198-GLXTC,-1.23672421995873,0.47322353512838,-0.661003705729825
2007-QVGAW,1.45081978556327,-1.50930028606981,-1.1459968403746
5207-PLSTK,-1.27744458367877,-0.532163649972125,-0.661003705729825
2307-FYNNL,1.32865869440318,1.47196353222822,1.76396196749403
5605-XNWEN,1.61370124044339,-1.32151722505103,-0.661003705729825
2155-AMQRX,-0.177994763237946,-0.327762618951692,-0.176010571085054
6181-AXXYF,1.61370124044339,-1.32982621005186,-0.661003705729825
5091-HFAZW,-1.23672421995873,0.877040206168748,0.308982563559717
0516-VRYBW,-0.58519840043825,-1.48271153406715,-1.1459968403746
2519-LBNQL,1.12505687580303,1.3157546142126,1.27896883284926
8623-ULFNQ,-0.259435490678007,0.0428181120853536,0.308982563559717
8380-PEFPE,-1.27744458367877,0.22893937610396,-1.1459968403746
5687-DKDTV,-1.15528349251868,-1.47606434606648,-1.1459968403746
1568-LJSZU,1.45081978556327,0.911937943172236,2.2489551021388
7530-HDYDS,0.229208873962357,0.647712220145823,0.308982563559717
7789-HKSBS,0.392090328842479,1.34400516321543,1.27896883284926
7416-CKTEP,1.00289578464293,-1.50099130106898,-1.1459968403746
2586-CWXVV,0.880734693482843,-1.14204314903309,-1.1459968403746
3096-IZETN,-0.829520582758432,0.443311189125389,-0.661003705729825
2348-KCJLT,0.473531056282539,-0.108405414929763,0.308982563559717
8401-EMUWF,0.392090328842479,0.154158511096484,0.793975698204488
4193-IBKSW,1.61370124044339,-1.32982621005186,-0.661003705729825
5377-NDTOU,1.57298087672336,0.873716612168415,2.2489551021388
5922-ABDVO,-0.544478036718219,0.827186296163764,0.308982563559717
2474-LCNUE,-0.381596581838098,0.295411256110605,0.793975698204488
0839-QNXME,-0.0965540357978854,-1.50763848906964,-1.1459968403746
3506-OVLKD,0.107047782802266,-1.28163409704705,-0.661003705729825
9172-ANCRX,-0.910961310198492,1.12797155319383,0.793975698204488
6650-VJONK,-1.27744458367877,-0.695019755988405,-1.1459968403746
2178-PMGCJ,-0.422316945558128,0.164129293097481,-1.1459968403746
7492-TAFJD,-1.03312240135858,-0.871170238006014,-0.176010571085054
2773-MADBQ,0.147768146522297,-0.387587310957672,0.793975698204488
6016-LVTJQ,0.066327419082236,-1.46609356406549,-1.1459968403746
7860-KSUGX,1.61370124044339,-0.0103593919199622,0.793975698204488
8966-KZXXA,0.147768146522297,-1.3181936310507,-0.661003705729825
6910-HADCM,-1.27744458367877,0.385148294119575,-0.661003705729825
4816-LXZYW,-0.381596581838098,0.478208926128878,-0.176010571085054
9606-PBKBQ,-0.0151133083578247,0.672639175148314,-0.176010571085054
5149-QYTTU,1.57298087672336,1.00998396618204,1.27896883284926
2070-XYMFH,-0.381596581838098,0.484856114129542,-0.176010571085054
2085-BOJKI,-0.62591876415828,1.05983787618702,0.308982563559717
0817-HSUSE,-1.27744458367877,0.356897745116751,0.793975698204488
5442-PPTJY,-0.829520582758432,-1.49766770706864,-1.1459968403746
1927-QEWMY,1.61370124044339,-1.47107895506598,-1.1459968403746
1663-MHLHE,-1.27744458367877,-1.5142856770703,-1.1459968403746
5663-QBGIS,1.61370124044339,1.11633897419267,0.793975698204488
4450-MDZFX,1.12505687580303,0.31867641411293,-0.661003705729825
6701-DHKWQ,1.16577723952306,-0.445750205963487,0.308982563559717
7554-AKDQF,-1.07384276507861,-0.635195063982425,-1.1459968403746
3536-IQCTX,-0.0151133083578247,0.682609957149311,-0.176010571085054
4911-BANWH,-0.0558336720778551,0.724154882153464,-0.176010571085054
8496-EJAUI,-0.544478036718219,0.302058444111269,-0.661003705729825
0794-YVSGE,1.61370124044339,-1.47772614306665,-1.1459968403746
5423-BHIXO,-0.0151133083578247,-0.351027776954017,-0.176010571085054
6908-VVYHM,1.32865869440318,0.860422236167086,0.308982563559717
2959-EEXWB,0.51425142000257,-0.460706378964982,-0.176010571085054
1839-UMACK,0.392090328842479,-1.31985542805087,-0.661003705729825
3030-YDNRM,-0.992402037638553,0.335294384114591,-0.661003705729825
7321-KKSDU,-0.0151133083578247,-1.47107895506598,-1.1459968403746
3402-XRIUO,-0.422316945558128,-0.0402717379229526,0.793975698204488
3132-TVFDZ,1.00289578464293,-0.661783815985083,-0.661003705729825
8286-AFUYI,-1.27744458367877,-0.558752401974783,-0.661003705729825
8080-DDEMJ,-1.27744458367877,-0.653474830984252,-1.1459968403746
8356-WUAOJ,-1.27744458367877,-0.656798424984584,-1.1459968403746
6365-MTGZX,-0.340876218118068,1.03823451518486,0.308982563559717
1349-WXNGG,-1.27744458367877,-1.48603512806748,-1.1459968403746
8058-DMYRU,0.880734693482843,0.840480672165093,0.308982563559717
9350-ZXYJC,-1.15528349251868,-1.31154644305004,-0.661003705729825
6990-YNRIO,1.32865869440318,1.45866915622689,1.76396196749403
8958-JPTRR,0.962175420922904,-1.34478238305336,-0.661003705729825
6959-GQEGV,0.51425142000257,0.371853918118246,0.793975698204488
3173-WSSUE,1.57298087672336,-1.49766770706864,-1.1459968403746
1265-HVPZB,1.084336512083,0.0544506910865167,0.793975698204488
4115-UMJFQ,1.4915401492833,-0.964230870015317,-0.661003705729825
7369-TRPFD,-0.544478036718219,-1.52758005307163,-1.1459968403746
1098-KFQEC,0.921455057202873,-1.50763848906964,-1.1459968403746
7190-XHTWJ,0.229208873962357,-1.51096208306997,-1.1459968403746
0621-TWIEM,-0.910961310198492,-0.638518657982757,-1.1459968403746
3537-RYBHH,0.595692147442631,0.0893484280900052,0.793975698204488
2485-ITVKB,-1.23672421995873,-0.985834231017476,-1.1459968403746
3669-OYSJI,-1.27744458367877,-0.616915296980597,-1.1459968403746
1612-EOHDH,-1.27744458367877,-0.651813033984086,-1.1459968403746
6702-OHFWR,-1.27744458367877,-0.713299522990232,-0.176010571085054
5296-BFCYD,0.5549717837226,-1.48437333106731,-1.1459968403746
4510-PYUSH,0.229208873962357,-0.252981753944216,-0.176010571085054
9359-JANWS,1.32865869440318,-0.194818858938402,0.308982563559717
7517-SAWMO,-0.544478036718219,0.280455083109109,-0.661003705729825
4143-HHPMK,0.799293966042782,0.684271754149477,-0.176010571085054
3279-DYZQM,1.57298087672336,-1.50597669206947,-1.1459968403746
7054-LGEQW,-1.27744458367877,-0.625224281981428,-1.1459968403746
0523-VNGTF,0.799293966042782,-0.474000754966311,0.308982563559717
9575-IWCAZ,-1.07384276507861,-1.3181936310507,-0.661003705729825
7105-MXJLL,-0.259435490678007,-0.134994166932421,-0.176010571085054
7064-FRRSW,0.636412511162661,1.13794233519483,0.793975698204488
7940-UQQUG,1.28793833068315,1.31741641121277,1.27896883284926
0923-PNFUB,-1.1960038562387,0.631094250144161,-0.176010571085054
3961-SXAXY,-1.27744458367877,-0.688372567987741,-1.1459968403746
7010-BRBUU,1.61370124044339,-1.35142957105402,-0.661003705729825
3566-HJGPK,-1.27744458367877,-0.638518657982757,-1.1459968403746
3062-ICYZQ,0.758573602322752,0.965115447177552,0.793975698204488
9938-PRCVK,0.351369965122448,-1.49766770706864,-1.1459968403746
0973-KYVNF,1.61370124044339,0.195703436100637,0.793975698204488
5129-HHMZC,0.432810692562509,0.720831288153132,1.76396196749403
9637-CDTKZ,1.61370124044339,1.639805029245,2.2489551021388
3946-JEWRQ,0.595692147442631,1.0116457631822,0.308982563559717
7873-CVMAW,1.61370124044339,0.790626762160109,2.2489551021388
0463-WZZKO,-1.1960038562387,-1.46276997006515,-1.1459968403746
3494-JCHRQ,-1.27744458367877,0.175761872098643,-1.1459968403746
6474-FVJLC,-1.23672421995873,0.705875115151637,-0.176010571085054
4524-QCSSM,-0.259435490678007,-0.668431003985747,-0.176010571085054
5832-EXGTT,-0.137274399517916,-0.151612136934083,-0.176010571085054
8840-DQLGN,0.107047782802266,1.18779624519981,1.27896883284926
2039-JONDJ,-0.218715126957977,-0.309482851949864,-0.176010571085054
7217-JYHOQ,-0.340876218118068,0.184070857099474,0.793975698204488
6695-FRVEC,1.41009942184324,-0.144964948933418,0.308982563559717
4547-LYTDD,-0.66663912787831,0.262175316107282,-0.661003705729825
9894-QMIMJ,-0.381596581838098,-0.297850272948702,-0.176010571085054
8069-YQQAJ,-0.748079855318371,-1.11877799103077,-1.1459968403746
6770-XUAGN,-1.27744458367877,-1.45446098506432,-1.1459968403746
4193-ORFCL,-1.27744458367877,-0.653474830984252,-1.1459968403746
1636-NTNCO,-1.15528349251868,-0.459044581964815,-0.176010571085054
3466-WAESX,-0.66663912787831,0.144187729095487,0.793975698204488
9281-PKKZE,0.5549717837226,-0.691696161988073,-0.661003705729825
3638-VBZTA,1.45081978556327,0.722493085153298,1.76396196749403
7459-IMVYU,0.229208873962357,0.172438278098311,1.27896883284926
7776-QWNFX,-0.0965540357978854,-0.477324348966643,-0.661003705729825
6689-TCZHQ,-1.11456312879864,0.471561738128214,-0.661003705729825
8563-OYMQY,-0.62591876415828,0.870393018168083,0.308982563559717
0754-EEBDC,-1.15528349251868,-1.49102051906798,-1.1459968403746
5777-ZPQNC,-0.829520582758432,-1.48271153406715,-1.1459968403746
1951-IEYXM,1.61370124044339,0.85876043916692,2.2489551021388
3318-NMQXL,-1.1960038562387,0.905290755171572,-0.176010571085054
3143-ILDAL,0.962175420922904,0.986718808179712,0.793975698204488
1022-RKXDR,0.351369965122448,-1.32650261605153,-0.661003705729825
2361-FJWNO,0.310649601402418,-0.955921885014486,-0.661003705729825
2272-UOINI,-1.03312240135858,0.456605565126718,1.27896883284926
8232-UTFOZ,1.4915401492833,-1.48935872206781,-1.1459968403746
3750-YHRYO,-1.03312240135858,-1.46609356406549,-1.1459968403746
6637-KYRCV,-1.11456312879864,-1.13871955503276,-1.1459968403746
5668-MEISB,1.61370124044339,1.37391750921842,1.76396196749403
0129-QMPDR,0.473531056282539,-1.47107895506598,-1.1459968403746
7188-CBBBA,1.32865869440318,1.0216165451832,0.793975698204488
5356-CSVSQ,-1.1960038562387,-0.00537400091946406,0.308982563559717
3221-CJMSG,-0.340876218118068,-0.454059190964317,-0.661003705729825
4720-VSTSI,0.473531056282539,0.66599198714765,0.308982563559717
3219-JQRSL,1.61370124044339,0.808906529161936,2.2489551021388
2801-NISEI,-0.340876218118068,-0.326100821951526,-0.176010571085054
3946-MHCZW,-1.27744458367877,-0.460706378964982,-0.661003705729825
4623-ZKHLY,-0.422316945558128,-1.47274075206615,-1.1459968403746
6732-VAILE,1.53226051300333,0.704213318151471,1.76396196749403
8201-AAXCB,-0.300155854398037,-0.146626745933584,-0.176010571085054
7696-CFTAT,0.188488510242327,-1.49434411306831,-1.1459968403746
1845-CSBRZ,-0.422316945558128,0.684271754149477,-0.176010571085054
2123-VSCOT,1.084336512083,0.243895549105454,0.793975698204488
6651-AZVTJ,0.677132874882691,1.16453108719749,0.793975698204488
4566-GOLUK,0.595692147442631,1.41546243422257,1.27896883284926
2484-DGXPZ,-0.0558336720778551,-1.50265309806914,-1.1459968403746
2018-QKYGT,-1.27744458367877,0.541357212135191,-0.661003705729825
2792-VPPET,-1.1960038562387,-1.47107895506598,-1.1459968403746
7409-JURKQ,0.840014329762813,1.56336236723736,1.76396196749403
3247-MHJKM,-1.27744458367877,-1.48104973706698,-1.1459968403746
1964-SVLEA,-0.503757672998189,-1.49766770706864,-1.1459968403746
4587-NUKOX,-1.1960038562387,0.476547129128712,-0.176010571085054
7297-DVYGA,0.758573602322752,-1.49268231606814,-1.1459968403746
2239-CGBUZ,0.758573602322752,-0.141641354933086,0.308982563559717
0854-UYHZD,-0.788800219038401,-1.50265309806914,-1.1459968403746
7243-LCGGZ,-1.27744458367877,-1.45778457906466,-1.1459968403746
8267-KFGYD,-1.27744458367877,-1.45279918806416,-1.1459968403746
4890-VMUAV,1.24721796696312,0.223953985103461,1.27896883284926
9261-WDCAF,-1.1960038562387,-0.336071603952522,-0.661003705729825
3764-MNMOI,0.5549717837226,-1.5142856770703,-1.1459968403746
7442-YGZFK,-1.27744458367877,-0.497265912968636,-0.661003705729825
0420-BWTPW,-0.992402037638553,-1.30489925504937,-1.63098997501937
8229-BUJHX,1.57298087672336,-1.47107895506598,-1.1459968403746
7449-HVPIV,0.921455057202873,0.852113251166256,0.308982563559717
5504-WSIUR,1.53226051300333,0.847127860165757,0.793975698204488
8183-ONMXC,-1.23672421995873,0.531386430134194,-0.661003705729825
8466-PZBLH,1.41009942184324,1.32406359921343,1.27896883284926
9614-RMGHA,1.32865869440318,0.900305364171073,0.308982563559717
8735-IJJEG,-0.748079855318371,-0.483971536967307,-0.661003705729825
0564-MUUQK,-0.503757672998189,1.0216165451832,0.793975698204488
5054-IEXZT,-1.27744458367877,0.351912354116252,-0.661003705729825
5834-ASPWA,-1.27744458367877,0.355235948116585,-0.661003705729825
0701-RFGFI,0.677132874882691,1.01829295118287,0.308982563559717
0019-EFAEP,1.61370124044339,1.21438499720247,1.27896883284926
5619-PTMIK,0.5549717837226,-0.387587310957672,-0.176010571085054
3737-XBQDD,-0.340876218118068,0.667653784147816,0.308982563559717
5882-CMAZQ,-1.11456312879864,-1.0140847800203,-0.661003705729825
5846-QFDFI,0.0256070553622056,0.792288559160275,0.793975698204488
4445-KWOKW,0.392090328842479,-0.153273933934249,0.308982563559717
3511-APPBJ,-0.381596581838098,1.16951647819798,0.793975698204488
7967-HYCDE,-0.992402037638553,0.197365233100803,-1.1459968403746
2430-RRYUW,1.36937905812321,-0.331086212952024,-0.176010571085054
3948-XHGNA,-0.340876218118068,-0.505574897969467,-0.661003705729825
3723-BFBGR,-0.340876218118068,-0.331086212952024,-0.176010571085054
0565-IYCGT,1.4915401492833,0.45992915912705,1.76396196749403
5447-WZAFP,0.840014329762813,1.18114905719915,0.793975698204488
5110-CHOPY,1.12505687580303,-0.370969340956011,0.308982563559717
5445-UTODQ,-1.03312240135858,0.543019009135357,-0.661003705729825
4425-OWHWB,-0.503757672998189,-1.50930028606981,-1.1459968403746
7892-QVYKW,-0.381596581838098,0.692580739150308,-0.176010571085054
9675-ICXCT,1.61370124044339,0.53304822713436,1.27896883284926
1024-VRZHF,-0.870240946478462,0.338617978114924,-0.661003705729825
4703-MQYKT,-0.463037309278159,-1.50099130106898,-1.1459968403746
9497-QCMMS,-1.27744458367877,0.956806462176721,0.308982563559717
5692-ICXLW,-0.0558336720778551,0.862084033167252,0.308982563559717
0602-DDUML,1.00289578464293,0.165791090097647,0.793975698204488
2208-MPXIO,0.51425142000257,-1.48769692506765,-1.1459968403746
1960-UYCNN,-0.910961310198492,1.01330756018237,0.793975698204488
0348-SDKOL,1.04361614836296,1.24097374920513,1.27896883284926
3190-FZATL,-0.748079855318371,-1.48935872206781,-1.1459968403746
7336-RLLRH,-0.218715126957977,0.534710024134526,1.27896883284926
4373-MAVJG,-0.748079855318371,0.868731221167917,0.308982563559717
8901-HJXTF,-0.829520582758432,-1.18192627703708,-1.1459968403746
7710-JSYOA,1.4915401492833,0.948497477175891,0.793975698204488
5419-KLXBN,-0.300155854398037,0.810568326162103,0.308982563559717
3424-NMNBO,1.04361614836296,1.46531634422755,1.76396196749403
9885-MFVSU,0.107047782802266,-0.611929905980099,-0.176010571085054
4514-GFCFI,-0.66663912787831,0.664330190147484,-0.176010571085054
0607-MVMGC,0.51425142000257,0.464914550127549,1.27896883284926
3365-SAIGS,-0.62591876415828,0.624447062143497,-0.176010571085054
9828-AOQLM,-1.27744458367877,-0.633533266982258,-1.1459968403746
8022-BECSI,-0.422316945558128,-1.50099130106898,-1.1459968403746
8000-REIQB,-1.27744458367877,0.172438278098311,-1.1459968403746
9993-LHIEB,1.41009942184324,0.102642804091334,0.793975698204488
0266-CLZKZ,1.41009942184324,1.35896133621692,1.27896883284926
7615-ESMYF,-1.23672421995873,-0.670092800985913,-0.661003705729825
3858-VOBET,-0.381596581838098,0.338617978114924,-0.661003705729825
7020-OZKXZ,-0.951681673918523,0.356897745116751,-0.661003705729825
3977-QCRSL,-1.11456312879864,-1.48271153406715,-1.1459968403746
0017-DINOC,0.880734693482843,-0.65015123698392,-0.176010571085054
1447-PJGGA,1.00289578464293,1.01330756018237,0.308982563559717
8565-CLBZW,-0.340876218118068,0.833833484164428,0.308982563559717
9139-WQQDY,0.677132874882691,1.18613444819965,0.793975698204488
0224-HJAPT,-1.11456312879864,-0.585341153977441,-0.661003705729825
8086-OVPWV,-1.23672421995873,0.513106663132367,-0.661003705729825
9430-FRQOC,-1.15528349251868,0.742434649155291,0.308982563559717
7639-OPLNG,1.53226051300333,0.48153252012921,1.76396196749403
3074-GQWYX,-1.11456312879864,0.37019212111808,-0.661003705729825
1492-QGCLU,0.840014329762813,0.69590433315064,1.76396196749403
6845-RGTYS,0.595692147442631,1.129633350194,1.27896883284926
7328-OWMOM,-0.0558336720778551,-1.48437333106731,-1.1459968403746
4418-LZMSV,-0.788800219038401,-0.0984346329287669,0.308982563559717
5155-AZQPB,-0.177994763237946,-0.493942318968304,-0.661003705729825
8861-HGGKB,-0.910961310198492,0.720831288153132,-0.176010571085054
1087-GRUYI,0.229208873962357,-1.47440254906632,-1.1459968403746
7065-YUNRY,-1.27744458367877,-0.646827642983588,-1.1459968403746
7694-VLBWQ,1.41009942184324,1.30744562921177,1.27896883284926
2546-KZAAT,0.799293966042782,0.353574151116419,0.793975698204488
0181-RITDD,1.20649760324309,1.44205118622523,1.76396196749403
5989-PGKJB,-0.66663912787831,0.714184100152467,-0.176010571085054
4795-KTRTH,-1.11456312879864,0.539695415135025,-0.176010571085054
8272-ONJLV,-0.829520582758432,1.02826373318387,0.308982563559717
1488-PBLJN,1.61370124044339,1.73120386425413,2.2489551021388
0308-GIQJT,1.57298087672336,1.36228493021726,1.27896883284926
3778-FOAQW,-0.340876218118068,-1.48271153406715,-1.1459968403746
4452-ROHMO,-0.707359491598341,-1.50099130106898,-1.1459968403746
6481-OGDOO,1.41009942184324,0.85876043916692,0.308982563559717
3090-LETTY,-1.23672421995873,-0.126685181931591,0.308982563559717
5349-AZPEW,-1.11456312879864,-1.31985542805087,-1.63098997501937
3753-TSEMP,-0.707359491598341,0.77733238615878,-0.176010571085054
8305-VHZBZ,-1.27744458367877,-1.48104973706698,-1.1459968403746
9720-JJJOR,0.351369965122448,-0.148288542933751,0.308982563559717
8100-HZZLJ,0.432810692562509,-0.0269773619216234,0.308982563559717
8775-ERLNB,-1.27744458367877,0.317014617112764,-0.661003705729825
8309-IEYJD,-1.27744458367877,0.194041639100471,-1.1459968403746
9172-JITSM,-0.259435490678007,0.865407627167585,-0.176010571085054
6298-QDFNH,-0.422316945558128,0.484856114129542,-0.176010571085054
7398-HPYZQ,1.57298087672336,0.857098642166754,2.2489551021388
3546-GHEAE,-1.03312240135858,-1.50597669206947,-1.1459968403746
7361-YPXFS,-0.177994763237946,-0.0103593919199622,0.793975698204488
6557-BZXLQ,-0.66663912787831,0.162467496097315,-1.1459968403746
2550-QHZGP,-1.03312240135858,-1.50431489506931,-1.1459968403746
7519-JTWQH,1.4915401492833,1.52015564523304,1.76396196749403
2538-OIMXF,-1.27744458367877,-1.33148800705203,-1.63098997501937
8543-MSDMF,-1.1960038562387,0.420046031123064,0.793975698204488
9961-JBNMK,-0.463037309278159,1.06482326718752,0.308982563559717
1170-SASML,1.4915401492833,0.685933551149644,0.308982563559717
4872-JCVCA,1.57298087672336,-0.570384980975946,0.308982563559717
5346-BZCHP,1.4915401492833,-1.50763848906964,-1.1459968403746
2038-LLMLM,0.636412511162661,1.29913664421094,1.27896883284926
6173-ITPWD,0.595692147442631,0.617799874142832,0.308982563559717
9734-UYXQI,-1.23672421995873,-0.510560288969965,-0.661003705729825
1216-BGTSP,0.51425142000257,1.45202196822623,1.76396196749403
4138-NAXED,0.758573602322752,0.539695415135025,-0.176010571085054
2189-UXTKY,-0.422316945558128,0.479870723129044,1.27896883284926
0744-BIKKF,1.61370124044339,0.727478476153797,2.2489551021388
7483-IQWIB,0.188488510242327,0.936864898174728,0.793975698204488
5248-KWLAR,1.57298087672336,0.850451454166089,2.2489551021388
4958-GZWIY,-1.03312240135858,-0.533825446972291,-0.661003705729825
7996-MHXLW,1.36937905812321,-1.31653183405053,-0.661003705729825
7833-PKIHD,0.758573602322752,0.386810091119741,0.793975698204488
7061-OVMIM,-0.0965540357978854,-1.50265309806914,-1.1459968403746
5153-RTHKF,0.066327419082236,0.684271754149477,-0.176010571085054
1852-QSWCD,1.28793833068315,-1.3281644130517,-0.661003705729825
4832-VRBMR,1.32865869440318,1.27587148620862,1.27896883284926
9079-LWTFD,0.595692147442631,1.19610523020064,1.27896883284926
6356-ELRKD,-1.27744458367877,1.02494013918353,0.308982563559717
8624-GIOUT,0.677132874882691,-0.166568309935578,0.308982563559717
3392-EHMNK,1.41009942184324,0.975086229178549,0.793975698204488
5986-WWXDV,0.269929237682388,-1.50930028606981,-1.1459968403746
3061-BCKYI,-0.748079855318371,-1.49102051906798,-1.1459968403746
6179-GJPSO,0.432810692562509,1.44205118622523,1.27896883284926
7901-TBKJX,0.962175420922904,1.20607601220164,0.793975698204488
7228-PAQPD,-0.748079855318371,-0.188171670937737,-0.176010571085054
3177-LASXD,-1.27744458367877,0.218968594102963,-1.1459968403746
7746-QYVCO,-0.66663912787831,-0.296188475948535,-0.176010571085054
5804-HYIEZ,1.53226051300333,1.37225571221825,1.27896883284926
9919-FZDED,1.61370124044339,0.642726829145324,1.76396196749403
5934-TSSAU,-0.381596581838098,0.350250557116086,-0.661003705729825
3486-KHMLI,-0.463037309278159,-1.33148800705203,-0.661003705729825
4897-QSUYC,-1.27744458367877,-1.48271153406715,-1.1459968403746
1084-UQCHV,-1.27744458367877,0.165791090097647,-1.1459968403746
8290-YWKHZ,-0.0151133083578247,0.945173883175559,0.308982563559717
2955-BJZHG,-0.62591876415828,0.534710024134526,-0.661003705729825
3806-DXQOM,-1.15528349251868,-1.03402634402229,-0.661003705729825
6784-XYJAE,0.147768146522297,-0.297850272948702,-0.176010571085054
3933-DQPWX,0.717853238602722,-0.832948907002193,-0.176010571085054
6661-EIPZC,0.636412511162661,-1.17195549503608,-1.1459968403746
8957-THMOA,0.717853238602722,-1.48271153406715,-1.1459968403746
2251-PYLPB,1.61370124044339,0.491503302130207,1.76396196749403
5555-RNPGT,-0.910961310198492,-1.3281644130517,-0.661003705729825
1057-FOGLZ,-0.58519840043825,-1.49932950406881,-1.1459968403746
9300-RENDD,-1.27744458367877,0.504797678131536,-0.661003705729825
0761-AETCS,-1.27744458367877,-1.51096208306997,-1.1459968403746
8087-LGYHQ,-0.951681673918523,0.973424432178383,0.308982563559717
4137-BTIKL,-1.23672421995873,0.863745830167419,0.308982563559717
2190-BCXEC,0.310649601402418,0.468238144127881,-0.176010571085054
6227-FBDXH,1.4915401492833,1.15456030519649,0.793975698204488
2153-MREFK,0.188488510242327,1.14458952319549,1.27896883284926
2911-WDXMV,-0.58519840043825,0.524739242133529,-0.176010571085054
7206-PQBBZ,-0.870240946478462,0.180747263099142,-1.1459968403746
3106-ULWFW,-0.992402037638553,0.679286363148979,-0.176010571085054
0925-VYDLG,-1.1960038562387,0.34858876011592,-0.661003705729825
4547-FZJWE,0.921455057202873,-0.176539091936574,-0.176010571085054
7422-WNBTY,0.0256070553622056,0.950159274176057,0.793975698204488
0842-IWYCP,0.5549717837226,-0.65846022198475,-1.1459968403746
3521-HTQTV,0.066327419082236,-1.28495769104738,-0.661003705729825
3744-ZBHON,-1.1960038562387,-1.48104973706698,-1.1459968403746
3373-DIUUN,-0.0965540357978854,-1.44615200006349,-1.1459968403746
8383-SGHJU,0.0256070553622056,-0.178200888936741,0.308982563559717
7607-QKKTJ,0.51425142000257,1.00499857518154,0.793975698204488
7707-PYBBH,0.310649601402418,-0.0951110389284346,0.308982563559717
8984-HPEMB,1.57298087672336,1.79102855626011,2.2489551021388
4349-GFQHK,-1.27744458367877,-0.346042385953519,-0.176010571085054
4139-DETXS,1.61370124044339,-0.0103593919199622,1.27896883284926
9779-DPNEJ,-0.422316945558128,0.511444866132201,-0.661003705729825
9805-FILKB,0.5549717837226,-1.48104973706698,-1.1459968403746
5793-YOLJN,0.921455057202873,-1.45446098506432,-1.1459968403746
0673-IGUQO,-1.27744458367877,-1.47274075206615,-1.1459968403746
4123-FCVCB,-0.829520582758432,0.368530324117914,0.793975698204488
8819-IMISP,-0.0558336720778551,0.521415648133197,-0.176010571085054
7802-EFKNY,-1.11456312879864,-1.3231790220512,-1.63098997501937
8311-UEUAB,1.41009942184324,0.356897745116751,0.793975698204488
5858-EAFCZ,-1.27744458367877,-0.675078191986411,-1.1459968403746
8035-BUYVG,0.310649601402418,-0.744873665993389,-0.176010571085054
1163-ONYEY,0.351369965122448,0.325323602113595,1.27896883284926
9787-XVQIU,-1.27744458367877,0.350250557116086,-0.661003705729825
8945-MUQUF,0.758573602322752,0.998351387180874,0.793975698204488
5656-MJEFC,0.392090328842479,-0.552105213974118,0.308982563559717
6082-OQFBA,-0.381596581838098,-1.49932950406881,-1.1459968403746
8051-HJRLT,-1.27744458367877,0.192379842100305,-1.1459968403746
8974-OVACP,-1.27744458367877,-1.48271153406715,-1.1459968403746
4010-YLMVT,0.962175420922904,1.39053547922008,1.27896883284926
1379-FRVEB,-0.707359491598341,0.872054815168249,0.308982563559717
8612-GXIDD,-0.829520582758432,-1.3082228490497,-0.661003705729825
6288-CHQJB,0.880734693482843,0.172438278098311,0.793975698204488
8160-HOWOX,-1.03312240135858,0.0694068640880115,-0.176010571085054
3023-GFLBR,0.0256070553622056,0.710860506152135,-0.176010571085054
6648-INWPS,-0.66663912787831,-1.48271153406715,-1.1459968403746
4223-BKEOR,-0.463037309278159,0.00293498408136655,0.308982563559717
4079-VTGLK,-0.0965540357978854,0.335294384114591,0.793975698204488
1763-WQFUK,-1.1960038562387,-0.474000754966311,-0.661003705729825
1391-UBDAR,-0.870240946478462,0.270484301108113,-0.661003705729825
8894-JVDCV,1.20649760324309,1.67137917224815,2.2489551021388
2023-VQFDL,-0.58519840043825,-1.52093286507097,-1.1459968403746
1345-GKDZZ,-1.07384276507861,-1.50265309806914,-1.1459968403746
2014-MKGMH,0.5549717837226,1.20773780920181,0.793975698204488
5628-FCGYG,-0.463037309278159,0.642726829145324,-0.176010571085054
2560-WBWXF,1.45081978556327,-1.34976777405386,-0.661003705729825
0248-IPDFW,-1.27744458367877,-0.487295130967639,-0.661003705729825
7978-DKUQH,-0.300155854398037,0.326985399113761,-0.661003705729825
4335-UPJSI,-0.340876218118068,-1.49600591006848,-1.1459968403746
0524-IAVZO,-0.0965540357978854,0.672639175148314,-0.176010571085054
2737-YNGYW,-1.23672421995873,0.524739242133529,-0.661003705729825
1784-EZDKJ,0.758573602322752,1.39718266722074,1.27896883284926
9297-FVVDH,1.00289578464293,0.656021205146653,1.76396196749403
8007-YYPWD,-0.707359491598341,-1.31985542805087,-0.661003705729825
7101-HRBLJ,1.61370124044339,0.629432453143995,1.76396196749403
5159-YFPKQ,-1.23672421995873,0.366868527117748,-0.661003705729825
6635-CPNUN,-0.177994763237946,1.05817607918686,0.793975698204488
4021-RQSNY,-0.137274399517916,1.12132436519317,0.793975698204488
5453-YBTWV,1.53226051300333,1.20773780920181,1.27896883284926
5039-LZRQT,-0.788800219038401,-1.48104973706698,-1.1459968403746
2931-VUVJN,1.084336512083,0.973424432178383,1.27896883284926
9061-TIHDA,-0.788800219038401,1.01330756018237,0.308982563559717
8699-ASUFO,-1.03312240135858,0.320338211113097,-0.661003705729825
6418-PIQSP,1.20649760324309,0.539695415135025,1.27896883284926
8220-OCUFY,-0.463037309278159,-0.149950339933917,0.308982563559717
3995-WFCSM,-1.23672421995873,-0.130008775931923,-0.176010571085054
1895-QTKDO,-1.27744458367877,-0.691696161988073,-1.1459968403746
2038-OEQZH,-1.15528349251868,0.707536912151803,-0.176010571085054
1178-PZGAB,-0.544478036718219,-1.47938794006682,-1.1459968403746
7927-AUXBZ,-0.0965540357978854,0.677624566148813,-0.176010571085054
2626-VEEWG,1.41009942184324,-1.50763848906964,-1.1459968403746
2878-RMWXY,1.61370124044339,1.25925351620696,1.27896883284926
1657-DYMBM,0.840014329762813,-1.49102051906798,-1.1459968403746
7311-MQJCH,-1.11456312879864,-1.50265309806914,-1.1459968403746
7375-WMVMT,1.57298087672336,1.0216165451832,0.793975698204488
1136-XGEQU,0.717853238602722,0.644388626145491,1.76396196749403
2530-FMFXO,0.962175420922904,1.27753328320878,1.27896883284926
6844-DZKRF,-1.23672421995873,-0.483971536967307,-0.661003705729825
4695-WJZUE,-1.23672421995873,0.790626762160109,0.308982563559717
7619-ODSGN,-0.340876218118068,-0.33274800995219,-0.176010571085054
5970-GHJAW,0.5549717837226,-1.48935872206781,-1.1459968403746
8879-XUAHX,1.57298087672336,1.71126230025214,2.2489551021388
3689-MOZGR,-0.137274399517916,-1.11545439703043,-1.1459968403746
4195-PNGZS,1.4915401492833,-1.33979699205286,-0.661003705729825
5003-XZWWO,1.57298087672336,0.646050423145657,1.76396196749403
3988-RQIXO,-1.27744458367877,0.882025597169246,-0.176010571085054
7622-FWGEW,0.962175420922904,0.694242536150474,1.76396196749403
6922-NCEDI,0.962175420922904,-1.44781379706366,-1.1459968403746
2514-GINMM,-1.27744458367877,0.489841505130041,-0.661003705729825
9891-NQDBD,-0.177994763237946,-1.30323745804921,-0.661003705729825
6131-IUNXN,-0.544478036718219,-1.48104973706698,-1.1459968403746
8548-AWOFC,1.36937905812321,-0.0303009559219557,0.308982563559717
9798-DRYDS,-0.62591876415828,-0.0934492419282683,0.308982563559717
8532-UEFWH,0.799293966042782,-1.29659027004854,-0.661003705729825
6296-DDOOR,-0.544478036718219,-0.218084016940727,-0.176010571085054
7951-VRDVK,0.147768146522297,0.700889724151138,1.76396196749403
5931-FLJJF,-1.03312240135858,0.177423669098809,-1.1459968403746
4815-YOSUK,1.61370124044339,1.33403438121443,1.76396196749403
2659-VXMWZ,1.41009942184324,1.54674439723569,1.76396196749403
0380-NEAVX,0.066327419082236,1.16619288419765,0.793975698204488
3207-OYBWH,1.00289578464293,1.01330756018237,0.793975698204488
4285-GYRQC,-1.03312240135858,0.714184100152467,-0.176010571085054
7216-EWTRS,-1.27744458367877,1.19776702720081,0.793975698204488
4365-MSDYN,-0.992402037638553,-1.50265309806914,-1.1459968403746
7036-TYDEC,1.4915401492833,1.30412203521144,1.27896883284926
5802-ADBRC,0.717853238602722,1.31741641121277,1.27896883284926
8076-FEZKJ,-0.910961310198492,-1.50431489506931,-1.1459968403746
5197-YPYBZ,-0.829520582758432,-1.3132082400502,-0.661003705729825
8337-MSSXB,-0.748079855318371,0.715845897152633,-0.176010571085054
4312-GVYNH,1.53226051300333,-0.49560411596847,0.308982563559717
8495-LJDFO,1.28793833068315,1.46863993822789,1.76396196749403
0839-JTCUD,1.36937905812321,0.835495281164595,2.2489551021388
5494-WOZRZ,1.57298087672336,0.572931355138347,1.27896883284926
1302-UHBDD,-0.503757672998189,0.837157078164761,-0.176010571085054
2234-EOFPT,1.61370124044339,0.484856114129542,1.27896883284926
8619-IJNDK,1.57298087672336,-0.0236537679212913,0.793975698204488
8378-LKJAF,0.229208873962357,1.20939960620197,0.793975698204488
8182-BJDSI,-0.177994763237946,0.837157078164761,0.308982563559717
2528-HFYZX,-0.62591876415828,0.388471888119907,-0.661003705729825
1153-GNOLC,0.0256070553622056,-0.852890471004187,-0.661003705729825
3298-QEICA,-0.381596581838098,-1.00245220101914,-0.661003705729825
0788-DXBFY,1.04361614836296,-1.50265309806914,-1.1459968403746
3597-YASZG,1.53226051300333,1.31907820821294,1.27896883284926
3496-LFSZU,-1.15528349251868,0.190718045100139,-1.1459968403746
5242-UOWHD,0.51425142000257,-1.47606434606648,-1.1459968403746
2482-CZGBB,-0.910961310198492,0.174100075098477,-1.1459968403746
6479-SZPLM,0.147768146522297,-1.50597669206947,-1.1459968403746
8097-VBQTZ,0.880734693482843,0.170776481098145,0.793975698204488
4500-HKANN,-0.381596581838098,-0.168230106935744,0.308982563559717
9917-KWRBE,0.351369965122448,0.45162017412622,1.27896883284926
3420-ZDBMA,-1.11456312879864,0.222292188103295,-1.1459968403746
2212-LYASK,-0.218715126957977,-0.62854787598176,-0.176010571085054
1393-IMKZG,-1.27744458367877,1.03324912418436,0.308982563559717
8069-RHUXK,1.41009942184324,-0.965892667015483,-0.661003705729825
3398-GCPMU,1.61370124044339,0.823862702163431,2.2489551021388
2908-WGAXL,0.962175420922904,-1.3231790220512,-0.661003705729825
3378-AJRAO,0.473531056282539,-1.32650261605153,-0.661003705729825
1013-QCWAM,1.36937905812321,1.19776702720081,0.793975698204488
0866-QLSIR,0.066327419082236,-0.0120211889201282,0.793975698204488
6050-FFXES,1.4915401492833,1.34899055421593,1.27896883284926
7181-BQYBV,-1.27744458367877,1.25260632820629,1.27896883284926
0362-RAOQO,0.310649601402418,-1.49932950406881,-1.1459968403746
9554-DFKIC,-0.0965540357978854,-0.342718791953187,-0.176010571085054
5527-ACHSO,-0.870240946478462,0.190718045100139,0.308982563559717
0829-DDVLK,-0.707359491598341,-1.48437333106731,-1.1459968403746
1399-UBQIU,-0.870240946478462,0.152496714096318,0.308982563559717
1813-JLKWR,1.28793833068315,-1.49434411306831,-1.1459968403746
0336-PIKEI,1.61370124044339,0.320338211113097,1.27896883284926
7322-OCWHC,1.61370124044339,0.94018849217506,1.27896883284926
9537-VHDTA,-1.27744458367877,-0.450735596963985,-0.661003705729825
4957-TIALW,-0.707359491598341,0.0278619390838584,0.793975698204488
2054-PJOCK,1.12505687580303,0.524739242133529,1.27896883284926
9150-HEPMB,0.962175420922904,-0.400881686959001,-0.176010571085054
9030-QGZNL,-0.992402037638553,-1.45944637606482,-1.1459968403746
6204-IEUXJ,-1.1960038562387,0.509783069132034,-0.176010571085054
3126-WQMGH,0.677132874882691,-0.419161453960829,-0.661003705729825
4529-CKBCL,-1.23672421995873,0.513106663132367,-0.661003705729825
2506-CLAKW,-1.07384276507861,1.10969178619201,1.27896883284926
7176-WRTNX,1.53226051300333,1.66805557824782,2.2489551021388
1583-IHQZE,-0.829520582758432,1.60158369824118,1.76396196749403
5732-IKGQH,0.799293966042782,1.31907820821294,1.27896883284926
9239-GZHZE,1.61370124044339,1.6248488562435,2.2489551021388
7205-BAIAD,0.310649601402418,-1.46775536106565,-1.1459968403746
0151-ONTOV,-1.27744458367877,0.204012421101468,-1.1459968403746
4140-MUHUG,-1.1960038562387,0.734125664154461,-0.176010571085054
0093-EXYQL,0.310649601402418,0.890334582170076,-0.176010571085054
8064-RAVOH,-1.27744458367877,-0.49560411596847,-0.661003705729825
0219-QAERP,-0.0965540357978854,-1.49434411306831,-1.1459968403746
0320-JDNQG,-0.381596581838098,1.16619288419765,0.793975698204488
7180-PISOG,-1.27744458367877,0.323661805113429,-0.661003705729825
9168-INPSZ,0.473531056282539,1.30910742621194,1.27896883284926
3571-RFHAR,1.32865869440318,1.47528712622855,1.76396196749403
0015-UOCOJ,-1.03312240135858,-0.550443416973952,-0.661003705729825
5334-AFQJB,1.61370124044339,-1.3181936310507,-0.661003705729825
2754-SDJRD,-0.992402037638553,1.17616366619865,0.793975698204488
9578-VRMNM,-0.66663912787831,0.0145675630825297,0.308982563559717
1587-FKLZB,1.36937905812321,1.15456030519649,0.793975698204488
6140-QNRQQ,-1.27744458367877,0.225615782103627,-1.1459968403746
8963-JLGJT,-1.1960038562387,-0.294526678948369,-0.176010571085054
4307-KTUMW,0.840014329762813,0.968439041177884,0.793975698204488
1465-LNTLJ,-0.992402037638553,-0.0120211889201282,0.308982563559717
5440-FLBQG,1.4915401492833,1.45036017122606,1.76396196749403
2135-DQWAQ,-1.11456312879864,0.682609957149311,-0.176010571085054
4056-QHXHZ,1.61370124044339,1.4187860282229,1.76396196749403
7470-MCQTK,-0.788800219038401,-0.532163649972125,-0.176010571085054
7488-MXJIV,-1.15528349251868,0.694242536150474,-0.176010571085054
7401-JIXNM,0.880734693482843,0.882025597169246,2.2489551021388
9339-FIIJL,1.61370124044339,0.704213318151471,1.76396196749403
2027-FECZV,-0.829520582758432,1.39385907322041,1.27896883284926
2672-DZUOY,-1.27744458367877,-1.31653183405053,-1.63098997501937
4706-DGAHW,-1.27744458367877,-0.65015123698392,-1.1459968403746
3870-MQAMG,0.880734693482843,1.51517025423254,1.76396196749403
6670-MFRPK,1.4915401492833,0.479870723129044,-0.176010571085054
6177-PEVRA,0.636412511162661,-0.307821054949698,-0.176010571085054
4800-CZMPC,0.636412511162661,1.27919508020895,1.27896883284926
4813-HQMGZ,-0.992402037638553,0.847127860165757,0.308982563559717
7579-KKLOE,1.57298087672336,0.88036380016908,2.2489551021388
7377-DMMRI,-1.23672421995873,-0.563737792975281,-0.661003705729825
8402-EIVQS,1.41009942184324,1.20109062120114,0.793975698204488
4947-DSMXK,0.066327419082236,1.09473561319051,0.793975698204488
7245-NIIWQ,-1.1960038562387,0.169114684097979,-1.1459968403746
0002-ORFBO,-0.951681673918523,0.0278619390838584,0.308982563559717
3324-OIRTO,1.57298087672336,1.3257253962136,1.27896883284926
5414-OFQCB,1.00289578464293,0.853775048166422,0.308982563559717
4967-WPNCF,1.61370124044339,-0.035286346922454,1.27896883284926
8552-OBVRU,0.636412511162661,1.3207400052131,1.27896883284926
8499-BRXTD,-0.58519840043825,-1.48437333106731,-1.1459968403746
9154-QDGTH,0.432810692562509,1.31409281721244,1.27896883284926
8197-BFWVU,1.61370124044339,0.946835680175725,2.2489551021388
2577-GVSIL,0.107047782802266,0.28876406810994,0.793975698204488
9367-OIUXP,-1.15528349251868,-1.46443176706532,-1.1459968403746
6770-UAYGJ,0.677132874882691,-1.3132082400502,-0.661003705729825
6463-HHXJR,1.57298087672336,1.18779624519981,1.27896883284926
7928-VJYAB,-0.870240946478462,0.85876043916692,-0.176010571085054
1187-WILMM,1.24721796696312,0.818877311162933,2.2489551021388
9776-OJUZI,1.32865869440318,1.01995474818303,0.793975698204488
1306-RPWXZ,0.677132874882691,-1.47274075206615,-1.1459968403746
8949-JTMAY,-0.137274399517916,1.1246479591935,0.793975698204488
2774-LVQUS,-0.707359491598341,0.607829092141835,0.308982563559717
3097-PYWXL,-1.15528349251868,-1.48935872206781,-1.1459968403746
2266-SJNAT,1.61370124044339,1.47528712622855,1.76396196749403
0869-PAPRP,-0.259435490678007,0.69590433315064,-0.176010571085054
4238-JSSWH,0.107047782802266,1.23931195220496,0.793975698204488
2972-YDYUW,1.00289578464293,0.995027793180542,0.793975698204488
1104-FEJAM,-0.177994763237946,-0.0120211889201282,0.308982563559717
2809-ILCYT,-0.300155854398037,-1.26169253304505,-0.661003705729825
5499-ECUTN,0.595692147442631,0.0428181120853536,0.308982563559717
4981-FLTMF,1.00289578464293,0.0145675630825297,0.793975698204488
9121-PHQSR,-0.66663912787831,0.67430097214848,-0.176010571085054
3113-IWHLC,-1.11456312879864,-0.297850272948702,-0.176010571085054
3211-ILJTT,-0.62591876415828,0.187394451099807,-1.1459968403746
4612-THJBS,0.962175420922904,1.32904899021393,1.27896883284926
4277-BWBML,1.61370124044339,-1.48935872206781,-1.1459968403746
4094-NSEDU,-0.463037309278159,0.980071620179047,0.308982563559717
0234-TEVTT,0.636412511162661,-0.656798424984584,-0.176010571085054
4304-TSPVK,1.45081978556327,1.66639378124766,2.2489551021388
1552-AAGRX,-0.0965540357978854,1.38388829121942,1.27896883284926
2637-FKFSY,-1.1960038562387,-0.620238890980929,-1.1459968403746
9796-MVYXX,-0.748079855318371,-0.832948907002193,-0.176010571085054
7874-ECPQJ,-1.15528349251868,-1.48603512806748,-1.1459968403746
0020-INWCK,1.57298087672336,1.02992553018403,0.793975698204488
7089-RKVSZ,-0.992402037638553,-1.34145878905303,-0.661003705729825
2683-JXWQQ,1.16577723952306,-1.03568814102246,-0.661003705729825
9548-ZMVTX,1.61370124044339,0.853775048166422,0.793975698204488
8739-XNIKG,-1.11456312879864,0.639403235144992,-0.176010571085054
9755-JHNMN,0.677132874882691,0.0876866310898392,0.793975698204488
3981-QSVQI,-0.992402037638553,-1.49766770706864,-1.1459968403746
2789-HQBOU,-1.1960038562387,0.518092054132865,-0.661003705729825
9424-CMPOG,-0.951681673918523,-1.50099130106898,-1.1459968403746
5067-WJEUN,1.41009942184324,-0.351027776954017,-0.176010571085054
3450-WXOAT,0.5549717837226,-0.65015123698392,-1.1459968403746
9251-WNSOD,1.41009942184324,0.343603369115422,1.27896883284926
6974-DAFLI,0.921455057202873,-1.49766770706864,-1.1459968403746
2616-UUTFK,0.0256070553622056,0.265498910107614,1.27896883284926
7064-JHXCE,1.20649760324309,-1.48603512806748,-1.1459968403746
5103-MHMHY,-1.27744458367877,-0.625224281981428,-1.1459968403746
7989-AWGEH,0.677132874882691,-0.849566877003854,-0.661003705729825
4373-VVHQL,-1.27744458367877,-0.665107409985415,-1.1459968403746
4559-UWIHT,-0.748079855318371,0.594534716140507,0.308982563559717
7268-IGMFD,-0.58519840043825,0.968439041177884,0.793975698204488
1846-XWOQN,-1.27744458367877,0.179085466098976,-1.1459968403746
0235-KGSLC,-1.27744458367877,0.690918942150142,-0.176010571085054
6650-BWFRT,1.61370124044339,1.74117464625513,2.2489551021388
9570-KYEUA,1.28793833068315,1.14625132019566,1.27896883284926
6993-YGFJV,1.4915401492833,1.58828932223985,2.2489551021388
2712-SYWAY,-1.27744458367877,-1.29825206704871,-0.661003705729825
0730-BGQGF,1.57298087672336,0.848789657165923,2.2489551021388
5498-IBWPI,1.36937905812321,-0.510560288969965,-0.661003705729825
9101-NTIXF,-1.23672421995873,-1.50763848906964,-1.1459968403746
0013-SMEOE,1.57298087672336,1.49356689323038,1.76396196749403
9314-QDMDW,-0.870240946478462,-0.116714399930594,-0.176010571085054
9308-ANMVE,0.595692147442631,-0.314468242950363,-0.176010571085054
2884-GBPFB,0.107047782802266,0.184070857099474,-1.1459968403746
3757-NJYBX,-0.0151133083578247,1.38222649421925,1.27896883284926
3413-DHLPB,1.12505687580303,1.29581305021061,1.27896883284926
7649-PHJVR,-0.870240946478462,-1.50431489506931,-1.1459968403746
6114-TCFID,-0.137274399517916,-0.839596095002858,-0.176010571085054
3787-TRIAL,-0.463037309278159,-1.28661948804755,-1.63098997501937
2573-GYRUU,0.636412511162661,0.873716612168415,0.308982563559717
5156-UMKOW,-1.1960038562387,-1.16697010403558,-1.1459968403746
1247-QBVSH,0.432810692562509,-0.483971536967307,-0.661003705729825
6734-GMPVK,-1.11456312879864,1.34732875721576,1.27896883284926
9822-OAOVB,-1.27744458367877,-0.309482851949864,-0.661003705729825
6161-ERDGD,1.57298087672336,0.68759534814981,1.76396196749403
1226-JZNKR,-0.992402037638553,-1.49434411306831,-1.1459968403746
7318-EIVKO,-0.992402037638553,-0.183186279937239,-0.176010571085054
3771-PZOBW,-0.503757672998189,0.862084033167252,0.308982563559717
5136-KCKGI,0.0256070553622056,1.29415125321044,1.27896883284926
8231-BSWXX,1.57298087672336,0.474885332128546,-0.176010571085054
6486-LHTMA,-0.0558336720778551,0.862084033167252,0.308982563559717
4083-BFNYK,0.229208873962357,1.00499857518154,0.793975698204488
3722-WPXTK,-1.27744458367877,0.783979574159444,-0.176010571085054
7389-KBFIT,-1.23672421995873,-1.14702854003359,-1.1459968403746
7176-WIONM,-0.829520582758432,-0.49560411596847,-0.176010571085054
5141-ZUVBH,-0.951681673918523,0.938526695174894,0.793975698204488
1089-HDMKP,-0.870240946478462,-0.339395197952855,-0.176010571085054
7623-HKYRK,-1.07384276507861,-1.49766770706864,-1.1459968403746
0310-SUCIN,1.57298087672336,0.66599198714765,1.76396196749403
5197-PYEPU,0.392090328842479,0.986718808179712,0.793975698204488
2929-ERCFZ,-0.992402037638553,0.978409823178881,0.308982563559717
7548-SEPYI,-1.11456312879864,1.04654350018569,0.308982563559717
8835-VSDSE,-1.23672421995873,0.197365233100803,-1.1459968403746
6619-RPLQZ,0.51425142000257,-1.45944637606482,-1.1459968403746
3275-RHRNE,-0.177994763237946,-0.158259324934747,0.793975698204488
3503-TYDAY,0.432810692562509,0.521415648133197,-0.176010571085054
6901-GOGZG,1.12505687580303,0.670977378148148,1.76396196749403
1623-NLDOT,0.392090328842479,-1.03734993802263,-0.661003705729825
7021-XSNYE,-1.03312240135858,-0.502251303969135,0.308982563559717
9621-OUPYD,-0.300155854398037,-1.48104973706698,-1.1459968403746
9898-KZQDZ,0.310649601402418,0.990042402180044,0.308982563559717
8982-NHAVY,-0.218715126957977,1.18779624519981,0.793975698204488
4307-KWMXE,-0.910961310198492,-0.964230870015317,-0.661003705729825
0141-YEAYS,-0.218715126957977,0.720831288153132,0.308982563559717
2450-ZKEED,-0.870240946478462,-0.364322152955347,-0.176010571085054
3694-DELSO,-1.15528349251868,-0.871170238006014,-0.661003705729825
3893-JRNFS,1.45081978556327,-0.826301719001529,-0.661003705729825
9603-OAIHC,-1.27744458367877,0.175761872098643,-1.1459968403746
1133-KXCGE,-0.58519840043825,-1.48437333106731,-1.1459968403746
5236-PERKL,1.00289578464293,1.60158369824118,1.76396196749403
0142-GVYSN,-0.259435490678007,-1.47772614306665,-1.1459968403746
1049-FYSYG,-0.62591876415828,-0.967554464015649,-0.661003705729825
7854-FOKSF,-1.27744458367877,-0.959245479014819,-1.1459968403746
2519-FAKOD,0.229208873962357,1.14625132019566,0.793975698204488
8406-LNMHF,1.084336512083,0.604505498141503,0.308982563559717
1821-BUCWY,-0.0965540357978854,-0.3028356639492,-0.176010571085054
8263-JQAIK,-1.23672421995873,-1.33979699205286,-1.63098997501937
0023-UYUPN,0.717853238602722,-1.31487003705037,-0.661003705729825
8314-DPQHL,-0.951681673918523,-0.464029972965314,0.308982563559717
1465-WCZVT,-1.1960038562387,-1.49932950406881,-1.1459968403746
9481-SFCQY,-0.748079855318371,-0.164906512935412,-0.176010571085054
6360-SVNWV,-0.0558336720778551,0.292087662110272,-0.661003705729825
0567-GGCAC,-1.03312240135858,-0.111729008930096,0.308982563559717
7089-IVVAZ,-0.992402037638553,1.28251867420928,1.27896883284926
8884-MRNSU,-0.62591876415828,-1.49102051906798,-1.1459968403746
2171-UDMFD,-0.0151133083578247,-1.50597669206947,-1.1459968403746
9050-IKDZA,-1.23672421995873,0.556313385136686,-0.661003705729825
2205-YMZZJ,-1.03312240135858,0.66599198714765,-0.176010571085054
9802-CAQUT,1.61370124044339,1.48858150222988,1.76396196749403
1254-IZEYF,-0.0558336720778551,1.16951647819798,0.793975698204488
0187-WZNAB,-0.218715126957977,0.320338211113097,-0.661003705729825
9492-TOKRI,-0.58519840043825,0.838818875164927,0.308982563559717
1475-VWVDO,-1.03312240135858,0.336956181114758,-0.661003705729825
9221-OTIVJ,-0.748079855318371,1.33237258421427,1.27896883284926
1357-MVDOZ,-0.870240946478462,-0.16989190393591,-0.176010571085054
7602-MVRMB,1.61370124044339,1.51849384823287,1.76396196749403
3325-FUYCG,-0.177994763237946,1.37391750921842,1.27896883284926
5908-QMGOE,-0.707359491598341,0.313691023112432,-0.661003705729825
1197-BVMVG,-1.15528349251868,0.322000008113263,-0.661003705729825
5406-KGRMX,1.57298087672336,-1.33647339805253,-0.661003705729825
8481-YYXWG,-1.11456312879864,0.817215514162767,0.308982563559717
5968-HYJRZ,0.595692147442631,-1.33647339805253,-0.661003705729825
5198-EFNBM,1.00289578464293,0.860422236167086,0.308982563559717
7516-GMHUV,0.717853238602722,1.33901977221493,1.27896883284926
7140-ADSMJ,-0.992402037638553,-1.47274075206615,-1.1459968403746
2230-XTUWL,0.636412511162661,-1.50265309806914,-1.1459968403746
7706-YLMQA,1.53226051300333,-1.49766770706864,-1.1459968403746
2585-KTFRE,-1.27744458367877,0.189056248099973,0.793975698204488
7994-UYIVZ,-0.992402037638553,0.694242536150474,-0.176010571085054
2609-IAICY,-1.27744458367877,0.411737046122233,-0.661003705729825
1740-CSDJP,-1.27744458367877,-0.980848840016978,-1.1459968403746
7717-BICXI,1.12505687580303,-1.46941715806582,-1.1459968403746
6559-RAKOZ,0.677132874882691,1.10304459819134,0.793975698204488
2636-OHFMN,-1.15528349251868,-0.53881083797279,-0.176010571085054
4716-MRVEN,-0.137274399517916,-1.48769692506765,-1.1459968403746
2143-LJULT,1.41009942184324,-1.3132082400502,-0.661003705729825
1323-OOEPC,0.840014329762813,1.11800077119284,0.793975698204488
3200-MNQTF,1.41009942184324,0.204012421101468,1.27896883284926
6164-HXUGH,-1.07384276507861,-1.49268231606814,-1.1459968403746
5630-IXDXV,0.595692147442631,1.38222649421925,1.27896883284926
0320-DWVTU,0.840014329762813,1.15456030519649,1.27896883284926
9135-MGVPY,1.4915401492833,0.662668393147318,1.76396196749403
1212-GLHMD,-1.1960038562387,0.707536912151803,-0.176010571085054
7878-JGDKK,-1.15528349251868,-0.671754597986079,-1.1459968403746
1088-AUUZZ,0.962175420922904,0.368530324117914,1.27896883284926
0397-GZBBC,1.084336512083,0.966777244177718,0.308982563559717
6614-YWYSC,1.16577723952306,-1.32151722505103,-0.661003705729825
9588-OZDMQ,-1.23672421995873,-0.656798424984584,-1.1459968403746
7641-EUYET,0.5549717837226,1.19444343320048,1.27896883284926
6476-EPYZR,-0.829520582758432,-1.47107895506598,-1.1459968403746
9921-ZVRHG,-0.748079855318371,0.521415648133197,-0.176010571085054
1174-FGIFN,-0.177994763237946,0.853775048166422,0.308982563559717
6620-HVDUJ,-0.340876218118068,-0.143303151933252,0.308982563559717
4701-MLJPN,-0.0558336720778551,-0.316130039950529,-0.176010571085054
1032-MAELW,1.45081978556327,0.454943768126552,1.76396196749403
7641-TQFHN,0.269929237682388,1.18945804219998,0.793975698204488
1552-TKMXS,0.392090328842479,-1.47606434606648,-1.1459968403746
9206-GVPEQ,-0.788800219038401,-0.342718791953187,0.308982563559717
8622-ZLFKO,-1.07384276507861,0.863745830167419,0.308982563559717
1596-BBVTG,0.107047782802266,0.351912354116252,-0.661003705729825
6188-UXBBR,0.229208873962357,-1.47938794006682,-1.1459968403746
2333-KWEWW,-0.58519840043825,-1.48603512806748,-1.1459968403746
5702-SKUOB,-1.15528349251868,-1.50099130106898,-1.1459968403746
1134-YWTYF,-0.218715126957977,-0.364322152955347,-0.176010571085054
6061-GWWAV,0.351369965122448,0.180747263099142,0.793975698204488
0679-TDGAK,0.717853238602722,0.356897745116751,0.793975698204488
6585-WCEWR,1.61370124044339,-1.47606434606648,-1.1459968403746
9067-YGSCA,1.53226051300333,-1.28661948804755,-0.661003705729825
9067-SQTNS,0.473531056282539,-1.46775536106565,-1.1459968403746
8433-WXGNA,-1.23672421995873,0.363544933117415,-0.661003705729825
1776-SPBWV,0.066327419082236,-1.48437333106731,-1.1459968403746
8735-SDUFN,1.61370124044339,-1.34478238305336,-0.661003705729825
9668-PUGNU,1.57298087672336,-1.33813519505269,-0.661003705729825
9405-GPBBG,1.28793833068315,1.52015564523304,1.76396196749403
1926-QUZNN,1.61370124044339,-1.3132082400502,-0.661003705729825
3707-GNWHM,-1.27744458367877,0.315352820112598,-0.661003705729825
7016-NVRIC,-0.137274399517916,0.842142469165259,0.308982563559717
5829-NVSQN,-0.381596581838098,0.132555150094324,0.793975698204488
9565-AXSMR,0.799293966042782,-1.5142856770703,-1.1459968403746
8922-LIEGH,-0.300155854398037,0.82884809316393,0.308982563559717
8869-LIHMK,1.28793833068315,1.67304096924832,2.2489551021388
8245-UMPYT,-0.66663912787831,1.05152889118619,0.308982563559717
5186-SAMNZ,-1.27744458367877,0.157482105096816,-1.1459968403746
0447-RXSGD,-0.340876218118068,1.15954569619699,0.793975698204488
4927-WWOOZ,-1.23672421995873,0.887010988169744,0.308982563559717
5788-YPOEG,0.066327419082236,0.664330190147484,1.76396196749403
5373-SFODM,0.147768146522297,0.680948160149145,-0.176010571085054
0661-KBKPA,0.840014329762813,0.464914550127549,1.27896883284926
9081-WWXKP,0.595692147442631,-1.47938794006682,-1.1459968403746
0784-ZQJZX,1.61370124044339,-1.49102051906798,-1.1459968403746
3133-PZNSR,1.61370124044339,1.09639741019068,1.27896883284926
5766-ZJYBB,-1.27744458367877,-1.50763848906964,-1.1459968403746
8931-GJJIQ,-0.951681673918523,0.616138077142666,-0.176010571085054
4277-PVRAN,-0.992402037638553,0.509783069132034,-0.661003705729825
0022-TCJCI,0.51425142000257,-0.0685222869257765,0.308982563559717
0722-SVSFK,-1.03312240135858,1.18447265119948,0.793975698204488
3612-YVGSJ,1.57298087672336,-1.33979699205286,-0.661003705729825
9825-YCXWZ,0.351369965122448,1.20773780920181,0.793975698204488
5397-NSKQG,1.41009942184324,-0.460706378964982,-0.176010571085054
8565-HBFNN,1.4915401492833,1.41047704322207,1.76396196749403
2000-DHJUY,1.53226051300333,0.911937943172236,2.2489551021388
0203-HHYIJ,-0.300155854398037,-1.31154644305004,-0.661003705729825
8670-ERCJH,1.61370124044339,1.61653987124267,2.2489551021388
7758-UJWYS,0.066327419082236,-0.804698357999369,-0.661003705729825
2050-ONYDQ,1.32865869440318,-1.28828128504771,-0.661003705729825
7055-JCGNI,1.53226051300333,1.56834775823786,2.2489551021388
0739-UUAJR,1.61370124044339,-0.364322152955347,0.308982563559717
4826-DXMUP,0.107047782802266,0.243895549105454,0.308982563559717
0952-KMEEH,-0.788800219038401,1.10969178619201,0.793975698204488
7285-KLOTR,-0.829520582758432,0.468238144127881,1.27896883284926
0654-PQKDW,1.20649760324309,0.199027030100969,0.793975698204488
7175-NTIXE,-0.300155854398037,0.378501106118911,0.793975698204488
7963-SHNDT,0.799293966042782,-0.852890471004187,-0.176010571085054
9796-BPKIW,-0.992402037638553,0.172438278098311,-1.1459968403746
0188-GWFLE,-1.23672421995873,-1.48603512806748,-1.1459968403746
8129-GMVGI,0.962175420922904,-1.48603512806748,-1.1459968403746
2882-DDZPG,-0.829520582758432,-1.50597669206947,-1.1459968403746
3547-LQRIK,0.595692147442631,-1.25836893904472,-0.661003705729825
9137-NOQKA,-1.23672421995873,-1.5142856770703,-1.1459968403746
5843-TTHGI,-0.58519840043825,-0.490618724967972,-0.661003705729825
1849-RJYIG,-0.992402037638553,-0.158259324934747,-0.176010571085054
8868-GAGIO,0.51425142000257,0.657683002146819,0.308982563559717
4061-UKJWL,-1.1960038562387,-0.641842251983089,-1.1459968403746
5380-XPJNZ,0.229208873962357,-1.48603512806748,-1.1459968403746
8263-QMNTJ,1.61370124044339,1.68799714224982,2.2489551021388
8178-EYZUO,0.5549717837226,0.96179185317722,0.793975698204488
3230-JCNZS,1.57298087672336,1.13794233519483,1.27896883284926
0277-ORXQS,1.36937905812321,-0.472338957966145,-0.176010571085054
5130-IEKQT,-0.300155854398037,1.36893211821792,1.27896883284926
3230-WYKIR,-0.58519840043825,0.572931355138347,1.27896883284926
7996-BPXHY,-0.788800219038401,-1.32151722505103,-0.661003705729825
3227-WLKLI,1.32865869440318,0.890334582170076,2.2489551021388
0407-BDJKB,1.12505687580303,1.02992553018403,0.793975698204488
2266-FUBDZ,-0.707359491598341,-1.50930028606981,-1.1459968403746
8237-ULIXL,1.61370124044339,-1.32650261605153,-0.661003705729825
9600-UDOPK,-0.0965540357978854,0.973424432178383,0.308982563559717
8216-AZUUZ,0.392090328842479,1.18447265119948,0.793975698204488
9153-BTBVV,1.57298087672336,-1.32151722505103,-0.661003705729825
4074-SJFFA,-1.27744458367877,-0.33274800995219,-0.661003705729825
3269-ATYWD,0.269929237682388,1.0266019361837,0.308982563559717
5186-PEIZU,0.107047782802266,-1.51262388007014,-1.1459968403746
1074-AMIOH,0.840014329762813,1.44537478022556,1.27896883284926
4910-GMJOT,-1.27744458367877,0.99170419918021,0.308982563559717
0354-WYROK,-0.0558336720778551,1.1346187411945,0.793975698204488
4361-FEBGN,0.636412511162661,-1.48271153406715,-1.1459968403746
7748-UMTRK,-0.0965540357978854,1.21438499720247,0.793975698204488
0380-ZCSBI,-0.910961310198492,-1.48769692506765,-1.1459968403746
7145-FEJWU,-0.829520582758432,1.34732875721576,1.27896883284926
6463-MVYRY,1.00289578464293,0.169114684097979,0.793975698204488
3969-JQABI,1.04361614836296,0.0162293600826957,0.308982563559717
9624-EGDEQ,0.188488510242327,-1.49434411306831,-1.1459968403746
1051-EQPZR,0.473531056282539,-1.50099130106898,-1.1459968403746
5849-ASHZJ,-0.218715126957977,-1.48603512806748,-1.1459968403746
5780-INQIK,-0.992402037638553,-0.510560288969965,-0.661003705729825
7576-OYWBN,-1.1960038562387,0.375177512118578,-0.661003705729825
4526-ZJJTM,-0.300155854398037,0.785641371159611,0.308982563559717
8384-FZBJK,1.00289578464293,1.19111983920014,0.793975698204488
3750-RNQKR,-0.829520582758432,-1.50597669206947,-1.1459968403746
0962-CQPWQ,1.20649760324309,-1.47772614306665,-1.1459968403746
3096-YXENJ,1.32865869440318,1.42543321622357,1.76396196749403
1265-BCFEO,1.57298087672336,0.521415648133197,1.27896883284926
5837-LXSDN,-0.463037309278159,-0.196480655938568,-0.176010571085054
5945-AZYHT,1.57298087672336,1.49024329923005,1.76396196749403
8325-QRPZR,-1.03312240135858,0.345265166115588,-0.661003705729825
6384-VMJHP,1.61370124044339,0.273807895108445,1.27896883284926
2262-SLNVK,-1.27744458367877,0.177423669098809,-1.1459968403746
7730-CLDSV,1.61370124044339,1.12630975619367,1.27896883284926
1135-HIORI,1.28793833068315,1.55172978823619,1.76396196749403
0164-APGRB,1.61370124044339,1.66639378124766,2.2489551021388
6481-ESCNL,-0.137274399517916,1.18945804219998,0.793975698204488
1790-NESIO,-0.788800219038401,-1.47440254906632,-1.1459968403746
1550-EENBN,-0.0558336720778551,1.3157546142126,1.27896883284926
5539-TMZLF,-1.27744458367877,0.165791090097647,-1.1459968403746
4323-SADQS,-1.03312240135858,-1.00577579501947,-0.661003705729825
4446-BZKHU,1.16577723952306,1.35563774221659,1.27896883284926
5202-IVJNU,0.269929237682388,-1.15201393103409,-1.1459968403746
5976-JCJRH,-0.910961310198492,0.184070857099474,-1.1459968403746
8198-RKSZG,-0.748079855318371,0.521415648133197,1.27896883284926
0137-OCGAB,-1.27744458367877,0.513106663132367,-0.176010571085054
3351-NQLDI,1.41009942184324,0.983395214179379,0.793975698204488
9297-EONCV,1.61370124044339,0.883687394169412,2.2489551021388
7593-JNWRU,-1.07384276507861,-0.670092800985913,-1.1459968403746
4588-YBNIB,-1.27744458367877,-1.50099130106898,-1.1459968403746
1069-QJOEE,-0.300155854398037,-1.49102051906798,-1.1459968403746
3336-JORSO,0.0256070553622056,1.51849384823287,1.76396196749403
7799-DSEWS,-0.58519840043825,0.119260774092995,0.793975698204488
8766-PAFNE,1.57298087672336,0.476547129128712,1.27896883284926
5315-CKEQK,-0.177994763237946,-0.457382784964649,-0.661003705729825
3130-ICDUP,-1.23672421995873,0.524739242133529,-0.176010571085054
0820-FNRNX,-0.62591876415828,0.0644214730875134,0.793975698204488
0880-FVFWF,0.962175420922904,0.719169491152966,0.308982563559717
4611-ANLQC,1.12505687580303,-0.488956927967806,0.308982563559717
4213-HKBJO,0.0256070553622056,-1.29825206704871,-0.661003705729825
2792-LSHWX,-1.27744458367877,0.619461671142999,0.308982563559717
5028-GZLDO,-1.23672421995873,0.197365233100803,-1.1459968403746
0014-BMAQU,1.24721796696312,0.661006596147152,0.308982563559717
6861-XWTWQ,-1.03312240135858,1.14625132019566,0.793975698204488
9018-PCIOK,0.921455057202873,-0.000388609918965505,0.308982563559717
4837-QUSFT,1.32865869440318,1.17616366619865,1.27896883284926
6877-TJMBR,-1.27744458367877,0.66599198714765,-0.176010571085054
9953-ZMKSM,1.24721796696312,-1.3132082400502,-0.661003705729825
0907-HQNTS,1.53226051300333,1.60324549524134,2.2489551021388
7665-NKLAV,0.147768146522297,-0.801374763999037,-0.176010571085054
6769-DCQLI,0.799293966042782,1.33735797521476,1.27896883284926
2433-KMEAS,-0.422316945558128,-0.342718791953187,-0.176010571085054
4391-LNRXK,-0.422316945558128,1.00333677818137,0.793975698204488
8250-ZNGGW,-1.11456312879864,-0.16158291893508,0.308982563559717
2195-ZRVAX,0.595692147442631,0.682609957149311,-0.176010571085054
3550-SAHFP,0.0256070553622056,0.617799874142832,-0.176010571085054
2011-TRQYE,-0.58519840043825,-1.03901173502279,-0.661003705729825
8562-GHPPI,-1.27744458367877,-1.49434411306831,-1.1459968403746
5893-PYOLZ,0.962175420922904,0.566284167137682,1.27896883284926
4986-MXSFP,-1.23672421995873,-1.48769692506765,-1.1459968403746
6131-FOYAS,0.107047782802266,-0.171553700936076,0.308982563559717
3027-YNWZU,1.28793833068315,-1.32151722505103,-0.661003705729825
5609-IMCGG,-0.707359491598341,0.651035814146155,0.308982563559717
4873-ILOLJ,-0.340876218118068,0.850451454166089,-0.176010571085054
4727-MCYZG,-1.27744458367877,-0.306159257949532,-0.661003705729825
9481-WHGWY,1.53226051300333,0.351912354116252,0.793975698204488
2725-KXXWT,-1.27744458367877,0.863745830167419,-0.176010571085054
9565-DJPIB,-1.15528349251868,0.825524499163597,0.308982563559717
4328-VUFWD,0.269929237682388,-0.181524482937073,-0.176010571085054
3301-LSLWQ,-0.137274399517916,0.0444799090855196,0.308982563559717
7473-ZBDSN,-0.748079855318371,-1.52758005307163,-1.1459968403746
3166-PNEOF,1.16577723952306,0.720831288153132,1.76396196749403
5639-NTUPK,-0.788800219038401,-0.420823250960995,-0.661003705729825
8780-YRMTT,1.36937905812321,-0.57703216897661,0.308982563559717
8348-HFYIV,-1.23672421995873,-0.515545679970464,-0.176010571085054
5140-FOMCQ,1.084336512083,1.47528712622855,1.76396196749403
6242-SGYTS,1.20649760324309,1.00333677818137,0.793975698204488
8166-ORCHU,0.0256070553622056,0.956806462176721,0.793975698204488
8414-OOEEL,1.36937905812321,0.489841505130041,1.27896883284926
8454-AATJP,1.61370124044339,1.67137917224815,2.2489551021388
6849-WLEYG,-1.27744458367877,-1.49600591006848,-1.1459968403746
4659-NZRUF,-0.544478036718219,1.00998396618204,0.793975698204488
4531-AUZNK,0.758573602322752,1.00998396618204,0.793975698204488
4191-XOVOM,1.24721796696312,1.35065235121609,1.27896883284926
2150-OEGBV,-0.218715126957977,-1.48437333106731,-1.1459968403746
8429-XIBUM,-0.422316945558128,1.21604679420264,0.793975698204488
1855-CFULU,-1.15528349251868,-1.48603512806748,-1.1459968403746
4878-BUNFV,0.392090328842479,-1.46443176706532,-1.1459968403746
1872-EBWSC,-0.137274399517916,-1.47606434606648,-1.1459968403746
2608-BHKFN,-1.15528349251868,0.175761872098643,-1.1459968403746
7026-YMSBE,-0.0965540357978854,-1.49766770706864,-1.1459968403746
7341-LXCAF,-1.15528349251868,0.328647196113927,-0.661003705729825
6997-UVGOX,1.57298087672336,0.68759534814981,1.76396196749403
9674-EHPPG,0.5549717837226,-0.809683748999868,-0.176010571085054
9462-MJUAW,-1.15528349251868,-0.477324348966643,-0.661003705729825
8128-YVJRG,-1.03312240135858,0.494826896130539,-0.176010571085054
5440-VHLUL,1.4915401492833,1.34400516321543,1.27896883284926
5781-BKHOP,1.61370124044339,1.19278163620031,1.27896883284926
4283-FUTGF,-0.544478036718219,0.501474084131204,-0.176010571085054
5213-TWWJU,-0.177994763237946,0.872054815168249,0.308982563559717
1569-TTNYJ,-1.11456312879864,0.464914550127549,-0.176010571085054
8628-MFKAX,1.61370124044339,1.7278802702538,2.2489551021388
2397-BRLOM,-0.992402037638553,0.521415648133197,-0.661003705729825
7629-WIXZF,-1.03312240135858,-0.188171670937737,-0.176010571085054
5445-GLVOT,-0.422316945558128,-0.497265912968636,-0.661003705729825
3976-HXHCE,1.61370124044339,-1.51096208306997,-1.1459968403746
2466-NEJOJ,-0.992402037638553,-1.49932950406881,-1.1459968403746
0254-KCJGT,0.799293966042782,0.552989791136354,1.76396196749403
5472-CVMDX,1.45081978556327,-0.859537659004851,-0.176010571085054
6461-SZMCV,1.57298087672336,0.770685198158116,2.2489551021388
8150-QUDFX,-1.23672421995873,-1.49268231606814,-1.1459968403746
9508-ILZDG,0.066327419082236,1.04986709418602,0.793975698204488
2346-DJQTB,0.107047782802266,-1.34976777405386,-1.63098997501937
1697-LYYYX,1.16577723952306,-1.51760927107064,-1.1459968403746
1942-OQFRW,-1.27744458367877,-0.690034364987907,-1.1459968403746
4749-VFKVB,-1.27744458367877,-0.487295130967639,-0.661003705729825
9640-ZSLDC,0.840014329762813,-0.138317760932754,-0.176010571085054
4231-LZUYM,1.61370124044339,-1.29991386404887,-0.661003705729825
7598-UAASY,-1.23672421995873,0.386810091119741,-0.661003705729825
7938-OUHIO,-1.1960038562387,1.12797155319383,0.793975698204488
8510-AWCXC,-0.788800219038401,1.19776702720081,0.793975698204488
6128-AQBMT,0.351369965122448,-0.359336761954848,0.308982563559717
3594-BDSOA,-0.340876218118068,-1.47440254906632,-1.1459968403746
0431-APWVY,-0.177994763237946,0.842142469165259,-0.176010571085054
5133-VRSAB,-0.992402037638553,-1.17694088603658,-1.1459968403746
5996-DAOQL,-1.27744458367877,-1.47274075206615,-1.1459968403746
6838-YAUVY,0.880734693482843,1.00832216918187,0.793975698204488
0484-JPBRU,0.351369965122448,-1.3132082400502,-0.661003705729825
7883-ROJOC,-0.544478036718219,-0.660122018984916,-1.1459968403746
0244-LGNFY,1.61370124044339,0.926894116173731,2.2489551021388
7274-CGTOD,1.20649760324309,-0.700005146988903,0.308982563559717
4295-YURET,0.962175420922904,0.260513519107116,0.793975698204488
3426-NIYYL,-0.707359491598341,-0.439103017962822,-0.661003705729825
8225-BTJAU,-0.910961310198492,0.48153252012921,-0.661003705729825
4635-EJYPD,-0.0151133083578247,-1.52259466207113,-1.1459968403746
1866-ZSLJM,-0.463037309278159,-1.47107895506598,-1.1459968403746
4636-TVXVG,1.20649760324309,-1.48935872206781,-1.1459968403746
4236-UJPWO,-1.23672421995873,-1.33813519505269,-1.63098997501937
9392-XBGTD,-0.218715126957977,-1.46775536106565,-1.1459968403746
3387-VATUS,-1.11456312879864,1.00001318418104,0.308982563559717
6402-SSEJG,-0.300155854398037,-0.123361587931259,0.793975698204488
1143-NMNQJ,-1.23672421995873,0.69590433315064,-0.176010571085054
1169-SAOCL,0.677132874882691,1.39219727622025,1.27896883284926
1110-KYLGQ,1.24721796696312,1.44537478022556,1.76396196749403
9929-PLVPA,-1.15528349251868,-1.47440254906632,-1.1459968403746
3518-PZXZQ,-1.27744458367877,-0.314468242950363,-0.661003705729825
2371-JUNGC,-0.870240946478462,-1.47938794006682,-1.1459968403746
7693-QPEFS,0.799293966042782,0.272146098108279,-0.661003705729825
0924-BJCRC,1.12505687580303,0.820539108163099,0.308982563559717
5074-FBGHB,1.28793833068315,1.3257253962136,1.27896883284926
2351-BKRZW,0.432810692562509,0.346926963115754,0.793975698204488
4455-BFSPD,1.16577723952306,1.20939960620197,0.793975698204488
0415-MOSGF,-1.27744458367877,-0.676739988986578,-1.1459968403746
1724-BQUHA,-1.11456312879864,0.822200905163265,-0.176010571085054
3948-KXDUF,1.36937905812321,0.132555150094324,1.27896883284926
2323-ARSVR,1.41009942184324,1.53843541223486,1.76396196749403
0815-MFZGM,0.392090328842479,1.13794233519483,0.793975698204488
4826-XTSOH,-1.27744458367877,0.707536912151803,-0.176010571085054
5480-XTFFL,-0.0558336720778551,-1.45446098506432,-1.1459968403746
8295-FHIVV,-1.03312240135858,-1.50763848906964,-1.1459968403746
2495-INZWQ,-1.15528349251868,-0.671754597986079,-0.661003705729825
9086-YJYXS,0.066327419082236,0.413398843122399,0.793975698204488
1179-INLAT,-1.1960038562387,-1.50597669206947,-1.1459968403746
7909-FIOIY,-0.544478036718219,-1.32650261605153,-1.63098997501937
4139-SUGLD,-0.0558336720778551,-0.97586344901648,-0.661003705729825
6857-VWJDT,-1.27744458367877,1.0266019361837,0.308982563559717
6351-SCJKT,-1.1960038562387,-0.778109605996711,-0.176010571085054
5468-BPMMO,0.5549717837226,-1.50099130106898,-1.1459968403746
5624-BQSSA,-1.27744458367877,-1.45612278206449,-1.1459968403746
0197-PNKNK,1.4915401492833,0.654359408146487,0.308982563559717
2439-QKJUL,-1.11456312879864,-1.47938794006682,-1.1459968403746
1194-SPVSP,-1.27744458367877,-1.49932950406881,-1.1459968403746
9534-NSXEM,-0.259435490678007,-1.46609356406549,-1.1459968403746
2408-WITXK,-0.910961310198492,-0.999128607018805,-1.1459968403746
8929-KSWIH,-0.300155854398037,1.14791311719583,0.793975698204488
2250-IVBWA,1.28793833068315,0.541357212135191,-0.176010571085054
1810-MVMAI,-0.0965540357978854,0.0943338190905033,1.27896883284926
9506-UXUSK,-0.788800219038401,0.179085466098976,-1.1459968403746
1229-RCALF,1.28793833068315,1.66971737524799,2.2489551021388
3572-UOLYZ,0.5549717837226,0.66599198714765,0.308982563559717
1429-UYJSV,-0.829520582758432,-1.49766770706864,-1.1459968403746
5577-OTWWW,-0.707359491598341,-1.49600591006848,-1.1459968403746
6100-QQHEB,-0.62591876415828,0.923570522173399,0.308982563559717
6366-XIVKZ,-0.788800219038401,-0.0535661139242815,0.308982563559717
3470-OBUET,1.41009942184324,0.307043835111767,1.27896883284926
2770-NSVDG,-0.340876218118068,-1.18524987103741,-1.1459968403746
9375-MHRRS,-1.07384276507861,-0.488956927967806,-0.661003705729825
2634-HCZGT,0.840014329762813,-0.156597527934581,0.308982563559717
7503-QQRVF,-0.66663912787831,0.317014617112764,-0.661003705729825
4860-YZGZM,-0.910961310198492,-1.48769692506765,-1.1459968403746
6599-GZWCM,-0.788800219038401,0.328647196113927,-0.661003705729825
2691-NZETQ,-0.951681673918523,0.684271754149477,-0.176010571085054
4404-HIBDJ,-0.300155854398037,0.317014617112764,1.27896883284926
5533-NHFRF,-1.03312240135858,-0.676739988986578,-0.176010571085054
7037-MTYVW,0.229208873962357,0.685933551149644,1.76396196749403
4760-THGOT,0.432810692562509,0.975086229178549,0.793975698204488
7295-JOMMD,-1.15528349251868,1.10802998919184,0.793975698204488
4016-BJKTZ,-0.300155854398037,1.46697814122772,1.76396196749403
6584-VQMYT,-0.218715126957977,-0.284555896947372,-0.176010571085054
9838-BFCQT,1.61370124044339,-1.28495769104738,-0.661003705729825
2790-XUYMV,1.57298087672336,0.68759534814981,0.308982563559717
0581-MDMPW,-0.340876218118068,0.803921138161438,0.308982563559717
5013-SBUIH,0.717853238602722,1.49190509623021,1.76396196749403
1023-BQXZE,1.00289578464293,0.31867641411293,0.793975698204488
9163-GHAYE,-0.707359491598341,-0.528840055971793,-0.661003705729825
3904-UKFRE,-1.15528349251868,0.509783069132034,-0.176010571085054
5353-WILCI,-0.177994763237946,-0.289541287947871,-0.176010571085054
0709-TVGUR,-0.951681673918523,0.325323602113595,-0.661003705729825
0058-EVZWM,0.921455057202873,0.832171687164262,0.308982563559717
6023-YEBUP,-1.1960038562387,1.20275241820131,0.793975698204488
7209-JCUDS,-0.910961310198492,1.00167498118121,0.308982563559717
7009-PCARS,0.921455057202873,-1.51760927107064,-1.1459968403746
0519-DRGTI,-0.503757672998189,-1.47606434606648,-1.1459968403746
1017-FBQMM,1.20649760324309,1.37225571221825,1.27896883284926
3001-CBHLQ,-0.0151133083578247,1.33403438121443,1.27896883284926
1985-MBRYP,0.432810692562509,-1.49932950406881,-1.1459968403746
6158-DWPZT,-0.951681673918523,-1.35142957105402,-1.63098997501937
9372-TXXPS,1.12505687580303,-0.163244715935246,0.308982563559717
3259-QMXUN,1.04361614836296,0.709198709151969,1.76396196749403
1015-JPFYW,-1.03312240135858,-1.50597669206947,-1.1459968403746
6645-MXQJT,-1.23672421995873,1.07479404918852,0.308982563559717
4360-QRAVE,0.188488510242327,-0.934318524012327,-0.661003705729825
8433-WPJTV,1.32865869440318,1.30079844121111,1.27896883284926
5804-JMYIO,0.269929237682388,-1.49600591006848,-1.1459968403746
3763-GCZHZ,1.36937905812321,1.30578383221161,1.27896883284926
6484-LATFU,1.45081978556327,-1.33647339805253,-0.661003705729825
7599-NTMDP,1.20649760324309,-0.533825446972291,0.308982563559717
0772-GYEQQ,-1.1960038562387,0.783979574159444,0.308982563559717
0536-ACXIP,1.61370124044339,1.48858150222988,1.76396196749403
0936-NQLJU,0.351369965122448,-1.46609356406549,-1.1459968403746
4831-EOBFE,-0.137274399517916,0.993365996180376,0.308982563559717
1575-KRZZE,-1.15528349251868,-0.317791836950695,-0.176010571085054
3251-YMVWZ,0.840014329762813,-1.35309136805419,-0.661003705729825
4102-OQUPX,-1.27744458367877,0.320338211113097,-0.661003705729825
9170-GYZJC,0.351369965122448,0.50313588113137,1.76396196749403
4884-LEVMQ,0.269929237682388,-1.47274075206615,-1.1459968403746
8857-CUPFQ,1.24721796696312,-1.51262388007014,-1.1459968403746
7610-TVOPG,-0.707359491598341,-1.27664870604655,-0.661003705729825
3638-DIMPH,-0.788800219038401,-0.696681552988571,-1.1459968403746
1845-ZLLIG,-1.27744458367877,-0.485633333967473,-0.661003705729825
8559-WNQZS,-1.27744458367877,-1.47274075206615,-1.1459968403746
3999-QGRJH,-0.992402037638553,0.164129293097481,-1.1459968403746
1699-UOTXU,1.12505687580303,-0.111729008930096,0.308982563559717
2454-RPBRZ,-0.829520582758432,1.10802998919184,0.793975698204488
0635-WKOLD,0.310649601402418,0.199027030100969,0.793975698204488
5993-JSUWV,1.36937905812321,-0.120037993930926,0.308982563559717
4518-FZBSX,0.392090328842479,-1.47938794006682,-1.1459968403746
5387-ASZNZ,1.36937905812321,-0.0303009559219557,0.793975698204488
6988-CJEYV,0.677132874882691,1.12797155319383,0.793975698204488
2002-MZHWP,-1.27744458367877,-1.47107895506598,-1.1459968403746
3097-FQTVJ,0.351369965122448,-1.48769692506765,-1.1459968403746
5465-BUBFA,0.351369965122448,-1.51096208306997,-1.1459968403746
7299-GNVPL,-0.381596581838098,0.652697611146321,0.308982563559717
9743-DQKQW,-1.1960038562387,-1.3181936310507,-1.63098997501937
1215-VFYVK,-1.15528349251868,-0.548781619973786,0.308982563559717
9371-BITHB,0.799293966042782,-1.49268231606814,-1.1459968403746
2265-CYWIV,-1.15528349251868,1.15788389919682,0.793975698204488
9093-FPDLG,-0.870240946478462,0.978409823178881,0.793975698204488
0541-FITGH,-1.23672421995873,-0.086802053927604,-0.176010571085054
6985-HAYWX,-0.259435490678007,0.483194317129376,-0.176010571085054
7508-KBIMB,-0.340876218118068,-0.282894099947206,-0.176010571085054
6838-HVLXG,-0.829520582758432,-1.47772614306665,-1.1459968403746
2277-DJJDL,1.12505687580303,1.13794233519483,0.793975698204488
1897-OKVMW,1.28793833068315,0.85876043916692,2.2489551021388
5485-ITNPC,1.36937905812321,0.702551521151305,1.76396196749403
0233-FTHAV,1.12505687580303,0.479870723129044,-0.176010571085054
4644-PIZRT,-0.62591876415828,0.18573265409964,0.793975698204488
8922-NPKBJ,0.392090328842479,-1.50930028606981,-1.1459968403746
2740-TVLFN,-1.27744458367877,-0.485633333967473,-0.661003705729825
7771-CFQRQ,0.595692147442631,-0.0319627529221219,0.308982563559717
9512-PHSMG,-0.910961310198492,-1.46941715806582,-1.1459968403746
6963-EZQEE,1.53226051300333,0.790626762160109,2.2489551021388
2452-KDRRH,1.41009942184324,1.2177085912028,0.793975698204488
2004-OCQXK,-1.27744458367877,0.571269558138181,-0.661003705729825
5027-QPKTE,-1.03312240135858,0.152496714096318,-1.1459968403746
4146-SVFUD,-1.27744458367877,-0.670092800985913,-1.1459968403746
1564-HJUVY,-1.15528349251868,-0.033624549922288,0.308982563559717
3617-XLSGQ,1.36937905812321,1.47861072022888,1.76396196749403
7517-LDMPS,-0.829520582758432,0.659344799146985,-0.176010571085054
7244-KXYZN,-0.340876218118068,-1.47274075206615,-1.1459968403746
5226-NOZFC,-0.259435490678007,0.697566130150806,-0.176010571085054
2672-HUYVI,-1.07384276507861,0.875378409168581,-0.176010571085054
1400-WIVLL,1.00289578464293,1.43540399822456,1.27896883284926
7508-MYBOG,-0.748079855318371,0.709198709151969,-0.176010571085054
8148-NLEGT,0.392090328842479,-1.38965090205784,-0.661003705729825
0148-DCDOS,-0.300155854398037,0.995027793180542,0.308982563559717
8347-GDTMP,1.28793833068315,-1.50597669206947,-1.1459968403746
9992-RRAMN,-0.422316945558128,0.675962769148646,-0.176010571085054
6746-WAUWT,-0.544478036718219,-1.49766770706864,-1.1459968403746
0310-MVLET,1.16577723952306,1.14292772619533,0.793975698204488
0428-IKYCP,-0.422316945558128,0.739111055154959,-0.176010571085054
4550-VBOFE,1.53226051300333,1.26922429820795,1.27896883284926
2187-PKZAY,-0.829520582758432,0.504797678131536,-0.661003705729825
4003-OCTMP,-0.0558336720778551,-0.0253155649214574,0.308982563559717
6652-YFFJO,-0.870240946478462,0.00459678108153305,-0.176010571085054
7225-IILWY,1.45081978556327,-1.29659027004854,-0.661003705729825
5248-RPYWW,1.61370124044339,0.843804266165425,2.2489551021388
7923-IYJWY,1.41009942184324,1.70627690925164,2.2489551021388
3170-GWYKC,1.12505687580303,1.3356961782146,1.27896883284926
5696-QURRL,-1.27744458367877,-0.655136627984418,-1.1459968403746
7409-KIUTL,-1.27744458367877,0.2073360151018,-1.1459968403746
9830-ECLEN,1.04361614836296,-0.490618724967972,0.308982563559717
1732-VHUBQ,0.595692147442631,0.192379842100305,-1.1459968403746
0495-RVCBF,-1.27744458367877,0.496488693130705,-0.661003705729825
2668-TZSPS,-1.27744458367877,-1.47274075206615,-1.1459968403746
7854-EDSSA,-0.422316945558128,-0.19149526493807,0.308982563559717
8869-TORSS,0.636412511162661,-0.146626745933584,0.308982563559717
7446-SFAOA,0.188488510242327,-1.49268231606814,-1.1459968403746
9522-ZSINC,-0.788800219038401,-1.48935872206781,-1.1459968403746
8234-GSZYK,0.432810692562509,-1.27332511204622,-0.661003705729825
6505-OZNPG,-1.07384276507861,-0.0452571289234509,1.27896883284926
6164-HAQTX,1.57298087672336,-0.359336761954848,0.793975698204488
0679-IDSTG,-1.27744458367877,0.149173120095986,-1.1459968403746
7765-LWVVH,1.61370124044339,1.00832216918187,0.793975698204488
1658-TJVOA,-1.07384276507861,0.310367429112099,-0.661003705729825
0953-LGOVU,-0.829520582758432,-0.972539855016148,-0.661003705729825
2115-BFTIW,-0.300155854398037,0.205674218101634,-1.1459968403746
4692-NNQRU,-0.463037309278159,0.479870723129044,-0.176010571085054
7742-MYPGI,-1.07384276507861,-0.530501852971959,-0.661003705729825
0611-DFXKO,-0.503757672998189,0.805582935161604,-0.176010571085054
7780-OTDSO,-0.58519840043825,1.15123671119616,0.793975698204488
9619-GSATL,0.432810692562509,-0.309482851949864,-0.176010571085054
5622-UEJFI,0.107047782802266,-1.3082228490497,-0.661003705729825
9747-DDZOS,-1.27744458367877,0.290425865110106,-0.661003705729825
0674-DGMAQ,-0.0151133083578247,0.955144665176555,0.793975698204488
6203-HBZPA,0.799293966042782,-0.0286391589217896,1.27896883284926
0484-FFVBJ,-0.0151133083578247,0.00293498408136655,-0.176010571085054
0301-FIDRB,1.61370124044339,-0.0319627529221219,1.27896883284926
4139-JPIAM,0.758573602322752,-0.675078191986411,-0.176010571085054
2181-TIDSV,1.45081978556327,-1.48935872206781,-1.1459968403746
2761-XECQW,-0.992402037638553,-0.711637725990066,-0.176010571085054
1936-CZAKF,0.677132874882691,-0.502251303969135,-0.176010571085054
9453-PATOS,1.61370124044339,0.675962769148646,1.76396196749403
0564-JJHGS,-0.951681673918523,1.0216165451832,0.308982563559717
3348-CFRNX,-0.177994763237946,0.916923334172734,0.308982563559717
4402-FTBXC,0.880734693482843,0.832171687164262,0.308982563559717
1428-GTBJJ,-0.870240946478462,0.325323602113595,-0.661003705729825
2931-XIQBR,0.717853238602722,1.27254789220828,0.793975698204488
0106-UGRDO,1.4915401492833,1.70295331525131,2.2489551021388
5542-TBBWB,-1.27744458367877,0.170776481098145,-1.1459968403746
1930-QPBVZ,1.45081978556327,1.00832216918187,0.793975698204488
2606-PKWJB,0.310649601402418,-0.814669140000366,-0.176010571085054
5322-ZSMZY,-0.0558336720778551,-1.29659027004854,-0.661003705729825
8059-UDZFY,0.0256070553622056,1.34899055421593,1.27896883284926
7740-BTPUX,0.921455057202873,1.62318705924334,1.76396196749403
5220-AGAAX,1.45081978556327,-1.35475316505436,-0.661003705729825
0208-BPQEJ,-0.829520582758432,-1.50763848906964,-1.1459968403746
9435-JMLSX,1.57298087672336,0.709198709151969,1.76396196749403
3352-ALMCK,0.310649601402418,1.25925351620696,1.27896883284926
5312-IRCFR,1.28793833068315,0.933541304174396,0.793975698204488
5294-IMHHT,0.840014329762813,1.09639741019068,0.793975698204488
8802-UNOJF,-0.829520582758432,0.632756047144327,0.308982563559717
6313-GIDIT,0.840014329762813,-0.342718791953187,0.308982563559717
6176-YJWAS,1.61370124044339,1.10304459819134,1.27896883284926
5310-NOOVA,0.5549717837226,-1.48935872206781,-1.1459968403746
4526-EXKKN,0.310649601402418,-1.33481160105236,-0.661003705729825
5311-IHLEI,-0.829520582758432,-0.459044581964815,0.308982563559717
3987-KQDDU,-0.951681673918523,0.360221339117083,-0.661003705729825
3404-JNXAX,0.758573602322752,0.531386430134194,-0.176010571085054
5131-PONJI,0.677132874882691,0.852113251166256,0.308982563559717
2845-AFFTX,0.351369965122448,1.16453108719749,0.793975698204488
3489-VSFRD,0.962175420922904,-0.149950339933917,0.308982563559717
3345-JHUEO,-1.15528349251868,-1.48104973706698,-1.1459968403746
5815-HGGHV,-0.503757672998189,-0.0203301739209588,0.308982563559717
5260-UMPWX,-0.259435490678007,-1.47938794006682,-1.1459968403746
2249-YPRNG,-0.503757672998189,1.36560852421759,1.27896883284926
7410-YTJIK,-1.03312240135858,0.355235948116585,-0.661003705729825
4626-GYCZP,-1.03312240135858,0.966777244177718,0.308982563559717
5649-RXQTV,0.758573602322752,1.13794233519483,0.793975698204488
2674-MIAHT,-1.15528349251868,0.516430257132699,-0.176010571085054
2576-HXMPA,-1.27744458367877,-1.50265309806914,-1.1459968403746
7587-AOVVU,-0.218715126957977,1.19610523020064,1.27896883284926
5590-BYNII,-0.422316945558128,1.19610523020064,0.793975698204488
6898-MDLZW,-0.829520582758432,-0.365983949955513,-0.176010571085054
3237-AJGEH,-1.1960038562387,-1.1221015850311,-1.1459968403746
4707-YNOQA,0.066327419082236,-1.30157566104904,-0.661003705729825
9357-UJRUN,-0.340876218118068,-0.213098625940229,0.308982563559717
1591-NFNLQ,0.758573602322752,0.506459475131702,-0.176010571085054
8648-PFRMP,-0.748079855318371,-0.611929905980099,-0.661003705729825
7663-CUXZB,1.084336512083,1.62817245024384,2.2489551021388
0258-NOKBL,-1.1960038562387,0.852113251166256,0.308982563559717
1163-VIPRI,1.32865869440318,1.48027251722905,1.76396196749403
2815-CPTUL,-1.11456312879864,0.182409060099308,-1.1459968403746
9348-ROUAI,1.084336512083,0.848789657165923,2.2489551021388
9443-JUBUO,1.61370124044339,0.0162293600826957,1.27896883284926
0596-BQCEQ,1.20649760324309,1.17616366619865,0.793975698204488
1481-ZUWZA,-0.177994763237946,0.988380605179878,0.793975698204488
3043-TYBNO,-1.1960038562387,-0.136655963932588,-0.176010571085054
4830-FAXFM,-0.544478036718219,-1.35142957105402,-0.661003705729825
5906-BFOZT,-1.27744458367877,-1.50431489506931,-1.1459968403746
2960-NKRSO,-0.340876218118068,0.704213318151471,0.308982563559717
8996-ZROXE,1.00289578464293,-0.374292934956343,-0.176010571085054
5598-IKHQQ,1.61370124044339,-1.30656105204954,-0.661003705729825
0397-ZXWQF,1.41009942184324,-1.47107895506598,-1.1459968403746
5266-PFRQK,0.799293966042782,-1.45944637606482,-1.1459968403746
4674-HGNUA,1.57298087672336,0.835495281164595,2.2489551021388
6765-MBQNU,-0.259435490678007,-1.28828128504771,-0.661003705729825
9786-IJYDL,0.107047782802266,1.60989268324201,2.2489551021388
1303-SRDOK,0.921455057202873,0.142525932095321,-1.1459968403746
3769-MHZNV,0.0256070553622056,-1.48437333106731,-1.1459968403746
6295-OSINB,1.61370124044339,1.49190509623021,1.76396196749403
3308-MHOOC,-1.27744458367877,-1.5142856770703,-1.1459968403746
2309-OSFEU,-0.910961310198492,-1.02571735902146,-1.1459968403746
2207-QPJED,0.188488510242327,0.838818875164927,0.308982563559717
4177-JPDFU,-0.829520582758432,-1.02239376502113,-0.661003705729825
2239-CFOUJ,-1.27744458367877,-1.47440254906632,-1.1459968403746
8046-DNVTL,1.20649760324309,-0.869508441005848,-0.176010571085054
2209-XADXF,-1.27744458367877,-1.3132082400502,-1.63098997501937
6620-JDYNW,-0.58519840043825,-0.138317760932754,0.308982563559717
1891-FZYSA,1.4915401492833,0.837157078164761,0.308982563559717
4770-UEZOX,-1.23672421995873,0.331970790114259,-0.661003705729825
1038-RQOST,-0.544478036718219,-1.46775536106565,-1.1459968403746
7613-LLQFO,-0.829520582758432,0.654359408146487,-0.176010571085054
4568-TTZRT,-0.951681673918523,-1.47440254906632,-1.1459968403746
9513-DXHDA,-0.218715126957977,0.56296057313735,1.27896883284926
2640-PMGFL,-0.218715126957977,0.489841505130041,-0.176010571085054
3801-HMYNL,-1.27744458367877,0.810568326162103,-0.176010571085054
0516-QREYC,-0.340876218118068,-1.47772614306665,-1.1459968403746
9685-WKZGT,-0.748079855318371,0.338617978114924,-0.661003705729825
6022-UGGSO,-0.0151133083578247,0.320338211113097,-0.661003705729825
8084-OIVBS,-0.870240946478462,-1.48769692506765,-1.1459968403746
8896-BQTTI,-1.27744458367877,-1.32151722505103,-0.661003705729825
3865-QBWSJ,0.229208873962357,0.521415648133197,-0.176010571085054
3352-RICWQ,-0.951681673918523,-1.49600591006848,-1.1459968403746
2160-GPFXD,0.880734693482843,0.0295237360840249,0.793975698204488
2065-MMKGR,-0.137274399517916,0.2073360151018,0.308982563559717
5857-TYBCJ,0.473531056282539,0.812230123162269,0.308982563559717
1498-NHTLT,1.084336512083,0.730802070154129,1.76396196749403
4484-CGXFK,-1.1960038562387,-0.314468242950363,-0.661003705729825
1402-PTHGN,-0.58519840043825,-0.108405414929763,0.308982563559717
4176-RELJR,1.41009942184324,-1.3181936310507,-0.661003705729825
6214-EDAKZ,-0.422316945558128,-0.319453633950861,-0.176010571085054
5199-FPUSP,0.0256070553622056,-1.02073196802096,-0.661003705729825
6377-KSLXC,-1.11456312879864,-1.48935872206781,-1.1459968403746
1796-JANOW,-1.23672421995873,-1.48935872206781,-1.1459968403746
0238-WHBIQ,1.61370124044339,0.82884809316393,2.2489551021388
8735-NBLWT,-0.951681673918523,-1.47440254906632,-1.1459968403746
6651-RLGGM,1.41009942184324,-1.27831050304671,-0.661003705729825
6127-ISGTU,-0.66663912787831,0.670977378148148,-0.176010571085054
1614-JBEBI,-0.992402037638553,-1.46443176706532,-1.1459968403746
8740-XLHDR,-1.11456312879864,-0.714961319990398,0.308982563559717
1208-DNHLN,-0.381596581838098,-0.545458025973454,-0.661003705729825
1761-AEZZR,-1.27744458367877,0.491503302130207,-0.661003705729825
3923-CSIHK,0.717853238602722,0.208997812101966,-1.1459968403746
5696-EXCYS,-0.62591876415828,-1.50597669206947,-1.1459968403746
5795-KTGUD,1.45081978556327,1.53012642723403,1.76396196749403
7120-RFMVS,-1.27744458367877,0.656021205146653,-0.176010571085054
7924-GJZFI,-0.300155854398037,0.150834917096152,-1.1459968403746
4702-HDRKD,1.41009942184324,-0.512222085970131,0.308982563559717
8512-WIWYV,-0.0151133083578247,-1.47606434606648,-1.1459968403746
5897-ZYEKH,1.41009942184324,1.35729953921676,1.27896883284926
5456-ITGIC,1.61370124044339,-0.0103593919199622,1.27896883284926
7317-GGVPB,1.57298087672336,1.45700735922672,1.76396196749403
1406-PUQVY,-1.27744458367877,-0.493942318968304,-0.661003705729825
1322-AGOQM,0.5549717837226,-1.14536674303342,-1.1459968403746
3677-IYRBF,-1.23672421995873,-1.14204314903309,-1.1459968403746
5692-FPTAH,-1.27744458367877,-0.643504048983255,-1.1459968403746
9114-AAFQH,0.636412511162661,0.0295237360840249,0.308982563559717
8715-KKTFG,1.16577723952306,1.28085687720911,1.27896883284926
1550-LOAHA,-0.0151133083578247,0.644388626145491,-0.176010571085054
1728-BQDMA,-1.23672421995873,-0.675078191986411,-1.1459968403746
0268-QKIWO,-1.1960038562387,-1.49600591006848,-1.1459968403746
0876-WDUUZ,-1.11456312879864,0.685933551149644,-0.176010571085054
5117-ZSMHQ,1.57298087672336,0.835495281164595,2.2489551021388
5151-HQRDG,0.188488510242327,-0.322777227951194,-0.176010571085054
0960-HUWBM,1.32865869440318,1.30744562921177,1.27896883284926
6465-GSRCL,1.41009942184324,1.39053547922008,1.27896883284926
0617-FHSGK,0.677132874882691,0.346926963115754,-0.661003705729825
0263-FJTQO,0.717853238602722,0.190718045100139,0.793975698204488
7319-ZNRTR,-0.300155854398037,-1.50099130106898,-1.1459968403746
2858-MOFSQ,-0.62591876415828,-0.296188475948535,-0.176010571085054
7503-EPSZW,1.28793833068315,-1.35309136805419,-0.661003705729825
7089-XXAYG,-0.300155854398037,-0.886126411007509,-0.661003705729825
8118-LSUEL,-0.381596581838098,1.38388829121942,1.27896883284926
8070-AAWZP,-0.340876218118068,-1.0140847800203,-0.661003705729825
1666-JXLKU,0.188488510242327,1.17284007219832,0.793975698204488
7855-DIWPO,-0.463037309278159,0.129231556093992,-1.1459968403746
5133-POWUA,-1.27744458367877,-0.630209672981926,-1.1459968403746
5652-MSDEY,-0.910961310198492,0.365206730117582,-0.661003705729825
7005-CCBKV,-1.07384276507861,0.652697611146321,-0.176010571085054
1810-BOHSY,0.758573602322752,1.05152889118619,0.793975698204488
1784-BXEFA,-0.910961310198492,-1.46941715806582,-1.1459968403746
7351-MHQVU,-1.07384276507861,-0.459044581964815,0.308982563559717
9224-VTYID,0.595692147442631,0.855436845166588,2.2489551021388
9500-IWPXQ,1.16577723952306,0.486517911129709,1.76396196749403
5762-TJXGK,0.799293966042782,-0.1998042499389,0.793975698204488
4504-YOULA,0.107047782802266,-0.176539091936574,0.308982563559717
5569-IDSEY,1.57298087672336,1.36062313321709,1.27896883284926
4250-FDVOU,-1.07384276507861,-0.282894099947206,-0.176010571085054
7284-ZZLOH,0.51425142000257,-0.380940122957008,-0.176010571085054
5277-ZLOOR,-1.23672421995873,0.690918942150142,-0.176010571085054
2141-RRYGO,-1.15528349251868,0.129231556093992,0.308982563559717
1777-JYQPJ,-1.23672421995873,-1.34478238305336,-1.63098997501937
6376-GAHQE,-1.15528349251868,0.435002204124559,-0.661003705729825
3401-URHDA,0.758573602322752,-0.16158291893508,0.308982563559717
1599-EAHXY,1.12505687580303,-1.35641496205452,-0.661003705729825
8631-XVRZL,-0.951681673918523,-1.48271153406715,-1.1459968403746
5052-PNLOS,-1.1960038562387,1.34899055421593,1.27896883284926
3853-LYGAM,-0.62591876415828,1.0266019361837,0.793975698204488
6979-ZNSFF,-0.992402037638553,0.740772852155125,-0.176010571085054
5751-USDBL,0.5549717837226,0.539695415135025,1.27896883284926
5680-LQOGP,1.45081978556327,0.587887528139842,1.76396196749403
2386-LAHRK,-1.27744458367877,-0.374292934956343,-0.661003705729825
8189-DUKMV,-1.15528349251868,-1.47107895506598,-1.1459968403746
6032-IGALN,-1.27744458367877,-1.3181936310507,-1.63098997501937
9931-DCEZH,-0.177994763237946,-0.344380588953353,-0.176010571085054
1898-JSNDC,0.269929237682388,-0.204789640939399,-0.176010571085054
0315-LVCRK,-0.870240946478462,0.66599198714765,-0.176010571085054
3911-RSNHI,1.57298087672336,-0.111729008930096,0.793975698204488
2410-CIYFZ,-1.23672421995873,-1.47440254906632,-1.1459968403746
4248-HCETZ,-0.0965540357978854,0.494826896130539,-0.176010571085054
5505-OVWQW,-0.62591876415828,-1.48271153406715,-1.1459968403746
7271-AJDTL,0.921455057202873,0.986718808179712,0.793975698204488
1867-TJHTS,1.04361614836296,0.499812287131037,-0.176010571085054
0516-WJVXC,-1.11456312879864,-0.351027776954017,-0.176010571085054
9174-FKWZE,-1.27744458367877,-1.50597669206947,-1.1459968403746
6860-YRJZP,-0.951681673918523,0.308705632111933,-0.661003705729825
4429-WYGFR,-0.259435490678007,-0.518869273970796,-0.661003705729825
2817-LVCPP,0.717853238602722,-1.50763848906964,-1.1459968403746
5038-ETMLM,1.61370124044339,1.6248488562435,2.2489551021388
5056-FIMPT,0.432810692562509,1.37059391521809,1.27896883284926
4521-WFJAI,0.962175420922904,-1.28994308204788,-0.661003705729825
6569-KTMDU,-1.27744458367877,-1.51760927107064,-1.1459968403746
8809-RIHDD,1.61370124044339,1.28418047120945,1.27896883284926
8809-XKHMD,1.61370124044339,1.18945804219998,1.27896883284926
0396-YCHWO,0.147768146522297,1.01829295118287,0.308982563559717
0867-LDTTC,-1.11456312879864,0.345265166115588,0.793975698204488
4822-NGOCH,-0.788800219038401,0.654359408146487,0.308982563559717
9391-DXGGG,0.473531056282539,0.810568326162103,0.308982563559717
9844-FELAJ,1.53226051300333,1.4337422012244,1.76396196749403
2122-SZZZD,0.473531056282539,-1.50431489506931,-1.1459968403746
5307-DZCVC,-0.0151133083578247,0.704213318151471,-0.176010571085054
3148-AOIQT,1.4915401492833,-1.3231790220512,-0.661003705729825
8679-JOEVF,-0.66663912787831,-0.178200888936741,-0.176010571085054
8395-ETZKQ,1.45081978556327,-1.50431489506931,-1.1459968403746
6692-YQHXC,-0.66663912787831,0.172438278098311,-1.1459968403746
3889-VWBID,1.45081978556327,0.601181904141171,1.27896883284926
5222-JCXZT,-1.15528349251868,-1.52093286507097,-1.1459968403746
9754-CLVZW,-0.259435490678007,-0.861199456005017,-0.176010571085054
1432-FPAXX,-0.137274399517916,-1.13539596103243,-1.1459968403746
2739-CCZMB,-1.11456312879864,-1.47606434606648,-1.1459968403746
7080-TNUWP,1.53226051300333,1.00499857518154,0.793975698204488
0496-AHOOK,-0.340876218118068,0.320338211113097,0.793975698204488
8336-TAVKX,1.61370124044339,0.454943768126552,1.76396196749403
2468-SJFLM,-1.27744458367877,0.317014617112764,-0.661003705729825
3181-VTHOE,1.53226051300333,-0.455720987964483,0.308982563559717
7168-HDQHG,0.147768146522297,-1.5142856770703,-1.1459968403746
4803-AXVYP,0.229208873962357,1.15622210219666,0.793975698204488
3884-HCSWG,-0.62591876415828,0.174100075098477,-1.1459968403746
4567-AKPIA,0.351369965122448,1.47362532922839,1.76396196749403
5077-DXTCG,-1.27744458367877,-0.646827642983588,-1.1459968403746
1142-WACZW,-1.23672421995873,-1.16032291603492,-1.1459968403746
7901-HXJVA,-0.748079855318371,0.388471888119907,-0.661003705729825
5649-ANRML,-1.23672421995873,1.00832216918187,0.793975698204488
4892-VLANZ,-1.27744458367877,-1.49434411306831,-1.1459968403746
5924-IFQTT,-0.788800219038401,0.26716070710778,1.27896883284926
7968-QUXNS,-1.07384276507861,-1.52259466207113,-1.1459968403746
2919-HBCJO,-1.15528349251868,0.395119076120572,-0.661003705729825
4236-XPXAV,-1.11456312879864,1.14292772619533,0.793975698204488
8903-WMRNW,-0.707359491598341,1.22934117020397,0.793975698204488
2452-SNHFZ,0.595692147442631,0.355235948116585,-0.661003705729825
3629-WEAAM,-0.992402037638553,-0.0219919709211253,0.308982563559717
6029-CSMJE,-0.62591876415828,-1.29991386404887,-1.63098997501937
7993-NQLJE,-0.707359491598341,0.343603369115422,-0.661003705729825
9909-DFRJA,-0.259435490678007,1.03324912418436,0.793975698204488
9099-FTUHS,-0.381596581838098,-0.344380588953353,-0.176010571085054
0581-BXBUB,-1.15528349251868,0.265498910107614,-0.661003705729825
4962-CHQPW,-0.137274399517916,-1.49268231606814,-1.1459968403746
9467-ROOLM,-0.300155854398037,-1.5192710680708,-1.1459968403746
3030-YZADT,-0.951681673918523,-0.65846022198475,-1.1459968403746
7410-KTVFV,-0.58519840043825,-0.505574897969467,-0.661003705729825
5150-ITWWB,-1.1960038562387,1.00001318418104,0.308982563559717
2253-KPMNB,1.4915401492833,-0.615253499980431,0.308982563559717
1345-ZUKID,-0.748079855318371,-1.50930028606981,-1.1459968403746
6429-SHBCB,-0.544478036718219,0.160805699097148,0.308982563559717
9281-OFDMF,0.269929237682388,0.862084033167252,0.308982563559717
2603-HVKCG,-0.0558336720778551,1.2177085912028,0.793975698204488
1834-WULEG,-0.340876218118068,-1.47938794006682,-1.1459968403746
9097-ZUBYC,-0.748079855318371,-0.530501852971959,-0.661003705729825
5148-ORICT,1.28793833068315,0.31867641411293,1.27896883284926
4893-GYUJU,0.717853238602722,-1.50930028606981,-1.1459968403746
4578-PHJYZ,0.799293966042782,0.132555150094324,0.793975698204488
7272-QDCKA,-0.177994763237946,1.17782546319882,0.793975698204488
8908-SLFCJ,-0.463037309278159,-1.45944637606482,-1.1459968403746
8393-DLHGA,-0.300155854398037,1.03491092118453,0.308982563559717
9766-HGEDE,-0.62591876415828,-1.50930028606981,-1.1459968403746
6968-MHOMU,1.04361614836296,-0.656798424984584,-0.661003705729825
7395-IGJOS,-0.62591876415828,0.556313385136686,-0.661003705729825
5044-XDPYX,0.758573602322752,-1.30489925504937,-0.661003705729825
1814-WFGVS,1.61370124044339,-0.527178258971627,0.308982563559717
2834-SPCJV,0.799293966042782,0.642726829145324,-0.176010571085054
3721-WKIIL,-0.218715126957977,-1.50099130106898,-1.1459968403746
6734-CKRSM,-1.1960038562387,-1.48769692506765,-1.1459968403746
1265-ZFOSD,1.28793833068315,0.549666197136021,1.76396196749403
6568-POCUI,0.51425142000257,1.0116457631822,0.308982563559717
7890-VYYWG,-1.1960038562387,-0.940965712012991,-1.1459968403746
5197-LQXXH,1.57298087672336,0.616138077142666,1.76396196749403
9907-SWKKF,-1.27744458367877,-1.31985542805087,-1.63098997501937
3457-PQBYH,1.04361614836296,-1.47772614306665,-1.1459968403746
7682-AZNDK,0.066327419082236,0.833833484164428,0.308982563559717
0587-DMGBH,-0.992402037638553,-0.49560411596847,-0.661003705729825
5384-ZTTWP,-0.707359491598341,-1.49434411306831,-1.1459968403746
3745-HRPHI,1.36937905812321,-0.336071603952522,0.308982563559717
7636-OWBPG,-0.829520582758432,-1.17694088603658,-1.1459968403746
1231-YNDEK,1.04361614836296,-1.51594747407047,-1.1459968403746
1407-DIGZV,-1.1960038562387,-1.51760927107064,-1.1459968403746
6397-JNZZG,0.432810692562509,-0.306159257949532,0.308982563559717
0570-BFQHT,-0.951681673918523,0.524739242133529,-0.176010571085054
4393-OBCRR,-1.1960038562387,-1.47938794006682,-1.1459968403746
3523-QRQLL,-0.422316945558128,0.157482105096816,0.308982563559717
8564-LDKFL,0.310649601402418,1.37059391521809,1.27896883284926
3696-DFHHB,1.45081978556327,-1.30489925504937,-0.661003705729825
0895-DQHEW,0.880734693482843,1.31409281721244,1.27896883284926
4717-GHADL,0.717853238602722,0.493165099130373,1.27896883284926
5501-TVMGM,-1.27744458367877,-0.316130039950529,-0.661003705729825
5879-HMFFH,1.61370124044339,0.774008792158448,2.2489551021388
6772-WFQRD,0.310649601402418,-1.47440254906632,-1.1459968403746
3810-DVDQQ,1.61370124044339,1.75613081925663,2.2489551021388
6972-SNKKW,-1.07384276507861,-1.48769692506765,-1.1459968403746
3694-GLTJM,-1.11456312879864,-1.49932950406881,-1.1459968403746
8550-XSXUQ,0.636412511162661,0.192379842100305,0.793975698204488
8149-RSOUN,-1.27744458367877,0.966777244177718,0.308982563559717
9055-MOJJJ,1.28793833068315,0.034509127084523,0.308982563559717
4359-INNWN,-0.62591876415828,-1.48603512806748,-1.1459968403746
0585-EGDDA,0.310649601402418,0.506459475131702,-0.176010571085054
4032-RMHCI,0.351369965122448,-0.97586344901648,-0.661003705729825
0549-CYCQN,0.758573602322752,0.493165099130373,-0.176010571085054
3481-JHUZH,0.351369965122448,0.514768460132533,-0.176010571085054
7250-EQKIY,-1.27744458367877,-0.475662551966477,-0.661003705729825
3594-IVHJZ,-1.23672421995873,-1.47274075206615,-1.1459968403746
6869-FGJJC,1.45081978556327,0.493165099130373,-0.176010571085054
3896-ZVNET,-0.340876218118068,-1.33148800705203,-0.661003705729825
8205-VSLRB,1.53226051300333,0.416722437122731,1.27896883284926
5960-MVTUK,-1.1960038562387,-1.16364651003525,-1.1459968403746
6817-WTYHE,-1.23672421995873,-0.660122018984916,-1.1459968403746
3082-VQXNH,-1.1960038562387,-1.16198471303509,-1.1459968403746
4013-UBXWQ,-1.03312240135858,0.328647196113927,0.793975698204488
4931-TRZWN,-0.788800219038401,0.238910158104956,0.308982563559717
0750-EKNGL,-1.03312240135858,-1.46276997006515,-1.1459968403746
7669-LCRSD,-0.829520582758432,-0.28123230294704,-0.661003705729825
3567-PQTSO,0.840014329762813,1.34566696021559,1.27896883284926
5519-NPHVG,-0.829520582758432,0.978409823178881,0.308982563559717
8043-PNYSD,1.24721796696312,-1.50265309806914,-1.1459968403746
9938-EKRGF,-0.707359491598341,0.654359408146487,1.76396196749403
2703-AMTUL,0.147768146522297,-0.369307543955845,-0.176010571085054
0928-JMXNP,-1.15528349251868,-1.15866111903475,-1.1459968403746
8173-RXAYP,-0.340876218118068,-1.49766770706864,-1.1459968403746
4825-XJGDM,1.16577723952306,-0.700005146988903,0.308982563559717
5402-HTOTQ,-0.66663912787831,-0.314468242950363,-0.176010571085054
6734-JDTTV,1.32865869440318,-1.49268231606814,-1.1459968403746
7850-THJMU,-0.259435490678007,-1.49932950406881,-1.1459968403746
3890-RTCMS,-0.66663912787831,-0.508898491969799,-0.661003705729825
8849-GYOKR,0.880734693482843,1.38887368221991,1.27896883284926
3148-BLQJT,-1.27744458367877,-1.48437333106731,-1.1459968403746
3717-FDJFU,-1.11456312879864,-1.47274075206615,-1.1459968403746
3665-JATSN,-0.544478036718219,-0.832948907002193,-0.661003705729825
7966-YOTQW,-0.910961310198492,-0.341056994953021,-0.176010571085054
0461-CVKMU,-0.381596581838098,0.632756047144327,0.308982563559717
8806-EAGWC,-1.1960038562387,-0.319453633950861,-0.661003705729825
8853-TZDGH,1.61370124044339,1.55671517923669,1.76396196749403
7779-LGOVN,-0.910961310198492,0.727478476153797,-0.176010571085054
4324-BZCKL,-0.910961310198492,-0.306159257949532,-0.176010571085054
6924-TDGMT,-0.870240946478462,-1.46941715806582,-1.1459968403746
9710-ZUSHQ,0.188488510242327,1.39552087022058,1.27896883284926
1536-YHDOE,-0.62591876415828,-0.08846385092777,0.308982563559717
8123-QBNAZ,0.147768146522297,1.3207400052131,1.27896883284926
3629-ZNKXA,-0.62591876415828,1.23100296720413,0.793975698204488
4827-LTQRJ,1.36937905812321,1.52347923923337,1.76396196749403
7711-YIJWC,1.16577723952306,0.669315581147982,1.76396196749403
5482-VXSXJ,-0.422316945558128,0.945173883175559,0.308982563559717
7365-BVCJH,-1.27744458367877,-1.34145878905303,-1.63098997501937
9620-ENEJV,-1.07384276507861,0.192379842100305,-1.1459968403746
4183-WCSEP,-0.0558336720778551,0.454943768126552,-0.176010571085054
2378-YIZKA,1.45081978556327,0.672639175148314,1.76396196749403
5498-TXHLF,0.066327419082236,0.754067228156455,0.308982563559717
0689-DSXGL,0.799293966042782,0.699227927150972,0.308982563559717
6818-DJXAA,-0.910961310198492,0.875378409168581,0.308982563559717
9722-UJOJR,-0.137274399517916,0.199027030100969,-1.1459968403746
0464-WJTKO,1.61370124044339,-1.48437333106731,-1.1459968403746
8902-ZEOVF,0.595692147442631,-1.48603512806748,-1.1459968403746
6778-EICRF,-0.340876218118068,0.333632587114425,0.793975698204488
2662-NNTDK,1.32865869440318,-1.3281644130517,-0.661003705729825
4132-KALRO,-1.15528349251868,1.19942882420097,0.793975698204488
3902-FOIGH,-0.829520582758432,1.21604679420264,0.793975698204488
6772-KSATR,-1.27744458367877,0.56296057313735,-0.176010571085054
7112-OPOTK,0.0256070553622056,0.115937180092663,-1.1459968403746
2874-YXVVA,0.066327419082236,1.3406815692151,1.27896883284926
1245-HARPS,-0.748079855318371,-1.47440254906632,-1.1459968403746
4210-QFJMF,-1.15528349251868,0.478208926128878,-0.661003705729825
4323-ELYYB,-0.788800219038401,-1.48769692506765,-1.1459968403746
4293-ETKAP,1.32865869440318,0.486517911129709,1.27896883284926
6064-PUPMC,-0.381596581838098,-0.25131995694405,-0.176010571085054
6504-VBLFL,0.921455057202873,-0.204789640939399,0.308982563559717
6322-PJJDJ,0.677132874882691,0.998351387180874,0.308982563559717
0330-BGYZE,1.12505687580303,1.25426812520646,1.27896883284926
1085-LDWAM,1.4915401492833,-1.47606434606648,-1.1459968403746
7586-ZATGZ,0.310649601402418,0.669315581147982,-0.176010571085054
7197-VOJMM,1.41009942184324,0.147511323095819,0.793975698204488
3318-OSATS,0.107047782802266,1.01995474818303,0.308982563559717
5828-AVIPD,-0.544478036718219,1.20275241820131,0.793975698204488
1843-TLSGD,-0.788800219038401,-1.45944637606482,-1.1459968403746
9626-VFRGG,0.351369965122448,0.788964965159943,0.308982563559717
7075-BNDVQ,-1.15528349251868,-0.989157825017809,-0.661003705729825
9143-CANJF,-0.340876218118068,-0.319453633950861,-0.176010571085054
7284-BUYEC,-1.11456312879864,-0.459044581964815,-0.176010571085054
2041-JIJCI,-1.11456312879864,-0.0253155649214574,0.308982563559717
1086-LXKFY,-1.27744458367877,0.144187729095487,-1.1459968403746
4900-MSOMT,1.61370124044339,0.513106663132367,1.76396196749403
2229-VWQJH,-0.340876218118068,-0.513883882970298,-0.661003705729825
9194-GFVOI,0.392090328842479,0.651035814146155,1.76396196749403
1336-EZFZY,-1.15528349251868,-1.48603512806748,-1.1459968403746
4282-MSACW,1.45081978556327,1.7428364432553,2.2489551021388
1403-LKLIK,0.0256070553622056,-1.48437333106731,-1.1459968403746
2636-ALXXZ,-1.27744458367877,0.160805699097148,-1.1459968403746
7774-OJSXI,-0.0558336720778551,1.28584226820961,1.27896883284926
7786-WBJYI,-1.15528349251868,0.438325798124891,-0.176010571085054
0136-IFMYD,1.4915401492833,1.50187587823121,1.76396196749403
5144-TVGLP,0.229208873962357,0.996689590180708,0.308982563559717
9643-AVVWI,-1.1960038562387,0.506459475131702,-0.176010571085054
0253-ZTEOB,0.636412511162661,0.494826896130539,1.27896883284926
2706-QZIHY,-0.707359491598341,-1.31487003705037,-0.661003705729825
6061-PQHMK,-0.300155854398037,-1.49102051906798,-1.1459968403746
9885-CSMWE,-1.27744458367877,0.454943768126552,-0.661003705729825
6137-MFAJN,0.636412511162661,-0.663445612985249,-0.176010571085054
9122-UMROB,-1.27744458367877,-1.47772614306665,-1.1459968403746
4232-JGKIY,-1.27744458367877,-1.5142856770703,-1.1459968403746
2402-TAIRZ,0.188488510242327,0.508121272131868,-0.176010571085054
9659-ZTWSM,1.36937905812321,1.41546243422257,1.76396196749403
9139-TWBAS,-0.259435490678007,-0.562075995975115,0.308982563559717
6685-GBWJZ,1.24721796696312,0.200688827101135,0.793975698204488
5016-ETTFF,-0.910961310198492,-1.17195549503608,-1.1459968403746
3866-MDTUB,-1.23672421995873,0.199027030100969,0.308982563559717
2195-VVRJF,-0.58519840043825,-0.188171670937737,-0.176010571085054
3913-RDSJZ,1.28793833068315,-1.30323745804921,-0.661003705729825
8058-JMEQO,-0.951681673918523,0.654359408146487,-0.176010571085054
4203-QGNZA,-0.177994763237946,-1.47938794006682,-1.1459968403746
5043-TRZWM,-1.27744458367877,0.358559542116917,-0.661003705729825
0697-ZMSWS,-1.15528349251868,0.694242536150474,-0.176010571085054
7657-DYEPJ,0.229208873962357,0.179085466098976,0.793975698204488
9494-BDNNC,1.36937905812321,1.01496935718254,0.793975698204488
1640-PLFMP,-1.27744458367877,0.182409060099308,-1.1459968403746
5366-OBVMR,-0.58519840043825,-0.480647942966975,-0.661003705729825
8276-MQBYC,0.758573602322752,1.09805920719084,0.793975698204488
7644-OMVMY,-1.3181649473988,-1.49268231606814,-1.1459968403746
7593-XFKDI,-1.27744458367877,-0.613591702980265,-1.1459968403746
4573-JKNAE,-0.829520582758432,-1.50930028606981,-1.1459968403746
0337-CNPZE,0.351369965122448,1.38056469721908,1.27896883284926
9817-APLHW,-0.829520582758432,-1.32151722505103,-0.661003705729825
8380-MQINP,0.921455057202873,-1.47772614306665,-1.1459968403746
0840-DFEZH,-1.03312240135858,0.351912354116252,-0.661003705729825
1513-XNPPH,-0.829520582758432,0.818877311162933,0.308982563559717
8690-ZVLCL,1.45081978556327,0.772346995158282,2.2489551021388
6015-VVHHE,-1.11456312879864,0.611152686142168,-0.176010571085054
1125-SNVCK,0.677132874882691,-0.696681552988571,-1.1459968403746
0384-LPITE,0.310649601402418,-0.0901256479279362,0.793975698204488
4616-EWBNJ,-0.66663912787831,-1.48437333106731,-1.1459968403746
6347-DCUIK,-0.910961310198492,0.312029226112266,-0.661003705729825
1335-HQMKX,1.61370124044339,1.21604679420264,1.27896883284926
2545-EBUPK,-1.23672421995873,0.641065032145158,-0.176010571085054
6923-AQONU,-0.381596581838098,-1.45778457906466,-1.1459968403746
2172-EJXVF,1.57298087672336,1.36727032121775,1.27896883284926
0897-FEGMU,-0.870240946478462,1.15456030519649,0.793975698204488
7663-RGWBC,-1.27744458367877,-0.685048973987408,-1.1459968403746
1120-BMWUB,-0.66663912787831,-0.360998558955014,-0.176010571085054
9124-LHCJQ,-1.27744458367877,0.68759534814981,-0.176010571085054
4536-PLEQY,-0.829520582758432,0.67430097214848,-0.176010571085054
7029-IJEJK,0.880734693482843,-0.686710770987574,-0.176010571085054
8871-JLMHM,1.45081978556327,0.845466063165591,0.793975698204488
2235-ZGKPT,-1.15528349251868,-0.462368175965148,-0.661003705729825
3891-PUQOD,-1.27744458367877,-0.184848076937405,-0.176010571085054
5447-VYTKW,-0.218715126957977,-0.375954731956509,-0.176010571085054
3623-FQBOX,-0.463037309278159,-1.48935872206781,-1.1459968403746
0689-NKYLF,-0.788800219038401,0.612814483142334,-0.176010571085054
8659-HDIYE,1.28793833068315,0.328647196113927,1.27896883284926
3658-KIBGF,-1.27744458367877,-0.327762618951692,-0.176010571085054
3474-BAFSJ,1.00289578464293,-0.241349174943053,0.793975698204488
5519-YLDGW,-0.463037309278159,1.30079844121111,1.27896883284926
3865-ZFZIB,-0.544478036718219,-1.49932950406881,-1.1459968403746
1855-AGAWH,-0.0558336720778551,0.965115447177552,0.308982563559717
7109-CQYUZ,0.799293966042782,0.813891920162435,2.2489551021388
1370-GGAWX,0.5549717837226,0.976748026178715,0.793975698204488
4680-KUTAJ,-0.870240946478462,-0.304497460949366,-0.176010571085054
5307-UVGNB,0.840014329762813,-0.533825446972291,0.308982563559717
4946-EDSEW,-0.870240946478462,-1.51262388007014,-1.1459968403746
2883-ILGWO,1.00289578464293,1.33403438121443,1.27896883284926
2516-VQRRV,-1.23672421995873,0.355235948116585,-0.661003705729825
7580-UGXNC,-1.23672421995873,-0.329424415951858,-0.176010571085054
3642-BYHDO,1.57298087672336,-1.49102051906798,-1.1459968403746
9629-NHXFW,-1.27744458367877,-1.50763848906964,-1.1459968403746
2696-RZVZW,1.45081978556327,-1.31985542805087,-0.661003705729825
5766-FTRTS,1.61370124044339,0.654359408146487,1.76396196749403
0396-HUJBP,-1.23672421995873,-1.51096208306997,-1.1459968403746
5178-LMXOP,-1.27744458367877,1.00832216918187,0.308982563559717
8879-ZKJOF,0.351369965122448,0.501474084131204,1.27896883284926
6285-FTQBF,1.61370124044339,-1.30323745804921,-0.661003705729825
8185-UPYBR,-1.07384276507861,0.356897745116751,-0.661003705729825
4585-HETAI,-1.15528349251868,0.298734850110937,-0.661003705729825
7526-BEZQB,-0.829520582758432,1.03989631218503,0.308982563559717
1474-JUWSM,1.04361614836296,0.120922571093162,0.793975698204488
3530-CRZSB,-1.03312240135858,-1.46609356406549,-1.1459968403746
8498-XXGWA,1.32865869440318,-0.319453633950861,-0.176010571085054
9617-INGJY,-1.27744458367877,0.194041639100471,-1.1459968403746
0621-TSSMU,0.962175420922904,-1.48935872206781,-1.1459968403746
7234-KMNRQ,-1.15528349251868,-1.52093286507097,-1.1459968403746
7636-PEPNS,1.04361614836296,-0.686710770987574,-1.1459968403746
4683-WYDOU,1.20649760324309,1.4237714192234,1.27896883284926
9052-DHNKM,-0.259435490678007,-0.106743617929597,0.308982563559717
6794-HKIAJ,1.20649760324309,0.862084033167252,0.793975698204488
5578-NKCXI,1.04361614836296,1.14625132019566,0.793975698204488
1642-HMARX,1.45081978556327,0.895319973170575,2.2489551021388
3096-WPXBT,1.16577723952306,1.19444343320048,1.27896883284926
8434-PNQZX,0.392090328842479,0.454943768126552,1.27896883284926
5950-AAAGJ,-0.58519840043825,0.649374017145989,-0.176010571085054
4299-OPXEJ,0.962175420922904,-1.50265309806914,-1.1459968403746
4951-UKAAQ,-1.15528349251868,0.803921138161438,0.308982563559717
9618-LFJRU,-1.15528349251868,-1.47274075206615,-1.1459968403746
6693-DJWTY,0.107047782802266,-0.304497460949366,-0.176010571085054
0744-GKNGE,1.28793833068315,0.732463867154295,0.308982563559717
6447-EGDIV,-0.0558336720778551,-1.45612278206449,-1.1459968403746
1167-OYZJF,1.41009942184324,-1.48603512806748,-1.1459968403746
2108-YKQTY,-1.15528349251868,-0.467353566965646,-0.661003705729825
4806-DXQCE,1.53226051300333,1.6248488562435,2.2489551021388
4918-QLLIW,-1.1960038562387,-0.377616528956676,-0.661003705729825
7056-IMHCC,0.840014329762813,1.23432656120446,0.793975698204488
4854-SSLTN,-1.23672421995873,-0.174877294936408,0.308982563559717
5294-DMSFH,-0.137274399517916,0.765699807157617,-0.176010571085054
4837-PZTIC,0.595692147442631,-0.759829838994884,-0.176010571085054
1625-JAIIY,1.45081978556327,0.606167295141669,-0.176010571085054
0603-OLQDC,-0.829520582758432,0.169114684097979,0.308982563559717
3272-VUHPV,-0.992402037638553,-0.28123230294704,-0.176010571085054
4176-FXYBO,0.880734693482843,1.48858150222988,1.76396196749403
1063-DHQJF,1.4915401492833,0.91027614617207,0.308982563559717
8663-UPDGF,-0.259435490678007,0.157482105096816,0.793975698204488
6719-FGEDO,1.61370124044339,1.07147045518818,1.27896883284926
1837-YQUCE,1.53226051300333,-0.213098625940229,0.793975698204488
2947-DOMLJ,-1.27744458367877,-0.470677160965978,-0.661003705729825
4112-LUEIZ,-0.910961310198492,0.822200905163265,-0.176010571085054
0369-ZGOVK,-0.177994763237946,0.187394451099807,-1.1459968403746
4510-HIMLV,-1.27744458367877,0.167452887097813,-1.1459968403746
9919-KNPOO,-0.463037309278159,0.981733417179213,0.308982563559717
8749-JMNKX,0.758573602322752,0.965115447177552,0.793975698204488
7872-BAAZR,0.840014329762813,-1.50265309806914,-1.1459968403746
9391-LMANN,0.840014329762813,1.0365727181847,0.793975698204488
2430-USGXP,-0.340876218118068,1.20607601220164,0.793975698204488
8174-TBVCF,1.53226051300333,0.998351387180874,2.2489551021388
1698-XFZCI,1.16577723952306,1.4287568102239,1.76396196749403
1877-HKBQX,-0.870240946478462,-0.337733400952688,-0.176010571085054
4450-DLLMH,-1.23672421995873,0.217306797102796,-1.1459968403746
0428-AXXLJ,-0.300155854398037,-1.50431489506931,-1.1459968403746
2746-DIJLO,0.351369965122448,-0.28123230294704,-0.176010571085054
5955-ERIHD,-0.58519840043825,0.995027793180542,0.308982563559717
0917-EZOLA,1.61370124044339,1.30910742621194,1.27896883284926
3508-VLHCZ,1.57298087672336,0.857098642166754,2.2489551021388
4086-ATNFV,0.066327419082236,-0.131670572932089,0.308982563559717
0468-YRPXN,-0.137274399517916,1.13129514719416,0.793975698204488
5996-NRVXR,0.310649601402418,1.10969178619201,1.27896883284926
3739-YBWAB,0.147768146522297,-0.977525246016646,-0.661003705729825
7047-FWEYA,0.5549717837226,1.27587148620862,1.27896883284926
2000-MPKCA,1.04361614836296,1.4287568102239,1.76396196749403
9762-YAQAA,0.269929237682388,0.552989791136354,-0.176010571085054
5949-EBSQK,-1.15528349251868,-0.11006721192993,-0.176010571085054
5473-KHBPS,0.799293966042782,1.02826373318387,0.793975698204488
0100-DUVFC,1.53226051300333,1.3307107872141,1.27896883284926
5397-TUPSH,1.32865869440318,0.205674218101634,-1.1459968403746
8950-MTZNV,-1.27744458367877,-0.65846022198475,-1.1459968403746
0326-VDYXE,1.53226051300333,1.09307381619034,0.793975698204488
6773-LQTVT,-0.137274399517916,-0.967554464015649,-0.661003705729825
7274-RTAPZ,-1.27744458367877,0.857098642166754,-0.176010571085054
0436-TWFFZ,1.41009942184324,0.680948160149145,1.76396196749403
8566-YPRGL,-1.27744458367877,-1.50431489506931,-1.1459968403746
0311-UNPFF,-0.259435490678007,0.79893574716094,-0.176010571085054
6609-MXJHJ,-0.0965540357978854,-1.3181936310507,-0.661003705729825
2669-OIDSD,0.636412511162661,1.17284007219832,0.793975698204488
8400-WZICQ,0.921455057202873,-0.301173866949034,-0.176010571085054
3834-XUIFC,-1.03312240135858,0.679286363148979,-0.176010571085054
9576-SYUHJ,0.188488510242327,0.877040206168748,0.308982563559717
0410-IPFTY,-0.0558336720778551,0.634417844144493,-0.176010571085054
2831-EBWRN,-1.15528349251868,-0.626886078981594,-1.1459968403746
9430-NKQLY,1.61370124044339,-1.3181936310507,-0.661003705729825
8414-MYSHR,-1.11456312879864,0.885349191169578,-0.176010571085054
0247-SLUJI,-1.27744458367877,-1.49766770706864,-1.1459968403746
9402-ORRAH,-0.707359491598341,0.88867278516991,-0.176010571085054
6483-OATDN,-0.992402037638553,-0.447412002963653,-0.661003705729825
1293-HHSHJ,0.107047782802266,-1.45113739106399,-1.1459968403746
4840-ORQXB,0.962175420922904,1.32904899021393,1.27896883284926
7599-FKVXZ,0.392090328842479,1.37557930621859,1.27896883284926
3982-DQLUS,1.32865869440318,0.697566130150806,0.308982563559717
8610-ZIKJJ,-1.23672421995873,-1.47772614306665,-1.1459968403746
3756-VNWDH,1.32865869440318,1.19610523020064,0.793975698204488
7801-KICAO,-0.58519840043825,0.312029226112266,-0.661003705729825
7673-LPRNY,-0.381596581838098,0.458267362126884,1.27896883284926
8229-TNIQA,-1.15528349251868,-0.646827642983588,-1.1459968403746
6060-QBMGV,1.53226051300333,-1.49268231606814,-1.1459968403746
7339-POGZN,-1.15528349251868,-0.467353566965646,-0.661003705729825
2828-SLQPF,-0.544478036718219,-0.656798424984584,-1.1459968403746
4465-VDKIQ,-0.58519840043825,0.433340407124392,-0.176010571085054
2921-XWDJH,0.229208873962357,0.621123468143165,-0.176010571085054
6221-AVQYL,-1.23672421995873,0.282116880109275,-0.661003705729825
2558-BUOZZ,0.595692147442631,0.998351387180874,0.793975698204488
9257-AZMTZ,0.799293966042782,-1.48437333106731,-1.1459968403746
0003-MKNFE,-0.951681673918523,-0.16158291893508,-0.176010571085054
0975-UYDTX,-0.259435490678007,0.842142469165259,2.2489551021388
7743-EXURX,-0.992402037638553,-0.455720987964483,-0.661003705729825
4682-BLBUC,0.473531056282539,0.205674218101634,0.793975698204488
0975-VOOVL,-1.1960038562387,-1.18192627703708,-1.1459968403746
5968-VXZLG,-1.23672421995873,-0.603620920979268,-1.1459968403746
5569-KGJHX,-0.951681673918523,0.684271754149477,-0.176010571085054
4988-IQIGL,-1.27744458367877,0.351912354116252,-0.661003705729825
5201-FRKKS,-0.300155854398037,0.317014617112764,-0.661003705729825
9799-CAYJJ,-1.23672421995873,0.150834917096152,-1.1459968403746
7730-IUTDZ,0.432810692562509,0.346926963115754,-0.661003705729825
0426-TIRNE,-1.27744458367877,-1.45778457906466,-1.1459968403746
5443-SCMKX,1.04361614836296,0.981733417179213,0.793975698204488
8295-KMENE,1.084336512083,0.388471888119907,1.27896883284926
6738-ISCBM,0.473531056282539,-0.357674964954682,0.308982563559717
9821-BESNZ,1.36937905812321,1.31243102021227,1.27896883284926
3678-MNGZX,1.45081978556327,-1.48935872206781,-1.1459968403746
1335-NTIUC,-0.951681673918523,-1.3231790220512,-1.63098997501937
2916-BQZLN,-0.544478036718219,0.664330190147484,0.308982563559717
4558-CGYCZ,-1.15528349251868,-1.49600591006848,-1.1459968403746
2368-GAKKQ,1.53226051300333,1.6248488562435,2.2489551021388
8710-YGLWG,-1.27744458367877,-0.660122018984916,-1.1459968403746
3199-XGZCY,-0.992402037638553,0.34858876011592,-0.661003705729825
3785-KTYSH,0.840014329762813,-1.33481160105236,-0.661003705729825
6814-ZPWFQ,0.758573602322752,-1.32151722505103,-0.661003705729825
4063-EIKNQ,-0.870240946478462,-1.45612278206449,-1.1459968403746
6993-YCOBK,1.12505687580303,1.52347923923337,1.76396196749403
5206-HPJKM,-0.62591876415828,-0.307821054949698,-0.176010571085054
7587-RZNME,-1.1960038562387,-0.713299522990232,-1.1459968403746
0748-RDGGM,1.53226051300333,1.48691970522971,1.76396196749403
8393-JMVMB,-1.27744458367877,-1.50597669206947,-1.1459968403746
5019-GQVCR,0.432810692562509,0.667653784147816,-0.176010571085054
6036-TTFYU,-0.66663912787831,-1.50099130106898,-1.1459968403746
2550-AEVRU,1.00289578464293,-0.375954731956509,-0.176010571085054
0969-RGKCU,0.188488510242327,-1.49434411306831,-1.1459968403746
0378-CJKPV,1.61370124044339,1.57333314923835,2.2489551021388
4706-AXVKM,-0.870240946478462,0.66599198714765,-0.176010571085054
5889-JTMUL,0.717853238602722,1.0066603721817,0.793975698204488
9026-RNUJS,-1.11456312879864,-0.478986145966809,-0.661003705729825
3746-EUBYR,-1.27744458367877,0.326985399113761,-0.661003705729825
2332-EFBJY,-0.66663912787831,-1.49766770706864,-1.1459968403746
2880-FPNAE,-1.23672421995873,0.313691023112432,-0.661003705729825
1703-MGIAB,-0.62591876415828,0.140864135095155,0.793975698204488
4311-QTTAI,-0.66663912787831,-1.50930028606981,-1.1459968403746
9474-PHLYD,-0.707359491598341,-0.176539091936574,-0.176010571085054
4318-RAJVY,-0.910961310198492,-1.49434411306831,-1.1459968403746
2165-VOEGB,0.5549717837226,1.34400516321543,1.27896883284926
3612-YUNGG,1.28793833068315,1.47694892322872,1.76396196749403
2254-DLXRI,-1.27744458367877,0.478208926128878,-0.176010571085054
5062-CJJKH,-0.300155854398037,-0.369307543955845,-0.176010571085054
9028-LIHRP,1.57298087672336,1.17782546319882,1.27896883284926
2219-MVUSO,-0.992402037638553,-0.651813033984086,-1.1459968403746
1053-MXTTK,1.61370124044339,1.45866915622689,1.76396196749403
1530-ZTDOZ,0.677132874882691,-0.801374763999037,-0.661003705729825
1301-LOPVR,-0.137274399517916,-0.312806445950197,0.793975698204488
0853-TWRVK,1.61370124044339,1.35729953921676,1.76396196749403
8914-RBTSB,-0.0558336720778551,0.965115447177552,0.793975698204488
6212-ATMLK,0.717853238602722,1.02826373318387,0.308982563559717
8200-LGKSR,1.57298087672336,0.612814483142334,1.76396196749403
1568-BEKZM,1.53226051300333,0.840480672165093,2.2489551021388
0670-ANMUU,1.57298087672336,1.09307381619034,0.793975698204488
6897-RWMUB,1.16577723952306,0.109289992091998,0.793975698204488
0963-ZBDRN,-0.0151133083578247,1.04488170318553,0.308982563559717
7594-RQHXR,-1.27744458367877,0.493165099130373,-0.661003705729825
6999-CHVCF,1.45081978556327,1.24097374920513,1.27896883284926
6134-KWTBV,1.20649760324309,-1.37469472905635,-0.661003705729825
1077-HUUJM,-1.03312240135858,0.208997812101966,-1.1459968403746
6331-EWIEB,-0.503757672998189,0.680948160149145,-0.176010571085054
0895-LNKRC,-1.07384276507861,-1.50597669206947,-1.1459968403746
2045-BMBTJ,0.0256070553622056,-0.176539091936574,0.793975698204488
8417-GSODA,-0.177994763237946,0.911937943172236,0.308982563559717
5171-EPLKN,-0.218715126957977,-1.49268231606814,-1.1459968403746
4452-QIIEB,-1.03312240135858,-0.693357958988239,-1.1459968403746
5998-VVEJY,-0.259435490678007,0.523077445133363,-0.176010571085054
1624-NALOJ,-1.11456312879864,0.832171687164262,0.308982563559717
6741-EGCBI,-0.0965540357978854,0.855436845166588,0.308982563559717
7820-ZYGNY,1.24721796696312,0.853775048166422,0.308982563559717
4317-VTEOA,-1.27744458367877,-0.46569176996548,-0.661003705729825
9677-AVKED,0.840014329762813,0.659344799146985,1.76396196749403
1670-SVOWZ,-0.748079855318371,0.827186296163764,0.308982563559717
2227-JRSJX,-0.463037309278159,1.14292772619533,0.793975698204488
9847-HNVGP,-0.62591876415828,-1.48935872206781,-1.1459968403746
6696-YDAYZ,-0.66663912787831,-1.47107895506598,-1.1459968403746
8980-WQFWL,0.107047782802266,-0.08846385092777,-0.176010571085054
1730-ZMAME,-0.0151133083578247,0.489841505130041,-0.661003705729825
6506-EYCNH,-0.177994763237946,-1.50265309806914,-1.1459968403746
4634-JLRJT,-1.27744458367877,-1.47606434606648,-1.1459968403746
9501-UKKNL,1.084336512083,-0.434117626962323,-0.176010571085054
2560-QTSBS,1.61370124044339,-1.37801832305668,-0.661003705729825
7541-YLXCL,0.147768146522297,0.0212147510831943,0.308982563559717
4795-WRNVT,0.310649601402418,0.0112439690821972,0.308982563559717
6080-TCMYC,0.310649601402418,0.546342603135689,-0.176010571085054
0260-ZDLGK,-0.951681673918523,0.270484301108113,0.793975698204488
7860-UXCRM,1.24721796696312,0.323661805113429,1.27896883284926
6357-JJPQT,-1.1960038562387,0.523077445133363,-0.661003705729825
2292-XQWSV,0.310649601402418,-0.148288542933751,0.793975698204488
9552-TGUZV,-0.992402037638553,0.34027977511509,-0.661003705729825
5913-INRQV,0.066327419082236,0.843804266165425,0.308982563559717
8722-NGNBH,-1.11456312879864,-0.822978125001196,-0.176010571085054
6210-KBBPI,-0.951681673918523,1.15289850819632,0.793975698204488
9643-YBLUR,-0.951681673918523,0.142525932095321,0.793975698204488
8734-FNWVH,-0.0558336720778551,-0.168230106935744,-0.176010571085054
9447-YPTBX,0.717853238602722,-1.49268231606814,-1.1459968403746
0133-BMFZO,-1.23672421995873,0.714184100152467,0.308982563559717
6128-CZOMY,-1.27744458367877,-0.635195063982425,-1.1459968403746
9540-JYROE,-0.992402037638553,0.177423669098809,-1.1459968403746
9026-LHEVG,-0.951681673918523,-0.798051169998705,-0.661003705729825
2260-USTRB,-1.23672421995873,0.180747263099142,-1.1459968403746
3656-TKRVZ,-1.1960038562387,-0.312806445950197,-0.176010571085054
7011-CVEUC,-0.300155854398037,1.02826373318387,0.308982563559717
6185-TASNN,-1.27744458367877,-0.613591702980265,-1.1459968403746
7925-PNRGI,0.51425142000257,0.549666197136021,1.76396196749403
8623-TMRBY,0.758573602322752,0.646050423145657,0.308982563559717
1552-CZCLL,0.921455057202873,-1.48769692506765,-1.1459968403746
3038-PQIUY,0.229208873962357,0.0461417060856861,0.793975698204488
1501-SGHBW,-1.23672421995873,-0.62854787598176,-1.1459968403746
9313-CDOGY,0.229208873962357,-1.50099130106898,-1.1459968403746
8148-BPLZQ,0.066327419082236,-0.497265912968636,-0.661003705729825
2623-DRYAM,1.53226051300333,1.22934117020397,0.793975698204488
9987-LUTYD,-0.788800219038401,-0.319453633950861,-0.176010571085054
3208-YPIOE,0.269929237682388,0.34858876011592,-0.661003705729825
4488-KQFDT,1.16577723952306,1.30246023821128,1.27896883284926
2612-RANWT,-0.829520582758432,1.17616366619865,0.793975698204488
5693-PIPCS,0.351369965122448,1.15954569619699,0.793975698204488
0491-KAPQG,-0.463037309278159,0.297073053110771,-0.661003705729825
1925-LFCZZ,0.921455057202873,-0.488956927967806,-0.176010571085054
8039-EQPIM,1.4915401492833,-0.149950339933917,0.793975698204488
6900-PXRMS,-0.259435490678007,1.36228493021726,1.27896883284926
8707-RMEZH,1.4915401492833,0.749081837155956,0.308982563559717
3346-BRMIS,-0.58519840043825,-0.545458025973454,-0.176010571085054
3209-ZPKFI,0.595692147442631,-0.349365979953851,-0.176010571085054
6479-VDGRK,1.61370124044339,0.682609957149311,1.76396196749403
9373-WSLOY,0.0256070553622056,-0.490618724967972,0.308982563559717
2933-FILNV,-1.23672421995873,-1.34145878905303,-1.63098997501937
3569-JFODW,1.61370124044339,0.870393018168083,2.2489551021388
9819-FBNSV,0.188488510242327,0.248880940105953,-1.1459968403746
9544-PYPSJ,1.20649760324309,1.04155810918519,0.793975698204488
1591-XWLGB,1.57298087672336,-1.49268231606814,-1.1459968403746
0396-UKGAI,-0.381596581838098,-0.314468242950363,-0.176010571085054
3243-ZHOHY,-0.66663912787831,-1.48437333106731,-1.1459968403746
5186-EJEGL,-0.951681673918523,0.157482105096816,0.793975698204488
7527-QNRUS,-0.62591876415828,-1.31653183405053,-0.661003705729825
9986-BONCE,-1.15528349251868,-1.45612278206449,-1.1459968403746
2722-JMONI,-1.27744458367877,-0.505574897969467,-0.661003705729825
2203-GHNWN,-0.340876218118068,0.494826896130539,-0.176010571085054
3878-AVSOQ,-1.27744458367877,0.21564500010263,-1.1459968403746
3258-SYSWS,1.61370124044339,1.629834247244,2.2489551021388
5296-PSYVW,1.61370124044339,-1.33647339805253,-0.661003705729825
6319-QSUSR,-0.870240946478462,-1.49766770706864,-1.1459968403746
4083-EUGRJ,-0.951681673918523,-1.47938794006682,-1.1459968403746
7579-OOPEC,-1.23672421995873,-0.485633333967473,-0.661003705729825
0512-FLFDW,1.12505687580303,1.18779624519981,0.793975698204488
1771-OADNZ,-0.137274399517916,1.03491092118453,0.793975698204488
0487-CRLZF,0.677132874882691,0.322000008113263,0.793975698204488
2107-FBPTK,-0.0965540357978854,1.30744562921177,1.27896883284926
9451-WLYRI,0.840014329762813,-1.5192710680708,-1.1459968403746
8219-VYBVI,0.269929237682388,-1.32151722505103,-0.661003705729825
1991-VOPLL,-0.951681673918523,-1.5192710680708,-1.1459968403746
9738-QLWTP,0.269929237682388,0.569607761138015,-0.176010571085054
1016-DJTSV,-0.992402037638553,0.164129293097481,-1.1459968403746
9419-IPPBE,0.758573602322752,0.843804266165425,0.308982563559717
0174-QRVVY,1.57298087672336,-1.30988464604987,-0.661003705729825
5699-BNCAS,1.57298087672336,-1.3331498040522,-0.661003705729825
2900-PHPLN,1.53226051300333,-1.50265309806914,-1.1459968403746
0612-RTZZA,-1.27744458367877,-1.3132082400502,-1.63098997501937
8106-GWQOK,0.229208873962357,-0.158259324934747,0.793975698204488
8751-EDEKA,-0.177994763237946,0.835495281164595,0.308982563559717
6878-GGDWG,-0.0151133083578247,-1.50763848906964,-1.1459968403746
4039-PIMHX,0.677132874882691,-0.497265912968636,-0.661003705729825
8450-LUGUK,0.188488510242327,-1.35142957105402,-0.661003705729825
3604-WLABM,-0.910961310198492,-0.349365979953851,-0.176010571085054
0795-GMVQO,1.41009942184324,1.50021408123104,1.76396196749403
2259-OUUSZ,-1.03312240135858,-0.972539855016148,-0.661003705729825
1142-IHLOO,0.758573602322752,0.757390822156787,-0.176010571085054
6410-LEFEN,-0.951681673918523,-0.651813033984086,-1.1459968403746
4633-MKHYU,-0.951681673918523,0.785641371159611,-0.176010571085054
6257-RJOHI,-1.15528349251868,-0.464029972965314,-0.661003705729825
1545-JFUML,1.57298087672336,1.13794233519483,1.27896883284926
3194-ORPIK,0.717853238602722,0.652697611146321,-0.176010571085054
7826-VVKWT,-0.340876218118068,1.05651428218669,0.308982563559717
1353-GHZOS,-0.422316945558128,-0.166568309935578,-0.176010571085054
2587-EKXTS,0.473531056282539,1.55339158523636,1.76396196749403
5442-BXVND,0.0256070553622056,-1.34644418005352,-0.661003705729825
8816-VXNZD,-1.27744458367877,0.343603369115422,-0.661003705729825
9378-FXTIZ,0.880734693482843,0.179085466098976,0.308982563559717
1723-HKXJQ,0.392090328842479,1.22934117020397,0.793975698204488
7825-GKXMW,-1.27744458367877,-0.630209672981926,-1.1459968403746
9753-OYLBX,-1.27744458367877,-1.47107895506598,-1.1459968403746
2364-UFROM,-0.0965540357978854,0.187394451099807,0.793975698204488
6656-JWRQX,-1.27744458367877,-1.13705775803259,-1.1459968403746
6473-ULUHT,-0.66663912787831,0.669315581147982,1.76396196749403
1240-KNSEZ,-1.27744458367877,-1.48437333106731,-1.1459968403746
0836-SEYLU,-0.951681673918523,-0.801374763999037,-0.661003705729825
4433-JCGCG,0.5549717837226,1.20441421520147,0.793975698204488
3716-BDVDB,-1.27744458367877,0.144187729095487,-1.1459968403746
7688-AWMDX,1.57298087672336,-0.341056994953021,-0.176010571085054
2842-BCQGE,0.432810692562509,0.351912354116252,-0.661003705729825
7244-QWYHG,0.717853238602722,-0.675078191986411,-0.176010571085054
5899-MQZZL,-0.788800219038401,0.34027977511509,-0.661003705729825
6849-OYAMU,-0.544478036718219,1.17117827519815,0.793975698204488
5312-UXESG,0.351369965122448,1.10636819219167,0.793975698204488
9488-HGMJH,-1.27744458367877,0.212321406102298,-1.1459968403746
6038-GCYEC,-0.340876218118068,-0.352689573954184,0.308982563559717
2150-WLKUW,0.310649601402418,-0.0286391589217896,0.308982563559717
7159-FVYPK,-1.1960038562387,0.145849526095653,0.793975698204488
7032-LMBHI,0.188488510242327,-0.00371220391929756,0.308982563559717
1150-WFARN,1.41009942184324,1.46199275022722,1.76396196749403
6088-BXMRG,-0.0151133083578247,1.13295694419433,0.793975698204488
3144-AUDBS,-1.07384276507861,-0.518869273970796,-0.661003705729825
4821-SJHJV,-0.0151133083578247,0.825524499163597,0.308982563559717
7346-MEDWM,1.084336512083,0.6144762801425,0.308982563559717
1137-DGOWI,-0.0965540357978854,0.182409060099308,0.793975698204488
5616-PRTNT,-0.503757672998189,-1.50763848906964,-1.1459968403746
3812-LRZIR,-0.218715126957977,-1.33813519505269,-0.661003705729825
4818-QIUFN,-0.503757672998189,0.478208926128878,-0.176010571085054
9483-GCPWE,-0.951681673918523,-1.48437333106731,-1.1459968403746
4227-OJHAL,1.45081978556327,0.273807895108445,1.27896883284926
9220-CXRSC,1.4915401492833,-0.111729008930096,0.308982563559717
4993-JCRGJ,-0.259435490678007,0.649374017145989,0.308982563559717
9537-JALFH,1.4915401492833,-1.49102051906798,-1.1459968403746
6698-OXETB,-0.870240946478462,-1.47440254906632,-1.1459968403746
2103-ZRXFN,-1.27744458367877,-0.46569176996548,-0.661003705729825
3724-BSCVH,-0.910961310198492,-1.47274075206615,-1.1459968403746
4877-TSOFF,0.921455057202873,0.365206730117582,1.27896883284926
9209-NWPGU,0.473531056282539,0.0212147510831943,0.308982563559717
6961-VCPMC,0.5549717837226,0.519753851133031,-0.661003705729825
7306-YDSOI,1.4915401492833,-0.166568309935578,0.308982563559717
5288-AHOUP,-0.870240946478462,0.456605565126718,-0.661003705729825
6688-UZPWD,-0.870240946478462,1.2376501552048,0.793975698204488
0655-YDGFJ,-0.137274399517916,-0.52551646197146,-0.661003705729825
8468-EHYJA,1.00289578464293,1.15954569619699,0.793975698204488
6823-SIDFQ,-0.177994763237946,-1.54585982007346,-1.1459968403746
1097-FSPVW,0.392090328842479,-0.339395197952855,-0.176010571085054
2839-RFSQE,-1.23672421995873,-1.46609356406549,-1.1459968403746
8328-SKJNO,-0.381596581838098,-0.801374763999037,-0.176010571085054
7010-ZMVBF,-0.58519840043825,-1.47274075206615,-1.1459968403746
5201-CBWYG,1.20649760324309,-1.3281644130517,-0.661003705729825
0968-GSIKN,-1.27744458367877,0.200688827101135,-1.1459968403746
1965-DDBWU,-0.66663912787831,0.80724473216177,0.308982563559717
9057-SIHCH,-1.1960038562387,1.05817607918686,0.308982563559717
6352-GIGGQ,1.41009942184324,0.79893574716094,2.2489551021388
3635-QQRQD,1.20649760324309,-1.48603512806748,-1.1459968403746
6771-XWBDM,1.00289578464293,1.3207400052131,1.27896883284926
2897-DOVND,-1.23672421995873,0.167452887097813,-1.1459968403746
3082-YVEKW,-0.381596581838098,0.411737046122233,1.27896883284926
0191-EQUUH,-0.300155854398037,-0.987496028017643,-0.661003705729825
7134-HBPBS,1.61370124044339,1.44038938922506,1.76396196749403
3489-HHPFY,-1.23672421995873,0.641065032145158,-0.176010571085054
2926-JEJJC,-0.992402037638553,-1.48104973706698,-1.1459968403746
8601-QACRS,-1.11456312879864,-0.470677160965978,-0.661003705729825
4950-BDEUX,0.107047782802266,-0.51720747697063,-0.176010571085054
5789-LDFXO,-0.340876218118068,-1.33481160105236,-0.661003705729825
0508-OOLTO,-1.23672421995873,0.22893937610396,-1.1459968403746
2984-TBYKU,1.61370124044339,1.33403438121443,1.76396196749403
9822-WMWVG,0.351369965122448,1.38721188521975,1.76396196749403
2391-SOORI,-1.15528349251868,-0.512222085970131,-0.661003705729825
9040-KZVWO,-0.259435490678007,0.356897745116751,-0.661003705729825
2645-QTLMB,-1.03312240135858,0.980071620179047,0.308982563559717
4806-HIPDW,-1.27744458367877,0.139202338094989,-1.1459968403746
1548-ARAGG,-1.15528349251868,-0.208113234939731,0.308982563559717
6339-RZCBJ,0.636412511162661,0.469899941128048,1.27896883284926
4424-TKOPW,-1.23672421995873,0.966777244177718,0.308982563559717
4415-WNGVR,-0.829520582758432,0.479870723129044,1.27896883284926
2522-AHJXR,1.12505687580303,1.48525790822955,1.76396196749403
0412-UCCNP,0.921455057202873,-0.184848076937405,0.308982563559717
1816-FLZDK,-1.27744458367877,-1.18358807403725,-1.1459968403746
7096-UCLNH,-1.27744458367877,-1.48603512806748,-1.1459968403746
8443-ZRDBZ,-1.15528349251868,0.375177512118578,-0.661003705729825
9136-ALYBR,-1.27744458367877,-1.33979699205286,-1.63098997501937
4615-PIVVU,0.392090328842479,0.0577742850868488,0.308982563559717
8885-QSQBX,-1.27744458367877,-0.505574897969467,-0.661003705729825
7479-NITWS,-1.03312240135858,0.817215514162767,0.308982563559717
8617-ENBDS,-1.1960038562387,0.293749459110438,-0.661003705729825
9385-NXKDA,1.61370124044339,0.594534716140507,1.76396196749403
0430-IHCDJ,-0.707359491598341,-0.523854664971294,-0.661003705729825
2959-MJHIC,-1.15528349251868,0.518092054132865,-0.661003705729825
6674-KVJHG,-0.870240946478462,-1.31487003705037,-0.661003705729825
1814-DKOLC,-1.11456312879864,-1.30656105204954,-0.661003705729825
4201-JMNGR,-1.27744458367877,-0.297850272948702,-0.176010571085054
9351-HXDMR,1.61370124044339,1.53345002123437,1.76396196749403
3537-HPKQT,0.921455057202873,0.431678610124226,-0.176010571085054
2129-ALKBS,0.310649601402418,-1.28163409704705,-0.661003705729825
5821-MMEIL,1.00289578464293,-1.49102051906798,-1.1459968403746
5960-WPXQM,-1.27744458367877,0.474885332128546,-0.661003705729825
0684-AOSIH,-1.27744458367877,1.00499857518154,0.308982563559717
8260-NGFNY,-1.27744458367877,-1.31487003705037,-1.63098997501937
1309-XGFSN,0.799293966042782,0.534710024134526,1.27896883284926
1866-RZZQS,0.351369965122448,1.11800077119284,0.793975698204488
6968-URWQU,0.432810692562509,-0.279570505946874,-0.661003705729825
4742-TXUEX,0.595692147442631,-1.51096208306997,-1.1459968403746
9631-XEYKE,-1.1960038562387,-0.477324348966643,-0.661003705729825
8631-NBHFZ,1.36937905812321,0.486517911129709,1.76396196749403
1335-MXCSE,0.921455057202873,-0.316130039950529,-0.176010571085054
8873-TMKGR,-0.137274399517916,-1.51760927107064,-1.1459968403746
8800-JOOCF,-0.829520582758432,0.641065032145158,-0.176010571085054
1469-LBJQJ,1.36937905812321,1.34400516321543,1.27896883284926
4958-XCBDQ,0.107047782802266,1.2177085912028,0.793975698204488
8337-UPOAQ,-0.910961310198492,0.832171687164262,0.308982563559717
0064-YIJGF,-0.218715126957977,0.365206730117582,-0.661003705729825
2386-OWURY,1.04361614836296,1.01496935718254,0.308982563559717
1725-IQNIY,0.880734693482843,1.49522869023054,1.76396196749403
0310-VQXAM,-0.951681673918523,-1.49268231606814,-1.1459968403746
6598-RFFVI,-1.23672421995873,-1.51096208306997,-1.1459968403746
3453-RTHJQ,-1.07384276507861,0.144187729095487,-1.1459968403746
6712-OAWRH,-0.259435490678007,0.88036380016908,-0.176010571085054
6278-FEPBZ,-0.951681673918523,-1.47938794006682,-1.1459968403746
4280-DLSHD,-0.992402037638553,-0.33274800995219,-0.176010571085054
1508-DFXCU,-0.829520582758432,0.55465158813652,-0.661003705729825
8614-VGMMV,-0.707359491598341,-0.520531070970962,-0.661003705729825
7868-BGSZA,0.432810692562509,0.513106663132367,1.27896883284926
2800-QQUSO,0.392090328842479,1.18114905719915,0.793975698204488
2930-UOTMB,-0.0558336720778551,0.0162293600826957,0.793975698204488
7973-DZRKH,1.36937905812321,0.870393018168083,0.793975698204488
5914-DVBWJ,-0.58519840043825,0.68759534814981,0.308982563559717
7698-YFGEZ,-1.27744458367877,-1.48769692506765,-1.1459968403746
2533-QVMSK,1.16577723952306,0.975086229178549,0.793975698204488
9773-PEQBZ,-0.910961310198492,0.501474084131204,-0.176010571085054
8644-XLFBW,-1.27744458367877,0.22893937610396,-1.1459968403746
0650-BWOZN,-0.58519840043825,0.292087662110272,-0.661003705729825
8625-AZYZY,-0.340876218118068,1.3257253962136,1.27896883284926
7785-RDVIG,-1.1960038562387,-1.51096208306997,-1.1459968403746
9602-WCXPI,0.717853238602722,-1.48271153406715,-1.1459968403746
2903-YYTBW,-1.27744458367877,-0.671754597986079,-1.1459968403746
3620-MWJNE,-1.23672421995873,-0.342718791953187,-0.176010571085054
8573-JGCZW,-0.62591876415828,-1.49932950406881,-1.1459968403746
6837-HAEVO,1.4915401492833,1.33735797521476,1.27896883284926
6701-YVNQG,1.61370124044339,0.795612153160608,2.2489551021388
9306-CPCBC,-1.1960038562387,0.315352820112598,-0.661003705729825
4304-XUMGI,0.717853238602722,0.345265166115588,1.27896883284926
9504-YAZWB,0.840014329762813,-1.47938794006682,-1.1459968403746
8819-ZBYNA,1.04361614836296,1.47362532922839,1.76396196749403
6174-NRBTZ,0.5549717837226,-1.13041057003193,-1.1459968403746
9481-IEBZY,1.61370124044339,1.59992190124101,2.2489551021388
1833-VGRUM,-1.27744458367877,0.313691023112432,-0.661003705729825
6137-NICCO,-1.07384276507861,0.973424432178383,0.793975698204488
9065-ZCPQX,1.61370124044339,0.468238144127881,1.76396196749403
6402-EJMWF,-1.15528349251868,-0.314468242950363,-0.661003705729825
3620-EHIMZ,0.799293966042782,-1.50930028606981,-1.1459968403746
3213-VVOLG,-1.3181649473988,-1.30988464604987,-0.661003705729825
6870-ECSHE,-1.23672421995873,-1.47274075206615,-1.1459968403746
8747-UDCOI,1.32865869440318,-1.50930028606981,-1.1459968403746
8374-XGEJJ,0.432810692562509,1.20441421520147,0.793975698204488
2656-TABEH,-1.15528349251868,1.17782546319882,0.793975698204488
6946-LMSQS,-0.300155854398037,0.80724473216177,0.308982563559717
4626-OZDTJ,0.758573602322752,0.461590956127217,1.27896883284926
9169-BSVIN,-0.829520582758432,0.331970790114259,0.793975698204488
2325-ZUSFD,1.00289578464293,0.177423669098809,0.308982563559717
8194-PEEBY,-0.340876218118068,-1.49102051906798,-1.1459968403746
6872-HXFNF,1.28793833068315,-0.213098625940229,0.308982563559717
3932-CMDTD,-1.15528349251868,1.35896133621692,1.27896883284926
7714-YXSMB,-0.259435490678007,1.18779624519981,0.793975698204488
8387-UGUSU,-0.707359491598341,-1.48603512806748,-1.1459968403746
1080-BWSYE,1.28793833068315,-1.29991386404887,-0.661003705729825
4039-HEUNW,0.147768146522297,1.05485248518652,0.793975698204488
1194-HVAIF,-0.218715126957977,1.00499857518154,0.308982563559717
0812-WUPTB,-1.27744458367877,0.202350624101301,-1.1459968403746
3594-UVONA,0.107047782802266,0.704213318151471,1.76396196749403
0004-TLHLJ,-1.15528349251868,0.303720241111435,-0.661003705729825
1767-TGTKO,-0.992402037638553,-0.641842251983089,-1.1459968403746
8439-LTUGF,-0.910961310198492,-1.48769692506765,-1.1459968403746
8805-JNRAZ,-1.23672421995873,-0.51720747697063,-0.661003705729825
5089-IFSDP,1.04361614836296,1.48525790822955,1.76396196749403
6418-HNFED,0.758573602322752,0.6144762801425,1.76396196749403
0206-OYVOC,0.5549717837226,-1.51262388007014,-1.1459968403746
7291-CDTMJ,-1.27744458367877,-1.49932950406881,-1.1459968403746
7128-GGCNO,0.5549717837226,0.26716070710778,-0.661003705729825
0237-YFUTL,0.717853238602722,1.49190509623021,1.76396196749403
7691-KGKGP,0.840014329762813,0.00792037508186511,0.308982563559717
6710-HSJRD,1.16577723952306,1.639805029245,1.76396196749403
3675-EQOZA,-1.11456312879864,-1.46609356406549,-1.1459968403746
0840-DCNZE,0.595692147442631,0.737449258154793,1.76396196749403
1732-FEKLD,0.880734693482843,0.996689590180708,0.793975698204488
9862-KJTYK,-0.544478036718219,-1.30988464604987,-1.63098997501937
0479-HMSWA,-0.259435490678007,1.35231414821626,1.27896883284926
5854-KSRBJ,1.53226051300333,-1.3082228490497,-0.661003705729825
0365-BZUWY,-0.62591876415828,1.25592992220662,1.27896883284926
4817-VYYWS,-0.0965540357978854,1.17782546319882,0.793975698204488
5701-SVCWR,-1.27744458367877,-1.35475316505436,-0.661003705729825
3129-AAQOU,-0.544478036718219,-1.30157566104904,-0.661003705729825
4922-CVPDX,-0.259435490678007,0.290425865110106,0.793975698204488
1396-QWFBJ,-0.463037309278159,0.308705632111933,-0.661003705729825
1357-BIJKI,0.717853238602722,1.11301538019234,0.793975698204488
1099-BTKWT,1.45081978556327,-0.344380588953353,0.308982563559717
5299-SJCZT,-1.1960038562387,1.2226939822033,0.793975698204488
2018-PZKMU,-0.951681673918523,1.27420968920845,0.793975698204488
7340-KEFQE,0.758573602322752,-1.01574657702047,-0.661003705729825
4570-QHXHL,-0.951681673918523,-0.698343349988737,-1.1459968403746
2403-BCASL,0.351369965122448,1.56834775823786,1.76396196749403
7392-YYPYJ,-0.422316945558128,1.19278163620031,0.793975698204488
2898-LSJGD,-0.463037309278159,-0.292864881948203,0.308982563559717
2223-GDSHL,1.57298087672336,1.70461511225148,2.2489551021388
7359-PTSXY,-1.27744458367877,-0.631871469982092,-1.1459968403746
9470-RTWDV,-0.259435490678007,0.572931355138347,1.27896883284926
2176-OSJUV,1.57298087672336,0.0129057660823637,0.793975698204488
9348-YVOMK,-1.15528349251868,-0.663445612985249,-1.1459968403746
8104-OSKWT,-0.829520582758432,0.499812287131037,-0.176010571085054
4521-YEEHE,-0.58519840043825,0.800597544161106,0.308982563559717
4090-KPJIP,-1.1960038562387,0.338617978114924,-0.661003705729825
3786-WOVKF,1.61370124044339,1.39884446422091,1.27896883284926
4503-BDXBD,-0.870240946478462,0.338617978114924,-0.661003705729825
6086-ESGRL,-1.27744458367877,0.511444866132201,-0.661003705729825
2592-HODOV,-0.788800219038401,-1.51096208306997,-1.1459968403746
3886-CERTZ,1.61370124044339,1.47861072022888,1.76396196749403
7995-ZHHNZ,0.392090328842479,-0.287879490947705,-0.176010571085054
3824-RHKVR,-0.62591876415828,-1.49766770706864,-1.1459968403746
5816-SCGFC,-1.03312240135858,-0.447412002963653,-0.661003705729825
5989-AXPUC,1.45081978556327,1.78936675925995,2.2489551021388
4979-HPRFL,0.962175420922904,-1.34976777405386,-0.661003705729825
8590-OHDIW,0.229208873962357,-1.47772614306665,-1.1459968403746
8015-IHCGW,1.61370124044339,1.68633534524965,2.2489551021388
2332-TODQS,0.636412511162661,-1.31985542805087,-0.661003705729825
9278-VZKCD,0.799293966042782,1.47362532922839,1.76396196749403
8008-OTEZX,0.107047782802266,-1.49932950406881,-1.1459968403746
2773-OVBPK,1.41009942184324,1.54674439723569,1.76396196749403
5999-LCXAO,-1.27744458367877,-1.15866111903475,-1.1459968403746
5206-XZZQI,0.840014329762813,0.526401039133695,-0.176010571085054
4803-LBYPN,0.066327419082236,-1.46110817306499,-1.1459968403746
5759-RCVCB,-1.1960038562387,-0.982510637017144,-1.1459968403746
6372-RFVNS,-1.27744458367877,0.466576347127715,-0.661003705729825
2139-FQHLM,-0.544478036718219,0.837157078164761,0.308982563559717
8261-GWDBQ,1.12505687580303,1.70461511225148,2.2489551021388
1093-YSWCA,-0.870240946478462,-1.50265309806914,-1.1459968403746
8938-UMKPI,0.595692147442631,1.38388829121942,1.27896883284926
0991-BRRFB,-0.58519840043825,-0.510560288969965,-0.661003705729825
3882-IYOIJ,1.12505687580303,1.67802636024882,2.2489551021388
8749-TZYEC,1.61370124044339,-1.3281644130517,-0.661003705729825
1755-FZQEC,0.269929237682388,-1.49102051906798,-1.1459968403746
3115-JPJDD,1.084336512083,0.548004400135855,-0.176010571085054
5600-KTXFM,-1.23672421995873,0.172438278098311,-1.1459968403746
3871-IKPYH,-1.27744458367877,0.144187729095487,-1.1459968403746
6319-IEJWJ,-0.503757672998189,0.845466063165591,-0.176010571085054
9025-AOMKI,-1.07384276507861,0.956806462176721,0.308982563559717
6339-TBELP,1.57298087672336,0.719169491152966,0.308982563559717
7964-YESJC,-0.340876218118068,0.0511270970861842,0.793975698204488
6173-GOLSU,1.41009942184324,0.993365996180376,0.308982563559717
5275-SQEIZ,-1.27744458367877,0.534710024134526,-0.661003705729825
7716-YTYHG,0.636412511162661,0.574593152138513,-0.176010571085054
9938-ZREHM,0.188488510242327,0.243895549105454,0.793975698204488
7950-XWOVN,-0.870240946478462,-0.999128607018805,-0.661003705729825
4390-KYULV,-1.1960038562387,-1.46941715806582,-1.1459968403746
4647-MUZON,-0.58519840043825,1.0365727181847,0.308982563559717
9702-AIUJO,0.717853238602722,-0.663445612985249,-1.1459968403746
8849-PRIQJ,1.41009942184324,1.48359611122938,1.76396196749403
8851-RAGOV,-0.300155854398037,0.208997812101966,0.793975698204488
1304-NECVQ,-1.23672421995873,0.458267362126884,-0.176010571085054
5396-IZEPB,-0.951681673918523,-1.49766770706864,-1.1459968403746
1729-VLAZJ,-0.910961310198492,-0.814669140000366,-0.176010571085054
8285-ABVLB,1.53226051300333,-1.49268231606814,-1.1459968403746
0701-TJSEF,-0.951681673918523,0.115937180092663,0.793975698204488
5712-VBOXD,-1.15528349251868,-1.48271153406715,-1.1459968403746
6629-LADHQ,-1.23672421995873,-0.459044581964815,-0.661003705729825
8945-GRKHX,-1.27744458367877,0.461590956127217,-0.661003705729825
1559-DTODC,-0.544478036718219,-1.31653183405053,-1.63098997501937
4797-MIWUM,-1.03312240135858,-1.47938794006682,-1.1459968403746
6959-UWKHF,-1.27744458367877,-0.726593898991561,-1.1459968403746
8720-RQSBJ,-1.27744458367877,-0.690034364987907,-1.1459968403746
4537-CIBHB,-0.951681673918523,-1.47938794006682,-1.1459968403746
3815-SLMEF,-1.1960038562387,-1.0140847800203,-0.661003705729825
5154-VEKBL,-0.951681673918523,-0.208113234939731,0.793975698204488
4324-AHJKS,-1.11456312879864,-0.297850272948702,-0.176010571085054
4355-CVPVS,0.962175420922904,0.802259341161272,-0.176010571085054
4495-LHSSK,-0.58519840043825,-0.236363783942555,-0.176010571085054
5655-JSMZM,0.677132874882691,1.04488170318553,0.308982563559717
5915-ANOEI,1.53226051300333,0.478208926128878,1.76396196749403
9861-PDSZP,1.61370124044339,1.4387275922249,1.76396196749403
4505-EXZHB,-1.07384276507861,0.320338211113097,-0.661003705729825
7225-CBZPL,-0.62591876415828,0.998351387180874,0.308982563559717
6704-UTUKK,-0.137274399517916,-0.626886078981594,-0.661003705729825
4587-VVTOX,-1.07384276507861,1.34732875721576,1.27896883284926
2019-HDCZY,1.24721796696312,1.25759171920679,0.793975698204488
4652-NNHNY,-0.66663912787831,0.302058444111269,-0.661003705729825
8788-DOXSU,1.084336512083,-0.113390805930262,-0.176010571085054
7404-JLKQG,-1.1960038562387,-0.239687377942887,-0.176010571085054
7421-ZLUPA,-0.992402037638553,-1.18026448003691,-1.1459968403746
8972-HJWNV,-1.03312240135858,0.657683002146819,-0.176010571085054
3274-NSDWE,1.45081978556327,-1.50099130106898,-1.1459968403746
2632-IVXVF,1.45081978556327,1.56170057023719,1.76396196749403
3692-JHONH,0.799293966042782,1.38721188521975,1.27896883284926
8915-NNTRC,1.61370124044339,1.42709501322373,1.76396196749403
5914-GXMDA,-0.0151133083578247,-1.51096208306997,-1.1459968403746
7463-IFMQU,1.61370124044339,-1.48603512806748,-1.1459968403746
2920-RNCEZ,-1.27744458367877,0.172438278098311,-1.1459968403746
2541-YGPKE,0.392090328842479,-0.035286346922454,0.308982563559717
8515-OCTJS,-0.300155854398037,-1.32982621005186,-0.661003705729825
5382-TEMLV,0.51425142000257,-0.460706378964982,-0.661003705729825
3441-CGZJH,0.432810692562509,-0.144964948933418,0.793975698204488
9592-ERDKV,0.188488510242327,0.48153252012921,1.27896883284926
2860-RANUS,-0.503757672998189,0.699227927150972,-0.176010571085054
5261-QSHQM,-1.15528349251868,-1.33979699205286,-1.63098997501937
4778-IZARL,1.24721796696312,1.50686126923171,1.76396196749403
0432-CAJZV,-1.1960038562387,0.862084033167252,-0.176010571085054
7008-LZVOZ,1.36937905812321,-1.31154644305004,-0.661003705729825
8868-WOZGU,-0.177994763237946,1.36062313321709,1.27896883284926
1200-TUZHR,-0.992402037638553,0.679286363148979,-0.176010571085054
9365-CSLBQ,1.57298087672336,-1.34312058605319,-0.661003705729825
1334-FJSVR,-1.27744458367877,-1.34644418005352,-1.63098997501937
5884-FBCTL,1.61370124044339,-1.3181936310507,-0.661003705729825
7130-CTCUS,-0.66663912787831,-0.339395197952855,-0.176010571085054
6242-FEGFD,1.36937905812321,1.05817607918686,1.27896883284926
7625-XCQRH,-0.870240946478462,0.390133685120074,-0.661003705729825
6194-HBGQN,0.758573602322752,0.544680806135523,1.76396196749403
7634-WSWDB,-0.992402037638553,-0.87283203500618,-0.661003705729825
6986-IXNDM,-0.748079855318371,0.935203101174562,-0.176010571085054
1731-TVIUK,-1.15528349251868,0.955144665176555,0.793975698204488
2987-BJXIK,1.53226051300333,0.662668393147318,1.76396196749403
9769-TSBZE,1.53226051300333,0.0411563150851876,0.793975698204488
0406-BPDVR,0.880734693482843,1.22103218520313,0.793975698204488
0618-XWMSS,-0.177994763237946,0.336956181114758,-0.661003705729825
1395-WSWXR,-0.340876218118068,-1.46276997006515,-1.1459968403746
6023-GSSXW,1.4915401492833,-0.11006721192993,-0.176010571085054
6752-APNJL,0.392090328842479,-0.341056994953021,-0.176010571085054
5276-KQWHG,-1.23672421995873,0.160805699097148,-1.1459968403746
0420-HLGXF,0.269929237682388,1.16286929019732,0.793975698204488
7446-KQISO,0.51425142000257,1.49522869023054,1.76396196749403
9823-EALYC,1.61370124044339,0.534710024134526,1.76396196749403
0582-AVCLN,0.229208873962357,-1.47772614306665,-1.1459968403746
5803-NQJZO,1.61370124044339,0.100981007091168,1.27896883284926
2565-JSLRY,-1.27744458367877,-1.35309136805419,-0.661003705729825
2607-DHDAK,1.61370124044339,-1.49434411306831,-1.1459968403746
1073-XXCZD,0.921455057202873,-1.29825206704871,-0.661003705729825
0743-HRVFF,0.758573602322752,-0.286217693947539,0.308982563559717
4006-HKYHO,1.24721796696312,0.729140273153963,1.76396196749403
3727-JEZTU,-1.27744458367877,-1.47440254906632,-1.1459968403746
8143-ETQTI,-0.381596581838098,-1.49932950406881,-1.1459968403746
6689-KXGBO,-1.27744458367877,-0.472338957966145,-0.661003705729825
9667-TKTVZ,-1.23672421995873,-0.346042385953519,-0.176010571085054
3657-COGMW,0.799293966042782,1.44038938922506,1.76396196749403
8570-KLJYJ,0.147768146522297,-0.342718791953187,-0.176010571085054
7754-IXRMC,-1.27744458367877,-0.645165845983421,-1.1459968403746
9473-CBZOP,-0.177994763237946,-0.19149526493807,0.308982563559717
2969-WGHQO,-1.03312240135858,0.15582030809665,0.793975698204488
6615-NGGZJ,-0.748079855318371,1.18945804219998,0.793975698204488
4334-HOWRP,1.61370124044339,0.00625857808169908,1.27896883284926
4255-DDUOU,-1.27744458367877,-1.47107895506598,-1.1459968403746
5863-OOKCL,-0.910961310198492,-1.52591825607147,-1.1459968403746
1686-STUHN,0.392090328842479,-1.49434411306831,-1.1459968403746
1329-VHWNP,-1.03312240135858,-1.31985542805087,-1.63098997501937
2984-MIIZL,-1.15528349251868,0.333632587114425,-0.661003705729825
0266-GMEAO,1.61370124044339,1.64645221724566,2.2489551021388
5590-YRFJT,-0.503757672998189,-1.33979699205286,-1.63098997501937
5574-NXZIU,1.24721796696312,1.47694892322872,1.76396196749403
0019-GFNTW,0.962175420922904,-0.655136627984418,0.308982563559717
4256-ZWTZI,-1.11456312879864,-0.457382784964649,-0.661003705729825
8309-PPCED,1.61370124044339,1.51849384823287,1.76396196749403
4098-NAUKP,1.45081978556327,0.661006596147152,0.308982563559717
5196-WPYOW,1.41009942184324,-0.156597527934581,0.308982563559717
4608-LCIMN,-0.992402037638553,-0.668431003985747,-1.1459968403746
1485-YDHMM,0.799293966042782,0.946835680175725,0.793975698204488
4054-CUMIA,-0.58519840043825,-1.47938794006682,-1.1459968403746
0603-TPMIB,1.084336512083,-1.30656105204954,-0.661003705729825
2525-GVKQU,1.12505687580303,-1.46775536106565,-1.1459968403746
8161-QYMTT,-1.03312240135858,0.975086229178549,0.308982563559717
9581-GVBXT,1.084336512083,-0.995805013018473,-0.661003705729825
5862-BRIXZ,0.5549717837226,-0.133332369932255,0.793975698204488
5404-GGUKR,-1.11456312879864,-0.445750205963487,-0.661003705729825
3308-JSGML,1.084336512083,-0.0236537679212913,0.793975698204488
2126-GSEGL,1.53226051300333,0.66599198714765,1.76396196749403
3677-TNKIO,-0.748079855318371,0.2073360151018,-1.1459968403746
0440-QEXBZ,0.473531056282539,-0.485633333967473,-0.661003705729825
2434-EEVDB,1.28793833068315,0.99170419918021,0.793975698204488
6762-QVYJO,1.04361614836296,-0.166568309935578,0.793975698204488
6199-IWKGC,0.5549717837226,1.17948726019898,0.793975698204488
2675-DHUTR,1.04361614836296,1.1346187411945,0.793975698204488
8152-VETUR,1.61370124044339,1.09473561319051,0.793975698204488
9667-EQRXU,-0.0965540357978854,-0.8130073430002,-0.661003705729825
7446-YPODE,-0.870240946478462,-0.149950339933917,0.308982563559717
9522-BNTHX,0.066327419082236,-0.282894099947206,0.308982563559717
4676-WLUHT,0.880734693482843,-0.616915296980597,-0.176010571085054
3329-WDIOK,-1.1960038562387,-0.470677160965978,-0.176010571085054
7980-MHFLQ,1.61370124044339,-1.32484081905137,-0.661003705729825
2873-ZLIWT,0.310649601402418,0.667653784147816,0.308982563559717
3415-TAILE,-1.23672421995873,0.0311855330841909,-0.176010571085054
0757-WCUUZ,0.880734693482843,-0.0469189259236169,0.308982563559717
1629-DQQVB,-0.748079855318371,-0.487295130967639,-0.661003705729825
1915-IOFGU,-1.27744458367877,0.190718045100139,-1.1459968403746
3045-XETSH,-0.910961310198492,1.00001318418104,0.793975698204488
0374-AACSZ,-1.27744458367877,-0.485633333967473,-0.661003705729825
7239-HZZCX,-1.27744458367877,-1.49600591006848,-1.1459968403746
4872-VXRIL,0.962175420922904,-0.00371220391929756,0.793975698204488
9140-CZQZZ,1.45081978556327,0.493165099130373,1.27896883284926
3423-HHXAO,-0.748079855318371,-1.50431489506931,-1.1459968403746
9938-TKDGL,1.45081978556327,1.15622210219666,0.793975698204488
0531-ZZJWQ,0.921455057202873,0.307043835111767,-0.661003705729825
6537-QLGEX,-0.66663912787831,-0.859537659004851,-0.661003705729825
2688-BHGOG,-0.951681673918523,0.491503302130207,-0.661003705729825
7683-CBDKJ,-0.748079855318371,0.0228765480833603,0.308982563559717
0946-CLJTI,1.04361614836296,1.12797155319383,0.793975698204488
3160-TYXLT,0.840014329762813,-0.613591702980265,-0.176010571085054
1325-USMEC,1.53226051300333,1.14957491419599,1.27896883284926
0916-QOFDP,-0.748079855318371,1.0315873271842,0.308982563559717
0628-CNQRM,-0.422316945558128,0.0910102250901713,0.793975698204488
5606-AMZBO,-0.910961310198492,0.444972986125556,-0.176010571085054
6199-IPCAO,-0.137274399517916,-1.28495769104738,-0.661003705729825
7665-TOALD,-1.27744458367877,0.160805699097148,-1.1459968403746
0112-QWPNC,0.677132874882691,0.651035814146155,1.76396196749403
0324-BRPCJ,1.45081978556327,1.17782546319882,0.793975698204488
2777-PHDEI,-1.27744458367877,0.441649392125223,-0.661003705729825
5640-CAXOA,-0.0965540357978854,-0.811345546000034,-0.661003705729825
2235-EZAIK,1.61370124044339,0.479870723129044,1.76396196749403
3847-BAERP,-0.910961310198492,-1.45778457906466,-1.1459968403746
1196-AMORA,-1.03312240135858,0.293749459110438,-0.661003705729825
4282-YMKNA,-0.951681673918523,0.331970790114259,-0.661003705729825
1453-RZFON,-1.27744458367877,-0.493942318968304,-0.661003705729825
8263-OKETD,-0.503757672998189,0.137540541094823,0.793975698204488
0670-KDOMA,-1.27744458367877,-1.47938794006682,-1.1459968403746
2476-YGEFM,-0.137274399517916,0.373515715118412,-0.661003705729825
8687-BAFGU,-1.27744458367877,0.307043835111767,-0.661003705729825
0641-EVBOJ,-1.1960038562387,0.582902137139344,-0.176010571085054
0829-XXPLX,-0.503757672998189,0.818877311162933,0.308982563559717
9974-JFBHQ,1.28793833068315,1.14292772619533,0.793975698204488
5356-RHIPP,-1.27744458367877,-1.48104973706698,-1.1459968403746
6624-JDRDS,-1.07384276507861,-1.17361729203625,-1.1459968403746
0608-JDVEC,0.717853238602722,-1.49434411306831,-1.1459968403746
9780-FKVVF,-1.07384276507861,-0.186509873937571,-0.176010571085054
1919-RTPQD,-1.03312240135858,-0.665107409985415,-1.1459968403746
5214-NLTIT,1.61370124044339,0.865407627167585,0.308982563559717
3345-PBBFH,-0.992402037638553,-0.505574897969467,-0.661003705729825
5055-BRMNE,1.41009942184324,1.39385907322041,1.27896883284926
9189-JWSHV,-0.340876218118068,0.956806462176721,0.308982563559717
2190-PHBHR,1.61370124044339,0.986718808179712,0.793975698204488
2650-GYRYL,0.0256070553622056,-1.50597669206947,-1.1459968403746
0746-JTRFU,-1.23672421995873,-1.31985542805087,-1.63098997501937
5208-FVQKB,1.53226051300333,0.105966398091666,0.793975698204488
7184-LRUUR,-0.422316945558128,0.0162293600826957,0.308982563559717
6627-CFOSN,1.084336512083,1.15289850819632,1.27896883284926
3982-JGSFD,0.147768146522297,-1.47606434606648,-1.1459968403746
1574-DYCWE,0.758573602322752,-1.48935872206781,-1.1459968403746
7247-XOZPB,0.840014329762813,0.420046031123064,1.27896883284926
2466-FCCPT,-0.503757672998189,-1.49766770706864,-1.1459968403746
6211-WWLTF,1.24721796696312,1.16120749319715,0.793975698204488
4826-TZEVA,0.310649601402418,0.333632587114425,-0.661003705729825
6016-NXBNJ,0.107047782802266,-1.51594747407047,-1.1459968403746
9138-EFSMO,-0.259435490678007,0.471561738128214,-0.661003705729825
0576-WNXXC,-0.218715126957977,1.02327834218337,0.793975698204488
4632-XJMEX,0.840014329762813,-0.0635368959252781,0.308982563559717
8910-LEDAG,0.066327419082236,0.225615782103627,-1.1459968403746
3452-GWUIN,-0.544478036718219,1.00333677818137,0.308982563559717
2716-GFZOR,0.432810692562509,0.709198709151969,0.308982563559717
3724-UCSHY,-1.07384276507861,-1.50265309806914,-1.1459968403746
8626-XHBIE,0.962175420922904,-1.3281644130517,-0.661003705729825
4628-CTTLA,1.00289578464293,-0.846243283003522,-0.661003705729825
3192-LNKRK,0.066327419082236,0.641065032145158,-0.176010571085054
4439-YRNVD,-0.910961310198492,-0.947612900013656,-0.661003705729825
2876-VBBBL,-1.27744458367877,-1.47938794006682,-1.1459968403746
6834-NXDCA,-0.788800219038401,-1.35807675905469,-1.63098997501937
2208-UGTGR,0.962175420922904,1.1246479591935,0.793975698204488
3005-TYFRD,0.921455057202873,1.29248945621028,1.27896883284926
8670-MEFCP,0.147768146522297,0.935203101174562,2.2489551021388
3079-BCHLN,0.595692147442631,-1.49102051906798,-1.1459968403746
7777-UNYHB,-0.829520582758432,-1.48437333106731,-1.1459968403746
5597-GLBUC,-1.27744458367877,0.68759534814981,-0.176010571085054
7278-CKDNC,-0.340876218118068,0.523077445133363,-0.176010571085054
2748-MYRVK,1.24721796696312,1.16785468119782,0.793975698204488
8450-UYIBU,0.107047782802266,-0.827963516001695,-0.661003705729825
2969-VAPYH,1.41009942184324,-0.141641354933086,0.308982563559717
4822-YCXMX,-0.300155854398037,0.66599198714765,-0.176010571085054
7181-OQCUT,-0.463037309278159,1.29913664421094,1.27896883284926
8474-UMLNT,-0.788800219038401,0.100981007091168,0.793975698204488
9821-POOTN,0.107047782802266,0.346926963115754,-0.661003705729825
3836-FZSDJ,1.57298087672336,-1.32650261605153,-0.661003705729825
9142-XMYJH,-0.137274399517916,-1.50930028606981,-1.1459968403746
6559-ILWKJ,1.57298087672336,-0.512222085970131,-0.176010571085054
0187-QSXOE,-1.03312240135858,0.805582935161604,-0.176010571085054
7733-UDMTP,1.00289578464293,-0.32443902495136,0.308982563559717
2649-HWLYB,1.32865869440318,0.378501106118911,1.27896883284926
5214-CHIWJ,-0.218715126957977,-1.47772614306665,-1.1459968403746
4229-CZMLL,-1.07384276507861,0.336956181114758,-0.661003705729825
6904-JLBGY,1.61370124044339,1.7478218342558,2.2489551021388
2465-BLLEU,-1.27744458367877,-1.49600591006848,-1.1459968403746
1685-VAYJF,-0.870240946478462,-0.65015123698392,-1.1459968403746
8874-EJNSR,0.269929237682388,-1.31487003705037,-0.661003705729825
6917-YACBP,1.084336512083,0.830509890164096,0.793975698204488
5049-MUBWG,-0.259435490678007,0.34027977511509,0.793975698204488
4223-WOZCM,-1.23672421995873,-0.492280521968138,-0.661003705729825
0769-MURVM,1.61370124044339,0.0311855330841909,1.27896883284926
9253-VIFJQ,1.32865869440318,0.0760540520886761,0.793975698204488
7030-FZTFM,1.61370124044339,1.53345002123437,1.76396196749403
9741-YLNTD,-1.07384276507861,0.770685198158116,0.308982563559717
5917-RYRMG,-0.0151133083578247,-1.49434411306831,-1.1459968403746
5120-ZBLAI,0.717853238602722,0.363544933117415,0.793975698204488
1194-BHJYC,1.16577723952306,-0.086802053927604,0.793975698204488
3663-MITLP,-0.707359491598341,1.2127232002023,0.793975698204488
0906-QVPMS,1.61370124044339,1.67470276624849,2.2489551021388
9025-ZRPVR,-0.951681673918523,-1.52259466207113,-1.1459968403746
1905-OEILC,-1.27744458367877,-1.50431489506931,-1.1459968403746
7858-GTZSP,-0.829520582758432,0.724154882153464,-0.176010571085054
3285-UCQVC,0.188488510242327,-1.20186784103907,-1.1459968403746
6248-BSHKG,1.16577723952306,-1.47440254906632,-1.1459968403746
4685-TFLLS,-0.58519840043825,-1.49434411306831,-1.1459968403746
3470-BTGQO,-0.463037309278159,-0.635195063982425,-1.1459968403746
1209-VFFOC,1.45081978556327,-0.277908708946708,0.793975698204488
8224-DWCKX,-0.829520582758432,0.283778677109441,-0.661003705729825
5482-PLVPE,-1.23672421995873,-1.34312058605319,-1.63098997501937
4553-DVPZG,1.20649760324309,1.21604679420264,0.793975698204488
4902-OHLSK,-0.137274399517916,1.12630975619367,0.793975698204488
6917-IAYHD,-1.27744458367877,-1.03568814102246,-0.661003705729825
0495-ZBNGW,-1.11456312879864,0.50313588113137,-0.176010571085054
8620-RJPZN,-1.27744458367877,-1.46443176706532,-1.1459968403746
7572-KPVKK,1.20649760324309,1.30578383221161,1.27896883284926
2642-MAWLJ,0.147768146522297,-1.47938794006682,-1.1459968403746
2357-COQEK,-0.177994763237946,1.28085687720911,1.27896883284926
7103-ZGVNT,1.4915401492833,0.297073053110771,1.27896883284926
3737-GCSPV,-0.870240946478462,1.04488170318553,0.793975698204488
2027-WKXMW,1.24721796696312,1.46199275022722,1.76396196749403
7137-NAXML,-0.381596581838098,-1.48271153406715,-1.1459968403746
2428-ZMCTB,-0.910961310198492,-1.49600591006848,-1.1459968403746
2961-VNFKL,1.57298087672336,-1.28994308204788,-0.661003705729825
1768-HNVGJ,0.51425142000257,0.175761872098643,0.793975698204488
6963-KQYQB,1.53226051300333,-1.35309136805419,-0.661003705729825
5934-RMPOV,-0.422316945558128,0.664330190147484,-0.176010571085054
1207-BLKSA,0.799293966042782,-1.38632730805751,-0.661003705729825
4088-YLDSU,0.921455057202873,1.30910742621194,1.27896883284926
8316-BBQAY,1.32865869440318,-0.159921121934913,0.793975698204488
1166-PQLGG,1.61370124044339,-1.50265309806914,-1.1459968403746
3146-JTQHR,-0.910961310198492,-1.50099130106898,-1.1459968403746
4291-YZODP,-1.03312240135858,-1.48603512806748,-1.1459968403746
4395-PZMSN,-1.11456312879864,0.690918942150142,-0.176010571085054
6427-FEFIG,-0.340876218118068,0.45992915912705,1.27896883284926
0017-IUDMW,1.61370124044339,1.72954206725397,2.2489551021388
8706-HRADD,-0.463037309278159,-0.704990537989402,-0.176010571085054
9955-QOPOY,1.4915401492833,-0.131670572932089,0.793975698204488
4385-ZKVNW,0.473531056282539,-0.327762618951692,-0.176010571085054
5446-DKWYW,1.16577723952306,0.0145675630825297,0.308982563559717
2034-CGRHZ,-0.340876218118068,1.26922429820795,1.27896883284926
5797-APWZC,-1.27744458367877,0.85876043916692,-0.176010571085054
3683-QKIUE,-1.07384276507861,-0.464029972965314,-0.661003705729825
4228-ZGYUW,-1.15528349251868,0.840480672165093,0.308982563559717
9031-ZVQPT,1.61370124044339,1.4437129832254,1.76396196749403
2990-IAJSV,1.61370124044339,0.905290755171572,2.2489551021388
8107-KNCIM,-0.748079855318371,0.343603369115422,-0.661003705729825
9027-YFHQJ,-1.03312240135858,-1.31985542805087,-0.661003705729825
5176-LDKUH,0.636412511162661,0.345265166115588,-0.661003705729825
4644-OBGFZ,0.921455057202873,-1.50431489506931,-1.1459968403746
7926-IJOOU,-1.27744458367877,-1.51096208306997,-1.1459968403746
6480-YAGIY,0.51425142000257,1.57665674323869,1.76396196749403
4029-HPFVY,-1.1960038562387,0.184070857099474,-1.1459968403746
7602-DBTOU,1.57298087672336,-1.50099130106898,-1.1459968403746
5345-BMKWB,-0.992402037638553,-1.47938794006682,-1.1459968403746
3519-ZKXGG,-1.1960038562387,0.368530324117914,-0.661003705729825
5457-COLHT,1.4915401492833,0.528062836133862,1.27896883284926
6416-TVAIH,-1.27744458367877,0.124246165093494,-1.1459968403746
5451-YHYPW,1.61370124044339,1.69464433025048,2.2489551021388
5108-ADXWO,-0.870240946478462,0.290425865110106,-0.661003705729825
7998-WNZEM,1.57298087672336,0.526401039133695,1.76396196749403
3066-RRJIO,-1.27744458367877,0.172438278098311,-1.1459968403746
4664-NJCMS,0.0256070553622056,-0.173215497936242,0.793975698204488
0307-BCOPK,-0.66663912787831,-1.5192710680708,-1.1459968403746
7629-WFGLW,0.962175420922904,1.0266019361837,1.27896883284926
2542-HYGIQ,-1.27744458367877,-1.48935872206781,-1.1459968403746
6715-OFDBP,-1.11456312879864,0.175761872098643,0.308982563559717
5016-LIPDW,1.00289578464293,-1.50763848906964,-1.1459968403746
6481-LXPWL,0.962175420922904,-0.952598291014154,-0.661003705729825
1567-DSCIC,-0.992402037638553,0.971762635178217,0.793975698204488
2150-UWTFY,-0.422316945558128,-0.120037993930926,0.308982563559717
6124-ACRHJ,-1.27744458367877,-1.49600591006848,-1.1459968403746
9362-MWODR,0.310649601402418,-0.0219919709211253,0.308982563559717
9975-GPKZU,0.5549717837226,-1.49600591006848,-1.1459968403746
9625-RZFUK,1.24721796696312,-1.49766770706864,-1.1459968403746
5153-LXKDT,1.45081978556327,1.51018486323204,1.76396196749403
5161-UBZXI,1.4915401492833,1.38222649421925,1.27896883284926
1020-JPQOW,0.962175420922904,0.857098642166754,0.793975698204488
7919-ZODZZ,-0.910961310198492,0.0378327210848555,0.308982563559717
0565-JUPYD,1.24721796696312,1.3207400052131,1.76396196749403
6867-ACCZI,-0.340876218118068,-0.407528874959666,0.793975698204488
5939-XAIXZ,-0.544478036718219,-0.287879490947705,-0.176010571085054
9054-FOWNV,-0.422316945558128,0.797273950160774,0.308982563559717
2683-BPJSO,-0.137274399517916,0.654359408146487,0.308982563559717
2157-MXBJS,-0.788800219038401,0.350250557116086,0.793975698204488
8207-VVMYB,1.53226051300333,-1.28828128504771,-0.661003705729825
9732-EQMWY,0.677132874882691,1.15123671119616,0.793975698204488
9360-AHGNL,0.432810692562509,1.48858150222988,1.76396196749403
1087-UDSIH,-1.1960038562387,-1.50099130106898,-1.1459968403746
5269-NRGDP,0.392090328842479,0.278793286108943,0.793975698204488
6195-MELTI,1.00289578464293,-0.336071603952522,-0.176010571085054
5485-WUYWF,-1.23672421995873,0.0544506910865167,0.308982563559717
2121-JAFOM,1.61370124044339,1.68799714224982,2.2489551021388
8818-DOPVL,0.5549717837226,1.31907820821294,1.27896883284926
2632-UCGVD,1.36937905812321,1.17284007219832,0.793975698204488
5445-PZWGX,1.20649760324309,1.2376501552048,1.27896883284926
1227-UDMZR,1.61370124044339,0.877040206168748,2.2489551021388
5198-HQAEN,0.107047782802266,0.82884809316393,0.308982563559717
9170-CCKOU,-0.62591876415828,0.845466063165591,0.793975698204488
2167-FQSTQ,1.61370124044339,0.918585131172901,2.2489551021388
2819-GWENI,-0.177994763237946,-1.49102051906798,-1.1459968403746
1043-YCUTE,0.962175420922904,-1.31653183405053,-0.661003705729825
3814-MLAXC,-0.0558336720778551,0.501474084131204,-0.176010571085054
3572-UUHRS,0.51425142000257,-1.52591825607147,-1.1459968403746
2692-PFYTJ,-1.27744458367877,-1.29659027004854,-0.661003705729825
1226-UDFZR,-1.23672421995873,-0.503913100969301,-0.661003705729825
5955-EPOAZ,-1.07384276507861,-1.45612278206449,-1.1459968403746
6821-JPCDC,0.636412511162661,1.07313225218835,0.793975698204488
8815-LMFLX,-0.300155854398037,-1.3082228490497,-0.661003705729825
9135-HSWOC,1.28793833068315,-1.49766770706864,-1.1459968403746
8582-KRHPJ,0.717853238602722,-0.989157825017809,-0.661003705729825
5811-IWXYM,0.799293966042782,1.2127232002023,0.793975698204488
7044-YAACC,-1.15528349251868,0.180747263099142,-1.1459968403746
8189-XRIKE,-0.0151133083578247,0.870393018168083,-0.176010571085054
1506-YJTYT,0.51425142000257,0.302058444111269,1.27896883284926
4123-DVHPH,-0.951681673918523,0.774008792158448,0.308982563559717
6425-YQLLO,1.36937905812321,1.36893211821792,1.27896883284926
5442-UTCVD,-1.1960038562387,0.900305364171073,0.308982563559717
2228-BZDEE,0.880734693482843,-1.48437333106731,-1.1459968403746
7734-DBOAI,-1.27744458367877,-0.819654531000864,-0.661003705729825
2789-CZANW,1.28793833068315,1.51350845723237,1.76396196749403
2091-RFFBA,-0.0558336720778551,0.303720241111435,-0.661003705729825
2114-MGINA,-0.748079855318371,0.832171687164262,-0.176010571085054
7596-LDUXP,-0.829520582758432,0.677624566148813,-0.176010571085054
3740-RLMVT,1.41009942184324,-0.126685181931591,0.308982563559717
4489-SNOJF,0.107047782802266,0.248880940105953,1.27896883284926
2192-OZITF,0.51425142000257,0.292087662110272,0.793975698204488
5651-CPDND,-0.910961310198492,-0.623562484981262,-1.1459968403746
2186-QZEYA,-0.137274399517916,-0.206451437939565,0.308982563559717
1131-ALZWV,-0.340876218118068,-1.33481160105236,-0.661003705729825
7729-XBTWX,1.36937905812321,-1.49600591006848,-1.1459968403746
9134-WYRVP,0.758573602322752,0.717507694152799,-0.176010571085054
3284-SVCRO,0.51425142000257,-1.30489925504937,-0.661003705729825
9732-OUYRN,0.677132874882691,-1.52093286507097,-1.1459968403746
0559-CKHUS,-0.137274399517916,-1.50265309806914,-1.1459968403746
2931-SVLTV,0.310649601402418,1.50686126923171,1.76396196749403
6899-PPEEA,0.188488510242327,1.05651428218669,0.308982563559717
7504-UWHNB,-0.300155854398037,0.165791090097647,-1.1459968403746
2582-FFFZR,-0.422316945558128,-0.470677160965978,-0.176010571085054
8908-NMQTX,1.61370124044339,0.0278619390838584,1.27896883284926
2187-LZGPL,-1.03312240135858,-0.819654531000864,-0.661003705729825
1431-AIDJQ,0.0256070553622056,0.576254949138679,1.27896883284926
6288-LBEAR,-0.381596581838098,0.476547129128712,-0.176010571085054
4597-NUCQV,-0.340876218118068,1.2127232002023,0.793975698204488
9019-QVLZD,-1.27744458367877,0.491503302130207,-0.661003705729825
8413-YNHNV,1.4915401492833,0.860422236167086,2.2489551021388
5808-TOTXO,-1.1960038562387,-1.46941715806582,-1.1459968403746
4369-NYSCF,0.962175420922904,0.365206730117582,0.793975698204488
6333-YDVLT,1.32865869440318,1.50353767523138,1.76396196749403
5324-KTGCG,1.57298087672336,-1.45944637606482,-1.1459968403746
5599-HVLTW,-0.748079855318371,0.518092054132865,-0.176010571085054
7394-LWLYN,-1.23672421995873,0.179085466098976,-1.1459968403746
3707-LRWZD,-0.0151133083578247,0.641065032145158,-0.176010571085054
6873-UDNLD,0.310649601402418,0.0893484280900052,0.308982563559717
2700-LUEVA,-1.27744458367877,-1.46276997006515,-1.1459968403746
1455-ESIQH,-1.27744458367877,0.808906529161936,-0.176010571085054
0958-YHXGP,-1.03312240135858,0.170776481098145,-1.1459968403746
1101-SSWAG,-0.707359491598341,-0.454059190964317,-0.661003705729825
2979-SXESE,-0.62591876415828,0.985057011179546,0.793975698204488
4013-TLDHQ,-0.544478036718219,0.448296580125888,-0.176010571085054
5743-KHMNA,1.57298087672336,-1.30323745804921,-0.661003705729825
4194-FJARJ,0.880734693482843,-0.158259324934747,0.308982563559717
5325-UWTWJ,-0.0558336720778551,0.857098642166754,0.793975698204488
3969-GYXEL,-0.870240946478462,0.386810091119741,-0.661003705729825
9208-OLGAQ,-0.58519840043825,0.670977378148148,-0.176010571085054
3244-CQPHU,1.61370124044339,1.50686126923171,1.76396196749403
2674-MLXMN,1.57298087672336,1.15954569619699,0.793975698204488
9708-HPXWZ,-1.11456312879864,-0.643504048983255,-0.176010571085054
6992-TKNYO,0.229208873962357,0.140864135095155,0.793975698204488
4468-YDOVK,-1.11456312879864,-0.535487243972457,-0.661003705729825
3754-DXMRT,-1.23672421995873,-0.685048973987408,-1.1459968403746
5792-JALQC,0.799293966042782,-0.163244715935246,0.308982563559717
7130-VTEWQ,-0.992402037638553,0.365206730117582,-0.661003705729825
2200-DSAAL,1.45081978556327,0.528062836133862,1.27896883284926
4302-ZYFEL,1.4915401492833,-1.46941715806582,-1.1459968403746
9351-LZYGF,0.392090328842479,0.0544506910865167,0.793975698204488
4366-CTOUZ,0.717853238602722,1.17782546319882,0.793975698204488
6121-VZNQB,-1.27744458367877,-1.51760927107064,-1.1459968403746
7903-CMPEY,-1.27744458367877,0.516430257132699,-0.176010571085054
1518-OMDIK,0.0256070553622056,-0.671754597986079,-1.1459968403746
6671-NGWON,-1.03312240135858,-1.47606434606648,-1.1459968403746
0595-ITUDF,1.28793833068315,0.898643567170907,0.793975698204488
6996-KNSML,-1.27744458367877,0.336956181114758,-0.661003705729825
1955-IBMMB,1.084336512083,-1.48104973706698,-1.1459968403746
0096-BXERS,-1.07384276507861,-0.478986145966809,-0.661003705729825
3806-YAZOV,-1.1960038562387,-1.52758005307163,-1.1459968403746
7998-ZLXWN,-0.707359491598341,-1.47274075206615,-1.1459968403746
6253-WRFHY,-0.788800219038401,-0.000388609918965505,-0.176010571085054
9133-AYJZG,-0.381596581838098,1.12797155319383,0.793975698204488
2675-OTVVJ,-0.0558336720778551,0.820539108163099,0.308982563559717
8680-CGLTP,-0.137274399517916,-0.1998042499389,0.308982563559717
8430-TWCBX,0.677132874882691,-1.46443176706532,-1.1459968403746
5018-GWURO,0.962175420922904,0.692580739150308,-0.176010571085054
6741-QRLUP,1.24721796696312,0.516430257132699,1.76396196749403
4737-HOBAX,1.24721796696312,0.499812287131037,1.27896883284926
0537-QYZZN,-0.340876218118068,0.501474084131204,-0.176010571085054
3340-QBBFM,0.147768146522297,-0.35435137095435,-0.176010571085054
1704-NRWYE,-0.951681673918523,0.534710024134526,-0.661003705729825
2592-SEIFQ,-1.1960038562387,-1.32982621005186,-1.63098997501937
8200-KLNYW,-0.463037309278159,0.536371821134693,1.27896883284926
3372-CDXFJ,-0.788800219038401,-1.33813519505269,-0.661003705729825
4781-ZXYGU,-1.27744458367877,-1.48271153406715,-1.1459968403746
7632-YUTXB,-0.300155854398037,-1.48603512806748,-1.1459968403746
2718-YSKCS,1.57298087672336,-1.50099130106898,-1.1459968403746
9896-UYMIE,1.36937905812321,1.64645221724566,2.2489551021388
0853-NWIFK,0.51425142000257,1.18114905719915,0.793975698204488
8212-CRQXP,-0.422316945558128,0.506459475131702,-0.661003705729825
6980-CDGFC,1.41009942184324,-1.45944637606482,-1.1459968403746
7691-XVTZH,1.45081978556327,0.837157078164761,0.308982563559717
2520-SGTTA,-1.3181649473988,-1.48769692506765,-1.1459968403746
7481-ATQQS,0.677132874882691,0.867069424167751,0.308982563559717
2277-VWCNI,-1.15528349251868,-0.532163649972125,-0.661003705729825
1088-CNNKB,1.24721796696312,0.506459475131702,1.76396196749403
8642-GVWRF,-1.23672421995873,0.496488693130705,-0.176010571085054
1930-BZLHI,-0.463037309278159,-1.47606434606648,-1.1459968403746
3400-ESFUW,0.921455057202873,-0.239687377942887,0.308982563559717
5868-YTYKS,-1.27744458367877,-1.47938794006682,-1.1459968403746
3525-DVKFN,-0.62591876415828,-1.50763848906964,-1.1459968403746
1482-OXZSY,-0.0965540357978854,1.18447265119948,0.793975698204488
0377-JBKKT,-0.422316945558128,-0.226393001941558,0.308982563559717
5778-BVOFB,-0.951681673918523,-0.174877294936408,-0.176010571085054
3373-YZZYM,-1.27744458367877,-1.5142856770703,-1.1459968403746
2057-ZBLPD,-0.463037309278159,0.722493085153298,-0.176010571085054
0228-MAUWC,-0.544478036718219,-0.173215497936242,0.308982563559717
5502-RLUYV,1.4915401492833,1.30246023821128,1.27896883284926
0023-HGHWL,-1.27744458367877,-1.3181936310507,-1.63098997501937
7663-YJHSN,1.61370124044339,1.30246023821128,1.76396196749403
4915-BFSXL,1.53226051300333,0.139202338094989,0.793975698204488
3086-RUCRN,1.36937905812321,1.27420968920845,1.76396196749403
5215-LNLDJ,-1.03312240135858,-1.33148800705203,-1.63098997501937
7576-JMYWV,0.5549717837226,1.51018486323204,1.76396196749403
9039-RBEEE,0.269929237682388,-0.52551646197146,0.308982563559717
0257-KXZGU,-0.0151133083578247,-0.0768312719266071,0.308982563559717
1307-ATKGB,-0.340876218118068,0.823862702163431,0.308982563559717
8417-FMLZI,-1.07384276507861,0.624447062143497,-0.176010571085054
3714-XPXBW,0.188488510242327,0.469899941128048,1.76396196749403
1850-AKQEP,-0.992402037638553,-1.47606434606648,-1.1459968403746
2824-DXNKN,1.61370124044339,0.222292188103295,0.793975698204488
5227-JSCFE,1.57298087672336,-0.611929905980099,0.308982563559717
0848-ZGQIJ,-0.66663912787831,0.993365996180376,0.308982563559717
3621-CHYVB,1.00289578464293,-0.493942318968304,0.308982563559717
8042-RNLKO,1.36937905812321,-1.30656105204954,-0.661003705729825
1792-UXAFY,-0.62591876415828,0.810568326162103,0.308982563559717
5372-FBKBN,-0.463037309278159,-1.46276997006515,-1.1459968403746
0420-TXVSG,1.36937905812321,0.0444799090855196,0.793975698204488
6217-TOWGS,-0.62591876415828,0.353574151116419,0.793975698204488
0515-YPMCW,-1.27744458367877,0.189056248099973,-1.1459968403746
0378-XSZPU,1.04361614836296,-0.148288542933751,0.308982563559717
1045-LTCYT,-0.992402037638553,-1.45279918806416,-1.1459968403746
1544-JJMYL,-0.218715126957977,0.152496714096318,0.793975698204488
4636-JGAAI,0.066327419082236,0.800597544161106,0.308982563559717
6874-SGLHU,-0.0965540357978854,1.07147045518818,0.308982563559717
5951-AOFIH,0.0256070553622056,0.0544506910865167,0.308982563559717
4729-XKASR,-1.27744458367877,-1.32982621005186,-1.63098997501937
3059-NGMXB,-0.748079855318371,0.147511323095819,0.793975698204488
8652-YHIYU,-0.66663912787831,0.489841505130041,-0.176010571085054
5278-PNYOX,0.677132874882691,1.19278163620031,0.793975698204488
5449-FIBXJ,-0.544478036718219,1.28085687720911,1.27896883284926
3486-HOOGQ,1.53226051300333,0.496488693130705,1.76396196749403
5061-PBXFW,-0.0151133083578247,-0.111729008930096,0.308982563559717
8630-FJLIB,-0.58519840043825,0.167452887097813,-1.1459968403746
3891-NLXJB,0.188488510242327,-0.804698357999369,-0.176010571085054
4749-OJKQU,-1.15528349251868,0.361883136117249,-0.661003705729825
0577-WHMEV,-0.66663912787831,0.862084033167252,0.793975698204488
5453-AXEPF,-0.62591876415828,0.523077445133363,-0.176010571085054
3639-XJHKQ,-0.544478036718219,-0.138317760932754,0.308982563559717
3716-LRGXK,1.12505687580303,1.20939960620197,0.793975698204488
2263-SFSQZ,0.758573602322752,-1.3231790220512,-0.661003705729825
9950-MTGYX,-0.177994763237946,-1.47772614306665,-1.1459968403746
3397-AVTKU,0.432810692562509,-0.158259324934747,-0.176010571085054
4825-FUREZ,0.392090328842479,-1.47938794006682,-1.1459968403746
9837-BMCLM,-1.1960038562387,0.456605565126718,-0.661003705729825
2672-OJQZP,-1.27744458367877,-0.665107409985415,-1.1459968403746
0137-UDEUO,-1.1960038562387,-1.49268231606814,-1.1459968403746
3134-DSHVC,1.24721796696312,1.10470639519151,1.27896883284926
6161-UUUTA,-1.1960038562387,0.50313588113137,-0.661003705729825
7821-DPRQE,1.45081978556327,1.42709501322373,1.76396196749403
6543-XRMYR,-0.0965540357978854,1.16120749319715,0.793975698204488
2001-EWBQU,1.12505687580303,1.32738719321377,1.27896883284926
4925-LMHOK,-0.707359491598341,-0.204789640939399,0.308982563559717
1608-GMEWB,0.51425142000257,0.968439041177884,0.308982563559717
6695-AMZUF,1.53226051300333,0.720831288153132,1.76396196749403
1455-UGQVH,-0.910961310198492,1.12132436519317,0.793975698204488
8410-BGQXN,-1.15528349251868,-1.50763848906964,-1.1459968403746
8280-MQRQN,-1.27744458367877,-0.475662551966477,-0.661003705729825
1619-YWUBB,1.45081978556327,-1.3231790220512,-0.661003705729825
7611-YKYTC,-0.422316945558128,0.34027977511509,-0.661003705729825
2037-SGXHH,0.229208873962357,0.993365996180376,0.793975698204488
3178-FESZO,-1.27744458367877,1.17948726019898,0.793975698204488
0365-GXEZS,-0.58519840043825,0.446634783125722,-0.176010571085054
0082-OQIQY,-0.137274399517916,0.978409823178881,0.308982563559717
6087-MVHJH,-0.66663912787831,0.787303168159777,0.308982563559717
4603-JANFB,-1.27744458367877,0.169114684097979,-1.1459968403746
3018-TFTSU,-0.829520582758432,0.56296057313735,-0.176010571085054
3606-SBKRY,-0.0558336720778551,-0.488956927967806,-0.176010571085054
4806-KEXQR,-1.15528349251868,0.50313588113137,-0.661003705729825
0667-NSRGI,0.636412511162661,0.159143902096982,0.793975698204488
7083-YNSKY,-0.707359491598341,-1.3082228490497,-0.661003705729825
6893-ODYYE,0.717853238602722,0.842142469165259,0.793975698204488
8242-JSVBO,-1.03312240135858,-0.668431003985747,-1.1459968403746
2479-BRAMR,0.351369965122448,0.631094250144161,0.308982563559717
9541-ZPSEA,1.45081978556327,0.518092054132865,-0.176010571085054
2665-NPTGL,-0.259435490678007,1.10802998919184,0.793975698204488
1139-WUOAH,1.00289578464293,-0.379278325956842,0.308982563559717
4693-VWVBO,-1.1960038562387,-1.50265309806914,-1.1459968403746
7434-SHXLS,-1.27744458367877,-1.45778457906466,-1.1459968403746
6937-GCDGQ,-0.544478036718219,-0.52551646197146,-0.661003705729825
0988-JRWWP,-1.1960038562387,-0.351027776954017,-0.661003705729825
5075-JSDKI,1.084336512083,-1.33979699205286,-0.661003705729825
7908-QCBCA,-1.27744458367877,0.154158511096484,-1.1459968403746
8644-XYTSV,0.392090328842479,-0.817992734000698,-0.661003705729825
6711-FLDFB,-1.03312240135858,0.336956181114758,-0.661003705729825
3873-WOSBC,1.41009942184324,-1.30157566104904,-0.661003705729825
7465-ZZRVX,-1.27744458367877,0.18573265409964,-1.1459968403746
7975-JMZNT,1.36937905812321,0.895319973170575,2.2489551021388
7251-XFOIL,1.16577723952306,0.812230123162269,0.308982563559717
4116-IQRFR,-1.15528349251868,-1.35142957105402,-0.661003705729825
3714-JTVOV,0.392090328842479,0.312029226112266,-0.661003705729825
8259-DZLIZ,1.28793833068315,-0.36266035595518,-0.176010571085054
0442-ZXKVS,0.880734693482843,1.68965893924998,2.2489551021388
7853-WNZSY,-1.27744458367877,-1.49600591006848,-1.1459968403746
3120-FAZKD,0.880734693482843,-1.35309136805419,-0.661003705729825
8606-OEGQZ,-0.58519840043825,-1.31154644305004,-0.661003705729825
0225-ZORZP,-1.1960038562387,0.649374017145989,-0.176010571085054
4702-IOQDC,-1.27744458367877,0.177423669098809,-1.1459968403746
9489-JMTTN,1.61370124044339,0.830509890164096,2.2489551021388
0575-CUQOV,1.12505687580303,1.10304459819134,0.793975698204488
0967-BMLBD,-0.870240946478462,-1.48769692506765,-1.1459968403746
6178-KFNHS,-0.829520582758432,0.449958377126054,-0.176010571085054
2830-LEWOA,1.16577723952306,1.30079844121111,1.27896883284926
5006-MXVRN,0.269929237682388,-1.46443176706532,-1.1459968403746
1264-BYWMS,0.921455057202873,1.06482326718752,0.308982563559717
9658-WYUFB,-0.62591876415828,0.985057011179546,0.793975698204488
8327-WKMIE,0.188488510242327,-1.48271153406715,-1.1459968403746
6917-FIJHC,1.61370124044339,-1.28828128504771,-0.661003705729825
5329-KRDTM,1.61370124044339,0.418384234122897,1.27896883284926
7797-EJMDP,-0.992402037638553,0.0428181120853536,0.308982563559717
3530-VWVGU,-0.422316945558128,-1.49102051906798,-1.1459968403746
2013-SGDXK,-1.27744458367877,0.649374017145989,-0.176010571085054
6368-NWMCE,0.229208873962357,0.112613586092331,0.793975698204488
3633-CDBUW,-0.62591876415828,0.534710024134526,1.27896883284926
0707-HOVVN,1.53226051300333,0.356897745116751,1.27896883284926
8580-QVLOC,1.61370124044339,0.920246928173067,2.2489551021388
3956-MGXOG,-0.177994763237946,0.526401039133695,-0.661003705729825
9274-UARKJ,-0.707359491598341,0.612814483142334,-0.176010571085054
4077-HWUYD,1.61370124044339,0.757390822156787,2.2489551021388
2012-NWRPA,-0.870240946478462,1.15622210219666,0.793975698204488
8808-ELEHO,-0.992402037638553,0.548004400135855,-0.176010571085054
0103-CSITQ,1.00289578464293,1.48359611122938,1.76396196749403
3506-LCJDC,-1.27744458367877,-1.48935872206781,-1.1459968403746
8671-KKKOS,0.5549717837226,-0.638518657982757,-0.176010571085054
7305-ZWMAJ,-0.0965540357978854,-1.46443176706532,-1.1459968403746
9518-XXBXE,-0.910961310198492,0.350250557116086,-0.661003705729825
3934-HXCFZ,-0.381596581838098,1.14625132019566,1.27896883284926
6578-KRMAW,-0.0151133083578247,0.951821071176223,0.793975698204488
4860-IJUDE,-0.788800219038401,0.298734850110937,-0.661003705729825
7666-WKRON,0.269929237682388,0.521415648133197,-0.176010571085054
9688-YGXVR,0.473531056282539,0.77733238615878,0.308982563559717
0423-UDIJQ,-0.951681673918523,-0.51720747697063,-0.661003705729825
1945-XISKS,1.41009942184324,-1.49932950406881,-1.1459968403746
4910-AQFFX,-0.951681673918523,0.484856114129542,-0.176010571085054
2154-KVJFF,-0.707359491598341,0.498150490130871,-0.176010571085054
5360-LJCNJ,1.57298087672336,1.34234336621526,1.27896883284926
2607-FBDFF,-1.27744458367877,-0.523854664971294,-0.661003705729825
9647-ERGBE,-0.0965540357978854,1.17284007219832,0.793975698204488
3428-XZMAZ,-1.27744458367877,0.152496714096318,-1.1459968403746
1100-DDVRV,-0.62591876415828,-0.497265912968636,-0.176010571085054
0378-TOVMS,-1.1960038562387,0.699227927150972,-0.176010571085054
4355-HBJHH,1.41009942184324,0.496488693130705,1.27896883284926
6728-WYQBC,-1.27744458367877,-1.45612278206449,-1.1459968403746
9058-CBREO,-1.27744458367877,-0.472338957966145,-0.661003705729825
9029-FEGVJ,-0.0151133083578247,0.483194317129376,-0.176010571085054
7216-KAOID,0.351369965122448,-1.50431489506931,-1.1459968403746
0318-QUUOB,-1.27744458367877,0.524739242133529,-0.661003705729825
6145-NNPNO,-1.27744458367877,-0.685048973987408,-1.1459968403746
5520-FVEWJ,-0.829520582758432,0.656021205146653,0.308982563559717
5339-TJFEK,1.20649760324309,1.35397594521643,1.27896883284926
5572-ZDXHY,-0.422316945558128,0.649374017145989,-0.176010571085054
2074-GUHPQ,-0.62591876415828,0.928555913173897,0.793975698204488
4625-XMOYM,1.61370124044339,-1.27997230004688,-0.661003705729825
5827-MWCZK,0.962175420922904,1.06980865818802,0.793975698204488
1385-TQOZW,-0.951681673918523,-1.47274075206615,-1.1459968403746
5914-XRFQB,1.61370124044339,1.69630612725065,2.2489551021388
4329-YPDDQ,-0.503757672998189,1.4437129832254,1.76396196749403
4804-NCPET,-0.544478036718219,-1.48104973706698,-1.1459968403746
3750-CKVKH,-1.23672421995873,0.0993192100910019,-1.1459968403746
5944-UGLLK,0.840014329762813,-0.327762618951692,0.308982563559717
8063-GBATB,-0.218715126957977,0.680948160149145,-0.176010571085054
7787-BNTZM,-1.07384276507861,-1.48271153406715,-1.1459968403746
2252-ISRNH,-0.951681673918523,0.850451454166089,0.308982563559717
9415-TPKRV,-0.992402037638553,-0.299512069948868,-0.176010571085054
5322-TEUJK,1.57298087672336,1.65642299924666,2.2489551021388
4547-KQRTM,-0.910961310198492,0.508121272131868,-0.176010571085054
4877-EVATK,-1.27744458367877,-1.48769692506765,-1.1459968403746
1866-DIOQZ,1.57298087672336,0.0677450670878454,1.27896883284926
8375-KVTHK,1.45081978556327,1.18114905719915,0.793975698204488
2697-NQBPF,0.066327419082236,1.34899055421593,1.27896883284926
3709-OIJEA,-0.259435490678007,0.679286363148979,0.308982563559717
7639-SUPCW,-0.422316945558128,-0.530501852971959,-0.661003705729825
1386-ZIKUV,-1.03312240135858,-1.52259466207113,-1.1459968403746
0599-XNYDO,-0.503757672998189,0.167452887097813,-1.1459968403746
6377-WHAOX,1.12505687580303,1.37557930621859,1.27896883284926
6855-VLGOS,1.61370124044339,-1.46941715806582,-1.1459968403746
8999-XXGNS,1.61370124044339,1.36228493021726,1.27896883284926
8746-OQQRW,-1.15528349251868,-1.3132082400502,-0.661003705729825
3181-MIZBN,-0.66663912787831,-1.49600591006848,-1.1459968403746
0471-ARVMX,1.20649760324309,1.33237258421427,1.27896883284926
7766-CLTIC,-0.910961310198492,-0.126685181931591,-0.176010571085054
5650-YLIBA,-0.0558336720778551,0.544680806135523,-0.176010571085054
0825-CPPQH,1.57298087672336,-1.51760927107064,-1.1459968403746
9084-OAYKL,1.04361614836296,-1.46110817306499,-1.1459968403746
6122-LJADA,1.53226051300333,0.843804266165425,2.2489551021388
2400-XIWIO,1.57298087672336,0.842142469165259,2.2489551021388
7524-VRLPL,1.4915401492833,0.310367429112099,1.27896883284926
1069-XAIEM,-1.27744458367877,0.67430097214848,-0.176010571085054
7569-NMZYQ,1.61370124044339,1.79435215026045,2.2489551021388
5201-USSQZ,-0.259435490678007,0.702551521151305,-0.176010571085054
2105-PHWON,0.0256070553622056,1.00499857518154,0.793975698204488
1494-EJZDW,-0.910961310198492,-1.48271153406715,-1.1459968403746
4884-TVUQF,1.00289578464293,1.21438499720247,1.27896883284926
8003-EWNDZ,-0.910961310198492,-1.44781379706366,-1.1459968403746
1897-RCFUM,0.269929237682388,-1.34810597705369,-0.661003705729825
9256-JTBNZ,-0.870240946478462,-1.47772614306665,-1.1459968403746
4658-HCOHW,-0.463037309278159,1.26423890720745,1.27896883284926
2211-RMNHO,1.45081978556327,0.682609957149311,1.76396196749403
2432-TFSMK,-0.58519840043825,0.825524499163597,0.308982563559717
3440-JPSCL,-1.07384276507861,1.16951647819798,0.793975698204488
4929-ROART,-0.58519840043825,-0.282894099947206,-0.176010571085054
1834-ABKHQ,0.799293966042782,-0.459044581964815,-0.661003705729825
1741-WTPON,0.962175420922904,1.69796792425081,2.2489551021388
3932-IJWDZ,0.51425142000257,1.29248945621028,1.27896883284926
1240-HCBOH,1.41009942184324,-1.28495769104738,-0.661003705729825
3594-KADLU,-1.1960038562387,-0.985834231017476,-0.661003705729825
8065-BVEPF,1.32865869440318,1.14126592919516,0.793975698204488
3796-ENZGF,1.24721796696312,0.0827012400893407,0.793975698204488
1734-ZMNTZ,-0.870240946478462,-1.32151722505103,-0.661003705729825
2853-CWQFQ,-1.27744458367877,-0.173215497936242,-0.176010571085054
0813-TAXXS,0.921455057202873,0.433340407124392,0.793975698204488
2519-TWKFS,-0.300155854398037,-0.321115430951027,-0.176010571085054
2889-FPWRM,1.61370124044339,1.76277800725729,2.2489551021388
0626-QXNGV,1.61370124044339,-1.34976777405386,-0.661003705729825
6723-CEGQI,1.32865869440318,-0.648489439983754,-0.176010571085054
6987-XQSJT,0.880734693482843,0.489841505130041,-0.176010571085054
4732-RRJZC,-1.03312240135858,-1.47938794006682,-1.1459968403746
9499-XPZXM,1.61370124044339,-0.000388609918965505,0.793975698204488
4338-EYCER,-0.463037309278159,-0.337733400952688,-0.661003705729825
3007-FDPEA,-1.23672421995873,-1.46443176706532,-1.1459968403746
6350-XFYGW,-1.15528349251868,0.996689590180708,0.308982563559717
4290-BSXUX,-1.1960038562387,0.494826896130539,-0.176010571085054
8513-OLYGY,1.61370124044339,1.69630612725065,2.2489551021388
0311-QYWSS,-1.07384276507861,-0.508898491969799,-0.661003705729825
8705-DWKTI,0.799293966042782,0.632756047144327,-0.176010571085054
8755-IWJHN,1.4915401492833,1.0166311541827,0.793975698204488
0325-XBFAC,-0.992402037638553,0.995027793180542,0.308982563559717
4480-QQRHC,-0.992402037638553,0.308705632111933,-0.661003705729825
0929-PECLO,1.24721796696312,0.825524499163597,0.308982563559717
3680-CTHUH,1.12505687580303,1.7228948792533,2.2489551021388
1202-KKGFU,-0.829520582758432,-0.351027776954017,-0.176010571085054
6112-KTHFQ,-0.788800219038401,-1.51096208306997,-1.1459968403746
1852-XEMDW,-0.422316945558128,0.00958217208203114,0.793975698204488
2462-XIIJB,-1.11456312879864,0.921908725173233,0.308982563559717
4760-XOHVN,-1.27744458367877,-1.50597669206947,-1.1459968403746
1820-DJFPH,1.61370124044339,-1.35309136805419,-0.661003705729825
9426-SXNHE,-1.23672421995873,-1.5292418500718,-1.1459968403746
9068-FHQHD,0.310649601402418,-1.48271153406715,-1.1459968403746
1269-FOYWN,0.473531056282539,-1.48769692506765,-1.1459968403746
9470-YFUYI,1.57298087672336,0.2073360151018,0.793975698204488
7817-BOQPW,-1.23672421995873,0.358559542116917,-0.661003705729825
7402-EYFXX,-0.259435490678007,0.958468259176887,0.308982563559717
1853-UDXBW,-1.27744458367877,0.174100075098477,-1.1459968403746
9895-VFOXH,-1.27744458367877,-1.34145878905303,-1.63098997501937
5458-CQJTA,1.32865869440318,0.333632587114425,0.793975698204488
1230-QAJDW,-1.1960038562387,0.0162293600826957,0.308982563559717
5701-ZIKJE,-0.788800219038401,-0.472338957966145,-0.661003705729825
5219-YIPTK,0.0256070553622056,1.31741641121277,1.27896883284926
5032-MIYKT,-1.27744458367877,0.197365233100803,-1.1459968403746
7396-VJUZB,-1.15528349251868,-0.648489439983754,-1.1459968403746
9717-QEBGU,-1.23672421995873,0.184070857099474,-1.1459968403746
5172-RKOCB,1.61370124044339,1.46863993822789,1.76396196749403
6509-TSGWN,0.188488510242327,-1.27332511204622,-0.661003705729825
3540-RZJYU,-0.707359491598341,0.712522303152301,-0.176010571085054
3178-CIFOT,-0.381596581838098,-1.49932950406881,-1.1459968403746
2091-MJTFX,-0.0965540357978854,-0.450735596963985,-0.176010571085054
4530-NDRKU,0.392090328842479,-1.5192710680708,-1.1459968403746
5985-TBABQ,-0.0151133083578247,0.331970790114259,0.793975698204488
9800-ONTFE,-0.422316945558128,0.366868527117748,-0.661003705729825
6743-HHQPF,0.392090328842479,-1.3181936310507,-1.63098997501937
8455-HIRAQ,-0.992402037638553,-0.675078191986411,-1.1459968403746
6616-AALSR,1.32865869440318,1.31409281721244,1.27896883284926
0883-EIBTI,-1.23672421995873,-1.50431489506931,-1.1459968403746
9415-ZNBSX,1.53226051300333,0.805582935161604,2.2489551021388
4018-KJYUY,-0.422316945558128,-1.48271153406715,-1.1459968403746
0722-TROQR,-1.15528349251868,0.336956181114758,-0.661003705729825
7571-YXDAD,-1.23672421995873,0.336956181114758,-0.661003705729825
3884-UEBXB,1.41009942184324,-0.950936494013988,-0.661003705729825
8780-RSYYU,-0.300155854398037,-1.5142856770703,-1.1459968403746
5537-UXXVS,-0.503757672998189,-1.51262388007014,-1.1459968403746
1791-PQHBB,-1.23672421995873,-0.11837619693076,-0.176010571085054
8701-DGLVH,0.758573602322752,-1.47274075206615,-1.1459968403746
8741-LQOBK,0.5549717837226,-0.987496028017643,-0.661003705729825
3393-FMZPV,-0.300155854398037,1.17948726019898,0.793975698204488
8082-GHXOP,-0.788800219038401,-0.690034364987907,-1.1459968403746
6402-ZFPPI,-0.300155854398037,1.26423890720745,1.27896883284926
0980-FEXWF,-0.259435490678007,-0.478986145966809,-0.661003705729825
7486-KSRVI,0.432810692562509,1.17117827519815,0.793975698204488
3011-WQKSZ,-0.544478036718219,-1.48769692506765,-1.1459968403746
8443-WVPSS,-0.910961310198492,1.16619288419765,0.793975698204488
3006-XIMLN,-1.23672421995873,0.978409823178881,0.308982563559717
8218-FFJDS,1.61370124044339,0.719169491152966,1.76396196749403
1986-PHGZF,-0.58519840043825,-0.211436828940063,0.308982563559717
9965-YOKZB,-0.951681673918523,0.634417844144493,-0.176010571085054
0504-HHAPI,-0.218715126957977,0.782317777159278,0.308982563559717
9360-OMDZZ,-0.340876218118068,0.975086229178549,0.308982563559717
6305-YLBMM,1.4915401492833,1.30578383221161,1.27896883284926
0345-XMMUG,0.5549717837226,1.46697814122772,1.76396196749403
8024-XNAFQ,1.61370124044339,1.41712423122274,1.76396196749403
3647-GMGDH,-0.422316945558128,0.995027793180542,0.308982563559717
2988-GBIVW,1.53226051300333,0.867069424167751,0.308982563559717
2832-SCUCO,-1.23672421995873,-1.49102051906798,-1.1459968403746
7036-ZZKBD,-0.0558336720778551,0.0544506910865167,0.308982563559717
3791-LGQCY,0.962175420922904,1.19278163620031,0.793975698204488
0265-PSUAE,-0.66663912787831,1.19444343320048,0.793975698204488
0463-TXOAK,0.799293966042782,-1.30157566104904,-0.661003705729825
0594-UFTUL,-0.788800219038401,-1.49268231606814,-1.1459968403746
9509-MPYOD,0.107047782802266,-1.46276997006515,-1.1459968403746
9128-CPXKI,1.084336512083,1.0315873271842,0.308982563559717
0129-KPTWJ,1.61370124044339,0.993365996180376,0.308982563559717
8166-ZZTFS,1.36937905812321,0.524739242133529,1.27896883284926
5855-EIBDE,0.677132874882691,1.39219727622025,1.76396196749403
5365-LLFYV,-1.23672421995873,-0.62854787598176,-1.1459968403746
5956-YHHRX,-0.463037309278159,1.3157546142126,1.27896883284926
6008-NAIXK,0.880734693482843,-0.309482851949864,0.308982563559717
2956-GGUCQ,-0.340876218118068,0.468238144127881,-0.176010571085054
1928-BXYIV,-1.27744458367877,-0.120037993930926,0.308982563559717
5760-FXFVO,-1.07384276507861,0.471561738128214,-0.176010571085054
6595-COKXZ,-1.27744458367877,-0.675078191986411,-1.1459968403746
0961-ZWLVI,0.677132874882691,1.47694892322872,1.76396196749403
5181-OABFK,0.962175420922904,-0.115052602930428,0.308982563559717
4007-NHVHI,0.962175420922904,1.06648506418769,0.793975698204488
7816-VGHTO,-1.07384276507861,-0.804698357999369,-0.176010571085054
5871-DGTXZ,-0.0151133083578247,-1.49434411306831,-1.1459968403746
7550-WIQVA,0.717853238602722,1.44537478022556,1.76396196749403
7544-ZVIKX,1.04361614836296,1.33901977221493,1.27896883284926
0016-QLJIS,1.32865869440318,0.853775048166422,2.2489551021388
7508-DQAKK,1.28793833068315,0.719169491152966,2.2489551021388
5176-OLSKT,1.36937905812321,0.071068661088178,0.793975698204488
9356-AXGMP,0.229208873962357,1.5268028332337,1.76396196749403
3556-BVQGL,-0.503757672998189,-1.48769692506765,-1.1459968403746
0362-ZBZWJ,0.147768146522297,0.669315581147982,-0.176010571085054
8979-CAMGB,1.28793833068315,1.24097374920513,1.27896883284926
4211-MMAZN,-1.27744458367877,-1.47938794006682,-1.1459968403746
7581-EBBOU,1.12505687580303,0.179085466098976,0.793975698204488
4274-OWWYO,-1.27744458367877,0.31867641411293,-0.661003705729825
5073-RZGBK,0.717853238602722,0.508121272131868,1.76396196749403
1541-ETJZO,-1.27744458367877,-0.0901256479279362,0.308982563559717
2192-CKRLV,1.61370124044339,-0.51720747697063,0.308982563559717
3154-HMWUU,1.12505687580303,-1.47107895506598,-1.1459968403746
6119-SPUDB,0.5549717837226,-0.881141020007011,-0.176010571085054
6522-OIQSX,1.4915401492833,-0.326100821951526,0.308982563559717
7813-ZGGAW,-0.0558336720778551,1.05817607918686,0.793975698204488
8748-HFWBO,-0.544478036718219,-1.49102051906798,-1.1459968403746
1052-QJIBV,1.57298087672336,-1.49102051906798,-1.1459968403746
1319-YLZJG,-0.829520582758432,0.659344799146985,0.308982563559717
4106-HADHQ,0.269929237682388,0.506459475131702,1.27896883284926
0723-FDLAY,0.473531056282539,0.680948160149145,1.76396196749403
3050-RLLXC,0.962175420922904,0.548004400135855,1.76396196749403
9298-WGMRW,1.61370124044339,1.68633534524965,2.2489551021388
2369-UAPKZ,-1.11456312879864,1.30744562921177,1.27896883284926
3088-LHEFH,-0.870240946478462,0.47322353512838,-0.176010571085054
2778-OCLGR,-0.340876218118068,-0.852890471004187,-0.661003705729825
6583-KQJLK,-0.707359491598341,0.993365996180376,0.308982563559717
8544-JNBOX,1.61370124044339,-1.46110817306499,-1.1459968403746
6681-ZSEXG,0.962175420922904,-0.174877294936408,0.308982563559717
6139-ZZRBQ,1.28793833068315,-1.48603512806748,-1.1459968403746
6116-RFVHN,0.066327419082236,1.18613444819965,0.793975698204488
0637-KVDLV,-1.23672421995873,0.390133685120074,-0.661003705729825
8884-FEEWR,0.107047782802266,-1.46775536106565,-1.1459968403746
3125-RAHBV,-0.422316945558128,-1.47772614306665,-1.1459968403746
6633-MPWBS,-1.11456312879864,-0.51720747697063,-0.661003705729825
0373-AIVNJ,-0.951681673918523,-0.837934298002692,-0.176010571085054
8785-EPNCG,-0.870240946478462,-1.38300371405718,-0.661003705729825
1682-VCOIO,-0.381596581838098,-1.47274075206615,-1.1459968403746
5729-KLZAR,-1.15528349251868,0.534710024134526,-0.661003705729825
2072-ZVJJX,1.45081978556327,-1.3132082400502,-0.661003705729825
8849-AYPTR,0.0256070553622056,0.88036380016908,-0.176010571085054
9518-IMLHK,-0.0558336720778551,0.255528128106618,1.27896883284926
1582-RAFML,-1.27744458367877,-0.154935730934415,0.308982563559717
3646-ITDGM,0.962175420922904,-1.49766770706864,-1.1459968403746
8740-CRYFY,-1.27744458367877,0.471561738128214,-0.661003705729825
3569-VLDHH,1.36937905812321,0.343603369115422,1.27896883284926
8224-KDLKN,1.61370124044339,-1.32151722505103,-0.661003705729825
7594-LZNWR,0.066327419082236,0.145849526095653,-1.1459968403746
4001-TSBTV,1.04361614836296,0.890334582170076,0.308982563559717
2962-XPMCQ,-1.23672421995873,-0.651813033984086,-1.1459968403746
8727-XDPUD,0.188488510242327,-0.962569073015151,-1.1459968403746
1043-UXOVO,1.57298087672336,1.60823088624184,2.2489551021388
1064-FBXNK,-1.27744458367877,-1.49268231606814,-1.1459968403746
3996-ZNWYK,1.57298087672336,-1.49434411306831,-1.1459968403746
2878-DHMIN,0.107047782802266,-1.49102051906798,-1.1459968403746
7762-ONLJY,-1.07384276507861,-1.49766770706864,-1.1459968403746
1678-FYZOW,-1.1960038562387,0.486517911129709,-0.661003705729825
5795-BKOYE,1.4915401492833,-0.188171670937737,0.308982563559717
8627-EHGIP,0.473531056282539,-0.359336761954848,0.308982563559717
7402-PWYJJ,0.840014329762813,0.877040206168748,0.308982563559717
5480-TBGPH,-0.340876218118068,1.14791311719583,0.793975698204488
0018-NYROU,-1.11456312879864,0.139202338094989,-1.1459968403746
7501-VTYLJ,-1.23672421995873,-0.439103017962822,-0.661003705729825
7608-RGIRO,1.20649760324309,-1.34145878905303,-0.661003705729825
0480-BIXDE,-0.544478036718219,1.06482326718752,0.308982563559717
5895-QSXOD,-0.951681673918523,0.175761872098643,-1.1459968403746
9814-AOUDH,0.840014329762813,-1.50431489506931,-1.1459968403746
6175-IRFIT,-1.11456312879864,0.464914550127549,-0.661003705729825
8760-ZRHKE,1.57298087672336,0.147511323095819,0.793975698204488
1622-HSHSF,-1.27744458367877,-1.50265309806914,-1.1459968403746
8854-CCVSQ,-0.58519840043825,0.528062836133862,-0.176010571085054
6749-UTDVX,1.61370124044339,1.29248945621028,1.27896883284926
5542-DHSXL,-1.15528349251868,-0.334409806952356,-0.176010571085054
9102-OXKFY,1.084336512083,-0.352689573954184,-0.176010571085054
0511-JTEOY,-1.27744458367877,0.210659609102132,-1.1459968403746
5216-WASFJ,-0.0558336720778551,0.667653784147816,-0.176010571085054
7808-DVWEP,-1.1960038562387,-1.48769692506765,-1.1459968403746
7067-KSAZT,1.32865869440318,1.37890290021892,1.27896883284926
2284-VFLKH,0.677132874882691,1.14625132019566,0.793975698204488
0366-NQSHS,-1.23672421995873,-1.50930028606981,-1.1459968403746
6532-YLWSI,0.840014329762813,-1.46110817306499,-1.1459968403746
3807-BPOMJ,0.921455057202873,0.996689590180708,0.308982563559717
3892-NXAZG,1.61370124044339,1.63814323224483,2.2489551021388
4948-WBBKL,0.147768146522297,0.336956181114758,-0.661003705729825
4182-BGSIQ,-0.910961310198492,-1.49434411306831,-1.1459968403746
9300-AGZNL,-1.27744458367877,0.971762635178217,0.308982563559717
0988-AADSA,1.61370124044339,0.534710024134526,1.76396196749403
9972-NKTFD,-0.177994763237946,-0.336071603952522,-0.176010571085054
3717-LNXKW,0.229208873962357,0.895319973170575,0.308982563559717
5734-EJKXG,1.16577723952306,1.78936675925995,2.2489551021388
2207-RYYRL,0.799293966042782,-1.33647339805253,-0.661003705729825
6729-FZWSY,1.41009942184324,-1.50597669206947,-1.1459968403746
9695-IDRZR,0.066327419082236,1.70793870625181,2.2489551021388
8144-DGHXP,0.880734693482843,0.526401039133695,1.27896883284926
7814-LEEVE,-1.27744458367877,-1.47772614306665,-1.1459968403746
1112-CUNAO,-0.707359491598341,0.833833484164428,0.308982563559717
5175-AOBHI,-1.15528349251868,-0.623562484981262,-1.1459968403746
5174-RNGBH,-0.951681673918523,0.0494653000860182,0.308982563559717
8631-WUXGY,0.5549717837226,1.16453108719749,0.793975698204488
7270-BDIOA,-0.422316945558128,0.838818875164927,0.308982563559717
9565-JSNFM,0.229208873962357,0.189056248099973,-1.1459968403746
5906-DVAPM,0.921455057202873,0.34027977511509,1.27896883284926
6654-QGBZZ,-1.27744458367877,-1.49102051906798,-1.1459968403746
8348-JLBUG,1.28793833068315,0.516430257132699,-0.176010571085054
0607-DAAHE,0.840014329762813,-1.49600591006848,-1.1459968403746
5641-DMBFJ,1.04361614836296,0.649374017145989,1.76396196749403
9200-NLNPD,0.962175420922904,-0.356013167954516,0.308982563559717
2664-XJZNO,1.61370124044339,1.33403438121443,1.27896883284926
9732-KPKBW,-1.27744458367877,-0.359336761954848,-0.176010571085054
3339-EAQNV,1.61370124044339,1.07977944018902,0.793975698204488
0921-OHLVP,-0.422316945558128,0.607829092141835,-0.176010571085054
3389-YGYAI,-0.992402037638553,1.35397594521643,1.27896883284926
9560-ARGQJ,-0.66663912787831,0.539695415135025,-0.661003705729825
8350-NYMVI,0.269929237682388,-0.786418590997542,-0.176010571085054
1600-DILPE,-0.829520582758432,-0.656798424984584,-1.1459968403746
0536-ESJEP,0.880734693482843,0.325323602113595,0.793975698204488
4654-GGUII,-0.58519840043825,-0.816330937000532,-0.176010571085054
6478-HRRCZ,-0.0151133083578247,0.190718045100139,0.793975698204488
8510-BBWMU,0.351369965122448,-1.49600591006848,-1.1459968403746
6857-TKDJV,1.41009942184324,-1.3331498040522,-0.661003705729825
2360-RDGRO,1.32865869440318,1.31243102021227,1.27896883284926
0584-BJQGZ,-0.300155854398037,0.45162017412622,1.76396196749403
5134-IKDAY,-1.27744458367877,0.167452887097813,-1.1459968403746
1360-XFJMR,1.41009942184324,1.49356689323038,1.76396196749403
3070-DVEYC,-1.03312240135858,0.298734850110937,-0.661003705729825
5730-RIITO,0.432810692562509,-1.04067353202296,-0.661003705729825
9058-MJLZC,-0.340876218118068,0.99170419918021,0.308982563559717
5707-ORNDZ,-0.951681673918523,-0.339395197952855,-0.176010571085054
0902-XKXPN,1.4915401492833,-1.48104973706698,-1.1459968403746
5177-RVZNU,0.188488510242327,-1.47772614306665,-1.1459968403746
0056-EPFBG,-0.503757672998189,-0.84291968900319,-0.176010571085054
8993-IZEUX,-1.03312240135858,0.145849526095653,-1.1459968403746
8696-JKZNU,0.188488510242327,0.381824700119243,-0.661003705729825
5380-AFSSK,-1.11456312879864,0.968439041177884,0.308982563559717
8190-ZTQFB,0.351369965122448,-0.445750205963487,-0.176010571085054
0931-MHTEM,0.880734693482843,1.17284007219832,0.793975698204488
2055-PDADH,-1.1960038562387,0.187394451099807,-1.1459968403746
7515-LODFU,1.4915401492833,-1.47772614306665,-1.1459968403746
0440-UEDAI,0.840014329762813,0.986718808179712,0.793975698204488
1337-BOZWO,-0.58519840043825,-0.610268108979933,-0.176010571085054
0868-VJRDR,1.28793833068315,1.30578383221161,1.27896883284926
8714-EUHJO,-0.0558336720778551,0.877040206168748,0.308982563559717
6344-SFJVH,-0.503757672998189,-1.32484081905137,-1.63098997501937
3950-VPYJB,1.00289578464293,-0.171553700936076,0.308982563559717
8041-TMEID,1.24721796696312,1.45368376522639,1.76396196749403
7321-ZNSLA,-0.788800219038401,-0.804698357999369,-0.176010571085054
6941-KXRRV,0.636412511162661,-0.193157061938236,-0.176010571085054
3721-CNEYS,-1.23672421995873,0.205674218101634,-1.1459968403746
8727-JQFHV,1.00289578464293,-1.46276997006515,-1.1459968403746
9475-NNDGC,1.57298087672336,1.60823088624184,1.76396196749403
1355-KUSBG,-1.03312240135858,-0.530501852971959,-0.661003705729825
3688-FTHLT,-0.66663912787831,-0.0568897079246138,-0.176010571085054
0899-LIIBW,0.066327419082236,1.19942882420097,0.793975698204488
2568-OIADY,0.188488510242327,1.15456030519649,0.793975698204488
1384-RCUXW,-0.66663912787831,0.524739242133529,-0.176010571085054
5825-XJOCM,0.636412511162661,-0.0120211889201282,0.793975698204488
6848-YLDFR,1.04361614836296,0.346926963115754,0.793975698204488
8125-QPFJD,1.61370124044339,0.669315581147982,1.76396196749403
2320-YKQBO,-1.03312240135858,-1.51096208306997,-1.1459968403746
1193-RTSLK,0.229208873962357,0.63607964114466,0.308982563559717
2302-ANTDP,0.636412511162661,1.75114542825613,2.2489551021388
5923-GXUOC,-0.910961310198492,1.31741641121277,1.27896883284926
4973-RLZVI,-0.0965540357978854,0.328647196113927,1.27896883284926
7869-ZYDST,-0.0558336720778551,-0.189833467937904,-0.176010571085054
4501-UYKBC,0.5549717837226,0.144187729095487,0.793975698204488
1215-EXRMO,0.717853238602722,-1.46941715806582,-1.1459968403746
2305-MRGLV,-0.177994763237946,0.39179548212024,-0.661003705729825
8404-VIOMB,1.36937905812321,-0.075169474926441,1.27896883284926
5233-GEEAX,-0.992402037638553,-1.17527908903642,-1.1459968403746
2359-KLTEK,0.351369965122448,1.00167498118121,0.308982563559717
5304-EFJLP,1.61370124044339,1.55837697623686,1.76396196749403
2673-ZALNP,-1.03312240135858,-1.49102051906798,-1.1459968403746
9184-GALIL,0.229208873962357,-1.47274075206615,-1.1459968403746
4393-RYCRE,0.473531056282539,1.37225571221825,1.27896883284926
9746-MDMBK,0.595692147442631,1.61820166824284,2.2489551021388
3162-ZJZFU,0.840014329762813,0.923570522173399,0.308982563559717
8404-GFGCZ,-1.15528349251868,0.0278619390838584,0.308982563559717
8875-AKBYH,-0.503757672998189,0.651035814146155,-0.176010571085054
4432-ADRLB,-1.23672421995873,-0.668431003985747,-1.1459968403746
0533-UCAAU,1.00289578464293,0.210659609102132,0.793975698204488
1394-SUIUH,0.473531056282539,0.677624566148813,0.308982563559717
3521-MNKLV,-0.340876218118068,-0.500589506968969,-0.661003705729825
2533-TIBIX,-0.707359491598341,-1.14869033703376,-1.1459968403746
8993-PHFWD,-1.1960038562387,-1.3132082400502,-1.63098997501937
1565-RHDJD,-1.15528349251868,0.641065032145158,0.308982563559717
7137-RYLPP,0.188488510242327,0.69590433315064,-0.176010571085054
3765-JXVKY,-1.27744458367877,0.330308993114093,-0.661003705729825
5092-STPKP,-0.340876218118068,-0.279570505946874,-0.176010571085054
7330-WZLNC,-1.11456312879864,0.865407627167585,0.308982563559717
0114-PEGZZ,0.0256070553622056,1.42210962222324,1.27896883284926
3359-DSRKA,1.04361614836296,-1.49268231606814,-1.1459968403746
8639-NHQEI,1.61370124044339,1.03491092118453,0.793975698204488
7161-DFHUF,1.57298087672336,-1.35973855605485,-0.661003705729825
3957-LXOLK,-0.177994763237946,1.37557930621859,1.27896883284926
3720-DBRWL,0.758573602322752,0.634417844144493,1.76396196749403
6635-MYYYZ,-0.0965540357978854,0.684271754149477,1.76396196749403
8565-WUXZU,1.61370124044339,0.66599198714765,0.308982563559717
5281-BUZGT,0.147768146522297,0.867069424167751,0.308982563559717
4994-OBRSZ,-0.748079855318371,0.376839309118744,1.27896883284926
0562-FGDCR,1.61370124044339,0.325323602113595,1.27896883284926
2436-QBZFP,-0.422316945558128,-0.849566877003854,-0.661003705729825
3420-YJLQT,-1.23672421995873,0.491503302130207,-0.176010571085054
6040-CGACY,-0.707359491598341,-1.50099130106898,-1.1459968403746
6582-PLFUU,0.758573602322752,-1.50265309806914,-1.1459968403746
8242-PDSGJ,1.53226051300333,-0.851228674004021,-0.176010571085054
0264-CNITK,1.57298087672336,-1.48437333106731,-1.1459968403746
0089-IIQKO,0.269929237682388,1.16951647819798,0.793975698204488
7839-NUIAA,1.16577723952306,-0.164906512935412,0.308982563559717
6075-QMNRR,0.799293966042782,-0.498927709968802,-0.661003705729825
5378-IKEEG,-1.27744458367877,-0.964230870015317,-1.1459968403746
5966-EMAZU,1.28793833068315,1.45368376522639,1.76396196749403
0440-EKDCF,1.20649760324309,-0.153273933934249,0.308982563559717
4774-HHGGS,-0.0965540357978854,-1.5192710680708,-1.1459968403746
2718-GAXQD,-1.15528349251868,-0.623562484981262,-1.1459968403746
2055-BFOCC,1.24721796696312,0.639403235144992,1.76396196749403
8180-AKMJV,-1.27744458367877,-0.671754597986079,-1.1459968403746
4298-OYIFC,-0.707359491598341,1.28584226820961,1.27896883284926
5566-SOEZD,-0.218715126957977,0.528062836133862,-0.176010571085054
9842-EFSYY,-1.15528349251868,-0.25131995694405,0.793975698204488
2272-WUSPA,1.61370124044339,1.52846463023387,1.76396196749403
4584-LBNMK,0.51425142000257,-1.33148800705203,-0.661003705729825
3898-GUYTS,0.51425142000257,1.07313225218835,1.27896883284926
0930-EHUZA,0.147768146522297,0.385148294119575,1.27896883284926
6413-XKKPU,-0.62591876415828,0.818877311162933,0.308982563559717
9975-SKRNR,-1.27744458367877,-1.5242564590713,-1.1459968403746
3703-KBKZP,-0.66663912787831,0.322000008113263,-0.661003705729825
1449-XQEMT,-1.1960038562387,-1.49434411306831,-1.1459968403746
2626-URJFX,-1.15528349251868,-0.460706378964982,-0.661003705729825
4973-MGTON,1.57298087672336,0.652697611146321,1.76396196749403
3682-YEUWS,-0.910961310198492,-1.34145878905303,-0.661003705729825
1223-UNPKS,-0.503757672998189,-1.48603512806748,-1.1459968403746
2612-RRIDN,-1.15528349251868,0.539695415135025,-0.661003705729825
4735-ASGMA,-0.259435490678007,1.11633897419267,0.793975698204488
3446-QDSZF,-1.15528349251868,-0.307821054949698,-0.661003705729825
3669-LVWZB,-1.11456312879864,-0.457382784964649,-0.176010571085054
6892-EZDTG,-1.15528349251868,0.893658176170409,0.308982563559717
5117-IFGPS,-0.137274399517916,0.649374017145989,-0.176010571085054
7379-FNIUJ,-1.23672421995873,1.17782546319882,0.793975698204488
1627-AFWVJ,-0.137274399517916,-1.50763848906964,-1.1459968403746
9725-SCPZG,-1.27744458367877,0.867069424167751,-0.176010571085054
5884-GCYMI,-1.27744458367877,0.154158511096484,-1.1459968403746
3217-FZDMN,-0.992402037638553,0.986718808179712,0.308982563559717
4486-EFAEB,-0.788800219038401,-1.47440254906632,-1.1459968403746
0060-FUALY,1.084336512083,0.996689590180708,0.793975698204488
7853-GVUDZ,-1.27744458367877,-1.48271153406715,-1.1459968403746
7480-QNVZJ,0.717853238602722,1.02826373318387,0.308982563559717
6954-OOYZZ,-0.58519840043825,-0.678401785986744,-1.1459968403746
7088-FBAWU,-0.62591876415828,0.325323602113595,0.793975698204488
8313-AFGBW,0.595692147442631,0.293749459110438,0.793975698204488
3943-KDREE,-0.259435490678007,0.338617978114924,-0.661003705729825
9239-ZBZZV,-1.07384276507861,-0.558752401974783,-0.176010571085054
3097-IDVPU,-0.544478036718219,-0.487295130967639,-0.661003705729825
4398-HSCJH,-1.1960038562387,-0.0386099409227863,0.308982563559717
2197-OMWGI,1.45081978556327,-0.390910904958005,0.308982563559717
2303-PJYHN,-1.23672421995873,-1.49268231606814,-1.1459968403746
9795-VOWON,-1.03312240135858,-1.34312058605319,-1.63098997501937
1237-WIYYZ,-0.58519840043825,-1.50265309806914,-1.1459968403746
1987-AUELQ,1.57298087672336,-1.31985542805087,-0.661003705729825
7852-LECYP,-0.788800219038401,0.965115447177552,0.793975698204488
4430-UZIPO,-1.1960038562387,-0.927671336011662,-0.661003705729825
4822-LPTYJ,1.61370124044339,1.29581305021061,1.27896883284926
8165-CBKXO,1.36937905812321,-0.266276129945545,0.308982563559717
6527-PZFPV,-0.340876218118068,-1.46110817306499,-1.1459968403746
4855-SNKMY,-1.27744458367877,-0.686710770987574,-1.1459968403746
9593-CVZKR,0.962175420922904,-1.33979699205286,-0.661003705729825
8595-SIZNC,-0.422316945558128,-1.30157566104904,-0.661003705729825
8008-HAWED,-0.748079855318371,-0.46569176996548,-0.176010571085054
7124-UGSUR,1.16577723952306,1.31741641121277,1.27896883284926
1862-SKORY,0.310649601402418,-0.846243283003522,-0.661003705729825
5236-XMZJY,0.392090328842479,-0.16989190393591,0.308982563559717
4827-DPADN,1.61370124044339,0.616138077142666,1.76396196749403
2694-CIUMO,-0.829520582758432,0.491503302130207,-0.176010571085054
5846-ABOBJ,1.57298087672336,-1.33979699205286,-0.661003705729825
1439-LCGVL,-0.259435490678007,-1.5142856770703,-1.1459968403746
0909-SDHNU,-1.03312240135858,-1.16198471303509,-1.1459968403746
4647-XXZAM,-1.07384276507861,-0.640180454982923,-1.1459968403746
1502-XFCVR,1.04361614836296,1.38555008821958,1.27896883284926
7740-KKCXF,0.758573602322752,-1.15367572803426,-1.1459968403746
5360-XGYAZ,1.61370124044339,0.0295237360840249,1.27896883284926
9692-TUSXH,-0.58519840043825,1.03989631218503,0.308982563559717
7912-SYRQT,-1.03312240135858,0.343603369115422,-0.661003705729825
3557-HTYWR,0.595692147442631,0.308705632111933,1.27896883284926
4816-JBHOV,-1.23672421995873,-0.666769206985581,-1.1459968403746
8920-NAVAY,1.20649760324309,1.52846463023387,1.76396196749403
1699-TLDLZ,-0.66663912787831,-1.49766770706864,-1.1459968403746
5600-PDUJF,-1.07384276507861,-0.507236694969633,-0.661003705729825
8292-TYSPY,-0.544478036718219,-0.32443902495136,-0.176010571085054
0567-XRHCU,1.4915401492833,-0.691696161988073,-0.176010571085054
1867-BDVFH,-0.870240946478462,0.31867641411293,-0.661003705729825
2067-QYTCF,1.28793833068315,1.5417590062352,1.76396196749403
2359-QWQUL,0.269929237682388,1.32738719321377,1.27896883284926
9103-TCIHJ,-0.707359491598341,-0.301173866949034,-0.176010571085054
7407-SUJIZ,-0.300155854398037,-1.46775536106565,-1.1459968403746
9150-KPBJQ,-1.07384276507861,-1.49932950406881,-1.1459968403746
0052-DCKON,1.36937905812321,1.69630612725065,2.2489551021388
3654-ARMGP,1.16577723952306,0.793950356160442,1.76396196749403
9699-UBQFS,0.432810692562509,0.988380605179878,0.793975698204488
9367-TCUYN,-0.829520582758432,-1.48437333106731,-1.1459968403746
1261-FWTTE,-0.381596581838098,-1.00079040401897,-1.1459968403746
3528-HFRIQ,1.57298087672336,-0.41417606296033,0.308982563559717
0708-SJDIS,0.066327419082236,0.00792037508186511,0.308982563559717
4140-WJAWW,-1.11456312879864,-1.49268231606814,-1.1459968403746
2073-QBVBI,0.351369965122448,-0.974201652016314,-0.661003705729825
6928-ONTRW,1.61370124044339,-1.49766770706864,-1.1459968403746
3320-VEOYC,-0.748079855318371,1.02494013918353,0.308982563559717
5231-FIQPA,0.351369965122448,-1.49268231606814,-1.1459968403746
6617-WLBQC,-0.381596581838098,0.567945964137848,-0.176010571085054
2599-CIPQE,1.57298087672336,1.48027251722905,1.76396196749403
6653-CBBOM,-1.27744458367877,0.184070857099474,-1.1459968403746
8774-GSBUN,1.61370124044339,-1.3082228490497,-0.661003705729825
7326-RIGQZ,-1.07384276507861,0.167452887097813,-1.1459968403746
1401-FTHFQ,-0.381596581838098,-1.48769692506765,-1.1459968403746
3247-ZVOUO,-0.910961310198492,0.690918942150142,-0.176010571085054
0254-FNMCI,1.61370124044339,1.50021408123104,1.76396196749403
1848-LBZHY,-1.03312240135858,-0.480647942966975,-0.661003705729825
6101-IMRMM,-1.07384276507861,0.988380605179878,0.308982563559717
8118-TJAFG,-0.951681673918523,1.22103218520313,0.793975698204488
5429-LWCMV,-0.829520582758432,0.810568326162103,0.308982563559717
7298-IZWLY,-1.27744458367877,-1.50763848906964,-1.1459968403746
9758-MFWGD,0.636412511162661,-1.15866111903475,-1.1459968403746
3955-JBZZM,-0.503757672998189,0.466576347127715,-0.661003705729825
1268-ASBGA,-0.66663912787831,0.684271754149477,-0.176010571085054
8943-URTMR,-1.23672421995873,0.494826896130539,-0.661003705729825
4815-TUMEQ,-0.910961310198492,-1.51096208306997,-1.1459968403746
4713-LZDRV,-1.23672421995873,0.493165099130373,-0.661003705729825
9909-IDLEK,-0.503757672998189,1.06482326718752,0.793975698204488
4092-OFQZS,-0.503757672998189,-1.46609356406549,-1.1459968403746
1561-BWHIN,-0.544478036718219,-1.49434411306831,-1.1459968403746
4325-NFSKC,-0.544478036718219,0.85876043916692,0.308982563559717
9927-DSWDF,-0.422316945558128,1.32406359921343,1.27896883284926
9500-LTVBP,0.107047782802266,0.508121272131868,-0.176010571085054
7252-NTGSS,-1.27744458367877,-0.651813033984086,-1.1459968403746
8149-AIQCG,0.269929237682388,0.278793286108943,-0.661003705729825
1360-JYXKQ,0.880734693482843,1.14126592919516,0.793975698204488
2955-PSXOE,-1.27744458367877,-1.48104973706698,-1.1459968403746
7762-URZQH,1.36937905812321,1.37225571221825,1.27896883284926
0899-WZRSD,0.962175420922904,1.34899055421593,1.27896883284926
3255-GRXMG,-0.58519840043825,-0.635195063982425,-1.1459968403746
4828-FAZPK,-0.66663912787831,0.504797678131536,-0.176010571085054
6094-ZIVKX,1.45081978556327,-0.342718791953187,-0.176010571085054
6925-BAYGL,0.840014329762813,-1.3181936310507,-0.661003705729825
3262-EIDHV,1.61370124044339,0.662668393147318,1.76396196749403
7354-OIJLX,-0.951681673918523,0.368530324117914,-0.661003705729825
1376-HHBDV,-0.0965540357978854,-0.530501852971959,-0.661003705729825
6907-NZZIJ,0.147768146522297,1.14292772619533,0.793975698204488
6133-OZILE,-0.58519840043825,-0.982510637017144,-0.661003705729825
4135-FRWKJ,0.921455057202873,0.381824700119243,1.27896883284926
2911-UREFD,0.269929237682388,-0.294526678948369,0.308982563559717
3744-ZRRDZ,-0.463037309278159,0.58456393413951,-0.176010571085054
5673-TIYIB,-1.23672421995873,-0.809683748999868,-0.176010571085054
6551-ZCOTS,0.0256070553622056,-1.32484081905137,-0.661003705729825
7191-ADRGF,0.473531056282539,-0.347704182953685,0.308982563559717
5018-LXQQG,-0.0965540357978854,0.0511270970861842,0.308982563559717
6892-BOGQE,1.57298087672336,-1.45778457906466,-1.1459968403746
1602-IJQQE,-1.15528349251868,0.351912354116252,-0.661003705729825
4628-WQCQQ,0.107047782802266,0.677624566148813,-0.176010571085054
1746-TGTWV,-1.27744458367877,0.351912354116252,-0.661003705729825
5995-SNNEW,-0.381596581838098,1.31907820821294,1.27896883284926
8050-WYBND,-0.422316945558128,-0.508898491969799,-0.176010571085054
2821-WARNZ,0.677132874882691,-1.50597669206947,-1.1459968403746
4879-GZLFH,0.392090328842479,0.91027614617207,0.308982563559717
1644-IRKSF,0.0256070553622056,0.965115447177552,0.308982563559717
8314-HTWVE,-1.03312240135858,-1.49268231606814,-1.1459968403746
9402-ROUMJ,1.41009942184324,1.17948726019898,1.27896883284926
2507-QZPQS,-0.707359491598341,1.02826373318387,0.793975698204488
7159-NOKYQ,1.41009942184324,0.943512086175393,0.793975698204488
5707-ZMDJP,0.840014329762813,0.164129293097481,0.793975698204488
8779-YIQQA,-0.463037309278159,-1.49434411306831,-1.1459968403746
7136-IHZJA,0.310649601402418,0.218968594102963,0.793975698204488
8966-OIQHG,-0.422316945558128,-1.46276997006515,-1.1459968403746
7074-STDCN,0.269929237682388,-0.803036560999203,-0.661003705729825
3705-PSNGL,0.51425142000257,-1.47440254906632,-1.1459968403746
8739-QOTTN,-1.23672421995873,-1.47606434606648,-1.1459968403746
1399-OUPJN,1.00289578464293,-1.49600591006848,-1.1459968403746
0277-BKSQP,-0.992402037638553,-0.344380588953353,-0.661003705729825
6502-HCJTI,-1.03312240135858,0.995027793180542,0.793975698204488
2606-RMDHZ,-1.07384276507861,-1.13871955503276,-1.1459968403746
5774-XZTQC,-1.03312240135858,-1.47274075206615,-1.1459968403746
2676-SSLTO,0.677132874882691,0.0461417060856861,0.308982563559717
6266-QHOJZ,1.32865869440318,0.833833484164428,0.793975698204488
7269-JISCY,0.921455057202873,-0.655136627984418,-1.1459968403746
0363-SVHYR,1.57298087672336,0.734125664154461,2.2489551021388
8547-NSBBO,0.107047782802266,1.06316147018735,1.27896883284926
8258-GSTJK,-1.1960038562387,0.406751655121735,-0.661003705729825
6861-OKBCE,-0.870240946478462,-1.48437333106731,-1.1459968403746
9940-RHLFB,-1.27744458367877,0.350250557116086,-0.661003705729825
6591-QGOYB,-0.62591876415828,1.39219727622025,1.76396196749403
9070-BCKQP,1.61370124044339,1.50852306623187,1.76396196749403
6421-SZVEM,-0.177994763237946,0.601181904141171,-0.176010571085054
1328-EUZHC,-0.58519840043825,-1.48437333106731,-1.1459968403746
2995-UPRYS,0.310649601402418,1.14458952319549,0.793975698204488
8878-RYUKI,0.799293966042782,-0.176539091936574,-0.176010571085054
9633-DENPU,0.595692147442631,-0.204789640939399,-0.176010571085054
7811-JIVPF,-0.381596581838098,-0.500589506968969,-0.661003705729825
7113-HIPFI,1.36937905812321,0.036170924084689,0.793975698204488
8541-QVFKM,-0.992402037638553,0.290425865110106,-0.661003705729825
6686-YPGHK,0.595692147442631,0.689257145149976,-0.176010571085054
1383-EZRWL,-1.03312240135858,-1.48603512806748,-1.1459968403746
9258-CNWAC,1.57298087672336,1.6248488562435,2.2489551021388
5371-VYLSX,0.717853238602722,0.619461671142999,0.308982563559717
6374-AFWOX,0.5549717837226,0.0295237360840249,0.793975698204488
4759-TRPLW,-1.27744458367877,0.187394451099807,-1.1459968403746
5317-FLPJF,1.36937905812321,-0.113390805930262,0.793975698204488
7621-VPNET,0.392090328842479,0.702551521151305,0.308982563559717
6034-YMTOB,-1.11456312879864,0.361883136117249,-0.661003705729825
8563-IIOXK,-1.03312240135858,-0.498927709968802,-0.661003705729825
4903-CNOZC,-0.137274399517916,0.204012421101468,0.793975698204488
4353-HYOJD,-0.218715126957977,-0.49560411596847,-0.661003705729825
8020-BWHYL,-0.707359491598341,0.350250557116086,-0.661003705729825
7267-FRMJW,-0.300155854398037,-1.48437333106731,-1.1459968403746
2982-VPSGI,-0.870240946478462,0.971762635178217,0.308982563559717
4188-FRABG,1.00289578464293,1.27254789220828,1.76396196749403
8199-ZLLSA,1.41009942184324,1.78105777425912,2.2489551021388
4128-ETESU,0.595692147442631,1.16120749319715,0.793975698204488
0620-DLSLK,-0.788800219038401,0.569607761138015,-0.661003705729825
4625-EWPTF,-0.992402037638553,-1.14038135203293,-1.1459968403746
5980-NOPLP,0.473531056282539,1.04155810918519,0.308982563559717
3850-OKINF,1.57298087672336,0.0478035030858522,0.308982563559717
6892-XPFPU,-0.340876218118068,1.31243102021227,1.27896883284926
8010-EZLOU,-0.707359491598341,0.513106663132367,-0.176010571085054
1156-ZFYDO,-1.27744458367877,-1.49600591006848,-1.1459968403746
3295-YVUSR,-1.23672421995873,0.260513519107116,-0.661003705729825
8016-NCFVO,0.921455057202873,1.71957128525297,2.2489551021388
4119-ZYPZY,1.57298087672336,1.39718266722074,1.27896883284926
5549-ZGHFB,0.717853238602722,-1.3231790220512,-0.661003705729825
7577-SWIFR,-1.27744458367877,0.813891920162435,-0.176010571085054
0303-WMMRN,-1.11456312879864,-1.51262388007014,-1.1459968403746
6408-OTUBZ,1.36937905812321,1.32240180221327,1.76396196749403
5204-HMGYF,0.677132874882691,0.745758243155624,1.76396196749403
1078-TDCRN,-1.1960038562387,-1.13041057003193,-1.1459968403746
3727-OVPRY,1.36937905812321,-1.29825206704871,-0.661003705729825
3797-FKOGQ,-0.870240946478462,0.712522303152301,-0.176010571085054
7622-NXQZR,-0.177994763237946,-1.15201393103409,-1.1459968403746
6196-HBOBZ,1.32865869440318,1.14957491419599,1.27896883284926
3970-XGJDU,1.20649760324309,-1.5142856770703,-1.1459968403746
7017-VFULY,-1.23672421995873,-1.48437333106731,-1.1459968403746
5562-YJQGT,-1.23672421995873,-1.47606434606648,-1.1459968403746
8807-OPMBM,0.921455057202873,-1.29991386404887,-0.661003705729825
5439-WIKXB,0.351369965122448,0.990042402180044,0.308982563559717
9874-QLCLH,-0.62591876415828,1.31076922321211,1.27896883284926
8294-UIMBA,-0.0965540357978854,0.985057011179546,0.308982563559717
8109-YUOHE,-0.62591876415828,-0.287879490947705,-0.176010571085054
5840-NVDCG,-0.66663912787831,0.115937180092663,0.793975698204488
8092-NLTGF,1.61370124044339,-1.32982621005186,-0.661003705729825
5928-QLDHB,-0.951681673918523,0.381824700119243,-0.661003705729825
9840-EFJQB,-1.27744458367877,0.31867641411293,-0.661003705729825
0696-UKTOX,-0.381596581838098,-0.352689573954184,-0.176010571085054
4801-KFYKL,-0.992402037638553,-1.50597669206947,-1.1459968403746
3472-OAOOR,-0.544478036718219,-0.990819622017975,-0.661003705729825
6135-OZQVA,-1.03312240135858,-0.369307543955845,-0.176010571085054
8062-YBDOE,-1.27744458367877,0.162467496097315,-1.1459968403746
2252-JHJGE,1.16577723952306,1.30412203521144,1.27896883284926
4188-PCPIG,1.00289578464293,0.18573265409964,0.793975698204488
6000-APYLU,-0.951681673918523,0.53304822713436,-0.661003705729825
7105-BENQF,-0.707359491598341,0.00293498408136655,0.308982563559717
7721-DVEKZ,-1.27744458367877,-1.49932950406881,-1.1459968403746
3566-VVORZ,-0.829520582758432,-0.626886078981594,-1.1459968403746
9507-HSMMZ,0.880734693482843,-1.48769692506765,-1.1459968403746
2480-SQIOB,-1.15528349251868,-0.663445612985249,-1.1459968403746
0947-IDHRQ,-1.03312240135858,0.516430257132699,-0.661003705729825
7813-TKCVO,-0.503757672998189,-1.47606434606648,-1.1459968403746
0128-MKWSG,-0.259435490678007,-0.630209672981926,-0.176010571085054
3672-YITQD,0.147768146522297,0.642726829145324,-0.176010571085054
4350-ZTLPI,0.840014329762813,1.46863993822789,1.76396196749403
9048-JVYVF,-1.1960038562387,0.152496714096318,0.308982563559717
0361-HJRDX,1.45081978556327,-0.0136829859202947,1.27896883284926
5727-MYATE,1.61370124044339,0.865407627167585,2.2489551021388
3823-KYNQY,-0.829520582758432,-1.3231790220512,-0.661003705729825
8988-ECPJR,0.066327419082236,0.493165099130373,-0.176010571085054
7570-WELNY,1.45081978556327,0.662668393147318,0.308982563559717
3021-VLNRJ,0.717853238602722,0.200688827101135,0.793975698204488
3776-EKTKM,-1.27744458367877,-0.940965712012991,-1.1459968403746
2080-CAZNM,0.351369965122448,1.31741641121277,1.27896883284926
1028-FFNJK,-0.0965540357978854,1.22103218520313,0.793975698204488
6907-FLBER,-1.27744458367877,-0.347704182953685,-0.176010571085054
3001-UNBTL,-0.137274399517916,1.30246023821128,0.793975698204488
5982-PSMKW,-0.381596581838098,0.875378409168581,2.2489551021388
3507-GASNP,1.12505687580303,-1.48935872206781,-1.1459968403746
7096-ZNBZI,1.61370124044339,-1.27332511204622,-0.661003705729825
1902-XBTFB,-0.422316945558128,0.818877311162933,0.308982563559717
1676-MQAOA,1.61370124044339,0.343603369115422,1.27896883284926
0786-IVLAW,1.36937905812321,1.44038938922506,1.27896883284926
7566-DSRLQ,1.61370124044339,1.50852306623187,1.76396196749403
0643-OKLRP,0.595692147442631,0.518092054132865,-0.176010571085054
7245-JMTTQ,0.758573602322752,1.55339158523636,1.76396196749403
6050-IJRHS,1.53226051300333,1.38721188521975,1.27896883284926
6202-JVYEU,-0.951681673918523,-1.49102051906798,-1.1459968403746
8591-TKMZH,1.084336512083,1.54009720923503,1.76396196749403
0734-OXWBT,-1.1960038562387,0.197365233100803,0.308982563559717
4282-ACRXS,0.229208873962357,-1.32650261605153,-1.63098997501937
0365-TRTPY,0.188488510242327,0.878702003168914,0.793975698204488
7349-ALMUX,0.188488510242327,0.0278619390838584,0.793975698204488
9381-NDKME,-0.340876218118068,-0.801374763999037,-0.661003705729825
6502-KUGLL,-0.748079855318371,-0.176539091936574,0.308982563559717
1841-YSJGV,1.61370124044339,1.50187587823121,1.76396196749403
2794-XIMMO,0.840014329762813,-0.143303151933252,0.793975698204488
8382-SHQEH,-0.992402037638553,0.669315581147982,-0.176010571085054
3511-BFTJW,1.61370124044339,-0.87283203500618,-0.176010571085054
7668-XCFYV,-0.62591876415828,0.923570522173399,0.308982563559717
2983-ZANRP,-1.23672421995873,0.292087662110272,-0.661003705729825
7845-URHJN,-0.992402037638553,-1.48271153406715,-1.1459968403746
3034-ZBEQN,0.636412511162661,-0.999128607018805,-0.661003705729825
5018-HEKFO,-0.910961310198492,-1.33813519505269,-0.661003705729825
2923-ARZLG,-1.3181649473988,-1.49766770706864,-1.1459968403746
3976-NLDEZ,-1.27744458367877,-1.46775536106565,-1.1459968403746
2282-YGNOR,-0.137274399517916,-0.224731204941392,0.308982563559717
5336-UFNZP,1.32865869440318,1.4187860282229,1.27896883284926
6854-EXGSF,-0.992402037638553,0.0245383450835263,0.793975698204488
1241-EZFMJ,1.16577723952306,-1.30656105204954,-0.661003705729825
9233-PSYHO,0.51425142000257,1.17616366619865,0.793975698204488
5376-PCKNB,1.61370124044339,1.31907820821294,1.27896883284926
8044-BGWPI,-0.829520582758432,-1.44947559406383,-1.1459968403746
4060-LDNLU,-1.03312240135858,1.04488170318553,0.308982563559717
3589-PPVKW,-0.951681673918523,-0.676739988986578,-1.1459968403746
8327-LZKAS,0.432810692562509,1.42210962222324,1.27896883284926
5887-IKKYO,1.04361614836296,0.983395214179379,0.793975698204488
1075-BGWOH,-0.66663912787831,1.129633350194,0.793975698204488
1755-RMCXH,-1.23672421995873,-1.47772614306665,-1.1459968403746
0302-JOIVN,-0.992402037638553,1.20939960620197,0.793975698204488
3858-XHYJO,0.310649601402418,1.36228493021726,1.27896883284926
4299-SIMNS,-0.951681673918523,0.544680806135523,-0.176010571085054
7025-IWFHT,0.351369965122448,0.823862702163431,0.308982563559717
6261-LHRTG,-0.259435490678007,-0.33274800995219,-0.176010571085054
7841-FCRQD,0.0256070553622056,-0.365983949955513,-0.176010571085054
2056-EVGZL,1.45081978556327,1.36228493021726,1.27896883284926
8777-MBMTS,1.32865869440318,1.36560852421759,1.27896883284926
7753-USQYQ,0.921455057202873,-0.0186683769207928,0.308982563559717
5366-IJEQJ,-0.503757672998189,0.795612153160608,0.308982563559717
7661-CPURM,-0.544478036718219,0.762376213157285,-0.176010571085054
6233-HXJMX,0.51425142000257,0.815553717162601,0.308982563559717
5902-WBLSE,1.53226051300333,-1.48271153406715,-1.1459968403746
1981-INRFU,-1.23672421995873,0.498150490130871,-0.661003705729825
4971-PUYQO,-0.218715126957977,0.990042402180044,0.308982563559717
3239-TPHPZ,-0.829520582758432,-1.48603512806748,-1.1459968403746
5115-GZDEL,1.61370124044339,0.0810394430891746,1.27896883284926
3338-CVVEH,-0.829520582758432,0.990042402180044,0.308982563559717
8485-GJCDN,-1.11456312879864,0.142525932095321,-1.1459968403746
2615-YVMYX,1.57298087672336,1.42044782522307,1.76396196749403
2851-STERV,0.107047782802266,0.273807895108445,0.793975698204488
4393-GEADV,1.53226051300333,1.66140839024716,2.2489551021388
8486-AYEQH,-0.0558336720778551,0.375177512118578,-0.661003705729825
1527-SXDPN,0.799293966042782,1.04654350018569,0.793975698204488
6029-WTIPC,0.188488510242327,1.20773780920181,0.793975698204488
8634-CILSZ,1.4915401492833,1.32738719321377,1.27896883284926
5419-JKZNQ,-0.0965540357978854,0.436664001124725,-0.661003705729825
2495-KZNFB,0.0256070553622056,0.860422236167086,0.308982563559717
1409-PHXTF,0.880734693482843,1.51849384823287,1.76396196749403
4560-WQAQW,1.084336512083,0.130893353094158,0.793975698204488
9591-YVTEB,0.921455057202873,-0.661783815985083,-0.176010571085054
9309-BZGNT,1.4915401492833,-1.16198471303509,-1.1459968403746
4274-DRSQT,1.36937905812321,0.802259341161272,0.308982563559717
2027-DNKIV,0.188488510242327,-0.1998042499389,0.308982563559717
8075-GXIUB,-0.951681673918523,-1.49268231606814,-1.1459968403746
2885-HIJDH,1.4915401492833,0.735787461154627,1.76396196749403
5424-RLQLC,-0.910961310198492,-0.16989190393591,-0.176010571085054
6682-QJDGB,0.310649601402418,-0.316130039950529,-0.176010571085054
6507-DTJZV,-0.788800219038401,0.0544506910865167,-0.176010571085054
8780-IXSTS,-1.07384276507861,0.842142469165259,0.308982563559717
7673-BQGKU,1.4915401492833,-1.48271153406715,-1.1459968403746
6723-WSNTY,1.36937905812321,1.44038938922506,1.76396196749403
9530-EHPOH,-0.870240946478462,-0.365983949955513,-0.176010571085054
2725-IWWBA,0.5549717837226,-0.261290738945047,0.308982563559717
0345-HKJVM,-1.07384276507861,0.815553717162601,-0.176010571085054
1061-PNTHC,0.962175420922904,1.49024329923005,1.76396196749403
0394-YONDK,1.53226051300333,-1.31653183405053,-0.661003705729825
6574-MCOEH,0.0256070553622056,0.478208926128878,1.27896883284926
7399-QHBJS,1.61370124044339,0.0660832700876794,0.793975698204488
3049-SOLAY,-1.1960038562387,1.0116457631822,0.308982563559717
0997-YTLNY,-0.544478036718219,-0.530501852971959,-0.661003705729825
3317-HRTNN,-1.11456312879864,-0.633533266982258,-0.661003705729825
9479-HYNYL,1.57298087672336,0.529724633134028,1.27896883284926
3235-ETOOB,-0.992402037638553,0.323661805113429,-0.661003705729825
9708-KFDBY,-1.27744458367877,-1.46941715806582,-1.1459968403746
8058-INTPH,-1.27744458367877,0.494826896130539,-0.661003705729825
3642-GKTCT,1.16577723952306,1.67304096924832,2.2489551021388
0774-RMNUW,1.57298087672336,-0.168230106935744,0.793975698204488
1334-PDUKM,1.45081978556327,0.720831288153132,0.308982563559717
0756-MPZRL,0.5549717837226,-1.03236454702213,-0.661003705729825
2242-MFOTG,0.0256070553622056,0.509783069132034,-0.176010571085054
2927-CVULT,0.840014329762813,1.30578383221161,1.76396196749403
2144-BFDSO,0.717853238602722,1.46199275022722,1.76396196749403
8745-PVESG,1.00289578464293,-0.786418590997542,-0.176010571085054
7647-GYYKX,0.880734693482843,-1.47606434606648,-1.1459968403746
5647-FXOTP,1.12505687580303,1.36727032121775,1.27896883284926
5569-OUICF,-0.177994763237946,1.21438499720247,0.793975698204488
8821-XNHVZ,-1.27744458367877,0.508121272131868,-0.661003705729825
2082-OJVTK,-0.137274399517916,0.812230123162269,0.308982563559717
9700-ISPUP,-0.910961310198492,0.0245383450835263,0.308982563559717
9839-ETQOE,0.432810692562509,-0.808021951999701,-0.176010571085054
6078-VESFR,-0.788800219038401,0.189056248099973,-1.1459968403746
9027-TMATR,0.432810692562509,0.466576347127715,1.27896883284926
5940-NFXKV,-0.544478036718219,0.627770656143829,-0.176010571085054
1941-HOSAM,-1.27744458367877,0.842142469165259,-0.176010571085054
9110-HSGTV,1.4915401492833,0.587887528139842,1.27896883284926
0704-VCUMB,1.16577723952306,-1.47938794006682,-1.1459968403746
6171-ZTVYB,0.432810692562509,0.0494653000860182,0.793975698204488
8053-WWDRO,-1.07384276507861,-1.50431489506931,-1.1459968403746
9564-KCLHR,-1.27744458367877,-0.449073799963819,-0.661003705729825
1935-IMVBB,0.962175420922904,0.82884809316393,-0.176010571085054
2535-PBCGC,1.53226051300333,-0.00703579791963009,1.27896883284926
2082-CEFLT,-1.27744458367877,-0.636856860982591,-1.1459968403746
1470-PSXNM,0.677132874882691,0.960130056177054,0.793975698204488
1213-NGCUN,-1.07384276507861,-0.502251303969135,-0.661003705729825
2498-XLDZR,-0.0151133083578247,0.293749459110438,1.27896883284926
9866-OCCKE,1.61370124044339,1.49522869023054,1.76396196749403
5338-YHWYT,0.188488510242327,-0.11006721192993,0.308982563559717
7718-UPSKJ,1.4915401492833,1.38388829121942,1.27896883284926
8731-WBBMB,-0.259435490678007,0.569607761138015,1.27896883284926
1448-CYWKC,1.04361614836296,1.34400516321543,1.27896883284926
7901-IIDQV,-0.340876218118068,-0.337733400952688,-0.176010571085054
2690-DVRVK,-1.11456312879864,-1.46941715806582,-1.1459968403746
5688-KZTSN,-0.707359491598341,-1.48769692506765,-1.1459968403746
1270-XKUCC,-0.0965540357978854,-1.49766770706864,-1.1459968403746
0334-ZFJSR,0.921455057202873,0.0428181120853536,0.793975698204488
2894-QOJRX,-0.300155854398037,-1.02239376502113,-1.1459968403746
5747-PMBSQ,-0.910961310198492,0.921908725173233,0.793975698204488
5583-EJXRD,0.473531056282539,-0.356013167954516,0.793975698204488
4565-EVZMJ,0.595692147442631,-0.194818858938402,0.308982563559717
3143-JQEGI,-0.788800219038401,0.783979574159444,-0.176010571085054
6386-SZZKH,0.677132874882691,1.43540399822456,1.76396196749403
3327-YBAKM,1.28793833068315,1.06814686118785,0.793975698204488
9441-QHEVC,-1.27744458367877,-1.51760927107064,-1.1459968403746
6705-LNMDD,-0.503757672998189,-0.490618724967972,-0.661003705729825
2580-ASVVY,0.188488510242327,-0.643504048983255,-0.176010571085054
3370-GQEAL,-0.0965540357978854,0.68759534814981,-0.176010571085054
5032-USPKF,0.229208873962357,0.642726829145324,1.76396196749403
2982-IHMFT,-1.27744458367877,0.322000008113263,-0.661003705729825
3521-SYVOR,0.188488510242327,-0.000388609918965505,-0.176010571085054
4254-QPEDE,0.799293966042782,0.0494653000860182,1.27896883284926
6283-GITPX,1.57298087672336,0.403428061121403,1.27896883284926
9526-JAWYF,-0.259435490678007,0.832171687164262,0.308982563559717
0771-CHWSK,1.36937905812321,0.326985399113761,1.27896883284926
9788-HNGUT,1.61370124044339,1.73452745825447,2.2489551021388
9495-REDIY,-0.300155854398037,-0.801374763999037,-0.661003705729825
5375-XLDOF,1.4915401492833,1.64811401424583,2.2489551021388
1172-VIYBP,0.840014329762813,0.164129293097481,0.793975698204488
5649-VUKMC,-0.829520582758432,1.0216165451832,0.308982563559717
6559-PDZLR,-0.259435490678007,1.12630975619367,0.793975698204488
8992-OBVDG,-0.463037309278159,-0.103420023929265,-0.176010571085054
4273-MBHYA,-1.27744458367877,0.817215514162767,-0.176010571085054
4724-WXVWF,0.636412511162661,1.01829295118287,0.793975698204488
5701-GUXDC,-0.259435490678007,-0.97586344901648,-0.661003705729825
1460-UZPRJ,1.12505687580303,-1.48935872206781,-1.1459968403746
6082-GLJIX,-0.58519840043825,-1.51262388007014,-1.1459968403746
5143-EGQFK,-0.910961310198492,-1.16697010403558,-1.1459968403746
4919-IKATY,-1.11456312879864,0.656021205146653,0.308982563559717
2495-TTHBQ,-1.15528349251868,-1.47440254906632,-1.1459968403746
0485-ZBSLN,1.32865869440318,-1.32982621005186,-0.661003705729825
3810-PJUHR,1.53226051300333,-1.30988464604987,-0.661003705729825
9050-QLROH,-0.58519840043825,0.862084033167252,0.308982563559717
0847-HGRML,1.20649760324309,-1.48769692506765,-1.1459968403746
8232-CTLKO,1.36937905812321,-0.166568309935578,-0.176010571085054
9227-YBAXE,1.32865869440318,0.589549325140008,1.76396196749403
6168-WFVVF,-1.1960038562387,0.184070857099474,-1.1459968403746
9860-LISIZ,0.066327419082236,-1.47606434606648,-1.1459968403746
0112-QAWRZ,-0.66663912787831,0.865407627167585,0.308982563559717
0877-SDMBN,0.880734693482843,1.30246023821128,1.27896883284926
2786-GCDPI,0.717853238602722,1.3356961782146,1.27896883284926
4043-MKDTV,1.57298087672336,1.34566696021559,1.27896883284926
8065-YKXKD,-0.910961310198492,0.331970790114259,-0.661003705729825
9637-EIHEQ,-1.27744458367877,-0.464029972965314,-0.661003705729825
9229-RQABD,-0.58519840043825,-1.36306215005519,-0.661003705729825
8313-KTIHG,-1.15528349251868,-0.115052602930428,-0.176010571085054
5320-BRKGK,1.04361614836296,0.366868527117748,1.27896883284926
6284-KMNUF,0.962175420922904,1.10470639519151,0.793975698204488
9689-PTNPG,-1.23672421995873,0.514768460132533,-0.661003705729825
9465-RWMXL,-0.0151133083578247,0.469899941128048,-0.176010571085054
6229-UOLQL,0.962175420922904,-0.424146844961327,0.308982563559717
2362-IBOOY,0.147768146522297,0.664330190147484,-0.176010571085054
3137-LUPIX,-1.15528349251868,-0.0120211889201282,0.308982563559717
0843-WTBXE,0.840014329762813,0.68759534814981,-0.176010571085054
6143-JQKEA,-0.910961310198492,-0.630209672981926,-1.1459968403746
8676-OOQEJ,-1.15528349251868,-1.13871955503276,-1.1459968403746
5515-IDEJJ,-1.27744458367877,-1.49102051906798,-1.1459968403746
9701-CDXHR,0.758573602322752,0.145849526095653,-1.1459968403746
7450-NWRTR,-0.829520582758432,1.15289850819632,0.793975698204488
8124-NZVGJ,-1.07384276507861,-0.515545679970464,-0.176010571085054
2162-FRZAA,1.24721796696312,-0.844581486003356,-0.176010571085054
5376-DEQCP,-1.27744458367877,0.194041639100471,-1.1459968403746
5118-MUEYH,0.636412511162661,1.3406815692151,1.27896883284926
9095-HFAFX,-1.11456312879864,0.539695415135025,-0.661003705729825
5627-TVBPP,0.107047782802266,-1.48437333106731,-1.1459968403746
2379-ENZGV,-1.07384276507861,0.667653784147816,-0.176010571085054
3936-QQFLL,-1.23672421995873,-1.49600591006848,-1.1459968403746
2589-AYCRP,0.717853238602722,-1.49600591006848,-1.1459968403746
4067-HLYQI,0.0256070553622056,0.187394451099807,-1.1459968403746
5124-EOGYE,-0.0558336720778551,-1.47274075206615,-1.1459968403746
5057-RKGLH,-0.951681673918523,-1.47606434606648,-1.1459968403746
0292-WEGCH,0.880734693482843,0.712522303152301,1.76396196749403
8910-ICHIU,0.5549717837226,1.0266019361837,0.793975698204488
4097-YODCF,0.066327419082236,1.29747484721078,1.27896883284926
9715-WZCLW,1.57298087672336,1.07811764318885,0.793975698204488
9786-YWNHU,1.24721796696312,-0.0402717379229526,0.793975698204488
6407-GSJNL,0.758573602322752,-1.3231790220512,-0.661003705729825
6005-OBZPH,-0.259435490678007,0.810568326162103,0.308982563559717
4049-ZPALD,1.28793833068315,1.13794233519483,0.793975698204488
7932-WPTDS,-1.27744458367877,-1.3281644130517,-1.63098997501937
3733-UOCWF,1.16577723952306,0.690918942150142,0.308982563559717
6833-JMZYP,-0.707359491598341,0.971762635178217,0.308982563559717
2722-VOJQL,1.28793833068315,1.35896133621692,1.27896883284926
1310-QRITU,-0.58519840043825,-0.480647942966975,-0.661003705729825
8961-QDZZJ,1.00289578464293,1.00499857518154,0.308982563559717
9715-SBVSU,-0.748079855318371,-0.111729008930096,0.308982563559717
8490-BXHEO,-0.58519840043825,0.524739242133529,-0.176010571085054
7173-TETGO,1.61370124044339,0.456605565126718,-0.176010571085054
7929-SKFGK,1.53226051300333,1.64645221724566,2.2489551021388
2300-RQGOI,0.229208873962357,-1.48603512806748,-1.1459968403746
3563-SVYLG,1.45081978556327,-0.0701840839259427,0.793975698204488
5228-EXCET,-0.788800219038401,0.534710024134526,-0.661003705729825
6435-VWCCY,1.32865869440318,0.928555913173897,0.793975698204488
4998-IKFSE,-0.0965540357978854,1.18613444819965,0.793975698204488
8630-QSGXK,0.758573602322752,0.346926963115754,0.793975698204488
2455-USLMV,-0.0558336720778551,0.664330190147484,0.308982563559717
7394-FKDNK,-0.951681673918523,0.820539108163099,-0.176010571085054
9488-FVZCC,1.61370124044339,0.489841505130041,1.76396196749403
6331-LWDTQ,-0.910961310198492,0.245557346105621,0.308982563559717
5995-WWKKG,0.188488510242327,-1.49434411306831,-1.1459968403746
1597-FZREH,-1.23672421995873,0.386810091119741,0.793975698204488
7879-CGSFV,0.921455057202873,1.20109062120114,0.793975698204488
9921-EZKBY,0.0256070553622056,1.01496935718254,0.793975698204488
7432-FFVAR,0.5549717837226,0.870393018168083,0.308982563559717
7246-ZGQDF,-1.27744458367877,-0.341056994953021,-0.176010571085054
7000-WCEVQ,-0.503757672998189,-0.105081820929431,-0.176010571085054
0727-IWKVK,-0.951681673918523,0.50313588113137,-0.176010571085054
5959-BELXA,-0.0151133083578247,1.04321990618536,0.308982563559717
4456-RHSNB,-0.544478036718219,-0.503913100969301,-0.661003705729825
3512-IZIKN,1.53226051300333,0.0178911570828618,0.793975698204488
2481-SBOYW,1.16577723952306,-1.32151722505103,-0.661003705729825
7109-MFBYV,-0.259435490678007,-0.641842251983089,-1.1459968403746
1833-TCXKK,0.51425142000257,1.4287568102239,1.27896883284926
1832-PEUTS,1.20649760324309,0.808906529161936,0.308982563559717
6141-OOXUQ,-1.27744458367877,-1.49932950406881,-1.1459968403746
8660-BUETV,-1.1960038562387,-0.665107409985415,-1.1459968403746
0580-PIQHM,0.351369965122448,1.22435577920347,1.27896883284926
5696-CEIQJ,1.41009942184324,1.27587148620862,1.27896883284926
7503-ZGUZJ,-1.27744458367877,0.661006596147152,-0.176010571085054
1696-HXOWK,1.57298087672336,1.0266019361837,0.793975698204488
3026-ATZYV,0.188488510242327,0.343603369115422,0.793975698204488
4012-YCFAI,1.12505687580303,-0.113390805930262,0.308982563559717
2506-TNFCO,-1.27744458367877,0.159143902096982,-1.1459968403746
9970-QBCDA,-1.07384276507861,-1.49766770706864,-1.1459968403746
8718-PTMEZ,-0.788800219038401,-1.12043978803093,-1.1459968403746
9496-IVVRP,-0.870240946478462,-0.457382784964649,-0.661003705729825
2207-OBZNX,-1.03312240135858,-0.457382784964649,-0.661003705729825
2657-VPXTA,-0.910961310198492,0.800597544161106,-0.176010571085054
6551-VLJMV,0.066327419082236,-1.48603512806748,-1.1459968403746
1221-GHZEP,1.20649760324309,0.0112439690821972,0.308982563559717
9289-LBQVU,1.28793833068315,0.179085466098976,0.793975698204488
6142-VSJQO,-1.27744458367877,-0.678401785986744,-1.1459968403746
3458-IDMFK,-0.300155854398037,-1.46276997006515,-1.1459968403746
6933-FHBZC,-0.259435490678007,-0.289541287947871,-0.176010571085054
0221-NAUXK,-0.910961310198492,-1.48935872206781,-1.1459968403746
9770-KXGQU,0.840014329762813,1.1246479591935,1.27896883284926
6437-UKHMV,-1.03312240135858,0.496488693130705,-0.661003705729825
6538-POCHL,0.0256070553622056,0.47322353512838,-0.176010571085054
6726-NNFWD,1.57298087672336,0.820539108163099,0.308982563559717
3002-WQZWT,-0.137274399517916,0.313691023112432,-0.661003705729825
4277-UDIEF,-0.340876218118068,0.539695415135025,1.27896883284926
1208-NBVFH,-0.503757672998189,-0.503913100969301,-0.661003705729825
4912-PIGUY,-1.27744458367877,0.659344799146985,-0.176010571085054
1114-CENIM,0.880734693482843,-0.32443902495136,-0.176010571085054
6060-DRTNL,-1.11456312879864,0.667653784147816,-0.176010571085054
2725-TTRIQ,1.61370124044339,0.646050423145657,1.76396196749403
3374-TTZTK,0.799293966042782,1.38056469721908,1.76396196749403
8990-ZXLSU,-0.951681673918523,0.142525932095321,-1.1459968403746
2275-RBYQS,-1.27744458367877,-0.643504048983255,-1.1459968403746
8473-VUVJN,-1.27744458367877,0.295411256110605,-0.661003705729825
6289-CPNLD,0.0256070553622056,0.303720241111435,0.793975698204488
5536-SLHPM,0.921455057202873,0.431678610124226,-0.176010571085054
4419-UJMUS,1.4915401492833,1.14957491419599,0.793975698204488
7794-JASDG,-1.27744458367877,-0.46569176996548,-0.661003705729825
7609-YBPXG,0.880734693482843,0.742434649155291,1.76396196749403
5519-TEEUH,0.0256070553622056,-1.48271153406715,-1.1459968403746
7856-GANIL,0.51425142000257,1.12797155319383,1.27896883284926
0804-XBFBV,-0.870240946478462,-1.31487003705037,-1.63098997501937
2676-OXPPQ,-1.07384276507861,-0.301173866949034,-0.176010571085054
3703-TTEPD,-0.463037309278159,0.0195529540830278,0.308982563559717
2799-TSLAG,1.32865869440318,-1.31154644305004,-0.661003705729825
0196-VULGZ,-1.07384276507861,0.651035814146155,-0.176010571085054
8837-VVWLQ,-0.992402037638553,0.670977378148148,-0.176010571085054
2696-NARTR,-0.870240946478462,0.302058444111269,-0.661003705729825
2208-NKVVH,0.432810692562509,-1.34644418005352,-0.661003705729825
7614-QVWQL,0.677132874882691,-0.430794032961991,-0.176010571085054
1976-CFOCS,-1.27744458367877,-0.623562484981262,-1.1459968403746
4631-OACRM,-0.707359491598341,0.486517911129709,-0.661003705729825
7139-JZFVG,1.12505687580303,-0.141641354933086,0.308982563559717
4987-GQWPO,-0.62591876415828,-1.3181936310507,-1.63098997501937
3755-JBMNH,-0.66663912787831,0.233924767104458,-1.1459968403746
1757-TCATG,0.107047782802266,-1.48603512806748,-1.1459968403746
6345-ULYRW,0.473531056282539,0.785641371159611,0.308982563559717
4776-XSKYQ,-0.829520582758432,-1.14702854003359,-1.1459968403746
8048-DSDFQ,-1.27744458367877,-1.48104973706698,-1.1459968403746
5753-QQWPW,-0.177994763237946,-0.16158291893508,0.308982563559717
6010-DDPPW,1.53226051300333,-1.31653183405053,-0.661003705729825
1809-DMJHQ,-1.11456312879864,-0.623562484981262,-1.1459968403746
6693-FRIRW,-0.58519840043825,1.21438499720247,0.793975698204488
6586-MYGKD,1.53226051300333,0.405089858121569,1.27896883284926
3173-NVMPX,-0.951681673918523,-0.314468242950363,-0.176010571085054
0248-PGHBZ,1.41009942184324,0.920246928173067,0.793975698204488
0623-GDISB,-1.27744458367877,-0.542134431973122,-0.661003705729825
2892-GESUL,-0.58519840043825,-1.50930028606981,-1.1459968403746
6923-EFPNL,-1.15528349251868,-0.432455829962157,-0.661003705729825
7472-EQOAV,1.57298087672336,0.729140273153963,0.308982563559717
9574-RKJIF,-0.0965540357978854,0.985057011179546,0.793975698204488
2043-WVTQJ,-1.27744458367877,-0.301173866949034,-0.176010571085054
8034-RYTVV,0.921455057202873,0.647712220145823,0.308982563559717
3863-QSTYI,1.084336512083,-0.00371220391929756,0.308982563559717
2619-WFQWU,-1.27744458367877,0.179085466098976,-1.1459968403746
5044-LRQAQ,-1.03312240135858,0.147511323095819,-1.1459968403746
1716-LSAMB,0.51425142000257,-0.336071603952522,-0.176010571085054
1333-PBMXB,0.880734693482843,-1.32982621005186,-0.661003705729825
6546-OPBBH,0.758573602322752,-1.35641496205452,-0.661003705729825
5985-BEHZK,1.61370124044339,1.33735797521476,1.27896883284926
9127-QRZMH,0.473531056282539,-0.163244715935246,0.308982563559717
5919-VCZYM,-1.23672421995873,-1.48603512806748,-1.1459968403746
9644-KVCNC,1.36937905812321,0.91027614617207,0.308982563559717
2137-DQMEV,1.45081978556327,-0.663445612985249,-0.176010571085054
8174-LNWMW,-0.0558336720778551,-1.45778457906466,-1.1459968403746
9279-CJEOJ,-0.463037309278159,1.01829295118287,0.308982563559717
7964-VEXDG,-0.463037309278159,0.518092054132865,-0.176010571085054
2404-JIBFC,0.921455057202873,0.675962769148646,1.76396196749403
0778-NELLA,-0.951681673918523,-0.999128607018805,-1.1459968403746
8029-XYPWT,1.57298087672336,1.67137917224815,2.2489551021388
4614-NUVZD,-1.27744458367877,0.543019009135357,-0.661003705729825
4632-PAOYU,-0.422316945558128,-1.48935872206781,-1.1459968403746
3803-KMQFW,-1.27744458367877,-1.46941715806582,-1.1459968403746
6804-GDMOI,1.16577723952306,1.39053547922008,1.27896883284926
2990-OGYTD,1.41009942184324,0.710860506152135,1.76396196749403
6646-JPPHA,-0.748079855318371,0.468238144127881,-0.176010571085054
9572-MTILT,1.084336512083,1.39552087022058,1.76396196749403
7658-UYUQS,-0.463037309278159,0.724154882153464,-0.176010571085054
7880-XSOJX,-1.15528349251868,-0.743211868993223,-0.176010571085054
9611-CTWIH,-1.1960038562387,0.820539108163099,-0.176010571085054
4589-IUAJB,1.53226051300333,-1.34644418005352,-0.661003705729825
0329-GTIAJ,-1.1960038562387,1.10138280119117,0.793975698204488
8746-BFOAJ,-0.463037309278159,-1.47107895506598,-1.1459968403746
8457-XIGKN,-0.503757672998189,-1.50099130106898,-1.1459968403746
6072-NUQCB,-0.422316945558128,-1.47938794006682,-1.1459968403746
6629-CZTTH,-1.27744458367877,-0.301173866949034,-0.661003705729825
8838-GPHZP,1.24721796696312,-1.46775536106565,-1.1459968403746
8750-QWZAJ,1.53226051300333,-1.49434411306831,-1.1459968403746
5364-EVNIB,-0.788800219038401,0.499812287131037,-0.176010571085054
6918-UMQCG,-1.11456312879864,0.513106663132367,-0.661003705729825
0675-NCDYU,1.61370124044339,1.71624769125264,2.2489551021388
6339-DKLMK,-0.788800219038401,-1.10049822402894,-1.1459968403746
1346-PJWTK,1.16577723952306,0.976748026178715,0.793975698204488
5088-QZLRL,-1.27744458367877,-1.46609356406549,-1.1459968403746
8023-QHAIO,0.962175420922904,0.401766264121236,-0.176010571085054
4397-FRLTA,-1.15528349251868,-1.48271153406715,-1.1459968403746
3057-VJJQE,0.107047782802266,-0.316130039950529,-0.176010571085054
5087-SUURX,-0.58519840043825,-0.854552268004353,-0.661003705729825
2302-OUZXB,1.61370124044339,0.577916746138846,1.27896883284926
8133-ANHHJ,0.677132874882691,1.27088609520812,1.76396196749403
2270-CHBFN,0.473531056282539,1.00832216918187,1.27896883284926
0013-EXCHZ,-1.1960038562387,0.63607964114466,-0.176010571085054
5982-FPVQN,0.188488510242327,1.00998396618204,0.793975698204488
9107-UKCKY,1.16577723952306,0.499812287131037,1.27896883284926
4654-ULTTN,1.53226051300333,0.333632587114425,1.27896883284926
5550-VFRLC,-1.27744458367877,0.169114684097979,-1.1459968403746
5546-BYZSM,0.351369965122448,-1.47274075206615,-1.1459968403746
1492-KGETH,1.53226051300333,0.45162017412622,1.76396196749403
4929-BSTRX,-1.27744458367877,-0.372631137956177,-0.661003705729825
4163-HFTUK,0.758573602322752,-1.51760927107064,-1.1459968403746
8215-NGSPE,0.392090328842479,-1.48769692506765,-1.1459968403746
2225-ZRGSG,1.53226051300333,0.968439041177884,1.27896883284926
8859-YSTWS,0.636412511162661,-1.48935872206781,-1.1459968403746
5271-YNWVR,1.45081978556327,1.60823088624184,2.2489551021388
7601-DHFWZ,0.636412511162661,-1.35475316505436,-0.661003705729825
2657-ALMWY,-0.259435490678007,0.670977378148148,-0.176010571085054
6330-JKLPC,-0.870240946478462,0.523077445133363,-0.176010571085054
4667-OHGKG,-1.27744458367877,-1.51096208306997,-1.1459968403746
1998-VHJHK,-0.218715126957977,-1.51594747407047,-1.1459968403746
1707-HABPF,0.5549717837226,0.882025597169246,0.308982563559717
1660-HSOOQ,-1.27744458367877,-0.502251303969135,-0.661003705729825
7253-UVNDW,0.5549717837226,-0.346042385953519,-0.176010571085054
0487-VVUVK,-0.300155854398037,-1.51594747407047,-1.1459968403746
7228-OMTPN,-1.15528349251868,0.787303168159777,-0.176010571085054
5063-IUOKK,-0.788800219038401,-1.49600591006848,-1.1459968403746
4508-OEBEY,-0.0558336720778551,0.356897745116751,1.27896883284926
0027-KWYKW,-0.381596581838098,0.631094250144161,-0.176010571085054
2308-STERM,-1.23672421995873,-1.50763848906964,-1.1459968403746
5982-XMDEX,1.32865869440318,-1.27166331504605,-0.661003705729825
6284-AHOOQ,-0.422316945558128,0.855436845166588,0.308982563559717
6051-PTVNS,0.921455057202873,-1.51594747407047,-1.1459968403746
2344-JMOGN,-0.951681673918523,1.00001318418104,0.793975698204488
3799-ISUZQ,-1.03312240135858,0.172438278098311,-1.1459968403746
2877-VDUER,0.107047782802266,-0.793065778998206,-0.661003705729825
9152-AMKAK,-1.07384276507861,0.514768460132533,1.27896883284926
1794-HBQTJ,-1.27744458367877,-0.537149040972623,-0.661003705729825
9432-VOFYX,-0.62591876415828,0.200688827101135,-1.1459968403746
8049-WJCLQ,-0.910961310198492,-0.151612136934083,-0.176010571085054
6586-PSJOX,-0.707359491598341,-0.317791836950695,-0.176010571085054
2460-FPSYH,0.310649601402418,-0.297850272948702,0.308982563559717
9705-ZJBCG,-0.788800219038401,-0.352689573954184,-0.176010571085054
4818-DRBQT,-0.137274399517916,0.511444866132201,-0.176010571085054
1320-HTRDR,-1.1960038562387,0.356897745116751,-0.661003705729825
6847-KJLTS,1.04361614836296,1.18447265119948,0.793975698204488
9670-BPNXF,0.51425142000257,-0.073507677926275,0.308982563559717
3913-FCUUW,1.61370124044339,0.189056248099973,1.27896883284926
3301-VKTGC,1.45081978556327,0.689257145149976,0.308982563559717
1493-AMTIE,-1.27744458367877,-1.48104973706698,-1.1459968403746
9555-SAHUZ,0.229208873962357,-0.341056994953021,-0.176010571085054
0816-TSPHQ,-1.23672421995873,-1.46276997006515,-1.1459968403746
9932-WBWIK,-0.870240946478462,-1.47606434606648,-1.1459968403746
4619-EVPHY,-0.503757672998189,0.872054815168249,-0.176010571085054
5286-YHCVC,1.61370124044339,1.3307107872141,1.27896883284926
6424-ELEYH,-1.1960038562387,0.331970790114259,-0.661003705729825
4391-RESHN,-0.381596581838098,1.30578383221161,1.27896883284926
9115-YQHGA,0.310649601402418,-0.454059190964317,-0.661003705729825
4462-CYWMH,1.20649760324309,0.832171687164262,0.308982563559717
8963-MQVYN,-0.422316945558128,-1.46941715806582,-1.1459968403746
2458-EOMRE,-0.870240946478462,-0.0236537679212913,0.308982563559717
9334-GWGOW,-1.03312240135858,0.335294384114591,-0.661003705729825
6821-BUXUX,-0.788800219038401,1.05983787618702,0.793975698204488
5028-HTLJB,-1.27744458367877,-1.48603512806748,-1.1459968403746
9801-GDWGV,0.269929237682388,1.28584226820961,1.27896883284926
6542-LWGXJ,-1.1960038562387,-1.32151722505103,-1.63098997501937
5567-GZKQY,1.04361614836296,-1.47772614306665,-1.1459968403746
1222-LRYKO,-1.07384276507861,-1.27664870604655,-0.661003705729825
2320-JRSDE,-1.27744458367877,-1.49102051906798,-1.1459968403746
2087-QAREY,-0.422316945558128,-0.334409806952356,-0.176010571085054
0601-WZHJF,-0.748079855318371,-0.611929905980099,-0.661003705729825
4423-JWZJN,1.28793833068315,0.847127860165757,0.308982563559717
5143-WMWOG,-1.27744458367877,-1.48935872206781,-1.1459968403746
6490-FGZAT,-1.07384276507861,-1.46609356406549,-1.1459968403746
5393-RXQSZ,-1.27744458367877,0.493165099130373,-0.661003705729825
7452-FOLON,0.269929237682388,-1.30656105204954,-0.661003705729825
2320-TZRRH,-0.503757672998189,-1.50431489506931,-1.1459968403746
0231-LXVAP,-1.27744458367877,0.37019212111808,-0.661003705729825
9444-JTXHZ,-1.27744458367877,0.380162903119077,-0.661003705729825
4942-VZZOM,1.28793833068315,0.0461417060856861,0.308982563559717
5510-BOIUJ,-1.27744458367877,-1.51262388007014,-1.1459968403746
7502-BNYGS,0.5549717837226,0.144187729095487,0.308982563559717
4291-HYEBC,-0.177994763237946,-0.852890471004187,-0.661003705729825
6147-CBCRA,0.0256070553622056,-1.48603512806748,-1.1459968403746
6047-SUHPR,0.269929237682388,-0.164906512935412,0.308982563559717
4471-KXAUH,0.392090328842479,0.649374017145989,0.308982563559717
9752-ZNQUT,-1.27744458367877,-0.537149040972623,-0.661003705729825
7638-QVMVY,-1.03312240135858,0.47322353512838,-0.661003705729825
1576-PFZIW,1.53226051300333,1.34899055421593,1.27896883284926
5666-MBJPT,1.32865869440318,-1.3181936310507,-0.661003705729825
7312-XSBAT,-1.27744458367877,-0.498927709968802,-0.661003705729825
3096-GKWEB,-0.58519840043825,0.996689590180708,0.308982563559717
2371-JQHZZ,-0.340876218118068,0.938526695174894,0.308982563559717
0674-GCDXG,1.24721796696312,0.23724836110479,1.27896883284926
1121-QSIVB,0.473531056282539,0.425031422123562,0.793975698204488
4396-KLSEH,-1.15528349251868,-1.49268231606814,-1.1459968403746
3244-DCJWY,-1.27744458367877,0.182409060099308,-1.1459968403746
2824-MYYBN,0.188488510242327,1.01330756018237,0.308982563559717
0875-CABNR,-0.910961310198492,0.659344799146985,-0.176010571085054
6345-HOVES,0.066327419082236,-1.31985542805087,-1.63098997501937
8318-LCNBW,0.107047782802266,-0.385925513957506,0.308982563559717
6469-QJKZW,-1.15528349251868,-1.48271153406715,-1.1459968403746
0147-ESWWR,0.269929237682388,1.2127232002023,0.793975698204488
1217-VASWC,0.432810692562509,1.18945804219998,0.793975698204488
7812-FZHPE,-0.62591876415828,-1.35142957105402,-0.661003705729825
6370-ZVHDV,1.16577723952306,-1.31154644305004,-0.661003705729825
5915-DGNVC,0.677132874882691,0.233924767104458,1.27896883284926
6260-XLACS,-1.15528349251868,-1.49766770706864,-1.1459968403746
3566-CAAYU,1.28793833068315,-0.49560411596847,0.308982563559717
4983-CCWMC,-1.1960038562387,0.160805699097148,-1.1459968403746
9103-CXVOK,-1.27744458367877,-1.49600591006848,-1.1459968403746
2896-TBNBE,0.310649601402418,0.53304822713436,-0.176010571085054
4797-AXPXK,-1.27744458367877,-0.158259324934747,0.308982563559717
5229-PRWKT,-0.992402037638553,0.724154882153464,-0.176010571085054
6982-UQZLY,-1.27744458367877,-1.45944637606482,-1.1459968403746
2522-WLNSF,0.066327419082236,-0.0186683769207928,0.308982563559717
3841-CONLJ,-1.27744458367877,-0.989157825017809,-1.1459968403746
5057-LCOUI,0.269929237682388,-0.46569176996548,-0.176010571085054
0193-ESZXP,1.04361614836296,1.35397594521643,1.27896883284926
4475-NVTLU,0.51425142000257,-1.5142856770703,-1.1459968403746
4369-HTUIF,-1.07384276507861,0.677624566148813,-0.176010571085054
9386-LDCZR,0.432810692562509,0.860422236167086,0.793975698204488
9585-KKMFD,0.351369965122448,-1.48769692506765,-1.1459968403746
5399-ZIMKF,-1.11456312879864,0.328647196113927,-0.661003705729825
0336-KXKFK,1.61370124044339,-0.11837619693076,0.793975698204488
5619-XZZKR,-1.15528349251868,-1.48935872206781,-1.1459968403746
3948-FVVRP,-0.951681673918523,-0.331086212952024,-0.176010571085054
5327-XOKKY,1.61370124044339,0.28876406810994,0.793975698204488
0983-TATYJ,0.0256070553622056,-0.442426611963154,-0.661003705729825
1813-JYWTO,1.61370124044339,0.521415648133197,-0.176010571085054
0156-FVPTA,-0.422316945558128,-0.351027776954017,-0.176010571085054
1984-FCOWB,1.53226051300333,1.48691970522971,1.76396196749403
0654-HMSHN,-0.463037309278159,1.31741641121277,1.27896883284926
6719-OXYBR,-0.707359491598341,0.682609957149311,-0.176010571085054
3312-ZWLGF,-0.137274399517916,0.483194317129376,-0.176010571085054
6476-YHMGA,-0.707359491598341,0.390133685120074,1.27896883284926
5287-QWLKY,1.57298087672336,1.3406815692151,1.27896883284926
0795-XCCTE,1.61370124044339,-1.3082228490497,-0.661003705729825
0168-XZKBB,-0.544478036718219,0.734125664154461,-0.176010571085054
3785-NRHYR,-1.27744458367877,-1.49932950406881,-1.1459968403746
5196-SGOAK,-1.27744458367877,0.363544933117415,-0.661003705729825
4537-DKTAL,-1.23672421995873,-0.638518657982757,-1.1459968403746
7072-MBHEV,-0.870240946478462,0.443311189125389,-0.176010571085054
5602-BVFMK,-0.829520582758432,-1.51096208306997,-1.1459968403746
6297-NOOPG,1.53226051300333,1.52015564523304,1.76396196749403
1891-UAWWU,-0.503757672998189,0.865407627167585,0.308982563559717
8204-TIFGJ,-0.381596581838098,-1.47772614306665,-1.1459968403746
8050-DVOJX,0.677132874882691,0.551327994136187,1.76396196749403
6108-OQZDQ,-1.15528349251868,1.10304459819134,0.793975698204488
0363-QJVFX,-0.0151133083578247,1.44205118622523,1.76396196749403
8903-XEBGX,-1.23672421995873,-0.314468242950363,-0.661003705729825
8169-SAEJD,1.4915401492833,-0.27292331794621,0.308982563559717
9840-DVNDC,-1.07384276507861,0.523077445133363,-0.661003705729825
1089-XZWHH,-0.340876218118068,-1.49766770706864,-1.1459968403746
2325-WINES,-0.0151133083578247,1.30578383221161,1.27896883284926
6064-ZATLR,-0.218715126957977,-0.395896295958503,-0.176010571085054
3096-JRDSO,-0.218715126957977,1.31409281721244,1.27896883284926
7824-PANSQ,1.04361614836296,0.528062836133862,-0.176010571085054
8042-JVNFH,-1.27744458367877,0.218968594102963,-1.1459968403746
9648-BCHKM,-0.58519840043825,-1.3331498040522,-0.661003705729825
2888-ADFAO,0.595692147442631,-1.44449020306333,-1.1459968403746
8707-HOEDG,1.53226051300333,1.51018486323204,1.76396196749403
3374-LXDEV,-0.788800219038401,0.818877311162933,0.793975698204488
4072-IPYLT,0.147768146522297,-0.455720987964483,-0.661003705729825
7167-PCEYD,1.41009942184324,-1.49434411306831,-1.1459968403746
4936-YPJNK,-0.910961310198492,-1.49102051906798,-1.1459968403746
1580-BMCMR,-0.544478036718219,0.749081837155956,-0.176010571085054
4817-KEQSP,1.57298087672336,-1.49268231606814,-1.1459968403746
6408-WHTEF,1.61370124044339,0.818877311162933,2.2489551021388
9251-AWQGT,0.636412511162661,-1.48769692506765,-1.1459968403746
8749-CLJXC,-1.27744458367877,-1.48603512806748,-1.1459968403746
7989-VCQOH,-0.58519840043825,0.6144762801425,1.27896883284926
5049-GLYVG,-1.27744458367877,-1.46775536106565,-1.1459968403746
4199-QHJNM,1.41009942184324,1.26756250120779,1.27896883284926
8882-TLVRW,1.4915401492833,-0.852890471004187,-0.176010571085054
5883-GTGVD,-0.544478036718219,1.16951647819798,0.793975698204488
5135-GRQJV,1.61370124044339,1.65309940524633,2.2489551021388
2384-OVPSA,0.229208873962357,-1.48104973706698,-1.1459968403746
1371-WEPDS,0.310649601402418,-0.297850272948702,-0.661003705729825
3580-GICBM,1.16577723952306,-1.34810597705369,-0.661003705729825
4817-QRJSX,-0.910961310198492,0.539695415135025,-0.176010571085054
9730-DRTMJ,-0.0151133083578247,0.26716070710778,0.793975698204488
4686-UXDML,-0.463037309278159,1.16619288419765,0.793975698204488
3349-ANQNH,1.084336512083,1.15456030519649,0.793975698204488
2398-YPMUR,-0.788800219038401,0.179085466098976,-1.1459968403746
0932-YIXYU,0.595692147442631,-1.47938794006682,-1.1459968403746
7480-SPLEF,1.4915401492833,-1.28828128504771,-0.661003705729825
7636-XUHWW,-1.23672421995873,-1.49102051906798,-1.1459968403746
1431-CYWMH,-0.422316945558128,-1.5192710680708,-1.1459968403746
5937-EORGB,-0.707359491598341,1.05485248518652,0.793975698204488
6349-JDHQP,0.840014329762813,-1.49268231606814,-1.1459968403746
5539-HIVAK,-0.177994763237946,-1.29825206704871,-0.661003705729825
5847-MXBEO,-0.422316945558128,-1.47772614306665,-1.1459968403746
9985-MWVIX,-1.27744458367877,0.179085466098976,-1.1459968403746
4583-PARNH,-0.66663912787831,0.890334582170076,0.308982563559717
1116-FRYVH,0.636412511162661,-0.84291968900319,-0.176010571085054
1421-HCERK,-0.0965540357978854,1.36062313321709,1.76396196749403
9633-XQABV,-1.1960038562387,0.182409060099308,-1.1459968403746
0716-BQNDX,1.00289578464293,0.963453650177386,0.793975698204488
1265-XTECC,1.45081978556327,1.05651428218669,0.793975698204488
1183-CANVH,-0.381596581838098,-0.158259324934747,-0.176010571085054
1972-XMUWV,1.32865869440318,-0.164906512935412,-0.176010571085054
8679-LZBMD,0.473531056282539,0.860422236167086,-0.176010571085054
3407-JMJQQ,1.57298087672336,1.47030173522805,1.76396196749403
6252-DFGTK,0.188488510242327,0.110951789092165,0.793975698204488
1539-LNKHM,-0.829520582758432,-1.47440254906632,-1.1459968403746
8645-KOMJQ,1.4915401492833,0.571269558138181,1.76396196749403
0289-IVARM,0.107047782802266,-0.13997955793292,0.308982563559717
9761-XUJWD,-1.11456312879864,0.0278619390838584,0.308982563559717
4057-FKCZK,1.04361614836296,0.589549325140008,-0.176010571085054
4291-TPNFG,1.61370124044339,0.582902137139344,1.76396196749403
6087-YPWHO,1.61370124044339,0.112613586092331,1.27896883284926
3090-QFUVD,-1.27744458367877,-1.47772614306665,-1.1459968403746
2237-ZFSMY,0.269929237682388,1.02327834218337,0.793975698204488
1722-LDZJS,0.840014329762813,-1.48104973706698,-1.1459968403746
1818-ESQMW,-0.218715126957977,0.812230123162269,0.308982563559717
4871-JTKJF,-1.27744458367877,0.162467496097315,-1.1459968403746
1415-YFWLT,-1.27744458367877,0.815553717162601,-0.176010571085054
7401-RUBNK,-0.58519840043825,0.333632587114425,-0.661003705729825
0506-YLVKJ,0.5549717837226,-1.48104973706698,-1.1459968403746
8661-BOYNW,1.61370124044339,0.652697611146321,1.76396196749403
6711-VTNRE,0.147768146522297,0.757390822156787,0.308982563559717
4815-GBTCD,-1.15528349251868,-1.31653183405053,-1.63098997501937
2805-AUFQN,-0.300155854398037,-1.49434411306831,-1.1459968403746
0980-PVMRC,0.310649601402418,-0.462368175965148,-0.176010571085054
7233-DRTRF,1.24721796696312,1.25094453120612,1.27896883284926
3500-RMZLT,-0.707359491598341,1.04820529718586,0.793975698204488
3873-NFTGI,-0.748079855318371,-0.307821054949698,-0.176010571085054
1162-ECVII,1.61370124044339,1.49522869023054,1.76396196749403
7048-GXDAY,0.269929237682388,1.38388829121942,1.27896883284926
8571-ZCMCX,0.595692147442631,-0.158259324934747,0.793975698204488
1169-WCVAK,-0.544478036718219,0.79893574716094,0.793975698204488
4548-SDBKE,-1.11456312879864,0.679286363148979,-0.176010571085054
8066-POXGX,-0.788800219038401,-0.985834231017476,-1.1459968403746
7129-CAKJW,-0.62591876415828,0.508121272131868,-0.176010571085054
8695-ARGXZ,0.066327419082236,0.358559542116917,-0.661003705729825
3570-YUEKJ,0.392090328842479,-0.505574897969467,-0.661003705729825
4143-OOBWZ,-1.11456312879864,0.549666197136021,-0.176010571085054
1555-HAPSU,1.57298087672336,-1.35807675905469,-0.661003705729825
1697-NVVGY,-0.544478036718219,0.0544506910865167,0.308982563559717
7854-EKTJL,-1.23672421995873,-1.50099130106898,-1.1459968403746
8464-EETCQ,1.00289578464293,-1.52758005307163,-1.1459968403746
2419-FSORS,1.61370124044339,1.45036017122606,1.76396196749403
8132-YPVBX,-1.07384276507861,0.704213318151471,-0.176010571085054
9102-IAYHT,-0.62591876415828,0.68759534814981,-0.176010571085054
6754-LZUKA,1.16577723952306,0.536371821134693,1.27896883284926
3422-LYEPQ,-1.27744458367877,0.2073360151018,-1.1459968403746
8099-MZPUJ,0.636412511162661,1.56336236723736,2.2489551021388
0787-LHDYT,-0.66663912787831,-1.46775536106565,-1.1459968403746
2642-DTVCO,-0.951681673918523,0.67430097214848,-0.176010571085054
0374-IOEGQ,-1.1960038562387,-0.670092800985913,-1.1459968403746
4361-JEIVL,-1.27744458367877,-0.676739988986578,-1.1459968403746
3197-NNYNB,1.32865869440318,1.3406815692151,1.27896883284926
3396-DKDEL,1.53226051300333,1.67470276624849,2.2489551021388
1752-OZXFY,1.12505687580303,-0.164906512935412,-0.176010571085054
9066-QRSDU,1.4915401492833,-1.27831050304671,-0.661003705729825
9112-WSNPU,0.107047782802266,0.192379842100305,-1.1459968403746
9867-NNXLC,-0.422316945558128,-1.48603512806748,-1.1459968403746
5321-NTRKC,1.36937905812321,0.501474084131204,1.27896883284926
1363-TXLSL,-1.27744458367877,0.184070857099474,-1.1459968403746
9507-EXLTT,-1.27744458367877,0.484856114129542,-0.661003705729825
3161-GETRM,0.066327419082236,0.840480672165093,0.308982563559717
0402-OAMEN,1.61370124044339,-1.33979699205286,-0.661003705729825
6933-VLYFX,-0.0558336720778551,-0.159921121934913,0.793975698204488
6754-WKSHP,-0.0965540357978854,-1.30988464604987,-0.661003705729825
9846-GKXAS,-0.951681673918523,0.865407627167585,-0.176010571085054
6017-PPLPX,-0.503757672998189,0.189056248099973,-1.1459968403746
4976-LNFVV,-0.544478036718219,-1.01242298302014,-0.661003705729825
5055-MGMGF,1.32865869440318,1.33901977221493,1.27896883284926
4641-FROLU,-0.0965540357978854,-1.51096208306997,-1.1459968403746
2862-JVEOY,-1.07384276507861,-1.51594747407047,-1.1459968403746
2969-QWUBZ,-1.23672421995873,-0.44408840896332,-0.176010571085054
9822-BIIGN,0.840014329762813,0.235586564104624,0.793975698204488
2077-MPJQO,-1.03312240135858,0.353574151116419,-0.661003705729825
1534-OULXE,1.16577723952306,-0.500589506968969,-0.661003705729825
7136-RVDTZ,1.53226051300333,-0.648489439983754,-0.661003705729825
2971-SGAFL,-0.788800219038401,0.464914550127549,1.27896883284926
1480-IVEVR,0.107047782802266,0.559636979137018,-0.176010571085054
2905-KFQUV,-1.23672421995873,0.187394451099807,-1.1459968403746
4581-SSPWD,-1.1960038562387,0.366868527117748,-0.661003705729825
3370-HXOPH,-1.1960038562387,0.376839309118744,-0.661003705729825
9391-YZEJW,1.20649760324309,0.971762635178217,0.308982563559717
9958-MEKUC,1.61370124044339,1.30246023821128,1.76396196749403
0281-CNTZX,1.24721796696312,-1.48935872206781,-1.1459968403746
6927-WTFIV,-0.503757672998189,0.217306797102796,-1.1459968403746
4118-CEVPF,0.107047782802266,1.53012642723403,2.2489551021388
3398-ZOUAA,-0.463037309278159,0.144187729095487,-1.1459968403746
9114-VEPUF,1.20649760324309,1.04155810918519,0.793975698204488
7876-BEUTG,-0.707359491598341,-0.530501852971959,-0.661003705729825
2338-BQEZT,0.921455057202873,-0.472338957966145,-0.661003705729825
9873-MNDKV,-0.870240946478462,-0.668431003985747,-1.1459968403746
0378-NHQXU,-0.62591876415828,0.780655980159112,0.308982563559717
8241-JUIQO,1.16577723952306,-1.50597669206947,-1.1459968403746
2194-IIQOF,1.57298087672336,0.815553717162601,2.2489551021388
4512-ZUIYL,-1.23672421995873,0.174100075098477,-1.1459968403746
9631-RXVJM,0.107047782802266,-1.51262388007014,-1.1459968403746
9584-EXCDZ,-0.62591876415828,0.190718045100139,-1.1459968403746
7969-AULMZ,-0.463037309278159,1.08310303418935,0.308982563559717
5093-FEGLU,0.595692147442631,-1.49932950406881,-1.1459968403746
2621-UDNLU,-1.1960038562387,-1.45944637606482,-1.1459968403746
7526-IVLYU,-1.1960038562387,-1.49932950406881,-1.1459968403746
2428-HYUNX,0.473531056282539,-1.50930028606981,-1.1459968403746
9214-EKVXR,-1.27744458367877,-0.690034364987907,-1.1459968403746
3410-MHHUM,0.473531056282539,0.985057011179546,0.793975698204488
0568-ONFPC,-1.11456312879864,-1.29160487904804,-0.661003705729825
0733-VUNUW,-0.340876218118068,-0.3028356639492,-0.176010571085054
4550-EVXNY,-1.27744458367877,0.162467496097315,-1.1459968403746
2122-YWVYA,-0.58519840043825,0.353574151116419,-0.661003705729825
2968-SSGAA,-0.910961310198492,1.19111983920014,0.793975698204488
2296-DKZFP,1.32865869440318,0.2073360151018,0.793975698204488
4844-JJWUY,-1.27744458367877,0.705875115151637,-0.176010571085054
6777-TGHTM,0.840014329762813,1.40216805822124,1.27896883284926
8909-BOLNL,-1.1960038562387,-1.44781379706366,-1.1459968403746
6603-YRDCJ,0.0256070553622056,-0.123361587931259,0.308982563559717
3538-WZPHD,-1.1960038562387,-1.16863190103575,-1.1459968403746
3229-USWAR,0.066327419082236,0.504797678131536,1.27896883284926
2138-VFAPZ,-0.748079855318371,-1.49766770706864,-1.1459968403746
6131-JLWZM,-0.788800219038401,-1.47772614306665,-1.1459968403746
4785-QRJHC,0.5549717837226,-0.16158291893508,0.793975698204488
0269-XFESX,-0.381596581838098,-1.34312058605319,-0.661003705729825
1709-EJDOX,0.595692147442631,-1.49600591006848,-1.1459968403746
4316-XCSLJ,-0.62591876415828,-0.480647942966975,-0.661003705729825
8610-WFCJF,0.677132874882691,1.02494013918353,0.308982563559717
9693-XMUOB,1.084336512083,-0.482309739967141,-0.176010571085054
0383-CLDDA,1.4915401492833,0.684271754149477,1.76396196749403
4905-JEFDW,-0.870240946478462,-0.769800620995881,-0.661003705729825
2709-UQGNP,-0.910961310198492,-0.43577942396249,-0.661003705729825
3549-ZTMNH,-0.829520582758432,-1.35475316505436,-0.661003705729825
7881-INRLC,0.51425142000257,1.19942882420097,0.793975698204488
8033-ATFAS,0.269929237682388,-0.163244715935246,-0.176010571085054
1635-NZATJ,1.57298087672336,-1.30656105204954,-0.661003705729825
0562-HKHML,1.57298087672336,-1.35807675905469,-0.661003705729825
8277-RVRSV,0.0256070553622056,-1.34976777405386,-0.661003705729825
9943-VSZUV,1.41009942184324,0.363544933117415,-0.661003705729825
0117-LFRMW,0.188488510242327,-0.816330937000532,-0.176010571085054
6172-FECYY,0.677132874882691,0.656021205146653,-0.176010571085054
7054-ENNGU,-0.951681673918523,-0.462368175965148,-0.661003705729825
1455-HFBXA,0.799293966042782,0.891996379170242,0.793975698204488
9402-CXWPL,1.53226051300333,1.1346187411945,0.793975698204488
1628-BIZYP,-1.27744458367877,0.672639175148314,-0.176010571085054
1965-AKTSX,-0.748079855318371,0.471561738128214,-0.176010571085054
0082-LDZUE,-1.27744458367877,-0.68006358298691,-1.1459968403746
4786-UKSNZ,-1.27744458367877,-1.48104973706698,-1.1459968403746
5343-SGUBI,0.799293966042782,0.513106663132367,-0.176010571085054
0856-NAOES,-1.07384276507861,-0.128346978931757,-0.176010571085054
1976-AZZPJ,-1.03312240135858,-1.01574657702047,-0.661003705729825
7248-VZQLC,0.595692147442631,0.679286363148979,0.308982563559717
6156-UZDLF,-0.259435490678007,0.744096446155458,0.308982563559717
3099-OONVS,-0.300155854398037,-0.347704182953685,-0.176010571085054
9500-WBGRP,1.4915401492833,-1.51760927107064,-1.1459968403746
5183-KLYEM,1.61370124044339,1.59493651024051,2.2489551021388
5144-PQCDZ,-1.15528349251868,-1.48935872206781,-1.1459968403746
8514-VZHEB,1.084336512083,-1.50431489506931,-1.1459968403746
6625-IUTTT,1.41009942184324,0.0262001420836924,0.308982563559717
9355-NPPFS,-0.259435490678007,0.466576347127715,-0.661003705729825
0068-FIGTF,-0.218715126957977,0.446634783125722,1.27896883284926
5965-GGPRW,1.61370124044339,1.34566696021559,1.27896883284926
8035-PWSEV,-1.07384276507861,0.813891920162435,0.308982563559717
2236-HILPA,1.20649760324309,-1.46609356406549,-1.1459968403746
1840-BIUOG,-0.503757672998189,0.130893353094158,0.793975698204488
1356-MKYSK,-1.07384276507861,0.461590956127217,1.27896883284926
6080-LNESI,0.758573602322752,-1.32982621005186,-0.661003705729825
1830-IPXVJ,1.16577723952306,-1.49600591006848,-1.1459968403746
5828-DWPIL,1.20649760324309,0.808906529161936,0.793975698204488
8398-TBIYD,1.61370124044339,0.662668393147318,0.308982563559717
0011-IGKFF,-0.788800219038401,1.10470639519151,0.793975698204488
4192-GORJT,-1.11456312879864,0.986718808179712,0.308982563559717
6496-SLWHQ,-1.1960038562387,1.33735797521476,1.27896883284926
9912-GVSEQ,-0.259435490678007,0.966777244177718,0.793975698204488
2931-FSOHN,-0.788800219038401,-0.16158291893508,-0.176010571085054
9418-RUKPH,0.229208873962357,-1.48935872206781,-1.1459968403746
5383-MMTWC,-0.992402037638553,0.639403235144992,-0.176010571085054
9971-ZWPBF,0.066327419082236,1.46697814122772,1.76396196749403
4712-AUQZO,-0.58519840043825,-1.03568814102246,-0.661003705729825
9711-FJTBX,0.962175420922904,0.700889724151138,0.308982563559717
2908-ZTPNF,0.147768146522297,-0.994143216018307,-0.661003705729825
7240-ETPTR,-0.951681673918523,-0.532163649972125,-0.176010571085054
2202-CUYXZ,-1.27744458367877,0.667653784147816,-0.176010571085054
5995-OIGLP,-0.829520582758432,-0.269599723945878,-0.176010571085054
8421-WZOOW,1.00289578464293,1.01496935718254,0.793975698204488
6261-RCVNS,0.392090328842479,0.303720241111435,1.27896883284926
7951-QKZPL,0.0256070553622056,-1.33813519505269,-0.661003705729825
1414-YADCW,1.53226051300333,0.659344799146985,0.308982563559717
8756-RDDLT,1.45081978556327,-0.65846022198475,-0.176010571085054
2862-PFNIK,-1.27744458367877,-1.33148800705203,-1.63098997501937
5816-QVHRX,0.188488510242327,1.18114905719915,0.793975698204488
4430-YHXGG,-1.15528349251868,-1.30656105204954,-0.661003705729825
6888-SBYAI,-1.27744458367877,-0.467353566965646,-0.661003705729825
7395-XWZOY,-0.503757672998189,-0.32443902495136,0.793975698204488
7169-YWAMK,1.61370124044339,0.120922571093162,0.793975698204488
3640-PHQXK,-0.0558336720778551,0.835495281164595,0.308982563559717
6877-LGWXO,-0.58519840043825,0.458267362126884,-0.661003705729825
6859-RKMZJ,-0.870240946478462,-0.322777227951194,-0.661003705729825
2729-VNVAP,0.0256070553622056,-1.49434411306831,-1.1459968403746
2957-JIRMN,1.20649760324309,0.654359408146487,-0.176010571085054
2049-BAFNW,-1.27744458367877,-0.959245479014819,-0.661003705729825
3842-QTGDL,-0.66663912787831,0.531386430134194,-0.176010571085054
7163-OCEQI,-0.422316945558128,0.461590956127217,1.27896883284926
9782-LGXMC,0.677132874882691,-0.100096429928933,0.308982563559717
5975-BAICR,0.147768146522297,-0.035286346922454,0.308982563559717
8019-ENHXU,0.392090328842479,1.15289850819632,1.27896883284926
5167-GBFRE,-1.15528349251868,-1.31487003705037,-1.63098997501937
9033-EOXWV,-0.829520582758432,0.308705632111933,0.793975698204488
4673-KKSLS,-0.0558336720778551,0.759052619156953,0.308982563559717
4853-OITSN,-1.11456312879864,0.810568326162103,0.308982563559717
9800-OUIGR,1.36937905812321,-1.48769692506765,-1.1459968403746
1324-NLTJE,-0.707359491598341,-0.32443902495136,-0.176010571085054
2324-EFHVG,1.28793833068315,1.31741641121277,1.27896883284926
7094-MSZAO,-0.910961310198492,-1.48603512806748,-1.1459968403746
1522-VVDMG,-1.03312240135858,0.830509890164096,0.308982563559717
6907-CQGPN,-0.137274399517916,-1.01242298302014,-0.661003705729825
0780-XNZFN,1.00289578464293,-1.46609356406549,-1.1459968403746
0239-OXEXL,0.5549717837226,0.647712220145823,0.308982563559717
2675-IJRGJ,0.840014329762813,-1.49932950406881,-1.1459968403746
7049-GKVZY,-0.62591876415828,0.501474084131204,1.27896883284926
8577-QSOCG,0.229208873962357,-1.48104973706698,-1.1459968403746
3721-CNZHX,-0.707359491598341,-1.49434411306831,-1.1459968403746
0212-ISBBF,-0.422316945558128,-0.478986145966809,-0.176010571085054
9185-TQCVP,-0.748079855318371,0.677624566148813,-0.176010571085054
3585-YNADK,1.00289578464293,0.326985399113761,1.27896883284926
5271-DBYSJ,-0.870240946478462,0.478208926128878,-0.661003705729825
1099-GODLO,-1.27744458367877,-1.47606434606648,-1.1459968403746
6828-HMKWP,-0.829520582758432,-1.45279918806416,-1.1459968403746
5567-WSELE,-1.1960038562387,0.99170419918021,0.308982563559717
1472-TNCWL,0.147768146522297,0.995027793180542,0.308982563559717
8063-RJYNF,-0.66663912787831,0.980071620179047,0.308982563559717
0687-ZVTHB,1.32865869440318,0.255528128106618,1.27896883284926
2080-GKCWQ,-1.23672421995873,0.338617978114924,-0.661003705729825
9661-ACXBS,0.392090328842479,1.34400516321543,1.27896883284926
2193-SFWQW,1.61370124044339,1.56834775823786,1.76396196749403
5656-JAMLX,1.20649760324309,-1.49268231606814,-1.1459968403746
3462-BJQQA,-1.07384276507861,0.830509890164096,0.308982563559717
0442-TDYUO,0.636412511162661,-1.48603512806748,-1.1459968403746
6733-LRIZX,0.107047782802266,1.46863993822789,1.76396196749403
9503-XJUME,0.799293966042782,-1.49932950406881,-1.1459968403746
4367-NHWMM,-1.27744458367877,-1.32484081905137,-1.63098997501937
3727-RJMEO,-1.07384276507861,0.601181904141171,-0.176010571085054
3779-OSWCF,1.57298087672336,0.945173883175559,2.2489551021388
6736-DHUQI,1.41009942184324,0.66599198714765,0.308982563559717
3915-ODIYG,1.12505687580303,0.232262970104292,0.793975698204488
1360-RCYRT,-0.381596581838098,-1.14370494603326,-1.1459968403746
2724-FJDYW,0.269929237682388,-0.329424415951858,0.308982563559717
4451-RWASJ,-0.707359491598341,-1.50431489506931,-1.1459968403746
6646-VRFOL,0.840014329762813,1.29913664421094,1.27896883284926
3460-TJBWI,-0.340876218118068,-1.34810597705369,-0.661003705729825
5917-HBSDW,0.188488510242327,-1.50930028606981,-1.1459968403746
5685-IIXLY,-1.11456312879864,0.626108859143663,-0.176010571085054
5671-UUNXD,0.717853238602722,1.19278163620031,0.793975698204488
0956-ACVZC,0.880734693482843,0.975086229178549,0.308982563559717
2325-NBPZG,-1.1960038562387,0.325323602113595,-0.661003705729825
4250-ZBWLV,1.45081978556327,1.45202196822623,1.76396196749403
4482-FTFFX,-1.11456312879864,-0.286217693947539,-0.176010571085054
8859-DZTGQ,0.0256070553622056,-1.47606434606648,-1.1459968403746
0440-MOGPM,0.351369965122448,0.524739242133529,1.27896883284926
0020-JDNXP,0.066327419082236,-0.116714399930594,0.793975698204488
3752-CQSJI,-0.788800219038401,-1.47274075206615,-1.1459968403746
5025-GOOKI,-0.503757672998189,-1.5242564590713,-1.1459968403746
4698-KVLLG,0.758573602322752,-1.50099130106898,-1.1459968403746
5095-AESKG,-1.1960038562387,0.88867278516991,0.308982563559717
2887-JPYLU,0.351369965122448,-0.65015123698392,-1.1459968403746
4770-QAZXN,-0.788800219038401,-1.50597669206947,-1.1459968403746
4896-CPRPF,0.107047782802266,-1.30656105204954,-0.661003705729825
1871-MOWRM,-0.829520582758432,0.534710024134526,-0.176010571085054
9714-EDSUC,-1.15528349251868,1.00167498118121,0.793975698204488
2027-OAQQC,0.432810692562509,-0.522192867971128,-0.176010571085054
0282-NVSJS,-0.829520582758432,-1.17860268303675,-1.1459968403746
9090-SGQXL,1.45081978556327,1.34732875721576,1.27896883284926
6595-YGXIT,-0.300155854398037,0.803921138161438,0.308982563559717
7353-YOWFP,-1.03312240135858,-1.47938794006682,-1.1459968403746
9835-ZIITK,1.36937905812321,1.5317882242342,1.76396196749403
8008-ESFLK,0.840014329762813,1.52015564523304,1.76396196749403
7537-CBQUZ,1.24721796696312,1.48359611122938,1.76396196749403
1555-DJEQW,1.53226051300333,1.64312862324533,2.2489551021388
5649-TJHOV,-0.218715126957977,-0.939303915012825,-1.1459968403746
0519-XUZJU,-1.27744458367877,0.199027030100969,-1.1459968403746
3363-EWLGO,-1.11456312879864,-1.48935872206781,-1.1459968403746
4750-UKWJK,0.188488510242327,-1.50099130106898,-1.1459968403746
6338-AVWCY,-1.1960038562387,-0.817992734000698,-0.661003705729825
1689-YQBYY,-0.829520582758432,0.393457279120406,-0.661003705729825
4487-ZYJZK,0.229208873962357,-1.50099130106898,-1.1459968403746
2959-FENLU,-0.951681673918523,0.682609957149311,-0.176010571085054
0708-LGSMF,-0.788800219038401,0.036170924084689,0.308982563559717
9253-QXKBE,-0.137274399517916,0.986718808179712,0.308982563559717
7634-HLQJR,0.595692147442631,-1.48603512806748,-1.1459968403746
0487-RPVUM,1.16577723952306,1.15123671119616,1.27896883284926
4079-ULGFR,-0.66663912787831,-1.48769692506765,-1.1459968403746
2516-XSJKX,0.351369965122448,0.454943768126552,1.27896883284926
0057-QBUQH,0.432810692562509,-1.3181936310507,-0.661003705729825
9445-SZLCH,0.147768146522297,1.08310303418935,0.793975698204488
6599-SFQVE,-1.07384276507861,-0.32443902495136,-0.661003705729825
8331-ZXFOE,1.04361614836296,0.210659609102132,1.27896883284926
4003-FUSHP,-0.544478036718219,-0.106743617929597,-0.176010571085054
0356-ERHVT,-0.870240946478462,-0.626886078981594,-1.1459968403746
7325-ENZFI,0.269929237682388,-0.8130073430002,-0.176010571085054
4884-ZTHVF,-0.992402037638553,0.742434649155291,-0.176010571085054
3920-HIHMQ,-0.259435490678007,-0.507236694969633,-0.661003705729825
3055-OYMSE,0.840014329762813,0.300396647111103,-0.661003705729825
0613-WUXUM,1.53226051300333,-1.5142856770703,-1.1459968403746
7568-PODML,-1.27744458367877,-0.646827642983588,-0.661003705729825
4458-KVRBJ,1.084336512083,-1.32151722505103,-0.661003705729825
5349-IECLD,-1.23672421995873,1.00333677818137,0.308982563559717
1397-XKKWR,-1.03312240135858,-0.979187043016812,-0.661003705729825
3945-GFWQL,-0.829520582758432,-0.671754597986079,-1.1459968403746
8097-OMULG,1.084336512083,0.398442670120904,1.27896883284926
6013-BHCAW,1.16577723952306,0.539695415135025,1.27896883284926
0401-WDBXM,1.61370124044339,1.35563774221659,1.27896883284926
3387-PLKUI,-0.788800219038401,-1.52758005307163,-1.1459968403746
6096-EGVTU,1.28793833068315,-1.32484081905137,-0.661003705729825
3797-VTIDR,-1.27744458367877,-1.37303293205618,-1.63098997501937
5081-NWSUP,-0.910961310198492,0.00459678108153305,0.308982563559717
2580-ATZSQ,1.32865869440318,-0.113390805930262,0.308982563559717
8085-MSNLK,1.20649760324309,1.6348196382445,2.2489551021388
9691-HKOVS,0.921455057202873,0.843804266165425,2.2489551021388
9881-VCZEP,-0.300155854398037,-0.35435137095435,-0.176010571085054
9526-BIHHD,-1.27744458367877,-1.16530830703542,-1.1459968403746
8757-TFHHJ,-1.27744458367877,-0.497265912968636,-0.661003705729825
4523-WXCEF,1.084336512083,1.20773780920181,0.793975698204488
1468-DEFNC,1.28793833068315,-1.34145878905303,-0.661003705729825
5119-KEPFY,0.147768146522297,1.00499857518154,0.308982563559717
8364-TRMMK,-1.1960038562387,-0.469015363965812,-0.661003705729825
0916-KNFAJ,1.16577723952306,0.170776481098145,0.793975698204488
8319-QBEHW,-0.259435490678007,-0.824639922001362,-0.661003705729825
3063-QFSZL,-1.27744458367877,-0.311144648950031,-0.661003705729825
8775-LHDJH,-1.27744458367877,0.85876043916692,0.308982563559717
9625-QNLUX,1.45081978556327,1.27919508020895,1.27896883284926
3097-NQYSN,-1.23672421995873,0.734125664154461,-0.176010571085054
4024-CSNBY,1.61370124044339,0.980071620179047,1.27896883284926
7110-BDTWG,1.57298087672336,-0.588664747977773,-0.176010571085054
7493-GVFIO,1.00289578464293,-1.46941715806582,-1.1459968403746
0690-SRQID,-1.15528349251868,-1.49932950406881,-1.1459968403746
9605-WGJVW,-1.27744458367877,0.180747263099142,-1.1459968403746
9114-DPSIA,1.61370124044339,0.539695415135025,1.76396196749403
4700-UBQMV,-0.463037309278159,0.37019212111808,0.793975698204488
7711-GQBZC,1.57298087672336,-1.33148800705203,-0.661003705729825
3565-UNOCC,-0.137274399517916,1.139604132195,0.793975698204488
4627-MIHJH,1.4915401492833,1.51184666023221,1.76396196749403
9795-NREXC,1.28793833068315,0.672639175148314,1.76396196749403
8573-CGOCC,-0.66663912787831,-1.49600591006848,-1.1459968403746
7356-AYNJP,-1.15528349251868,-1.35807675905469,-0.661003705729825
9249-FXSCK,0.799293966042782,1.54508260023553,1.76396196749403
5493-SDRDQ,-1.23672421995873,-0.321115430951027,-0.176010571085054
6286-SUUWT,-1.27744458367877,-1.48935872206781,-1.1459968403746
4819-HJPIW,-0.58519840043825,-1.31653183405053,-1.63098997501937
8654-DHAOW,-1.23672421995873,-0.352689573954184,-0.176010571085054
5438-QMDDL,-0.544478036718219,-0.164906512935412,-0.176010571085054
9812-GHVRI,0.310649601402418,0.634417844144493,-0.176010571085054
5553-AOINX,1.36937905812321,1.33403438121443,1.27896883284926
1228-ZLNBX,-0.463037309278159,0.350250557116086,-0.661003705729825
4226-KKDON,-0.992402037638553,0.0627596760873474,0.308982563559717
3831-YCPUO,1.61370124044339,1.48691970522971,1.76396196749403
7445-WMRBW,0.636412511162661,0.302058444111269,1.27896883284926
3308-DGHKL,1.4915401492833,-1.51096208306997,-1.1459968403746
9924-JPRMC,1.61370124044339,1.77607238325862,2.2489551021388
0080-EMYVY,-0.748079855318371,-0.442426611963154,-0.661003705729825
6218-KNUBD,-1.07384276507861,-0.176539091936574,-0.176010571085054
7337-CINUD,-0.992402037638553,-1.50431489506931,-1.1459968403746
7609-NRNCA,-0.62591876415828,-1.50265309806914,-1.1459968403746
0623-EJQEG,1.32865869440318,0.956806462176721,0.793975698204488
7153-CHRBV,1.00289578464293,-0.181524482937073,0.308982563559717
0871-URUWO,-0.788800219038401,1.24595914020563,0.793975698204488
9190-MFJLN,-0.544478036718219,1.03491092118453,0.308982563559717
6198-PNNSZ,0.962175420922904,1.49689048723071,1.76396196749403
3317-VLGQT,-0.748079855318371,0.443311189125389,-0.661003705729825
4132-POCZS,0.799293966042782,-0.826301719001529,-0.661003705729825
5614-DNZCE,1.04361614836296,0.00459678108153305,0.793975698204488
1095-JUDTC,0.595692147442631,1.0066603721817,0.793975698204488
3896-RCYYE,1.41009942184324,-0.377616528956676,0.308982563559717
9638-JIQYA,-1.23672421995873,-1.32484081905137,-1.63098997501937
3258-SANFR,-1.07384276507861,-0.666769206985581,-1.1459968403746
3726-TBHQT,1.57298087672336,1.63648143524467,2.2489551021388
3190-ITQXP,0.5549717837226,-1.47938794006682,-1.1459968403746
0870-VEMYL,-1.11456312879864,-0.36266035595518,-0.176010571085054
4833-QTJNO,1.41009942184324,0.634417844144493,0.308982563559717
3039-MJSLN,-1.1960038562387,-1.48104973706698,-1.1459968403746
0178-CIIKR,-1.1960038562387,-1.48935872206781,-1.1459968403746
5385-SUIRI,0.799293966042782,1.31076922321211,1.27896883284926
3982-XWFZQ,0.392090328842479,-0.482309739967141,-0.661003705729825
5774-QPLTF,0.717853238602722,-1.47606434606648,-1.1459968403746
2322-VCZHZ,-0.381596581838098,0.838818875164927,0.308982563559717
5010-IPEAQ,1.41009942184324,-0.351027776954017,0.793975698204488
4009-ALQFH,-0.300155854398037,1.15456030519649,0.793975698204488
6383-ZTSIW,0.269929237682388,1.14126592919516,0.793975698204488
8990-YOZLV,1.4915401492833,0.071068661088178,0.793975698204488
3069-SSVSN,-1.27744458367877,-1.29326667604821,-1.63098997501937
5222-IMUKT,-0.0151133083578247,0.873716612168415,-0.176010571085054
3627-FCRDW,-0.951681673918523,0.2073360151018,-1.1459968403746
7562-GSUHK,-0.66663912787831,0.945173883175559,0.308982563559717
6685-XSHHU,1.12505687580303,-1.45612278206449,-1.1459968403746
8901-UPRHR,1.61370124044339,1.47694892322872,1.76396196749403
4903-UYAVB,-1.11456312879864,-1.50930028606981,-1.1459968403746
0118-JPNOY,-0.259435490678007,0.699227927150972,-0.176010571085054
6776-TLWOI,-1.1960038562387,-1.49268231606814,-1.1459968403746
3845-FXCYS,-1.23672421995873,-1.49932950406881,-1.1459968403746
5857-XRECV,-1.23672421995873,-1.47107895506598,-1.1459968403746
0725-CXOTM,0.147768146522297,0.827186296163764,1.76396196749403
4343-EJVQB,-1.03312240135858,0.31867641411293,-0.661003705729825
9000-PLFUZ,1.12505687580303,-0.508898491969799,-0.176010571085054
3427-GGZZI,-0.544478036718219,0.808906529161936,0.308982563559717
7779-ORAEL,0.51425142000257,0.345265166115588,1.27896883284926
0644-OQMDK,-1.15528349251868,0.195703436100637,-1.1459968403746
4077-CROMM,-0.0558336720778551,1.31076922321211,1.27896883284926
3154-CFSZG,0.595692147442631,0.840480672165093,0.308982563559717
2868-MZAGQ,-1.27744458367877,0.48153252012921,-0.661003705729825
4847-QNOKA,-1.27744458367877,-0.660122018984916,-1.1459968403746
2220-IAHLS,-1.27744458367877,-1.50763848906964,-1.1459968403746
1658-XUHBX,1.084336512083,0.797273950160774,0.308982563559717
6379-RXJRQ,-0.910961310198492,0.177423669098809,-1.1459968403746
2378-HTWFW,0.107047782802266,0.872054815168249,0.308982563559717
8650-RHRKE,-1.15528349251868,-1.16697010403558,-1.1459968403746
4377-VDHYI,-0.0151133083578247,0.865407627167585,0.308982563559717
0475-RIJEP,0.432810692562509,0.435002204124559,-0.176010571085054
1260-TTRXI,-1.15528349251868,-0.347704182953685,-0.661003705729825
3719-TDVQB,0.880734693482843,-1.52259466207113,-1.1459968403746
6328-ZPBGN,-0.870240946478462,1.00998396618204,0.308982563559717
0201-MIBOL,1.36937905812321,1.25094453120612,0.793975698204488
4937-QPZPO,1.16577723952306,1.16785468119782,0.793975698204488
2925-VDZHY,1.61370124044339,0.795612153160608,2.2489551021388
6981-TDRFT,0.473531056282539,-0.347704182953685,0.308982563559717
3413-CSSTH,0.351369965122448,-0.301173866949034,-0.176010571085054
8033-VCZGH,0.717853238602722,1.30246023821128,1.27896883284926
4789-KWMXN,0.595692147442631,1.5317882242342,1.76396196749403
0224-NIJLP,-0.992402037638553,-1.48271153406715,-1.1459968403746
7542-CYDDM,-0.58519840043825,-1.48603512806748,-1.1459968403746
4718-WXBGI,1.61370124044339,0.903628958171406,2.2489551021388
2867-UIMSS,-1.27744458367877,0.523077445133363,-0.661003705729825
8495-PRWFH,0.392090328842479,-0.3028356639492,-0.176010571085054
0439-IFYUN,-0.58519840043825,0.330308993114093,-0.661003705729825
5716-LIBJC,-0.788800219038401,1.30910742621194,1.27896883284926
2868-LLSKM,1.45081978556327,0.627770656143829,0.308982563559717
8111-RKSPX,-1.15528349251868,0.247219143105787,-0.661003705729825
2988-QRAJY,1.4915401492833,1.50519947223154,1.76396196749403
1585-MQSSU,-0.62591876415828,-0.440764814962988,-0.661003705729825
0071-NDAFP,-0.300155854398037,-1.30489925504937,-0.661003705729825
2856-NNASM,0.432810692562509,0.823862702163431,-0.176010571085054
7328-ZJAJO,1.084336512083,-1.50431489506931,-1.1459968403746
6458-CYIDZ,-1.11456312879864,0.529724633134028,-0.176010571085054
8559-CIZFV,-0.463037309278159,0.423369625123396,1.27896883284926
1090-PYKCI,1.4915401492833,1.3406815692151,1.76396196749403
3058-WQDRE,-0.788800219038401,-1.31653183405053,-1.63098997501937
7547-EKNFS,0.392090328842479,1.01330756018237,0.793975698204488
2279-AXJJK,0.799293966042782,1.0266019361837,0.793975698204488
6769-DYBQN,0.5549717837226,0.672639175148314,-0.176010571085054
0909-SELIE,1.16577723952306,0.53304822713436,1.76396196749403
3417-TSCIC,-0.137274399517916,-1.32650261605153,-1.63098997501937
1042-HFUCW,-0.300155854398037,-0.33274800995219,-0.176010571085054
4439-JMPMT,-1.11456312879864,0.697566130150806,-0.176010571085054
6537-OTKMY,-0.707359491598341,-0.46569176996548,-0.176010571085054
8999-EXMNO,-0.544478036718219,-1.48271153406715,-1.1459968403746
6725-TPKJO,0.473531056282539,-1.48603512806748,-1.1459968403746
2446-BEGGB,-1.07384276507861,1.11301538019234,0.793975698204488
7162-WPHPM,1.04361614836296,0.227277579103793,1.27896883284926
1599-MMYRQ,1.20649760324309,0.55465158813652,-0.176010571085054
8821-KVZKQ,1.53226051300333,-0.211436828940063,0.793975698204488
1496-GGSUK,-1.27744458367877,-1.29825206704871,-1.63098997501937
6434-TTGJP,-0.910961310198492,-0.367645746955679,0.793975698204488
0042-JVWOJ,-0.259435490678007,-1.50099130106898,-1.1459968403746
0130-SXOUN,1.36937905812321,0.818877311162933,0.308982563559717
2575-GFSOE,-1.03312240135858,0.140864135095155,-1.1459968403746
2330-PQGDQ,0.758573602322752,0.646050423145657,0.308982563559717
1452-UZOSF,1.61370124044339,1.37391750921842,1.76396196749403
2097-YVPKN,1.32865869440318,-1.29659027004854,-0.661003705729825
2842-JTCCU,-1.23672421995873,-0.621900687981096,-1.1459968403746
8597-CTXVJ,1.53226051300333,0.00625857808169908,0.793975698204488
6631-HMANX,1.61370124044339,0.68759534814981,1.76396196749403
9962-BFPDU,-1.27744458367877,-1.48603512806748,-1.1459968403746
3296-SILRA,-1.27744458367877,0.386810091119741,-0.661003705729825
9681-OXGVC,-1.11456312879864,1.18779624519981,0.793975698204488
6394-HHHZM,-1.1960038562387,-1.46443176706532,-1.1459968403746
5995-LFTLE,1.04361614836296,-1.31154644305004,-0.661003705729825
5180-UCIIQ,-0.422316945558128,-0.82131632800103,-0.661003705729825
1932-UEDCX,0.0256070553622056,1.19111983920014,0.793975698204488
7153-OANIO,-1.27744458367877,0.172438278098311,-1.1459968403746
5188-HGMLP,0.880734693482843,0.307043835111767,-0.661003705729825
0665-XHDJU,1.61370124044339,1.15123671119616,0.793975698204488
6521-YYTYI,-1.27744458367877,0.948497477175891,0.308982563559717
8878-HMWBV,-1.1960038562387,-0.518869273970796,-0.661003705729825
8265-HKSOW,1.61370124044339,1.4187860282229,1.76396196749403
3544-FBCAS,1.61370124044339,0.626108859143663,1.76396196749403
5331-RGMTT,0.880734693482843,1.139604132195,0.793975698204488
4759-PXTAN,1.084336512083,0.509783069132034,1.27896883284926
7054-DMVAS,0.880734693482843,0.0178911570828618,0.308982563559717
3428-MMGUB,1.12505687580303,0.823862702163431,0.308982563559717
6549-BTYPG,1.12505687580303,-0.131670572932089,0.793975698204488
7823-JSOAG,-1.1960038562387,0.323661805113429,-0.661003705729825
3705-RHRFR,1.4915401492833,1.14292772619533,0.793975698204488
9374-YOLBJ,-1.27744458367877,-1.51262388007014,-1.1459968403746
9074-KGVOX,0.717853238602722,-0.841257892003024,-0.661003705729825
6128-DAFVY,0.962175420922904,-0.661783815985083,-0.661003705729825
9933-QRGTX,1.12505687580303,1.07811764318885,0.793975698204488
4476-OSWTN,1.4915401492833,1.5218174422332,1.76396196749403
3751-KTZEL,-1.27744458367877,-0.987496028017643,-1.1459968403746
1977-STDKI,-1.27744458367877,0.273807895108445,-0.661003705729825
5066-GFJMM,-1.1960038562387,-1.49102051906798,-1.1459968403746
2661-GKBTK,1.12505687580303,0.405089858121569,0.793975698204488
0458-HEUZG,-0.788800219038401,-0.97586344901648,-0.661003705729825
7268-WNTCP,1.20649760324309,-1.47274075206615,-1.1459968403746
0824-VWDPO,0.51425142000257,1.06316147018735,0.793975698204488
8409-WQJUX,-0.300155854398037,-0.351027776954017,0.308982563559717
2578-JQPHZ,0.473531056282539,1.17450186919848,0.793975698204488
3278-FSIXX,-1.23672421995873,-0.648489439983754,-1.1459968403746
5813-UECBU,0.0256070553622056,0.634417844144493,0.308982563559717
0328-GRPMV,-1.27744458367877,0.177423669098809,-1.1459968403746
9746-UGFAC,-0.422316945558128,-1.45944637606482,-1.1459968403746
2946-KIQSP,0.107047782802266,-1.04067353202296,-0.661003705729825
0625-AFOHS,-0.137274399517916,-1.48104973706698,-1.1459968403746
6726-WEXXK,-0.218715126957977,0.702551521151305,0.308982563559717
4636-OLWOE,0.880734693482843,-0.125023384931425,0.308982563559717
4342-HENTK,-1.23672421995873,0.195703436100637,-1.1459968403746
4685-ERGHK,1.00289578464293,0.735787461154627,-0.176010571085054
0885-HMGPY,1.20649760324309,0.154158511096484,1.27896883284926
5003-OKNNK,-0.707359491598341,-1.47606434606648,-1.1459968403746
4195-SMMNX,-1.23672421995873,-1.47606434606648,-1.1459968403746
7208-PSIHR,1.53226051300333,1.31409281721244,1.27896883284926
4012-ZTHBR,-0.463037309278159,-0.65846022198475,-1.1459968403746
0489-WMEMG,-0.381596581838098,-0.508898491969799,-0.661003705729825
7435-ZNUYY,-1.07384276507861,-1.46775536106565,-1.1459968403746
1354-YZFNB,-1.15528349251868,-1.50265309806914,-1.1459968403746
6956-SMUCM,-1.1960038562387,1.13794233519483,0.793975698204488
2985-FMWYF,-0.381596581838098,0.955144665176555,0.308982563559717
2812-ENYMO,-0.259435490678007,-0.339395197952855,0.308982563559717
2717-HVIZY,-0.992402037638553,-1.48603512806748,-1.1459968403746
3223-WZWJM,-0.259435490678007,0.637741438144826,-0.176010571085054
3422-GALYP,-1.23672421995873,0.488179708129875,-0.176010571085054
9053-JZFKV,1.41009942184324,1.70960050325197,2.2489551021388
2530-ENDWQ,1.57298087672336,0.96179185317722,0.308982563559717
2890-WFBHU,1.084336512083,0.501474084131204,1.76396196749403
0327-WFZSY,0.269929237682388,1.17117827519815,0.793975698204488
7977-HXJKU,-0.463037309278159,-1.50099130106898,-1.1459968403746
6615-ZGEDR,-1.27744458367877,-1.49766770706864,-1.1459968403746
7033-CLAMM,0.636412511162661,-1.48104973706698,-1.1459968403746
4023-RTIQM,-0.0558336720778551,-0.477324348966643,0.308982563559717
0864-FVJNJ,1.28793833068315,1.61487807424251,2.2489551021388
7356-IWLFW,0.5549717837226,0.506459475131702,-0.176010571085054
9541-PWTWO,0.799293966042782,0.538033618134859,1.27896883284926
3967-VQOGC,1.41009942184324,-1.32484081905137,-0.661003705729825
7872-RDDLZ,1.41009942184324,-0.327762618951692,-0.176010571085054
9250-WYPLL,-1.11456312879864,0.358559542116917,-0.661003705729825
6308-CQRBU,1.57298087672336,1.47861072022888,1.76396196749403
2754-XBHTB,-0.951681673918523,0.428355016123894,-0.661003705729825
1597-LHYNC,-0.259435490678007,1.00499857518154,0.793975698204488
0186-CAERR,1.57298087672336,1.71292409725231,2.2489551021388
3043-SUDUA,-0.0151133083578247,-1.49102051906798,-1.1459968403746
5442-BHQNG,-1.23672421995873,0.18573265409964,-1.1459968403746
2169-RRLFW,1.57298087672336,-1.30157566104904,-0.661003705729825
5872-OEQNH,1.12505687580303,-0.675078191986411,-0.176010571085054
3162-KKZXO,0.921455057202873,1.17616366619865,0.793975698204488
7055-VKGDA,0.880734693482843,1.35065235121609,1.27896883284926
0754-UKWQP,-1.23672421995873,1.03324912418436,0.308982563559717
8873-GLDMH,-1.07384276507861,0.302058444111269,-0.661003705729825
5696-JVVQY,0.636412511162661,0.177423669098809,0.793975698204488
8946-BFWSG,1.24721796696312,-1.3132082400502,-0.661003705729825
7493-TPUWZ,-1.27744458367877,0.478208926128878,-0.176010571085054
0547-HURJB,-0.829520582758432,-1.45279918806416,-1.1459968403746
8904-OPDCK,0.880734693482843,-1.3231790220512,-1.63098997501937
8845-LWKGE,-0.0965540357978854,-0.00869759491979612,0.308982563559717
1577-HKTFG,-0.0965540357978854,-1.49932950406881,-1.1459968403746
8752-STIVR,-1.15528349251868,0.47322353512838,-0.661003705729825
0691-NIKRI,0.310649601402418,1.36893211821792,1.27896883284926
5022-JNQEQ,-0.951681673918523,0.368530324117914,-0.661003705729825
4558-FANTW,-0.62591876415828,0.900305364171073,0.308982563559717
3249-VHRIP,1.20649760324309,-0.703328740989236,-0.176010571085054
3736-BLEPA,-0.177994763237946,0.88036380016908,0.308982563559717
4701-LKOZD,1.53226051300333,0.830509890164096,2.2489551021388
6603-QWSPR,0.5549717837226,1.31741641121277,1.27896883284926
9921-QFQUL,-0.381596581838098,0.843804266165425,0.308982563559717
1929-ZCBHE,0.595692147442631,-0.8130073430002,-0.176010571085054
4378-MYPGO,1.45081978556327,1.34566696021559,1.27896883284926
8651-ENBZX,1.12505687580303,1.37059391521809,1.27896883284926
4129-LYCOI,1.41009942184324,1.30412203521144,1.27896883284926
7798-JVXYM,-0.748079855318371,0.162467496097315,0.308982563559717
8647-SDTWQ,1.00289578464293,0.317014617112764,-0.661003705729825
2696-ECXKC,0.921455057202873,1.20109062120114,0.793975698204488
2081-KJSQF,-1.27744458367877,-1.47938794006682,-1.1459968403746
7623-TRNQN,-1.27744458367877,-0.493942318968304,-0.661003705729825
3323-CPBWR,-0.381596581838098,1.06814686118785,0.793975698204488
9330-IJWIO,-0.788800219038401,1.18281085419931,0.793975698204488
3384-CTMSF,0.595692147442631,1.30744562921177,1.27896883284926
0902-RFHOF,0.229208873962357,-1.48437333106731,-1.1459968403746
9286-DOJGF,0.229208873962357,0.338617978114924,-0.661003705729825
6048-QBXKL,-1.23672421995873,-0.27292331794621,-0.176010571085054
9661-MHUMO,-1.27744458367877,-0.515545679970464,-0.661003705729825
7718-RXDGG,-0.707359491598341,0.127569759093826,-1.1459968403746
1025-FALIX,-0.259435490678007,0.142525932095321,-1.1459968403746
3451-VAWLI,0.107047782802266,-1.49766770706864,-1.1459968403746
3407-QGWLG,-1.1960038562387,-1.48603512806748,-1.1459968403746
1842-EZJMK,0.717853238602722,1.29415125321044,1.27896883284926
2347-WKKAE,0.392090328842479,0.985057011179546,0.793975698204488
8735-DCXNF,-0.910961310198492,-0.326100821951526,-0.176010571085054
3214-IYUUQ,1.16577723952306,0.96179185317722,0.793975698204488
1936-UAFEH,1.45081978556327,1.51184666023221,1.76396196749403
3587-PMCOY,-0.910961310198492,1.1346187411945,0.793975698204488
8079-XRJRS,1.32865869440318,0.830509890164096,0.793975698204488
1027-LKKQQ,1.61370124044339,0.521415648133197,1.27896883284926
7148-XZPHA,0.921455057202873,0.486517911129709,-0.176010571085054
8073-IJDCM,-1.27744458367877,-1.47772614306665,-1.1459968403746
5309-TAIKL,-1.03312240135858,-0.0651986929254444,0.308982563559717
6856-RAURS,-1.23672421995873,0.336956181114758,-0.661003705729825
8778-LMWTJ,-0.951681673918523,0.335294384114591,-0.661003705729825
9717-IOAAF,-0.218715126957977,-1.29326667604821,-0.661003705729825
8884-ADFVN,-1.03312240135858,1.23598835820463,0.793975698204488
2845-KDHVX,1.28793833068315,0.117598977092829,0.793975698204488
0848-SOMKO,1.53226051300333,-0.543796228973288,0.308982563559717
2720-WGKHP,-1.23672421995873,0.971762635178217,0.308982563559717
6734-FQAJX,1.41009942184324,1.33901977221493,1.27896883284926
2869-ADAWR,0.51425142000257,0.815553717162601,0.308982563559717
1535-VTJOQ,-0.340876218118068,-1.31653183405053,-0.661003705729825
6368-TZZDT,-1.15528349251868,-1.50431489506931,-1.1459968403746
0943-ZQPXH,0.473531056282539,0.936864898174728,0.308982563559717
1293-BSEUN,1.61370124044339,-1.46443176706532,-1.1459968403746
9894-EZEWG,-1.27744458367877,0.317014617112764,-0.661003705729825
1302-TPUBN,1.36937905812321,-1.50930028606981,-1.1459968403746
7851-FLGGQ,-1.27744458367877,-0.668431003985747,-0.176010571085054
0637-UBJRP,-0.788800219038401,0.641065032145158,-0.176010571085054
0940-OUQEC,-0.910961310198492,0.529724633134028,-0.176010571085054
2378-VTKDH,1.32865869440318,1.3157546142126,1.27896883284926
0927-CNGRH,-1.27744458367877,-1.50265309806914,-1.1459968403746
8608-OZTLB,0.229208873962357,0.308705632111933,1.27896883284926
2335-GSODA,-0.381596581838098,-0.819654531000864,-0.176010571085054
1952-DVVSW,-0.910961310198492,-1.48437333106731,-1.1459968403746
0702-PGIBZ,-1.15528349251868,1.2276793732038,0.793975698204488
6656-GULJQ,1.61370124044339,0.624447062143497,1.76396196749403
9853-JFZDU,0.107047782802266,-0.262952535945213,-0.176010571085054
1963-VAUKV,-1.27744458367877,-1.47440254906632,-1.1459968403746
3777-XROBG,1.04361614836296,-1.50265309806914,-1.1459968403746
6994-FGRHH,1.53226051300333,1.37557930621859,1.27896883284926
4000-VGMQP,0.229208873962357,0.471561738128214,1.27896883284926
3999-WRNGR,1.12505687580303,-0.498927709968802,-0.176010571085054
3466-RITXD,-0.259435490678007,0.918585131172901,0.793975698204488
2680-XKKNJ,-0.992402037638553,-0.218084016940727,0.308982563559717
3058-HJCUY,0.351369965122448,1.25759171920679,1.27896883284926
2974-GGUXS,0.147768146522297,0.903628958171406,0.308982563559717
7994-XIRTR,0.880734693482843,0.0162293600826957,0.308982563559717
3259-FDWOY,1.57298087672336,1.37059391521809,1.27896883284926
2101-RANCD,0.921455057202873,0.277131489108777,-0.661003705729825
7921-BEPCI,1.61370124044339,-0.166568309935578,0.308982563559717
0807-ZABDG,-1.1960038562387,-0.321115430951027,-0.176010571085054
8510-TMWYB,0.880734693482843,-0.164906512935412,0.308982563559717
3258-ZKPAI,1.61370124044339,1.7228948792533,2.2489551021388
1428-IEDPR,0.799293966042782,1.48027251722905,1.76396196749403
5298-GSTLM,1.12505687580303,1.2177085912028,0.793975698204488
4450-YOOHP,0.269929237682388,-0.469015363965812,-0.176010571085054
6728-CZFEI,-0.707359491598341,-0.286217693947539,-0.661003705729825
5748-RNCJT,1.4915401492833,1.38721188521975,1.27896883284926
3653-NCRDJ,0.432810692562509,-1.5142856770703,-1.1459968403746
6121-TNHBO,1.24721796696312,0.606167295141669,1.76396196749403
5119-NZPTV,-1.23672421995873,0.177423669098809,-1.1459968403746
6519-ZHPXP,1.61370124044339,1.44703657722573,1.76396196749403
7739-LAXOG,-0.0151133083578247,0.873716612168415,0.308982563559717
3472-QPRCH,0.310649601402418,-1.3132082400502,-0.661003705729825
8224-UAXBZ,1.04361614836296,-0.645165845983421,-0.176010571085054
9610-WCESF,1.41009942184324,-0.693357958988239,-0.176010571085054
9776-CLUJA,0.758573602322752,0.423369625123396,-0.176010571085054
2486-WYVVE,-0.0558336720778551,0.483194317129376,1.27896883284926
3865-ZYKAD,1.4915401492833,0.669315581147982,0.308982563559717
1422-DGUBX,-0.0151133083578247,0.48153252012921,-0.176010571085054
2999-AANRQ,-0.463037309278159,0.208997812101966,0.793975698204488
8668-KNZTI,0.799293966042782,-0.365983949955513,-0.176010571085054
0480-KYJVA,1.61370124044339,-1.34644418005352,-0.661003705729825
6034-ZRYCV,1.61370124044339,-0.351027776954017,0.308982563559717
9746-YKGXB,0.799293966042782,-0.681725379987076,-0.176010571085054
3926-YZVVX,0.351369965122448,-0.488956927967806,-0.661003705729825
6000-UKLWI,0.351369965122448,-1.48271153406715,-1.1459968403746
2079-FBMZK,-1.07384276507861,0.149173120095986,-1.1459968403746
6332-FBZRI,1.41009942184324,0.152496714096318,1.27896883284926
2096-XOTMO,-0.66663912787831,-1.50930028606981,-1.1459968403746
3266-FTKHB,-0.62591876415828,-1.51594747407047,-1.1459968403746
8221-EQDGL,0.107047782802266,-0.125023384931425,0.308982563559717
2346-LOCWC,1.04361614836296,-1.47107895506598,-1.1459968403746
6608-QQLVK,-1.27744458367877,-0.474000754966311,-0.661003705729825
0298-XACET,0.799293966042782,-0.483971536967307,0.308982563559717
7560-QJAVJ,1.53226051300333,0.493165099130373,1.27896883284926
2995-YWTCD,-0.544478036718219,-1.32484081905137,-0.661003705729825
3551-HUAZH,-1.27744458367877,0.320338211113097,-0.661003705729825
9137-UIYPG,0.107047782802266,1.40050626122108,1.27896883284926
2809-ZMYOQ,-0.0151133083578247,1.21604679420264,0.793975698204488
5084-OOVCJ,-0.62591876415828,-0.312806445950197,-0.176010571085054
0254-WWRKD,1.41009942184324,-0.472338957966145,-0.661003705729825
7727-SHVZV,-0.951681673918523,-1.50431489506931,-1.1459968403746
6302-JGYRJ,-0.0558336720778551,0.488179708129875,1.27896883284926
5339-PXDVH,-1.15528349251868,0.860422236167086,0.308982563559717
2205-LPVGL,1.04361614836296,0.833833484164428,0.793975698204488
8782-NUUOL,1.12505687580303,0.47322353512838,1.27896883284926
3685-YLCMQ,1.04361614836296,1.3257253962136,1.27896883284926
7601-WFVZV,-1.27744458367877,-1.50265309806914,-1.1459968403746
4609-KNNWG,-0.218715126957977,-1.49102051906798,-1.1459968403746
4868-AADLV,1.36937905812321,1.71126230025214,2.2489551021388
9529-OFXHY,-0.707359491598341,0.764038010157451,0.308982563559717
8634-MPHTR,0.595692147442631,1.17284007219832,0.793975698204488
2669-QVCRG,0.351369965122448,0.549666197136021,-0.176010571085054
2478-EEWWM,1.084336512083,-0.68006358298691,-0.661003705729825
9174-IHETN,0.717853238602722,0.18573265409964,-1.1459968403746
2233-TXSIU,-0.62591876415828,-0.675078191986411,-0.176010571085054
9644-UMGQA,-1.07384276507861,-0.518869273970796,-0.661003705729825
3256-EZDBI,0.758573602322752,-1.17361729203625,-1.1459968403746
8761-NSOBC,0.473531056282539,1.18945804219998,0.793975698204488
0419-YAAPX,0.677132874882691,0.682609957149311,-0.176010571085054
8413-VONUO,-1.23672421995873,1.0266019361837,0.308982563559717
0872-CASZJ,1.084336512083,0.144187729095487,0.793975698204488
4726-DLWQN,0.717853238602722,0.18573265409964,0.793975698204488
8164-OCKUJ,1.084336512083,-1.46775536106565,-1.1459968403746
3094-JOJAI,-0.58519840043825,0.312029226112266,-0.661003705729825
9494-MRNYX,-0.910961310198492,0.341941572115256,-0.661003705729825
2599-CZABP,-0.748079855318371,-0.670092800985913,-1.1459968403746
7945-PRBVF,0.107047782802266,-1.43950481206283,-1.1459968403746
4544-RXFMG,-0.992402037638553,-0.708314131989734,-1.1459968403746
0859-YGKFW,-0.58519840043825,-1.48603512806748,-1.1459968403746
1150-FTQGN,1.12505687580303,0.976748026178715,0.793975698204488
9223-UCPVT,-1.27744458367877,0.985057011179546,0.308982563559717
7196-LIWRH,-1.07384276507861,-1.50265309806914,-1.1459968403746
5448-VWNAM,-0.544478036718219,0.37019212111808,1.27896883284926
1177-XZBJL,0.840014329762813,-0.0203301739209588,0.793975698204488
3518-FSTWG,1.61370124044339,1.48858150222988,1.76396196749403
9330-VOFSZ,1.12505687580303,1.53012642723403,1.76396196749403
4351-QLCSU,-1.27744458367877,-0.32443902495136,-0.661003705729825
0939-EREMR,-0.788800219038401,-0.375954731956509,-0.176010571085054
9389-ACWBI,-1.11456312879864,0.172438278098311,-1.1459968403746
5419-JPRRN,-1.27744458367877,1.21937038820297,0.793975698204488
3644-QXEHN,-0.788800219038401,1.07147045518818,0.308982563559717
2911-IJORQ,0.188488510242327,0.85876043916692,2.2489551021388
5921-NGYRH,1.28793833068315,0.292087662110272,-0.661003705729825
2100-BDNSN,-1.11456312879864,0.105966398091666,0.793975698204488
5998-DZLYR,1.16577723952306,0.983395214179379,0.793975698204488
0488-GSLFR,-1.27744458367877,0.157482105096816,-1.1459968403746
9318-NKNFC,-1.27744458367877,-1.52591825607147,-1.1459968403746
3985-HOYPM,-0.259435490678007,-1.50763848906964,-1.1459968403746
9728-FTTVZ,-1.27744458367877,0.147511323095819,-1.1459968403746
9548-LERKT,-0.340876218118068,-1.49600591006848,-1.1459968403746
6576-FBXOJ,-0.62591876415828,-0.337733400952688,0.308982563559717
4310-KEDTB,-0.259435490678007,-1.16198471303509,-1.1459968403746
7254-IQWOZ,-1.27744458367877,0.162467496097315,-1.1459968403746
2474-BRUCM,0.310649601402418,1.2326647642043,0.793975698204488
4062-HBMOS,0.799293966042782,1.27254789220828,1.27896883284926
0742-NXBGR,-1.27744458367877,0.582902137139344,-0.176010571085054
2676-ISHSF,-1.27744458367877,-1.47772614306665,-1.1459968403746
9236-NDUCW,-0.463037309278159,-0.985834231017476,-0.661003705729825
4753-PADAS,1.41009942184324,1.36062313321709,1.27896883284926
6103-QCKFX,0.473531056282539,-0.282894099947206,-0.176010571085054
7781-EWARA,1.53226051300333,-0.146626745933584,0.793975698204488
6110-OHIHY,-1.1960038562387,0.48153252012921,-0.661003705729825
7018-FPXHH,0.962175420922904,-0.164906512935412,0.308982563559717
5889-LFOLL,-0.788800219038401,0.659344799146985,-0.176010571085054
5708-EVONK,1.04361614836296,0.951821071176223,0.793975698204488
8708-XPXHZ,0.392090328842479,0.978409823178881,0.308982563559717
0616-ATFGB,-1.27744458367877,-1.31985542805087,-1.63098997501937
0572-ZJKLT,0.5549717837226,1.15954569619699,1.27896883284926
5135-RDDQL,1.24721796696312,-0.469015363965812,-0.661003705729825
1353-LJWEM,-0.870240946478462,-0.128346978931757,0.308982563559717
1794-SWWKL,-0.707359491598341,-0.16989190393591,0.308982563559717
6166-YIPFO,1.61370124044339,-0.00205040691913153,1.27896883284926
7016-BPGEU,-0.137274399517916,-1.3181936310507,-1.63098997501937
6876-ADESB,-1.27744458367877,-0.52551646197146,-0.661003705729825
9332-GYWLO,-1.07384276507861,-0.329424415951858,-0.661003705729825
1963-SVUCV,-1.27744458367877,-0.646827642983588,-1.1459968403746
4184-VODJZ,1.24721796696312,0.883687394169412,0.308982563559717
0220-EBGCE,-1.23672421995873,0.700889724151138,-0.176010571085054
1092-WPIVQ,-0.58519840043825,-1.3181936310507,-0.661003705729825
7233-IOQNP,0.432810692562509,-1.02239376502113,-0.661003705729825
2834-JKOOW,-0.707359491598341,-0.626886078981594,0.308982563559717
2754-VDLTR,-0.910961310198492,1.0116457631822,0.308982563559717
2400-FEQME,0.921455057202873,-1.47107895506598,-1.1459968403746
3190-XFANI,0.677132874882691,1.19111983920014,0.793975698204488
7551-DACSP,-1.07384276507861,-0.314468242950363,-0.176010571085054
4957-SREEC,1.53226051300333,-1.47606434606648,-1.1459968403746
7235-NXZCP,-1.23672421995873,0.335294384114591,-0.661003705729825
0230-UBYPQ,1.24721796696312,-0.952598291014154,-0.661003705729825
4923-ADWXJ,-0.300155854398037,0.034509127084523,0.308982563559717
1763-KUAAW,-0.58519840043825,-1.47606434606648,-1.1459968403746
1104-TNLZA,-0.177994763237946,1.36394672721742,1.27896883284926
5195-KPUNQ,0.840014329762813,1.06316147018735,0.793975698204488
0520-FDVVT,0.107047782802266,1.24928273420596,0.793975698204488
3439-GVUSX,-1.27744458367877,-1.34145878905303,-1.63098997501937
1444-VVSGW,1.53226051300333,1.69132073625015,2.2489551021388
5712-PTIWW,-1.23672421995873,0.501474084131204,-0.176010571085054
5949-HGVJL,-0.259435490678007,0.275469692108611,0.793975698204488
5203-XEHAX,0.066327419082236,-0.0136829859202947,0.308982563559717
1635-HDGFT,-0.544478036718219,-1.47107895506598,-1.1459968403746
3315-TOTBP,-0.707359491598341,0.373515715118412,-0.661003705729825
8050-XGRVL,1.20649760324309,-0.33274800995219,-0.176010571085054
6661-HBGWL,0.392090328842479,1.32904899021393,1.27896883284926
1518-VOWAV,-0.951681673918523,0.328647196113927,0.793975698204488
9828-QHFBK,-0.340876218118068,-0.452397393964151,-0.661003705729825
3908-MKIMJ,1.45081978556327,-0.758168041994718,-0.176010571085054
5012-YSPJJ,-0.0558336720778551,-0.346042385953519,-0.176010571085054
5909-ECHUI,-1.27744458367877,-0.282894099947206,-0.661003705729825
1309-BXVOQ,-0.463037309278159,1.37391750921842,1.27896883284926
6728-VOIFY,1.24721796696312,1.03823451518486,0.308982563559717
9317-WZPGV,-1.23672421995873,0.498150490130871,-0.661003705729825
4891-NLUBA,1.16577723952306,-0.11006721192993,0.793975698204488
2856-HYAPG,-1.27744458367877,0.129231556093992,-1.1459968403746
8969-PRHFK,-0.58519840043825,-1.49932950406881,-1.1459968403746
0661-KQHNK,-1.07384276507861,-1.52093286507097,-1.1459968403746
8709-KRDVL,0.0256070553622056,1.17117827519815,0.793975698204488
4488-PSYCG,-0.66663912787831,-1.47938794006682,-1.1459968403746
1427-VERSM,0.962175420922904,1.12797155319383,0.793975698204488
9801-NOSHQ,-0.381596581838098,-1.49434411306831,-1.1459968403746
6339-YPSAH,-0.951681673918523,0.300396647111103,-0.661003705729825
3621-CEOVK,-0.748079855318371,1.17782546319882,0.793975698204488
6906-ANDWJ,-0.707359491598341,0.336956181114758,-0.661003705729825
2159-TURXX,-1.11456312879864,-1.48603512806748,-1.1459968403746
1548-FEHVL,1.16577723952306,1.37724110321875,1.27896883284926
3795-CAWEX,1.53226051300333,1.72123308225314,2.2489551021388
6215-NQCPY,-0.707359491598341,1.16120749319715,0.793975698204488
5647-URDKA,-0.992402037638553,-1.49766770706864,-1.1459968403746
2229-DPMBI,-0.992402037638553,-1.50431489506931,-1.1459968403746
9626-WEQRM,-1.15528349251868,-1.18358807403725,-1.1459968403746
2188-SXWVT,0.066327419082236,-0.32443902495136,-0.176010571085054
6258-PVZWJ,1.45081978556327,0.865407627167585,2.2489551021388
1094-BKOSX,0.51425142000257,-0.457382784964649,0.308982563559717
6969-MVBAI,-0.951681673918523,0.842142469165259,0.308982563559717
2978-XXSOG,-0.422316945558128,-0.189833467937904,0.308982563559717
2342-CKIAO,-1.23672421995873,-1.47772614306665,-1.1459968403746
6953-PBDIN,1.53226051300333,0.272146098108279,1.27896883284926
3898-BSJYF,-0.910961310198492,0.292087662110272,1.27896883284926
3938-YFPXD,1.61370124044339,0.649374017145989,1.76396196749403
7696-AMHOD,0.677132874882691,0.439987595125057,0.793975698204488
2453-SAFNS,0.880734693482843,0.243895549105454,0.793975698204488
9558-IHEZX,1.57298087672336,1.39552087022058,1.76396196749403
9617-UDPEU,-0.422316945558128,-1.51262388007014,-1.1459968403746
6340-DACFT,0.717853238602722,-1.46941715806582,-1.1459968403746
4955-VCWBI,0.432810692562509,-1.48769692506765,-1.1459968403746
6813-GZQCG,0.51425142000257,-1.3331498040522,-0.661003705729825
7426-GSWPO,1.28793833068315,1.28750406520978,1.27896883284926
3389-KTRXV,-0.381596581838098,-1.35973855605485,-0.661003705729825
3118-UHVVQ,1.45081978556327,-1.29492847304837,-0.661003705729825
1031-IIDEO,-1.27744458367877,0.202350624101301,-1.1459968403746
5832-XKAES,-1.23672421995873,0.167452887097813,-1.1459968403746
3205-MXZRA,-0.259435490678007,-0.176539091936574,-0.176010571085054
4701-AHWMW,0.921455057202873,-0.339395197952855,0.308982563559717
8317-BVKSO,-0.748079855318371,-1.48603512806748,-1.1459968403746
5702-KVQRD,1.57298087672336,0.591211122140174,1.27896883284926
0083-PIVIK,1.28793833068315,0.548004400135855,1.76396196749403
9210-IAHGH,-1.03312240135858,0.199027030100969,0.308982563559717
6169-PGNCD,1.00289578464293,0.317014617112764,1.27896883284926
0023-XUOPT,-0.788800219038401,0.975086229178549,0.793975698204488
4592-IWTJI,-1.1960038562387,-1.16530830703542,-1.1459968403746
4909-JOUPP,1.61370124044339,1.49356689323038,1.76396196749403
4657-FWVFY,0.310649601402418,1.04986709418602,0.793975698204488
2257-BOVXD,-0.748079855318371,0.0610978790871809,0.308982563559717
7729-JTEEC,-1.23672421995873,-0.673416394986245,-1.1459968403746
7632-MNYOY,1.36937905812321,1.53345002123437,1.76396196749403
6518-LGAOV,0.229208873962357,1.33735797521476,1.27896883284926
7242-QZLXF,-1.27744458367877,-1.31154644305004,-1.63098997501937
4576-CSAJH,-0.422316945558128,-0.319453633950861,-0.176010571085054
1000-AJSLD,-1.27744458367877,-1.48437333106731,-1.1459968403746
9696-RMYBA,-1.11456312879864,0.509783069132034,-0.661003705729825
8690-UPCZI,-0.137274399517916,0.142525932095321,0.793975698204488
1062-LHZOD,-1.27744458367877,0.170776481098145,-1.1459968403746
9770-LXDBK,-1.1960038562387,-1.47440254906632,-1.1459968403746
4086-WITJG,1.57298087672336,-1.49766770706864,-1.1459968403746
8344-WFMFH,-0.951681673918523,-0.487295130967639,-0.661003705729825
9600-NAXZN,0.432810692562509,1.2177085912028,0.793975698204488
8822-KNBHV,0.636412511162661,0.621123468143165,1.76396196749403
8404-FYDIB,-0.259435490678007,0.727478476153797,0.308982563559717
2791-SFVEW,-0.951681673918523,-1.48271153406715,-1.1459968403746
6457-USBER,-1.27744458367877,0.53304822713436,-0.661003705729825
6762-NSODU,0.5549717837226,-1.50763848906964,-1.1459968403746
4662-EKDPQ,-1.23672421995873,-0.0901256479279362,-0.176010571085054
9248-OJYKK,-1.27744458367877,0.388471888119907,-0.661003705729825
9888-ZCUMM,1.28793833068315,-0.156597527934581,0.793975698204488
3398-FSHON,-0.829520582758432,0.882025597169246,0.308982563559717
3319-DWOEP,-1.07384276507861,1.02992553018403,0.308982563559717
1074-WVEVG,1.084336512083,-1.47606434606648,-1.1459968403746
9979-RGMZT,-1.03312240135858,0.973424432178383,0.308982563559717
6437-UDQJM,1.61370124044339,0.642726829145324,1.76396196749403
1226-IENZN,-0.66663912787831,0.464914550127549,-0.661003705729825
2108-GLPQB,-0.300155854398037,-0.306159257949532,-0.176010571085054
9259-PACGQ,0.066327419082236,-0.0701840839259427,0.793975698204488
4415-IJZTP,-1.27744458367877,0.323661805113429,-0.661003705729825
1465-VINDH,-0.910961310198492,1.24097374920513,1.27896883284926
5474-LAMUQ,-0.340876218118068,-1.48437333106731,-1.1459968403746
3468-DRVQJ,-0.910961310198492,0.184070857099474,0.793975698204488
1122-YJBCS,1.4915401492833,-0.369307543955845,-0.176010571085054
4990-ALDGW,1.00289578464293,-1.46276997006515,-1.1459968403746
4816-OKWNX,0.717853238602722,1.28418047120945,1.27896883284926
3315-IKYZQ,-0.177994763237946,-0.464029972965314,0.308982563559717
2810-FTLEM,-0.66663912787831,-0.485633333967473,-0.661003705729825
4747-LCAQL,-0.300155854398037,0.47322353512838,1.27896883284926
3411-WLRSQ,-1.1960038562387,0.326985399113761,-0.661003705729825
0898-XCGTF,1.16577723952306,1.05485248518652,0.308982563559717
8006-PYCSW,-1.23672421995873,-1.48437333106731,-1.1459968403746
8249-THVEC,0.758573602322752,-1.50763848906964,-1.1459968403746
8722-PRFDV,1.57298087672336,0.425031422123562,0.793975698204488
2164-SOQXL,-0.503757672998189,-1.48603512806748,-1.1459968403746
4020-KIUDI,-1.07384276507861,-1.49268231606814,-1.1459968403746
5850-BDWCY,-1.07384276507861,-1.48104973706698,-1.1459968403746
2038-YSEZE,-0.137274399517916,0.0893484280900052,0.793975698204488
0827-ITJPH,0.147768146522297,-1.53588903807246,-1.1459968403746
8799-OXZMD,-0.177994763237946,-1.16364651003525,-1.1459968403746
1925-TIBLE,-1.03312240135858,0.722493085153298,-0.176010571085054
1705-GUHPV,1.24721796696312,-1.34810597705369,-0.661003705729825
4779-ZGICK,0.636412511162661,-1.36970933805585,-0.661003705729825
0048-PIHNL,0.677132874882691,-1.47274075206615,-1.1459968403746
0818-OCPZO,-0.218715126957977,0.55465158813652,-0.176010571085054
3967-KXAPS,1.61370124044339,0.915261537172568,2.2489551021388
1447-GIQMR,-1.27744458367877,0.145849526095653,-1.1459968403746
3704-IEAXF,1.61370124044339,-0.369307543955845,0.308982563559717
6810-VCAEX,0.595692147442631,-0.834610704002359,-0.176010571085054
0674-EYYZV,-1.27744458367877,-0.336071603952522,-0.661003705729825
4480-MBMLB,0.147768146522297,1.3307107872141,1.27896883284926
1395-OFUWC,0.432810692562509,-1.17860268303675,-1.1459968403746
0822-QGCXA,-0.218715126957977,0.634417844144493,1.76396196749403
0872-NXJYS,-0.951681673918523,0.491503302130207,-0.661003705729825
2832-KJCRD,0.229208873962357,1.29248945621028,1.27896883284926
3588-WSTTJ,0.107047782802266,1.139604132195,0.793975698204488
4075-WKNIU,-1.3181649473988,0.285440474109607,1.27896883284926
5090-EMGTC,1.084336512083,1.17284007219832,0.793975698204488
2346-CZYIL,-0.218715126957977,-1.47606434606648,-1.1459968403746
3798-EPWRR,-1.23672421995873,-0.691696161988073,-1.1459968403746
6258-NGCNG,-1.03312240135858,-1.37137113505602,-0.661003705729825
4186-ZBUEW,0.147768146522297,0.197365233100803,0.793975698204488
5274-XHAKY,0.351369965122448,0.981733417179213,0.793975698204488
1442-BQPVU,-0.788800219038401,-1.18358807403725,-1.1459968403746
3978-YNKDD,-0.544478036718219,-1.45944637606482,-1.1459968403746
4940-KHCWD,1.12505687580303,-0.899420787008838,-0.176010571085054
9412-ARGBX,0.636412511162661,1.0216165451832,0.793975698204488
1389-CXMLU,-1.1960038562387,0.873716612168415,0.308982563559717
9589-ABEPT,1.4915401492833,0.920246928173067,0.793975698204488
9388-ZEYVT,0.432810692562509,-0.685048973987408,-0.176010571085054
0305-SQECB,-0.870240946478462,-0.95426008801432,-0.661003705729825
7605-SNLQG,0.51425142000257,-0.482309739967141,-0.661003705729825
4670-TABXH,1.61370124044339,1.49522869023054,1.76396196749403
5561-NWEVX,-1.23672421995873,0.479870723129044,-0.176010571085054
0064-SUDOG,-0.829520582758432,-1.47772614306665,-1.1459968403746
8561-NMTBD,1.41009942184324,1.58164213423918,1.76396196749403
5161-XEUVX,0.188488510242327,0.981733417179213,0.793975698204488
8292-FRFZQ,0.269929237682388,-0.784756793997376,-0.176010571085054
8591-NXRCV,0.351369965122448,0.328647196113927,1.27896883284926
7895-VONWT,-0.300155854398037,-0.548781619973786,-0.176010571085054
4526-RMTLL,-0.992402037638553,0.378501106118911,1.27896883284926
6253-GNHWH,1.57298087672336,0.210659609102132,1.27896883284926
4566-NECEV,-1.11456312879864,1.05651428218669,0.793975698204488
8080-POTJR,-0.0965540357978854,0.483194317129376,1.27896883284926
6906-MPARY,0.310649601402418,0.825524499163597,0.308982563559717
3662-FXJFO,0.880734693482843,-1.47107895506598,-1.1459968403746
8107-RZLNV,1.61370124044339,1.38056469721908,1.27896883284926
0516-OOHAR,-0.177994763237946,1.18281085419931,0.793975698204488
2027-CWDNU,-0.58519840043825,0.692580739150308,-0.176010571085054
2737-WFVYW,-1.23672421995873,-0.648489439983754,-0.661003705729825
9912-OMZDS,1.084336512083,1.37557930621859,1.27896883284926
3733-ZEECP,-0.422316945558128,-0.454059190964317,-0.661003705729825
7878-RTCZG,-1.27744458367877,-1.49102051906798,-1.1459968403746
2452-MRMZF,1.61370124044339,-1.29825206704871,-0.661003705729825
2272-QAGFO,-0.748079855318371,0.317014617112764,-0.661003705729825
7103-IPXPJ,0.717853238602722,1.15123671119616,0.793975698204488
4342-HFXWS,0.636412511162661,0.164129293097481,0.793975698204488
3545-CNWRG,0.677132874882691,1.11633897419267,0.793975698204488
1785-BPHTP,-0.177994763237946,0.68759534814981,-0.176010571085054
4989-LIXVT,1.45081978556327,1.03491092118453,0.793975698204488
7315-WYOAW,-0.788800219038401,1.19610523020064,0.793975698204488
1173-XZPYF,-0.870240946478462,0.812230123162269,0.308982563559717
9850-OWRHQ,-1.1960038562387,0.310367429112099,-0.661003705729825
3768-NLUBH,1.00289578464293,1.19111983920014,0.793975698204488
8676-TRMJS,-1.1960038562387,0.34027977511509,-0.661003705729825
2509-TFPJU,1.61370124044339,-1.29659027004854,-0.661003705729825
9530-GRMJG,1.53226051300333,0.642726829145324,1.76396196749403
6898-RBTLU,0.677132874882691,0.483194317129376,1.27896883284926
5481-NTDOH,1.41009942184324,1.40549165222158,1.27896883284926
2068-WWXQZ,0.5549717837226,-1.48603512806748,-1.1459968403746
7359-SSBJK,1.28793833068315,0.180747263099142,0.793975698204488
2061-VVFST,0.188488510242327,-1.50431489506931,-1.1459968403746
0685-MLYYM,-1.23672421995873,0.199027030100969,-1.1459968403746
0749-IRGQE,-0.788800219038401,-0.646827642983588,-0.661003705729825
2380-DAMQP,1.61370124044339,1.67470276624849,2.2489551021388
2256-YLYLP,1.45081978556327,0.272146098108279,0.793975698204488
1272-ILHFG,-0.707359491598341,-1.49932950406881,-1.1459968403746
0164-XAIRP,-0.340876218118068,-1.50265309806914,-1.1459968403746
5666-CYCYZ,-0.340876218118068,0.823862702163431,0.308982563559717
4011-ARPHK,-0.218715126957977,-0.478986145966809,-0.661003705729825
8182-PNAGI,-0.829520582758432,-0.482309739967141,-0.661003705729825
6365-HITVU,1.57298087672336,0.74742004015579,1.76396196749403
7558-IMLMT,1.41009942184324,-1.46110817306499,-1.1459968403746
9488-FYQAU,1.24721796696312,1.47861072022888,1.76396196749403
3590-TCXTB,-1.27744458367877,-1.47606434606648,-1.1459968403746
6994-KERXL,-1.15528349251868,-0.294526678948369,-0.661003705729825
7957-RYHQD,0.310649601402418,0.479870723129044,-0.176010571085054
2180-DXNEG,-0.829520582758432,1.03823451518486,0.308982563559717
1960-UOTYM,0.799293966042782,0.479870723129044,1.27896883284926
2740-JFBOK,-0.910961310198492,-1.35475316505436,-0.661003705729825
6500-JVEGC,1.45081978556327,1.21604679420264,1.27896883284926
5515-AKOAJ,0.880734693482843,1.17450186919848,0.793975698204488
8976-OQHGT,-1.15528349251868,-0.274585114946376,-0.176010571085054
5245-VDBUR,0.799293966042782,-0.974201652016314,-0.661003705729825
6230-BSUXY,-1.27744458367877,0.672639175148314,-0.176010571085054
8469-SNFFH,1.53226051300333,0.486517911129709,1.76396196749403
2144-ESWKO,0.432810692562509,-0.982510637017144,-0.661003705729825
1241-FPMOF,0.799293966042782,-1.49932950406881,-1.1459968403746
9928-BZVLZ,-0.829520582758432,-0.49560411596847,0.308982563559717
4114-QMKVN,0.962175420922904,0.132555150094324,0.793975698204488
2775-SEFEE,-1.3181649473988,-0.0951110389284346,0.793975698204488
9003-CPATH,0.392090328842479,0.50313588113137,-0.176010571085054
1754-GKYPY,-0.422316945558128,0.830509890164096,-0.176010571085054
5294-CDGWY,0.758573602322752,-0.181524482937073,0.793975698204488
7956-XQWGU,-0.218715126957977,-1.50763848906964,-1.1459968403746
1591-MQJTP,0.758573602322752,0.960130056177054,0.793975698204488
5295-PCJOO,-1.15528349251868,-0.510560288969965,-0.661003705729825
2369-FEVNO,-1.27744458367877,-1.49102051906798,-1.1459968403746
9863-JZAIC,0.107047782802266,-0.32443902495136,-0.661003705729825
7471-MQPOS,1.57298087672336,0.270484301108113,1.27896883284926
7660-HDPJV,-1.27744458367877,0.147511323095819,-1.1459968403746
5115-SQAAU,1.4915401492833,-1.30157566104904,-0.661003705729825
9845-QOMAD,-0.748079855318371,-1.49600591006848,-1.1459968403746
7672-VFMXZ,1.00289578464293,-0.301173866949034,-0.176010571085054
9739-JLPQJ,1.61370124044339,1.75280722525629,2.2489551021388
9916-AYHTC,0.636412511162661,-1.49268231606814,-1.1459968403746
3855-ONCAR,-1.15528349251868,0.469899941128048,-0.661003705729825
1488-SYSFC,-0.0558336720778551,-1.46609356406549,-1.1459968403746
7931-PXHFC,0.229208873962357,-0.0818166629271056,0.308982563559717
3990-QYKBE,0.188488510242327,0.921908725173233,0.308982563559717
0970-QXPXW,-1.27744458367877,-1.49932950406881,-1.1459968403746
3259-KNMRR,1.00289578464293,0.498150490130871,1.27896883284926
6120-RJKLU,1.20649760324309,0.504797678131536,1.27896883284926
9572-WUKSB,-1.1960038562387,-1.15866111903475,-1.1459968403746
5893-KCLGT,1.61370124044339,-1.49600591006848,-1.1459968403746
0076-LVEPS,-0.137274399517916,-0.656798424984584,0.308982563559717
3640-JQGJG,-0.788800219038401,-0.663445612985249,-1.1459968403746
4919-MOAVT,-1.1960038562387,0.162467496097315,-1.1459968403746
1596-OQSPS,-0.870240946478462,-0.454059190964317,-0.661003705729825
9867-XOBQA,-0.463037309278159,-0.385925513957506,0.793975698204488
9546-KDTRB,-0.544478036718219,-1.33148800705203,-0.661003705729825
3090-HAWSU,1.16577723952306,1.55671517923669,1.76396196749403
9820-RMCQV,-0.870240946478462,-0.53881083797279,-0.661003705729825
3174-RKMOW,0.107047782802266,1.50187587823121,1.76396196749403
1760-CAZHT,-0.300155854398037,-1.46110817306499,-1.1459968403746
7839-QRKXN,-1.27744458367877,-1.48104973706698,-1.1459968403746
8441-SHIPE,1.41009942184324,-1.30157566104904,-0.661003705729825
5204-QZXPU,-0.544478036718219,-0.834610704002359,-0.661003705729825
4597-ELFTS,0.962175420922904,-1.32484081905137,-0.661003705729825
1320-GVNHT,1.61370124044339,1.45036017122606,1.76396196749403
1047-RNXZV,0.432810692562509,-1.50265309806914,-1.1459968403746
3541-ZNUHK,0.921455057202873,0.675962769148646,0.308982563559717
8450-JOVAH,-1.23672421995873,-0.267937926945711,-0.176010571085054
8725-JEDFD,-0.218715126957977,0.142525932095321,-1.1459968403746
7562-UXTPG,-0.788800219038401,0.179085466098976,-1.1459968403746
8071-SBTRN,1.53226051300333,1.5417590062352,1.76396196749403
1113-IUJYX,-0.748079855318371,1.36893211821792,1.27896883284926
6668-CNMFP,-0.544478036718219,0.817215514162767,0.308982563559717
5626-MGTUK,-0.503757672998189,0.808906529161936,0.308982563559717
5681-LLOEI,0.432810692562509,0.88036380016908,0.793975698204488
8212-DJRCH,-1.11456312879864,0.850451454166089,0.308982563559717
4323-OHFOW,1.53226051300333,1.35563774221659,1.27896883284926
4933-BSAIP,0.310649601402418,-1.51760927107064,-1.1459968403746
2030-BTZRO,-1.07384276507861,-1.47440254906632,-1.1459968403746
1116-DXXDF,0.269929237682388,1.18613444819965,0.793975698204488
9274-CNFMO,-1.15528349251868,0.338617978114924,-0.661003705729825
7758-XKCBS,-0.707359491598341,-1.16530830703542,-1.1459968403746
8992-JQYUN,-1.27744458367877,-0.478986145966809,-0.176010571085054
6563-VNPMN,0.51425142000257,0.69590433315064,0.308982563559717
0617-AQNWT,1.28793833068315,-0.562075995975115,0.308982563559717
2267-WTPYD,1.00289578464293,0.971762635178217,0.793975698204488
0270-THENM,1.61370124044339,0.169114684097979,1.27896883284926
2446-PLQVO,-1.27744458367877,0.184070857099474,-1.1459968403746
4707-MAXGU,1.61370124044339,-1.29326667604821,-0.661003705729825
2710-WYVXG,-1.1960038562387,0.210659609102132,0.793975698204488
3005-NFMTA,0.921455057202873,1.13129514719416,0.793975698204488
6300-BWMJX,1.084336512083,0.950159274176057,0.793975698204488
8784-CGILN,-0.58519840043825,1.16619288419765,0.793975698204488
5389-FFVKB,-0.0151133083578247,0.516430257132699,-0.661003705729825
7009-LGECI,-1.15528349251868,-0.472338957966145,-0.661003705729825
8444-WRIDW,1.36937905812321,0.521415648133197,-0.176010571085054
5022-KVDQT,-0.218715126957977,0.549666197136021,-0.176010571085054
7976-CICYS,-1.15528349251868,-1.46443176706532,-1.1459968403746
1036-GUDCL,1.12505687580303,0.474885332128546,1.27896883284926
2005-DWQZJ,-0.992402037638553,-1.5192710680708,-1.1459968403746
8148-WOCMK,-0.992402037638553,-1.50099130106898,-1.1459968403746
7815-PDTHL,0.107047782802266,-1.48104973706698,-1.1459968403746
9451-LPGOO,-1.03312240135858,0.732463867154295,-0.176010571085054
9173-IVZVP,0.840014329762813,-1.45778457906466,-1.1459968403746
9129-UXERG,-0.58519840043825,1.29082765921011,1.27896883284926
3635-JBPSG,-0.707359491598341,-0.862861253005184,-0.661003705729825
7964-ZRKKG,1.41009942184324,0.785641371159611,0.308982563559717
5868-YWPDW,-1.07384276507861,0.646050423145657,-0.176010571085054
6229-LSCKB,-1.07384276507861,0.496488693130705,-0.661003705729825
2025-JKFWI,-0.788800219038401,1.13794233519483,0.793975698204488
4078-SAYYN,-0.870240946478462,1.19610523020064,0.793975698204488
1724-IQWNM,-1.27744458367877,-1.51096208306997,-1.1459968403746
8217-QYOHV,-1.11456312879864,-0.299512069948868,-0.176010571085054
5546-QUERU,-0.788800219038401,-1.48935872206781,-1.1459968403746
9940-HPQPG,-0.951681673918523,0.896981770170741,0.793975698204488
6897-UUBNU,-0.137274399517916,0.827186296163764,0.308982563559717
6127-IYJOZ,-1.27744458367877,-0.62854787598176,-1.1459968403746
6618-RYATB,-1.27744458367877,0.491503302130207,-0.176010571085054
8930-XOTDP,-0.58519840043825,-0.292864881948203,-0.661003705729825
5916-QEWPT,-1.23672421995873,0.140864135095155,0.308982563559717
5060-TQUQN,-0.0965540357978854,0.624447062143497,0.308982563559717
0531-XBKMM,1.36937905812321,0.0311855330841909,0.793975698204488
8465-SBRXP,0.229208873962357,1.00167498118121,0.793975698204488
2408-PSJVE,0.473531056282539,-0.0951110389284346,0.308982563559717
9079-YEXQJ,0.880734693482843,1.54009720923503,1.76396196749403
9700-ZCLOT,-1.23672421995873,-1.48769692506765,-1.1459968403746
8738-JOKAR,0.392090328842479,0.0976574130908359,0.793975698204488
4534-WGCIR,1.04361614836296,-1.31653183405053,-0.661003705729825
1930-WNXSB,1.04361614836296,0.933541304174396,0.308982563559717
2685-SREOM,-0.300155854398037,0.808906529161936,0.308982563559717
3508-CFVZL,1.57298087672336,1.54674439723569,2.2489551021388
0402-CQAJN,0.188488510242327,1.23432656120446,1.27896883284926
6692-UDPJC,-0.748079855318371,0.893658176170409,0.308982563559717
1273-MTETI,-1.15528349251868,0.800597544161106,0.308982563559717
0657-DOGUM,0.636412511162661,-0.138317760932754,0.308982563559717
5480-HPRRX,-1.1960038562387,-1.31154644305004,-1.63098997501937
8792-AOROI,-0.992402037638553,0.0245383450835263,0.308982563559717
0295-PPHDO,-1.27744458367877,1.01995474818303,0.308982563559717
5146-YYFRZ,1.41009942184324,-1.48935872206781,-1.1459968403746
1195-OIYEJ,-0.788800219038401,0.875378409168581,-0.176010571085054
5906-CVLHP,0.51425142000257,-0.352689573954184,-0.176010571085054
3452-SRFEG,0.677132874882691,0.326985399113761,-0.661003705729825
4070-OKWVH,0.799293966042782,0.99170419918021,0.793975698204488
5297-MDOIR,1.24721796696312,0.544680806135523,-0.176010571085054
6369-MCAKO,1.45081978556327,0.80724473216177,2.2489551021388
4926-UMJZD,-0.0558336720778551,-0.51720747697063,-0.661003705729825
6848-HJTXY,1.28793833068315,-1.50597669206947,-1.1459968403746
6341-AEVKX,1.20649760324309,1.31409281721244,1.27896883284926
4501-EQDRN,-1.27744458367877,0.164129293097481,-1.1459968403746
2990-HWIML,-1.07384276507861,0.822200905163265,-0.176010571085054
0682-USIXD,-0.463037309278159,0.707536912151803,-0.176010571085054
6976-BWGLQ,1.61370124044339,-1.31487003705037,-0.661003705729825
7078-NVFAM,-0.0151133083578247,-0.98417243401731,-0.661003705729825
8065-QBYTO,1.57298087672336,1.15954569619699,1.27896883284926
2133-TSRRM,0.066327419082236,1.34899055421593,1.27896883284926
7384-GHBPI,-1.1960038562387,-0.98417243401731,-1.1459968403746
7603-USHJS,-0.829520582758432,0.298734850110937,-0.661003705729825
7234-FECYN,-0.992402037638553,1.21604679420264,0.793975698204488
2511-ALLCS,0.107047782802266,-1.34478238305336,-0.661003705729825
3191-CSNMG,-1.1960038562387,0.529724633134028,-0.661003705729825
7952-OBOYL,-1.1960038562387,0.833833484164428,0.308982563559717
7470-DYNOE,0.840014329762813,-0.121699790931092,-0.176010571085054
7853-OETYL,-1.15528349251868,-1.18691166803758,-1.1459968403746
1545-ACTAS,0.636412511162661,1.16120749319715,0.793975698204488
5876-HZVZM,-1.07384276507861,-0.294526678948369,-0.176010571085054
1400-MMYXY,-1.1960038562387,1.36727032121775,1.27896883284926
5126-RCXYW,0.880734693482843,-0.623562484981262,-0.176010571085054
3085-QUOZK,-1.27744458367877,-0.691696161988073,-1.1459968403746
2363-BJLSL,1.20649760324309,0.519753851133031,1.27896883284926
1956-YIFGE,-0.422316945558128,1.17284007219832,0.793975698204488
3926-CUQZX,-1.27744458367877,-0.653474830984252,-1.1459968403746
7921-LMDFQ,0.758573602322752,0.971762635178217,0.308982563559717
2925-MXLSX,-0.0965540357978854,0.139202338094989,0.793975698204488
5820-PTRYM,0.962175420922904,0.122584368093328,1.27896883284926
9609-BENEA,0.107047782802266,0.140864135095155,0.793975698204488
6211-WHMYA,1.28793833068315,-0.695019755988405,-0.176010571085054
4459-BBGHE,-0.0965540357978854,-0.673416394986245,-0.661003705729825
9945-PSVIP,-0.300155854398037,-1.53090364707197,-1.1459968403746
1041-RXHRA,0.351369965122448,0.182409060099308,-1.1459968403746
1750-CSKKM,-0.951681673918523,-0.312806445950197,-0.661003705729825
9108-EJFJP,-1.27744458367877,-0.372631137956177,-0.176010571085054
0530-IJVDB,1.53226051300333,1.65642299924666,2.2489551021388
0508-SQWPL,1.00289578464293,-1.48437333106731,-1.1459968403746
2215-ZAFGX,-0.951681673918523,0.689257145149976,-0.176010571085054
8213-TAZPM,1.4915401492833,1.46199275022722,1.76396196749403
7142-HVGBG,0.432810692562509,1.27088609520812,1.27896883284926
1304-SEGFY,1.61370124044339,1.09972100419101,0.793975698204488
7242-EDTYC,0.473531056282539,-1.50265309806914,-1.1459968403746
2904-GGUAZ,1.61370124044339,0.641065032145158,0.308982563559717
8267-ZNYVZ,0.0256070553622056,1.29581305021061,1.27896883284926
5136-GFPMB,0.880734693482843,0.818877311162933,0.308982563559717
2595-KIWPV,-0.218715126957977,-1.49766770706864,-1.1459968403746
5243-SAOTC,0.880734693482843,0.501474084131204,-0.176010571085054
9398-MMQTO,-1.1960038562387,0.322000008113263,-0.661003705729825
7619-PLRLP,0.840014329762813,0.310367429112099,1.27896883284926
6457-GIRWB,-1.27744458367877,0.152496714096318,-1.1459968403746
6508-NJYRO,-0.707359491598341,-1.52758005307163,-1.1459968403746
1450-SKCVI,0.962175420922904,0.302058444111269,-0.661003705729825
4710-NKCAW,-1.11456312879864,-0.0120211889201282,0.793975698204488
5306-BVTKJ,0.636412511162661,-0.297850272948702,-0.176010571085054
0357-NVCRI,-0.300155854398037,-1.48603512806748,-1.1459968403746
5570-PTWEH,-1.1960038562387,0.345265166115588,-0.661003705729825
2371-KFUOG,1.04361614836296,1.14292772619533,0.793975698204488
0463-ZSDNT,-0.910961310198492,-0.266276129945545,-0.661003705729825
6502-MJQAE,-1.27744458367877,0.160805699097148,-1.1459968403746
6257-DTAYD,1.57298087672336,1.30910742621194,1.27896883284926
4616-ULAOA,1.32865869440318,1.53012642723403,1.76396196749403
7693-LCKZL,-1.11456312879864,0.511444866132201,-0.176010571085054
7746-AWNQW,-0.177994763237946,-0.964230870015317,-0.661003705729825
5996-EBTKM,1.41009942184324,0.170776481098145,0.793975698204488
2758-RNWXS,0.107047782802266,0.812230123162269,0.308982563559717
2314-TNDJQ,1.61370124044339,-0.3028356639492,0.793975698204488
2405-LBMUW,1.16577723952306,-0.467353566965646,0.308982563559717
3454-JFUBC,1.45081978556327,-1.48769692506765,-1.1459968403746
0032-PGELS,-1.27744458367877,-1.13871955503276,-1.1459968403746
9039-ZVJDC,-1.1960038562387,-1.51760927107064,-1.1459968403746
6797-LNAQX,1.53226051300333,1.1146771771925,0.793975698204488
9013-AQORL,0.636412511162661,-0.638518657982757,-0.176010571085054
2898-MRKPI,1.45081978556327,1.20607601220164,0.793975698204488
2750-BJLSB,0.595692147442631,1.29415125321044,1.27896883284926
3648-GZPHF,-0.0151133083578247,-0.947612900013656,-0.661003705729825
2075-RMJIK,-1.11456312879864,-0.510560288969965,-0.661003705729825
9588-YRFHY,0.677132874882691,-1.49102051906798,-1.1459968403746
6394-MFYNG,0.636412511162661,1.41712423122274,1.27896883284926
1564-NTYXF,-0.788800219038401,0.572931355138347,-0.176010571085054
9364-YKUVW,-0.707359491598341,-1.49434411306831,-1.1459968403746
5392-AKEMH,-0.829520582758432,-0.655136627984418,-1.1459968403746
2451-YMUXS,1.41009942184324,-0.00703579791963009,0.793975698204488
3914-FDRHP,-0.951681673918523,0.714184100152467,-0.176010571085054
3078-ZKNTS,-0.788800219038401,-1.49600591006848,-1.1459968403746
1024-KPRBB,0.229208873962357,0.808906529161936,-0.176010571085054
4690-PKDQG,0.392090328842479,1.02327834218337,0.793975698204488
8155-IBNHG,-0.340876218118068,0.353574151116419,-0.661003705729825
0886-QGENL,-0.218715126957977,1.2127232002023,0.793975698204488
9547-ITEFG,-0.951681673918523,1.25759171920679,1.27896883284926
1264-FUHCX,0.677132874882691,-0.28123230294704,0.308982563559717
7789-CRUVC,1.16577723952306,0.978409823178881,1.27896883284926
6598-KELSS,0.717853238602722,-0.721608507991063,-0.176010571085054
8739-WWKDU,-0.300155854398037,0.822200905163265,0.308982563559717
8685-WHQPW,-0.422316945558128,0.320338211113097,-0.661003705729825
4745-LSPLO,-1.27744458367877,-1.47107895506598,-1.1459968403746
8083-YTZES,-1.15528349251868,0.31867641411293,-0.661003705729825
7240-FQLHE,-0.58519840043825,1.16286929019732,0.793975698204488
6664-FPDAC,0.962175420922904,1.56834775823786,1.76396196749403
9972-VAFJJ,0.840014329762813,0.971762635178217,0.793975698204488
0422-UXFAP,0.758573602322752,1.13295694419433,0.793975698204488
1904-WAJAA,-0.340876218118068,-0.0136829859202947,0.793975698204488
5130-YPIRV,1.20649760324309,0.240571955105122,0.793975698204488
2843-CQMEG,-0.340876218118068,-0.500589506968969,-0.661003705729825
6439-PKTRR,1.53226051300333,0.529724633134028,1.76396196749403
5351-QESIO,-1.27744458367877,-1.34810597705369,-1.63098997501937
0786-VSSUD,-0.66663912787831,-0.856214065004519,-0.661003705729825
5568-DMXZS,-0.992402037638553,0.0228765480833603,0.308982563559717
8468-FZTOE,1.61370124044339,0.31867641411293,1.27896883284926
6633-SYEUS,-0.381596581838098,0.612814483142334,0.308982563559717
6447-GORXK,-0.0558336720778551,-1.32151722505103,-1.63098997501937
6967-PEJLL,0.188488510242327,-0.816330937000532,-0.176010571085054
3976-BWUCK,-0.0965540357978854,0.975086229178549,0.793975698204488
5981-ZVXOT,0.107047782802266,1.44869837422589,1.76396196749403
1684-FLBGS,-0.381596581838098,0.157482105096816,0.793975698204488
1389-WNUIB,-0.503757672998189,0.373515715118412,0.793975698204488
0376-OIWME,0.147768146522297,0.958468259176887,0.308982563559717
3585-ISXZP,-0.992402037638553,1.0266019361837,0.308982563559717
0218-QNVAS,1.57298087672336,1.18945804219998,0.793975698204488
6583-QGCSI,0.717853238602722,0.774008792158448,0.308982563559717
0804-YGEQV,0.432810692562509,-1.33979699205286,-0.661003705729825
7164-BPTUT,1.00289578464293,0.823862702163431,2.2489551021388
4174-LPGTI,0.351369965122448,0.0577742850868488,0.308982563559717
2523-EWWZL,-0.218715126957977,0.376839309118744,-0.661003705729825
0928-XUTSN,-0.788800219038401,0.523077445133363,-0.661003705729825
2108-XWMPY,-1.1960038562387,-0.974201652016314,-0.661003705729825
0052-YNYOT,1.41009942184324,-1.46941715806582,-1.1459968403746
6304-IJFSQ,-1.1960038562387,-0.493942318968304,-0.661003705729825
9586-JGQKH,1.28793833068315,1.35065235121609,1.27896883284926
4501-VCPFK,-0.259435490678007,-0.964230870015317,-0.661003705729825
6075-SLNIL,0.229208873962357,1.00832216918187,0.793975698204488
9347-AERRL,-0.381596581838098,-1.51096208306997,-1.1459968403746
0093-XWZFY,0.310649601402418,1.3207400052131,1.27896883284926
2274-XUATA,1.61370124044339,-0.0552279109244475,1.27896883284926
1980-KXVPM,-1.1960038562387,0.341941572115256,-0.661003705729825
7703-ZEKEF,-0.381596581838098,0.539695415135025,-0.176010571085054
0723-DRCLG,-1.27744458367877,0.322000008113263,-0.661003705729825
5482-NUPNA,-1.15528349251868,-0.144964948933418,0.308982563559717
6691-CCIHA,1.20649760324309,0.670977378148148,1.76396196749403
1685-BQULA,0.310649601402418,0.951821071176223,0.793975698204488
9053-EJUNL,0.351369965122448,0.812230123162269,0.308982563559717
0666-UXTJO,0.066327419082236,0.679286363148979,-0.176010571085054
1471-GIQKQ,-1.27744458367877,-0.492280521968138,-0.661003705729825
4807-IZYOZ,0.758573602322752,-1.46609356406549,-1.1459968403746
1122-JWTJW,-1.27744458367877,0.195703436100637,-1.1459968403746
9710-NJERN,0.269929237682388,-1.48271153406715,-1.1459968403746
9837-FWLCH,-0.829520582758432,-1.5142856770703,-1.1459968403746
1699-HPSBG,-0.829520582758432,-0.164906512935412,-0.176010571085054
7203-OYKCT,1.61370124044339,1.3356961782146,1.27896883284926
1035-IPQPU,1.24721796696312,1.28750406520978,1.27896883284926
7398-LXGYX,0.473531056282539,0.66599198714765,0.308982563559717
2823-LKABH,-0.58519840043825,1.0066603721817,0.793975698204488
8775-CEBBJ,-0.951681673918523,-0.683387176987242,-1.1459968403746
0550-DCXLH,-0.788800219038401,0.285440474109607,0.793975698204488
9281-CEDRU,1.45081978556327,-0.0219919709211253,0.308982563559717
2235-DWLJU,-1.07384276507861,-0.676739988986578,-0.661003705729825
0871-OPBXW,-1.23672421995873,-1.48603512806748,-1.1459968403746
3605-JISKB,0.921455057202873,-0.158259324934747,0.308982563559717
6894-LFHLY,-1.27744458367877,0.365206730117582,-0.661003705729825
9767-FFLEM,0.229208873962357,0.157482105096816,-1.1459968403746
0639-TSIQW,1.41009942184324,1.26922429820795,1.27896883284926
8456-QDAVC,-0.544478036718219,0.463252753127383,-0.661003705729825
7750-EYXWZ,-0.829520582758432,-0.136655963932588,0.793975698204488
2569-WGERO,1.61370124044339,-1.44947559406383,-1.1459968403746
6840-RESVB,-0.340876218118068,0.66599198714765,1.76396196749403
2234-XADUH,1.61370124044339,1.27753328320878,1.27896883284926
4801-JZAZL,-0.870240946478462,-1.16863190103575,-1.1459968403746
8361-LTMKD,-1.15528349251868,0.320338211113097,-0.661003705729825
3186-AJIEK,1.36937905812321,1.35896133621692,1.27896883284926
