customerID,SeniorCitizen,tenure,MonthlyCharges,TotalCharges,gender_Male,Partner_Yes,Dependents_Yes,PhoneService_Yes,MultipleLines_No phone service,MultipleLines_Yes,InternetService_Fiber optic,InternetService_No,OnlineSecurity_No internet service,OnlineSecurity_Yes,OnlineBackup_No internet service,OnlineBackup_Yes,DeviceProtection_No internet service,DeviceProtection_Yes,TechSupport_No internet service,TechSupport_Yes,StreamingTV_No internet service,StreamingTV_Yes,StreamingMovies_No internet service,StreamingMovies_Yes,Contract_One year,Contract_Two year,PaperlessBilling_Yes,PaymentMethod_Credit card (automatic),PaymentMethod_Electronic check,PaymentMethod_Mailed check,Churn
7590-VHVEG,0,-1.27744458367877,-1.16032291603492,-0.994241935310123,0,1,0,0,1,0,0,0,0,0,0,1,0,0,0,0,0,0,0,0,0,0,1,0,1,0,0
5575-GNVDE,0,0.066327419082236,-0.259628941944881,-0.173244125749594,1,0,0,1,0,0,0,0,0,1,0,0,0,1,0,0,0,0,0,0,1,0,0,0,0,1,0
3668-QPYBK,0,-1.23672421995873,-0.36266035595518,-0.959674071202044,1,0,0,1,0,0,0,0,0,1,0,1,0,0,0,0,0,0,0,0,0,0,1,0,0,1,1
7795-CFOCW,0,0.51425142000257,-0.746535462993555,-0.194766263364777,1,0,0,0,1,0,0,0,0,1,0,0,0,1,0,1,0,0,0,0,1,0,0,0,0,0,0
9237-HQITU,0,-1.23672421995873,0.197365233100803,-0.940469702253111,0,0,0,1,0,0,1,0,0,0,0,0,0,0,0,0,0,0,0,0,0,0,1,0,1,0,1
9305-CDSKC,0,-0.992402037638553,1.15954569619699,-0.645185974172795,0,0,0,1,0,1,1,0,0,0,0,0,0,1,0,0,0,1,0,1,0,0,1,0,1,0,1
1452-KIOVK,0,-0.422316945558128,0.808906529161936,-0.14679948896704,1,0,1,1,0,1,1,0,0,0,0,1,0,0,0,0,0,1,0,0,0,0,1,1,0,0,0
6713-OKOMC,0,-0.910961310198492,-1.16364651003525,-0.874137370423751,0,0,0,0,1,0,0,0,0,1,0,0,0,0,0,0,0,0,0,0,0,0,0,0,0,1,0
7892-POOKP,0,-0.177994763237946,1.3307107872141,0.337349274431747,0,1,0,1,0,1,1,0,0,0,0,0,0,1,0,1,0,1,0,1,0,0,1,0,1,0,1
6388-TABGU,0,1.20649760324309,-0.286217693947539,0.532439174168148,1,0,1,1,0,0,0,0,0,1,0,1,0,0,0,0,0,0,0,0,1,0,0,0,0,0,0
9763-GRSKD,0,-0.788800219038401,-0.492280521968138,-0.74807282896702,1,1,1,1,0,0,0,0,0,1,0,0,0,0,0,0,0,0,0,0,0,0,1,0,0,1,0
7469-LKBCI,0,-0.66663912787831,-1.52259466207113,-0.863144524749534,1,0,0,1,0,0,0,1,1,0,1,0,1,0,1,0,1,0,1,0,0,1,0,1,0,0,0
8091-TTVAX,0,1.04361614836296,1.18281085419931,1.50067047900383,1,1,0,1,0,1,1,0,0,0,0,0,0,1,0,0,0,1,0,1,1,0,0,1,0,0,0
0280-XJGEX,0,0.677132874882691,1.29415125321044,1.21600433881367,1,0,0,1,0,1,1,0,0,0,0,1,0,1,0,0,0,1,0,1,0,0,1,0,0,0,1
5129-JLPIS,0,-0.300155854398037,1.35397594521643,0.178416565888854,1,0,0,1,0,0,1,0,0,1,0,0,0,1,0,1,0,1,0,1,0,0,1,0,1,0,0
3655-SNQYZ,0,1.4915401492833,1.61155448024217,2.47812871052992,0,1,1,1,0,1,1,0,0,1,0,1,0,1,0,1,0,1,0,1,0,1,0,1,0,0,0
8191-XWSZG,0,0.799293966042782,-1.46609356406549,-0.555808399604715,0,0,0,1,0,0,0,1,1,0,1,0,1,0,1,0,1,0,1,0,1,0,0,0,0,1,0
9959-WOFKT,0,1.57298087672336,1.39385907322041,2.25169374883089,1,0,1,1,0,1,1,0,0,1,0,0,0,1,0,0,0,1,0,1,0,1,0,0,0,0,0
4190-MFLUW,0,-0.910961310198492,-0.317791836950695,-0.774164281952812,0,1,1,1,0,0,0,0,0,0,0,0,0,1,0,1,0,0,0,0,0,0,0,1,0,0,1
4183-MYFRB,0,-0.463037309278159,0.840480672165093,-0.18498748699193,0,0,0,1,0,0,1,0,0,0,0,1,0,1,0,0,0,0,0,1,0,0,1,0,1,0,0
8779-QRDMV,1,-1.27744458367877,-0.834610704002359,-0.989915433799789,1,0,0,0,1,0,0,0,0,0,0,0,0,1,0,0,0,0,0,1,0,0,1,0,1,0,1
1680-VDCWW,0,-0.829520582758432,-1.49434411306831,-0.918130827107916,1,1,0,1,0,0,0,1,1,0,1,0,1,0,1,0,1,0,1,0,1,0,0,0,0,0,0
1066-JKSGK,0,-1.27744458367877,-1.48271153406715,-0.998524288845862,1,0,0,1,0,0,0,1,1,0,1,0,1,0,1,0,1,0,1,0,0,0,0,0,0,1,1
3638-WEABW,0,1.04361614836296,-0.16158291893508,0.540010551811233,0,1,0,1,0,1,0,0,0,0,0,1,0,0,0,1,0,0,0,0,0,1,1,1,0,0,0
6322-HRPFA,0,0.677132874882691,-0.171553700936076,0.303907183675847,1,1,1,1,0,0,0,0,0,1,0,1,0,0,0,1,0,0,0,0,0,0,0,1,0,0,0
6865-JZNKO,0,-0.0965540357978854,-0.314468242950363,-0.331691206571939,0,0,0,1,0,0,0,0,0,1,0,1,0,0,0,0,0,0,0,0,0,0,1,0,0,0,0
6467-CHFZW,0,0.595692147442631,1.14957491419599,1.08923342976342,1,1,1,1,0,1,1,0,0,0,0,1,0,0,0,0,0,1,0,1,0,0,1,0,1,0,1
8665-UTDHZ,0,-1.27744458367877,-1.14869033703376,-0.99408741739904,1,1,1,0,1,0,0,0,0,0,0,1,0,0,0,0,0,0,0,0,0,0,0,0,1,0,1
5248-YGIJN,0,1.61370124044339,0.847127860165757,1.80456306213022,1,1,0,1,0,1,0,0,0,1,0,1,0,1,0,1,0,1,0,1,0,1,1,1,0,0,0
8773-HHUOZ,0,-0.62591876415828,-0.00205040691913153,-0.524838595426149,0,0,1,1,0,0,0,0,0,0,0,0,0,0,0,0,0,1,0,1,0,0,1,0,0,1,1
3841-NFECX,1,1.57298087672336,1.04986709418602,1.98005126114633,0,1,0,1,0,1,1,0,0,1,0,1,0,1,0,1,0,0,0,0,0,1,1,1,0,0,0
4929-XIHVW,1,-1.23672421995873,1.0216165451832,-0.927225309874537,1,1,0,1,0,0,1,0,0,0,0,0,0,1,0,0,0,1,0,1,0,0,1,1,0,0,0
6827-IEAUQ,0,-0.218715126957977,0.0461417060856861,-0.179888395926179,0,1,1,1,0,0,0,0,0,1,0,1,0,1,0,1,0,0,0,0,1,0,0,0,0,1,0
7310-EGVHZ,0,-1.27744458367877,-1.48104973706698,-0.998502214858565,1,0,0,1,0,0,0,1,1,0,1,0,1,0,1,0,1,0,1,0,0,0,0,0,0,0,0
3413-BMNZE,1,-1.27744458367877,-0.648489439983754,-0.987443147222455,1,0,0,1,0,0,0,0,0,0,0,0,0,0,0,0,0,0,0,0,0,0,0,0,0,0,0
6234-RAAPL,0,1.61370124044339,1.16785468119782,2.19405856799679,0,1,1,1,0,1,1,0,0,1,0,1,0,0,0,1,0,1,0,0,0,1,0,0,0,0,0
6047-YHPVI,0,-1.11456312879864,0.164129293097481,-0.867515174234464,1,0,0,1,0,0,1,0,0,0,0,0,0,0,0,0,0,0,0,0,0,0,1,0,1,0,1
6572-ADKRS,0,0.5549717837226,0.333632587114425,0.55908247683638,0,0,0,1,0,0,1,0,0,0,0,0,0,1,0,0,0,0,0,0,0,0,1,1,0,0,0
5380-WJKOV,0,0.066327419082236,1.38222649421925,0.559501882595035,1,0,0,1,0,1,1,0,0,0,0,1,0,1,0,0,0,1,0,1,0,0,1,0,1,0,1
8168-UQWWF,0,-0.870240946478462,1.09972100419101,-0.519408394550933,0,0,0,1,0,1,1,0,0,0,0,0,0,1,0,0,0,1,0,1,0,0,1,0,0,0,1
8865-TNMNX,0,-0.910961310198492,-0.505574897969467,-0.79740819057721,1,1,1,1,0,0,0,0,0,0,0,1,0,0,0,0,0,0,0,0,1,0,0,0,0,1,0
9489-DEDVP,0,1.53226051300333,0.147511323095819,1.14362373446476,0,1,1,1,0,1,0,0,0,1,0,1,0,0,0,0,0,1,0,0,0,1,1,1,0,0,0
9867-JCZSP,0,-0.62591876415828,-1.46276997006515,-0.82277120198218,0,1,1,1,0,0,0,1,1,0,1,0,1,0,1,0,1,0,1,0,1,0,0,0,0,1,0
4671-VJLCL,0,1.24721796696312,0.501474084131204,1.13881160523388,0,0,0,1,0,1,0,0,0,1,0,1,0,1,0,1,0,1,0,0,0,1,1,1,0,0,0
4080-IIARD,0,-0.788800219038401,0.380162903119077,-0.574129809061743,0,1,0,1,0,1,0,0,0,1,0,1,0,0,0,1,0,1,0,0,0,0,1,0,1,0,0
3714-NTNFO,0,0.677132874882691,0.656021205146653,0.717308817785749,0,0,0,1,0,1,1,0,0,0,0,0,0,0,0,0,0,0,0,1,0,0,1,0,1,0,0
5948-UJZLF,0,-1.23672421995873,-0.515545679970464,-0.964596570369414,1,0,0,1,0,0,0,0,0,0,0,1,0,0,0,0,0,0,0,0,0,0,0,0,0,1,0
7760-OYPDY,0,-1.23672421995873,0.528062836133862,-0.943780800347755,0,0,0,1,0,0,1,0,0,0,0,0,0,0,0,0,0,1,0,0,0,0,1,0,1,0,1
7639-LIAYI,0,0.799293966042782,0.498150490130871,0.854653166751566,1,0,0,1,0,1,0,0,0,1,0,0,0,0,0,1,0,1,0,1,0,1,1,1,0,0,0
2954-PIBKO,0,1.4915401492833,-0.0203301739209588,0.870678881529641,0,1,1,1,0,1,0,0,0,1,0,0,0,1,0,1,0,0,0,0,0,1,1,1,0,0,0
8012-SOUDQ,1,0.432810692562509,0.847127860165757,0.687310269048278,0,0,0,1,0,1,1,0,0,0,0,1,0,0,0,0,0,1,0,0,0,0,1,0,1,0,0
9420-LOJKX,0,-0.707359491598341,1.14126592919516,-0.377693396100187,0,0,0,1,0,0,1,0,0,1,0,1,0,0,0,0,0,1,0,1,0,0,1,1,0,0,1
6575-SUVOI,1,-0.300155854398037,0.157482105096816,-0.233660628983191,0,1,0,1,0,1,0,0,0,1,0,0,0,0,0,1,0,1,0,0,0,0,1,1,0,0,0
7495-OOKFY,1,-0.992402037638553,0.528062836133862,-0.727830982615099,0,1,0,1,0,1,1,0,0,0,0,1,0,0,0,0,0,0,0,0,0,0,1,1,0,0,1
4667-QONEA,1,1.12505687580303,0.335294384114591,0.95996816014853,0,1,1,1,0,0,0,0,0,1,0,1,0,1,0,1,0,0,0,1,1,0,1,1,0,0,0
1658-BYGOY,1,-0.58519840043825,1.01995474818303,-0.233704776957786,1,0,0,1,0,1,1,0,0,0,0,0,0,0,0,0,0,1,0,1,0,0,1,0,1,0,1
8769-KKTPH,0,1.24721796696312,1.15954569619699,1.77884686692849,0,1,1,1,0,1,1,0,0,1,0,0,0,0,0,0,0,1,0,1,1,0,1,1,0,0,0
5067-XJQFU,1,1.36937905812321,1.45202196822623,2.11664509454403,1,1,1,1,0,1,1,0,0,0,0,1,0,1,0,1,0,1,0,1,1,0,1,0,1,0,0
3957-SQXML,0,0.066327419082236,-1.3231790220512,-0.612604768921502,0,1,1,1,0,1,0,1,1,0,1,0,1,0,1,0,1,0,1,0,0,1,0,1,0,0,0
5954-BDFSG,0,1.61370124044339,1.42044782522307,2.45982937506019,0,0,0,1,0,1,1,0,0,0,0,0,0,1,0,1,0,1,0,1,0,1,1,1,0,0,0
0434-CSFON,0,0.595692147442631,1.18779624519981,1.07066920644611,0,1,0,1,0,1,1,0,0,0,0,0,0,1,0,0,0,1,0,1,0,0,1,0,1,0,0
1215-FIGMP,0,1.12505687580303,0.835495281164595,1.39895354553638,1,0,0,1,0,1,1,0,0,0,0,1,0,0,0,0,0,1,0,0,0,0,1,0,0,0,0
0526-SXDJP,0,1.61370124044339,-0.753182650994219,0.300242901784441,1,1,0,0,1,0,0,0,0,1,0,1,0,1,0,0,0,0,0,0,0,1,0,0,0,0,0
0557-ASKVU,0,-0.58519840043825,-0.344380588953353,-0.584879840875686,0,1,1,1,0,0,0,0,0,0,0,0,0,1,0,1,0,0,0,0,1,0,1,1,0,0,0
5698-BQJOH,0,-0.951681673918523,0.985057011179546,-0.628961593509041,0,0,0,1,0,1,1,0,0,0,0,0,0,0,0,0,0,1,0,1,0,0,0,0,1,0,1
5122-CYFXA,0,-1.1960038562387,0.350250557116086,-0.899654899739804,0,0,0,1,0,0,0,0,0,0,0,1,0,0,0,1,0,1,0,1,0,0,1,0,1,0,0
8627-ZYGSZ,0,0.595692147442631,0.469899941128048,0.604135484910831,1,1,0,1,0,1,1,0,0,0,0,1,0,0,0,0,0,0,0,0,1,0,1,0,1,0,0
3410-YOQBQ,0,-0.0558336720778551,0.479870723129044,0.0950431158657283,0,0,0,1,0,0,0,0,0,0,0,1,0,1,0,1,0,1,0,1,0,1,0,0,0,1,0
3170-NMYVV,0,0.717853238602722,-1.48271153406715,-0.596446610219641,0,1,1,1,0,0,0,1,1,0,1,0,1,0,1,0,1,0,1,0,0,1,0,0,0,0,0
7410-OIEDU,0,-0.910961310198492,0.501474084131204,-0.615673053155872,1,0,0,1,0,0,1,0,0,1,0,0,0,1,0,0,0,0,0,0,0,0,1,0,0,1,0
2273-QCKXA,0,-1.27744458367877,-0.522192867971128,-0.985765524187836,1,0,0,1,0,0,0,0,0,0,0,0,0,0,0,1,0,0,0,0,0,0,0,0,0,1,0
0731-EBJQB,0,0.799293966042782,-1.47440254906632,-0.525920220803732,0,1,1,1,0,0,0,1,1,0,1,0,1,0,1,0,1,0,1,0,1,0,1,0,1,0,0
1891-QRQSA,1,1.28793833068315,1.55671517923669,2.12664461078985,1,1,1,1,0,1,1,0,0,1,0,0,0,1,0,1,0,1,0,1,0,1,1,0,0,0,0
8028-PNXHQ,0,1.20649760324309,-1.34644418005352,-0.378488059642902,1,1,1,1,0,1,0,1,1,0,1,0,1,0,1,0,1,0,1,0,0,1,1,0,0,0,0
5630-AHZIL,0,-1.1960038562387,-0.00869759491979612,-0.929101598794835,0,0,1,1,0,0,0,0,0,1,0,0,0,0,0,1,0,0,0,1,0,0,1,0,0,0,0
2673-CXQEU,1,0.962175420922904,1.52015564523304,1.70304479454845,0,0,0,1,0,1,1,0,0,1,0,1,0,1,0,0,0,1,0,1,1,0,0,0,1,0,0
6416-JNVRK,0,0.5549717837226,-0.3028356639492,0.179652709177521,0,0,0,1,0,0,0,0,0,0,0,0,0,0,0,0,0,0,0,1,1,0,0,1,0,0,0
5590-ZSKRV,0,-0.992402037638553,-0.336071603952522,-0.794516498241221,0,1,1,1,0,0,0,0,0,1,0,1,0,0,0,0,0,0,0,0,0,0,0,0,0,1,0
0191-ZHSKZ,1,-0.0965540357978854,0.331970790114259,-0.0753239180973336,1,0,0,1,0,0,0,0,0,1,0,1,0,0,0,0,0,1,0,1,0,0,1,0,1,0,0
3887-PBQAO,0,0.51425142000257,-1.29160487904804,-0.470315846801018,0,1,1,1,0,1,0,1,1,0,1,0,1,0,1,0,1,0,1,0,1,0,1,1,0,0,0
5919-TMRGD,0,-1.27744458367877,0.484856114129542,-0.972388687885475,0,0,1,1,0,0,1,0,0,0,0,0,0,0,0,0,0,1,0,0,0,0,1,0,1,0,1
8108-UXRQN,0,-0.870240946478462,-0.472338957966145,-0.75782953135257,0,1,1,0,1,0,0,0,0,1,0,0,0,0,0,0,0,1,0,1,0,0,0,0,1,0,0
9191-MYQKX,0,-1.03312240135858,0.345265166115588,-0.788048819963017,0,1,0,1,0,0,1,0,0,0,0,0,0,1,0,0,0,0,0,0,0,0,1,0,0,0,1
9919-YLNNG,0,0.392090328842479,1.29747484721078,0.903083494882553,0,0,0,1,0,0,1,0,0,0,0,1,0,1,0,1,0,1,0,1,0,0,1,0,0,0,0
0318-ZOPWS,0,0.677132874882691,-1.48271153406715,-0.577705795003958,0,1,0,1,0,0,0,1,1,0,1,0,1,0,1,0,1,0,1,0,0,1,1,0,0,0,0
4445-ZJNMU,0,-0.951681673918523,1.14791311719583,-0.601810589132964,1,0,0,1,0,1,1,0,0,0,0,1,0,0,0,0,0,1,0,1,0,0,1,1,0,0,0
4808-YNLEU,0,0.107047782802266,-0.086802053927604,-0.029343802556383,0,1,0,1,0,0,0,0,0,1,0,0,0,0,0,0,0,1,0,0,1,0,1,0,0,0,0
1862-QRWPE,0,0.636412511162661,-1.46609356406549,-0.540776014255033,0,1,1,1,0,0,0,1,1,0,1,0,1,0,1,0,1,0,1,0,0,1,0,0,0,0,0
2796-NNUFI,0,0.5549717837226,-1.48935872206781,-0.598124233254261,0,1,1,1,0,0,0,1,1,0,1,0,1,0,1,0,1,0,1,0,0,1,1,0,0,1,0
3016-KSVCP,0,-0.137274399517916,-1.03070275002196,-0.561856672124264,1,1,0,0,1,0,0,0,0,0,0,0,0,0,0,0,0,1,0,0,0,0,0,0,0,1,0
4767-HZZHQ,0,-0.0965540357978854,0.574593152138513,0.127271137320259,1,1,1,1,0,0,1,0,0,0,0,1,0,1,0,0,0,0,0,0,0,0,0,0,0,0,0
2424-WVHPL,1,-1.27744458367877,0.330308993114093,-0.974441568704155,1,0,0,1,0,0,1,0,0,0,0,0,0,0,0,1,0,0,0,0,0,0,0,0,1,0,0
7233-PAHHL,0,1.36937905812321,0.639403235144992,1.51530553258215,1,1,1,1,0,1,0,0,0,1,0,0,0,1,0,1,0,1,0,1,0,1,1,0,0,1,0
6067-NGCEU,0,1.32865869440318,1.53843541223486,2.13017644875747,0,0,0,1,0,1,1,0,0,1,0,1,0,1,0,0,0,1,0,1,0,0,1,1,0,0,0
9848-JQJTX,0,1.61370124044339,1.20109062120114,2.28559939332004,1,0,0,1,0,1,1,0,0,0,0,1,0,1,0,0,0,1,0,1,0,1,1,0,0,0,0
8637-XJIVR,0,-0.829520582758432,0.471561738128214,-0.598013863317773,0,0,0,1,0,1,1,0,0,1,0,0,0,0,0,0,0,0,0,0,0,0,1,0,1,0,1
9803-FTJCG,0,1.57298087672336,0.0694068640880115,1.08903476387774,1,1,1,1,0,1,0,0,0,1,0,1,0,0,0,1,0,0,0,0,1,0,1,1,0,0,0
0278-YXOOG,0,-1.11456312879864,-1.45279918806416,-0.957157636650115,1,0,0,1,0,0,0,1,1,0,1,0,1,0,1,0,1,0,1,0,0,0,0,0,0,1,1
3212-KXOCR,0,0.799293966042782,-1.45446098506432,-0.518613731008219,1,0,0,1,0,0,0,1,1,0,1,0,1,0,1,0,1,0,1,0,0,1,0,0,0,0,0
4598-XLKNJ,1,-0.300155854398037,1.12132436519317,0.102680715470706,0,1,0,1,0,0,1,0,0,0,0,1,0,1,0,0,0,1,0,1,0,0,1,0,1,0,1
6380-ARCEH,0,-1.27744458367877,-1.48104973706698,-0.998502214858565,1,0,0,1,0,0,0,1,1,0,1,0,1,0,1,0,1,0,1,0,0,0,0,0,0,1,0
3679-XASPY,0,-1.27744458367877,-1.50597669206947,-0.998833324668029,0,1,1,1,0,0,0,1,1,0,1,0,1,0,1,0,1,0,1,0,0,0,0,0,1,0,0
7123-WQUHX,0,0.229208873962357,1.00499857518154,0.584379266279457,1,0,0,1,0,1,1,0,0,0,0,0,0,1,0,1,0,1,0,0,1,0,0,0,0,0,0
5386-THSLQ,1,1.36937905812321,-0.638518657982757,0.32904945520784,0,1,0,0,1,0,0,0,0,0,0,1,0,1,0,0,0,1,0,0,1,0,0,0,0,0,0
3192-NQECA,0,1.45081978556327,1.50353767523138,2.35305749850158,1,1,0,1,0,1,1,0,0,0,0,1,0,1,0,1,0,1,0,1,0,1,1,0,0,0,1
6180-YBIQI,0,-1.11456312879864,-1.34478238305336,-0.963183835182366,1,0,0,0,1,0,0,0,0,0,0,0,0,0,0,0,0,0,0,0,0,0,0,0,0,1,0
6728-DKUCO,0,1.61370124044339,1.30910742621194,2.21672855295145,0,1,1,1,0,1,1,0,0,1,0,1,0,0,0,0,0,1,0,1,1,0,1,0,1,0,0
9750-BOOHV,0,-0.0151133083578247,-1.15035213403392,-0.597881419393987,0,0,0,0,1,0,0,0,0,1,0,0,0,0,0,0,0,0,0,0,1,0,0,0,0,1,0
8597-CWYHH,0,0.432810692562509,0.983395214179379,0.723754422076655,1,0,0,1,0,1,1,0,0,0,0,0,0,0,0,0,0,1,0,1,1,0,0,0,0,1,0
2848-YXSMW,0,1.61370124044339,-1.50763848906964,-0.405572842057086,1,1,1,1,0,0,0,1,1,0,1,0,1,0,1,0,1,0,1,0,0,1,0,1,0,0,0
0486-HECZI,0,0.921455057202873,1.06316147018735,1.30544813534364,1,1,0,1,0,1,1,0,0,1,0,1,0,0,0,0,0,1,0,0,0,0,1,0,1,0,1
4549-ZDQYY,0,0.799293966042782,-0.226393001941558,0.335671651397128,0,0,0,1,0,0,0,0,0,1,0,0,0,1,0,1,0,0,0,0,1,0,0,1,0,0,0
5712-AHQNN,0,0.432810692562509,0.893658176170409,0.738234957743896,0,0,0,1,0,0,1,0,0,0,0,1,0,1,0,0,0,1,0,0,0,0,1,0,1,0,0
4846-WHAFZ,1,0.188488510242327,0.390133685120074,0.258810027626801,0,1,0,1,0,1,1,0,0,0,0,0,0,0,0,0,0,0,0,0,0,0,1,0,1,0,1
5256-SKJGO,0,1.28793833068315,-0.337733400952688,0.503985804541511,0,1,1,0,1,0,0,0,0,0,0,1,0,0,0,1,0,1,0,1,0,1,1,0,1,0,0
3071-VBYPO,0,-1.1960038562387,0.833833484164428,-0.897756536832209,1,1,1,1,0,0,1,0,0,1,0,1,0,0,0,0,0,1,0,0,0,0,0,0,1,0,0
9560-BBZXK,0,0.147768146522297,-1.12043978803093,-0.510159393873229,0,0,0,0,1,0,0,0,0,1,0,0,0,0,0,0,0,0,0,0,0,1,0,0,0,0,0
5299-RULOA,0,-0.910961310198492,1.17948726019898,-0.537398694198497,0,1,1,1,0,1,1,0,0,1,0,0,0,0,0,0,0,1,0,1,0,0,1,0,1,0,1
8402-OOOHJ,0,0.351369965122448,-1.46609356406549,-0.638718295894591,0,0,0,1,0,0,0,1,1,0,1,0,1,0,1,0,1,0,1,0,0,1,0,0,0,1,0
9445-ZUEQE,0,-0.218715126957977,0.679286363148979,-0.0575322843354488,1,1,1,1,0,1,1,0,0,0,0,1,0,0,0,1,0,0,0,0,0,0,1,1,0,0,0
1091-SOZGA,0,0.962175420922904,1.16453108719749,1.4275393590868,0,1,1,1,0,1,1,0,0,0,0,0,0,1,0,0,0,1,0,1,1,0,1,1,0,0,0
2928-HLDBA,0,-1.07384276507861,-1.46443176706532,-0.957643264370663,0,0,0,1,0,0,0,1,1,0,1,0,1,0,1,0,1,0,1,0,0,0,0,0,0,1,0
0404-SWRVG,0,-1.1960038562387,0.320338211113097,-0.906078430043413,1,0,0,1,0,1,1,0,0,0,0,0,0,0,0,0,0,0,0,0,0,0,1,0,1,0,1
6497-TILVL,0,-1.03312240135858,-0.467353566965646,-0.852747676732353,0,1,1,1,0,0,0,0,0,1,0,0,0,0,0,0,0,0,0,0,0,0,0,0,0,1,0
7219-TLZHO,0,-1.15528349251868,-1.45944637606482,-0.979651029706394,0,1,1,1,0,0,0,1,1,0,1,0,1,0,1,0,1,0,1,0,0,0,0,0,0,1,0
4622-YNKIJ,0,0.0256070553622056,0.803921138161438,0.329226047106221,1,0,0,1,0,0,1,0,0,1,0,0,0,0,0,1,0,1,0,0,0,1,1,0,1,0,0
4412-YLTKF,1,-0.218715126957977,0.441649392125223,-0.0646401082452837,0,0,0,1,0,1,1,0,0,0,0,0,0,1,0,0,0,0,0,0,0,0,1,0,1,0,1
6734-PSBAW,0,1.61370124044339,-1.36970933805585,-0.246331097692027,1,1,0,1,0,1,0,1,1,0,1,0,1,0,1,0,1,0,1,0,0,1,1,0,0,0,0
3930-ZGWVE,0,-1.27744458367877,-1.49600591006848,-0.998700880744243,1,0,0,1,0,0,0,1,1,0,1,0,1,0,1,0,1,0,1,0,0,0,0,0,0,1,0
2639-UGMAZ,1,1.57298087672336,-0.276246911946542,0.752031199804912,1,0,0,0,1,0,0,0,0,1,0,1,0,0,0,0,0,1,0,1,1,0,1,0,1,0,0
2876-GZYZC,0,-0.788800219038401,0.704213318151471,-0.470735252559672,0,0,0,1,0,1,1,0,0,0,0,0,0,0,0,0,0,0,0,1,0,0,1,0,1,0,0
6207-WIOLX,0,-0.300155854398037,-0.204789640939399,-0.344030565471311,0,1,1,0,1,0,0,0,0,1,0,1,0,1,0,0,0,1,0,1,0,0,1,1,0,0,1
8587-XYZSF,0,1.41009942184324,-0.472338957966145,0.431848014052875,1,0,0,1,0,0,0,0,0,0,0,0,0,0,0,1,0,0,0,0,0,1,0,0,0,0,0
3091-FYHKI,0,-1.27744458367877,-0.974201652016314,-0.991769648732789,1,0,0,0,1,0,0,0,0,0,0,0,0,0,0,0,0,0,0,1,0,0,1,0,1,0,1
2372-HWUHI,0,-1.23672421995873,-0.678401785986744,-0.971549876368166,1,0,0,1,0,0,0,0,0,0,0,0,0,0,0,0,0,0,0,0,0,0,0,0,1,0,1
7799-LGRDP,0,0.432810692562509,-1.29825206704871,-0.482853871586068,0,0,0,1,0,1,0,1,1,0,1,0,1,0,1,0,1,0,1,0,0,1,1,1,0,0,0
7850-VWJUU,0,-0.381596581838098,0.34027977511509,-0.222248377550319,0,0,0,1,0,0,1,0,0,1,0,0,0,0,0,0,0,0,0,0,0,0,1,0,0,0,0
3774-VBNXY,0,1.28793833068315,-1.48104973706698,-0.443319360336023,0,1,1,1,0,0,0,1,1,0,1,0,1,0,1,0,1,0,1,0,0,1,0,0,0,1,0
6217-KDYWC,0,1.00289578464293,-1.50099130106898,-0.490645989102129,1,0,1,1,0,0,0,1,1,0,1,0,1,0,1,0,1,0,1,0,0,1,1,0,0,1,0
0390-DCFDQ,1,-1.27744458367877,0.189056248099973,-0.976317857624453,0,1,0,1,0,0,1,0,0,0,0,0,0,0,0,0,0,0,0,0,0,0,1,0,0,1,1
3146-MSEGF,1,1.61370124044339,0.774008792158448,1.82937422385275,0,1,1,1,0,1,0,0,0,1,0,1,0,1,0,1,0,1,0,1,0,1,1,1,0,0,0
4080-OGPJL,0,-0.992402037638553,0.212321406102298,-0.758580046920689,0,0,0,1,0,1,0,0,0,1,0,0,0,0,0,1,0,0,0,1,0,0,0,0,1,0,1
1095-WGNGG,0,1.16577723952306,1.20607601220164,1.62876582729194,0,1,0,1,0,1,1,0,0,0,0,1,0,0,0,0,0,1,0,1,0,1,1,0,0,0,0
2636-SJDOU,0,1.28793833068315,0.649374017145989,1.32758834460316,1,0,0,1,0,1,1,0,0,1,0,1,0,0,0,0,0,0,0,0,1,0,1,1,0,0,0
1131-QQZEB,1,1.57298087672336,-1.35641496205452,-0.232093375885059,1,1,0,1,0,1,0,1,1,0,1,0,1,0,1,0,1,0,1,0,0,1,0,0,0,0,0
5716-EZXZN,0,1.32865869440318,1.139604132195,1.82542298012647,0,1,1,1,0,1,1,0,0,1,0,1,0,0,0,1,0,1,0,0,0,1,1,1,0,0,0
6837-BJYDQ,0,-1.1960038562387,-1.50099130106898,-0.98033532331262,1,0,0,1,0,0,0,1,1,0,1,0,1,0,1,0,1,0,1,0,1,0,0,0,0,1,0
2135-RXIHG,0,-1.27744458367877,-0.635195063982425,-0.987266555324074,1,0,0,1,0,0,0,0,0,0,0,0,0,0,0,0,0,0,0,0,0,0,1,0,1,0,1
6440-DKQGE,0,-0.0965540357978854,-0.00869759491979612,-0.155386270025816,1,0,1,1,0,0,0,0,0,0,0,1,0,1,0,0,0,1,0,0,1,0,0,1,0,0,0
3466-BYAVD,0,-0.707359491598341,0.157482105096816,-0.534418705913318,1,1,1,1,0,0,0,0,0,0,0,1,0,1,0,1,0,0,0,1,0,0,1,0,0,1,0
3780-YVMFA,0,-0.992402037638553,0.12590796209366,-0.758271011098523,0,1,1,1,0,0,0,0,0,0,0,0,0,0,0,1,0,1,0,1,0,0,1,0,1,0,0
3874-EQOEP,0,-1.03312240135858,1.00499857518154,-0.718030132254954,1,0,0,1,0,1,1,0,0,0,0,0,0,0,0,0,0,1,0,1,0,0,0,0,0,1,1
1679-JRFBR,0,1.53226051300333,1.44205118622523,2.49375709353664,0,1,1,1,0,1,1,0,0,1,0,1,0,1,0,0,0,1,0,1,1,0,1,1,0,0,0
9073-ZZIAY,0,1.20649760324309,0.709198709151969,1.29500713935187,1,1,1,1,0,0,0,0,0,1,0,1,0,1,0,1,0,1,0,1,0,1,0,0,1,0,0
3077-RSNTJ,0,-1.07384276507861,-1.49766770706864,-0.957312154561198,0,1,1,1,0,0,0,1,1,0,1,0,1,0,1,0,1,0,1,0,0,0,0,0,0,1,0
6551-GNYDG,0,-0.748079855318371,0.536371821134693,-0.498482254592786,0,1,1,1,0,0,1,0,0,0,0,0,0,0,0,0,0,0,0,1,0,0,1,0,0,0,0
9167-APMXZ,0,-0.422316945558128,0.644388626145491,-0.203066082588684,0,0,0,1,0,1,1,0,0,0,0,0,0,0,0,0,0,1,0,0,0,0,1,0,0,0,0
2749-CTKAJ,0,-0.422316945558128,-1.48271153406715,-0.822042760401358,1,1,1,1,0,0,0,1,1,0,1,0,1,0,1,0,1,0,1,0,1,0,0,0,0,1,0
6371-NZYEG,0,-0.66663912787831,-0.0170065799206267,-0.555344845871465,1,1,1,1,0,0,0,0,0,1,0,0,0,1,0,0,0,1,0,0,0,1,0,0,0,1,0
7554-NEWDD,0,-0.910961310198492,-1.29825206704871,-0.896343801645161,1,0,0,1,0,1,0,1,1,0,1,0,1,0,1,0,1,0,1,0,0,1,0,0,0,0,0
8992-VONJD,0,-0.788800219038401,-0.291203084948037,-0.669886765958836,0,0,1,1,0,0,0,0,0,1,0,1,0,0,0,0,0,0,0,0,0,0,1,0,1,0,0
0867-MKZVY,0,-0.503757672998189,0.586225731139676,-0.304429832259373,0,1,0,1,0,1,1,0,0,1,0,0,0,0,0,0,0,0,0,0,0,0,0,0,1,0,1
4482-EWFMI,0,-1.23672421995873,0.164129293097481,-0.94773204407403,0,0,0,1,0,0,1,0,0,0,0,0,0,0,0,0,0,0,0,0,0,0,1,0,1,0,0
4648-YPBTM,0,0.840014329762813,0.303720241111435,0.740067098689599,1,0,0,1,0,1,0,0,0,0,0,1,0,1,0,1,0,0,0,1,0,1,1,0,0,0,0
2907-ILJBN,0,-0.870240946478462,-1.46775536106565,-0.90415799314852,0,1,1,1,0,0,0,1,1,0,1,0,1,0,1,0,1,0,1,0,1,0,0,0,0,1,0
6345-FZOQH,0,1.4915401492833,-1.49102051906798,-0.405484546107896,1,1,0,1,0,0,0,1,1,0,1,0,1,0,1,0,1,0,1,0,0,1,0,0,0,1,0
3376-BMGFE,0,-1.15528349251868,0.204012421101468,-0.886896135081778,0,0,0,1,0,0,1,0,0,0,0,0,0,0,0,0,0,0,0,0,0,0,1,0,0,0,1
5997-OPVFA,0,1.61370124044339,0.80724473216177,1.75379289134568,1,1,0,1,0,1,0,0,0,1,0,1,0,1,0,1,0,1,0,1,0,1,1,0,0,0,0
3445-HXXGF,1,1.04361614836296,-0.646827642983588,0.16303099674241,1,1,0,0,1,0,0,0,0,0,0,1,0,1,0,0,0,0,0,1,0,0,1,0,1,0,1
1159-WFSGR,0,-0.66663912787831,-1.47440254906632,-0.865528515377678,0,1,1,1,0,0,0,1,1,0,1,0,1,0,1,0,1,0,1,0,0,0,0,0,1,0,0
7654-YWJUF,0,0.432810692562509,0.647712220145823,0.55508708513551,1,1,0,1,0,0,1,0,0,1,0,0,0,1,0,1,0,0,0,0,1,0,1,0,0,0,0
1875-QIVME,0,-1.23672421995873,1.31741641121277,-0.900228823409543,0,1,0,1,0,1,1,0,0,0,0,0,0,1,0,1,0,1,0,1,0,0,1,0,1,0,1
6727-IOTLZ,0,-0.748079855318371,0.571269558138181,-0.485701415947462,1,1,0,1,0,0,0,0,0,0,0,1,0,1,0,1,0,1,0,1,0,1,0,0,0,1,0
0691-JVSYA,0,0.840014329762813,1.00001318418104,1.20006691998479,0,1,0,1,0,0,1,0,0,0,0,0,0,1,0,0,0,1,0,1,1,0,1,0,0,0,1
5918-VUKWP,0,-0.0151133083578247,-1.46941715806582,-0.718449538013609,0,0,0,1,0,0,0,1,1,0,1,0,1,0,1,0,1,0,1,0,1,0,0,0,0,0,0
1744-JHKYS,0,0.066327419082236,-1.33148800705203,-0.66297760793468,0,1,0,1,0,1,0,1,1,0,1,0,1,0,1,0,1,0,1,0,0,0,0,0,1,0,0
2656-FMOKZ,1,-0.707359491598341,0.322000008113263,-0.501616760789048,0,0,0,1,0,1,1,0,0,0,0,0,0,0,0,0,0,0,0,0,0,0,1,0,0,1,1
2070-FNEXE,1,-1.03312240135858,0.388471888119907,-0.785090905665136,0,0,0,1,0,0,1,0,0,1,0,0,0,0,0,0,0,0,0,0,0,0,0,0,0,0,1
5947-SGKCL,0,-0.707359491598341,1.34899055421593,-0.3190428118504,0,1,1,1,0,1,1,0,0,0,0,1,0,1,0,0,0,1,0,1,0,0,1,0,0,0,0
3712-PKXZA,0,1.16577723952306,-1.46941715806582,-0.4546874637943,1,1,0,1,0,0,0,1,1,0,1,0,1,0,1,0,1,0,1,0,1,0,1,1,0,0,0
6317-YPKDH,0,-1.27744458367877,-1.15699932203459,-0.994197787335528,0,0,0,0,1,0,0,0,0,0,0,1,0,0,0,0,0,0,0,0,0,0,0,0,0,0,1
6582-OIVSP,0,-1.27744458367877,-0.646827642983588,-0.987421073235157,0,0,0,1,0,0,0,0,0,0,0,0,0,0,0,0,0,0,0,0,0,0,0,0,0,1,0
9367-WXLCH,0,-0.992402037638553,0.656021205146653,-0.714873552071394,1,0,0,1,0,1,1,0,0,0,0,0,0,0,0,0,0,0,0,1,0,0,0,0,0,0,1
5524-KHNJP,0,0.0256070553622056,0.331970790114259,0.0756621550184146,1,1,1,1,0,0,0,0,0,1,0,0,0,1,0,0,0,1,0,1,1,0,0,1,0,0,0
1918-ZBFQJ,0,-0.788800219038401,0.48153252012921,-0.51664914613873,0,0,0,1,0,0,1,0,0,0,0,1,0,1,0,0,0,0,0,0,0,0,1,0,1,0,1
1024-GUALD,0,-1.27744458367877,-1.3281644130517,-0.996471408027183,0,1,0,0,1,0,0,0,0,0,0,0,0,0,0,0,0,0,0,0,0,0,1,0,1,0,1
4827-USJHP,0,-0.503757672998189,-0.430794032961991,-0.555411067833358,1,0,0,1,0,0,0,0,0,0,0,1,0,0,0,0,0,0,0,0,0,0,1,0,0,1,0
8167-GJLRN,0,-1.1960038562387,-1.14204314903309,-0.971152544596809,1,0,0,0,1,0,0,0,0,0,0,0,0,0,0,1,0,0,0,0,0,0,0,0,1,0,0
0956-SYCWG,0,-0.788800219038401,-1.49932950406881,-0.899345863917638,0,0,0,1,0,0,0,1,1,0,1,0,1,0,1,0,1,0,1,0,1,0,0,0,1,0,0
8017-UVSZU,0,0.310649601402418,-0.271261520946044,0.0429043578687404,0,1,0,1,0,1,0,0,0,0,0,1,0,0,0,0,0,0,0,0,0,0,0,1,0,0,0
7100-FQPRV,0,0.432810692562509,0.23724836110479,0.393549646091498,1,1,1,1,0,1,0,0,0,1,0,0,0,0,0,1,0,0,0,1,1,0,1,1,0,0,0
2472-OVKUP,0,-1.07384276507861,0.872054815168249,-0.772994360626038,1,1,0,1,0,0,1,0,0,0,0,1,0,1,0,0,0,0,0,1,0,0,1,0,1,0,1
2984-RGEYA,0,1.4915401492833,-1.49600591006848,-0.400208863143764,0,1,1,1,0,0,0,1,1,0,1,0,1,0,1,0,1,0,1,0,0,1,0,0,0,0,0
9680-NIAUV,0,1.61370124044339,1.49356689323038,2.58150119304469,0,1,1,1,0,1,1,0,0,1,0,1,0,1,0,0,0,1,0,1,0,1,0,1,0,0,0
2146-EGVDT,0,1.084336512083,-1.51096208306997,-0.480867212729282,1,1,1,1,0,0,0,1,1,0,1,0,1,0,1,0,1,0,1,0,0,1,0,1,0,0,0
2604-IJPDU,0,-0.503757672998189,1.05651428218669,-0.167880146836271,0,1,0,1,0,0,1,0,0,1,0,1,0,0,0,1,0,1,0,0,0,0,1,0,1,0,0
9178-JHUVJ,0,-0.340876218118068,-1.35142957105402,-0.748094902954318,1,1,1,1,0,1,0,1,1,0,1,0,1,0,1,0,1,0,1,0,0,1,1,0,0,0,0
6168-YBYNP,0,1.084336512083,1.54840619423586,1.87091746794688,1,0,0,1,0,1,1,0,0,0,0,1,0,1,0,1,0,1,0,1,0,0,1,0,1,0,0
7255-SSFBC,0,1.61370124044339,1.57831854023885,2.54280549331196,1,1,1,1,0,1,1,0,0,0,0,1,0,1,0,1,0,1,0,1,0,1,1,0,0,0,0
3645-DEYGF,0,-1.27744458367877,-1.46276997006515,-0.998259400998291,1,0,1,1,0,0,0,1,1,0,1,0,1,0,1,0,1,0,1,0,0,0,0,0,0,1,0
9323-HGFWY,0,-0.218715126957977,1.23432656120446,0.176253315133687,0,1,0,1,0,0,1,0,0,1,0,0,0,0,0,1,0,1,0,1,1,0,1,1,0,0,0
8544-GOQSH,0,-0.748079855318371,0.508121272131868,-0.516362184303861,0,0,0,1,0,0,1,0,0,0,0,1,0,0,0,1,0,0,0,0,0,0,1,1,0,0,0
3363-DTIVD,0,1.57298087672336,1.35563774221659,2.26195815292429,1,1,1,1,0,1,1,0,0,1,0,0,0,1,0,0,0,1,0,1,0,1,0,0,1,0,0
7018-WBJNK,0,-0.788800219038401,0.449958377126054,-0.550952122399238,1,0,1,1,0,0,1,0,0,0,0,0,0,0,0,0,0,1,0,0,0,0,1,1,0,0,0
9142-KZXOP,0,0.473531056282539,0.135878744094656,0.298896388559286,1,0,0,1,0,0,1,0,0,0,0,0,0,0,0,0,0,0,0,0,0,0,0,1,0,0,0
7674-YTAFD,0,0.0256070553622056,0.504797678131536,0.177886790193711,0,0,0,1,0,0,1,0,0,0,0,1,0,0,0,1,0,0,0,0,1,0,1,0,0,0,0
6348-SNFUS,0,1.61370124044339,-0.309482851949864,0.8376120485578,1,1,1,0,1,0,0,0,0,1,0,1,0,1,0,1,0,0,0,1,0,1,1,1,0,0,0
1285-OKIPP,0,-1.27744458367877,0.50313588113137,-0.972145874025202,1,0,0,1,0,0,1,0,0,0,0,0,0,0,0,0,0,0,0,1,0,0,0,0,1,0,1
7825-ECJRF,0,-0.544478036718219,1.39053547922008,-0.15339961116903,0,0,0,1,0,0,1,0,0,1,0,0,0,1,0,1,0,1,0,1,0,0,1,0,1,0,1
1347-KTTTA,0,1.28793833068315,1.25260632820629,1.93023027181559,1,1,0,1,0,0,1,0,0,0,0,1,0,1,0,1,0,1,0,1,1,0,1,1,0,0,0
7841-TZDMQ,0,-1.23672421995873,-0.623562484981262,-0.97011506719382,1,0,0,1,0,0,0,0,0,0,0,0,0,0,0,0,0,0,0,0,0,0,1,1,0,0,1
4195-NZGTA,0,-1.27744458367877,-1.3132082400502,-0.996272742141505,0,0,0,0,1,0,0,0,0,0,0,0,0,0,0,0,0,0,0,0,0,0,0,0,1,0,0
7157-SMCFK,0,1.16577723952306,-1.49600591006848,-0.511108575327027,1,0,1,1,0,0,0,1,1,0,1,0,1,0,1,0,1,0,1,0,0,1,0,0,0,1,0
4709-LKHYG,0,-0.137274399517916,-1.48769692506765,-0.768998968925168,0,1,1,1,0,0,0,1,1,0,1,0,1,0,1,0,1,0,1,0,1,0,0,0,1,0,0
2504-DSHIH,1,-0.381596581838098,0.732463867154295,-0.135122349686597,1,1,0,1,0,1,1,0,0,0,0,0,0,0,0,0,0,0,0,1,0,0,0,0,1,0,0
0699-NDKJM,0,1.00289578464293,-0.1998042499389,0.510144446997548,0,1,0,0,1,0,0,0,0,1,0,1,0,1,0,0,0,1,0,1,0,0,1,0,0,0,0
9286-BHDQG,0,1.61370124044339,-0.648489439983754,0.378738000614792,1,1,1,0,1,0,0,0,0,1,0,1,0,1,0,1,0,0,0,0,0,1,0,1,0,0,0
0230-WEQUW,0,1.36937905812321,-0.271261520946044,0.665434947636332,1,1,0,0,1,0,0,0,0,1,0,1,0,1,0,1,0,1,0,0,0,1,1,0,0,0,0
2040-LDIWQ,0,1.32865869440318,0.646050423145657,1.34323880159718,1,1,1,1,0,1,0,0,0,0,0,1,0,1,0,1,0,1,0,1,0,1,1,0,0,0,0
6496-JDSSB,0,-0.992402037638553,0.506459475131702,-0.731671856404886,0,0,0,1,0,0,1,0,0,0,0,0,0,0,0,0,0,1,0,0,0,0,1,0,0,0,0
9408-SSNVZ,0,-1.15528349251868,0.179085466098976,-0.888949015900457,0,0,0,1,0,0,1,0,0,0,0,0,0,0,0,0,0,0,0,0,0,0,1,0,1,0,1
4443-EMBNA,0,1.57298087672336,-1.32982621005186,-0.196465960386694,0,1,0,1,0,1,0,1,1,0,1,0,1,0,1,0,1,0,1,0,0,1,0,0,0,0,0
6469-MRVET,0,-1.27744458367877,-1.48104973706698,-0.998502214858565,1,1,1,1,0,0,0,1,1,0,1,0,1,0,1,0,1,0,1,0,1,0,1,0,1,0,0
0742-MOABM,0,-1.15528349251868,-0.488956927967806,-0.928240713290228,1,1,0,1,0,0,0,0,0,0,0,0,0,0,0,1,0,0,0,0,0,0,0,0,0,1,1
5961-VUSRV,0,-0.829520582758432,-1.50930028606981,-0.910581523452128,0,0,0,1,0,0,0,1,1,0,1,0,1,0,1,0,1,0,1,0,1,0,1,0,0,0,0
6778-JFCMK,0,-0.340876218118068,-0.470677160965978,-0.438463083130546,1,0,0,0,1,0,0,0,0,1,0,0,0,0,0,0,0,1,0,1,1,0,1,0,0,1,0
6341-JVQGF,0,-0.0558336720778551,0.544680806135523,0.116476957531721,0,1,1,1,0,0,0,0,0,1,0,0,0,1,0,1,0,1,0,1,1,0,1,0,0,1,0
2232-DMLXU,0,-1.27744458367877,-0.317791836950695,-0.983050423750228,0,1,0,1,0,0,0,0,0,0,0,0,0,0,0,0,0,1,0,0,0,0,0,0,0,1,1
4811-JBUVU,0,-0.0965540357978854,0.835495281164595,0.194795464463691,1,0,0,1,0,1,1,0,0,0,0,0,0,0,0,1,0,0,0,1,0,0,1,1,0,0,0
0945-TSONX,0,0.595692147442631,0.682609957149311,0.805847580836519,0,1,1,1,0,1,0,0,0,1,0,1,0,0,0,1,0,1,0,1,0,1,1,1,0,0,0
2651-ZCBXV,0,0.880734693482843,1.43706579522473,1.53579019279435,1,0,0,1,0,1,1,0,0,1,0,1,0,0,0,1,0,1,0,1,0,1,1,1,0,0,0
3316-UWXUY,0,0.717853238602722,0.955144665176555,1.08850498818259,1,0,0,1,0,0,1,0,0,1,0,1,0,0,0,1,0,0,0,1,0,0,1,1,0,0,0
8937-RDTHP,0,-1.27744458367877,0.659344799146985,-0.970070919219225,1,0,0,1,0,0,1,0,0,1,0,0,0,0,0,0,0,0,0,1,0,0,1,0,0,1,1
7083-MIOPC,0,1.61370124044339,-1.47938794006682,-0.315665491793864,0,0,0,1,0,0,0,1,1,0,1,0,1,0,1,0,1,0,1,0,0,1,0,1,0,0,0
1984-GPTEH,0,-0.137274399517916,-1.31653183405053,-0.697501324068164,0,0,0,1,0,1,0,1,1,0,1,0,1,0,1,0,1,0,1,0,0,0,0,0,1,0,0
1251-KRREG,0,-1.23672421995873,-0.344380588953353,-0.957047266713627,1,0,0,1,0,1,0,0,0,0,0,1,0,0,0,0,0,0,0,0,0,0,1,0,0,1,1
0621-JFHOL,0,-0.910961310198492,-1.16863190103575,-0.875395587699716,0,0,0,0,1,0,0,0,0,0,0,0,0,0,0,1,0,0,0,0,0,1,1,0,0,1,0
9903-LYSAB,0,-0.58519840043825,0.278793286108943,-0.430869631500163,1,1,0,1,0,1,1,0,0,0,0,0,0,0,0,0,0,0,0,0,0,0,1,0,1,0,0
0094-OIFMO,1,-0.870240946478462,1.00499857518154,-0.512830346336241,0,0,0,1,0,0,1,0,0,0,0,1,0,0,0,0,0,1,0,1,0,0,1,0,1,0,1
9227-UAQFT,0,-0.66663912787831,-1.49600591006848,-0.881885339965217,1,0,0,1,0,0,0,1,1,0,1,0,1,0,1,0,1,0,1,0,0,1,0,0,0,1,0
7301-ABVAD,0,1.61370124044339,0.72581667915363,1.79619702094442,0,0,0,1,0,1,0,0,0,0,0,1,0,1,0,1,0,1,0,1,0,1,0,0,0,0,0
6614-FHDBO,0,1.61370124044339,1.47694892322872,2.47068977681062,1,0,0,1,0,1,1,0,0,0,0,1,0,1,0,1,0,1,0,1,0,1,0,0,0,0,0
7576-ASEJU,0,0.351369965122448,0.330308993114093,0.399862806458618,0,1,1,1,0,0,0,0,0,1,0,0,0,0,0,1,0,1,0,1,1,0,1,1,0,0,0
9058-HRZSV,1,1.32865869440318,0.985057011179546,1.69715103993998,0,1,0,1,0,0,1,0,0,1,0,1,0,1,0,0,0,0,0,1,0,0,0,0,1,0,0
4522-AKYLR,1,-0.788800219038401,-0.331086212952024,-0.684565967511756,0,0,0,1,0,0,0,0,0,0,0,1,0,1,0,0,0,0,0,0,0,0,1,0,1,0,0
0221-WMXNQ,1,-1.15528349251868,0.351912354116252,-0.886719543183397,1,0,0,1,0,0,1,0,0,1,0,0,0,0,0,0,0,0,0,0,0,0,0,0,1,0,0
0303-UNCIP,0,0.351369965122448,0.00792037508186511,0.110318315075684,1,0,0,1,0,1,0,0,0,0,0,0,0,1,0,0,0,0,0,1,1,0,0,0,0,1,0
9947-OTFQU,1,-0.707359491598341,0.320338211113097,-0.533138414650056,1,0,0,1,0,0,1,0,0,0,0,1,0,0,0,0,0,0,0,0,0,0,1,0,1,0,1
0322-YINQP,0,-1.27744458367877,-0.53881083797279,-0.985986264060812,1,0,0,1,0,0,0,0,0,1,0,0,0,0,0,0,0,0,0,0,0,0,1,0,0,1,1
0959-WHOKV,0,0.392090328842479,1.13794233519483,0.890258508262633,1,0,0,1,0,1,1,0,0,1,0,1,0,1,0,0,0,0,0,1,1,0,1,0,1,0,0
4075-JFPGR,0,0.758573602322752,0.955144665176555,1.03201765468797,0,1,0,1,0,0,1,0,0,1,0,1,0,1,0,0,0,1,0,0,1,0,1,0,1,0,0
4629-NRXKX,0,-1.23672421995873,0.187394451099807,-0.942456361109897,0,1,1,1,0,0,1,0,0,0,0,0,0,0,0,0,0,0,0,0,0,0,0,0,1,0,1
9514-JDSKI,1,-1.27744458367877,-0.816330937000532,-0.989672619939515,1,1,0,0,1,0,0,0,0,0,0,1,0,0,0,0,0,1,0,0,0,0,0,0,1,0,1
3282-ZISZV,0,-0.0151133083578247,0.629432453143995,0.155128509289861,1,0,1,1,0,1,0,0,0,0,0,1,0,1,0,1,0,1,0,1,1,0,0,1,0,0,0
3675-YDUPJ,0,-0.910961310198492,-1.49268231606814,-0.922192440770678,1,0,0,1,0,0,0,1,1,0,1,0,1,0,1,0,1,0,1,0,0,0,1,0,0,1,0
4111-BNXIF,0,1.41009942184324,-0.173215497936242,0.804368623687578,0,1,1,0,1,0,0,0,0,0,0,1,0,1,0,1,0,1,0,1,0,1,1,0,1,0,0
7017-VFHAY,0,1.16577723952306,1.67304096924832,2.08653617587007,0,1,1,1,0,1,1,0,0,1,0,1,0,1,0,1,0,1,0,1,0,1,0,1,0,0,0
6655-LHBYW,0,0.717853238602722,1.64811401424583,1.5492332510586,1,0,0,1,0,1,1,0,0,1,0,1,0,1,0,1,0,1,0,1,1,0,0,1,0,0,0
4959-JOSRX,0,-1.23672421995873,-0.670092800985913,-0.971858912190332,0,1,0,1,0,0,0,0,0,0,0,0,0,0,0,0,0,0,0,0,0,0,1,1,0,0,1
5046-NUHWD,1,-0.137274399517916,-0.656798424984584,-0.46499601586229,0,1,0,0,1,0,0,0,0,1,0,0,0,1,0,0,0,0,0,1,0,0,1,0,1,0,0
7273-TEFQD,1,-1.1960038562387,-0.784756793997376,-0.949056483311887,1,0,0,0,1,0,0,0,0,0,0,0,0,1,0,0,0,0,0,1,0,0,1,0,1,0,1
3606-TWKGI,1,-0.788800219038401,1.40050626122108,-0.405109288323836,1,0,0,1,0,1,1,0,0,0,0,1,0,1,0,0,0,1,0,1,0,0,1,0,1,0,1
7529-ZDFXI,1,1.00289578464293,0.833833484164428,1.16702216100024,1,1,0,1,0,1,1,0,0,0,0,1,0,0,0,0,0,0,0,1,0,0,1,0,1,0,0
7605-BDWDC,0,-0.0558336720778551,-0.49560411596847,-0.33632674390444,0,0,0,0,1,0,0,0,0,1,0,1,0,0,0,1,0,0,0,1,0,1,1,0,0,0,0
1950-KSVVJ,0,0.51425142000257,1.61321627724234,1.21421634584256,0,1,0,1,0,1,1,0,0,1,0,1,0,1,0,1,0,1,0,1,1,0,0,0,0,1,0
0123-CRBRT,0,1.16577723952306,0.775670589158614,1.43252808021606,0,1,1,1,0,1,0,0,0,1,0,1,0,1,0,1,0,1,0,1,0,1,0,0,0,1,0
6292-TOSSS,0,0.717853238602722,-1.32484081905137,-0.479741439377103,1,0,0,1,0,1,0,1,1,0,1,0,1,0,1,0,1,0,1,0,0,1,0,0,0,0,0
3197-ARFOY,1,-0.544478036718219,1.33735797521476,-0.121259885663689,0,0,0,1,0,0,1,0,0,1,0,1,0,0,0,1,0,1,0,1,0,0,1,0,0,1,0
6323-AYBRX,0,1.084336512083,-1.50930028606981,-0.521968977077458,1,0,0,1,0,0,0,1,1,0,1,0,1,0,1,0,1,0,1,0,0,1,0,0,0,1,1
7014-ZZXAW,0,1.57298087672336,-1.34644418005352,-0.242357779978455,0,1,0,1,0,1,0,1,1,0,1,0,1,0,1,0,1,0,1,0,0,1,1,1,0,0,0
4385-GZQXV,1,-0.66663912787831,0.986718808179712,-0.340255913643417,0,0,0,1,0,0,1,0,0,0,0,0,0,0,0,1,0,1,0,1,0,0,1,0,1,0,1
7633-MVPUY,0,1.00289578464293,-0.166568309935578,0.515751239771144,1,1,0,1,0,0,0,0,0,1,0,1,0,0,0,1,0,0,0,0,0,1,1,0,1,0,0
6366-ZGQGL,0,-1.27744458367877,-1.3281644130517,-0.996471408027183,1,0,0,0,1,0,0,0,0,0,0,0,0,0,0,0,0,0,0,0,0,0,0,0,0,0,1
4716-HHKQH,1,-0.503757672998189,1.40549165222158,-0.0485040235307204,1,1,0,1,0,1,1,0,0,0,0,1,0,0,0,1,0,1,0,1,0,0,0,0,1,0,0
5940-AHUHD,0,-1.27744458367877,0.194041639100471,-0.97625163566256,1,0,0,1,0,0,1,0,0,0,0,0,0,0,0,0,0,0,0,0,0,0,0,0,0,1,1
6432-TWQLB,0,-1.11456312879864,0.685933551149644,-0.830342579625265,1,1,0,1,0,1,1,0,0,0,0,1,0,0,0,1,0,0,0,0,0,0,1,0,1,0,1
4484-GLZOU,0,0.799293966042782,1.33901977221493,1.475837243294,0,1,0,1,0,1,1,0,0,0,0,1,0,1,0,0,0,1,0,1,0,0,1,0,1,0,1
3179-GBRWV,1,-0.463037309278159,0.00625857808169908,-0.415925542099672,1,1,0,1,0,0,0,0,0,1,0,1,0,0,0,0,0,0,0,1,0,0,1,0,0,0,0
8645-KWHJO,0,-0.748079855318371,-0.32443902495136,-0.666619815838788,1,0,0,0,1,0,0,0,0,0,0,0,0,1,0,1,0,1,0,1,0,0,1,0,1,0,0
4130-MZLCC,0,-1.11456312879864,-0.472338957966145,-0.899367937904935,0,0,0,1,0,0,0,0,0,0,0,1,0,0,0,0,0,0,0,0,0,0,0,0,0,0,0
0314-TKOSI,0,-1.07384276507861,-0.319453633950861,-0.864866295758749,0,0,0,1,0,0,0,0,0,1,0,1,0,0,0,0,0,0,0,0,0,0,0,0,0,1,0
8229-MYEJZ,0,-0.910961310198492,-0.450735596963985,-0.787452822305982,0,0,0,1,0,0,0,0,0,0,0,1,0,0,0,0,0,0,0,0,0,0,0,0,1,0,0
2080-SRCDE,0,-1.27744458367877,-1.3082228490497,-0.996206520179612,0,0,1,1,0,1,0,1,1,0,1,0,1,0,1,0,1,0,1,0,0,0,0,0,0,1,0
9577-WJVCQ,0,1.45081978556327,-0.342718791953187,0.620646827409453,0,0,0,1,0,1,0,0,0,1,0,0,0,0,0,0,0,0,0,0,0,0,0,0,0,1,0
9512-UIBFX,0,-0.58519840043825,1.00998396618204,-0.221608231918688,1,1,1,1,0,0,1,0,0,0,0,0,0,1,0,0,0,1,0,1,0,0,0,0,0,1,1
6202-DYYFX,0,-0.422316945558128,0.373515715118412,-0.219996830845961,0,0,0,1,0,1,1,0,0,0,0,0,0,0,0,0,0,0,0,0,1,0,1,1,0,0,0
3808-HFKDE,0,-0.503757672998189,-0.678401785986744,-0.598102159266963,0,0,0,1,0,0,0,0,0,0,0,0,0,0,0,0,0,0,0,0,0,0,1,0,1,0,0
5583-SXDAG,0,-1.27744458367877,0.174100075098477,-0.976516523510131,1,1,0,1,0,0,1,0,0,0,0,0,0,0,0,0,0,0,0,0,0,0,0,0,1,0,1
3488-PGMQJ,1,-0.992402037638553,0.323661805113429,-0.739640565819328,1,0,0,1,0,0,1,0,0,0,0,1,0,0,0,0,0,0,0,0,0,0,1,0,1,0,1
3580-REOAC,0,-0.910961310198492,-0.661783815985083,-0.815199824339095,1,0,0,1,0,0,0,0,0,0,0,0,0,0,0,0,0,0,0,0,0,0,1,1,0,0,1
7534-BFESC,1,-0.340876218118068,0.376839309118744,-0.251297744833992,1,0,0,1,0,1,1,0,0,0,0,0,0,0,0,0,0,0,0,0,0,0,1,0,1,0,1
3727-OWVYD,0,0.107047782802266,-0.11837619693076,-0.115101243207652,1,0,0,1,0,0,0,0,0,1,0,1,0,1,0,0,0,0,0,0,1,0,0,0,0,1,0
2294-SALNE,0,-0.381596581838098,0.732463867154295,-0.150596214782232,1,1,1,1,0,0,1,0,0,0,0,1,0,1,0,1,0,0,0,0,1,0,0,0,0,1,0
4847-TAJYI,1,-1.07384276507861,0.817215514162767,-0.756747905974987,0,0,0,1,0,0,1,0,0,0,0,0,0,0,0,0,0,1,0,1,0,0,1,0,1,0,0
1563-IWQEX,0,-0.829520582758432,-1.49766770706864,-0.910140043706176,0,0,0,1,0,0,0,1,1,0,1,0,1,0,1,0,1,0,1,0,0,0,0,0,0,1,0
8203-XJZRC,0,-1.27744458367877,-1.47938794006682,-0.998480140871267,1,0,0,1,0,0,0,1,1,0,1,0,1,0,1,0,1,0,1,0,0,0,0,0,0,1,0
6556-DBKZF,0,1.57298087672336,0.375177512118578,1.39266245915656,0,1,1,1,0,0,1,0,0,0,0,0,0,1,0,0,0,0,0,0,0,1,0,0,1,0,0
6851-WEFYX,1,0.107047782802266,1.19776702720081,0.510166520984845,1,1,0,1,0,1,1,0,0,0,0,0,0,1,0,0,0,1,0,1,0,0,1,0,1,0,0
2985-JUUBZ,0,0.310649601402418,0.325323602113595,0.323972438129387,1,1,1,1,0,1,0,0,0,0,0,0,0,1,0,0,0,1,0,1,0,0,1,0,1,0,0
6390-DSAZX,0,-1.27744458367877,0.293749459110438,-0.974927196424702,0,0,1,1,0,0,1,0,0,1,0,0,0,0,0,0,0,0,0,0,0,0,1,0,0,1,1
0895-LMRSF,0,-0.381596581838098,0.00459678108153305,-0.34087398528775,1,0,0,1,0,0,0,0,0,0,0,0,0,0,0,0,0,1,0,1,1,0,1,0,0,0,0
8098-LLAZX,1,-1.15528349251868,1.01995474818303,-0.832549978355028,0,0,0,1,0,1,1,0,0,0,0,0,0,0,0,0,0,1,0,1,0,0,1,0,1,0,1
8266-VBFQL,0,-1.15528349251868,0.852113251166256,-0.849966354332853,1,0,0,1,0,0,1,0,0,0,0,0,0,1,0,1,0,0,0,1,0,0,1,0,1,0,0
8181-YHCMF,0,1.45081978556327,-0.148288542933751,0.806620170391936,0,1,1,0,1,0,0,0,0,0,0,1,0,1,0,1,0,1,0,1,0,1,0,1,0,0,0
2240-HSJQD,0,0.229208873962357,0.567945964137848,0.379576812132102,1,0,1,1,0,1,1,0,0,0,0,1,0,0,0,0,0,0,0,0,0,0,1,0,0,1,0
1248-DYXUB,0,0.799293966042782,-1.3281644130517,-0.464797349976612,1,1,1,1,0,1,0,1,1,0,1,0,1,0,1,0,1,0,1,0,0,1,0,0,0,1,0
0265-EDXBD,1,-0.0151133083578247,0.336956181114758,0.00946226711284006,1,1,0,1,0,1,1,0,0,0,0,0,0,0,0,0,0,0,0,0,0,0,1,0,1,0,1
4115-BNPJY,0,-0.137274399517916,0.358559542116917,-0.10044411564203,1,1,1,1,0,0,0,0,0,0,0,0,0,1,0,1,0,1,0,1,0,1,0,0,0,1,0
3167-SNQPL,1,0.229208873962357,1.20939960620197,0.644530881665483,1,1,1,1,0,1,1,0,0,0,0,1,0,0,0,0,0,1,0,1,0,0,0,0,1,0,0
4091-TVOCN,0,0.636412511162661,0.464914550127549,0.618306984755905,1,0,1,1,0,1,0,0,0,1,0,0,0,1,0,0,0,1,0,1,1,0,1,1,0,0,0
1098-TDVUQ,0,-1.27744458367877,-1.51262388007014,-0.99892162061722,0,0,0,1,0,0,0,1,1,0,1,0,1,0,1,0,1,0,1,0,0,0,1,0,0,0,0
7277-OZCGZ,0,-0.422316945558128,0.80724473216177,-0.174678934923939,0,0,0,1,0,0,1,0,0,1,0,0,0,0,0,1,0,0,0,1,0,0,1,0,1,0,0
1557-EMYVT,0,0.432810692562509,1.67137917224815,1.15366739868518,0,0,0,1,0,1,1,0,0,1,0,1,0,1,0,1,0,1,0,1,0,1,0,1,0,0,0
2799-ARNLO,1,-1.11456312879864,0.152496714096318,-0.856610624509438,0,1,0,1,0,0,1,0,0,0,0,0,0,0,0,0,0,0,0,0,0,0,1,0,1,0,0
7563-BIUPC,0,-1.11456312879864,0.526401039133695,-0.823963197296252,1,0,0,1,0,0,1,0,0,0,0,0,0,0,0,0,0,1,0,0,0,0,1,0,1,0,1
5027-YOCXN,0,0.758573602322752,1.50519947223154,1.50301032165738,1,1,1,1,0,1,1,0,0,1,0,1,0,0,0,1,0,1,0,1,1,0,0,1,0,0,0
3973-SKMLN,0,1.57298087672336,-1.49102051906798,-0.409170901986599,1,0,0,1,0,0,0,1,1,0,1,0,1,0,1,0,1,0,1,0,0,1,1,1,0,0,0
2321-OMBXY,0,0.229208873962357,0.516430257132699,0.342911919230748,0,1,1,1,0,0,0,0,0,1,0,1,0,0,0,1,0,1,0,1,1,0,0,1,0,0,1
2840-XANRC,1,-0.340876218118068,0.943512086175393,-0.0224567185195241,1,1,0,1,0,0,1,0,0,0,0,0,0,1,0,0,0,1,0,1,0,0,1,0,1,0,1
6745-JEFZB,0,0.107047782802266,0.88867278516991,0.421362870086504,1,1,0,1,0,1,1,0,0,0,0,0,0,0,0,1,0,1,0,0,0,0,1,1,0,0,0
5020-ZSTTY,1,0.880734693482843,0.587887528139842,0.913060937141079,0,0,0,1,0,1,0,0,0,1,0,1,0,0,0,1,0,1,0,1,1,0,0,0,0,0,1
9880-TDQAC,0,1.61370124044339,-0.158259324934747,0.87504953101457,0,1,1,0,1,0,0,0,0,0,0,1,0,1,0,1,0,1,0,1,0,1,1,0,1,0,0
8705-WZCYL,0,-1.27744458367877,-0.663445612985249,-0.987641813108134,1,0,0,1,0,0,0,0,0,0,0,0,0,0,0,0,0,0,0,0,0,0,1,0,1,0,0
7102-JJVTX,0,-0.951681673918523,-0.537149040972623,-0.820983209011072,0,1,1,1,0,0,0,0,0,1,0,0,0,0,0,0,0,0,0,0,1,0,0,0,0,1,0
8626-PTQGE,0,1.4915401492833,-0.156597527934581,0.836508349192918,1,0,0,0,1,0,0,0,0,1,0,1,0,0,0,1,0,1,0,1,0,1,1,0,0,0,0
4983-CLMLV,0,0.799293966042782,1.26091531320712,1.26094697695163,0,1,0,1,0,1,1,0,0,0,0,1,0,0,0,1,0,1,0,1,0,0,1,1,0,0,0
5701-YVSVF,1,-0.870240946478462,0.602843701141337,-0.618895855301325,0,1,0,1,0,0,1,0,0,0,0,0,0,0,0,1,0,1,0,0,0,0,1,0,1,0,0
5804-LEPIM,1,-1.23672421995873,0.18573265409964,-0.946032347052112,0,0,0,1,0,0,1,0,0,0,0,0,0,0,0,0,0,0,0,0,0,0,1,0,1,0,1
5697-GOMBF,1,-0.177994763237946,-0.959245479014819,-0.577573351080173,0,1,1,0,1,0,0,0,0,0,0,0,0,0,0,0,0,1,0,0,0,0,1,0,1,0,0
2739-CACDQ,1,-0.62591876415828,0.594534716140507,-0.358422805189361,0,0,0,1,0,1,1,0,0,0,0,0,0,1,0,0,0,0,0,0,0,0,1,1,0,0,0
9385-EHGDO,0,0.107047782802266,-1.49268231606814,-0.681012055556839,0,1,1,1,0,0,0,1,1,0,1,0,1,0,1,0,1,0,1,0,0,1,1,0,0,1,0
9498-FIMXL,0,-0.992402037638553,-1.5142856770703,-0.935922460869801,0,0,0,1,0,0,0,1,1,0,1,0,1,0,1,0,1,0,1,0,1,0,1,0,0,1,0
2379-GYFLQ,0,0.5549717837226,1.00167498118121,0.945222736633717,1,0,0,1,0,1,1,0,0,0,0,1,0,1,0,0,0,1,0,0,1,0,1,1,0,0,0
0122-OAHPZ,0,-1.03312240135858,0.302058444111269,-0.781713585608599,0,0,0,1,0,1,1,0,0,0,0,0,0,0,0,0,0,0,0,0,0,0,1,0,1,0,1
2868-SNELZ,0,-1.23672421995873,0.526401039133695,-0.938637561307408,0,0,0,1,0,1,1,0,0,0,0,0,0,1,0,0,0,0,0,0,0,0,0,0,0,1,1
4322-RCYMT,0,1.45081978556327,0.366868527117748,1.32975159535833,1,1,1,1,0,1,0,0,0,0,0,1,0,1,0,1,0,0,0,1,1,0,1,0,0,0,1
6680-NENYN,0,0.432810692562509,1.32406359921343,1.09395726304511,0,0,0,1,0,1,1,0,0,0,0,1,0,1,0,0,0,1,0,1,0,1,1,0,1,0,1
2088-IEBAU,0,1.45081978556327,0.77733238615878,1.70699603827472,0,0,0,1,0,1,0,0,0,1,0,1,0,1,0,1,0,1,0,1,0,1,1,0,1,0,0
7982-VCELR,0,0.147768146522297,0.998351387180874,0.566742150428656,0,0,0,1,0,0,1,0,0,0,0,1,0,0,0,0,0,1,0,1,0,0,1,1,0,0,0
1343-EHPYB,0,1.24721796696312,1.28418047120945,1.90767065679742,1,1,0,1,0,1,1,0,0,0,0,1,0,1,0,0,0,1,0,1,0,0,1,0,1,0,1
6035-BXTTY,1,-0.0151133083578247,-0.336071603952522,-0.199468022659171,0,0,0,1,0,0,0,0,0,0,0,1,0,0,0,1,0,0,0,0,0,0,0,0,0,0,0
6885-PKOAM,0,1.57298087672336,0.697566130150806,1.74026153713224,0,1,0,1,0,1,0,0,0,1,0,1,0,1,0,1,0,1,0,1,0,1,0,1,0,0,0
7520-HQWJU,0,1.36937905812321,0.0893484280900052,0.983057550861844,0,1,1,1,0,1,0,0,0,1,0,1,0,1,0,0,0,0,0,0,0,0,1,0,0,0,0
9639-BUJXT,0,1.24721796696312,-1.47107895506598,-0.421068781140018,1,0,0,1,0,0,0,1,1,0,1,0,1,0,1,0,1,0,1,0,1,0,0,0,0,1,0
5924-SNGKP,0,0.351369965122448,-1.47938794006682,-0.62554012547791,0,0,1,1,0,0,0,1,1,0,1,0,1,0,1,0,1,0,1,0,1,0,1,1,0,0,0
0021-IKXGC,1,-1.27744458367877,0.243895549105454,-0.975589416043631,0,0,0,1,0,1,1,0,0,0,0,0,0,0,0,0,0,0,0,0,0,0,1,0,1,0,0
2034-GDRCN,0,-1.23672421995873,0.852113251166256,-0.933163212457598,0,0,0,1,0,0,1,0,0,0,0,0,0,0,0,0,0,1,0,1,0,0,1,0,1,0,1
8966-SNIZF,0,1.53226051300333,-1.50597669206947,-0.431951256877747,0,1,0,1,0,0,0,1,1,0,1,0,1,0,1,0,1,0,1,0,0,1,0,0,0,0,0
6243-OZGFH,0,-0.381596581838098,-0.65846022198475,-0.567331020974075,0,0,0,0,1,0,0,0,0,0,0,0,0,0,0,0,0,1,0,1,0,0,1,0,1,0,0
4654-DLAMQ,1,1.28793833068315,1.07147045518818,1.831691992519,0,1,0,1,0,0,1,0,0,1,0,1,0,1,0,0,0,0,0,1,1,0,0,0,0,0,0
0513-RBGPE,0,0.188488510242327,-0.0651986929254444,-0.00139813463759091,1,1,1,1,0,1,0,0,0,1,0,0,0,1,0,1,0,0,0,0,0,1,1,1,0,0,0
5160-UXJED,0,-0.62591876415828,-0.670092800985913,-0.706595806834785,1,0,1,1,0,0,0,0,0,0,0,0,0,0,0,0,0,0,0,0,1,0,0,0,0,1,0
4115-NZRKS,1,-1.03312240135858,0.810568326162103,-0.753856213638998,0,0,0,1,0,0,1,0,0,0,0,0,0,0,0,0,0,1,0,1,0,0,1,0,1,0,0
0219-YTZUE,0,-1.15528349251868,0.66599198714765,-0.843233788207077,1,1,1,1,0,1,1,0,0,0,0,1,0,1,0,0,0,0,0,0,0,0,1,0,0,0,1
0623-IIHUG,1,-0.463037309278159,-0.759829838994884,-0.636532971152126,0,0,0,0,1,0,0,0,0,1,0,0,0,0,0,0,0,1,0,0,0,0,1,0,1,0,1
4572-DVCGN,0,-0.910961310198492,0.514768460132533,-0.633928240651007,0,0,0,1,0,0,1,0,0,0,0,0,0,0,0,0,0,0,0,1,0,0,1,0,0,0,1
3351-NGXYI,1,-0.66663912787831,-0.35435137095435,-0.61494461157505,0,0,0,1,0,1,0,0,0,1,0,0,0,0,0,0,0,0,0,0,0,0,1,0,1,0,0
8984-EYLLL,0,1.28793833068315,1.34566696021559,2.00497279280535,1,1,0,1,0,1,1,0,0,0,0,1,0,0,0,1,0,1,0,1,0,1,1,0,1,0,0
9057-MSWCO,1,-0.218715126957977,-1.13041057003193,-0.651984762260463,1,1,0,0,1,0,0,0,0,1,0,0,0,0,0,0,0,0,0,0,0,0,0,1,0,0,1
9833-TGFHX,0,0.392090328842479,1.07479404918852,0.765893663827819,1,1,1,1,0,1,1,0,0,1,0,0,0,0,0,0,0,1,0,1,1,0,0,0,1,0,0
9294-TDIPC,0,-1.11456312879864,-1.48104973706698,-0.970446177003285,1,0,1,1,0,0,0,1,1,0,1,0,1,0,1,0,1,0,1,0,0,0,0,0,0,1,0
5229-DTFYB,0,0.351369965122448,1.13129514719416,0.740464430460957,0,0,0,1,0,0,1,0,0,0,0,1,0,0,0,1,0,1,0,1,0,1,1,0,0,0,0
0104-PPXDV,0,1.04361614836296,-0.480647942966975,0.263401416984707,1,1,0,1,0,0,0,0,0,0,0,0,0,1,0,0,0,0,0,0,1,0,0,1,0,0,0
5176-LMJXE,0,0.595692147442631,-1.46941715806582,-0.589912709979544,0,0,0,1,0,0,0,1,1,0,1,0,1,0,1,0,1,0,1,0,0,1,1,0,0,1,0
3583-KRKMD,0,-0.58519840043825,0.37019212111808,-0.401246340546752,1,0,0,1,0,0,1,0,0,0,0,0,0,0,0,1,0,0,0,0,0,0,1,0,0,0,0
1010-DIAUQ,0,-1.11456312879864,1.05485248518652,-0.789969256857911,1,0,0,1,0,0,1,0,0,0,0,0,0,1,0,0,0,1,0,1,0,0,0,0,0,0,1
9069-LGEUL,0,-0.381596581838098,-0.159921121934913,-0.386699582917618,1,1,0,1,0,0,0,0,0,1,0,0,0,0,0,0,0,0,0,1,0,0,1,0,0,0,0
7302-ZHMHP,0,-1.27744458367877,-1.51594747407047,-0.998965768591815,0,0,0,1,0,0,0,1,1,0,1,0,1,0,1,0,1,0,1,0,0,0,0,0,0,1,0
9571-EDEBV,0,1.57298087672336,1.12630975619367,2.06653714337842,1,1,0,1,0,1,1,0,0,0,0,0,0,1,0,0,0,1,0,1,1,0,1,1,0,0,0
3520-FJGCV,0,1.61370124044339,1.58995111924001,2.58033127171792,1,1,1,1,0,1,1,0,0,1,0,1,0,1,0,1,0,1,0,1,0,1,1,1,0,0,0
6563-VRERX,0,0.0256070553622056,-1.46775536106565,-0.702688711083105,1,1,1,1,0,0,0,1,1,0,1,0,1,0,1,0,1,0,1,0,1,0,0,0,0,1,0
0259-GBZSH,0,-1.23672421995873,0.694242536150474,-0.92729153183643,1,0,0,1,0,1,1,0,0,0,0,0,0,0,0,0,0,1,0,0,0,0,1,0,1,0,1
6122-EFVKN,0,-0.340876218118068,-0.964230870015317,-0.640638732789484,1,0,1,0,1,0,0,0,0,1,0,0,0,0,0,1,0,0,0,0,0,1,0,0,0,1,0
2805-EDJPQ,0,0.962175420922904,1.16286929019732,1.46857490147308,0,1,1,1,0,1,1,0,0,0,0,1,0,1,0,1,0,0,0,1,1,0,1,1,0,0,0
6862-CQUMB,0,0.188488510242327,1.04155810918519,0.602568231812699,1,0,0,1,0,0,1,0,0,0,0,1,0,0,0,0,0,1,0,1,0,0,1,1,0,0,0
7156-MXBJE,0,0.432810692562509,0.675962769148646,0.609389093887665,0,0,0,1,0,1,0,0,0,0,0,1,0,1,0,1,0,1,0,1,1,0,0,1,0,0,0
6158-HDPXZ,0,-1.27744458367877,-1.30988464604987,-0.996228594166909,1,0,0,0,1,0,0,0,0,0,0,0,0,0,0,0,0,0,0,0,0,0,0,0,0,1,0
9601-BRXPO,0,-0.300155854398037,1.3356961782146,0.125637662260235,0,1,0,1,0,1,1,0,0,0,0,0,0,1,0,1,0,1,0,1,0,0,1,0,0,0,1
2863-IMQDR,0,1.16577723952306,0.827186296163764,1.33626342161113,0,0,0,1,0,1,0,0,0,1,0,1,0,1,0,1,0,1,0,1,0,1,0,0,1,0,0
5686-CMAWK,0,-0.62591876415828,0.730802070154129,-0.38482329399732,1,0,0,1,0,1,1,0,0,0,0,0,0,1,0,1,0,0,0,0,1,0,0,0,1,0,0
5651-CRHKQ,0,0.351369965122448,0.712522303152301,0.466702839995824,0,1,0,1,0,0,1,0,0,0,0,1,0,1,0,1,0,0,0,0,1,0,1,0,0,0,0
6905-NIQIN,0,-1.27744458367877,-0.469015363965812,-0.985059156594312,1,0,0,1,0,0,0,0,0,0,0,1,0,0,0,0,0,0,0,0,0,0,0,0,0,1,1
8204-YJCLA,1,1.61370124044339,0.00127318708120052,1.08181657003141,1,1,1,0,1,0,0,0,0,1,0,1,0,1,0,1,0,1,0,1,0,1,1,0,0,0,0
5167-ZFFMM,0,-1.27744458367877,0.867069424167751,-0.967311670807022,1,0,0,1,0,1,1,0,0,0,0,1,0,0,0,0,0,0,0,1,0,0,1,1,0,0,1
6583-SZVGP,0,0.636412511162661,1.44038938922506,1.22975643290009,1,0,0,1,0,1,1,0,0,0,0,1,0,1,0,0,0,1,0,1,0,1,1,0,0,0,0
4895-TMWIR,1,-0.870240946478462,-1.48935872206781,-0.91261233028351,1,1,0,1,0,0,0,1,1,0,1,0,1,0,1,0,1,0,1,0,0,0,0,0,0,1,1
0533-BNWKF,1,0.921455057202873,0.68759534814981,1.14466121186775,0,1,0,1,0,1,1,0,0,0,0,1,0,1,0,0,0,0,0,0,0,0,1,0,1,0,1
1708-PBBOA,0,0.392090328842479,-0.33274800995219,0.0293730036552969,0,0,0,0,1,0,0,0,0,1,0,1,0,1,0,1,0,0,0,1,1,0,1,0,1,0,0
8782-LKFPK,0,0.473531056282539,0.852113251166256,0.786312102078122,1,0,0,1,0,1,1,0,0,0,0,0,0,1,0,0,0,0,0,1,0,0,1,0,0,1,0
5522-JBWMO,0,-1.27744458367877,-0.690034364987907,-0.987994996904896,1,0,1,1,0,0,0,0,0,0,0,0,0,0,0,0,0,0,0,0,0,0,0,0,1,0,0
3597-MVHJT,0,-0.218715126957977,1.02494013918353,0.138330204956369,0,0,0,1,0,1,1,0,0,0,0,0,0,0,0,0,0,1,0,1,0,0,1,0,0,0,0
9774-NRNAU,1,-0.218715126957977,0.66599198714765,0.0121994415377455,1,1,0,1,0,1,0,0,0,0,0,1,0,1,0,1,0,1,0,1,0,0,1,0,0,0,0
0224-RLWWD,1,-1.23672421995873,-0.68006358298691,-0.967995964413248,0,0,0,1,0,0,0,0,0,0,0,0,0,0,0,0,0,0,0,0,0,0,1,0,1,0,0
9967-ATRFS,0,-0.544478036718219,-1.49102051906798,-0.845154225101971,0,0,0,1,0,0,0,1,1,0,1,0,1,0,1,0,1,0,1,0,0,0,0,0,0,1,0
3951-NJCVI,1,0.392090328842479,1.0066603721817,0.733996752182753,0,1,0,1,0,1,1,0,0,0,0,0,0,0,0,0,0,1,0,1,0,0,1,0,1,0,0
2977-CEBSX,0,1.36937905812321,0.840480672165093,1.62642598463839,0,0,0,1,0,1,0,0,0,1,0,1,0,1,0,1,0,1,0,1,0,1,1,1,0,0,0
0177-PXBAT,1,0.0256070553622056,1.50021408123104,0.623715111643823,1,1,0,1,0,1,1,0,0,1,0,0,0,1,0,1,0,1,0,1,0,0,1,0,0,0,0
6599-CEBNN,0,0.066327419082236,0.305382038111601,0.107073438942933,0,0,0,1,0,0,1,0,0,0,0,1,0,0,0,0,0,0,0,0,0,0,1,1,0,0,1
2519-ERQOJ,1,0.0256070553622056,-0.337733400952688,-0.211123087952316,1,0,0,0,1,0,0,0,0,0,0,0,0,1,0,1,0,1,0,1,0,0,1,0,1,0,0
5876-QMYLD,0,-0.381596581838098,-1.48603512806748,-0.82416186318193,0,1,1,1,0,0,0,1,1,0,1,0,1,0,1,0,1,0,1,0,1,0,0,0,0,1,0
2277-AXSDC,0,-0.0151133083578247,-1.49600591006848,-0.731870522290564,0,0,0,1,0,0,0,1,1,0,1,0,1,0,1,0,1,0,1,0,1,0,0,0,0,0,0
9442-JTWDL,0,-0.870240946478462,-1.48603512806748,-0.9024803701139,0,0,0,1,0,0,0,1,1,0,1,0,1,0,1,0,1,0,1,0,1,0,0,1,0,0,0
0979-PHULV,0,1.4915401492833,1.15289850819632,2.08629336200979,1,1,1,1,0,1,1,0,0,0,0,0,0,1,0,0,0,1,0,1,0,0,1,1,0,0,1
3067-SVMTC,0,1.45081978556327,-0.294526678948369,0.6917471404951,0,1,0,1,0,0,0,0,0,1,0,0,0,0,0,1,0,0,0,0,1,0,0,0,0,0,0
5495-GPSRW,0,-0.503757672998189,-1.49766770706864,-0.822263500274335,1,0,0,1,0,0,0,1,1,0,1,0,1,0,1,0,1,0,1,0,0,1,1,0,0,1,0
7606-BPHHN,0,1.61370124044339,-1.49434411306831,-0.3589967288591,1,0,0,1,0,0,0,1,1,0,1,0,1,0,1,0,1,0,1,0,0,1,1,1,0,0,0
4742-DRORA,0,1.12505687580303,1.01829295118287,1.55846017774901,1,1,1,1,0,1,1,0,0,1,0,0,0,1,0,0,0,1,0,0,1,0,1,0,0,0,0
0111-KLBQG,1,-0.0151133083578247,0.97010083817805,0.255852113328919,1,1,1,1,0,0,1,0,0,0,0,1,0,0,0,0,0,1,0,1,0,0,1,0,0,1,0
4800-VHZKI,0,-1.27744458367877,-1.49102051906798,-0.99863465878235,0,0,0,1,0,0,0,1,1,0,1,0,1,0,1,0,1,0,1,0,0,0,1,0,0,1,1
7989-CHGTL,0,-1.27744458367877,-1.50099130106898,-0.998767102706136,1,0,0,1,0,0,0,1,1,0,1,0,1,0,1,0,1,0,1,0,0,0,1,0,0,1,1
0334-GDDSO,1,-1.1960038562387,0.551327994136187,-0.90424628909771,1,0,0,1,0,1,1,0,0,0,0,1,0,0,0,0,0,0,0,0,0,0,1,0,1,0,1
4163-NCJAK,0,0.5549717837226,-1.33979699205286,-0.536736474579568,0,1,0,1,0,1,0,1,1,0,1,0,1,0,1,0,1,0,1,0,1,0,1,0,0,0,0
5233-AOZUF,0,-0.137274399517916,0.338617978114924,-0.0586580576876275,0,1,0,1,0,1,1,0,0,0,0,0,0,0,0,0,0,0,0,0,0,0,1,0,1,0,0
5973-EJGDP,0,0.758573602322752,0.750743634156122,0.967318797918638,1,0,0,1,0,1,1,0,0,0,0,1,0,1,0,1,0,0,0,0,0,0,1,0,1,0,0
1996-DBMUS,1,0.636412511162661,0.195703436100637,0.557647667662035,0,1,0,1,0,0,1,0,0,0,0,0,0,0,0,0,0,0,0,0,0,0,1,0,0,0,0
7916-VCCPB,0,-0.66663912787831,0.282116880109275,-0.479520699504127,0,1,1,1,0,0,1,0,0,0,0,1,0,0,0,0,0,0,0,0,0,0,0,0,0,0,0
4686-GEFRM,0,1.53226051300333,1.12797155319383,2.02064532378666,1,1,0,1,0,1,1,0,0,0,0,1,0,1,0,1,0,0,0,1,0,1,1,0,0,0,0
5249-QYHEX,0,0.310649601402418,-1.3281644130517,-0.555035810049298,0,1,1,1,0,1,0,1,1,0,1,0,1,0,1,0,1,0,1,0,0,1,1,0,0,1,0
0578-SKVMF,0,-0.422316945558128,0.616138077142666,-0.192492642673122,0,1,1,1,0,0,1,0,0,0,0,1,0,0,0,0,0,0,0,1,0,0,0,0,1,0,1
5564-NEMQO,1,-1.27744458367877,0.350250557116086,-0.974176680856583,0,0,0,1,0,0,1,0,0,0,0,0,0,1,0,0,0,0,0,0,0,0,1,0,0,0,1
2233-FAGXV,0,-1.11456312879864,-1.34478238305336,-0.949034409324589,0,1,1,1,0,1,0,1,1,0,1,0,1,0,1,0,1,0,1,0,0,0,1,0,0,1,0
5605-IYGFG,0,-1.03312240135858,0.169114684097979,-0.779859370675599,0,0,0,1,0,0,1,0,0,0,0,0,0,0,0,0,0,0,0,0,0,0,1,0,0,0,0
7663-ZTEGJ,0,-0.137274399517916,1.18945804219998,0.242166241204392,1,0,1,1,0,1,1,0,0,0,0,1,0,1,0,1,0,0,0,1,1,0,0,1,0,0,0
3935-TBRZZ,0,0.473531056282539,-1.29825206704871,-0.517156847846576,1,1,1,1,0,1,0,1,1,0,1,0,1,0,1,0,1,0,1,0,1,0,0,0,0,1,0
8111-BKVDS,0,-0.910961310198492,-0.799712966998871,-0.809063255870356,0,0,0,0,1,0,0,0,0,1,0,1,0,1,0,0,0,0,0,0,0,0,0,0,0,0,0
2055-SIFSS,1,0.921455057202873,-0.43577942396249,0.245742227146608,0,1,0,1,0,1,0,0,0,0,0,0,0,0,0,0,0,0,0,0,0,0,0,0,0,0,0
2806-MLNTI,1,0.799293966042782,1.3406815692151,1.36615160041211,1,1,0,1,0,1,1,0,0,0,0,1,0,1,0,0,0,1,0,1,1,0,1,0,0,0,0
8734-DKSTZ,0,-0.910961310198492,0.704213318151471,-0.628365595852005,0,1,1,1,0,1,1,0,0,0,0,0,0,0,0,0,0,0,0,1,0,0,0,0,1,0,0
4360-PNRQB,0,-0.58519840043825,0.360221339117083,-0.391533786135797,1,0,0,1,0,1,1,0,0,0,0,0,0,0,0,0,0,0,0,0,0,0,1,0,0,0,0
6152-ONASV,0,1.45081978556327,-0.216422219940561,0.74777092025647,0,1,0,1,0,1,0,0,0,1,0,0,0,0,0,1,0,0,0,0,1,0,0,0,0,0,0
9063-ZGTUY,0,1.16577723952306,-1.50763848906964,-0.4853482321507,0,1,1,1,0,0,0,1,1,0,1,0,1,0,1,0,1,0,1,0,0,0,1,0,0,1,1
7781-HVGMK,0,1.61370124044339,0.0145675630825297,1.10481766479554,0,1,1,0,1,0,0,0,0,1,0,1,0,1,0,1,0,1,0,1,0,1,1,1,0,0,0
2181-UAESM,0,-1.23672421995873,-0.375954731956509,-0.954663276085483,1,0,0,1,0,0,0,0,0,1,0,0,0,1,0,0,0,0,0,0,0,0,0,0,1,0,0
2957-LOLHO,0,-0.829520582758432,-0.643504048983255,-0.778336265552063,1,0,0,1,0,0,0,0,0,0,0,0,0,0,0,0,0,0,0,0,0,0,1,0,0,0,1
6048-NJXHX,0,0.351369965122448,-1.49600591006848,-0.610331148229847,1,1,0,1,0,0,0,1,1,0,1,0,1,0,1,0,1,0,1,0,0,1,1,0,1,0,0
2320-SLKMB,0,-0.259435490678007,-0.675078191986411,-0.484796382468259,0,0,0,0,1,0,0,0,0,0,0,0,0,1,0,1,0,1,0,0,0,0,1,1,0,0,0
4980-URKXC,0,0.147768146522297,-1.45944637606482,-0.689532614653722,1,1,0,1,0,0,0,1,1,0,1,0,1,0,1,0,1,0,1,0,1,0,0,0,0,0,0
4376-KFVRS,0,1.61370124044339,1.63814323224483,2.73111867894799,1,1,1,1,0,1,1,0,0,1,0,1,0,1,0,1,0,1,0,1,0,1,1,1,0,0,0
5886-VLQVU,0,0.107047782802266,0.833833484164428,0.388185667178175,1,1,0,1,0,1,1,0,0,0,0,0,0,0,0,1,0,0,0,1,0,0,1,0,0,0,0
3577-AMVUX,0,-1.27744458367877,-0.322777227951194,-0.983116645712121,1,0,0,1,0,0,0,0,0,0,0,0,0,1,0,1,0,0,0,0,0,0,0,0,0,1,0
0771-WLCLA,0,-0.66663912787831,1.60158369824118,-0.176312409983963,0,1,1,1,0,1,1,0,0,1,0,0,0,1,0,1,0,1,0,1,0,0,1,0,1,0,0
5628-RKIFK,1,0.677132874882691,1.2226939822033,1.23105879815065,0,0,0,1,0,1,1,0,0,1,0,0,0,0,0,0,0,1,0,1,0,0,0,1,0,0,0
0206-TBWLC,0,0.880734693482843,1.65808479624683,1.66331161741272,0,1,0,1,0,1,1,0,0,1,0,1,0,1,0,1,0,1,0,1,1,0,1,0,0,1,0
2937-FTHUR,0,-0.58519840043825,0.00127318708120052,-0.492345686124046,0,0,1,1,0,1,0,0,0,1,0,0,0,0,0,0,0,0,0,1,0,0,0,0,1,0,0
1910-FMXJM,0,0.147768146522297,0.519753851133031,0.289492869970498,0,1,0,1,0,0,1,0,0,0,0,0,0,0,0,0,0,0,0,1,0,0,0,0,1,0,0
7752-XUSCI,0,1.12505687580303,1.36727032121775,1.81648301527094,0,0,0,1,0,1,1,0,0,0,0,1,0,1,0,0,0,1,0,1,0,0,1,0,1,0,1
4110-PFEUZ,0,-1.27744458367877,0.159143902096982,-0.97671518939581,0,0,0,1,0,0,1,0,0,0,0,0,0,0,0,0,0,0,0,0,0,0,0,0,0,1,1
0732-OCQOC,0,0.799293966042782,-1.31985542805087,-0.446630458430667,0,1,1,1,0,1,0,1,1,0,1,0,1,0,1,0,1,0,1,0,0,1,1,0,0,0,0
5168-MSWXT,0,-0.992402037638553,0.996689590180708,-0.672094164688599,1,1,1,1,0,0,1,0,0,0,0,0,0,1,0,0,0,1,0,1,0,0,1,0,1,0,0
1090-ESELR,0,1.61370124044339,1.35397594521643,2.35292505457779,1,1,1,1,0,0,1,0,0,1,0,1,0,0,0,1,0,1,0,1,0,1,0,0,0,0,0
8592-PLTMQ,0,1.28793833068315,-1.33148800705203,-0.282179253063368,0,0,0,1,0,1,0,1,1,0,1,0,1,0,1,0,1,0,1,0,1,0,0,0,0,1,0
5760-WRAHC,1,-0.422316945558128,0.165791090097647,-0.325157306331842,0,0,0,1,0,0,0,0,0,1,0,0,0,1,0,1,0,0,0,1,0,0,1,0,0,1,0
8847-GEOOQ,0,1.12505687580303,-0.151612136934083,0.57413693617336,1,1,0,0,1,0,0,0,0,0,0,1,0,1,0,1,0,1,0,1,0,0,1,0,0,0,0
0256-LTHVJ,0,-0.177994763237946,0.541357212135191,-0.0242005635160365,0,1,1,1,0,0,1,0,0,0,0,0,0,0,0,0,0,0,0,1,0,0,1,0,1,0,1
4785-FCIFB,0,1.16577723952306,-1.34145878905303,-0.381445973940783,0,1,0,1,0,1,0,1,1,0,1,0,1,0,1,0,1,0,1,0,0,1,0,0,0,1,0
8313-NDOIA,0,-0.340876218118068,1.30910742621194,0.0939173425135496,0,0,0,1,0,1,1,0,0,0,0,1,0,1,0,0,0,1,0,1,0,0,1,0,1,0,0
5149-CUZUJ,0,-0.177994763237946,0.935203101174562,0.214750348980743,1,1,1,1,0,0,1,0,0,0,0,1,0,1,0,1,0,1,0,0,1,0,0,0,0,0,0
0942-KOWSM,0,-0.0965540357978854,0.53304822713436,0.0385778563584062,0,1,1,1,0,0,0,0,0,0,0,1,0,1,0,1,0,1,0,1,0,1,0,0,0,0,0
4237-CLSMM,0,-1.23672421995873,-1.48769692506765,-0.99064387538061,1,1,0,1,0,0,0,1,1,0,1,0,1,0,1,0,1,0,1,0,0,0,0,0,0,1,0
1452-VOQCH,0,-1.27744458367877,0.343603369115422,-0.974264976805774,1,0,0,1,0,1,1,0,0,0,0,0,0,0,0,0,0,0,0,0,0,0,1,0,1,0,0
4719-UMSIY,0,-1.07384276507861,-1.49932950406881,-0.962874799360199,1,0,1,1,0,0,0,1,1,0,1,0,1,0,1,0,1,0,1,0,0,0,0,0,0,1,0
6614-VBEGU,0,-0.340876218118068,0.15582030809665,-0.294849721772204,0,1,0,1,0,0,0,0,0,0,0,1,0,0,0,0,0,1,0,1,0,0,1,0,0,0,0
0880-TKATG,0,-1.15528349251868,1.20939960620197,-0.837053071763743,1,1,1,1,0,1,1,0,0,0,0,0,0,1,0,0,0,1,0,1,0,0,0,0,1,0,1
3811-VBYBZ,0,-1.03312240135858,1.16453108719749,-0.710193866764298,1,0,0,1,0,1,1,0,0,0,0,1,0,0,0,0,0,1,0,1,0,0,1,0,1,0,1
1480-BKXGA,1,1.61370124044339,1.70461511225148,2.70317301102919,1,1,0,1,0,1,1,0,0,1,0,1,0,1,0,1,0,1,0,1,0,1,1,0,0,0,0
2996-XAUVF,0,1.53226051300333,-0.82131632800103,0.228612813003651,1,0,0,0,1,0,0,0,0,0,0,0,0,0,0,1,0,0,0,1,0,1,1,0,0,1,0
9076-AXYIK,1,1.28793833068315,1.24097374920513,1.87917313919619,1,1,0,1,0,1,1,0,0,0,0,0,0,1,0,1,0,1,0,1,0,1,0,0,1,0,0
5968-XQIVE,0,1.61370124044339,0.82884809316393,1.90146786636679,1,1,1,1,0,1,1,0,0,0,0,1,0,0,0,0,0,1,0,0,1,0,1,0,1,0,0
8896-RAZCR,0,0.473531056282539,-1.49102051906798,-0.624171538265457,0,0,1,1,0,0,0,1,1,0,1,0,1,0,1,0,1,0,1,0,0,1,0,0,0,1,0
4640-UHDOS,0,-0.788800219038401,-0.292864881948203,-0.683219454286601,0,1,1,1,0,0,0,0,0,0,0,0,0,0,0,0,0,0,0,1,0,0,0,0,1,0,1
4933-IKULF,1,-0.62591876415828,-1.46609356406549,-0.861466901714915,0,0,0,1,0,0,0,1,1,0,1,0,1,0,1,0,1,0,1,0,1,0,0,0,0,1,0
3583-EKAPL,0,-1.27744458367877,-0.32443902495136,-0.983138719699418,1,0,0,1,0,0,0,0,0,0,0,0,0,0,0,0,0,0,0,1,0,0,1,0,1,0,1
1304-BCCFO,0,-0.951681673918523,0.175761872098643,-0.758248937111225,1,1,0,1,0,0,0,0,0,0,0,0,0,1,0,0,0,1,0,1,0,0,1,0,0,1,0
4104-PVRPS,0,-0.340876218118068,-0.370969340956011,-0.42671972188821,1,1,0,1,0,0,0,0,0,1,0,0,0,0,0,1,0,0,0,0,0,0,0,0,0,1,0
9399-APLBT,0,-1.27744458367877,0.330308993114093,-0.974441568704155,0,1,1,1,0,0,1,0,0,0,0,1,0,0,0,0,0,0,0,0,0,0,1,0,1,0,1
2359-KMGLI,0,-0.340876218118068,0.514768460132533,-0.185605558636263,1,0,0,1,0,1,1,0,0,0,0,1,0,0,0,0,0,0,0,0,0,0,1,0,1,0,1
3780-DDGSE,1,0.107047782802266,0.375177512118578,0.205413052353848,1,1,1,1,0,0,0,0,0,0,0,1,0,0,0,1,0,1,0,1,0,0,1,0,1,0,0
4431-EDMIQ,0,-1.03312240135858,0.363544933117415,-0.762818252481833,0,1,1,1,0,0,0,0,0,1,0,1,0,1,0,1,0,1,0,0,0,0,1,0,1,0,0
0306-JAELE,0,-1.11456312879864,1.04155810918519,-0.80725318891195,1,0,0,1,0,0,1,0,0,0,0,0,0,0,0,1,0,1,0,1,0,0,1,0,1,0,1
6227-HWPWX,0,-0.707359491598341,0.140864135095155,-0.568236054453278,0,0,1,1,0,0,1,0,0,0,0,0,0,0,0,0,0,0,0,0,0,0,0,0,0,0,1
0486-LGCCH,0,-0.870240946478462,-1.49932950406881,-0.907756053078032,1,1,1,1,0,0,0,1,1,0,1,0,1,0,1,0,1,0,1,0,0,1,0,0,0,1,0
0447-BEMNG,0,0.636412511162661,-0.646827642983588,-0.0604460506587351,0,1,0,0,1,0,0,0,0,1,0,0,0,1,0,0,0,0,0,1,0,0,1,0,0,0,1
4612-SSVHJ,1,-0.503757672998189,0.55465158813652,-0.269442562392639,0,0,0,1,0,0,1,0,0,0,0,0,0,0,0,0,0,0,0,1,0,0,1,0,1,0,0
5168-MQQCA,0,1.61370124044339,1.45368376522639,2.52609548492765,0,1,0,1,0,1,1,0,0,0,0,1,0,1,0,1,0,1,0,1,1,0,1,0,0,0,0
5949-XIKAE,0,-0.992402037638553,0.624447062143497,-0.707191804491821,0,1,1,1,0,0,1,0,0,0,0,1,0,0,0,0,0,1,0,0,0,0,1,0,1,0,1
7971-HLVXI,0,1.61370124044339,0.656021205146653,1.69922599474596,1,1,1,1,0,1,1,0,0,0,0,0,0,0,0,0,0,0,0,1,0,1,1,1,0,0,0
9094-AZPHK,0,-0.707359491598341,1.17616366619865,-0.382726265204046,0,0,0,1,0,1,1,0,0,0,0,1,0,0,0,0,0,1,0,1,0,0,1,0,1,0,0
3649-JPUGY,0,1.61370124044339,0.792288559160275,1.73061520468318,1,0,0,1,0,1,0,0,0,0,0,1,0,1,0,1,0,1,0,1,0,1,1,0,0,0,0
4472-LVYGI,0,-1.3181649473988,-0.4058670779595,-0.390463197751863,0,1,1,0,1,0,0,0,0,1,0,0,0,1,0,1,0,1,0,0,0,1,1,0,0,0,0
8372-JUXUI,0,-1.27744458367877,0.31867641411293,-0.974596086615238,1,0,1,1,0,1,1,0,0,0,0,0,0,0,0,0,0,0,0,0,0,0,1,0,1,0,1
3552-CTCYF,0,1.24721796696312,1.3307107872141,1.90513214825819,1,1,1,1,0,1,1,0,0,0,0,1,0,1,0,0,0,1,0,1,0,1,1,0,0,0,0
6778-YSNIH,0,-1.23672421995873,-0.19149526493807,-0.957025192726329,0,0,0,1,0,0,0,0,0,0,0,1,0,0,0,0,0,1,0,0,0,0,1,0,1,0,0
0388-EOPEX,0,-1.23672421995873,0.320338211113097,-0.945877829141029,0,1,0,1,0,0,1,0,0,1,0,0,0,0,0,0,0,0,0,0,0,0,1,0,1,0,1
5756-OZRIO,1,1.16577723952306,-0.0236537679212913,0.715498750827344,1,1,0,1,0,1,0,0,0,0,0,1,0,0,0,0,0,0,0,1,1,0,0,0,0,0,0
6579-JPICP,0,-1.27744458367877,-1.47440254906632,-0.998413918909374,1,0,0,1,0,0,0,1,1,0,1,0,1,0,1,0,1,0,1,0,0,0,0,0,0,1,0
8205-OTCHB,0,-0.422316945558128,-0.698343349988737,-0.608499007284144,1,0,0,0,1,0,0,0,0,0,0,1,0,1,0,0,0,0,0,1,1,0,1,0,0,0,1
4134-BSXLX,0,-0.177994763237946,-0.128346978931757,-0.219091797366759,1,1,0,1,0,0,0,0,0,1,0,1,0,0,0,1,0,0,0,0,0,0,0,0,0,1,0
0505-SPOOW,0,1.53226051300333,-1.49434411306831,-0.390385938796321,0,1,0,1,0,0,0,1,1,0,1,0,1,0,1,0,1,0,1,0,0,1,0,0,0,0,0
6235-VDHOM,1,-1.11456312879864,-1.20685323203957,-0.949564185019732,0,0,0,0,1,0,0,0,0,0,0,1,0,0,0,0,0,0,0,0,0,0,0,0,1,0,1
7783-YKGDV,0,-0.829520582758432,1.16120749319715,-0.460669514351956,0,0,0,1,0,1,1,0,0,1,0,1,0,1,0,0,0,0,0,1,0,0,1,0,0,0,1
4374-YMUSQ,0,0.066327419082236,1.71126230025214,0.713931497729213,1,0,0,1,0,1,1,0,0,1,0,1,0,1,0,1,0,1,0,1,1,0,0,1,0,0,0
4513-CXYIX,1,1.57298087672336,0.529724633134028,1.49841893229947,0,1,0,1,0,1,1,0,0,1,0,0,0,0,0,0,0,0,0,0,0,1,1,1,0,0,0
3957-HHLMR,0,1.53226051300333,0.0145675630825297,0.998288602097205,0,1,1,1,0,1,0,0,0,1,0,0,0,0,0,0,0,0,0,1,1,0,0,0,0,0,0
7803-XOCCZ,0,0.799293966042782,0.641065032145158,0.902774459060386,0,1,1,1,0,0,1,0,0,1,0,0,0,1,0,1,0,0,0,0,0,0,1,0,0,0,0
5736-YEJAX,0,1.4915401492833,0.488179708129875,1.42184427036401,1,0,1,1,0,1,0,0,0,1,0,1,0,1,0,1,0,1,0,0,0,1,1,1,0,0,0
5609-CEBID,1,-0.503757672998189,0.975086229178549,-0.220526606541104,0,0,0,1,0,1,1,0,0,0,0,1,0,1,0,0,0,0,0,1,0,0,1,0,1,0,1
8981-FJGLA,0,-0.870240946478462,0.439987595125057,-0.631367658124482,1,0,1,1,0,1,1,0,0,0,0,0,0,1,0,0,0,0,0,0,0,0,1,0,0,1,0
7218-HKQFK,0,-1.23672421995873,0.978409823178881,-0.933472248279764,1,1,0,1,0,0,1,0,0,0,0,0,0,0,0,1,0,1,0,1,0,0,1,0,1,0,1
4636-QRJKY,0,-1.07384276507861,0.523077445133363,-0.7854220154746,0,1,1,1,0,1,1,0,0,0,0,0,0,0,0,1,0,0,0,0,0,0,1,0,1,0,1
1135-LMECX,0,-1.27744458367877,-1.49268231606814,-0.998656732769648,0,0,0,1,0,0,0,1,1,0,1,0,1,0,1,0,1,0,1,0,0,0,0,0,0,1,0
4332-MUOEZ,1,-0.503757672998189,0.981733417179213,-0.20467748366141,1,1,1,1,0,0,1,0,0,1,0,0,0,1,0,1,0,0,0,1,1,0,0,1,0,0,0
8535-SFUTN,0,1.16577723952306,1.38555008821958,1.77396851573571,1,0,0,1,0,1,1,0,0,1,0,0,0,1,0,0,0,1,0,1,0,0,1,0,1,0,0
5956-VKDTT,1,-1.11456312879864,0.31867641411293,-0.859612686781914,0,1,0,1,0,1,1,0,0,0,0,0,0,0,0,0,0,0,0,0,0,0,1,0,1,0,1
8677-HDZEE,0,0.962175420922904,1.35231414821626,1.60479347708672,0,0,0,1,0,1,1,0,0,0,0,1,0,0,0,1,0,1,0,1,0,0,1,0,0,0,0
2475-MROZF,0,-0.0965540357978854,1.00499857518154,0.251856721628049,1,0,0,1,0,1,1,0,0,1,0,1,0,1,0,1,0,0,0,0,0,0,1,1,0,0,0
9412-GHEEC,0,0.310649601402418,1.3307107872141,0.816752130561545,1,0,0,1,0,1,1,0,0,0,0,0,0,1,0,1,0,1,0,1,0,0,0,0,0,0,1
3482-ABPKK,0,-0.177994763237946,-0.347704182953685,-0.324759974560485,0,0,0,1,0,0,0,0,0,1,0,0,0,0,0,1,0,0,0,0,1,0,0,0,0,1,0
6705-LXORM,1,-1.11456312879864,0.175761872098643,-0.873828334601584,0,1,0,1,0,0,1,0,0,0,0,0,0,0,0,0,0,0,0,0,0,0,0,0,1,0,0
0257-ZESQC,1,-0.218715126957977,0.346926963115754,-0.155651157873388,0,1,0,1,0,0,1,0,0,1,0,0,0,0,0,0,0,0,0,0,0,0,1,0,0,0,1
7531-GQHME,0,-0.829520582758432,-1.48603512806748,-0.890229307163719,1,0,0,1,0,0,0,1,1,0,1,0,1,0,1,0,1,0,1,0,0,0,0,1,0,0,0
5174-ITUMV,0,1.41009942184324,1.35065235121609,2.07828050462076,1,1,1,1,0,1,1,0,0,0,0,1,0,1,0,0,0,1,0,1,1,0,1,0,1,0,0
4109-CYRBD,1,-0.137274399517916,-0.437441220962656,-0.370806312063329,1,1,0,1,0,1,0,0,0,0,0,0,0,0,0,0,0,0,0,0,0,0,1,0,1,0,0
0913-XWSCN,0,0.921455057202873,0.689257145149976,1.07345052884561,1,1,1,1,0,1,1,0,0,0,0,0,0,0,0,0,0,0,0,1,0,0,0,0,0,0,0
6825-UYPFK,0,-0.381596581838098,0.360221339117083,-0.231033824494773,0,0,0,1,0,1,1,0,0,0,0,0,0,0,0,0,0,0,0,0,0,0,0,0,0,0,1
8397-MVTAZ,0,0.066327419082236,1.17284007219832,0.528929410187826,1,1,0,1,0,1,1,0,0,0,0,0,0,1,0,0,0,1,0,1,0,0,1,0,1,0,1
0750-EBAIU,0,0.799293966042782,0.88036380016908,1.08444337451983,1,0,0,1,0,0,1,0,0,1,0,0,0,1,0,0,0,1,0,0,1,0,0,0,1,0,0
8606-CIQUL,1,1.61370124044339,1.69464433025048,2.70063450248997,1,1,1,1,0,1,1,0,0,1,0,1,0,1,0,1,0,1,0,1,0,1,1,1,0,0,0
3571-DPYUH,0,1.04361614836296,0.995027793180542,1.38996943270625,1,1,1,1,0,1,1,0,0,0,0,1,0,0,0,1,0,1,0,0,1,0,1,1,0,0,0
7601-GNDYK,0,0.107047782802266,-1.50099130106898,-0.704145594244749,1,1,1,1,0,0,0,1,1,0,1,0,1,0,1,0,1,0,1,0,0,1,0,0,0,1,0
0356-OBMAC,1,0.962175420922904,1.16785468119782,1.51179576860183,0,0,0,1,0,1,1,0,0,0,0,1,0,1,0,1,0,1,0,0,0,1,1,0,0,0,0
8067-NIOYM,0,-0.340876218118068,-1.45113739106399,-0.79080806837522,0,1,1,1,0,0,0,1,1,0,1,0,1,0,1,0,1,0,1,0,0,1,1,1,0,0,0
1403-GYAFU,0,1.53226051300333,-1.48603512806748,-0.406897281294944,1,1,1,1,0,0,0,1,1,0,1,0,1,0,1,0,1,0,1,0,0,1,0,1,0,0,0
4234-XTNEA,0,-1.23672421995873,0.504797678131536,-0.930403964045395,1,0,0,1,0,0,1,0,0,0,0,0,0,0,0,0,0,1,0,0,0,0,1,0,1,0,0
1297-VQDRP,1,1.45081978556327,1.40881524622191,2.25061212345331,1,1,1,1,0,1,1,0,0,0,0,0,0,1,0,1,0,1,0,1,1,0,1,1,0,0,0
9282-IZGQK,0,-1.27744458367877,0.672639175148314,-0.969894327320844,0,0,0,1,0,1,1,0,0,0,0,0,0,0,0,0,0,0,0,1,0,0,1,0,1,0,1
5348-CAGXB,0,-0.829520582758432,0.823862702163431,-0.556338175299858,1,0,0,1,0,1,1,0,0,0,0,0,0,1,0,0,0,1,0,0,0,0,1,0,1,0,0
0621-HJWXJ,0,1.24721796696312,0.557975182136852,1.21280361065551,0,1,0,1,0,1,1,0,0,0,0,1,0,0,0,0,0,0,0,0,0,0,1,0,0,0,0
5844-QVTAT,0,0.0256070553622056,-0.209775031939897,-0.144150610491325,0,1,1,1,0,0,0,0,0,1,0,1,0,1,0,0,0,0,0,0,1,0,1,0,0,1,0
8905-IAZPF,0,1.4915401492833,1.0266019361837,1.97000759692591,0,1,0,1,0,0,1,0,0,0,0,1,0,0,0,0,0,1,0,1,1,0,1,1,0,0,0
5394-MEITZ,0,1.12505687580303,0.526401039133695,1.17644775357633,0,1,1,1,0,0,0,0,0,0,0,1,0,1,0,1,0,1,0,1,0,1,1,0,0,0,0
6859-QNXIQ,0,1.61370124044339,1.60656908924168,2.63412557876223,0,1,1,1,0,1,1,0,0,1,0,1,0,1,0,1,0,1,0,1,0,1,1,0,0,0,0
2782-LFZVW,0,-0.870240946478462,-0.193157061938236,-0.741825890561793,0,0,0,1,0,1,0,0,0,0,0,0,0,0,0,0,0,0,0,1,0,0,1,0,0,1,0
2866-IKBTM,0,-1.27744458367877,-1.50265309806914,-0.998789176693434,0,0,0,1,0,0,0,1,1,0,1,0,1,0,1,0,1,0,1,0,0,0,0,0,0,1,0
1342-JPNKI,0,-0.910961310198492,0.707536912151803,-0.639181849627841,1,0,0,1,0,1,1,0,0,0,0,0,0,0,0,0,0,1,0,0,0,0,1,0,0,0,1
2817-NTQDO,0,-0.788800219038401,-0.638518657982757,-0.743856697393174,1,0,0,0,1,0,0,0,0,1,0,0,0,0,0,1,0,1,0,0,0,0,1,1,0,0,1
7129-AZJDE,0,0.066327419082236,0.471561738128214,0.1612650777586,1,1,1,1,0,0,1,0,0,0,0,0,0,0,0,0,0,0,0,1,1,0,1,0,0,0,0
6986-IJDHX,0,0.269929237682388,0.715845897152633,0.434452744553995,1,1,1,1,0,0,1,0,0,0,0,1,0,0,0,0,0,1,0,0,0,0,1,0,0,1,1
2560-PPCHE,0,1.32865869440318,1.33901977221493,1.97002967091321,0,0,0,1,0,1,1,0,0,0,0,1,0,0,0,1,0,1,0,1,1,0,1,0,0,0,0
4676-MQUEA,1,0.717853238602722,1.23432656120446,1.31719149658598,1,1,0,1,0,1,1,0,0,1,0,1,0,1,0,0,0,1,0,0,1,0,1,0,0,0,0
8138-EALND,0,-0.707359491598341,-1.49600591006848,-0.869855016888012,1,0,0,1,0,0,0,1,1,0,1,0,1,0,1,0,1,0,1,0,0,0,0,0,0,1,0
3580-HYCSP,0,1.61370124044339,1.51350845723237,2.50980488230201,1,1,1,1,0,1,1,0,0,1,0,1,0,1,0,0,0,1,0,1,0,1,1,0,0,0,0
1352-HNSAW,0,1.61370124044339,1.68965893924998,2.62171999790096,0,1,1,1,0,1,1,0,0,1,0,1,0,1,0,1,0,1,0,1,0,1,1,0,0,0,0
2075-PUEPR,0,0.921455057202873,-1.50930028606981,-0.498283588707107,1,1,1,1,0,0,0,1,1,0,1,0,1,0,1,0,1,0,1,0,0,1,0,0,0,0,0
1982-FEBTD,0,-0.381596581838098,-1.30157566104904,-0.780168406497766,0,1,1,1,0,1,0,1,1,0,1,0,1,0,1,0,1,0,1,0,0,1,1,1,0,0,0
5301-GAUUY,0,-0.0151133083578247,0.518092054132865,0.138727536727726,1,0,0,1,0,1,1,0,0,0,0,1,0,0,0,0,0,0,0,0,0,0,1,0,0,0,1
5791-KAJFD,0,0.962175420922904,0.132555150094324,0.673734766860239,0,1,1,1,0,1,0,0,0,1,0,0,0,1,0,0,0,0,0,1,1,0,1,0,0,0,0
2654-VBVPB,0,-1.27744458367877,-1.49102051906798,-0.99863465878235,0,0,0,1,0,0,0,1,1,0,1,0,1,0,1,0,1,0,1,0,0,0,0,0,0,0,0
1154-HYWWO,0,0.229208873962357,0.194041639100471,0.188195342261702,1,0,0,1,0,0,0,0,0,1,0,1,0,0,0,1,0,1,0,0,1,0,0,0,0,1,0
2501-XWWTZ,0,-0.870240946478462,0.180747263099142,-0.671873424815622,1,0,0,1,0,0,1,0,0,0,0,0,0,0,0,0,0,0,0,0,0,0,0,0,1,0,0
3716-UVSPD,0,-1.27744458367877,-0.513883882970298,-0.985655154251347,1,0,0,1,0,0,0,0,0,0,0,0,0,0,0,1,0,0,0,0,0,0,1,0,1,0,0
6815-ABQFQ,0,0.962175420922904,1.41213884022224,1.65615964552829,1,1,0,1,0,1,1,0,0,0,0,1,0,0,0,1,0,1,0,1,1,0,1,0,1,0,0
7343-EOBEU,0,-1.1960038562387,-1.36804754105568,-0.968106334349736,1,1,0,1,0,1,0,1,1,0,1,0,1,0,1,0,1,0,1,0,0,0,1,0,0,1,0
3701-SFMUH,0,-1.03312240135858,0.164129293097481,-0.779550334853432,1,1,1,1,0,0,0,0,0,1,0,0,0,0,0,0,0,1,0,1,0,0,0,1,0,0,0
6103-LIANB,0,1.084336512083,1.15456030519649,1.58042379511014,1,1,1,1,0,1,1,0,0,0,0,0,0,1,0,0,0,1,0,1,0,1,1,1,0,0,0
7319-VENRZ,0,-1.03312240135858,-0.0153447829204607,-0.810542213019296,1,0,0,1,0,0,0,0,0,0,0,0,0,1,0,1,0,1,0,0,0,0,0,0,0,0,0
5846-NEQVZ,0,1.57298087672336,0.202350624101301,1.18823526279326,1,1,1,1,0,0,0,0,0,1,0,0,0,1,0,1,0,0,0,1,0,1,1,1,0,0,0
6967-QIQRV,0,-0.707359491598341,1.23432656120446,-0.271362999287532,1,1,1,1,0,0,1,0,0,1,0,0,0,0,0,1,0,1,0,1,1,0,0,0,1,0,0
5781-RFZRP,0,1.57298087672336,0.290425865110106,1.3579180031501,1,1,0,1,0,1,0,0,0,1,0,1,0,0,0,1,0,1,0,0,0,1,0,1,0,0,0
0939-YAPAF,0,0.107047782802266,1.17948726019898,0.549943846095164,0,0,0,1,0,1,1,0,0,0,0,0,0,1,0,0,0,1,0,1,0,0,1,0,1,0,1
0308-IVGOK,0,-0.870240946478462,-0.809683748999868,-0.820850765087287,0,0,0,0,1,0,0,0,0,0,0,1,0,1,0,1,0,0,0,0,1,0,1,1,0,0,0
7293-LSCDV,0,1.12505687580303,-1.51262388007014,-0.520357576004731,0,1,1,1,0,0,0,1,1,0,1,0,1,0,1,0,1,0,1,0,0,1,1,1,0,0,0
7025-WCBNE,1,0.595692147442631,-0.171553700936076,0.208415114626325,1,0,0,1,0,1,0,0,0,0,0,1,0,0,0,1,0,0,0,0,0,1,0,0,0,0,0
5756-JYOJT,0,-0.870240946478462,0.00459678108153305,-0.699598352861438,0,0,0,1,0,0,0,0,0,0,0,0,0,1,0,1,0,0,0,1,1,0,0,1,0,0,0
4710-FDUIZ,0,0.962175420922904,1.18114905719915,1.4712458539361,1,1,0,1,0,1,1,0,0,0,0,1,0,0,0,0,0,1,0,1,1,0,0,1,0,0,1
6030-REHUX,1,-0.177994763237946,1.5317882242342,0.407257592203322,0,1,0,1,0,1,1,0,0,0,0,1,0,1,0,1,0,1,0,1,0,0,1,0,1,0,0
9548-LIGTA,0,1.16577723952306,0.541357212135191,1.08857121014449,1,1,0,1,0,0,0,0,0,1,0,1,0,0,0,1,0,1,0,1,0,1,1,0,0,1,0
5150-LJNSR,0,-0.0558336720778551,1.10636819219167,0.353264619273334,1,1,1,1,0,1,1,0,0,1,0,0,0,1,0,0,0,1,0,0,1,0,0,0,0,0,0
8270-RKSAP,0,-0.951681673918523,0.190718045100139,-0.743459365621817,1,0,0,1,0,0,1,0,0,0,0,0,0,0,0,0,0,0,0,0,0,0,1,0,1,0,0
6522-YRBXD,1,0.107047782802266,0.990042402180044,0.478335831301672,1,1,0,1,0,1,1,0,0,1,0,1,0,0,0,0,0,0,0,1,0,0,1,0,1,0,0
2640-LYMOV,0,-1.23672421995873,-1.49932950406881,-0.990290691583848,1,0,0,1,0,0,0,1,1,0,1,0,1,0,1,0,1,0,1,0,0,0,1,0,0,1,0
1218-VKFPE,0,-0.829520582758432,-1.52093286507097,-0.904312511059603,0,1,1,1,0,0,0,1,1,0,1,0,1,0,1,0,1,0,1,0,0,0,0,0,0,1,1
3627-FHKBK,0,-1.27744458367877,0.350250557116086,-0.974176680856583,0,0,0,1,0,0,1,0,0,1,0,0,0,0,0,0,0,0,0,0,0,0,0,0,0,1,1
2865-TCHJW,1,-1.15528349251868,0.812230123162269,-0.854579817678056,0,0,0,1,0,1,1,0,0,0,0,0,0,1,0,0,0,1,0,0,0,0,1,0,1,0,1
1423-BMPBQ,0,-1.27744458367877,-1.52093286507097,-0.999031990553708,0,1,1,1,0,0,0,1,1,0,1,0,1,0,1,0,1,0,1,0,0,0,1,0,0,1,0
2393-DIVAI,0,-1.1960038562387,-1.48769692506765,-0.980180805401537,0,0,0,1,0,0,0,1,1,0,1,0,1,0,1,0,1,0,1,0,0,0,1,0,0,1,0
5192-EBGOV,1,-1.27744458367877,0.69590433315064,-0.969585291498677,0,0,0,1,0,1,1,0,0,0,0,0,0,0,0,0,0,1,0,0,0,0,1,0,1,0,1
4568-KNYWR,0,0.799293966042782,-0.0502425199239492,0.468203871132062,1,0,0,1,0,0,0,0,0,1,0,1,0,0,0,0,0,1,0,0,0,1,1,1,0,0,0
8752-IMQOS,0,-1.11456312879864,-1.48437333106731,-0.969850179346249,1,1,1,1,0,0,0,1,1,0,1,0,1,0,1,0,1,0,1,0,1,0,0,0,0,1,0
0742-LAFQK,0,1.61370124044339,1.14292772619533,2.2692867167071,1,1,0,1,0,1,1,0,0,1,0,1,0,1,0,0,0,0,0,1,0,1,1,0,1,0,0
0795-LAFGP,0,1.57298087672336,0.852113251166256,1.93638891427163,1,1,1,1,0,1,0,0,0,1,0,1,0,1,0,1,0,1,0,1,0,1,0,0,1,0,0
0619-OLYUR,0,1.61370124044339,1.56668596123769,2.55578499784296,1,1,0,1,0,1,1,0,0,1,0,0,0,1,0,1,0,1,0,1,0,1,1,1,0,0,0
5512-IDZEI,0,0.5549717837226,-1.32484081905137,-0.488769700181831,1,1,1,1,0,1,0,1,1,0,1,0,1,0,1,0,1,0,1,0,1,0,0,0,1,0,0
0459-SPZHJ,0,1.24721796696312,0.622785265143331,1.39202231352492,1,1,1,1,0,1,0,0,0,1,0,1,0,1,0,0,0,1,0,1,0,1,0,1,0,0,0
0215-BQKGS,0,-0.0965540357978854,0.649374017145989,0.069172402752913,1,0,0,1,0,0,1,0,0,1,0,1,0,1,0,0,0,0,0,0,0,0,1,1,0,0,0
9244-ZVAPM,0,-1.27744458367877,-0.636856860982591,-0.987288629311372,1,0,0,1,0,0,0,0,0,0,0,0,0,0,0,0,0,0,0,0,0,0,0,0,0,1,0
0719-SYFRB,0,-0.829520582758432,-0.103420023929265,-0.692313937053222,0,0,0,1,0,1,0,0,0,1,0,0,0,1,0,1,0,0,0,0,0,0,1,0,0,1,1
8208-EUMTE,0,-0.66663912787831,-0.329424415951858,-0.60295843647244,1,0,0,0,1,0,0,0,0,1,0,1,0,1,0,1,0,1,0,0,0,1,0,0,0,1,0
5172-MIGPM,0,-1.15528349251868,0.0262001420836924,-0.902701109986876,1,0,0,1,0,1,0,0,0,0,0,0,0,0,0,1,0,0,0,1,0,0,0,0,0,1,0
1710-RCXUS,0,0.758573602322752,0.850451454166089,1.02981025595821,1,1,0,1,0,1,1,0,0,0,0,1,0,0,0,0,0,0,0,1,1,0,1,1,0,0,0
0374-FIUCA,0,1.32865869440318,-1.47440254906632,-0.382969079064319,1,1,0,1,0,0,0,1,1,0,1,0,1,0,1,0,1,0,1,0,0,1,1,1,0,0,0
5839-SUYVZ,0,-0.66663912787831,0.325323602113595,-0.490668063089427,1,0,0,1,0,0,1,0,0,0,0,0,0,0,0,1,0,0,0,0,0,0,1,1,0,0,0
5173-ZXXXL,0,-1.23672421995873,-1.48935872206781,-0.986361521844872,1,0,0,1,0,0,0,1,1,0,1,0,1,0,1,0,1,0,1,0,1,0,0,0,0,1,0
1096-ADRUX,0,1.36937905812321,0.315352820112598,1.13784034979278,0,1,1,1,0,1,1,0,0,0,0,0,0,0,0,0,0,0,0,0,1,0,1,0,0,0,0
2001-MCUUW,0,0.5549717837226,1.45866915622689,1.1572433846274,1,0,0,1,0,1,1,0,0,0,0,1,0,1,0,1,0,1,0,1,0,1,0,0,1,0,0
2731-GJRDG,0,-0.0151133083578247,1.48858150222988,0.585438817669743,0,0,0,1,0,1,1,0,0,1,0,0,0,1,0,1,0,1,0,1,1,0,1,0,0,0,0
4723-BEGSG,0,1.61370124044339,0.727478476153797,1.6830678360441,1,1,0,1,0,1,0,0,0,1,0,0,0,1,0,1,0,1,0,1,0,1,0,1,0,0,0
6516-NKQBO,0,0.229208873962357,0.539695415135025,0.354500762562001,1,1,1,1,0,0,0,0,0,1,0,0,0,1,0,1,0,1,0,1,0,1,0,1,0,0,0
8672-OAUPW,0,0.758573602322752,-0.562075995975115,0.0330372855467025,1,0,1,1,0,0,0,0,0,0,0,0,0,0,0,1,0,0,0,0,1,0,0,1,0,0,0
8207-DMRVL,0,1.61370124044339,1.65476120224649,2.65953273814179,1,1,1,1,0,1,1,0,0,1,0,1,0,1,0,1,0,1,0,1,0,1,0,0,0,0,0
3419-SNJJD,1,1.32865869440318,1.34566696021559,1.98863804220511,0,1,0,1,0,1,1,0,0,1,0,0,0,1,0,0,0,1,0,1,0,0,0,0,0,0,1
6543-CPZMK,0,-0.951681673918523,-1.15699932203459,-0.897513722971935,1,1,1,0,1,0,0,0,0,0,0,1,0,0,0,0,0,0,0,0,0,0,1,0,1,0,1
4765-OXPPD,0,-0.951681673918523,0.00792037508186511,-0.714696960173013,0,1,1,1,0,0,0,0,0,1,0,1,0,1,0,1,0,0,0,0,0,0,0,0,0,1,1
2804-ETQDK,0,1.36937905812321,-1.46941715806582,-0.408287942494694,1,0,1,1,0,0,0,1,1,0,1,0,1,0,1,0,1,0,1,0,0,1,0,0,0,1,0
6689-VRRTK,1,0.473531056282539,1.49689048723071,1.13832597751333,0,0,0,1,0,1,1,0,0,1,0,1,0,1,0,0,0,1,0,1,1,0,1,1,0,0,0
7138-GIRSH,0,0.717853238602722,0.157482105096816,0.501645961887962,1,0,0,1,0,1,0,0,0,0,0,0,0,1,0,1,0,0,0,1,0,1,0,0,0,0,0
9396-ZSFLL,0,-0.707359491598341,-0.528840055971793,-0.728669794132409,0,0,0,1,0,1,0,0,0,0,0,0,0,0,0,0,0,0,0,0,0,0,0,0,0,1,0
6464-KEXXH,0,-0.992402037638553,-1.3132082400502,-0.925172429055858,1,0,0,0,1,0,0,0,0,0,0,0,0,0,0,0,0,0,0,0,0,0,1,1,0,0,0
7134-MJPDY,1,1.36937905812321,1.26590070420762,2.07267371184716,0,0,0,1,0,1,1,0,0,0,0,0,0,1,0,1,0,1,0,1,1,0,1,1,0,0,0
5240-CAOYT,0,1.00289578464293,0.757390822156787,1.14914223128917,0,0,0,1,0,1,1,0,0,1,0,1,0,0,0,1,0,0,0,0,0,0,1,0,0,0,0
4059-IIEBK,0,-1.03312240135858,0.458267362126884,-0.776548272580955,0,0,0,1,0,1,1,0,0,0,0,1,0,0,0,0,0,0,0,0,0,0,1,0,0,0,0
4881-JVQOD,1,-0.910961310198492,-1.0041139980193,-0.847339549844436,1,1,1,0,1,0,0,0,0,0,0,0,0,0,0,0,0,0,0,1,0,0,1,0,0,0,0
0516-UXRMT,0,1.20649760324309,0.906952552171738,1.53364901602648,0,0,0,1,0,1,1,0,0,1,0,1,0,1,0,0,0,0,0,0,1,0,1,0,1,0,0
4851-BQDNX,0,0.310649601402418,0.67430097214848,0.474031403778635,1,1,1,1,0,0,1,0,0,0,0,0,0,1,0,0,0,1,0,0,1,0,1,0,1,0,0
5148-HKFIR,0,-0.503757672998189,-1.49766770706864,-0.827759923111443,0,0,0,1,0,0,0,1,1,0,1,0,1,0,1,0,1,0,1,0,0,1,0,0,0,1,0
1009-IRMNA,0,-1.03312240135858,-1.48769692506765,-0.946672492683744,0,0,0,1,0,0,0,1,1,0,1,0,1,0,1,0,1,0,1,0,0,0,0,0,0,0,1
3003-CMDUU,0,-0.300155854398037,1.00998396618204,0.0502329216515515,0,1,0,1,0,0,1,0,0,0,0,0,0,0,0,1,0,1,0,1,0,0,1,0,1,0,0
5016-IBERQ,0,-0.381596581838098,0.647712220145823,-0.138543817717729,1,1,0,1,0,1,1,0,0,0,0,1,0,1,0,0,0,0,0,0,0,0,0,0,1,0,0
6797-UCJHZ,1,1.36937905812321,1.32406359921343,2.00322894780883,0,1,0,1,0,1,1,0,0,0,0,1,0,1,0,0,0,1,0,1,1,0,0,1,0,0,0
2469-DTSGX,1,1.61370124044339,1.55837697623686,2.49945218225942,0,0,0,1,0,1,1,0,0,0,0,1,0,1,0,1,0,1,0,1,0,1,0,0,1,0,0
4554-YGZIH,1,0.677132874882691,0.840480672165093,1.00009866905561,1,1,0,1,0,1,1,0,0,0,0,1,0,0,0,0,0,0,0,1,0,0,0,1,0,0,1
5099-BAILX,1,0.432810692562509,1.52846463023387,1.06219279532383,1,1,1,1,0,1,1,0,0,0,0,1,0,1,0,1,0,1,0,1,0,0,1,0,0,0,1
9931-KGHOA,0,0.5549717837226,-0.32443902495136,0.0847787117723331,0,1,0,1,0,1,0,0,0,1,0,0,0,0,0,0,0,0,0,0,0,0,0,0,0,0,0
1775-KWJKQ,0,1.61370124044339,0.833833484164428,1.88996731898473,1,1,1,1,0,1,0,0,0,1,0,1,0,1,0,1,0,1,0,1,0,1,0,1,0,0,0
7665-VIGUD,0,-0.910961310198492,-1.47606434606648,-0.929587226515383,1,0,0,1,0,0,0,1,1,0,1,0,1,0,1,0,1,0,1,0,1,0,0,0,0,1,0
9411-TPQQV,0,0.310649601402418,-0.339395197952855,-0.020183097827869,0,0,0,0,1,0,0,0,0,1,0,0,0,0,0,1,0,1,0,1,1,0,1,0,0,0,0
7207-RMRDB,0,1.32865869440318,1.35397594521643,2.07660288158614,0,1,1,1,0,1,1,0,0,0,0,1,0,1,0,0,0,1,0,1,0,0,1,0,1,0,1
7954-MLBUN,0,-0.0558336720778551,1.15289850819632,0.365537756210813,1,0,0,1,0,0,1,0,0,0,0,0,0,1,0,1,0,1,0,1,0,1,0,0,0,0,0
2077-DDHJK,0,1.45081978556327,0.204012421101468,1.16084144455691,0,1,0,1,0,1,0,0,0,1,0,1,0,1,0,1,0,0,0,0,0,1,0,1,0,0,0
4913-EHYUI,1,0.962175420922904,1.32240180221327,1.55080050415673,1,1,1,1,0,1,1,0,0,1,0,0,0,1,0,0,0,1,0,1,1,0,1,0,0,0,1
0195-IESCP,0,-0.910961310198492,0.680948160149145,-0.629822479013649,1,1,0,1,0,1,1,0,0,0,0,0,0,0,0,0,0,0,0,1,0,0,1,0,1,0,1
9574-BOSMD,0,1.45081978556327,-1.3082228490497,-0.292134621334597,1,1,1,1,0,1,0,1,1,0,1,0,1,0,1,0,1,0,1,0,0,1,0,0,0,0,0
4580-TMHJU,0,0.432810692562509,-0.286217693947539,0.0959702233322286,0,1,1,1,0,0,0,0,0,0,0,0,0,0,0,0,0,1,0,0,0,0,0,0,1,0,1
0970-ETWGE,0,-1.27744458367877,0.823862702163431,-0.96788559447676,1,0,0,1,0,0,1,0,0,0,0,0,0,0,0,0,0,1,0,1,0,0,1,0,1,0,1
4908-XAXAY,1,0.677132874882691,0.833833484164428,0.885291861120667,0,0,0,1,0,0,1,0,0,0,0,1,0,1,0,0,0,0,0,1,1,0,1,0,0,0,0
8404-VLQFB,0,-0.707359491598341,-1.3132082400502,-0.833101828037468,0,1,1,1,0,1,0,1,1,0,1,0,1,0,1,0,1,0,1,0,0,0,1,0,1,0,0
1626-ERCMM,1,-0.503757672998189,0.990042402180044,-0.168763106328176,1,1,0,1,0,1,1,0,0,0,0,0,0,0,0,0,0,1,0,1,0,0,1,0,1,0,1
0887-HJGAR,0,-1.27744458367877,-0.633533266982258,-0.987244481336777,1,0,0,1,0,0,0,0,0,0,0,0,0,0,0,0,0,0,0,0,0,0,1,0,0,1,1
2391-IPLOP,0,0.717853238602722,0.162467496097315,0.512219401803524,1,1,1,1,0,1,0,0,0,0,0,0,0,1,0,1,0,1,0,0,1,0,1,0,1,0,0
5644-PDMZC,1,-1.23672421995873,0.822200905163265,-0.936121126755479,0,0,0,1,0,1,1,0,0,0,0,1,0,0,0,0,0,0,0,1,0,0,0,0,1,0,1
3509-GWQGF,1,-0.340876218118068,0.174100075098477,-0.242512297889538,1,0,0,1,0,0,1,0,0,0,0,0,0,0,0,0,0,0,0,0,0,0,0,1,0,0,0
9576-ANLXO,0,-1.1960038562387,0.159143902096982,-0.909279158201568,0,0,0,1,0,0,1,0,0,0,0,0,0,0,0,0,0,0,0,0,0,0,1,0,0,0,1
2024-BASKD,0,-1.27744458367877,0.326985399113761,-0.97448571667875,0,0,0,1,0,0,1,0,0,0,0,0,0,1,0,0,0,0,0,0,0,0,1,0,0,1,1
5845-BZZIB,0,0.107047782802266,-1.48437333106731,-0.718118428204145,1,1,1,1,0,0,0,1,1,0,1,0,1,0,1,0,1,0,1,0,0,1,0,0,0,1,0
1140-UKVZG,0,-0.62591876415828,-1.3281644130517,-0.797606856462889,0,0,0,1,0,1,0,1,1,0,1,0,1,0,1,0,1,0,1,0,0,0,0,0,0,1,0
4160-AMJTL,1,-0.992402037638553,-1.49932950406881,-0.934884983466812,0,0,0,1,0,0,0,1,1,0,1,0,1,0,1,0,1,0,1,0,0,0,0,0,1,0,1
5183-SNMJQ,0,-0.910961310198492,1.00832216918187,-0.625495977503314,1,0,0,1,0,0,1,0,0,0,0,0,0,0,0,1,0,1,0,1,0,0,1,1,0,0,0
8100-PNJMH,0,1.45081978556327,0.800597544161106,1.70004273227597,1,1,1,1,0,1,0,0,0,1,0,1,0,1,0,1,0,1,0,1,0,1,1,1,0,0,0
7838-LAZFO,0,0.51425142000257,0.466576347127715,0.580803280337242,1,1,0,1,0,0,0,0,0,1,0,1,0,1,0,0,0,1,0,1,1,0,0,0,0,0,0
4464-JCOLN,0,-1.23672421995873,-1.49268231606814,-0.991570982847111,1,1,1,1,0,0,0,1,1,0,1,0,1,0,1,0,1,0,1,0,1,0,0,0,0,1,1
2085-JVGAD,0,0.188488510242327,-1.47606434606648,-0.699421760963057,1,1,0,1,0,0,0,1,1,0,1,0,1,0,1,0,1,0,1,0,0,0,0,0,0,0,0
5650-VDUDS,0,-1.15528349251868,-1.34644418005352,-0.965015976128069,0,0,0,0,1,0,0,0,0,0,0,0,0,0,0,0,0,0,0,0,0,0,1,0,0,1,1
8095-WANWK,0,-0.910961310198492,-0.648489439983754,-0.818157738636977,0,0,0,1,0,0,0,0,0,0,0,0,0,0,0,0,0,0,0,0,0,0,0,0,0,1,0
3030-ZKIWL,0,-1.27744458367877,-1.48603512806748,-0.998568436820457,1,0,0,1,0,0,0,1,1,0,1,0,1,0,1,0,1,0,1,0,0,0,0,0,0,1,0
9565-FLVCG,0,1.32865869440318,0.159143902096982,0.961204303437196,1,1,1,1,0,1,0,0,0,1,0,1,0,0,0,0,0,0,0,1,0,1,1,0,0,1,0
8755-OGKNA,0,1.00289578464293,-1.50431489506931,-0.491948354352689,0,1,1,1,0,0,0,1,1,0,1,0,1,0,1,0,1,0,1,0,0,1,0,0,0,0,0
2800-VEQXM,0,-1.1960038562387,0.331970790114259,-0.902303778215519,0,0,0,1,0,0,1,0,0,0,0,0,0,1,0,0,0,0,0,0,0,0,1,0,0,1,0
7538-GWHML,0,-1.23672421995873,0.162467496097315,-0.943339320601802,0,0,0,1,0,0,1,0,0,0,0,0,0,0,0,0,0,0,0,0,0,0,0,0,1,0,1
5533-RJFTJ,0,0.677132874882691,-1.14869033703376,-0.365905886883256,1,0,0,0,1,0,0,0,0,0,0,0,0,1,0,0,0,0,0,0,0,0,1,0,0,0,0
3859-CVCET,0,-1.15528349251868,-0.635195063982425,-0.923075400262583,0,0,0,1,0,0,0,0,0,0,0,0,0,0,0,0,0,0,0,0,0,0,0,0,0,1,1
0214-JHPFW,0,1.53226051300333,-0.231378392942057,0.775849032099048,0,1,0,0,1,0,0,0,0,0,0,1,0,1,0,1,0,1,0,1,0,1,0,0,0,0,0
5642-MHDQT,0,0.840014329762813,-1.49268231606814,-0.548523983796499,0,1,1,1,0,0,0,1,1,0,1,0,1,0,1,0,1,0,1,0,1,0,1,0,0,0,0
3088-FVYWK,0,0.840014329762813,-1.30323745804921,-0.417559017159696,1,1,1,1,0,1,0,1,1,0,1,0,1,0,1,0,1,0,1,0,0,1,0,1,0,0,0
3276-HDUEG,0,-1.27744458367877,0.341941572115256,-0.974287050793071,0,0,0,1,0,1,1,0,0,0,0,0,0,0,0,0,0,0,0,0,0,0,1,0,0,1,1
9092-GDZKO,0,-0.422316945558128,-1.32650261605153,-0.789593999073851,1,0,0,1,0,1,0,1,1,0,1,0,1,0,1,0,1,0,1,0,0,0,1,1,0,0,0
0823-HSCDJ,1,0.799293966042782,-0.518869273970796,0.118750578223377,1,0,0,0,1,0,0,0,0,0,0,1,0,0,0,0,0,1,0,1,0,0,1,0,1,0,1
3729-OWRVL,1,1.32865869440318,1.51517025423254,2.19160835540676,1,0,0,1,0,1,1,0,0,1,0,0,0,1,0,1,0,1,0,1,0,1,1,0,1,0,0
2324-AALNO,0,0.636412511162661,-1.33647339805253,-0.475900565587316,0,0,0,1,0,1,0,1,1,0,1,0,1,0,1,0,1,0,1,0,1,0,0,0,0,0,0
0822-GAVAP,0,-1.23672421995873,-0.999128607018805,-0.979937991541263,0,0,0,0,1,0,0,0,0,0,0,0,0,0,0,0,0,0,0,1,0,0,1,0,1,0,1
5760-IFJOZ,0,-1.1960038562387,1.43540399822456,-0.868972057396107,1,0,0,1,0,1,1,0,0,0,0,1,0,1,0,0,0,1,0,1,0,0,0,0,0,1,0
2826-UWHIS,0,0.51425142000257,0.552989791136354,0.659541193027867,1,1,0,1,0,1,1,0,0,0,0,1,0,0,0,0,0,0,0,0,0,0,0,0,0,0,0
1448-PWKYE,0,-1.27744458367877,0.506459475131702,-0.972101726050606,1,1,1,1,0,0,1,0,0,0,0,0,0,0,0,0,0,0,0,1,0,0,0,0,1,0,1
7501-IWUNG,0,1.16577723952306,0.300396647111103,1.03047247557714,0,1,1,1,0,0,0,0,0,0,0,0,0,1,0,1,0,1,0,1,0,1,1,0,0,0,0
4957-TREIR,0,-1.1960038562387,-0.0120211889201282,-0.921044593431202,1,0,0,1,0,0,0,0,0,1,0,0,0,0,0,1,0,1,0,0,0,0,1,1,0,0,0
7251-LJBQN,1,0.310649601402418,1.29581305021061,0.841673662220562,0,0,0,1,0,1,1,0,0,0,0,0,0,1,0,1,0,1,0,1,1,0,1,1,0,0,0
8040-MNRTF,0,-1.27744458367877,0.210659609102132,-0.976030895789583,0,0,0,1,0,0,1,0,0,0,0,0,0,0,0,0,0,0,0,0,0,0,0,0,0,1,0
1536-HBSWP,0,-1.27744458367877,-0.493942318968304,-0.985390266403776,0,0,0,1,0,0,0,0,0,0,0,0,0,0,0,1,0,0,0,0,0,0,1,0,1,0,0
5313-FPXWG,0,0.758573602322752,-1.33481160105236,-0.448330155452584,1,0,0,1,0,1,0,1,1,0,1,0,1,0,1,0,1,0,1,0,1,0,1,0,0,0,0
0067-DKWBL,1,-1.23672421995873,-0.515545679970464,-0.967201300870534,1,0,0,1,0,0,0,0,0,1,0,0,0,0,0,0,0,0,0,0,0,0,1,0,1,0,1
0946-FKYTX,0,0.799293966042782,-1.15201393103409,-0.290721886147549,1,0,0,0,1,0,0,0,0,0,0,1,0,0,0,0,0,0,0,0,1,0,0,0,0,1,0
5076-YVXCM,0,0.758573602322752,0.619461671142999,0.824478026115713,1,0,0,1,0,1,1,0,0,0,0,0,0,0,0,0,0,0,0,1,0,0,0,0,0,0,0
8262-COGGB,0,-1.27744458367877,-1.47274075206615,-0.998391844922077,1,0,0,1,0,0,0,1,1,0,1,0,1,0,1,0,1,0,1,0,0,0,1,0,0,1,0
6663-JOCQO,0,-0.0558336720778551,0.34858876011592,0.0276291586587846,1,1,1,1,0,1,0,0,0,1,0,1,0,0,0,1,0,0,0,1,1,0,1,0,0,0,0
9620-QJREV,0,0.595692147442631,-1.46941715806582,-0.560179049089645,1,0,1,1,0,0,0,1,1,0,1,0,1,0,1,0,1,0,1,0,1,0,0,1,0,0,0
2276-YDAVZ,0,-1.1960038562387,0.343603369115422,-0.887911538497468,0,0,0,1,0,1,1,0,0,0,0,0,0,0,0,0,0,0,0,0,0,0,1,1,0,0,1
2682-KEVRP,1,-0.422316945558128,-1.48603512806748,-0.823323051664621,0,0,0,1,0,0,0,1,1,0,1,0,1,0,1,0,1,0,1,0,1,0,1,0,0,1,0
2480-JZOSN,0,-1.27744458367877,-1.46609356406549,-0.998303548972886,0,1,0,1,0,0,0,1,1,0,1,0,1,0,1,0,1,0,1,0,0,0,1,0,0,1,0
0078-XZMHT,0,1.61370124044339,0.677624566148813,1.78105426565825,1,1,0,1,0,1,0,0,0,0,0,1,0,1,0,1,0,1,0,1,0,1,1,0,0,0,0
5896-NPFWW,0,-1.1960038562387,-0.485633333967473,-0.933185286444895,1,1,1,1,0,0,0,0,0,0,0,0,0,1,0,0,0,0,0,0,0,0,1,0,1,0,1
9978-HYCIN,1,0.595692147442631,0.670977378148148,0.766467587497558,1,1,1,1,0,0,1,0,0,0,0,1,0,0,0,0,0,1,0,0,1,0,1,0,0,0,0
8338-QIUNR,0,1.61370124044339,0.0577742850868488,1.11680383989815,1,1,1,1,0,1,0,0,0,1,0,0,0,1,0,1,0,0,0,0,0,1,1,1,0,0,0
1525-LNLOJ,0,1.36937905812321,-0.0485807229237832,0.842247585890301,1,1,1,1,0,1,0,0,0,0,0,0,0,1,0,0,0,1,0,0,0,1,1,0,0,0,0
9450-TRJUU,0,0.107047782802266,0.611152686142168,0.250112876631537,1,0,0,1,0,1,1,0,0,0,0,0,0,0,0,0,0,1,0,0,0,0,0,0,1,0,0
1766-GKNMI,0,-0.137274399517916,0.669315581147982,0.103431231038825,1,0,0,1,0,1,1,0,0,0,0,0,0,0,0,0,0,0,0,1,0,0,1,0,1,0,0
6942-LBFDP,0,-1.23672421995873,-1.46941715806582,-0.992586386262801,0,0,0,1,0,0,0,1,1,0,1,0,1,0,1,0,1,0,1,0,0,0,1,0,0,1,0
1456-TWCGB,0,-1.15528349251868,-0.515545679970464,-0.91539365268301,1,0,0,1,0,0,0,0,0,0,0,1,0,0,0,0,0,0,0,0,0,0,0,0,0,1,0
7133-VBDCG,0,-0.300155854398037,0.501474084131204,-0.117683899721474,0,0,0,1,0,0,1,0,0,1,0,1,0,0,0,0,0,0,0,0,0,0,1,0,0,0,1
7596-ZYWBB,0,1.32865869440318,-0.171553700936076,0.64362584818628,0,0,0,1,0,0,0,0,0,1,0,1,0,0,0,1,0,0,0,0,0,1,1,0,0,1,0
8329-UTMVM,1,-0.218715126957977,1.3257253962136,0.301125861276346,1,0,0,1,0,1,1,0,0,0,0,1,0,0,0,1,0,1,0,1,1,0,1,0,0,0,0
3014-WJKSM,0,-0.137274399517916,0.350250557116086,-0.00817484873796144,1,1,0,1,0,0,1,0,0,0,0,0,0,1,0,0,0,0,0,0,0,0,1,1,0,0,0
3347-YJZZE,0,-0.137274399517916,0.509783069132034,-0.0309552036291094,1,1,1,1,0,1,0,0,0,0,0,1,0,1,0,0,0,1,0,1,0,0,0,1,0,0,0
1029-QFBEN,0,-1.27744458367877,-1.50265309806914,-0.998789176693434,1,0,0,1,0,0,0,1,1,0,1,0,1,0,1,0,1,0,1,0,0,0,0,0,0,1,1
7929-DMBCV,0,-0.503757672998189,0.539695415135025,-0.264100657466614,0,1,0,1,0,0,1,0,0,0,0,0,0,1,0,1,0,0,0,0,0,0,1,0,0,1,0
9661-JALZV,0,1.04361614836296,-1.33148800705203,-0.336812371624988,0,0,0,1,0,1,0,1,1,0,1,0,1,0,1,0,1,0,1,0,0,1,1,1,0,0,0
5433-KYGHE,0,-0.748079855318371,0.705875115151637,-0.49351560745082,0,0,1,1,0,1,1,0,0,1,0,0,0,0,0,1,0,0,0,0,0,0,1,0,0,1,0
4312-KFRXN,0,1.61370124044339,-1.3082228490497,-0.252092408376707,1,1,0,1,0,1,0,1,1,0,1,0,1,0,1,0,1,0,1,0,0,1,0,0,0,1,0
5575-TPIZQ,0,0.5549717837226,0.810568326162103,0.866904229701747,1,0,0,1,0,1,1,0,0,1,0,0,0,0,0,0,0,1,0,0,0,0,1,1,0,0,0
0114-IGABW,0,1.57298087672336,-0.216422219940561,0.822910773017582,0,1,0,0,1,0,0,0,0,0,0,1,0,1,0,1,0,1,0,1,0,1,0,0,0,0,0
9944-AEXBM,0,-0.0151133083578247,0.694242536150474,0.168814381414388,1,0,0,1,0,1,1,0,0,0,0,0,0,0,0,0,0,0,0,1,0,0,1,0,0,0,0
1853-ARAAQ,0,-0.259435490678007,-0.478986145966809,-0.443429730272511,0,0,0,0,1,0,0,0,0,0,0,0,0,1,0,0,0,1,0,1,0,0,1,1,0,0,0
6952-OMNWB,1,1.45081978556327,0.518092054132865,1.46014263832539,1,1,0,1,0,1,1,0,0,0,0,0,0,1,0,0,0,0,0,0,0,0,1,1,0,0,0
4697-LUPSU,0,-1.23672421995873,-1.48104973706698,-0.992078684554956,1,1,1,1,0,0,0,1,1,0,1,0,1,0,1,0,1,0,1,0,1,0,0,0,0,1,0
8434-VGEQQ,0,1.16577723952306,-1.46941715806582,-0.430869631500163,1,1,1,1,0,0,0,1,1,0,1,0,1,0,1,0,1,0,1,0,0,1,0,1,0,0,0
4952-YSOGZ,0,-1.15528349251868,0.704213318151471,-0.839083878595124,0,1,1,1,0,1,1,0,0,0,0,0,0,0,0,0,0,0,0,1,0,0,1,0,1,0,1
1589-AGTLK,0,-1.1960038562387,-0.645165845983421,-0.944950721674529,1,0,0,1,0,0,0,0,0,0,0,0,0,0,0,0,0,0,0,0,0,0,1,0,1,0,1
5244-IRFIH,1,0.0256070553622056,0.988380605179878,0.36361731931592,1,1,0,1,0,1,1,0,0,0,0,0,0,0,0,0,0,1,0,1,0,0,1,0,1,0,1
6549-YMFAW,1,-0.951681673918523,-1.44615200006349,-0.917115423692225,1,1,0,1,0,0,0,1,1,0,1,0,1,0,1,0,1,0,1,0,0,0,1,0,0,1,0
4950-HKQTE,0,-0.422316945558128,-1.27997230004688,-0.739927527654197,0,0,0,1,0,1,0,1,1,0,1,0,1,0,1,0,1,0,1,0,0,1,0,0,0,1,0
6786-OBWQR,0,-1.11456312879864,0.534710024134526,-0.850209168193127,0,1,1,1,0,0,1,0,0,0,0,0,0,0,0,0,0,1,0,0,0,0,1,0,1,0,0
2684-EIWEO,1,-0.0965540357978854,0.895319973170575,0.210247255572028,0,0,0,1,0,1,1,0,0,1,0,1,0,1,0,0,0,0,0,0,0,0,0,1,0,0,1
2753-JMMCV,0,1.32865869440318,0.313691023112432,1.11417703540973,1,0,0,1,0,1,0,0,0,0,0,1,0,1,0,1,0,0,0,1,0,1,1,1,0,0,0
6439-GTPCA,0,0.51425142000257,0.74742004015579,0.732760608894086,0,0,0,1,0,1,1,0,0,0,0,0,0,1,0,1,0,0,0,0,0,0,1,0,1,0,1
6621-YOBKI,0,-1.11456312879864,-1.47606434606648,-0.966472859289712,1,0,0,1,0,0,0,1,1,0,1,0,1,0,1,0,1,0,1,0,0,0,0,0,0,1,0
1216-JWVUX,0,-0.300155854398037,0.356897745116751,-0.168145034683843,1,1,1,1,0,0,1,0,0,0,0,1,0,0,0,0,0,0,0,0,0,0,1,0,1,0,0
7564-GHCVB,0,1.61370124044339,0.474885332128546,1.52256787440307,0,1,1,1,0,1,1,0,0,1,0,0,0,0,0,0,0,0,0,0,0,1,0,0,0,0,0
1173-NOEYG,0,-0.218715126957977,0.843804266165425,0.0624619106144354,0,1,0,1,0,1,1,0,0,0,0,0,0,1,0,0,0,0,0,1,0,0,0,0,0,0,0
7595-EHCDL,0,-0.0151133083578247,-0.470677160965978,-0.277455419781677,1,1,1,0,1,0,0,0,0,0,0,0,0,1,0,0,0,1,0,1,0,0,0,1,0,0,0
6647-ZEDXT,0,-0.0965540357978854,1.51849384823287,0.461405083044394,0,0,0,1,0,1,1,0,0,0,0,1,0,1,0,1,0,1,0,1,1,0,0,1,0,0,0
2521-NPUZR,0,1.53226051300333,1.20441421520147,2.12068463421949,1,1,0,1,0,0,1,0,0,1,0,1,0,1,0,1,0,0,0,1,0,1,0,1,0,0,0
1307-TVUFB,1,0.392090328842479,0.484856114129542,0.468932312712884,1,0,0,1,0,1,1,0,0,0,0,1,0,0,0,0,0,0,0,0,0,0,1,0,0,0,0
7503-MIOGA,1,1.61370124044339,0.833833484164428,1.94932427082804,0,1,0,1,0,1,0,0,0,1,0,1,0,1,0,1,0,1,0,1,0,1,1,0,0,0,0
4381-MHQDC,0,0.595692147442631,0.00792037508186511,0.263997414641742,0,0,0,1,0,1,0,0,0,1,0,0,0,1,0,1,0,0,0,0,0,1,1,0,0,1,0
6923-JHPMP,0,-1.23672421995873,0.521415648133197,-0.94689323255672,0,0,0,1,0,0,1,0,0,1,0,0,0,1,0,0,0,0,0,0,0,0,1,0,1,0,0
5138-WVKYJ,0,-0.910961310198492,1.12298616219333,-0.562165707946431,1,0,0,1,0,1,1,0,0,1,0,0,0,0,0,0,0,1,0,1,0,0,0,0,1,0,1
4018-PPNDW,0,1.16577723952306,-1.35142957105402,-0.322420131906937,0,1,1,1,0,1,0,1,1,0,1,0,1,0,1,0,1,0,1,0,0,1,1,0,0,1,0
1635-FJFCC,0,-1.11456312879864,-0.688372567987741,-0.918174975082511,0,0,0,1,0,0,0,0,0,0,0,0,0,0,0,0,0,0,0,0,0,0,1,1,0,0,0
2499-AJYUA,1,1.61370124044339,1.53012642723403,2.47243362180713,0,1,0,1,0,1,1,0,0,0,0,1,0,1,0,1,0,1,0,1,0,1,1,1,0,0,0
6919-ELBGL,1,1.61370124044339,1.66805557824782,2.6111244839981,1,1,1,1,0,1,1,0,0,1,0,1,0,1,0,1,0,1,0,1,0,1,1,0,0,0,0
3966-HRMZA,1,-1.1960038562387,0.341941572115256,-0.917843865273047,0,0,0,1,0,0,1,0,0,0,0,0,0,1,0,0,0,0,0,0,0,0,0,0,0,1,0
6425-JWTDV,0,0.636412511162661,-1.51262388007014,-0.629910774962839,1,1,0,1,0,0,0,1,1,0,1,0,1,0,1,0,1,0,1,0,0,1,0,0,0,1,0
8405-IGQFX,0,1.24721796696312,0.840480672165093,1.56066757647877,0,0,0,1,0,0,1,0,0,0,0,0,0,1,0,1,0,1,0,0,1,0,1,1,0,0,0
8224-IVVPA,0,-0.218715126957977,-0.267937926945711,-0.277676159654653,0,0,0,1,0,0,0,0,0,1,0,1,0,0,0,0,0,0,0,0,0,0,1,0,0,1,0
9477-LGWQI,0,1.53226051300333,0.511444866132201,1.46493269356898,1,1,1,1,0,0,0,0,0,1,0,1,0,1,0,0,0,1,0,1,0,1,1,1,0,0,0
1410-RSCMR,0,-1.03312240135858,0.218968594102963,-0.779726926751813,1,1,1,1,0,0,0,0,0,1,0,0,0,1,0,1,0,0,0,1,0,0,1,1,0,0,0
3115-CZMZD,0,-1.3181649473988,-1.47938794006682,-0.390463197751863,1,0,1,1,0,0,0,1,1,0,1,0,1,0,1,0,1,0,1,0,0,1,0,0,0,1,0
0139-IVFJG,0,-1.23672421995873,0.850451454166089,-0.923318214122857,0,1,0,1,0,0,1,0,0,1,0,1,0,0,0,0,0,1,0,0,0,0,0,0,1,0,0
6683-VLCTZ,1,-0.503757672998189,1.12298616219333,-0.193861229885575,1,0,0,1,0,1,1,0,0,0,0,0,0,1,0,0,0,1,0,1,0,0,1,0,1,0,1
5730-DBDSI,0,1.36937905812321,-1.49766770706864,-0.453892800251585,1,0,0,1,0,0,0,1,1,0,1,0,1,0,1,0,1,0,1,0,0,1,0,0,0,0,0
0030-FNXPP,0,-1.1960038562387,-1.49268231606814,-0.982167464258323,0,0,0,1,0,0,0,1,1,0,1,0,1,0,1,0,1,0,1,0,0,0,0,0,0,1,0
2189-WWOEW,0,-0.707359491598341,0.702551521151305,-0.446939494252834,0,0,1,1,0,0,1,0,0,0,0,1,0,0,0,0,0,0,0,1,0,0,1,0,0,0,1
5684-FJVYR,0,1.61370124044339,0.850451454166089,1.8901880588577,0,1,1,1,0,1,1,0,0,1,0,1,0,0,0,1,0,0,0,0,0,1,1,0,0,0,0
4013-GUXND,0,-1.27744458367877,-1.46110817306499,-0.998237327010993,1,0,0,1,0,0,0,1,1,0,1,0,1,0,1,0,1,0,1,0,0,0,0,0,0,1,0
1894-IGFSG,0,-0.422316945558128,0.813891920162435,-0.165142972411366,0,0,0,1,0,0,1,0,0,0,0,0,0,0,0,0,0,1,0,1,0,0,0,0,1,0,1
7379-POKDZ,0,-1.1960038562387,0.184070857099474,-0.915217060784629,1,1,0,1,0,0,1,0,0,0,0,0,0,0,0,0,0,0,0,0,0,0,1,0,1,0,1
1266-NZYUI,0,1.61370124044339,0.0694068640880115,1.09349370931186,0,1,1,1,0,1,0,0,0,1,0,0,0,1,0,1,0,0,0,0,0,1,0,0,0,0,0
7969-FFOWG,0,1.32865869440318,-1.49102051906798,-0.436763386108629,1,1,1,1,0,0,0,1,1,0,1,0,1,0,1,0,1,0,1,0,0,1,0,0,0,1,0
4718-DHSMV,0,-0.870240946478462,-0.962569073015151,-0.847096735984162,0,0,0,0,1,0,0,0,0,0,0,0,0,0,0,0,0,1,0,0,0,0,1,0,0,1,0
5175-WLYXL,0,-0.422316945558128,0.468238144127881,-0.300942142266349,1,0,0,1,0,1,1,0,0,0,0,1,0,0,0,0,0,0,0,0,0,0,1,0,0,1,0
7817-OMJNA,0,-0.748079855318371,-1.47440254906632,-0.885704139767706,1,0,0,1,0,0,0,1,1,0,1,0,1,0,1,0,1,0,1,0,1,0,0,0,0,0,0
8728-SKJLR,0,0.351369965122448,0.315352820112598,0.356354977495001,1,0,0,1,0,0,1,0,0,0,0,0,0,0,0,1,0,0,0,0,0,0,1,0,1,0,0
3137-NYQQI,0,-0.62591876415828,0.00127318708120052,-0.488416516385069,1,1,0,1,0,0,0,0,0,1,0,1,0,0,0,0,0,0,0,1,1,0,0,0,0,1,0
7706-DZNKK,0,-0.870240946478462,-1.47274075206615,-0.902656962012281,1,0,0,1,0,0,0,1,1,0,1,0,1,0,1,0,1,0,1,0,0,0,1,1,0,0,0
0236-HFWSV,0,-0.707359491598341,0.950159274176057,-0.369636390736555,1,0,0,1,0,1,1,0,0,0,0,0,0,0,0,0,0,1,0,1,0,0,1,0,1,0,1
3900-AQPHZ,0,-1.27744458367877,-1.49102051906798,-0.99863465878235,0,0,0,1,0,0,0,1,1,0,1,0,1,0,1,0,1,0,1,0,0,0,0,0,0,1,1
5842-POCOP,0,-1.11456312879864,0.802259341161272,-0.806922079102486,0,1,0,1,0,0,1,0,0,1,0,0,0,1,0,0,0,0,0,1,0,0,1,0,0,1,1
2037-XJFUP,0,0.0256070553622056,1.0315873271842,0.333243512794389,1,1,0,1,0,0,1,0,0,0,0,0,0,1,0,0,0,1,0,1,1,0,1,0,1,0,1
8823-RLPWL,0,1.61370124044339,1.52514103623354,2.55340100721482,0,1,0,1,0,1,1,0,0,1,0,1,0,1,0,0,0,1,0,1,0,1,1,1,0,0,0
9505-SQFSW,0,-1.1960038562387,-0.8130073430002,-0.9665832292262,0,1,1,0,1,0,0,0,0,0,0,1,0,0,0,0,0,0,0,1,0,0,0,0,0,1,0
7314-OXENN,0,-1.23672421995873,0.572931355138347,-0.925900870636679,1,0,0,1,0,1,1,0,0,0,0,1,0,0,0,0,0,0,0,0,0,0,1,0,1,0,1
3758-CKOQL,0,1.084336512083,1.40382985522141,1.70869573529664,0,1,0,1,0,1,1,0,0,1,0,1,0,1,0,1,0,0,0,1,1,0,1,1,0,0,0
0322-CHQRU,0,-1.23672421995873,-0.645165845983421,-0.967907668464058,1,0,0,1,0,0,0,0,0,0,0,0,0,0,0,0,0,0,0,0,0,0,0,0,1,0,1
5676-CFLYY,0,1.57298087672336,0.285440474109607,1.26818724478525,1,1,1,1,0,0,0,0,0,0,0,1,0,0,0,1,0,1,0,1,0,1,1,1,0,0,0
7521-AFHAB,0,-1.11456312879864,-0.663445612985249,-0.910095895731581,0,1,1,1,0,0,0,0,0,0,0,0,0,0,0,0,0,0,0,0,0,0,0,0,0,1,0
0285-INHLN,0,-0.218715126957977,-0.33274800995219,-0.340653245414774,1,1,1,1,0,0,0,0,0,1,0,1,0,0,0,0,0,0,0,0,0,0,1,1,0,0,0
4678-DVQEO,0,-1.27744458367877,-0.417499656960662,-0.984374862988085,0,0,0,1,0,0,0,0,0,0,0,0,0,0,0,1,0,0,0,0,0,0,1,0,1,0,1
5125-CNDSP,0,1.24721796696312,-0.803036560999203,0.135548882556868,1,0,1,0,1,0,0,0,0,1,0,1,0,0,0,1,0,0,0,0,1,0,1,0,0,0,0
0691-IFBQW,1,0.5549717837226,1.50353767523138,1.14470535984234,0,0,0,1,0,1,1,0,0,1,0,1,0,1,0,0,0,1,0,1,1,0,1,0,1,0,1
4992-LTJNE,0,1.61370124044339,-0.314468242950363,0.751258610249495,1,1,1,1,0,1,0,0,0,1,0,0,0,0,0,0,0,0,0,0,0,1,0,0,0,0,0
2202-OUTMO,0,0.066327419082236,-0.130008775931923,-0.122871286736416,0,1,0,1,0,1,0,0,0,1,0,0,0,0,0,1,0,0,0,0,0,0,1,0,0,0,0
0810-BDHAW,0,-0.340876218118068,0.453281971126386,-0.19845261924348,0,1,1,1,0,1,0,0,0,1,0,1,0,0,0,0,0,1,0,1,1,0,0,0,1,0,0
0229-LFJAF,0,1.61370124044339,0.162467496097315,1.15947285734446,1,0,0,1,0,1,0,0,0,1,0,1,0,1,0,1,0,0,0,0,0,1,0,0,0,0,0
7131-ZQZNK,0,1.12505687580303,-0.163244715935246,0.577580478191789,0,1,1,0,1,0,0,0,0,1,0,0,0,1,0,1,0,1,0,1,0,1,0,1,0,0,0
3442-ZHHCC,0,1.45081978556327,0.403428061121403,1.2101326581925,1,0,0,1,0,1,0,0,0,1,0,1,0,1,0,0,0,0,0,1,1,0,1,1,0,0,0
5726-CVNYA,0,-0.992402037638553,-1.49268231606814,-0.942699174970171,0,1,1,1,0,0,0,1,1,0,1,0,1,0,1,0,1,0,1,0,0,1,1,0,0,1,0
9871-ELEYA,0,0.066327419082236,0.0959956160906698,0.0253334639798318,0,0,1,1,0,0,0,0,0,1,0,0,0,1,0,1,0,1,0,0,0,1,0,1,0,0,0
4257-GAESD,0,-1.07384276507861,-0.656798424984584,-0.875550105610799,0,0,0,0,1,0,0,0,0,0,0,0,0,0,0,0,0,1,0,1,0,0,0,1,0,0,0
5173-WXOQV,0,-1.23672421995873,-0.0186683769207928,-0.944001540220731,1,1,0,1,0,0,0,0,0,0,0,1,0,0,0,1,0,0,0,1,0,0,1,0,0,1,0
2040-OBMLJ,0,-0.0558336720778551,0.56296057313735,0.117757248794984,1,0,0,1,0,1,1,0,0,0,0,0,0,0,0,1,0,0,0,0,1,0,0,1,0,0,0
6286-ZHAOK,0,-0.503757672998189,-1.30323745804921,-0.783413282630516,0,1,1,1,0,1,0,1,1,0,1,0,1,0,1,0,1,0,1,0,0,0,1,0,0,0,0
3807-XHCJH,0,-1.27744458367877,-1.48769692506765,-0.998590510807755,0,1,1,1,0,0,0,1,1,0,1,0,1,0,1,0,1,0,1,0,0,0,0,0,1,0,0
3009-JWMPU,0,1.20649760324309,1.06316147018735,1.69681993013052,1,0,0,1,0,1,1,0,0,0,0,0,0,1,0,0,0,1,0,1,1,0,1,0,1,0,1
5671-RQRLP,1,1.53226051300333,0.361883136117249,1.38160339152045,0,1,0,1,0,1,1,0,0,0,0,0,0,0,0,0,0,0,0,0,0,1,1,1,0,0,0
1450-GALXR,0,-0.910961310198492,1.12132436519317,-0.540224164572593,0,0,0,1,0,1,1,0,0,0,0,0,0,0,0,1,0,1,0,1,0,0,1,0,1,0,1
8859-AXJZP,0,0.269929237682388,-1.36140035305502,-0.608410711334953,1,1,1,1,0,1,0,1,1,0,1,0,1,0,1,0,1,0,1,0,0,1,1,0,0,1,0
3174-AKMAS,0,0.5549717837226,-0.0186683769207928,0.321213189717184,0,1,0,1,0,0,0,0,0,0,0,1,0,0,0,1,0,1,0,0,0,1,1,1,0,0,0
3138-BKYAV,0,-1.07384276507861,0.684271754149477,-0.791337844070363,1,0,0,1,0,0,1,0,0,0,0,1,0,0,0,0,0,1,0,0,0,0,1,0,1,0,1
9926-PJHDQ,0,1.61370124044339,0.40010446712107,1.40678981102703,0,1,1,1,0,1,0,0,0,0,0,0,0,1,0,0,0,1,0,1,0,1,1,0,0,0,0
7382-DFJTU,0,-0.58519840043825,-0.317791836950695,-0.540290386534486,1,0,0,1,0,0,0,0,0,0,0,0,0,1,0,1,0,0,0,0,0,0,0,1,0,0,0
2798-NYLMZ,0,1.57298087672336,1.45534556222656,2.35488963944728,1,1,0,1,0,1,1,0,0,1,0,0,0,1,0,1,0,1,0,1,0,1,1,1,0,0,0
4289-DTDKW,0,0.310649601402418,1.21438499720247,0.808430237350341,1,1,0,1,0,1,1,0,0,0,0,1,0,0,0,0,0,1,0,1,0,0,1,0,1,0,1
1820-TQVEV,0,-1.27744458367877,0.159143902096982,-0.97671518939581,1,0,0,1,0,0,1,0,0,0,0,0,0,0,0,0,0,0,0,0,0,0,1,0,1,0,1
2239-JALAW,0,1.04361614836296,1.27919508020895,1.64925048750414,1,0,0,1,0,1,1,0,0,0,0,1,0,1,0,0,0,1,0,1,1,0,1,0,0,0,1
4853-RULSV,0,1.53226051300333,1.30412203521144,2.19337427439057,1,0,0,1,0,1,1,0,0,1,0,0,0,0,0,1,0,1,0,1,0,1,1,1,0,0,1
8098-TDCBU,0,0.392090328842479,-1.3132082400502,-0.518172251262266,0,1,0,1,0,1,0,1,1,0,1,0,1,0,1,0,1,0,1,0,0,1,0,0,1,0,0
3551-GAEGL,0,0.066327419082236,-1.14204314903309,-0.593025142188509,1,1,1,0,1,0,0,0,0,1,0,0,0,0,0,0,0,0,0,0,1,0,0,0,0,0,0
4785-NKHCX,1,-1.11456312879864,-1.48603512806748,-0.965854787645379,1,0,0,1,0,0,0,1,1,0,1,0,1,0,1,0,1,0,1,0,0,0,0,0,0,0,0
3196-NVXLZ,0,-0.300155854398037,0.659344799146985,-0.0855883221907288,0,0,0,1,0,1,1,0,0,0,0,0,0,0,0,0,0,1,0,0,0,0,1,0,0,1,0
6275-YDUVO,0,-1.23672421995873,0.712522303152301,-0.928527675125097,0,0,0,1,0,0,1,0,0,0,0,0,0,1,0,0,0,0,0,1,0,0,1,0,0,1,1
0036-IHMOT,0,0.921455057202873,1.29415125321044,1.48992044718989,0,1,1,1,0,0,1,0,0,0,0,1,0,1,0,1,0,1,0,1,1,0,1,0,0,0,0
0115-TFERT,0,-0.463037309278159,1.54342080323536,0.0155326136196867,1,1,0,1,0,1,1,0,0,0,0,1,0,1,0,1,0,1,0,1,0,0,1,0,1,0,1
4178-EGMON,0,1.53226051300333,0.772346995158282,1.63547631943042,1,1,0,1,0,1,1,0,0,1,0,1,0,0,0,1,0,0,0,0,0,1,1,1,0,0,0
4220-TINQT,0,1.16577723952306,1.38222649421925,1.97316417710947,0,1,0,1,0,1,1,0,0,0,0,0,0,1,0,1,0,1,0,1,0,0,1,0,1,0,0
5318-YKDPV,0,0.432810692562509,0.478208926128878,0.56716155618731,1,1,1,1,0,0,0,0,0,1,0,0,0,1,0,1,0,1,0,1,0,1,1,1,0,0,0
7975-TZMLR,0,0.595692147442631,1.27420968920845,1.15110681615866,1,0,0,1,0,1,1,0,0,0,0,1,0,1,0,0,0,1,0,1,1,0,1,0,1,0,0
0295-QVKPB,0,-1.11456312879864,-0.0269773619216234,-0.866985398539321,1,0,0,1,0,0,0,0,0,0,0,0,0,1,0,1,0,1,0,0,0,0,1,1,0,0,0
4335-BSMJS,0,1.20649760324309,-1.29492847304837,-0.316967857044424,0,0,0,1,0,1,0,1,1,0,1,0,1,0,1,0,1,0,1,0,0,1,1,1,0,0,0
2311-QYMUQ,0,-0.66663912787831,0.820539108163099,-0.37599369907827,0,1,1,1,0,0,1,0,0,0,0,1,0,1,0,0,0,1,0,0,0,0,1,1,0,0,1
3643-AHCFP,1,-1.03312240135858,1.02494013918353,-0.722952631422324,1,1,0,1,0,1,1,0,0,0,0,0,0,0,0,0,0,1,0,1,0,0,1,0,0,0,1
9146-JRIOX,0,-0.748079855318371,-1.30323745804921,-0.842990974346804,0,1,1,1,0,1,0,1,1,0,1,0,1,0,1,0,1,0,1,0,0,0,0,0,0,1,0
3104-OWCGK,0,1.12505687580303,0.870393018168083,1.40014554085045,1,1,1,1,0,0,1,0,0,0,0,1,0,1,0,0,0,1,0,0,1,0,0,0,1,0,1
5337-IIWKZ,0,0.066327419082236,-0.661783815985083,-0.370541424215757,1,1,1,0,1,0,0,0,0,0,0,0,0,1,0,1,0,1,0,0,0,0,1,0,1,0,0
9101-BWFSS,0,0.717853238602722,1.45534556222656,1.46959030488878,0,1,0,1,0,1,1,0,0,1,0,1,0,0,0,1,0,1,0,1,1,0,0,0,1,0,1
9650-VBUOG,0,0.229208873962357,-1.31985542805087,-0.581855704615912,1,1,1,1,0,1,0,1,1,0,1,0,1,0,1,0,1,0,1,0,0,1,0,1,0,0,0
3487-EARAT,0,1.53226051300333,0.310367429112099,1.29811957156083,0,1,1,1,0,0,0,0,0,1,0,1,0,1,0,1,0,0,0,1,1,0,0,1,0,0,0
2672-TGEFF,0,0.188488510242327,0.79893574716094,0.467365059614752,0,1,1,1,0,1,1,0,0,0,0,1,0,0,0,0,0,1,0,0,0,0,1,0,1,0,0
9231-ZJYAM,1,-1.15528349251868,0.468238144127881,-0.878154836111919,0,0,0,1,0,0,1,0,0,0,0,0,0,0,0,0,0,1,0,0,0,0,1,0,1,0,1
4250-WAROZ,1,1.12505687580303,0.946835680175725,1.54192676126309,1,1,1,1,0,1,1,0,0,1,0,1,0,0,0,0,0,0,0,1,0,0,1,0,1,0,0
8184-WMOFI,0,1.20649760324309,0.220630391103129,0.973631958285759,1,1,1,1,0,0,0,0,0,1,0,0,0,1,0,1,0,0,0,1,1,0,0,1,0,0,0
6982-SSHFK,0,-1.27744458367877,-0.676739988986578,-0.987818405006515,1,0,0,1,0,0,0,0,0,0,0,0,0,0,0,0,0,0,0,0,0,0,0,0,0,1,1
6092-QZVPP,0,0.147768146522297,0.479870723129044,0.252982494980228,1,0,0,1,0,0,0,0,0,1,0,0,0,1,0,1,0,1,0,1,0,0,1,1,0,0,0
4625-LAMOB,0,0.473531056282539,-1.47440254906632,-0.607638121779536,1,0,0,1,0,0,0,1,1,0,1,0,1,0,1,0,1,0,1,0,0,1,0,1,0,0,0
0727-BMPLR,1,0.921455057202873,1.17117827519815,1.42482425864919,0,0,0,1,0,1,1,0,0,0,0,0,0,1,0,0,0,1,0,1,1,0,1,0,1,0,1
0392-BZIUW,0,1.61370124044339,1.33735797521476,2.34332287010333,0,1,0,1,0,1,1,0,0,1,0,0,0,1,0,0,0,1,0,1,0,1,1,1,0,0,0
1038-ZAGBI,0,-0.829520582758432,-1.49434411306831,-0.906056356056115,0,1,1,1,0,0,0,1,1,0,1,0,1,0,1,0,1,0,1,0,1,0,0,0,0,0,1
6549-NNDYT,0,-0.788800219038401,-1.1270869760316,-0.833432937846932,0,0,0,0,1,0,0,0,0,1,0,0,0,0,0,0,0,0,0,0,0,0,1,0,0,0,0
3027-ZTDHO,0,-1.27744458367877,0.835495281164595,-0.967731076565677,1,0,0,1,0,0,1,0,0,0,0,0,0,0,0,0,0,1,0,1,0,0,1,0,1,0,1
0422-OHQHQ,0,-0.707359491598341,-1.46941715806582,-0.876764174912168,0,1,1,1,0,0,0,1,1,0,1,0,1,0,1,0,1,0,1,0,1,0,0,0,0,1,0
6916-HIJSE,0,1.32865869440318,0.667653784147816,1.40270612337697,0,0,0,1,0,0,0,0,0,1,0,1,0,1,0,1,0,1,0,1,0,1,1,0,0,0,0
2316-ESMLS,0,-0.829520582758432,-1.05064431402395,-0.811071988714439,0,1,1,0,1,0,0,0,0,1,0,0,0,0,0,1,0,0,0,0,1,0,0,1,0,0,0
9778-OGKQZ,0,1.61370124044339,0.905290755171572,1.98676175328481,1,1,0,1,0,1,0,0,0,1,0,1,0,1,0,1,0,1,0,1,0,1,1,1,0,0,0
7408-OFWXJ,0,1.61370124044339,0.832171687164262,1.86681170630952,0,1,1,1,0,1,0,0,0,1,0,1,0,1,0,1,0,1,0,1,0,1,0,1,0,0,0
6007-TCTST,0,1.61370124044339,1.69630612725065,2.73478296083939,0,1,1,1,0,1,1,0,0,1,0,1,0,1,0,1,0,1,0,1,0,1,1,0,0,0,0
2252-NKNSI,0,0.799293966042782,0.677624566148813,0.962396298751268,1,0,1,1,0,1,0,0,0,1,0,1,0,0,0,1,0,1,0,1,0,1,1,0,0,1,0
8713-IGZSO,0,-1.23672421995873,-1.32650261605153,-0.980048361477751,1,0,0,1,0,1,0,1,1,0,1,0,1,0,1,0,1,0,1,0,0,0,0,0,0,1,0
7905-TVXTA,0,-1.11456312879864,-0.0136829859202947,-0.851732273316663,0,0,0,1,0,0,0,0,0,1,0,0,0,0,0,1,0,1,0,0,0,0,1,0,1,0,0
7695-PKLCZ,0,1.45081978556327,-1.47107895506598,-0.378355615719116,0,0,0,1,0,0,0,1,1,0,1,0,1,0,1,0,1,0,1,0,0,1,0,1,0,0,0
2382-BCKQJ,0,1.20649760324309,1.17616366619865,1.82407646690132,0,0,1,1,0,1,1,0,0,0,0,0,0,1,0,0,0,1,0,1,1,0,1,0,1,0,1
8374-UULRV,0,1.61370124044339,0.707536912151803,1.77816257332226,1,0,0,1,0,1,0,0,0,1,0,1,0,0,0,1,0,1,0,1,0,1,0,1,0,0,0
2207-NHRJK,0,-1.27744458367877,-0.464029972965314,-0.984992934632419,1,0,0,1,0,0,0,0,0,0,0,1,0,0,0,0,0,0,0,0,0,0,0,0,1,0,1
3224-DFQNQ,0,1.36937905812321,0.805582935161604,1.59669232374849,0,1,0,1,0,1,1,0,0,1,0,1,0,0,0,1,0,0,0,0,1,0,0,0,1,0,0
5275-PMFUT,0,1.61370124044339,0.00127318708120052,1.07625392523241,1,1,1,0,1,0,0,0,0,1,0,1,0,1,0,1,0,1,0,1,0,1,1,1,0,0,0
4795-UXVCJ,0,-0.259435490678007,-1.49434411306831,-0.805531417902736,1,0,0,1,0,0,0,1,1,0,1,0,1,0,1,0,1,0,1,0,1,0,0,1,0,0,0
9777-IQHWP,0,1.28793833068315,0.951821071176223,1.56300741913232,1,1,1,1,0,1,1,0,0,1,0,0,0,1,0,0,0,0,0,1,0,1,0,0,0,0,0
0947-MUGVO,1,-0.503757672998189,0.295411256110605,-0.36131449752535,1,1,0,1,0,0,1,0,0,0,0,1,0,0,0,0,0,0,0,0,0,0,1,0,1,0,1
9944-HKVVB,0,-1.1960038562387,1.00832216918187,-0.871709231821012,0,0,0,1,0,0,1,0,0,0,0,1,0,0,0,0,0,1,0,1,0,0,1,0,1,0,1
4124-MMETB,0,-0.422316945558128,0.993365996180376,-0.0783039063825128,1,0,0,1,0,1,1,0,0,0,0,0,0,0,0,0,0,1,0,1,0,0,1,1,0,0,1
3671-SHRSP,0,-1.15528349251868,0.526401039133695,-0.866521844806071,1,1,0,1,0,0,1,0,0,0,0,0,0,1,0,1,0,0,0,0,0,0,1,0,0,1,1
0979-MOZQI,0,1.20649760324309,-0.856214065004519,0.0245167264498196,1,1,0,0,1,0,0,0,0,0,0,0,0,0,0,1,0,1,0,0,0,1,1,0,0,0,0
2732-ISEZX,0,-1.11456312879864,-1.47107895506598,-0.961373768223961,0,0,0,1,0,0,0,1,1,0,1,0,1,0,1,0,1,0,1,0,0,0,1,0,0,1,0
3313-QKNKB,0,1.084336512083,0.690918942150142,1.23734988453047,1,1,0,1,0,1,1,0,0,0,0,0,0,0,0,0,0,0,0,1,1,0,0,0,1,0,1
0323-XWWTN,0,-1.1960038562387,-1.27498690904638,-0.953890686530067,1,0,1,1,0,1,0,1,1,0,1,0,1,0,1,0,1,0,1,0,0,1,1,0,0,1,0
1937-OTUKY,0,1.61370124044339,1.11135358319217,2.0899576439012,0,1,0,1,0,1,1,0,0,1,0,0,0,1,0,1,0,1,0,0,0,1,1,0,0,0,0
1573-LGXBA,0,1.00289578464293,1.08975022219001,1.46398351211518,1,1,1,1,0,0,1,0,0,0,0,1,0,1,0,0,0,1,0,1,1,0,1,1,0,0,0
1764-VUUMT,0,1.36937905812321,-1.48935872206781,-0.447138160138512,1,0,1,1,0,0,0,1,1,0,1,0,1,0,1,0,1,0,1,0,0,1,0,1,0,0,0
5073-WXOYN,0,1.12505687580303,-0.464029972965314,0.329115677169733,0,0,0,0,1,0,0,0,0,0,0,1,0,0,0,0,0,1,0,1,0,0,1,0,1,0,1
4713-ZBURT,0,0.51425142000257,1.16120749319715,1.03855155492807,1,0,1,1,0,1,1,0,0,0,0,0,0,1,0,0,0,1,0,1,0,1,0,0,0,0,0
3050-GBUSH,0,-1.1960038562387,-0.995805013018473,-0.95711348867552,0,0,0,0,1,0,0,0,0,0,0,0,0,0,0,0,0,1,0,0,0,0,1,1,0,0,0
0207-MDKNV,0,-0.707359491598341,1.3406815692151,-0.308668037820517,0,0,0,1,0,0,1,0,0,1,0,0,0,1,0,1,0,1,0,1,0,0,0,0,1,0,1
7876-AEHIG,0,0.758573602322752,-0.153273933934249,0.351013072568976,0,0,1,0,1,0,0,0,0,1,0,0,0,1,0,1,0,1,0,1,1,0,0,0,0,0,0
7945-HLKEA,0,1.12505687580303,-0.000388609918965505,0.775937328048238,0,0,0,1,0,1,0,0,0,1,0,0,0,1,0,1,0,0,0,0,1,0,0,0,1,0,0
9342-VNIMQ,0,0.0256070553622056,-0.336071603952522,-0.272268032766735,1,0,0,1,0,1,0,0,0,0,0,1,0,0,0,0,0,0,0,0,0,0,1,0,0,0,0
9851-KIELU,0,-0.910961310198492,1.50686126923171,-0.546824286774582,1,0,0,1,0,0,1,0,0,1,0,1,0,1,0,1,0,1,0,1,0,0,1,0,1,0,1
3523-BRGUW,1,-0.259435490678007,-1.51096208306997,-0.784826017817564,1,0,0,1,0,0,0,1,1,0,1,0,1,0,1,0,1,0,1,0,1,0,0,1,0,0,0
3908-BLSYF,0,-1.07384276507861,0.63607964114466,-0.787761858128148,0,0,0,1,0,0,1,0,0,0,0,0,0,1,0,0,0,0,0,1,0,0,0,0,1,0,1
3199-NPKCN,0,1.41009942184324,1.54508260023553,2.30882122795714,0,1,0,1,0,1,1,0,0,1,0,0,0,1,0,1,0,1,0,1,1,0,1,0,1,0,0
5170-PTRKA,0,0.677132874882691,-0.962569073015151,-0.220703198439485,0,1,1,0,1,0,0,0,0,1,0,0,0,0,0,1,0,0,0,0,1,0,1,1,0,0,0
4661-NJEUX,0,-1.27744458367877,-1.48603512806748,-0.998568436820457,1,0,0,1,0,0,0,1,1,0,1,0,1,0,1,0,1,0,1,0,0,0,1,0,0,1,0
2123-AGEEN,1,-1.03312240135858,0.651035814146155,-0.738271978606875,0,0,0,1,0,0,1,0,0,0,0,0,0,1,0,0,0,1,0,0,0,0,1,0,1,0,0
1258-YMZNM,1,-0.218715126957977,1.52015564523304,0.254152416307002,0,0,0,1,0,1,1,0,0,1,0,1,0,1,0,0,0,1,0,1,1,0,1,0,0,0,0
0048-LUMLS,0,0.188488510242327,0.878702003168914,0.426307443241172,1,1,1,1,0,0,1,0,0,0,0,0,0,0,0,0,0,1,0,1,1,0,0,1,0,0,0
7549-MYGPK,0,1.24721796696312,1.18945804219998,1.73653103327894,0,1,1,1,0,1,1,0,0,1,0,1,0,1,0,0,0,1,0,0,0,0,1,0,1,0,1
5898-IGSLP,0,-0.0558336720778551,0.815553717162601,0.238877217097046,1,1,1,1,0,1,1,0,0,1,0,0,0,1,0,1,0,0,0,0,0,0,0,0,1,0,0
3804-RVTGV,0,0.717853238602722,1.29913664421094,1.20788111148814,1,1,1,1,0,1,1,0,0,0,0,1,0,1,0,0,0,1,0,1,0,0,1,0,0,0,1
6259-WJQLC,1,-0.0151133083578247,0.543019009135357,0.148925718859229,1,0,0,1,0,1,1,0,0,0,0,0,0,1,0,0,0,0,0,0,0,0,1,1,0,0,0
9227-LUNBG,0,-1.27744458367877,-1.33481160105236,-0.996559703976374,0,0,0,0,1,0,0,0,0,0,0,0,0,0,0,0,0,0,0,0,0,0,0,0,1,0,1
7997-EASSD,0,1.24721796696312,0.546342603135689,1.18457098090185,0,1,0,1,0,1,1,0,0,0,0,0,0,0,0,1,0,0,0,0,1,0,1,1,0,0,0
0730-KOAVE,0,-0.0965540357978854,0.981733417179213,0.175613169502056,1,0,0,1,0,1,1,0,0,1,0,1,0,0,0,0,0,0,0,1,0,0,1,1,0,0,0
8975-SKGRX,0,1.57298087672336,1.70627690925164,2.66151939699858,1,1,0,1,0,1,1,0,0,1,0,1,0,1,0,1,0,1,0,1,0,1,1,0,0,0,0
0678-RLHVP,0,0.840014329762813,1.35563774221659,1.50117818071168,0,0,0,1,0,1,1,0,0,0,0,1,0,1,0,0,0,1,0,1,0,1,0,0,1,0,0
4315-MURBD,0,-0.829520582758432,1.1346187411945,-0.512543384501372,0,0,0,1,0,0,1,0,0,1,0,0,0,0,0,1,0,1,0,1,0,0,1,0,0,0,1
2267-FPIMA,0,0.717853238602722,0.985057011179546,1.16240869765504,1,1,0,1,0,1,1,0,0,1,0,1,0,0,0,0,0,0,0,1,0,0,1,1,0,0,0
1051-GEJLJ,0,-1.23672421995873,-1.50431489506931,-0.995257338725814,0,0,0,1,0,0,0,1,1,0,1,0,1,0,1,0,1,0,1,0,0,0,0,0,0,1,0
9734-YWGEX,0,-0.951681673918523,1.1146771771925,-0.599713560339689,0,0,0,1,0,1,1,0,0,0,0,0,0,1,0,0,0,1,0,1,0,0,0,1,0,0,1
2719-BDAQO,0,-0.62591876415828,0.966777244177718,-0.289728556719156,1,0,0,1,0,0,1,0,0,1,0,0,0,0,0,0,0,1,0,1,0,0,0,0,1,0,1
5285-MVEHD,0,0.962175420922904,1.35729953921676,1.67176595454771,0,1,0,1,0,0,1,0,0,1,0,1,0,1,0,0,0,1,0,1,1,0,1,1,0,0,0
0379-DJQHR,0,1.41009942184324,0.551327994136187,1.37595245077225,1,1,1,1,0,0,0,0,0,1,0,1,0,1,0,0,0,1,0,1,0,1,0,1,0,0,0
0781-LKXBR,1,-0.951681673918523,1.18779624519981,-0.601876811094857,1,0,0,1,0,1,1,0,0,0,0,0,0,1,0,0,0,1,0,1,0,0,1,0,1,0,1
5543-QDCRY,0,-1.15528349251868,-0.277908708946708,-0.903738587389865,1,0,0,1,0,0,0,0,0,0,0,0,0,0,0,0,0,1,0,0,0,0,1,0,1,0,0
0297-RBCSG,0,-0.544478036718219,0.0195529540830278,-0.463583280675242,1,0,0,1,0,0,0,0,0,0,0,1,0,0,0,1,0,0,0,1,1,0,1,0,0,0,0
4694-PHWFW,0,-0.992402037638553,-1.48935872206781,-0.931971217143526,0,0,1,1,0,0,0,1,1,0,1,0,1,0,1,0,1,0,1,0,0,0,0,0,0,1,0
0835-JKADZ,0,1.57298087672336,1.54508260023553,2.51742040791969,0,0,0,1,0,1,1,0,0,0,0,1,0,1,0,1,0,1,0,1,0,1,1,0,1,0,0
1907-UBQFC,1,-0.910961310198492,0.268822504107946,-0.703395078676629,1,0,0,1,0,0,1,0,0,0,0,1,0,0,0,0,0,0,0,0,0,0,1,0,1,0,1
7508-SMHXL,1,-0.707359491598341,0.805582935161604,-0.438661749016225,0,0,0,1,0,1,1,0,0,0,0,1,0,0,0,0,0,1,0,0,0,0,0,1,0,0,0
3865-YIOTT,0,1.61370124044339,1.37391750921842,2.45753368038123,1,1,1,1,0,1,1,0,0,1,0,0,0,1,0,0,0,1,0,1,1,0,1,0,0,0,0
5993-BQHEA,0,-0.829520582758432,-1.48603512806748,-0.889545013557493,1,0,0,1,0,0,0,1,1,0,1,0,1,0,1,0,1,0,1,0,1,0,0,1,0,0,0
6024-RUGGH,0,1.61370124044339,-1.31487003705037,-0.213242190732888,1,1,1,1,0,1,0,1,1,0,1,0,1,0,1,0,1,0,1,0,0,1,1,0,0,0,0
6513-EECDB,1,-1.27744458367877,0.292087662110272,-0.974949270412,1,1,0,1,0,1,1,0,0,0,0,0,0,0,0,0,0,0,0,0,0,0,1,0,1,0,1
3956-CJUST,1,-0.381596581838098,0.353574151116419,-0.281826069266606,0,0,0,1,0,0,1,0,0,1,0,0,0,0,0,0,0,0,0,0,0,0,1,0,0,0,0
4079-WWQQQ,0,1.61370124044339,0.0262001420836924,1.11497169895244,1,0,0,0,1,0,0,0,0,1,0,1,0,1,0,1,0,1,0,1,0,1,1,0,0,0,0
6103-BOCOU,0,-0.259435490678007,0.529724633134028,-0.0392550228530161,0,0,0,1,0,1,1,0,0,0,0,0,0,1,0,0,0,0,0,0,0,0,1,0,1,0,0
5149-TGWDZ,0,-0.463037309278159,1.32240180221327,-0.018770362640821,0,0,0,1,0,0,1,0,0,0,0,1,0,1,0,1,0,1,0,1,1,0,1,0,0,1,0
7471-WNSUF,0,1.12505687580303,-1.34976777405386,-0.342595756296965,1,1,0,1,0,1,0,1,1,0,1,0,1,0,1,0,1,0,1,0,1,0,0,0,0,0,0
8942-DBMHZ,0,-0.829520582758432,-1.47274075206615,-0.894688252597839,1,0,0,1,0,0,0,1,1,0,1,0,1,0,1,0,1,0,1,0,0,0,0,0,0,1,0
4301-VVZKA,0,-0.66663912787831,0.353574151116419,-0.482324095890925,1,1,0,1,0,1,1,0,0,0,0,0,0,0,0,0,0,0,0,0,0,0,1,0,1,0,0
9199-PWQVC,0,1.24721796696312,0.496488693130705,1.10556818036366,0,1,0,1,0,1,0,0,0,1,0,1,0,0,0,0,0,1,0,1,1,0,1,1,0,0,0
4824-GUCBY,1,-0.422316945558128,0.56296057313735,-0.203529636321934,0,0,0,1,0,0,1,0,0,1,0,1,0,0,0,0,0,0,0,0,0,0,0,0,1,0,0
5393-HJZSM,0,-0.0151133083578247,0.383486497119409,0.0539634255048501,0,1,1,1,0,0,0,0,0,1,0,1,0,1,0,1,0,0,0,1,0,0,0,0,0,0,0
7074-IEVOJ,1,-1.1960038562387,0.486517911129709,-0.916894683819249,0,0,0,1,0,1,1,0,0,0,0,1,0,0,0,0,0,0,0,0,0,0,1,0,1,0,1
9625-QSTYE,0,-0.788800219038401,0.544680806135523,-0.586998943656258,0,0,0,1,0,0,1,0,0,0,0,1,0,1,0,0,0,0,0,0,0,0,1,0,1,0,1
0862-PRCBS,0,1.45081978556327,1.29581305021061,2.10035449191838,0,1,1,1,0,1,1,0,0,0,0,1,0,0,0,1,0,1,0,1,0,1,1,1,0,0,0
8812-ZRHFP,0,-0.0965540357978854,0.720831288153132,0.113077563487887,0,1,1,1,0,0,1,0,0,0,0,0,0,1,0,0,0,0,0,1,1,0,0,0,1,0,0
5146-CBVOE,0,-0.66663912787831,0.343603369115422,-0.471971395848339,0,0,0,1,0,0,1,0,0,0,0,1,0,0,0,0,0,0,0,0,0,0,0,0,0,0,0
0454-OKRCT,0,0.0256070553622056,0.526401039133695,0.162986848767815,1,0,0,1,0,0,1,0,0,0,0,1,0,0,0,1,0,0,0,0,0,1,0,0,0,0,0
5787-KXGIY,0,1.61370124044339,-1.51096208306997,-0.431377333208009,1,1,0,1,0,0,0,1,1,0,1,0,1,0,1,0,1,0,1,0,0,1,0,1,0,0,0
4750-ZRXIU,1,-1.15528349251868,0.659344799146985,-0.848443249209317,0,0,0,1,0,1,1,0,0,0,0,0,0,0,0,0,0,0,0,1,0,0,1,0,1,0,1
4198-VFOEA,0,-0.829520582758432,-1.03568814102246,-0.815177750351797,0,0,0,0,1,0,0,0,0,1,0,0,0,0,0,1,0,0,0,0,1,0,1,0,0,1,0
6630-UJZMY,1,-1.15528349251868,0.6144762801425,-0.871422269986143,0,1,0,1,0,1,1,0,0,0,0,0,0,0,0,0,0,1,0,0,0,0,1,0,1,0,0
5709-LVOEQ,0,-1.3181649473988,0.534710024134526,-0.390463197751863,0,1,1,1,0,0,0,0,0,1,0,1,0,1,0,0,0,1,0,1,0,1,0,0,0,1,0
6400-BWQKW,0,-1.07384276507861,0.474885332128546,-0.815597156110452,0,0,0,1,0,1,1,0,0,1,0,0,0,0,0,0,0,0,0,0,0,0,1,0,1,0,1
2692-AQCPF,0,1.32865869440318,1.4387275922249,2.1354300577343,0,1,0,1,0,1,1,0,0,0,0,1,0,1,0,1,0,1,0,1,1,0,1,1,0,0,0
0347-UBKUZ,0,-0.707359491598341,-1.49102051906798,-0.865947921136333,0,0,0,1,0,0,0,1,1,0,1,0,1,0,1,0,1,0,1,0,0,0,0,0,0,1,0
0835-DUUIQ,0,-0.340876218118068,-1.45279918806416,-0.772751546765764,0,0,1,1,0,0,0,1,1,0,1,0,1,0,1,0,1,0,1,0,1,0,0,0,0,0,0
0811-GSDTP,0,-0.788800219038401,-1.15035213403392,-0.838686546823767,0,0,1,0,1,0,0,0,0,0,0,1,0,0,0,0,0,0,0,0,0,0,0,0,1,0,0
7567-ECMCM,0,-0.340876218118068,0.501474084131204,-0.124019134075892,1,0,0,1,0,0,1,0,0,0,0,0,0,0,0,0,0,0,0,1,0,0,1,1,0,0,0
6115-ZTBFQ,0,1.61370124044339,0.0245383450835263,1.16452780043561,0,1,0,0,1,0,0,0,0,1,0,1,0,1,0,1,0,1,0,1,0,1,0,0,0,0,0
6353-BRMMA,0,0.880734693482843,1.30744562921177,1.48508624397171,0,1,1,1,0,1,1,0,0,1,0,1,0,0,0,0,0,1,0,1,0,0,1,0,0,0,0
6680-WKXRZ,0,-1.1960038562387,0.320338211113097,-0.912148776550259,0,0,0,1,0,1,1,0,0,0,0,0,0,0,0,0,0,0,0,0,0,0,0,0,0,0,1
6231-WFGFH,0,-1.15528349251868,-1.47107895506598,-0.973161277440892,1,1,1,1,0,0,0,1,1,0,1,0,1,0,1,0,1,0,1,0,0,0,1,0,0,1,0
9904-EHEVJ,1,-0.0151133083578247,0.883687394169412,0.271348052411851,0,1,1,1,0,1,1,0,0,0,0,0,0,1,0,0,0,1,0,0,0,0,1,0,0,1,0
7028-DVOIQ,1,0.107047782802266,1.139604132195,0.491756815578627,1,0,0,1,0,1,1,0,0,0,0,0,0,1,0,0,0,1,0,1,0,0,1,0,1,0,1
6169-PPETC,0,0.107047782802266,-1.47107895506598,-0.672182460637789,1,1,1,1,0,0,0,1,1,0,1,0,1,0,1,0,1,0,1,0,0,1,0,0,0,0,0
4208-UFFGW,1,-1.23672421995873,-0.65846022198475,-0.969828105358951,1,0,0,1,0,0,0,0,0,0,0,0,0,0,0,0,0,0,0,0,0,0,0,0,0,1,1
8584-KMVXD,0,-0.992402037638553,0.360221339117083,-0.770985627781954,0,0,0,1,0,0,1,0,0,0,0,1,0,0,0,0,0,0,0,0,0,0,0,0,1,0,0
8467-WYNSR,0,-0.422316945558128,-0.321115430951027,-0.454179762086454,1,0,0,1,0,0,0,0,0,1,0,0,0,0,0,1,0,0,0,0,0,0,0,0,0,1,0
0851-DFJKB,0,-0.707359491598341,-0.193157061938236,-0.585740726380293,0,0,0,1,0,0,0,0,0,1,0,0,0,1,0,1,0,0,0,0,0,0,0,0,1,0,0
5382-SOYZL,0,-0.422316945558128,1.00832216918187,-0.0526760071299715,1,0,0,1,0,1,1,0,0,0,0,0,0,0,0,0,0,1,0,1,0,0,1,0,1,0,0
9448-REEVD,0,-1.27744458367877,-0.666769206985581,-0.987685961082729,1,1,0,1,0,0,0,0,0,0,0,0,0,0,0,0,0,0,0,0,0,0,0,1,0,0,1
3261-CQXOL,0,1.57298087672336,-1.30656105204954,-0.206862808403875,0,1,1,1,0,1,0,1,1,0,1,0,1,0,1,0,1,0,1,0,0,1,0,0,0,0,0
8388-FYNPZ,0,-1.15528349251868,-0.266276129945545,-0.899191346006554,1,0,0,1,0,0,0,0,0,1,0,0,0,1,0,0,0,0,0,0,0,0,0,0,1,0,0
4002-BQWPQ,0,-0.300155854398037,0.564622370137516,-0.111745997138413,1,0,0,1,0,1,0,0,0,1,0,1,0,1,0,1,0,0,0,1,0,0,0,0,0,0,0
5651-YLPRD,0,-0.0151133083578247,0.709198709151969,0.195060352311263,0,1,1,1,0,0,1,0,0,0,0,1,0,0,0,0,0,1,0,0,0,0,1,0,1,0,0
2826-DXLQO,1,-1.03312240135858,-1.16198471303509,-0.910095895731581,1,1,0,0,1,0,0,0,0,1,0,0,0,0,0,0,0,0,0,0,0,0,0,0,0,0,0
4378-BZYFP,0,-0.62591876415828,-1.47107895506598,-0.845926814657388,1,0,0,1,0,0,0,1,1,0,1,0,1,0,1,0,1,0,1,0,1,0,1,0,0,1,0
9489-UTFKA,1,-0.992402037638553,-0.128346978931757,-0.763745359948333,1,1,0,1,0,0,0,0,0,1,0,0,0,0,0,0,0,1,0,0,0,0,0,0,0,0,0
4849-PYRLQ,1,0.962175420922904,0.282116880109275,0.78242708031374,0,0,0,1,0,1,0,0,0,1,0,0,0,1,0,1,0,0,0,1,0,1,0,0,0,0,0
9117-SHLZX,0,-1.27744458367877,-0.633533266982258,-0.987244481336777,1,0,0,1,0,0,0,0,0,0,0,0,0,0,0,0,0,0,0,0,0,0,1,0,0,1,1
9889-TMAHG,1,-0.992402037638553,1.18114905719915,-0.639954439183258,1,0,0,1,0,0,1,0,0,1,0,0,0,0,0,1,0,1,0,1,0,0,0,1,0,0,1
4541-RMRLG,0,-1.03312240135858,-1.51262388007014,-0.957841930256341,1,0,0,1,0,0,0,1,1,0,1,0,1,0,1,0,1,0,1,0,0,0,0,0,1,0,1
7764-BDPEE,0,-1.1960038562387,-1.45944637606482,-0.980644359134787,1,0,1,1,0,0,0,1,1,0,1,0,1,0,1,0,1,0,1,0,0,0,0,0,0,1,0
3429-IFLEM,0,1.57298087672336,0.418384234122897,1.44283663228405,0,0,0,1,0,0,0,0,0,1,0,1,0,1,0,1,0,1,0,0,0,1,0,1,0,0,0
3158-MOERK,0,-1.23672421995873,1.03823451518486,-0.930249446134311,0,0,0,1,0,1,1,0,0,0,0,0,0,0,0,0,0,1,0,1,0,0,1,0,1,0,1
7294-TMAOP,0,-1.27744458367877,0.857098642166754,-0.967444114730808,0,0,0,1,0,0,1,0,0,0,0,0,0,0,0,0,0,1,0,1,0,0,0,0,1,0,1
5002-GCQFH,0,0.677132874882691,0.966777244177718,1.08214767984088,1,1,0,1,0,1,1,0,0,1,0,1,0,0,0,0,0,1,0,0,0,0,1,0,0,0,0
0556-FJEGU,0,1.04361614836296,0.177423669098809,0.780109311647489,1,0,0,1,0,0,0,0,0,0,0,1,0,1,0,1,0,1,0,0,0,1,0,0,0,0,0
8919-FYFQZ,1,0.473531056282539,-1.14370494603326,-0.407140095155218,1,1,0,0,1,0,0,0,0,0,0,1,0,0,0,0,0,0,0,0,0,0,1,0,1,0,1
0604-THJFP,0,1.084336512083,0.371853918118246,0.997935418300443,0,1,1,1,0,0,0,0,0,0,0,1,0,0,0,1,0,1,0,1,0,1,1,1,0,0,0
2834-JRTUA,0,1.57298087672336,1.4387275922249,2.31787156274917,1,0,0,1,0,1,1,0,0,1,0,0,0,1,0,1,0,1,0,1,0,1,1,0,1,0,1
5875-YPQFJ,0,-1.27744458367877,0.170776481098145,-0.976560671484726,1,0,0,1,0,0,1,0,0,0,0,0,0,0,0,0,0,0,0,0,0,0,1,0,1,0,1
5879-SESNB,0,-0.870240946478462,0.34858876011592,-0.615099129486133,0,0,0,1,0,1,1,0,0,0,0,0,0,0,0,0,0,0,0,0,0,0,0,0,1,0,0
6646-QVXLR,1,1.20649760324309,1.29581305021061,1.81069963059896,1,1,0,1,0,1,1,0,0,0,0,1,0,1,0,0,0,1,0,1,1,0,1,0,1,0,1
6461-PPAXN,0,0.107047782802266,-0.326100821951526,-0.161544912481853,0,1,1,1,0,0,0,0,0,1,0,0,0,0,0,1,0,0,0,0,1,0,1,0,0,0,0
3318-ISQFQ,0,-0.503757672998189,-1.50431489506931,-0.825088970648431,0,0,0,1,0,0,0,1,1,0,1,0,1,0,1,0,1,0,1,0,0,0,1,0,0,0,0
1106-HRLKZ,0,0.310649601402418,-1.50099130106898,-0.650285065238546,1,1,1,1,0,0,0,1,1,0,1,0,1,0,1,0,1,0,1,0,0,1,0,0,0,1,0
2483-XSSMZ,0,0.269929237682388,-0.562075995975115,-0.174612712962046,0,0,0,1,0,0,0,0,0,1,0,0,0,0,0,0,0,0,0,0,1,0,1,0,1,0,0
8603-IJWDN,0,-1.27744458367877,0.72581667915363,-0.96918795972732,1,0,0,1,0,1,1,0,0,0,0,0,0,0,0,0,0,0,0,1,0,0,1,0,1,0,1
8165-ZJRNM,0,1.61370124044339,-1.36306215005519,-0.266065242336103,0,1,1,1,0,1,0,1,1,0,1,0,1,0,1,0,1,0,1,0,0,1,0,0,0,0,0
9369-XFEHK,1,0.0256070553622056,0.526401039133695,0.165370839395958,0,1,0,1,0,1,1,0,0,0,0,1,0,0,0,0,0,0,0,0,0,0,1,0,0,0,1
2604-XVDAM,0,-0.829520582758432,-0.696681552988571,-0.768601637153811,0,0,0,1,0,0,0,0,0,0,0,0,0,0,0,0,0,0,0,0,0,0,0,0,0,0,0
3717-OFRTN,0,-1.27744458367877,-1.49600591006848,-0.998700880744243,1,0,0,1,0,0,0,1,1,0,1,0,1,0,1,0,1,0,1,0,0,0,0,0,0,0,0
9046-JBFWA,0,-0.218715126957977,-1.51594747407047,-0.77019096423924,1,0,1,1,0,0,0,1,1,0,1,0,1,0,1,0,1,0,1,0,0,0,0,0,0,1,0
3280-NMUVX,0,0.066327419082236,-1.50099130106898,-0.707743654174261,1,1,1,1,0,0,0,1,1,0,1,0,1,0,1,0,1,0,1,0,1,0,0,1,0,0,0
1206-EHBDD,0,0.962175420922904,0.516430257132699,0.985264949591607,0,1,0,1,0,0,1,0,0,1,0,0,0,1,0,0,0,0,0,0,0,1,0,0,0,0,0
8361-LBRDI,0,1.04361614836296,-1.34312058605319,-0.378819169452366,0,0,0,1,0,1,0,1,1,0,1,0,1,0,1,0,1,0,1,0,0,1,0,1,0,0,0
4883-KCPZJ,0,-0.422316945558128,-1.3132082400502,-0.762222254824797,0,1,1,1,0,1,0,1,1,0,1,0,1,0,1,0,1,0,1,0,0,1,0,1,0,0,0
9108-EQPNQ,0,-0.910961310198492,-1.28495769104738,-0.907844349027223,0,1,1,1,0,1,0,1,1,0,1,0,1,0,1,0,1,0,1,0,0,1,0,1,0,0,0
7277-KAMWT,0,-0.788800219038401,-1.48769692506765,-0.888904867925862,1,0,0,1,0,0,0,1,1,0,1,0,1,0,1,0,1,0,1,0,0,1,0,1,0,0,0
3842-IYKUE,0,0.107047782802266,0.682609957149311,0.280597053089556,0,0,0,1,0,1,1,0,0,0,0,1,0,0,0,1,0,0,0,0,0,0,0,1,0,0,1
6641-XRPSU,0,0.066327419082236,0.174100075098477,0.0592391084689822,0,0,0,1,0,0,1,0,0,0,0,0,0,0,0,0,0,0,0,0,0,0,1,1,0,0,1
1374-DMZUI,1,-1.15528349251868,0.981733417179213,-0.820034027557275,0,0,0,1,0,1,1,0,0,0,0,0,0,0,0,0,0,1,0,1,0,0,1,0,1,0,1
2545-LXYVJ,0,1.61370124044339,-1.46443176706532,-0.348688176791109,1,1,0,1,0,0,0,1,1,0,1,0,1,0,1,0,1,0,1,0,0,1,0,0,0,0,0
3234-VKACU,0,-1.23672421995873,0.184070857099474,-0.948968187362696,1,0,0,1,0,0,0,0,0,0,0,0,0,0,0,1,0,1,0,1,0,0,0,0,1,0,0
8357-EQXFO,0,-1.03312240135858,1.0166311541827,-0.715646141626811,0,0,0,1,0,0,1,0,0,0,0,0,0,1,0,0,0,1,0,1,0,0,1,0,1,0,1
1989-PRJHP,1,-0.218715126957977,0.356897745116751,-0.171279540880105,1,1,0,1,0,1,1,0,0,0,0,0,0,0,0,0,0,0,0,0,0,0,1,0,1,0,1
8120-JDCAM,0,-1.15528349251868,0.159143902096982,-0.881642526104943,1,1,1,1,0,0,1,0,0,0,0,0,0,0,0,0,0,0,0,0,0,0,1,0,0,1,0
8917-FAEMR,0,0.188488510242327,-1.49268231606814,-0.661189614963572,0,0,0,1,0,0,0,1,1,0,1,0,1,0,1,0,1,0,1,0,0,1,0,0,0,1,0
7047-YXDMZ,0,-0.463037309278159,-1.48769692506765,-0.823014015842454,1,0,0,1,0,0,0,1,1,0,1,0,1,0,1,0,1,0,1,0,0,0,0,0,0,1,0
2858-EIMXH,1,0.840014329762813,1.03324912418436,1.20715266990732,0,1,0,1,0,1,1,0,0,0,0,0,0,0,0,0,0,1,0,1,1,0,1,1,0,0,0
9524-EGPJC,0,-0.58519840043825,0.842142469165259,-0.295423645441943,0,0,0,1,0,1,1,0,0,0,0,0,0,0,0,1,0,0,0,1,0,0,1,0,1,0,1
6993-OHLXR,0,-1.23672421995873,0.139202338094989,-0.954552906148995,0,0,0,1,0,0,1,0,0,0,0,0,0,0,0,0,0,0,0,0,0,0,0,0,1,0,1
8818-XYFCQ,0,-0.0151133083578247,1.15622210219666,0.40736796213981,1,1,1,1,0,1,1,0,0,1,0,0,0,0,0,0,0,1,0,1,0,0,1,1,0,0,1
6419-ZTTLE,1,-0.381596581838098,-1.46276997006515,-0.793214132990661,1,1,0,1,0,0,0,1,1,0,1,0,1,0,1,0,1,0,1,0,1,0,1,0,1,0,0
0929-HYQEW,0,-1.1960038562387,-0.485633333967473,-0.936408088590348,1,0,0,1,0,0,0,0,0,1,0,0,0,0,0,0,0,0,0,0,0,0,1,0,0,1,0
6614-YOLAC,0,1.57298087672336,-0.203127843939233,0.822623811182713,0,1,1,0,1,0,0,0,0,1,0,1,0,0,0,1,0,1,0,1,0,1,0,0,0,1,0
7426-RHZGU,0,-0.951681673918523,1.03491092118453,-0.642117689938425,1,0,0,1,0,0,1,0,0,0,0,0,0,0,0,1,0,1,0,1,0,0,1,0,0,0,0
4065-JJAVA,0,-1.27744458367877,-0.507236694969633,-0.985566858302157,0,0,0,1,0,0,0,0,0,0,0,1,0,0,0,0,0,0,0,0,0,0,0,0,1,0,0
4695-VADHF,0,-0.58519840043825,-0.243010971943219,-0.56997989944979,1,1,1,1,0,0,0,0,0,0,0,0,0,1,0,0,0,0,0,1,0,0,0,0,1,0,1
3863-IUBJR,0,-0.829520582758432,-0.369307543955845,-0.699995684632795,1,1,1,1,0,0,0,0,0,0,0,0,0,0,0,0,0,0,0,1,1,0,0,1,0,0,1
7649-SIJJF,0,1.57298087672336,0.509783069132034,1.45842086731618,1,1,0,1,0,1,0,0,0,1,0,1,0,1,0,1,0,0,0,1,0,1,1,0,0,1,0
9361-YNQWJ,0,1.28793833068315,-1.34145878905303,-0.300522736507694,0,0,0,1,0,1,0,1,1,0,1,0,1,0,1,0,1,0,1,0,1,0,1,0,0,0,0
3748-FVMZZ,0,-1.15528349251868,-0.82131632800103,-0.935701720996824,1,0,0,0,1,0,0,0,0,0,0,0,0,0,0,1,0,0,0,1,0,0,1,0,1,0,0
9391-TTOYH,0,-0.381596581838098,-1.50431489506931,-0.799836329179949,0,0,0,1,0,0,0,1,1,0,1,0,1,0,1,0,1,0,1,0,0,0,1,0,0,1,0
1452-XRSJV,0,0.269929237682388,-0.455720987964483,-0.095322950588981,0,1,1,1,0,0,0,0,0,1,0,0,0,0,0,0,0,0,0,0,0,0,0,1,0,0,0
3422-WJOYD,0,-0.177994763237946,-0.346042385953519,-0.37767132211289,1,1,0,1,0,0,0,0,0,1,0,0,0,0,0,1,0,0,0,0,1,0,0,0,0,1,0
8242-SOQUO,1,-1.11456312879864,0.662668393147318,-0.834139305440456,0,0,0,1,0,0,1,0,0,0,0,1,0,0,0,0,0,1,0,0,0,0,1,0,1,0,0
7460-ITWWP,1,0.51425142000257,0.709198709151969,0.697331859281399,0,1,0,1,0,0,1,0,0,0,0,0,0,1,0,0,0,0,0,1,0,0,1,0,1,0,0
7147-AYBAA,0,0.188488510242327,0.18573265409964,0.119633537715281,1,0,0,1,0,0,1,0,0,0,0,0,0,0,0,0,0,0,0,0,0,0,1,0,0,1,0
7868-TMWMZ,1,1.12505687580303,1.50353767523138,1.93652135819542,0,1,0,1,0,0,1,0,0,1,0,1,0,1,0,1,0,1,0,1,0,1,1,0,0,0,0
4822-RVYBB,1,-0.992402037638553,1.19111983920014,-0.645671601893343,1,0,0,1,0,1,1,0,0,0,0,0,0,1,0,0,0,1,0,1,0,0,1,0,1,0,1
6732-FZUGP,0,0.595692147442631,1.00167498118121,1.03011929178038,0,0,0,1,0,1,1,0,0,1,0,0,0,1,0,0,0,1,0,0,1,0,0,1,0,0,0
8436-BJUMM,0,-0.259435490678007,0.631094250144161,-0.0932921437575997,1,1,1,1,0,1,1,0,0,0,0,0,0,0,0,0,0,1,0,0,0,0,1,0,1,0,1
4184-TJFAN,1,-1.1960038562387,0.782317777159278,-0.886565025272313,0,1,1,1,0,0,1,0,0,1,0,0,0,0,0,1,0,1,0,0,0,0,1,0,0,1,1
8329-GWVPJ,0,0.717853238602722,0.165791090097647,0.563232386448333,0,1,1,1,0,0,1,0,0,0,0,0,0,0,0,0,0,0,0,0,0,0,1,0,0,0,0
1352-VHKAJ,0,-0.218715126957977,0.227277579103793,-0.143400094923206,1,1,1,1,0,1,0,0,0,0,0,0,0,0,0,1,0,1,0,1,0,0,0,0,0,0,0
4145-UQXUQ,1,-0.992402037638553,0.908614349171904,-0.685161965168792,0,0,0,1,0,0,1,0,0,0,0,0,0,1,0,0,0,1,0,1,0,0,1,0,1,0,1
2632-TACXW,0,1.20649760324309,-1.36638574405552,-0.381953675648629,0,1,0,1,0,1,0,1,1,0,1,0,1,0,1,0,1,0,1,0,0,1,0,0,0,0,0
8146-QQKZH,0,1.57298087672336,0.567945964137848,1.60808250119407,0,1,0,1,0,0,0,0,0,1,0,0,0,1,0,1,0,1,0,1,0,1,0,0,0,0,0
1767-CJKBA,0,1.36937905812321,-1.3181936310507,-0.257919941023279,1,0,0,1,0,1,0,1,1,0,1,0,1,0,1,0,1,0,1,0,0,1,0,0,0,1,0
6445-TNRXS,0,1.45081978556327,1.65974659324699,2.45812967803827,1,1,1,1,0,1,1,0,0,1,0,1,0,1,0,1,0,1,0,1,0,1,1,0,0,0,0
4581-LNWUM,0,-0.788800219038401,-0.518869273970796,-0.720723158705264,0,0,0,0,1,0,0,0,0,0,0,0,0,1,0,0,0,1,0,1,0,0,0,0,1,0,0
4869-EPIUS,0,0.962175420922904,0.536371821134693,1.00462383645162,1,1,0,1,0,0,1,0,0,0,0,0,0,0,0,0,0,0,0,1,1,0,1,0,1,0,0
9948-YPTDG,0,0.229208873962357,0.488179708129875,0.322780442815315,1,1,0,1,0,0,1,0,0,1,0,1,0,0,0,0,0,0,0,0,0,0,1,0,1,0,1
1236-WFCDV,1,-0.748079855318371,0.853775048166422,-0.44846259937637,1,0,0,1,0,0,1,0,0,0,0,0,0,0,0,0,0,1,0,1,0,0,0,1,0,0,1
1915-OAKWD,0,-0.66663912787831,-1.51096208306997,-0.848332879272829,0,0,1,1,0,0,0,1,1,0,1,0,1,0,1,0,1,0,1,0,1,0,1,0,0,0,0
7296-PIXQY,0,-0.748079855318371,0.180747263099142,-0.545411551587534,0,1,1,1,0,0,1,0,0,0,0,0,0,0,0,0,0,0,0,0,0,0,0,0,1,0,0
4883-QICIH,0,-0.0151133083578247,0.165791090097647,0.0291301897950231,1,1,1,1,0,0,1,0,0,0,0,0,0,0,0,0,0,0,0,0,0,0,1,0,0,0,1
3354-OADJP,0,-0.992402037638553,-0.349365979953851,-0.809747549476582,0,0,0,1,0,0,0,0,0,1,0,0,0,0,0,1,0,0,0,0,1,0,0,0,0,0,0
3524-WQDSG,0,0.432810692562509,1.14791311719583,0.851187550745838,0,1,1,1,0,1,1,0,0,0,0,0,0,1,0,0,0,1,0,1,0,0,1,0,0,0,0
0810-DHDBD,0,0.799293966042782,0.307043835111767,0.704483831165829,0,0,0,1,0,1,0,0,0,1,0,0,0,1,0,1,0,1,0,0,1,0,0,1,0,0,0
4026-SKKHW,0,-1.1960038562387,-0.482309739967141,-0.940182740418242,1,0,0,1,0,0,0,0,0,0,0,0,0,0,0,1,0,0,0,0,0,0,1,0,0,1,0
2829-HYVZP,0,-0.137274399517916,-1.49434411306831,-0.754805395092796,1,0,0,1,0,0,0,1,1,0,1,0,1,0,1,0,1,0,1,0,1,0,1,0,0,1,0
8329-IBCTI,0,-1.27744458367877,-1.49932950406881,-0.998745028718839,0,0,0,1,0,0,0,1,1,0,1,0,1,0,1,0,1,0,1,0,0,0,0,0,0,1,1
1271-SJBGZ,1,-0.829520582758432,-0.701666943989069,-0.774782353597145,1,0,0,0,1,0,0,0,0,0,0,0,0,1,0,1,0,0,0,1,0,0,1,0,1,0,1
3845-JHAMY,0,-0.66663912787831,-0.972539855016148,-0.763414250138869,0,1,1,0,1,0,0,0,0,0,0,0,0,0,0,0,0,0,0,1,0,0,1,1,0,0,0
7013-PSXHK,0,0.310649601402418,0.531386430134194,0.40913388112362,0,0,0,1,0,1,0,0,0,0,0,0,0,1,0,1,0,1,0,1,1,0,1,0,0,1,0
5669-SRAIP,0,-1.11456312879864,-0.839596095002858,-0.91437824926732,0,0,0,0,1,0,0,0,0,0,0,0,0,1,0,0,0,0,0,1,0,0,0,0,1,0,1
5981-ITEMU,0,0.310649601402418,1.07479404918852,0.629123238531741,1,1,0,1,0,1,1,0,0,0,0,0,0,0,0,0,0,1,0,1,0,0,1,0,0,0,1
3486-NPGST,0,0.147768146522297,-1.50265309806914,-0.733371553426803,0,0,0,1,0,0,0,1,1,0,1,0,1,0,1,0,1,0,1,0,1,0,0,0,0,1,0
6941-PMGEP,0,-1.11456312879864,0.506459475131702,-0.825309710521407,0,0,0,1,0,0,1,0,0,0,0,0,0,0,0,0,0,0,0,1,0,0,1,0,1,0,1
1624-WOIWJ,0,-0.910961310198492,0.662668393147318,-0.640086883107044,0,0,0,1,0,0,1,0,0,1,0,0,0,0,0,0,0,1,0,0,0,0,1,0,0,1,1
2074-GKOWZ,0,-1.23672421995873,0.823862702163431,-0.925503538865322,1,1,1,1,0,0,1,0,0,0,0,0,0,0,0,0,0,1,0,1,0,0,1,0,0,0,1
0376-YMCJC,0,-0.381596581838098,0.85876043916692,-0.149536663391946,1,0,0,1,0,1,1,0,0,0,0,0,0,0,0,1,0,1,0,0,0,0,1,0,1,0,1
6100-FJZDG,0,-0.259435490678007,-1.48603512806748,-0.784075502249445,1,1,1,1,0,0,0,1,1,0,1,0,1,0,1,0,1,0,1,0,1,0,1,0,0,0,0
4829-ZLJTK,1,1.61370124044339,1.58330393123935,2.54510118799091,0,1,0,1,0,1,1,0,0,1,0,1,0,1,0,0,0,1,0,1,0,1,1,0,1,0,0
1730-VFMWO,0,0.066327419082236,-0.483971536967307,-0.206001922899268,0,1,0,1,0,0,0,0,0,0,0,0,0,0,0,1,0,0,0,0,0,0,0,0,0,0,0
7143-BQIBA,0,-0.910961310198492,-0.0834784599272717,-0.736815095445232,1,0,0,1,0,0,0,0,0,1,0,0,0,0,0,1,0,1,0,0,0,0,0,0,0,0,0
3800-LYTRK,0,-0.748079855318371,-0.301173866949034,-0.65637748573269,0,0,0,1,0,0,0,0,0,1,0,0,0,0,0,1,0,0,0,0,1,0,0,0,0,1,0
0634-SZPQA,0,-0.381596581838098,0.840480672165093,-0.0494973529591135,0,0,0,1,0,1,1,0,0,1,0,0,0,0,0,0,0,1,0,0,0,0,1,0,0,0,1
9646-NMHXE,0,0.595692147442631,-1.49932950406881,-0.577816164940447,1,1,0,1,0,0,0,1,1,0,1,0,1,0,1,0,1,0,1,0,0,1,0,0,0,1,0
7030-NJVDP,0,-0.340876218118068,0.813891920162435,-0.0316615712226335,1,1,0,1,0,0,1,0,0,1,0,0,0,0,0,1,0,0,0,1,0,0,1,0,1,0,0
5536-RTPWK,0,0.677132874882691,1.139604132195,1.13541221119005,1,1,0,1,0,1,1,0,0,0,0,1,0,0,0,0,0,1,0,1,0,0,1,0,0,0,1
8883-GRDWQ,1,-0.503757672998189,-0.357674964954682,-0.541261641975581,1,0,0,1,0,0,0,0,0,1,0,0,0,0,0,1,0,0,0,0,1,0,0,0,0,1,0
6166-ILMNY,0,-1.23672421995873,0.165791090097647,-0.943604208449374,0,0,0,1,0,0,1,0,0,0,0,0,0,0,0,0,0,0,0,0,0,0,0,0,0,0,1
3097-NNSPB,0,-1.23672421995873,-0.522192867971128,-0.967201300870534,0,0,0,1,0,0,0,0,0,0,0,1,0,0,0,0,0,0,0,0,0,0,1,1,0,0,1
7771-ZONAT,0,-0.422316945558128,-0.266276129945545,-0.431355259220711,1,0,0,0,1,0,0,0,0,0,0,0,0,1,0,1,0,1,0,1,0,1,0,0,0,0,0
0655-RBDUG,0,-1.03312240135858,1.10636819219167,-0.692645046862686,1,0,0,1,0,1,1,0,0,0,0,0,0,1,0,0,0,1,0,1,0,0,1,0,0,0,1
2111-DWYHN,0,-1.27744458367877,-1.45113739106399,-0.998104883087207,1,0,0,1,0,0,0,1,1,0,1,0,1,0,1,0,1,0,1,0,0,0,0,0,0,1,0
4194-WHFCB,0,1.084336512083,1.05983787618702,1.4563900604848,0,1,1,1,0,1,1,0,0,0,0,1,0,0,0,1,0,0,0,1,0,0,1,0,0,0,0
4121-AGSIN,0,1.04361614836296,-1.33813519505269,-0.346127594264585,0,1,1,1,0,1,0,1,1,0,1,0,1,0,1,0,1,0,1,0,1,0,1,1,0,0,0
4361-BKAXE,0,0.351369965122448,1.65309940524633,0.991357370085751,0,0,0,1,0,1,1,0,0,1,0,1,0,1,0,1,0,1,0,1,0,0,1,0,0,0,1
9845-PEEKO,1,1.084336512083,0.479870723129044,1.01912644610616,0,0,0,1,0,1,1,0,0,0,0,1,0,0,0,0,0,0,0,0,0,1,1,1,0,0,0
0455-XFASS,0,-1.1960038562387,0.159143902096982,-0.919035860587118,0,1,1,1,0,0,1,0,0,0,0,0,0,0,0,0,0,0,0,0,0,0,1,0,1,0,0
0301-KOBTQ,0,-0.0151133083578247,-1.48603512806748,-0.736152875826303,1,0,0,1,0,0,0,1,1,0,1,0,1,0,1,0,1,0,1,0,0,1,1,0,0,0,0
1751-NCDLI,1,0.5549717837226,1.13295694419433,1.00789078657167,1,1,0,1,0,1,1,0,0,0,0,0,0,1,0,0,0,1,0,1,0,0,1,0,1,0,0
4367-NUYAO,0,-1.3181649473988,-1.29659027004854,-0.390463197751863,1,1,1,1,0,1,0,1,1,0,1,0,1,0,1,0,1,0,1,0,0,1,0,0,0,1,0
9878-TNQGW,0,-1.23672421995873,0.538033618134859,-0.931860847207038,1,0,0,1,0,0,1,0,0,0,0,0,0,0,0,0,0,0,0,1,0,0,1,0,1,0,1
9170-ARBTB,0,0.799293966042782,-1.50099130106898,-0.560466010924514,0,1,1,1,0,0,0,1,1,0,1,0,1,0,1,0,1,0,1,0,1,0,0,1,0,0,0
4441-NIHPT,1,-0.788800219038401,0.317014617112764,-0.59227462662039,0,0,0,1,0,0,1,0,0,0,0,0,0,1,0,0,0,0,0,0,0,0,1,0,1,0,1
8999-BOHSE,1,-0.870240946478462,0.82884809316393,-0.544881775892391,0,0,0,1,0,0,1,0,0,0,0,0,0,0,0,0,0,1,0,1,0,0,0,0,0,0,1
7241-AJHFS,0,-0.0151133083578247,0.760714416157119,0.213889463476136,1,0,0,1,0,1,1,0,0,1,0,0,0,0,0,1,0,0,0,0,0,0,0,0,0,0,0
7029-RPUAV,1,-0.62591876415828,1.18613444819965,-0.291141291906204,1,1,0,1,0,1,1,0,0,0,0,0,0,1,0,0,0,1,0,1,0,0,1,1,0,0,1
4546-FOKWR,0,-0.66663912787831,0.331970790114259,-0.508834954635372,0,0,0,1,0,1,1,0,0,0,0,0,0,0,0,0,0,0,0,0,0,0,1,1,0,0,0
9036-CSKBW,0,0.758573602322752,1.4187860282229,1.50058218305464,0,0,0,1,0,1,1,0,0,1,0,1,0,1,0,0,0,1,0,1,1,0,0,0,0,0,0
5832-TRLPB,0,-0.137274399517916,0.351912354116252,-0.0167837037840348,1,0,0,1,0,0,0,0,0,0,0,0,0,1,0,1,0,1,0,1,1,0,1,0,0,0,0
8590-YFFQO,0,1.53226051300333,0.00625857808169908,0.989503155152751,1,1,0,1,0,0,0,0,0,1,0,1,0,1,0,1,0,0,0,0,0,1,0,1,0,0,0
8659-IOOPU,0,1.57298087672336,1.18613444819965,2.15344243136917,0,1,1,1,0,1,1,0,0,1,0,0,0,1,0,1,0,0,0,1,0,1,0,0,1,0,0
1338-CECEE,0,0.351369965122448,0.124246165093494,0.246360298790941,1,1,1,1,0,1,0,0,0,0,0,1,0,1,0,0,0,1,0,0,1,0,0,0,0,0,0
7439-DKZTW,0,-1.27744458367877,0.524739242133529,-0.971858912190332,1,0,0,1,0,0,1,0,0,0,0,0,0,0,0,0,0,1,0,0,0,0,1,0,1,0,0
4646-QZXTF,0,-1.03312240135858,0.548004400135855,-0.751317705099771,0,1,0,1,0,0,0,0,0,1,0,0,0,1,0,1,0,1,0,1,0,0,0,0,0,0,0
4607-CHPCA,0,-0.300155854398037,0.852113251166256,-0.0456123311947318,1,1,1,1,0,0,1,0,0,0,0,0,0,0,0,0,0,1,0,1,1,0,1,0,1,0,1
9742-XOKTS,0,1.41009942184324,0.823862702163431,1.65847741419454,1,1,1,1,0,1,1,0,0,1,0,1,0,0,0,1,0,0,0,0,1,0,0,0,1,0,0
6921-OZMFH,0,-1.11456312879864,-0.301173866949034,-0.892900259626731,1,1,1,1,0,1,0,0,0,0,0,0,0,0,0,1,0,0,0,0,0,0,1,0,0,1,0
9578-FOMUK,0,-0.707359491598341,-1.3281644130517,-0.864314446076308,1,0,1,1,0,1,0,1,1,0,1,0,1,0,1,0,1,0,1,0,0,0,1,0,1,0,0
4712-UYOOI,0,-0.503757672998189,-1.48769692506765,-0.823036089829751,0,1,1,1,0,0,0,1,1,0,1,0,1,0,1,0,1,0,1,0,0,0,0,0,1,0,0
8824-RWFXJ,0,-1.1960038562387,-0.286217693947539,-0.933185286444895,1,1,1,1,0,0,0,0,0,0,0,1,0,1,0,0,0,0,0,0,0,0,1,0,0,1,1
7722-CVFXN,0,0.880734693482843,1.34400516321543,1.48157647999139,1,1,1,1,0,1,1,0,0,0,0,1,0,0,0,1,0,1,0,1,1,0,1,0,1,0,0
8717-VCTXJ,0,0.392090328842479,-1.50265309806914,-0.636842006974293,1,0,0,1,0,0,0,1,1,0,1,0,1,0,1,0,1,0,1,0,1,0,1,0,0,1,0
7363-QTBIW,0,-0.951681673918523,0.498150490130871,-0.667878033114752,0,1,0,1,0,0,1,0,0,0,0,0,0,0,0,0,0,0,0,1,0,0,1,0,1,0,0
4159-NAAIX,0,1.24721796696312,1.08642662818968,1.75315274571405,0,0,0,1,0,1,1,0,0,0,0,1,0,0,0,0,0,1,0,1,0,1,0,0,0,0,0
0971-QIFJK,0,1.4915401492833,-1.34644418005352,-0.282598658822023,0,1,0,1,0,1,0,1,1,0,1,0,1,0,1,0,1,0,1,0,0,1,0,0,0,0,0
9397-TZSHA,0,1.4915401492833,-1.33481160105236,-0.266595018031246,0,0,0,1,0,1,0,1,1,0,1,0,1,0,1,0,1,0,1,0,0,1,0,1,0,0,0
3391-JSQEW,0,0.310649601402418,-0.485633333967473,-0.0986340486836246,1,1,0,1,0,0,0,0,0,0,0,1,0,0,0,0,0,0,0,0,0,0,1,0,0,1,0
0343-QLUZP,0,1.12505687580303,-0.836272501002525,0.0629475383349831,1,0,0,0,1,0,0,0,0,1,0,1,0,1,0,0,0,0,0,0,0,1,0,0,0,0,0
9763-PDTKK,0,-1.15528349251868,0.985057011179546,-0.836479148094004,0,0,0,1,0,0,1,0,0,1,0,0,0,1,0,1,0,0,0,1,0,0,1,0,0,0,1
2176-LVPNX,1,1.57298087672336,0.833833484164428,1.77101060143783,0,0,0,1,0,1,0,0,0,1,0,1,0,1,0,1,0,1,0,1,0,1,0,0,0,1,0
7627-JKIAZ,0,0.188488510242327,0.471561738128214,0.246227854867155,0,1,0,1,0,1,1,0,0,0,0,0,0,1,0,0,0,0,0,0,0,0,1,1,0,0,1
3312-UUMZW,0,-0.0151133083578247,1.13295694419433,0.381431027065102,1,1,0,1,0,1,1,0,0,0,0,1,0,0,0,0,0,1,0,1,0,0,1,1,0,0,0
1271-UODNO,0,0.269929237682388,-0.36266035595518,-0.0358556288091821,1,0,0,1,0,1,0,0,0,0,0,0,0,0,0,1,0,0,0,0,0,1,1,1,0,0,0
8461-EFQYM,0,0.229208873962357,-1.34644418005352,-0.603731026027857,0,0,0,1,0,1,0,1,1,0,1,0,1,0,1,0,1,0,1,0,1,0,1,0,1,0,0
6900-RBKER,0,0.799293966042782,0.820539108163099,1.01356380130716,1,0,0,1,0,1,1,0,0,0,0,0,0,1,0,0,0,0,0,1,0,1,1,1,0,0,0
6891-JPYFF,0,0.636412511162661,1.34566696021559,1.19887492467071,0,1,1,1,0,1,1,0,0,1,0,1,0,0,0,0,0,1,0,1,0,0,1,1,0,0,0
1459-QNFQT,0,1.53226051300333,-0.174877294936408,0.822425145297034,1,1,1,0,1,0,0,0,0,1,0,0,0,1,0,1,0,1,0,1,0,1,0,0,0,0,0
1047-NNCBF,0,-0.503757672998189,0.192379842100305,-0.348048031159478,1,0,0,1,0,0,1,0,0,0,0,0,0,0,0,0,0,0,0,0,0,0,0,1,0,0,0
3696-XRIEN,0,0.717853238602722,0.589549325140008,0.837567900583205,0,0,0,1,0,1,0,0,0,1,0,0,0,1,0,1,0,1,0,1,1,0,1,1,0,0,0
4081-DYXAV,0,-0.544478036718219,-0.661783815985083,-0.612935878730966,0,0,0,0,1,0,0,0,0,0,0,0,0,0,0,0,0,1,0,1,1,0,1,1,0,0,1
0074-HDKDG,0,-0.300155854398037,-0.105081820929431,-0.296196234997359,1,1,1,1,0,0,0,0,0,1,0,1,0,1,0,0,0,0,0,0,1,0,1,0,0,0,0
8791-GFXLZ,0,-0.829520582758432,-0.522192867971128,-0.745600542389687,1,0,0,1,0,0,0,0,0,0,0,1,0,0,0,0,0,0,0,0,0,0,1,0,0,0,0
8111-SLLHI,1,0.269929237682388,1.35896133621692,0.884232309730382,1,1,0,1,0,1,1,0,0,0,0,1,0,1,0,0,0,1,0,1,0,0,1,0,1,0,1
0927-LCSMG,0,-1.03312240135858,0.328647196113927,-0.767012310068382,1,0,0,1,0,0,1,0,0,0,0,0,0,1,0,0,0,0,0,0,0,0,0,0,0,1,1
9330-DHBFL,0,-0.381596581838098,0.0494653000860182,-0.330278471384891,0,1,1,1,0,0,0,0,0,1,0,1,0,1,0,1,0,0,0,0,1,0,1,0,0,1,0
0098-BOWSO,0,-0.218715126957977,-1.50763848906964,-0.773524136321181,1,0,0,1,0,0,0,1,1,0,1,0,1,0,1,0,1,0,1,0,0,0,1,0,1,0,0
3452-ABWRL,1,0.595692147442631,0.707536912151803,0.699164000227102,1,0,0,1,0,1,1,0,0,0,0,0,0,0,0,0,0,1,0,0,0,0,1,1,0,0,0
5859-HZYLF,0,-0.259435490678007,-1.51594747407047,-0.779726926751813,1,1,1,1,0,0,0,1,1,0,1,0,1,0,1,0,1,0,1,0,0,1,1,1,0,0,0
8257-RZAHR,0,-0.748079855318371,-0.00205040691913153,-0.591987664785521,0,1,0,1,0,1,0,0,0,1,0,0,0,0,0,0,0,1,0,0,0,0,1,0,0,0,1
5293-WXJAK,1,-0.870240946478462,1.30578383221161,-0.506936591727776,0,1,0,1,0,1,1,0,0,0,0,0,0,1,0,1,0,1,0,1,0,0,1,0,0,0,1
3156-QLHBO,0,-1.23672421995873,-1.51262388007014,-0.986074560010002,1,0,1,1,0,0,0,1,1,0,1,0,1,0,1,0,1,0,1,0,0,0,0,0,0,1,0
2208-NQBCT,0,-0.259435490678007,0.571269558138181,-0.0935349576178734,0,1,1,1,0,0,1,0,0,1,0,1,0,0,0,0,0,0,0,0,0,0,0,0,1,0,0
1779-PWPMG,1,1.61370124044339,1.65808479624683,2.67185002305387,0,1,0,1,0,1,1,0,0,1,0,1,0,1,0,1,0,1,0,1,0,1,1,0,0,0,0
6621-NRZAK,0,1.24721796696312,-1.48769692506765,-0.473560722933768,0,1,1,1,0,0,0,1,1,0,1,0,1,0,1,0,1,0,1,0,0,1,0,1,0,0,0
0831-JNISG,0,1.57298087672336,-1.49434411306831,-0.391004010440655,1,1,1,1,0,0,0,1,1,0,1,0,1,0,1,0,1,0,1,0,0,1,0,0,0,1,0
0774-IFUVM,0,-0.870240946478462,0.0129057660823637,-0.688075731492078,1,1,1,1,0,1,0,0,0,1,0,0,0,0,0,0,0,1,0,0,0,0,1,0,0,0,0
3082-WQRVY,1,-0.748079855318371,-1.49932950406881,-0.90647576181477,1,1,0,1,0,0,0,1,1,0,1,0,1,0,1,0,1,0,1,0,1,0,0,0,0,1,0
9553-DLCLU,0,-0.788800219038401,0.803921138161438,-0.494531010866511,0,0,1,1,0,1,0,0,0,1,0,1,0,1,0,1,0,1,0,1,0,1,0,1,0,0,0
1641-BYBTK,0,-1.07384276507861,-1.48104973706698,-0.964000572712378,1,0,1,1,0,0,0,1,1,0,1,0,1,0,1,0,1,0,1,0,0,0,1,0,0,1,0
2460-NGXBJ,1,-0.870240946478462,0.346926963115754,-0.665140858689847,1,1,1,1,0,1,1,0,0,0,0,0,0,0,0,0,0,0,0,0,0,0,1,1,0,0,0
2446-ZKVAF,0,-0.58519840043825,-0.264614332945379,-0.532983896738972,1,1,0,1,0,1,0,0,0,0,0,1,0,0,0,0,0,0,0,0,0,0,0,1,0,0,0
0841-NULXI,0,-1.27744458367877,-0.970878058015981,-0.991725500758194,1,0,0,0,1,0,0,0,0,0,0,0,0,0,0,0,0,0,0,1,0,0,1,0,1,0,1
3522-CDKHF,0,-0.0151133083578247,0.356897745116751,0.0188878596889255,0,1,0,1,0,0,1,0,0,1,0,0,0,0,0,0,0,0,0,0,0,0,1,0,0,0,0
1430-SFQSA,0,-0.137274399517916,-0.969216261015815,-0.533888930218175,1,0,0,0,1,0,0,0,0,1,0,0,0,0,0,1,0,0,0,0,1,0,0,0,0,1,0
0411-EZJZE,0,-1.1960038562387,-0.149950339933917,-0.932147809041907,0,0,0,1,0,1,0,0,0,0,0,0,0,0,0,0,0,1,0,0,0,0,1,0,1,0,0
7851-WZEKY,0,-1.23672421995873,1.00998396618204,-0.920492743748761,0,0,0,1,0,1,1,0,0,0,0,0,0,0,0,0,0,1,0,1,0,0,1,0,1,0,1
8844-TONUD,0,-0.788800219038401,1.05983787618702,-0.494045383145963,1,1,1,1,0,0,1,0,0,0,0,0,0,1,0,0,0,1,0,1,0,0,1,0,0,1,1
8807-ARQET,0,0.351369965122448,-0.811345546000034,-0.266683313980436,0,0,0,0,1,0,0,0,0,0,0,1,0,0,0,0,0,0,0,1,0,0,1,0,1,0,0
8992-CEUEN,0,-1.27744458367877,-1.52591825607147,-0.999098212515601,0,0,0,1,0,0,0,1,1,0,1,0,1,0,1,0,1,0,1,0,0,0,0,0,1,0,0
4320-QMLLA,0,-1.03312240135858,-0.329424415951858,-0.843896007826006,1,0,0,1,0,0,0,0,0,0,0,0,0,0,0,0,0,1,0,0,0,0,0,0,0,1,0
8777-PVYGU,0,0.799293966042782,-0.0153447829204607,0.498290715818724,0,1,0,1,0,0,0,0,0,1,0,0,0,1,0,0,0,1,0,0,1,0,1,0,0,1,0
8292-ITGYJ,0,0.51425142000257,-1.3331498040522,-0.504662971036121,0,1,1,1,0,1,0,1,1,0,1,0,1,0,1,0,1,0,1,0,0,1,1,0,0,0,0
6870-ZWMNX,0,1.53226051300333,0.376839309118744,1.31663964690354,1,1,0,1,0,1,0,0,0,0,0,1,0,1,0,1,0,1,0,0,0,1,0,1,0,0,0
0621-CXBKL,0,0.840014329762813,-1.53090364707197,-0.563423925222396,0,0,0,1,0,0,0,1,1,0,1,0,1,0,1,0,1,0,1,0,0,1,0,0,0,1,0
5268-DSMNQ,1,1.20649760324309,1.10304459819134,1.61344648010739,0,1,0,1,0,1,1,0,0,0,0,1,0,1,0,0,0,1,0,0,1,0,1,1,0,0,0
5334-JLAXU,0,1.12505687580303,0.975086229178549,1.41007883513438,0,1,0,1,0,1,1,0,0,1,0,1,0,0,0,0,0,0,0,1,0,0,1,1,0,0,0
4086-YQSNZ,1,-1.1960038562387,0.519753851133031,-0.908506568646152,0,1,0,1,0,0,1,0,0,0,0,0,0,0,0,0,0,1,0,0,0,0,1,0,1,0,1
6242-MBHPK,1,-0.381596581838098,1.00832216918187,0.0194838573459615,0,1,0,1,0,0,1,0,0,1,0,0,0,0,0,0,0,1,0,1,0,0,1,0,1,0,0
5868-CZJDR,0,-1.27744458367877,-1.11046900602994,-0.993579715691195,1,0,1,0,1,0,0,0,0,0,0,1,0,0,0,0,0,0,0,0,0,0,1,0,0,1,1
9359-UGBTK,0,1.41009942184324,0.252204534106285,1.196226046195,0,0,0,1,0,0,0,0,0,1,0,0,0,1,0,1,0,0,0,1,1,0,1,0,0,0,0
0135-NMXAP,0,-0.829520582758432,0.830509890164096,-0.542806821086415,0,0,0,1,0,1,1,0,0,0,0,1,0,0,0,0,0,1,0,0,0,0,1,0,0,0,1
4782-OSFXZ,1,1.57298087672336,0.596196513140673,1.5669365888713,0,1,0,1,0,1,0,0,0,1,0,1,0,1,0,1,0,0,0,1,0,1,1,0,0,0,0
6479-OAUSD,0,-0.300155854398037,-1.49102051906798,-0.781912251494278,1,0,0,1,0,0,0,1,1,0,1,0,1,0,1,0,1,0,1,0,1,0,0,1,0,0,0
7129-ACFOG,0,-1.11456312879864,-0.364322152955347,-0.882061931863598,0,0,0,1,0,1,0,0,0,1,0,0,0,0,0,0,0,0,0,0,0,0,1,0,1,0,0
4189-NAKJS,0,-0.259435490678007,-0.439103017962822,-0.435527242819962,1,0,0,1,0,1,0,0,0,0,0,0,0,0,0,0,0,0,0,0,1,0,1,1,0,0,0
5562-BETPV,0,-1.27744458367877,-1.49932950406881,-0.998745028718839,1,1,1,1,0,0,0,1,1,0,1,0,1,0,1,0,1,0,1,0,1,0,0,0,0,1,0
1282-IHQAC,1,1.53226051300333,-0.688372567987741,0.322162371170982,1,0,0,0,1,0,0,0,0,0,0,1,0,1,0,0,0,1,0,0,1,0,1,1,0,0,0
9127-FHJBZ,0,1.61370124044339,1.63648143524467,2.56554170022851,1,1,1,1,0,1,1,0,0,1,0,1,0,1,0,1,0,1,0,1,0,1,1,0,1,0,0
6270-OMFIW,0,1.12505687580303,0.985057011179546,1.4693916390031,1,1,0,1,0,0,1,0,0,0,0,1,0,0,0,0,0,1,0,1,1,0,1,0,1,0,1
1641-RQDAY,1,-0.0151133083578247,1.18447265119948,0.413107198837193,0,1,1,1,0,1,1,0,0,0,0,1,0,0,0,0,0,1,0,1,0,0,1,0,1,0,0
0107-WESLM,0,-1.27744458367877,-1.49268231606814,-0.998656732769648,1,0,0,1,0,0,0,1,1,0,1,0,1,0,1,0,1,0,1,0,0,0,1,0,1,0,1
6994-ORCWG,0,-0.748079855318371,-0.349365979953851,-0.666067966156347,0,0,0,1,0,1,0,0,0,0,0,1,0,0,0,0,0,0,0,0,1,0,1,0,0,1,0
1346-UFHAX,0,-0.788800219038401,0.506459475131702,-0.55298292923062,0,0,0,1,0,1,1,0,0,1,0,0,0,0,0,0,0,0,0,0,0,0,1,1,0,0,0
3992-YWPKO,0,-1.07384276507861,1.50021408123104,-0.711871489798917,0,0,0,1,0,1,1,0,0,0,0,1,0,1,0,1,0,1,0,1,0,0,1,1,0,0,1
2933-XEUJM,0,0.5549717837226,0.479870723129044,0.579169805277218,0,0,0,1,0,1,0,0,0,1,0,0,0,1,0,0,0,1,0,1,0,1,0,0,0,1,0
0125-LZQXK,0,-0.707359491598341,1.21604679420264,-0.321382654503948,1,0,0,1,0,0,1,0,0,0,0,0,0,1,0,1,0,1,0,1,0,0,1,0,1,0,1
5461-QKNTN,1,0.432810692562509,0.981733417179213,0.737815551985242,1,1,0,1,0,1,1,0,0,0,0,1,0,0,0,1,0,1,0,0,0,0,1,0,1,0,0
4835-YSJMR,0,0.269929237682388,-0.497265912968636,-0.137197304492574,1,0,0,1,0,0,0,0,0,0,0,0,0,0,0,1,0,0,0,0,0,1,1,0,0,0,0
8399-YNDCH,1,-0.463037309278159,-0.156597527934581,-0.461684917767646,1,0,0,1,0,0,0,0,0,0,0,0,0,1,0,0,0,1,0,0,0,0,1,0,0,0,1
3164-YAXFY,0,1.00289578464293,-0.365983949955513,0.403549162337321,1,0,0,0,1,0,0,0,0,1,0,0,0,1,0,0,0,1,0,1,0,0,1,0,1,0,0
0887-WBJVH,0,0.840014329762813,0.953482868176389,1.14355751250287,0,1,0,1,0,0,1,0,0,0,0,0,0,0,0,1,0,1,0,1,1,0,1,0,1,0,0
4660-IRIBM,0,-0.58519840043825,0.76902340115795,-0.344979746925109,1,1,1,1,0,0,1,0,0,1,0,0,0,1,0,0,0,1,0,0,0,0,1,0,0,1,0
5673-FSSMF,0,-1.27744458367877,-0.153273933934249,-0.980865099007763,0,0,0,1,0,1,0,0,0,0,0,0,0,0,0,0,0,0,0,1,0,0,1,0,1,0,1
7670-ZBPOQ,0,1.04361614836296,-0.123361587931259,0.528377560505385,0,1,0,1,0,1,0,0,0,1,0,0,0,0,0,1,0,0,0,0,1,0,1,0,0,0,0
8089-UZWLX,1,1.57298087672336,1.30578383221161,2.2655120648792,0,0,0,1,0,1,1,0,0,0,0,0,0,1,0,0,0,1,0,1,0,1,0,0,0,0,0
0080-OROZO,0,0.107047782802266,1.14625132019566,0.551886356977355,0,0,0,1,0,0,1,0,0,0,0,0,0,1,0,1,0,1,0,1,1,0,1,0,1,0,0
3916-NRPAP,0,-1.1960038562387,0.69590433315064,-0.894070180953506,1,0,0,1,0,0,1,0,0,0,0,0,0,1,0,0,0,0,0,1,0,0,0,1,0,0,0
6807-SIWJI,0,0.229208873962357,1.33237258421427,0.708722036726973,1,0,0,1,0,1,1,0,0,1,0,1,0,0,0,0,0,1,0,1,1,0,1,0,1,0,0
8221-HVAYI,0,0.107047782802266,0.145849526095653,0.0919306836567634,1,1,1,1,0,1,0,0,0,1,0,1,0,1,0,1,0,0,0,0,0,1,1,1,0,0,0
1579-KLYDT,0,-1.03312240135858,0.853775048166422,-0.745423950491305,1,0,0,1,0,1,1,0,0,0,0,0,0,1,0,0,0,1,0,0,0,0,1,0,1,0,1
5232-NXPAY,0,0.595692147442631,0.322000008113263,0.542306246490186,0,0,0,1,0,0,0,0,0,0,0,0,0,1,0,1,0,1,0,1,0,1,0,0,0,1,0
8967-SZQAS,0,-0.748079855318371,-0.475662551966477,-0.669489434187479,0,0,0,1,0,0,0,0,0,0,0,1,0,0,0,0,0,0,0,0,0,0,0,0,1,0,0
4468-KAZHE,1,-0.503757672998189,-0.158259324934747,-0.451442587661549,0,1,0,1,0,0,0,0,0,0,0,1,0,0,0,0,0,0,0,1,0,0,1,0,1,0,0
0455-ENTCR,0,1.36937905812321,0.680948160149145,1.43764924526911,1,1,0,1,0,1,0,0,0,1,0,1,0,0,0,1,0,1,0,1,0,1,0,0,1,0,0
8944-AILEF,0,-0.707359491598341,-1.50597669206947,-0.856941734318902,1,1,0,1,0,0,0,1,1,0,1,0,1,0,1,0,1,0,1,0,0,0,1,1,0,0,0
5542-NKVRU,0,0.392090328842479,-1.46276997006515,-0.634612534257233,0,0,0,1,0,0,0,1,1,0,1,0,1,0,1,0,1,0,1,0,0,1,1,0,0,0,0
7126-RBHSD,0,-0.62591876415828,0.469899941128048,-0.411886002424207,0,1,0,1,0,1,1,0,0,1,0,0,0,0,0,0,0,0,0,0,0,0,0,0,1,0,0
5370-IIVVL,0,0.188488510242327,1.3207400052131,0.660490374481665,1,0,0,1,0,1,1,0,0,0,0,1,0,0,0,1,0,1,0,1,1,0,1,1,0,0,0
6789-HJBWG,0,-0.829520582758432,-0.510560288969965,-0.73738901911497,0,0,0,1,0,0,0,0,0,0,0,1,0,0,0,0,0,0,0,0,0,0,1,0,1,0,0
3927-NLNRY,0,0.840014329762813,0.980071620179047,1.14168122358257,1,1,0,1,0,0,1,0,0,0,0,1,0,0,0,0,0,1,0,1,1,0,1,0,0,0,1
9087-EYCPR,0,1.12505687580303,-1.32151722505103,-0.342971014081025,0,0,0,1,0,1,0,1,1,0,1,0,1,0,1,0,1,0,1,0,0,1,0,0,0,1,0
6791-YBNAK,0,-0.58519840043825,-1.30323745804921,-0.800873806582937,1,1,1,0,1,0,0,0,0,0,0,0,0,0,0,0,0,0,0,0,0,0,0,1,0,0,0
6358-LYNGM,0,-1.27744458367877,0.336956181114758,-0.974353272754964,1,0,0,1,0,1,1,0,0,0,0,0,0,0,0,0,0,0,0,0,0,0,1,0,1,0,1
6077-BDPXA,0,-1.1960038562387,0.179085466098976,-0.921684739062833,0,0,0,1,0,0,1,0,0,0,0,0,0,0,0,0,0,0,0,0,0,0,1,0,1,0,0
0013-MHZWF,0,-0.951681673918523,0.154158511096484,-0.75513650490226,0,0,1,1,0,0,0,0,0,0,0,0,0,0,0,1,0,1,0,1,0,0,1,1,0,0,0
5494-HECPR,0,-1.27744458367877,0.514768460132533,-0.971991356114118,0,0,0,1,0,0,1,0,0,0,0,0,0,0,0,0,0,1,0,0,0,0,1,0,1,0,1
8268-YDIXR,0,0.962175420922904,0.943512086175393,1.31209240552023,1,1,0,1,0,1,1,0,0,1,0,1,0,1,0,0,0,0,0,0,1,0,1,0,1,0,0
9824-BEMCV,0,-0.62591876415828,0.140864135095155,-0.499872915792536,1,1,1,1,0,0,1,0,0,0,0,0,0,0,0,0,0,0,0,0,0,0,1,0,1,0,1
1373-ORVIZ,0,-0.870240946478462,0.0527888940863502,-0.680371909925208,0,1,1,1,0,1,0,0,0,0,0,0,0,0,0,1,0,0,0,1,0,0,1,0,1,0,1
4291-SHSBH,0,-1.03312240135858,0.159143902096982,-0.777254640174479,1,0,0,1,0,0,1,0,0,0,0,0,0,0,0,0,0,0,0,0,0,0,1,0,1,0,0
6980-IMXXE,0,1.4915401492833,-1.48104973706698,-0.383763742607034,0,1,1,1,0,0,0,1,1,0,1,0,1,0,1,0,1,0,1,0,0,1,0,0,0,0,0
9866-QEVEE,0,-0.544478036718219,0.705875115151637,-0.330874469041927,1,0,0,1,0,1,1,0,0,0,0,0,0,0,0,0,0,0,0,1,0,0,1,0,0,0,1
9897-KXHCM,0,-1.1960038562387,0.516430257132699,-0.897028095251387,0,1,1,1,0,0,1,0,0,0,0,0,0,0,0,0,0,0,0,1,0,0,1,0,1,0,1
0040-HALCW,0,0.880734693482843,-1.47440254906632,-0.52594229479103,1,1,1,1,0,0,0,1,1,0,1,0,1,0,1,0,1,0,1,0,0,1,0,1,0,0,0
0784-GTUUK,0,1.20649760324309,-1.36306215005519,-0.368687209282757,1,1,0,1,0,1,0,1,1,0,1,0,1,0,1,0,1,0,1,0,1,0,1,1,0,0,0
7979-CORPM,0,-0.340876218118068,0.857098642166754,0.000279488397028595,1,0,0,1,0,1,1,0,0,0,0,1,0,0,0,0,0,1,0,0,0,0,1,1,0,0,1
2294-DMMUS,0,1.20649760324309,0.189056248099973,0.891141467754538,0,1,1,1,0,1,0,0,0,0,0,0,0,0,0,0,0,1,0,1,0,0,1,1,0,0,0
0872-JCPIB,0,-0.62591876415828,0.032847330084357,-0.516847812024409,1,0,0,1,0,1,0,0,0,1,0,0,0,0,0,0,0,0,0,1,0,0,0,0,0,0,0
3055-MJDSB,0,-0.951681673918523,-1.33481160105236,-0.923494806021238,1,0,0,0,1,0,0,0,0,0,0,0,0,0,0,0,0,0,0,0,0,0,1,0,0,1,0
9091-WTUUY,0,1.28793833068315,0.149173120095986,0.956171434333338,1,1,1,1,0,0,0,0,0,1,0,0,0,1,0,1,0,1,0,0,0,1,0,0,0,1,0
1618-CFHME,0,-1.23672421995873,0.37019212111808,-0.944133984144517,0,0,0,1,0,1,1,0,0,0,0,0,0,0,0,0,0,0,0,0,0,0,1,0,1,0,1
3165-HDOEW,0,-1.27744458367877,-0.62854787598176,-0.987178259374884,1,1,1,1,0,0,0,0,0,0,0,0,0,0,0,0,0,0,0,0,0,0,1,0,0,1,1
6581-NQCBA,0,-0.66663912787831,-0.492280521968138,-0.649733215556105,0,1,0,0,1,0,0,0,0,0,0,0,0,0,0,1,0,1,0,1,0,0,1,0,1,0,1
7115-IRDHS,0,1.61370124044339,-1.3331498040522,-0.199490096646469,0,1,0,1,0,1,0,1,1,0,1,0,1,0,1,0,1,0,1,0,0,1,0,0,0,0,0
8496-DMZUK,0,-0.0965540357978854,0.852113251166256,0.237839739694058,1,0,0,1,0,1,1,0,0,1,0,1,0,1,0,0,0,0,0,0,1,0,0,0,0,0,0
2040-VZIKE,0,0.677132874882691,1.19942882420097,1.13258674081595,0,1,0,1,0,1,1,0,0,1,0,0,0,0,0,0,0,1,0,1,0,0,1,0,0,1,0
9068-VPWQQ,0,1.16577723952306,0.351912354116252,1.08047005680626,1,1,0,1,0,1,0,0,0,1,0,0,0,1,0,1,0,0,0,1,0,1,0,1,0,0,0
0178-SZBHO,0,0.595692147442631,0.745758243155624,0.766202699649986,1,1,1,1,0,1,1,0,0,0,0,1,0,0,0,0,0,1,0,0,0,0,0,0,1,0,0
0384-RVBPI,0,-0.503757672998189,-0.0120211889201282,-0.389966533037666,1,0,0,1,0,0,0,0,0,1,0,0,0,1,0,0,0,0,0,1,0,0,0,1,0,0,0
1689-MRZQR,0,0.066327419082236,0.449958377126054,0.12466640681914,1,1,1,1,0,0,1,0,0,0,0,0,0,0,0,0,0,1,0,0,0,0,0,0,1,0,1
1299-AURJA,0,1.53226051300333,-1.33148800705203,-0.263129402025519,0,1,1,1,0,1,0,1,1,0,1,0,1,0,1,0,1,0,1,0,0,1,0,0,0,0,0
4525-VZCZG,0,0.880734693482843,1.36560852421759,1.56492785602721,1,0,1,1,0,0,1,0,0,1,0,1,0,0,0,1,0,1,0,1,1,0,1,0,1,0,0
1543-LLLFT,1,1.16577723952306,1.1146771771925,1.67083884708121,1,1,0,1,0,1,1,0,0,0,0,1,0,1,0,1,0,1,0,0,1,0,1,0,0,1,0
5835-BEQEU,0,-1.1960038562387,0.405089858121569,-0.906586131751258,1,0,0,1,0,1,1,0,0,0,0,0,0,0,0,0,0,0,0,0,0,0,1,0,1,0,1
2788-CJQAQ,0,-0.788800219038401,-1.50597669206947,-0.888132278370445,1,0,0,1,0,0,0,1,1,0,1,0,1,0,1,0,1,0,1,0,1,0,0,0,0,1,0
5565-FILXA,1,-0.66663912787831,1.04321990618536,-0.332309278216272,0,0,0,1,0,1,1,0,0,0,0,0,0,0,0,0,0,1,0,1,0,0,1,0,1,0,1
0319-QZTCO,0,-1.1960038562387,-0.201466046939066,-0.932986620559217,0,1,1,1,0,0,0,0,0,0,0,1,0,0,0,0,0,1,0,0,0,0,1,1,0,0,0
2120-SMPEX,0,-0.300155854398037,-1.48271153406715,-0.770632443985192,1,0,0,1,0,0,0,1,1,0,1,0,1,0,1,0,1,0,1,0,0,0,1,0,0,1,0
0096-FCPUF,0,-0.0965540357978854,-0.00869759491979612,-0.173707679482844,1,0,0,1,0,1,0,0,0,1,0,0,0,0,0,0,0,0,0,1,0,0,1,0,0,1,0
0668-OGMHD,0,-0.463037309278159,-1.20519143503941,-0.729574827611612,0,1,0,0,1,0,0,0,0,1,0,0,0,0,0,0,0,0,0,0,0,0,0,0,1,0,0
5552-ZNFSJ,0,-1.27744458367877,-0.646827642983588,-0.987421073235157,1,0,0,1,0,0,0,0,0,0,0,0,0,0,0,0,0,0,0,0,0,0,0,0,1,0,1
2223-KAGMX,0,-0.707359491598341,-1.50763848906964,-0.879700015222752,0,0,0,1,0,0,0,1,1,0,1,0,1,0,1,0,1,0,1,0,0,0,0,0,0,0,1
6507-ZJSUR,1,-0.381596581838098,0.853775048166422,-0.0726971136089164,1,1,0,1,0,0,1,0,0,0,0,0,0,0,0,0,0,1,0,1,0,0,1,0,1,0,0
9408-HRXRK,0,0.51425142000257,1.34234336621526,1.08117642439978,0,1,1,1,0,1,1,0,0,1,0,1,0,0,0,0,0,1,0,1,0,0,1,0,1,0,0
5593-SUAOO,0,-0.340876218118068,0.611152686142168,-0.109869708218115,0,1,1,1,0,1,1,0,0,0,0,1,0,1,0,0,0,0,0,0,1,0,0,0,0,0,0
7321-PKUYW,0,-0.870240946478462,0.843804266165425,-0.571260190713052,0,0,0,1,0,1,1,0,0,0,0,0,0,0,0,1,0,1,0,0,0,0,0,0,1,0,1
2833-SLKDQ,0,-1.27744458367877,-0.655136627984418,-0.987531443171645,1,0,0,1,0,0,0,0,0,0,0,0,0,0,0,0,0,0,0,0,0,0,0,0,0,1,1
6766-HFKLA,0,0.962175420922904,1.27753328320878,1.52859407293532,0,1,0,1,0,1,1,0,0,0,0,0,0,1,0,1,0,1,0,1,0,1,0,0,0,0,0
7595-EUIVN,0,-1.27744458367877,0.366868527117748,-0.973955940983607,0,0,0,1,0,0,1,0,0,0,0,1,0,0,0,0,0,0,0,0,0,0,0,0,1,0,1
7617-EYGLW,0,-1.27744458367877,-1.50597669206947,-0.998833324668029,1,0,0,1,0,0,0,1,1,0,1,0,1,0,1,0,1,0,1,0,0,0,0,0,1,0,0
2026-TGDHM,0,-1.03312240135858,0.483194317129376,-0.776459976631765,0,0,0,1,0,0,1,0,0,0,0,0,0,0,0,0,0,0,0,1,0,0,1,0,1,0,1
9220-ZNKJI,1,0.921455057202873,0.79893574716094,1.11402251749865,0,1,0,1,0,0,1,0,0,0,0,0,0,1,0,1,0,1,0,0,0,1,0,1,0,0,0
4030-VPZBD,0,-1.23672421995873,-1.12542517903143,-0.981350726728311,0,0,0,0,1,0,0,0,0,0,0,0,0,0,0,1,0,0,0,0,0,0,1,0,1,0,1
2226-ICFDO,0,1.61370124044339,0.702551521151305,1.69035225185231,0,1,1,1,0,1,0,0,0,1,0,0,0,1,0,1,0,1,0,1,0,1,1,1,0,0,0
0723-VSOBE,1,0.51425142000257,-1.01574657702047,-0.302553543339075,0,0,0,0,1,0,0,0,0,0,0,0,0,0,0,0,0,0,0,1,1,0,0,0,1,0,0
5529-GIBVH,0,0.595692147442631,-1.48271153406715,-0.54554399551132,0,0,0,1,0,0,0,1,1,0,1,0,1,0,1,0,1,0,1,0,0,1,0,0,0,1,0
4187-CINZD,1,0.5549717837226,1.01330756018237,0.945774586316157,0,0,0,1,0,0,1,0,0,0,0,1,0,0,0,0,0,1,0,1,1,0,0,1,0,0,1
9992-UJOEL,0,-1.23672421995873,-0.480647942966975,-0.966472859289712,1,0,0,1,0,0,0,0,0,0,0,1,0,0,0,0,0,0,0,0,0,0,1,0,0,1,0
4741-WWJQZ,0,-1.23672421995873,0.511444866132201,-0.92153022115175,0,1,0,1,0,0,1,0,0,1,0,0,0,0,0,1,0,0,0,0,0,0,1,0,1,0,0
6625-UTXEW,0,-0.829520582758432,-0.449073799963819,-0.737190353229292,0,1,0,1,0,0,0,0,0,0,0,1,0,0,0,0,0,0,0,0,0,0,1,0,1,0,0
6818-WOBHJ,1,1.45081978556327,0.825524499163597,1.69779118557161,0,1,0,1,0,1,1,0,0,0,0,1,0,0,0,0,0,0,0,1,0,0,1,0,0,0,1
6244-BESBM,0,1.4915401492833,1.0116457631822,1.93800031534436,1,1,1,1,0,0,1,0,0,0,0,0,0,0,0,1,0,1,0,1,0,1,1,1,0,0,0
1004-NOZNR,1,0.962175420922904,0.998351387180874,1.31666172089084,1,0,1,1,0,0,1,0,0,1,0,0,0,0,0,0,0,1,0,1,1,0,0,1,0,0,0
1251-STYSZ,1,-1.15528349251868,0.514768460132533,-0.873342706881037,0,0,0,1,0,1,1,0,0,1,0,0,0,0,0,0,0,0,0,0,0,0,1,0,1,0,0
2612-PHGOX,0,1.28793833068315,0.376839309118744,1.11998249406901,1,1,0,1,0,1,0,0,0,0,0,1,0,1,0,1,0,1,0,0,0,1,1,0,0,0,0
2408-TZMJL,0,1.084336512083,1.50852306623187,1.83926337016208,1,1,0,1,0,1,1,0,0,1,0,1,0,1,0,0,0,1,0,1,1,0,1,0,1,0,1
8480-PPONV,0,1.20649760324309,1.68799714224982,2.1531554695343,1,1,1,1,0,1,1,0,0,1,0,1,0,1,0,1,0,1,0,1,0,1,0,0,0,0,0
8780-IHCRN,0,1.24721796696312,-1.3331498040522,-0.312310245724625,1,1,1,1,0,1,0,1,1,0,1,0,1,0,1,0,1,0,1,0,0,1,0,1,0,0,0
4598-ZADCK,0,0.840014329762813,-0.370969340956011,0.263688378819576,0,0,0,0,1,0,0,0,0,1,0,1,0,1,0,1,0,1,0,0,1,0,1,0,1,0,0
1257-SXUXQ,0,-1.11456312879864,-1.50597669206947,-0.969430773587594,1,1,1,1,0,0,0,1,1,0,1,0,1,0,1,0,1,0,1,0,0,0,0,0,0,1,0
9681-KYGYB,1,0.677132874882691,0.778994183158946,0.828892823575238,1,1,0,1,0,1,1,0,0,1,0,1,0,1,0,0,0,0,0,0,0,0,1,0,1,0,0
7182-OVLBJ,0,1.20649760324309,1.20939960620197,1.92327696581684,0,1,1,1,0,1,1,0,0,1,0,0,0,0,0,0,0,1,0,1,0,1,1,0,0,0,0
5095-ETBRJ,0,0.921455057202873,-0.264614332945379,0.366486937664611,0,1,0,1,0,0,0,0,0,1,0,1,0,0,0,1,0,0,0,0,0,1,0,0,0,1,0
7005-CYUIL,1,1.57298087672336,1.15123671119616,2.15721708319706,0,1,0,1,0,0,1,0,0,1,0,1,0,1,0,1,0,1,0,0,0,1,1,0,1,0,0
4821-WQOYN,0,1.61370124044339,-1.48437333106731,-0.421907592657328,0,1,1,1,0,0,0,1,1,0,1,0,1,0,1,0,1,0,1,0,0,1,1,1,0,0,0
4730-AWNAU,0,0.147768146522297,-0.134994166932421,-0.0209115394086904,1,1,1,0,1,0,0,0,0,1,0,0,0,1,0,1,0,1,0,1,1,0,0,1,0,0,0
3452-FLHYD,0,-0.300155854398037,-1.45612278206449,-0.788821409518434,1,1,0,1,0,0,0,1,1,0,1,0,1,0,1,0,1,0,1,0,1,0,1,0,0,0,0
2388-LAESQ,1,1.61370124044339,1.66473198424749,2.66478634711863,0,1,0,1,0,1,1,0,0,1,0,1,0,1,0,1,0,1,0,1,0,1,1,0,0,0,0
9531-NSBMR,0,0.147768146522297,-1.51262388007014,-0.707302174428309,0,0,0,1,0,0,0,1,1,0,1,0,1,0,1,0,1,0,1,0,1,0,1,0,0,0,0
6260-ONULR,0,-1.27744458367877,-0.0651986929254444,-0.979695177680989,1,0,0,1,0,0,0,0,0,0,0,0,0,0,0,0,0,1,0,1,0,0,1,0,0,1,0
4389-UEFCZ,0,1.61370124044339,1.35397594521643,2.3231030977387,0,1,0,1,0,1,1,0,0,1,0,0,0,1,0,0,0,1,0,1,0,1,1,0,1,0,0
8711-LOBKY,0,1.084336512083,-1.49268231606814,-0.48283179759877,1,1,1,1,0,0,0,1,1,0,1,0,1,0,1,0,1,0,1,0,0,1,0,0,0,1,0
9134-CEQMF,1,-1.03312240135858,0.822200905163265,-0.708670761640761,1,1,0,1,0,0,1,0,0,0,0,0,0,0,0,0,0,1,0,1,0,0,1,0,1,0,1
8985-OOPOS,0,-1.27744458367877,0.310367429112099,-0.974706456551726,0,0,0,1,0,0,0,0,0,0,0,0,0,1,0,1,0,1,0,1,1,0,0,1,0,0,0
8800-ZKRFW,0,-0.0965540357978854,1.42044782522307,0.424077970524112,0,1,1,1,0,1,1,0,0,0,0,1,0,1,0,1,0,1,0,1,0,0,1,0,1,0,0
2616-FLVQC,0,1.28793833068315,-1.50265309806914,-0.459918998783837,1,0,0,1,0,0,0,1,1,0,1,0,1,0,1,0,1,0,1,0,0,1,0,0,0,1,0
9968-FFVVH,0,1.24721796696312,0.13421694709449,0.807657647794924,1,0,0,1,0,1,0,0,0,1,0,1,0,1,0,1,0,0,0,0,1,0,0,0,0,0,0
3108-PCCGG,1,1.61370124044339,0.654359408146487,1.59724417343094,1,1,0,1,0,1,0,0,0,1,0,1,0,1,0,0,0,1,0,1,0,1,0,1,0,0,0
7993-PYKOF,0,-0.992402037638553,0.34027977511509,-0.727985500526182,1,1,0,1,0,0,1,0,0,1,0,0,0,0,0,0,0,0,0,0,0,0,0,0,1,0,1
8390-FESFV,0,1.20649760324309,0.656021205146653,1.28527251095361,0,0,0,1,0,1,0,0,0,0,0,1,0,1,0,1,0,1,0,1,0,1,0,0,0,0,0
3022-BEXHZ,0,1.41009942184324,1.54342080323536,2.31727556509213,1,1,1,1,0,1,1,0,0,0,0,1,0,1,0,1,0,1,0,1,0,1,1,0,0,0,0
5027-XWQHA,0,-1.07384276507861,-0.665107409985415,-0.88780116856098,1,0,0,1,0,0,0,0,0,0,0,0,0,0,0,0,0,0,0,0,0,0,0,0,1,0,1
6248-TKCQV,0,1.53226051300333,0.526401039133695,1.40314760312293,0,1,1,1,0,1,0,0,0,1,0,0,0,0,0,1,0,1,0,1,0,1,1,0,0,0,0
6729-GDNGC,1,-0.503757672998189,0.529724633134028,-0.294783499810311,0,0,0,1,0,0,1,0,0,0,0,0,0,0,0,0,0,1,0,0,0,0,0,0,0,0,0
6198-ZFIOJ,0,-1.11456312879864,0.360221339117083,-0.829724507980932,0,0,0,1,0,1,1,0,0,0,0,0,0,0,0,0,0,0,0,0,0,0,0,0,1,0,0
5989-OMNJE,0,-0.340876218118068,-0.238025580942721,-0.4035861832003,0,1,1,0,1,0,0,0,0,1,0,1,0,1,0,0,0,1,0,1,1,0,0,0,1,0,0
4566-QVRRW,0,-0.870240946478462,-0.688372567987741,-0.79387635260959,0,1,0,1,0,0,0,0,0,0,0,0,0,0,0,0,0,0,0,0,0,0,1,0,1,0,1
1291-CUOCY,0,1.61370124044339,1.52347923923337,2.50772992749603,1,1,0,1,0,1,1,0,0,0,0,1,0,1,0,1,0,1,0,1,0,1,1,1,0,0,0
9795-SHUHB,0,1.36937905812321,-0.218084016940727,0.674970910148906,0,1,1,1,0,0,0,0,0,1,0,1,0,0,0,1,0,0,0,0,0,1,1,1,0,0,0
3230-IUALN,0,0.51425142000257,0.539695415135025,0.552592724570879,0,1,1,1,0,0,0,0,0,1,0,0,0,1,0,1,0,1,0,1,0,1,1,0,0,1,0
0042-RLHYP,0,1.4915401492833,-1.49766770706864,-0.390717048605785,0,1,1,1,0,0,0,1,1,0,1,0,1,0,1,0,1,0,1,0,0,1,0,0,0,0,0
8519-IMDHU,1,-0.707359491598341,0.692580739150308,-0.413387033560445,1,1,0,1,0,1,1,0,0,0,0,0,0,0,0,0,0,0,0,1,0,0,1,0,0,0,1
4945-RVMTE,0,-0.177994763237946,-0.173215497936242,-0.280545778003344,0,0,0,1,0,0,0,0,0,0,0,0,0,1,0,0,0,1,0,0,0,0,1,0,0,0,0
0201-OAMXR,0,1.53226051300333,1.68799714224982,2.58075067747657,0,0,0,1,0,1,1,0,0,1,0,1,0,1,0,1,0,1,0,1,1,0,0,1,0,0,1
1866-NXPSP,0,0.147768146522297,0.358559542116917,0.175811835387735,0,0,0,1,0,0,0,0,0,1,0,1,0,1,0,1,0,0,0,1,1,0,1,0,0,1,0
3372-KWFBM,1,-0.66663912787831,0.72581667915363,-0.441884551161678,1,0,0,1,0,1,1,0,0,0,0,0,0,0,0,0,0,1,0,0,0,0,1,0,1,0,1
7831-QGOXH,0,-0.58519840043825,0.679286363148979,-0.321404728491246,0,0,0,1,0,1,1,0,0,0,0,0,0,0,0,0,0,1,0,0,0,0,1,0,1,0,1
6393-WRYZE,0,0.066327419082236,1.09307381619034,0.408648253403073,0,1,0,1,0,1,1,0,0,0,0,0,0,0,0,0,0,1,0,1,0,0,1,0,1,0,1
3941-XTSKM,0,0.392090328842479,-0.653474830984252,-0.102806032282876,1,1,1,0,1,0,0,0,0,0,0,1,0,1,0,0,0,0,0,1,1,0,1,1,0,0,0
1661-CZBAU,0,0.636412511162661,0.205674218101634,0.594798188283936,1,0,0,1,0,1,0,0,0,1,0,0,0,0,0,1,0,0,0,1,1,0,1,0,0,0,0
6599-RCLCJ,0,0.595692147442631,1.48858150222988,1.25496492639398,1,1,0,1,0,1,1,0,0,0,0,1,0,1,0,1,0,1,0,1,0,0,1,0,1,0,1
9831-BPFRI,0,0.269929237682388,0.823862702163431,0.526479197597789,0,1,1,1,0,1,1,0,0,0,0,1,0,1,0,1,0,0,0,0,1,0,1,0,1,0,1
5158-RIVOP,0,-0.870240946478462,-1.45778457906466,-0.918108753120618,0,1,1,1,0,0,0,1,1,0,1,0,1,0,1,0,1,0,1,0,0,1,0,1,0,0,0
9788-YTFGE,0,-1.03312240135858,-1.48935872206781,-0.942301843198814,1,0,0,1,0,0,0,1,1,0,1,0,1,0,1,0,1,0,1,0,0,0,1,0,0,1,0
9277-JOOMO,0,-1.1960038562387,-1.33481160105236,-0.969298329663808,0,0,0,1,0,1,0,1,1,0,1,0,1,0,1,0,1,0,1,0,0,0,0,0,0,1,0
1907-YLNYW,0,-0.992402037638553,0.0644214730875134,-0.751803332820319,1,0,0,1,0,0,0,0,0,1,0,0,0,1,0,0,0,0,0,1,0,0,1,0,1,0,0
1725-MIMXW,0,-1.27744458367877,-1.50597669206947,-0.998833324668029,1,0,1,1,0,0,0,1,1,0,1,0,1,0,1,0,1,0,1,0,0,0,1,0,0,1,1
8947-YRTDV,0,-0.0151133083578247,0.998351387180874,0.375095792710684,1,1,1,1,0,0,1,0,0,1,0,1,0,1,0,0,0,0,0,1,1,0,0,0,0,1,0
3161-ONRWK,0,1.12505687580303,0.036170924084689,0.726844780298323,1,1,1,1,0,0,0,0,0,1,0,1,0,1,0,1,0,0,0,0,1,0,1,0,0,0,0
0114-RSRRW,0,-0.910961310198492,-1.48935872206781,-0.924532283424227,0,1,0,1,0,0,0,1,1,0,1,0,1,0,1,0,1,0,1,0,0,0,1,0,0,0,0
4565-NLZBV,0,1.57298087672336,-1.3331498040522,-0.252423518186171,0,1,0,1,0,1,0,1,1,0,1,0,1,0,1,0,1,0,1,0,0,1,1,0,0,0,0
0031-PVLZI,0,-1.15528349251868,-1.47606434606648,-0.973713127123333,0,1,1,1,0,0,0,1,1,0,1,0,1,0,1,0,1,0,1,0,0,0,0,0,0,1,1
7206-GZCDC,1,-1.27744458367877,0.149173120095986,-0.976847633319596,0,0,0,1,0,0,1,0,0,0,0,0,0,0,0,0,0,0,0,0,0,0,1,0,1,0,1
6682-VCIXC,0,0.432810692562509,-0.449073799963819,-0.0575322843354488,0,1,1,0,1,0,0,0,0,1,0,1,0,0,0,1,0,1,0,0,1,0,1,0,0,0,0
4791-QRGMF,0,1.084336512083,1.15456030519649,1.62428480787052,1,1,0,1,0,1,1,0,0,0,0,0,0,1,0,0,0,1,0,1,1,0,1,0,0,0,1
6475-VHUIZ,0,-0.381596581838098,-0.349365979953851,-0.468130522058553,0,1,0,1,0,0,0,0,0,0,0,0,0,1,0,1,0,0,0,0,0,0,0,0,1,0,0
3910-MRQOY,0,1.61370124044339,-1.50763848906964,-0.346767739896216,0,1,0,1,0,0,0,1,1,0,1,0,1,0,1,0,1,0,1,0,0,1,0,0,0,0,0
0661-WCQNQ,0,-0.422316945558128,-0.282894099947206,-0.43693997800701,1,1,0,1,0,0,0,0,0,1,0,0,0,0,0,1,0,0,0,0,1,0,1,1,0,0,0
7537-RBWEA,0,-1.27744458367877,-1.31653183405053,-0.9963168901161,0,0,0,0,1,0,0,0,0,0,0,0,0,0,0,0,0,0,0,0,0,0,1,0,0,1,0
4656-CAURT,0,1.4915401492833,-1.35641496205452,-0.251121152935611,1,0,0,1,0,1,0,1,1,0,1,0,1,0,1,0,1,0,1,0,0,1,0,0,0,0,0
0121-SNYRK,0,0.717853238602722,-0.97586344901648,-0.235316178030512,1,0,0,0,1,0,0,0,0,1,0,0,0,0,0,1,0,0,0,0,1,0,1,0,0,1,0
1768-ZAIFU,1,-1.27744458367877,-1.31487003705037,-0.996294816128802,0,0,0,0,1,0,0,0,0,0,0,0,0,0,0,0,0,0,0,0,0,0,1,0,1,0,1
4671-LXRDQ,0,-1.23672421995873,-0.656798424984584,-0.964839384229688,1,0,0,1,0,0,0,0,0,0,0,0,0,0,0,0,0,0,0,0,0,0,1,0,0,1,1
3733-LSYCE,0,-0.707359491598341,0.351912354116252,-0.515368854875468,0,1,0,1,0,0,1,0,0,0,0,1,0,0,0,0,0,0,0,0,0,0,0,0,0,0,0
6265-FRMTQ,0,-0.0558336720778551,-1.47440254906632,-0.738514792467149,1,0,0,1,0,0,0,1,1,0,1,0,1,0,1,0,1,0,1,0,0,1,0,0,0,0,0
1934-SJVJK,0,-1.27744458367877,-1.48271153406715,-0.998524288845862,1,0,0,1,0,0,0,1,1,0,1,0,1,0,1,0,1,0,1,0,0,0,0,0,0,1,1
3838-OZURD,0,1.36937905812321,1.33735797521476,2.14176529208872,1,1,0,1,0,1,1,0,0,0,0,1,0,1,0,0,0,1,0,1,0,0,1,1,0,0,1
1371-DWPAZ,0,-1.3181649473988,-0.289541287947871,-0.390463197751863,0,1,1,0,1,0,0,0,0,1,0,1,0,1,0,1,0,1,0,0,0,1,0,1,0,0,0
9269-CQOOL,0,-1.1960038562387,-0.334409806952356,-0.932611362775157,1,0,1,1,0,0,0,0,0,0,0,0,0,0,0,0,0,1,0,0,0,0,1,1,0,0,1
2017-CCBLH,0,-0.992402037638553,-1.48769692506765,-0.944906573699934,0,0,0,1,0,0,0,1,1,0,1,0,1,0,1,0,1,0,1,0,0,1,0,0,0,1,0
7690-KPNCU,0,1.28793833068315,0.275469692108611,1.06252390513329,1,1,1,1,0,0,0,0,0,1,0,0,0,1,0,0,0,1,0,1,1,0,1,1,0,0,0
0536-BGFMZ,0,-0.177994763237946,-1.47107895506598,-0.758844934768261,0,1,0,1,0,0,0,1,1,0,1,0,1,0,1,0,1,0,1,0,0,0,0,0,0,1,0
2293-IJWPS,0,1.00289578464293,1.19610523020064,1.63483617379879,0,1,0,1,0,1,1,0,0,0,0,0,0,1,0,0,0,1,0,1,1,0,1,1,0,0,0
2845-HSJCY,0,-0.748079855318371,0.74742004015579,-0.451773697471013,0,1,1,1,0,1,1,0,0,0,0,0,0,1,0,0,0,0,0,1,0,0,1,0,1,0,1
5469-NUJUR,0,-0.544478036718219,-1.48935872206781,-0.842527420613553,1,0,0,1,0,0,0,1,1,0,1,0,1,0,1,0,1,0,1,0,0,1,1,0,0,1,0
1184-PJVDB,0,-0.910961310198492,0.504797678131536,-0.628983667496339,1,1,0,1,0,0,1,0,0,0,0,0,0,0,0,0,0,1,0,0,0,0,1,0,1,0,1
2625-TRCZQ,0,0.758573602322752,-0.502251303969135,0.11983220360096,0,1,0,0,1,0,0,0,0,0,0,1,0,0,0,0,0,1,0,1,0,0,1,0,1,0,0
4102-HLENU,0,1.41009942184324,0.0295237360840249,0.901030614063874,0,1,0,1,0,1,0,0,0,1,0,1,0,1,0,0,0,0,0,0,0,1,0,0,0,1,0
7266-GSSJX,0,-0.870240946478462,-1.47274075206615,-0.896696985441923,1,1,1,1,0,0,0,1,1,0,1,0,1,0,1,0,1,0,1,0,0,0,1,0,1,0,0
7722-VJRQD,0,1.61370124044339,-0.126685181931591,1.00089333259832,1,1,1,0,1,0,0,0,0,1,0,0,0,1,0,1,0,1,0,1,0,1,0,0,0,0,0
7073-QETQY,0,1.36937905812321,-1.47606434606648,-0.407228391104408,1,1,1,1,0,0,0,1,1,0,1,0,1,0,1,0,1,0,1,0,1,0,1,0,1,0,0
9415-DPEWS,0,-0.58519840043825,0.783979574159444,-0.283702358186904,0,0,0,1,0,1,1,0,0,0,0,0,0,0,0,1,0,1,0,0,0,0,1,0,1,0,1
5624-RYAMH,0,-0.951681673918523,-1.50431489506931,-0.928461453163204,0,0,0,1,0,0,0,1,1,0,1,0,1,0,1,0,1,0,1,0,0,0,1,0,1,0,0
0196-JTUQI,0,-0.951681673918523,0.346926963115754,-0.727588168754825,0,0,0,1,0,1,1,0,0,0,0,0,0,0,0,0,0,0,0,0,0,0,1,1,0,0,0
7130-YXBRO,0,0.636412511162661,1.55172978823619,1.33908889198522,1,1,0,1,0,1,1,0,0,1,0,1,0,1,0,0,0,1,0,1,0,0,1,0,0,0,0
9272-LSVYH,0,-0.910961310198492,0.179085466098976,-0.682711752578756,1,0,0,1,0,0,1,0,0,0,0,0,0,0,0,0,0,0,0,0,0,0,0,0,0,1,0
7943-RQCHR,0,-0.951681673918523,0.996689590180708,-0.614547279803693,0,0,0,1,0,1,1,0,0,0,0,0,0,0,0,0,0,1,0,1,0,0,1,0,1,0,1
3793-MMFUH,1,-0.788800219038401,1.0066603721817,-0.437911233448106,0,0,0,1,0,1,1,0,0,0,0,0,0,0,0,0,0,1,0,1,0,0,1,0,1,0,1
3249-ZPQRG,0,-1.15528349251868,0.454943768126552,-0.861709715575189,1,0,0,1,0,1,1,0,0,0,0,1,0,0,0,0,0,0,0,0,0,0,0,0,1,0,1
2568-BRGYX,0,-1.15528349251868,0.180747263099142,-0.902370000177412,1,0,0,1,0,0,1,0,0,0,0,0,0,0,0,0,0,0,0,0,0,0,1,0,1,0,1
3084-DOWLE,0,1.61370124044339,0.905290755171572,1.85089636146793,0,1,0,1,0,1,0,0,0,1,0,1,0,1,0,1,0,1,0,1,0,1,0,0,0,0,0
1084-MNSMJ,0,0.758573602322752,0.689257145149976,0.944781256887764,0,1,1,1,0,0,0,0,0,1,0,1,0,1,0,1,0,1,0,1,0,1,0,1,0,0,0
7721-JXEAW,0,1.084336512083,-0.788080387997708,0.0753972671708429,1,1,0,0,1,0,0,0,0,0,0,1,0,0,0,0,0,0,0,1,0,0,1,0,0,0,1
7249-WBIYX,0,-0.910961310198492,0.692580739150308,-0.648121814483379,1,1,0,1,0,1,1,0,0,0,0,0,0,0,0,0,0,1,0,0,0,0,1,0,1,0,1
4238-HFHSN,1,1.16577723952306,0.577916746138846,1.15797182620822,1,1,0,1,0,1,1,0,0,0,0,1,0,0,0,0,0,0,0,0,0,0,1,0,1,0,0
6250-CGGUN,0,0.880734693482843,0.652697611146321,0.972197149111413,1,0,0,1,0,0,1,0,0,1,0,0,0,1,0,1,0,0,0,0,1,0,0,0,1,0,0
5478-JJVZK,0,0.0256070553622056,-0.128346978931757,-0.109516524421353,0,0,0,1,0,1,0,0,0,1,0,1,0,0,0,0,0,0,0,0,0,0,1,0,0,1,0
7596-IIWYC,0,-0.218715126957977,-1.47938794006682,-0.76981570645518,0,0,0,1,0,0,0,1,1,0,1,0,1,0,1,0,1,0,1,0,0,1,1,0,0,0,0
6567-HOOPW,1,-1.27744458367877,0.479870723129044,-0.972454909847368,0,0,0,1,0,0,1,0,0,0,0,0,0,0,0,0,0,1,0,0,0,0,1,0,1,0,1
9793-WECQC,0,-0.381596581838098,1.01496935718254,-0.0392991708276113,1,0,0,1,0,0,1,0,0,0,0,1,0,0,0,0,0,1,0,1,0,0,0,0,0,1,0
4291-HPAXL,0,-1.27744458367877,-1.49268231606814,-0.998656732769648,1,0,1,1,0,0,0,1,1,0,1,0,1,0,1,0,1,0,1,0,0,0,0,0,0,1,0
8999-YPYBV,0,0.51425142000257,0.651035814146155,0.695830828145161,1,1,1,1,0,0,0,0,0,1,0,1,0,1,0,1,0,1,0,1,0,1,1,0,0,1,0
1839-FBNFR,0,0.269929237682388,-1.49268231606814,-0.630043218886625,0,1,1,1,0,0,0,1,1,0,1,0,1,0,1,0,1,0,1,0,0,1,1,0,0,0,0
3164-AALRN,0,-1.11456312879864,0.174100075098477,-0.854050041982913,1,0,0,1,0,0,0,0,0,0,0,0,0,1,0,0,0,1,0,1,1,0,1,0,0,1,1
3071-MVJCD,0,1.61370124044339,0.582902137139344,1.55985083894876,1,1,1,1,0,1,0,0,0,1,0,1,0,1,0,1,0,1,0,0,0,1,0,0,0,0,0
1697-BCSHV,0,1.04361614836296,0.0677450670878454,0.745431077602922,0,1,1,1,0,1,0,0,0,0,0,1,0,0,0,0,0,1,0,0,0,0,1,0,0,0,0
0562-KBDVM,0,1.53226051300333,-0.670092800985913,0.342691179357772,0,0,0,0,1,0,0,0,0,1,0,1,0,1,0,1,0,0,0,0,0,1,1,0,0,0,0
1131-SUEKT,0,1.16577723952306,1.119662568193,1.70556122910037,1,1,1,1,0,0,1,0,0,0,0,1,0,0,0,1,0,1,0,1,1,0,1,0,0,0,0
3717-OEAUQ,0,-1.23672421995873,0.197365233100803,-0.950380922549744,1,0,0,1,0,0,1,0,0,0,0,0,0,0,0,0,0,0,0,0,0,0,0,0,0,1,0
4538-WNTMJ,0,0.5549717837226,-1.3231790220512,-0.492698869920808,0,1,1,1,0,1,0,1,1,0,1,0,1,0,1,0,1,0,1,0,1,0,0,0,0,1,0
3334-CTHOL,0,-1.27744458367877,-0.492280521968138,-0.985368192416478,0,0,0,1,0,1,0,0,0,0,0,0,0,0,0,0,0,0,0,0,0,0,1,0,0,0,1
4704-ERYFC,0,-0.422316945558128,0.149173120095986,-0.321360580516651,0,1,0,1,0,0,1,0,0,0,0,0,0,0,0,0,0,0,0,0,0,0,1,0,1,0,1
9432-RUVSL,0,0.636412511162661,1.25426812520646,1.15770693836065,0,0,0,1,0,0,1,0,0,1,0,0,0,1,0,1,0,1,0,1,0,1,1,1,0,0,0
8060-HIWJJ,0,1.28793833068315,0.724154882153464,1.47923663733784,1,0,0,1,0,1,0,0,0,0,0,1,0,1,0,1,0,1,0,1,0,1,0,1,0,0,0
7684-XSZIY,0,1.61370124044339,-1.34478238305336,-0.281958513190392,1,1,1,1,0,1,0,1,1,0,1,0,1,0,1,0,1,0,1,0,0,1,0,0,0,0,0
9089-UOWJG,0,-0.829520582758432,-0.213098625940229,-0.680482279861696,0,1,1,1,0,0,0,0,0,0,0,0,0,1,0,0,0,1,0,0,0,0,1,1,0,0,0
8621-MNIHH,1,0.066327419082236,0.980071620179047,0.413063050862597,0,1,0,1,0,1,1,0,0,0,0,1,0,1,0,0,0,0,0,1,0,0,1,0,1,0,1
8039-ACLPL,0,1.61370124044339,0.132555150094324,1.15062118843811,0,1,1,1,0,0,0,0,0,1,0,1,0,1,0,0,0,0,0,1,0,1,0,1,0,0,0
9885-AIBVB,0,-0.137274399517916,0.699227927150972,0.0699008443337346,1,1,0,1,0,1,1,0,0,0,0,1,0,1,0,0,0,0,0,0,0,0,1,0,1,0,0
1934-MKPXS,0,0.0256070553622056,-1.48437333106731,-0.733459849375993,1,1,1,1,0,0,0,1,1,0,1,0,1,0,1,0,1,0,1,0,1,0,0,1,0,0,0
2592-YKDIF,0,-1.27744458367877,-1.47606434606648,-0.998435992896672,0,0,0,1,0,0,0,1,1,0,1,0,1,0,1,0,1,0,1,0,0,0,0,0,0,1,0
2272-JKMSI,0,1.20649760324309,1.53012642723403,2.01272076234681,0,1,1,1,0,1,1,0,0,0,0,1,0,1,0,1,0,1,0,1,1,0,1,0,1,0,0
0471-LVHGK,0,0.351369965122448,0.273807895108445,0.317548907825778,1,1,0,1,0,1,0,0,0,0,0,0,0,1,0,0,0,1,0,1,1,0,1,0,1,0,1
9518-RWHZL,0,1.28793833068315,1.17284007219832,1.7536825214092,0,0,0,1,0,1,1,0,0,0,0,0,0,1,0,0,0,1,0,1,1,0,1,1,0,0,1
8714-CTZJW,0,-1.15528349251868,0.601181904141171,-0.866323178920392,0,0,0,1,0,0,1,0,0,0,0,0,0,1,0,0,0,0,0,1,0,0,1,1,0,0,0
3569-EDBPQ,0,-0.340876218118068,0.651035814146155,-0.151810284083601,0,0,0,1,0,1,1,0,0,1,0,0,0,0,0,1,0,0,0,0,0,0,1,0,1,0,0
3131-NWVFJ,0,-0.748079855318371,-1.50265309806914,-0.877404320543799,0,1,1,1,0,0,0,1,1,0,1,0,1,0,1,0,1,0,1,0,1,0,0,0,0,1,0
7521-YXVZY,0,-1.1960038562387,-1.48935872206781,-0.981681836537775,1,0,1,1,0,0,0,1,1,0,1,0,1,0,1,0,1,0,1,0,0,0,0,0,0,1,0
5419-CONWX,1,-1.15528349251868,1.16453108719749,-0.811910800231749,0,0,0,1,0,0,1,0,0,0,0,1,0,1,0,0,0,1,0,1,0,0,1,1,0,0,1
6240-EURKS,0,-0.58519840043825,-0.989157825017809,-0.763281806215083,0,0,1,0,1,0,0,0,0,0,0,0,0,0,0,0,0,0,0,1,0,0,1,0,1,0,1
2373-NTKOD,0,-0.992402037638553,0.0494653000860182,-0.766173498551072,1,0,0,1,0,0,0,0,0,0,0,0,0,0,0,0,0,1,0,1,0,0,1,0,1,0,0
1970-KKFWL,0,0.107047782802266,-1.37801832305668,-0.655516600228083,0,0,0,1,0,1,0,1,1,0,1,0,1,0,1,0,1,0,1,0,0,1,0,0,0,0,0
6960-HVYXR,0,-1.27744458367877,0.373515715118412,-0.973867645034416,0,0,0,1,0,1,1,0,0,0,0,0,0,0,0,0,0,0,0,0,0,0,0,0,1,0,1
9337-SRRNI,0,1.36937905812321,-1.31154644305004,-0.268471306951544,1,0,1,1,0,1,0,1,1,0,1,0,1,0,1,0,1,0,1,0,0,1,1,1,0,0,0
0895-UADGO,0,-0.992402037638553,-0.671754597986079,-0.855793886979425,1,0,1,0,1,0,0,0,0,1,0,0,0,0,0,1,0,0,0,1,0,1,1,0,0,1,0
5678-VFNEQ,0,1.57298087672336,1.30744562921177,2.26493814120946,0,1,0,1,0,1,1,0,0,1,0,0,0,1,0,0,0,1,0,1,1,0,1,1,0,0,0
5977-CKHON,0,0.432810692562509,0.923570522173399,0.775716588175262,0,1,1,1,0,1,1,0,0,0,0,0,0,1,0,0,0,0,0,1,0,0,1,0,0,0,0
7024-OHCCK,1,-1.23672421995873,0.966777244177718,-0.931993291130824,0,0,0,1,0,1,1,0,0,0,0,0,0,0,0,0,0,1,0,1,0,0,1,0,1,0,1
2692-BUCFV,1,-0.137274399517916,1.21937038820297,0.294327073188678,1,0,0,1,0,0,1,0,0,0,0,1,0,1,0,0,0,1,0,1,0,0,1,0,0,0,0
7861-UVUFT,0,-0.707359491598341,0.649374017145989,-0.42978800612258,0,1,0,1,0,0,1,0,0,0,0,0,0,1,0,0,0,1,0,0,0,0,1,0,1,0,1
1830-GGFNM,0,1.32865869440318,0.990042402180044,1.67622489998183,1,1,1,1,0,1,1,0,0,1,0,1,0,1,0,1,0,0,0,0,0,1,0,1,0,0,0
5302-BDJNT,0,0.107047782802266,1.0216165451832,0.501645961887962,1,0,0,1,0,1,1,0,0,0,0,0,0,1,0,1,0,1,0,0,0,0,0,0,1,0,0
5223-UZAVK,0,1.28793833068315,1.18114905719915,1.90802384059418,1,0,0,1,0,0,1,0,0,1,0,1,0,0,0,0,0,1,0,1,1,0,1,1,0,0,0
4859-ZSRDZ,0,1.04361614836296,-0.307821054949698,0.390702101730104,0,1,1,0,1,0,0,0,0,0,0,0,0,1,0,1,0,1,0,1,0,1,1,1,0,0,0
5651-WYIPH,1,-0.58519840043825,-0.49560411596847,-0.625209015668445,0,0,0,1,0,0,0,0,0,0,0,1,0,0,0,0,0,0,0,0,0,0,1,1,0,0,0
9350-VLHMB,0,1.41009942184324,0.823862702163431,1.80617446320295,1,1,1,1,0,1,1,0,0,0,0,1,0,0,0,0,0,0,0,1,0,0,1,0,0,0,0
3498-LZGQZ,0,1.24721796696312,-1.51594747407047,-0.487776370753438,1,1,1,1,0,0,0,1,1,0,1,0,1,0,1,0,1,0,1,0,0,1,1,0,0,1,0
8785-CJSHH,0,1.12505687580303,1.16453108719749,1.63516728360825,0,1,0,1,0,1,1,0,0,0,0,1,0,0,0,0,0,1,0,1,0,0,1,0,1,0,0
5357-TZHPP,1,-0.951681673918523,0.652697611146321,-0.684036191816613,1,0,0,1,0,1,1,0,0,0,0,0,0,0,0,0,0,0,0,1,0,0,1,1,0,0,1
3870-SPZSI,0,1.53226051300333,1.60490729224151,2.46660608916056,0,1,1,1,0,1,1,0,0,1,0,1,0,1,0,1,0,1,0,1,0,1,1,1,0,0,0
0680-DFNNY,0,-0.707359491598341,1.20773780920181,-0.343412493826977,1,1,0,1,0,1,1,0,0,0,0,0,0,1,0,0,0,1,0,1,0,0,1,0,1,0,1
7560-QRBXH,0,0.636412511162661,-1.48935872206781,-0.593886027693117,0,0,1,1,0,0,0,1,1,0,1,0,1,0,1,0,1,0,1,0,1,0,0,0,0,1,0
7077-XJMET,0,-0.829520582758432,0.312029226112266,-0.680107022077636,1,1,0,1,0,0,0,0,0,0,0,0,0,1,0,1,0,1,0,1,0,0,1,0,1,0,0
8752-GHJFU,1,1.57298087672336,0.905290755171572,1.89981231731947,1,1,0,1,0,1,1,0,0,1,0,1,0,1,0,1,0,0,0,0,1,0,1,0,1,0,0
6896-SRVYQ,1,0.473531056282539,0.302058444111269,0.371056253035219,1,0,0,1,0,0,1,0,0,0,0,0,0,1,0,0,0,0,0,0,0,0,0,0,1,0,0
7767-UXAGJ,0,-1.27744458367877,-0.475662551966477,-0.985147452543502,1,0,0,1,0,1,0,0,0,0,0,0,0,0,0,0,0,0,0,0,0,0,1,0,1,0,1
4652-ODEVH,0,0.51425142000257,-1.33979699205286,-0.526979772194018,1,1,1,1,0,1,0,1,1,0,1,0,1,0,1,0,1,0,1,0,0,1,0,0,0,1,0
6510-UPNKS,0,-0.381596581838098,-1.3281644130517,-0.735755544054946,0,0,0,1,0,1,0,1,1,0,1,0,1,0,1,0,1,0,1,0,1,0,0,1,0,0,0
6718-BDGHG,0,0.432810692562509,0.00293498408136655,0.276491291452198,0,1,0,1,0,1,0,0,0,0,0,0,0,0,0,1,0,1,0,0,1,0,1,0,0,0,0
9046-DQMTP,0,0.107047782802266,-1.46276997006515,-0.680769241696565,1,0,0,1,0,0,0,1,1,0,1,0,1,0,1,0,1,0,1,0,0,0,0,0,0,0,0
6439-LAJXL,0,-0.951681673918523,0.139202338094989,-0.745247358592925,1,1,0,1,0,0,0,0,0,1,0,1,0,0,0,1,0,1,0,0,0,0,1,0,0,1,0
1571-SAVHK,0,-0.829520582758432,1.16951647819798,-0.507333923499133,1,0,0,1,0,1,1,0,0,0,0,0,0,0,0,1,0,1,0,1,0,0,1,0,0,1,1
9052-VKDUW,1,1.32865869440318,1.48359611122938,2.18335268415745,0,1,0,1,0,1,1,0,0,1,0,1,0,1,0,0,0,1,0,1,0,0,1,1,0,0,0
9546-CQJSU,0,-1.23672421995873,0.885349191169578,-0.921949626910405,0,0,0,1,0,1,1,0,0,0,0,0,0,1,0,0,0,1,0,0,0,0,1,0,1,0,1
1666-JZPZT,0,-0.218715126957977,-0.523854664971294,-0.43731523579107,1,0,0,1,0,1,0,0,0,0,0,0,0,0,0,0,0,0,0,0,0,0,0,0,0,1,0
5777-KJIRB,0,0.310649601402418,-0.482309739967141,-0.114063765804664,0,0,0,1,0,0,0,0,0,0,0,0,0,1,0,0,0,0,0,0,1,0,1,0,0,1,0
0506-LVNGN,1,-1.11456312879864,0.358559542116917,-0.85305671255452,0,0,0,1,0,0,1,0,0,0,0,0,0,1,0,0,0,0,0,0,0,0,1,1,0,0,1
7677-SJJJK,0,-0.992402037638553,-1.49102051906798,-0.939454298837421,1,1,1,1,0,0,0,1,1,0,1,0,1,0,1,0,1,0,1,0,1,0,0,1,0,0,0
2480-EJWYP,1,1.04361614836296,1.09805920719084,1.40252953147859,0,1,0,1,0,1,1,0,0,0,0,1,0,0,0,0,0,1,0,1,1,0,1,0,0,0,0
3253-HKOKL,0,0.799293966042782,1.18114905719915,1.30789834793368,0,1,1,1,0,0,1,0,0,1,0,0,0,1,0,0,0,1,0,1,1,0,0,0,1,0,0
7055-HNEOJ,0,-1.1960038562387,-0.297850272948702,-0.939189410989849,1,1,0,1,0,0,0,0,0,0,0,0,0,1,0,1,0,0,0,0,0,0,1,0,0,1,0
5514-YQENT,0,0.351369965122448,1.5417590062352,0.982395331242915,1,0,1,1,0,0,1,0,0,1,0,1,0,1,0,1,0,1,0,1,0,1,1,0,1,0,0
3211-AAPKX,0,-0.503757672998189,1.12298616219333,-0.110355335938663,1,0,0,1,0,1,1,0,0,0,0,0,0,0,0,1,0,1,0,1,0,0,1,0,0,1,0
8445-DNBAE,0,-1.27744458367877,-0.488956927967806,-0.985324044441883,1,0,1,1,0,1,0,0,0,0,0,0,0,0,0,0,0,0,0,0,0,0,1,0,1,0,0
2951-QOQTK,0,-1.15528349251868,0.53304822713436,-0.860650164184903,1,0,1,1,0,1,1,0,0,0,0,0,0,0,0,1,0,0,0,0,0,0,0,1,0,0,1
2958-NHPPS,0,-0.381596581838098,-1.45944637606482,-0.798202854119924,1,0,0,1,0,0,0,1,1,0,1,0,1,0,1,0,1,0,1,0,0,0,0,0,1,0,0
6806-YDEUL,1,-1.07384276507861,-1.50431489506931,-0.96027006885908,0,0,0,1,0,0,0,1,1,0,1,0,1,0,1,0,1,0,1,0,0,0,0,0,0,0,0
1735-XMJVH,0,-0.992402037638553,-1.50930028606981,-0.940050296494456,1,1,1,1,0,0,0,1,1,0,1,0,1,0,1,0,1,0,1,0,0,0,1,0,0,1,0
6890-PFRQX,0,-0.58519840043825,0.157482105096816,-0.4779092984314,1,0,0,1,0,1,0,0,0,1,0,0,0,1,0,0,0,1,0,0,0,0,0,0,0,1,0
0222-CNVPT,1,0.799293966042782,-0.530501852971959,0.120582719169079,1,0,0,0,1,0,0,0,0,1,0,0,0,0,0,0,0,1,0,1,0,0,1,1,0,0,0
5899-OUVKV,0,-0.0558336720778551,0.988380605179878,0.307836353414824,1,0,0,1,0,0,1,0,0,0,0,1,0,0,0,0,0,1,0,1,0,0,1,0,1,0,0
8681-ICONS,0,-0.137274399517916,-1.46609356406549,-0.718317094089823,1,1,1,1,0,0,0,1,1,0,1,0,1,0,1,0,1,0,1,0,0,0,1,0,0,1,0
1621-YNCJH,0,0.147768146522297,1.37225571221825,0.685389832153385,0,1,0,1,0,1,1,0,0,1,0,1,0,1,0,1,0,0,0,1,0,1,1,1,0,0,0
3473-XIIIT,0,-0.66663912787831,1.17117827519815,-0.329859065626236,0,1,0,1,0,1,1,0,0,0,0,1,0,0,0,0,0,1,0,1,0,0,1,0,1,0,1
6362-QHAFM,0,0.392090328842479,1.44703657722573,1.01727223117316,1,1,0,1,0,1,1,0,0,0,0,0,0,1,0,1,0,1,0,1,1,0,1,0,1,0,0
7893-IXHRQ,0,-1.27744458367877,-1.46941715806582,-0.998347696947481,1,0,0,1,0,0,0,1,1,0,1,0,1,0,1,0,1,0,1,0,0,0,0,0,1,0,1
3070-BDOQC,0,1.12505687580303,1.15954569619699,1.61543313896418,0,0,0,1,0,0,1,0,0,0,0,1,0,1,0,0,0,1,0,1,0,1,1,0,1,0,0
2952-QAYZF,0,-1.11456312879864,0.682609957149311,-0.82016647148106,1,0,0,1,0,1,1,0,0,0,0,1,0,1,0,0,0,0,0,0,0,0,1,0,1,0,1
6234-PFPXL,0,-0.422316945558128,1.03491092118453,-0.0207349475103096,1,1,0,1,0,1,1,0,0,1,0,0,0,0,0,1,0,1,0,0,0,0,0,1,0,0,0
9824-QCJPK,0,0.147768146522297,-1.48769692506765,-0.713063485112989,1,1,0,1,0,0,0,1,1,0,1,0,1,0,1,0,1,0,1,0,1,0,0,0,0,1,0
4763-PGDPO,0,-1.15528349251868,0.187394451099807,-0.883364297114158,0,0,0,1,0,0,1,0,0,0,0,0,0,0,0,0,0,0,0,0,0,0,0,0,1,0,1
4283-IVYCI,0,-0.951681673918523,0.00625857808169908,-0.765577500894036,1,0,0,1,0,0,0,0,0,1,0,0,0,0,0,1,0,0,0,1,0,0,0,0,0,1,0
1866-OBPNR,0,-1.27744458367877,0.326985399113761,-0.97448571667875,1,1,1,1,0,0,1,0,0,0,0,1,0,0,0,0,0,0,0,0,0,0,0,1,0,0,0
8205-MQUGY,0,-0.829520582758432,-0.51720747697063,-0.755268948826046,1,1,1,1,0,0,0,0,0,1,0,0,0,0,0,0,0,0,0,0,0,0,1,0,1,0,0
8970-ANWXO,0,-0.381596581838098,0.298734850110937,-0.231916783986678,0,0,0,1,0,1,0,0,0,0,0,0,0,0,0,1,0,1,0,1,1,0,1,0,0,1,0
9480-BQJEI,0,1.20649760324309,0.915261537172568,1.52289898421254,1,0,0,1,0,1,1,0,0,1,0,1,0,0,0,0,0,0,0,1,1,0,1,0,0,0,0
5394-SVGJV,0,0.188488510242327,1.13129514719416,0.526964825318337,1,0,0,1,0,1,1,0,0,0,0,0,0,0,0,1,0,1,0,1,0,0,0,0,0,0,1
6979-TNDEU,0,-0.992402037638553,-1.5142856770703,-0.938174007574158,0,0,0,1,0,0,0,1,1,0,1,0,1,0,1,0,1,0,1,0,0,0,0,0,0,1,0
9777-WJJPR,0,-0.0558336720778551,0.793950356160442,0.17715834861289,1,1,0,1,0,1,1,0,0,0,0,0,0,1,0,0,0,1,0,0,0,0,0,1,0,0,0
9283-LZQOH,0,-0.788800219038401,0.320338211113097,-0.611523143543918,1,1,1,1,0,1,1,0,0,0,0,0,0,0,0,0,0,0,0,0,0,0,1,1,0,0,1
7079-QRCBC,0,-0.340876218118068,1.129633350194,0.0553540867046005,0,0,0,1,0,1,1,0,0,0,0,0,0,1,0,0,0,1,0,1,0,0,1,0,1,0,1
9495-SKLKD,0,0.51425142000257,1.0365727181847,0.960100604072315,1,1,1,1,0,1,1,0,0,0,0,1,0,1,0,0,0,0,0,1,0,0,1,0,0,0,0
6048-UWKAL,1,1.4915401492833,1.35065235121609,2.0824745622073,0,1,0,1,0,1,1,0,0,0,0,1,0,0,0,1,0,1,0,1,0,1,0,1,0,0,0
5067-DGXLL,0,-1.23672421995873,-1.47938794006682,-0.991173651075753,1,0,0,1,0,0,0,1,1,0,1,0,1,0,1,0,1,0,1,0,0,0,0,0,0,1,0
5469-CTCWN,0,1.16577723952306,1.37059391521809,1.88325682684625,1,1,1,1,0,1,1,0,0,1,0,1,0,0,0,0,0,1,0,1,1,0,1,0,1,0,1
9851-QXEEQ,0,0.351369965122448,1.32738719321377,0.911427462081054,1,0,0,1,0,1,1,0,0,0,0,1,0,1,0,0,0,1,0,1,0,0,1,0,1,0,1
6281-FKEWS,0,0.473531056282539,-0.522192867971128,-0.00746848114443751,0,0,0,0,1,0,0,0,0,0,0,0,0,1,0,0,0,1,0,1,1,0,1,0,1,0,0
8898-KASCD,0,0.269929237682388,-0.970878058015981,-0.429456896313116,1,0,0,0,1,0,0,0,0,0,0,0,0,1,0,1,0,0,0,0,1,0,0,0,0,1,0
9242-TKFSV,0,1.61370124044339,0.0112439690821972,1.09150705045507,1,1,1,0,1,0,0,0,0,1,0,1,0,1,0,1,0,1,0,1,0,1,1,1,0,0,0
9290-SHCMB,1,-0.788800219038401,1.06648506418769,-0.461949805615218,0,0,0,1,0,0,1,0,0,0,0,0,0,1,0,0,0,1,0,1,0,0,1,0,1,0,0
0743-HNPFG,0,0.758573602322752,0.165791090097647,0.565351489228905,0,1,1,1,0,0,0,0,0,1,0,1,0,0,0,1,0,0,0,1,1,0,1,1,0,0,0
2277-BKJKN,1,1.57298087672336,1.14458952319549,2.1773044116379,0,1,0,1,0,0,1,0,0,0,0,1,0,1,0,0,0,1,0,1,0,1,1,0,1,0,0
9809-IMGCQ,1,-0.422316945558128,1.06149967318719,-0.0878398688950866,1,0,0,1,0,1,1,0,0,0,0,0,0,0,0,0,0,1,0,1,0,0,1,0,1,0,1
5208-HFSBT,0,-1.23672421995873,-0.322777227951194,-0.962058061830187,0,0,0,1,0,0,0,0,0,0,0,1,0,0,0,1,0,0,0,0,0,0,1,1,0,0,1
5035-PGZXH,0,0.962175420922904,1.39718266722074,1.60366770373454,0,0,0,1,0,1,1,0,0,0,0,1,0,1,0,0,0,1,0,1,1,0,1,0,1,0,0
8695-WDYEA,0,-1.27744458367877,-0.449073799963819,-0.98479426874674,1,0,0,1,0,0,0,0,0,1,0,0,0,0,0,0,0,0,0,0,0,0,0,0,0,1,0
6543-JXSOO,0,-0.381596581838098,-0.233040189942223,-0.441067813631666,0,1,1,1,0,0,0,0,0,1,0,1,0,0,0,1,0,0,0,0,1,0,1,0,0,1,0
8016-ZMGMO,1,1.36937905812321,0.202350624101301,1.08468618838011,0,1,0,1,0,1,0,0,0,0,0,1,0,1,0,0,0,1,0,0,1,0,1,0,0,0,0
8605-ITULD,0,-1.27744458367877,-1.50265309806914,-0.998789176693434,0,0,0,1,0,0,0,1,1,0,1,0,1,0,1,0,1,0,1,0,0,0,0,0,0,1,0
3254-YRILK,1,-0.544478036718219,0.778994183158946,-0.223440372864391,1,0,0,1,0,1,1,0,0,0,0,1,0,0,0,0,0,1,0,0,0,0,1,0,1,0,1
6416-YJTTB,0,-0.870240946478462,0.489841505130041,-0.656156745859714,1,0,0,1,0,0,1,0,0,1,0,0,0,1,0,0,0,0,0,0,0,0,1,0,0,0,0
2667-WYLWJ,0,-0.992402037638553,-1.49600591006848,-0.943405542563695,0,1,1,1,0,0,0,1,1,0,1,0,1,0,1,0,1,0,1,0,1,0,1,0,0,1,1
4472-VESGY,0,0.799293966042782,1.10969178619201,1.19706485771231,0,1,1,1,0,1,1,0,0,1,0,1,0,1,0,0,0,0,0,1,0,0,0,0,0,0,0
3195-TQDZX,0,-1.1960038562387,-1.47938794006682,-0.980291175338025,1,0,0,1,0,0,0,1,1,0,1,0,1,0,1,0,1,0,1,0,0,0,1,0,1,0,0
3128-YOVTD,0,0.758573602322752,0.478208926128878,0.766688327370534,0,1,1,1,0,0,1,0,0,1,0,1,0,0,0,0,0,0,0,0,0,0,1,0,0,0,0
0529-ONKER,1,-0.707359491598341,0.361883136117249,-0.501197355030394,1,0,0,1,0,1,1,0,0,0,0,0,0,0,0,0,0,0,0,0,0,0,0,0,1,0,1
1728-CXQBE,1,1.28793833068315,0.980071620179047,1.67739482130861,1,1,0,1,0,1,1,0,0,0,0,1,0,1,0,0,0,0,0,1,0,0,1,0,1,0,0
7041-TXQJH,0,0.188488510242327,-0.816330937000532,-0.35453778342498,0,0,0,0,1,0,0,0,0,0,0,0,0,1,0,0,0,0,0,1,0,0,1,1,0,0,0
5014-GSOUQ,0,-0.788800219038401,-1.48935872206781,-0.899853565625483,1,0,0,1,0,0,0,1,1,0,1,0,1,0,1,0,1,0,1,0,0,1,0,0,0,1,0
5724-BIDBU,0,0.677132874882691,-0.312806445950197,0.15541547112473,1,1,0,1,0,1,0,0,0,1,0,0,0,0,0,0,0,0,0,0,1,0,1,0,1,0,0
0481-SUMCB,1,0.51425142000257,1.24263554620529,1.08314100926927,0,0,0,1,0,1,1,0,0,0,0,0,0,1,0,0,0,1,0,1,1,0,1,0,0,0,0
1769-GRUIK,0,-0.58519840043825,0.210659609102132,-0.456563752714598,0,0,0,1,0,0,1,0,0,0,0,0,0,0,0,0,0,0,0,0,0,0,1,0,1,0,0
5240-IJOQT,1,-1.27744458367877,0.330308993114093,-0.974441568704155,1,0,0,1,0,1,1,0,0,0,0,0,0,0,0,0,0,0,0,0,0,0,1,0,1,0,1
8819-WFGGJ,0,1.45081978556327,-0.35435137095435,0.667774790289881,1,1,0,0,1,0,0,0,0,1,0,0,0,1,0,0,0,1,0,1,0,1,1,0,0,0,0
7427-AUFPY,0,0.880734693482843,-1.49932950406881,-0.562099485984538,1,0,0,1,0,0,0,1,1,0,1,0,1,0,1,0,1,0,1,0,0,1,0,1,0,0,0
2811-POVEX,1,-0.381596581838098,0.787303168159777,-0.0668254329877484,0,1,1,1,0,0,1,0,0,0,0,1,0,1,0,0,0,0,0,1,0,0,1,0,0,0,0
1092-GANHU,0,-0.62591876415828,0.395119076120572,-0.427514385430925,1,0,0,1,0,0,1,0,0,0,0,0,0,1,0,0,0,0,0,0,0,0,1,0,1,0,1
7898-PDWQE,0,1.57298087672336,0.519753851133031,1.52100062130494,1,1,0,1,0,1,0,0,0,1,0,1,0,1,0,1,0,0,0,1,0,1,0,1,0,0,0
9972-EWRJS,0,1.41009942184324,-1.51262388007014,-0.401312562508645,0,1,1,1,0,0,0,1,1,0,1,0,1,0,1,0,1,0,1,0,0,1,1,0,0,0,0
9314-IJWSQ,0,-0.748079855318371,0.66599198714765,-0.475922639574614,0,1,1,1,0,1,1,0,0,0,0,0,0,0,0,0,0,1,0,0,0,0,1,0,1,0,0
0661-XEYAN,1,-1.27744458367877,-1.29492847304837,-0.996029928281231,0,0,0,0,1,0,0,0,0,0,0,0,0,0,0,0,0,0,0,0,0,0,1,0,0,1,1
5799-JRCZO,0,1.24721796696312,-1.50431489506931,-0.470978066419946,0,0,1,1,0,0,0,1,1,0,1,0,1,0,1,0,1,0,1,0,0,1,0,1,0,0,0
1921-KYSAY,0,0.351369965122448,0.127569759093826,0.262739197365778,0,0,0,1,0,1,0,0,0,0,0,0,0,1,0,1,0,0,0,1,1,0,1,0,1,0,0
6198-RTPMF,0,-0.62591876415828,0.925232319173565,-0.310014551045672,0,1,0,1,0,1,1,0,0,0,0,0,0,0,0,0,0,1,0,1,0,0,0,0,1,0,0
2924-KHUVI,0,0.962175420922904,1.18945804219998,1.42731861921382,1,1,0,1,0,1,1,0,0,1,0,0,0,0,0,0,0,1,0,1,1,0,1,0,1,0,0
1925-GMVBW,0,-1.11456312879864,-1.46941715806582,-0.964993902140772,0,0,0,1,0,0,0,1,1,0,1,0,1,0,1,0,1,0,1,0,0,0,0,1,0,0,0
7881-EVUAD,0,-1.23672421995873,-0.736564680992558,-0.975456972119845,0,0,0,0,1,0,0,0,0,1,0,1,0,0,0,0,0,0,0,1,0,0,1,0,1,0,1
6184-DYUOB,0,-1.1960038562387,-1.50099130106898,-0.98302834976293,0,1,0,1,0,0,0,1,1,0,1,0,1,0,1,0,1,0,1,0,0,0,1,0,0,1,0
9207-ZPANB,0,0.188488510242327,0.0893484280900052,0.0712473575588898,1,0,0,1,0,1,0,0,0,1,0,1,0,1,0,1,0,0,0,0,1,0,0,0,1,0,0
5766-XQXMQ,0,-0.137274399517916,0.135878744094656,-0.137484266327443,0,0,0,1,0,0,0,0,0,1,0,1,0,1,0,0,0,0,0,1,0,0,1,0,0,0,1
9327-QSDED,0,-0.992402037638553,-0.704990537989402,-0.859347798934343,1,0,0,1,0,0,0,0,0,0,0,0,0,0,0,0,0,0,0,0,0,0,0,0,0,1,0
1656-DRSMG,0,1.24721796696312,1.49855228423088,2.08424048119111,0,0,0,1,0,1,1,0,0,0,0,1,0,1,0,1,0,1,0,1,0,0,1,1,0,0,0
3012-VFFMN,0,-1.03312240135858,-1.46609356406549,-0.937246900107658,0,1,1,1,0,0,0,1,1,0,1,0,1,0,1,0,1,0,1,0,0,0,0,0,0,1,0
2984-AFWNC,0,-1.1960038562387,1.01829295118287,-0.878000318200835,0,0,0,1,0,0,1,0,0,0,0,1,0,0,0,0,0,1,0,1,0,0,0,0,1,0,0
0640-YJTPY,0,1.61370124044339,-1.45446098506432,-0.347959735210288,1,1,1,1,0,0,0,1,1,0,1,0,1,0,1,0,1,0,1,0,0,1,0,0,0,0,0
8096-LOIST,0,-0.544478036718219,-0.284555896947372,-0.524706151502363,0,0,0,1,0,0,0,0,0,0,0,0,0,0,0,0,0,0,0,1,0,0,1,0,1,0,0
9764-REAFF,0,1.084336512083,-1.54087442907296,-0.540400756470974,0,1,0,1,0,0,0,1,1,0,1,0,1,0,1,0,1,0,1,0,0,1,0,0,0,0,0
3703-VAVCL,0,-1.23672421995873,0.838818875164927,-0.923516880008536,1,1,1,1,0,0,1,0,0,0,0,0,0,1,0,1,0,0,0,1,0,0,0,1,0,0,1
7107-UBYKY,0,0.107047782802266,-1.29659027004854,-0.617792155936444,0,1,1,1,0,1,0,1,1,0,1,0,1,0,1,0,1,0,1,0,0,0,1,0,1,0,0
4881-GQJTW,0,-0.748079855318371,-1.50099130106898,-0.87479959004268,1,0,0,1,0,0,0,1,1,0,1,0,1,0,1,0,1,0,1,0,0,0,0,1,0,0,0
8519-QJGJD,0,-0.748079855318371,0.351912354116252,-0.554483960366858,0,0,0,1,0,0,1,0,0,0,0,0,0,1,0,0,0,0,0,0,0,0,0,0,1,0,1
7876-DNYAP,0,1.4915401492833,-1.49434411306831,-0.373035784780389,0,1,1,1,0,0,0,1,1,0,1,0,1,0,1,0,1,0,1,0,0,1,0,1,0,0,0
7905-NJMXS,1,-1.03312240135858,-0.0186683769207928,-0.797717226399377,1,1,0,1,0,1,0,0,0,1,0,1,0,0,0,1,0,0,0,0,0,0,0,0,1,0,0
2882-WDTBA,0,1.4915401492833,0.365206730117582,1.37133898742705,1,1,1,1,0,0,0,0,0,1,0,1,0,1,0,1,0,1,0,0,0,1,1,0,0,0,0
2091-GPPIQ,0,1.61370124044339,0.471561738128214,1.5223250605428,0,1,1,1,0,1,0,0,0,0,0,1,0,0,0,1,0,1,0,1,0,1,1,0,1,0,0
6326-MTTXK,0,-0.992402037638553,1.19942882420097,-0.64560537993145,1,0,0,1,0,1,1,0,0,0,0,1,0,0,0,0,0,1,0,1,0,0,0,0,1,0,1
5071-FBJFS,0,-1.15528349251868,-0.480647942966975,-0.911574852880521,0,1,1,1,0,0,0,0,0,1,0,0,0,0,0,0,0,0,0,0,0,0,0,0,1,0,0
2796-UUZZO,0,1.24721796696312,0.516430257132699,1.15421924836762,1,1,1,1,0,0,1,0,0,0,0,1,0,1,0,0,0,0,0,0,0,0,1,1,0,0,0
2429-AYKKO,0,1.61370124044339,-1.49268231606814,-0.374294002056353,1,0,0,1,0,0,0,1,1,0,1,0,1,0,1,0,1,0,1,0,0,1,0,0,0,0,0
9798-OPFEM,0,0.5549717837226,-1.45113739106399,-0.593709435794736,0,0,0,1,0,0,0,1,1,0,1,0,1,0,1,0,1,0,1,0,0,1,1,0,1,0,0
0330-IVZHA,0,-1.11456312879864,0.172438278098311,-0.861665567600593,0,1,0,1,0,0,1,0,0,0,0,0,0,0,0,0,0,0,0,0,0,0,0,0,1,0,1
3794-NFNCH,0,-0.0965540357978854,-0.490618724967972,-0.356281628421492,1,1,0,1,0,0,0,0,0,0,0,0,0,1,0,0,0,0,0,0,0,0,1,0,0,1,0
5193-QLVZB,0,1.24721796696312,1.32904899021393,1.87831225369158,1,0,0,1,0,1,1,0,0,0,0,1,0,1,0,0,0,1,0,1,0,1,1,0,0,0,0
7114-AEOZE,0,1.12505687580303,-1.49268231606814,-0.509386804317812,0,0,0,1,0,0,0,1,1,0,1,0,1,0,1,0,1,0,1,0,0,1,0,0,0,0,0
2886-KEFUM,0,1.24721796696312,1.42044782522307,2.02720129801405,0,1,0,1,0,1,1,0,0,0,0,1,0,1,0,0,0,1,0,1,1,0,1,0,1,0,1
5522-NYKPB,0,-0.300155854398037,0.702551521151305,-0.0365840703900035,1,1,1,1,0,0,1,0,0,0,0,0,0,0,0,1,0,1,0,0,0,0,0,0,1,0,0
4237-RLAQD,0,-1.27744458367877,-0.62854787598176,-0.987178259374884,1,0,0,1,0,0,0,0,0,0,0,0,0,0,0,0,0,0,0,0,0,0,1,0,0,1,1
9957-YODKZ,1,-1.07384276507861,0.53304822713436,-0.805619713851926,1,1,0,1,0,1,1,0,0,0,0,0,0,1,0,0,0,0,0,0,0,0,1,0,1,0,0
6518-KZXCB,0,-0.422316945558128,-1.3132082400502,-0.757321829644725,1,0,0,1,0,1,0,1,1,0,1,0,1,0,1,0,1,0,1,0,0,1,0,0,0,1,0
2245-ADZFJ,0,-0.0558336720778551,0.524739242133529,0.0837412343693448,0,1,1,1,0,1,0,0,0,0,0,1,0,0,0,1,0,1,0,1,0,1,0,0,0,0,0
7776-QGYJC,0,0.269929237682388,0.556313385136686,0.364389908871336,0,1,1,1,0,0,1,0,0,0,0,0,0,1,0,1,0,0,0,0,0,0,1,0,0,0,0
9313-QOLTZ,0,-0.259435490678007,-1.45778457906466,-0.778601153399634,1,0,0,1,0,0,0,1,1,0,1,0,1,0,1,0,1,0,1,0,0,0,0,0,0,1,0
9651-GTSAQ,0,0.840014329762813,1.37391750921842,1.53980765848252,0,1,0,1,0,0,1,0,0,1,0,1,0,1,0,0,0,1,0,1,1,0,1,0,0,0,1
3186-BAXNB,0,-1.27744458367877,0.895319973170575,-0.966936413022962,0,0,0,1,0,0,1,0,0,0,0,1,0,0,0,1,0,1,0,0,0,0,0,0,1,0,1
4672-FOTSD,0,-0.829520582758432,0.0827012400893407,-0.639976513170556,1,0,0,1,0,1,0,0,0,1,0,1,0,0,0,1,0,0,0,0,0,0,1,0,1,0,0
0637-YLETY,0,-0.66663912787831,1.02494013918353,-0.320632138935829,0,0,0,1,0,1,1,0,0,0,0,1,0,1,0,0,0,0,0,1,0,0,1,1,0,0,1
9818-XQCUV,0,-1.23672421995873,-1.47606434606648,-0.987421073235157,0,0,0,1,0,0,0,1,1,0,1,0,1,0,1,0,1,0,1,0,0,0,0,0,0,1,0
7338-ERIVA,0,0.269929237682388,-0.655136627984418,-0.216906472624294,1,0,1,0,1,0,0,0,0,1,0,0,0,0,0,1,0,1,0,0,1,0,0,0,0,0,0
1157-BQCUW,0,-1.27744458367877,0.338617978114924,-0.974331198767666,1,0,0,1,0,1,1,0,0,0,0,0,0,0,0,0,0,0,0,0,0,0,1,0,1,0,1
8259-NFJTV,0,-1.03312240135858,-1.00079040401897,-0.898551200374923,0,1,1,0,1,0,0,0,0,1,0,0,0,0,0,1,0,0,0,0,0,0,0,0,0,1,0
3223-DWFIO,1,-1.15528349251868,0.152496714096318,-0.891906930198338,1,0,0,1,0,0,1,0,0,0,0,0,0,0,0,0,0,0,0,0,0,0,0,0,1,0,0
2660-EMUBI,1,-0.910961310198492,1.0166311541827,-0.610816775950394,1,0,0,1,0,1,1,0,0,0,0,0,0,0,0,0,0,1,0,1,0,0,1,0,1,0,1
6968-GMKPR,0,0.921455057202873,0.557975182136852,0.983432808645904,0,0,0,1,0,0,1,0,0,0,0,1,0,1,0,0,0,0,0,0,0,0,1,0,1,0,0
4751-ERMAN,0,1.61370124044339,0.353574151116419,1.41199927202927,1,1,1,1,0,0,0,0,0,0,0,1,0,1,0,0,0,1,0,1,0,1,1,0,0,0,0
1436-ZMJAN,0,-0.910961310198492,0.100981007091168,-0.719067609657942,0,1,0,1,0,0,0,0,0,0,0,0,0,1,0,0,0,1,0,1,0,0,1,1,0,0,0
3292-PBZEJ,1,-0.870240946478462,1.55006799123603,-0.485127492277723,1,0,0,1,0,1,1,0,0,0,0,1,0,1,0,1,0,1,0,1,0,0,1,0,1,0,0
0799-DDIHE,0,-0.707359491598341,-0.613591702980265,-0.725115882177491,0,1,1,1,0,0,0,0,0,0,0,0,0,0,0,0,0,0,0,0,0,0,0,0,1,0,0
3070-FNFZQ,0,-0.381596581838098,-1.47440254906632,-0.796061677352055,0,1,1,1,0,0,0,1,1,0,1,0,1,0,1,0,1,0,1,0,0,1,0,0,0,0,0
2812-SFXMJ,0,-1.27744458367877,-1.48603512806748,-0.998568436820457,1,0,1,1,0,0,0,1,1,0,1,0,1,0,1,0,1,0,1,0,0,0,0,0,0,1,0
7675-OZCZG,1,-1.1960038562387,-0.656798424984584,-0.951308030016245,0,0,0,1,0,0,0,0,0,0,0,0,0,0,0,0,0,0,0,0,0,0,0,0,1,0,1
5014-WUQMG,0,0.595692147442631,1.04155810918519,0.931316124636214,1,1,1,1,0,0,1,0,0,1,0,1,0,1,0,0,0,0,0,1,1,0,1,0,1,0,0
5312-TSZVC,0,-0.707359491598341,-1.49932950406881,-0.887955686472064,0,0,1,1,0,0,0,1,1,0,1,0,1,0,1,0,1,0,1,0,1,0,0,0,0,1,0
2003-CKLOR,0,1.36937905812321,1.15456030519649,1.95512972948731,1,0,0,1,0,0,1,0,0,0,0,1,0,1,0,0,0,1,0,1,0,0,0,0,1,0,1
0993-OSGPT,1,1.45081978556327,-0.136655963932588,0.747859216205661,0,1,0,1,0,0,0,0,0,0,0,1,0,1,0,1,0,0,0,0,1,0,1,0,0,0,0
9254-RBFON,0,-0.62591876415828,1.1246479591935,-0.254719212865124,0,1,1,1,0,0,1,0,0,0,0,0,0,1,0,1,0,1,0,1,1,0,0,0,0,0,1
1205-WNWPJ,0,-1.03312240135858,-0.174877294936408,-0.823786605397871,0,0,0,1,0,0,0,0,0,0,0,0,0,0,0,1,0,1,0,0,0,0,1,0,0,1,1
9391-EOYLI,1,-0.829520582758432,0.521415648133197,-0.587926051122758,1,1,0,1,0,0,1,0,0,0,0,0,0,0,0,0,0,0,0,1,0,0,1,0,1,0,1
7108-DGVUU,1,-0.463037309278159,0.230601173104126,-0.346502852048645,0,1,0,1,0,1,0,0,0,0,0,1,0,1,0,0,0,0,0,1,1,0,0,0,0,0,0
2782-JEEBU,0,-0.463037309278159,-0.955921885014486,-0.662999681921977,1,0,0,0,1,0,0,0,0,0,0,1,0,0,0,1,0,0,0,0,0,0,1,0,0,1,0
5127-BZENZ,0,0.962175420922904,0.0145675630825297,0.543122984020198,0,1,1,1,0,1,0,0,0,1,0,0,0,0,0,0,0,1,0,0,1,0,0,0,0,0,0
2720-FVBQP,0,-1.07384276507861,-0.52551646197146,-0.88678576514529,0,1,1,1,0,1,0,0,0,0,0,0,0,0,0,0,0,0,0,0,0,0,1,1,0,0,0
9906-NHHVC,1,1.32865869440318,-0.374292934956343,0.545661492559425,0,0,0,0,1,0,0,0,0,0,0,1,0,1,0,0,0,1,0,1,0,1,1,0,0,0,0
4522-XRWWI,0,0.392090328842479,0.521415648133197,0.482971368634173,1,1,0,1,0,1,0,0,0,1,0,0,0,0,0,1,0,1,0,1,1,0,0,1,0,0,0
3766-EJLFL,0,1.45081978556327,1.47196353222822,2.30745264074469,0,1,1,1,0,1,1,0,0,1,0,0,0,1,0,1,0,1,0,1,0,1,1,0,0,0,0
5939-SXWHM,0,0.636412511162661,-1.27831050304671,-0.457755748028669,1,1,1,1,0,1,0,1,1,0,1,0,1,0,1,0,1,0,1,0,0,1,0,0,0,0,0
8152-UOBNY,1,0.717853238602722,1.39718266722074,1.35359150163976,0,0,0,1,0,1,1,0,0,0,0,1,0,0,0,1,0,1,0,1,1,0,1,0,1,0,0
7351-KYHQH,1,-1.03312240135858,0.00625857808169908,-0.789483629137363,0,0,0,1,0,0,0,0,0,0,0,1,0,1,0,0,0,1,0,0,0,0,1,0,1,0,0
7643-RCHXS,0,1.24721796696312,-1.50930028606981,-0.449455928804763,0,1,1,1,0,0,0,1,1,0,1,0,1,0,1,0,1,0,1,0,0,1,0,0,1,0,0
8246-SHFGA,0,-0.62591876415828,-1.45113739106399,-0.837207589674826,1,0,0,1,0,0,0,1,1,0,1,0,1,0,1,0,1,0,1,0,0,0,0,1,0,0,0
8387-MOJJT,0,0.392090328842479,0.438325798124891,0.486547354576388,0,1,1,1,0,0,1,0,0,0,0,0,0,0,0,0,0,1,0,0,0,0,1,1,0,0,1
0620-XEFWH,0,-1.15528349251868,-1.52591825607147,-0.970247511117606,1,1,1,1,0,0,0,1,1,0,1,0,1,0,1,0,1,0,1,0,0,0,0,0,0,1,0
6485-QXWWE,0,1.20649760324309,-1.28828128504771,-0.283967246034476,0,0,1,1,0,1,0,1,1,0,1,0,1,0,1,0,1,0,1,0,0,1,0,0,0,0,0
2761-OCIAX,1,-1.23672421995873,0.330308993114093,-0.934399355746265,1,0,0,1,0,0,1,0,0,0,0,1,0,0,0,0,0,0,0,0,0,0,1,0,1,0,1
7321-VGNKU,0,-1.23672421995873,0.18573265409964,-0.954332166276019,0,1,0,1,0,0,1,0,0,0,0,0,0,0,0,0,0,0,0,0,0,0,1,0,1,0,0
5327-CNLUQ,0,0.636412511162661,1.06814686118785,0.967517463804317,1,1,0,1,0,1,1,0,0,1,0,1,0,1,0,0,0,1,0,0,0,1,1,0,0,0,0
7552-KEYGT,0,-0.218715126957977,-1.50265309806914,-0.777607823971241,1,1,0,1,0,0,0,1,1,0,1,0,1,0,1,0,1,0,1,0,0,1,0,0,0,0,0
5816-JMLGY,0,1.53226051300333,0.519753851133031,1.51689485966758,0,1,1,1,0,0,0,0,0,0,0,1,0,1,0,1,0,1,0,1,0,1,1,0,0,0,0
3068-OMWZA,1,-1.27744458367877,0.79893574716094,-0.968216704286224,1,0,0,1,0,1,1,0,0,0,0,0,0,1,0,0,0,1,0,0,0,0,1,0,1,0,1
2927-QRRQV,0,0.5549717837226,0.993365996180376,0.896461298693265,1,1,0,1,0,1,1,0,0,0,0,1,0,1,0,0,0,1,0,0,1,0,1,0,1,0,0
6032-KRXXO,0,-0.0965540357978854,0.847127860165757,0.209011112283361,1,0,0,1,0,0,1,0,0,0,0,0,0,0,0,0,0,1,0,1,0,0,1,0,1,0,1
7459-RRWQZ,0,-0.707359491598341,-0.00371220391929756,-0.568346424389766,0,0,0,1,0,1,0,0,0,1,0,0,0,0,0,0,0,0,0,1,0,0,1,0,0,0,1
6265-SXWBU,0,1.4915401492833,1.02992553018403,1.86716489010628,1,1,1,1,0,1,1,0,0,0,0,1,0,1,0,0,0,1,0,0,1,0,0,1,0,0,0
7941-RCJOW,0,1.32865869440318,-1.50265309806914,-0.469410813321815,1,0,0,1,0,0,0,1,1,0,1,0,1,0,1,0,1,0,1,0,0,1,1,1,0,0,0
6374-NTQLP,1,1.61370124044339,1.30744562921177,2.28058859820348,1,1,1,1,0,0,1,0,0,1,0,0,0,1,0,1,0,1,0,1,0,1,1,1,0,0,0
4154-AQUGT,1,-0.788800219038401,0.80724473216177,-0.491175764797272,1,1,0,1,0,0,1,0,0,0,0,1,0,0,0,1,0,0,0,1,0,0,1,0,0,0,1
2387-KDZQY,0,-0.62591876415828,-1.48437333106731,-0.884026516733087,1,0,0,1,0,0,0,1,1,0,1,0,1,0,1,0,1,0,1,0,1,0,1,0,0,1,0
3584-WKTTW,0,0.758573602322752,1.55505338223653,1.51799855903246,1,1,0,1,0,1,1,0,0,1,0,0,0,1,0,1,0,1,0,1,1,0,1,0,1,0,0
3399-BMLVW,0,0.758573602322752,-0.141641354933086,0.370636847276564,1,1,1,1,0,0,0,0,0,1,0,1,0,0,0,1,0,0,0,0,0,1,0,1,0,0,0
1971-DTCZB,0,1.61370124044339,0.870393018168083,1.84833577894141,0,1,0,1,0,1,0,0,0,1,0,1,0,1,0,1,0,1,0,1,0,1,1,0,0,0,0
3092-IGHWF,0,1.41009942184324,0.752405431156288,1.60561021461673,1,1,1,1,0,1,1,0,0,0,0,1,0,1,0,0,0,0,0,0,1,0,0,0,1,0,1
3374-PZLXD,0,0.066327419082236,-1.49766770706864,-0.709156389361309,1,0,0,1,0,0,0,1,1,0,1,0,1,0,1,0,1,0,1,0,0,0,0,0,0,1,0
3813-DHBBB,0,1.41009942184324,-0.459044581964815,0.547339115594044,1,1,0,0,1,0,0,0,0,1,0,1,0,0,0,1,0,0,0,1,0,1,1,0,0,0,0
2812-REYAT,0,0.677132874882691,-1.48603512806748,-0.599890152238071,0,1,0,1,0,0,0,1,1,0,1,0,1,0,1,0,1,0,1,0,1,0,1,0,0,0,0
6518-PPLMZ,0,0.840014329762813,-1.50763848906964,-0.517223069808469,1,1,1,1,0,0,0,1,1,0,1,0,1,0,1,0,1,0,1,0,0,1,1,0,0,1,0
4939-KYYPY,0,-0.218715126957977,-0.176539091936574,-0.29590927316249,1,0,0,1,0,1,0,0,0,0,0,0,0,1,0,1,0,0,0,0,0,0,0,0,1,0,0
8017-LXHFA,1,-0.381596581838098,0.996689590180708,0.00515783958980338,0,0,0,1,0,0,1,0,0,0,0,1,0,0,0,0,0,1,0,1,0,0,1,0,1,0,1
5930-GBIWP,0,1.4915401492833,0.556313385136686,1.4442272934838,1,0,0,1,0,1,0,0,0,1,0,1,0,1,0,1,0,0,0,1,0,1,1,1,0,0,0
6022-KOUQO,0,-1.23672421995873,-1.18691166803758,-0.987663887095431,0,1,1,0,1,0,0,0,0,0,0,0,0,0,0,1,0,0,0,0,0,0,0,0,0,0,0
6352-TWCAU,0,0.107047782802266,0.720831288153132,0.329866192737852,0,0,0,1,0,1,1,0,0,0,0,0,0,0,0,0,0,1,0,0,0,0,1,0,1,0,1
2361-UPSND,0,0.5549717837226,0.194041639100471,0.419023027432956,0,1,0,1,0,0,0,0,0,1,0,1,0,0,0,1,0,0,0,1,1,0,0,0,0,1,0
6035-RIIOM,0,0.880734693482843,1.07811764318885,1.25712817714914,0,0,0,1,0,1,1,0,0,0,0,1,0,0,0,0,0,1,0,1,0,1,1,0,0,0,0
2929-QNSRW,0,0.962175420922904,1.11301538019234,1.42440485289054,0,1,0,1,0,1,1,0,0,0,0,1,0,0,0,0,0,1,0,1,1,0,1,0,1,0,1
1262-OPMFY,0,-0.951681673918523,0.365206730117582,-0.717853540356573,0,1,0,1,0,0,1,0,0,0,0,0,0,1,0,0,0,0,0,0,0,0,1,0,0,0,1
9504-DSHWM,0,-0.503757672998189,-0.184848076937405,-0.481529432348211,1,0,0,1,0,1,0,0,0,1,0,0,0,0,0,1,0,0,0,0,0,0,0,0,0,0,0
5035-BVCXS,0,-0.870240946478462,0.37019212111808,-0.624922053833576,1,0,0,1,0,0,1,0,0,0,0,1,0,0,0,0,0,0,0,0,0,0,1,0,0,1,0
6267-DCFFZ,1,-0.0965540357978854,0.840480672165093,0.152435482839551,0,1,0,1,0,1,1,0,0,0,0,1,0,0,0,0,0,1,0,0,0,0,1,0,1,0,0
3533-UVMOM,0,1.45081978556327,0.205674218101634,1.08583403571958,1,1,0,1,0,0,0,0,0,1,0,1,0,1,0,0,0,0,0,1,0,1,0,0,0,0,0
2439-LYPMQ,1,0.229208873962357,1.25759171920679,0.762560491745878,1,1,0,1,0,1,1,0,0,0,0,1,0,1,0,0,0,1,0,1,0,0,1,0,1,0,0
4248-QPAVC,1,-0.62591876415828,0.684271754149477,-0.361336571512648,0,1,0,1,0,1,1,0,0,1,0,0,0,1,0,0,0,0,0,0,0,0,1,0,0,0,1
1899-VXWXM,0,0.636412511162661,1.37391750921842,1.23653314700046,1,0,0,1,0,1,1,0,0,0,0,1,0,1,0,0,0,1,0,1,1,0,1,1,0,0,1
1478-VPOAD,0,-1.27744458367877,-0.696681552988571,-0.988083292854086,0,0,0,1,0,0,0,0,0,0,0,0,0,0,0,0,0,0,0,0,0,0,0,0,1,0,0
9995-HOTOH,0,1.24721796696312,-0.19149526493807,0.62941020036661,1,1,1,0,1,0,0,0,0,1,0,1,0,1,0,0,0,1,0,1,0,1,0,0,1,0,0
2988-PLAHS,0,-1.1960038562387,0.172438278098311,-0.910095895731581,0,0,0,1,0,0,0,0,0,0,0,0,0,1,0,0,0,1,0,1,1,0,1,0,1,0,0
1371-OJCEK,0,0.636412511162661,-1.34312058605319,-0.506914517740478,0,0,0,1,0,1,0,1,1,0,1,0,1,0,1,0,1,0,1,0,1,0,0,0,0,0,0
4999-IEZLT,0,1.36937905812321,-1.17361729203625,-0.131899547541144,1,0,0,0,1,0,0,0,0,0,0,0,0,0,0,1,0,0,0,0,1,0,0,1,0,0,0
8883-ANODQ,0,1.45081978556327,0.652697611146321,1.52965362432561,0,1,1,1,0,1,1,0,0,0,0,1,0,1,0,0,0,0,0,0,0,1,1,1,0,0,0
4690-LLKUA,1,-0.62591876415828,-0.655136627984418,-0.667215813495824,1,0,0,1,0,0,0,0,0,0,0,0,0,0,0,0,0,0,0,0,0,0,1,0,1,0,1
2351-RRBUE,0,-1.03312240135858,-1.46609356406549,-0.948239745781875,0,1,1,1,0,0,0,1,1,0,1,0,1,0,1,0,1,0,1,0,1,0,0,0,0,1,0
5980-BDHPY,0,1.61370124044339,0.742434649155291,1.74304285953174,1,1,0,1,0,1,0,0,0,1,0,1,0,1,0,1,0,1,0,1,0,1,1,0,0,0,0
1498-DQNRX,0,-0.137274399517916,-1.49268231606814,-0.754430137308736,0,1,0,1,0,0,0,1,1,0,1,0,1,0,1,0,1,0,1,0,0,0,0,0,0,1,0
9469-WEJBT,0,0.188488510242327,0.850451454166089,0.50213158960851,1,1,0,1,0,0,1,0,0,0,0,0,0,1,0,1,0,0,0,1,0,0,1,0,1,0,0
3331-HQDTW,0,0.066327419082236,1.49689048723071,0.576278112941229,0,0,0,1,0,1,1,0,0,1,0,1,0,1,0,0,0,1,0,1,0,0,1,0,0,1,1
9490-DFPMD,1,0.392090328842479,0.661006596147152,0.55601419260201,0,0,0,1,0,1,1,0,0,0,0,0,0,0,0,0,0,1,0,0,0,0,1,0,1,0,1
2581-VKIRT,0,1.084336512083,0.0245383450835263,0.670776852562358,0,1,1,1,0,1,0,0,0,1,0,1,0,0,0,1,0,0,0,0,1,0,0,0,0,1,0
5442-XSDCW,0,-0.870240946478462,0.489841505130041,-0.623994946367076,1,1,1,1,0,0,1,0,0,0,0,0,0,0,0,0,0,1,0,0,0,0,1,0,0,0,1
7426-WEIJX,1,1.12505687580303,0.538033618134859,1.13777412783089,1,1,1,1,0,1,1,0,0,1,0,0,0,0,0,0,0,0,0,0,0,0,1,0,1,0,0
2851-MMUTZ,0,-0.218715126957977,-0.286217693947539,-0.371976233390103,0,0,0,1,0,0,0,0,0,0,0,1,0,0,0,1,0,0,0,0,0,0,1,0,0,1,0
3049-NDXFL,0,-1.27744458367877,0.699227927150972,-0.969541143524082,0,0,0,1,0,1,1,0,0,0,0,0,0,0,0,0,0,0,0,1,0,0,0,0,0,1,1
8580-AECUZ,1,-1.27744458367877,0.476547129128712,-0.972499057821964,1,0,0,1,0,0,1,0,0,0,0,0,0,0,0,0,0,1,0,0,0,0,1,0,1,0,1
3307-TLCUD,0,-0.62591876415828,-1.0090993890198,-0.745732986313472,1,1,0,0,1,0,0,0,0,1,0,0,0,1,0,0,0,0,0,0,0,0,0,0,0,1,0
6625-FLENO,0,1.04361614836296,-1.46276997006515,-0.483847201014461,1,1,0,1,0,0,0,1,1,0,1,0,1,0,1,0,1,0,1,0,0,1,0,0,0,1,0
2967-MXRAV,0,-1.27744458367877,-1.52758005307163,-0.999120286502898,1,1,1,1,0,0,0,1,1,0,1,0,1,0,1,0,1,0,1,0,1,0,0,0,0,1,0
7963-GQRMY,0,-1.1960038562387,-0.68006358298691,-0.948041079896196,0,1,1,1,0,0,0,0,0,0,0,0,0,0,0,0,0,0,0,0,0,0,0,0,0,1,1
8189-HBVRW,0,0.840014329762813,0.865407627167585,1.16519002005454,0,0,0,1,0,1,1,0,0,1,0,1,0,1,0,0,0,0,0,0,0,0,0,0,1,0,0
4163-KIUHY,0,0.107047782802266,-1.30157566104904,-0.609536484687132,1,0,0,1,0,1,0,1,1,0,1,0,1,0,1,0,1,0,1,0,0,0,1,0,1,0,0
1228-FZFRV,0,0.717853238602722,1.36893211821792,1.35087640120215,1,1,1,1,0,1,1,0,0,1,0,0,0,1,0,0,0,1,0,1,0,0,0,1,0,0,1
3500-NSDOA,0,1.45081978556327,0.200688827101135,1.13814938561495,1,1,1,1,0,1,0,0,0,0,0,1,0,0,0,1,0,0,0,1,0,1,0,1,0,0,0
1171-TYKUR,0,0.595692147442631,-1.3082228490497,-0.50448637913774,1,1,0,1,0,1,0,1,1,0,1,0,1,0,1,0,1,0,1,0,0,0,0,0,1,0,0
3761-FLYZI,1,1.32865869440318,1.46365454722739,2.11933812099434,0,1,0,1,0,1,1,0,0,0,0,1,0,1,0,0,0,1,0,1,0,0,1,0,0,0,0
2058-DCJBE,0,-1.11456312879864,0.165791090097647,-0.86411578019063,1,0,0,1,0,0,1,0,0,0,0,0,0,0,0,0,0,0,0,0,0,0,1,0,1,0,1
5364-XYIRR,0,0.758573602322752,0.993365996180376,1.11731154160599,1,1,0,1,0,1,1,0,0,0,0,0,0,0,0,0,0,1,0,1,0,0,1,0,1,0,1
4829-AUOAX,0,0.5549717837226,1.03989631218503,0.934870036591131,0,0,0,1,0,1,1,0,0,0,0,0,0,0,0,0,0,1,0,1,0,0,0,0,0,0,1
1219-NNDDO,0,-0.951681673918523,0.401766264121236,-0.714476220300037,0,0,0,1,0,1,1,0,0,0,0,0,0,0,0,0,0,0,0,0,0,0,1,0,1,0,0
8388-DMKAE,0,-0.992402037638553,-1.47938794006682,-0.930315668096204,0,0,0,1,0,0,0,1,1,0,1,0,1,0,1,0,1,0,1,0,0,1,0,0,0,1,0
4403-BWPAY,0,-0.748079855318371,-1.3281644130517,-0.865396071453892,1,0,0,1,0,1,0,1,1,0,1,0,1,0,1,0,1,0,1,0,1,0,1,1,0,0,0
9659-QEQSY,0,0.51425142000257,1.69132073625015,1.25538433215263,0,0,0,1,0,1,1,0,0,1,0,1,0,1,0,1,0,1,0,1,0,0,1,0,1,0,0
5405-ZMYXQ,0,-0.992402037638553,0.326985399113761,-0.765091873173488,0,0,0,1,0,1,1,0,0,0,0,0,0,0,0,0,0,0,0,0,0,0,1,1,0,0,0
5047-LHVLY,1,-1.27744458367877,-0.485633333967473,-0.985279896467288,1,0,1,1,0,0,0,0,0,0,0,0,0,1,0,0,0,0,0,0,0,0,1,0,0,1,1
1442-OKRJE,0,1.36937905812321,1.27587148620862,2.09675643198887,1,1,1,1,0,0,1,0,0,1,0,1,0,1,0,0,0,1,0,1,1,0,1,0,0,0,0
4737-AQCPU,0,1.61370124044339,0.243895549105454,1.2073292618057,1,1,1,1,0,1,0,0,0,1,0,1,0,1,0,1,0,0,0,0,0,1,0,1,0,0,0
9158-VCTQB,0,0.351369965122448,1.62318705924334,1.02115725293754,0,1,0,1,0,1,1,0,0,1,0,1,0,1,0,1,0,1,0,1,0,0,1,0,0,0,1
2808-CHTDM,0,-0.381596581838098,-1.3181936310507,-0.737477315064161,0,1,1,1,0,1,0,1,1,0,1,0,1,0,1,0,1,0,1,0,0,1,0,0,0,1,0
6311-UEUME,0,-0.137274399517916,0.469899941128048,0.0451338305858005,0,0,0,1,0,0,1,0,0,0,0,0,0,0,0,0,0,1,0,0,0,0,1,0,1,0,1
0793-TWELN,0,-1.15528349251868,0.511444866132201,-0.866212808983904,0,0,0,1,0,1,1,0,0,1,0,0,0,0,0,0,0,0,0,0,0,0,1,0,1,0,0
3283-WCWXT,0,-1.07384276507861,-1.3082228490497,-0.939741260672289,1,1,1,1,0,1,0,1,1,0,1,0,1,0,1,0,1,0,1,0,0,1,0,0,0,1,0
1060-ENTOF,1,1.41009942184324,1.35065235121609,2.09865479489646,0,1,0,1,0,1,1,0,0,1,0,1,0,1,0,1,0,0,0,1,1,0,1,1,0,0,0
0999-QXNSA,1,-1.03312240135858,-0.631871469982092,-0.855462777169961,1,0,1,1,0,0,0,0,0,0,0,0,0,0,0,0,0,0,0,0,0,0,1,0,0,1,0
5451-MHQOF,0,0.962175420922904,-1.33979699205286,-0.375375627433937,1,1,1,1,0,1,0,1,1,0,1,0,1,0,1,0,1,0,1,0,1,0,1,0,0,1,0
4836-WNFNO,0,1.61370124044339,-1.32151722505103,-0.191035759511479,0,1,0,1,0,1,0,1,1,0,1,0,1,0,1,0,1,0,1,0,0,1,0,1,0,0,0
9225-BZLNZ,0,1.61370124044339,0.680948160149145,1.67814533687673,1,1,0,1,0,1,0,0,0,1,0,1,0,1,0,0,0,1,0,1,0,1,1,0,1,0,0
0354-VXMJC,0,-0.381596581838098,-1.50099130106898,-0.819062772116179,1,1,1,1,0,0,0,1,1,0,1,0,1,0,1,0,1,0,1,0,0,1,0,1,0,0,0
4422-QVIJA,0,0.107047782802266,-0.485633333967473,-0.276616608264367,0,0,1,1,0,1,0,0,0,0,0,0,0,0,0,0,0,0,0,0,0,0,0,0,0,1,0
9365-SRSZE,1,-0.218715126957977,0.192379842100305,-0.149227627569779,1,1,0,1,0,0,1,0,0,0,0,0,0,0,0,0,0,0,0,0,0,0,1,0,1,0,0
6839-ITVZJ,0,-0.259435490678007,-0.156597527934581,-0.293922614305704,0,1,1,1,0,1,0,0,0,0,0,1,0,0,0,1,0,0,0,0,0,0,1,0,1,0,1
8332-OSJDW,0,-0.829520582758432,-1.27498690904638,-0.868376059739071,1,1,1,1,0,1,0,1,1,0,1,0,1,0,1,0,1,0,1,0,1,0,0,0,0,1,0
4735-BJKOU,0,0.310649601402418,-1.48271153406715,-0.652095132196951,0,0,0,1,0,0,0,1,1,0,1,0,1,0,1,0,1,0,1,0,0,1,0,0,0,1,0
0274-JKUJR,0,-1.03312240135858,-0.196480655938568,-0.801822988036735,1,1,1,0,1,0,0,0,0,1,0,1,0,1,0,0,0,1,0,1,0,0,0,0,0,1,0
5740-YHGTW,0,1.53226051300333,1.08975022219001,1.93683039401758,1,1,1,1,0,1,1,0,0,1,0,1,0,0,0,0,0,1,0,0,0,0,1,1,0,0,0
8917-SZTTJ,0,1.12505687580303,-1.49932950406881,-0.494531010866511,1,1,1,1,0,0,0,1,1,0,1,0,1,0,1,0,1,0,1,0,0,1,0,1,0,0,0
1696-MZVAU,0,0.269929237682388,-1.3132082400502,-0.589007676500342,1,1,1,0,1,0,0,0,0,0,0,0,0,0,0,0,0,0,0,0,1,0,1,1,0,0,0
7359-WWYJV,0,1.61370124044339,1.65143760824616,2.68999484061251,1,1,0,1,0,1,1,0,0,1,0,1,0,1,0,1,0,1,0,1,0,1,0,1,0,0,0
0375-HVGXO,0,-1.27744458367877,-0.999128607018805,-0.992100758542254,0,0,0,0,1,0,0,0,0,0,0,0,0,0,0,0,0,1,0,0,0,0,1,0,1,0,1
4906-ZHGPK,0,0.880734693482843,0.197365233100803,0.656958536514045,1,1,1,1,0,1,0,0,0,0,0,1,0,0,0,1,0,1,0,0,1,0,1,0,1,0,0
8593-WHYHV,0,-1.1960038562387,0.682609957149311,-0.890516268998588,1,0,0,1,0,1,1,0,0,0,0,0,0,0,0,0,0,0,0,1,0,0,1,0,1,0,1
3795-GWTRD,0,1.24721796696312,0.358559542116917,1.07100031625558,0,1,1,1,0,0,0,0,0,1,0,1,0,1,0,1,0,1,0,0,0,1,0,1,0,0,0
1298-PHBTI,0,1.57298087672336,0.66599198714765,1.70873988327123,1,1,1,1,0,1,1,0,0,0,0,1,0,0,0,1,0,0,0,0,0,1,1,0,1,0,0
6223-DHJGV,0,0.392090328842479,-1.46609356406549,-0.584438361129734,0,0,0,1,0,0,0,1,1,0,1,0,1,0,1,0,1,0,1,0,1,0,1,0,0,1,0
6961-MJKBO,0,0.595692147442631,-1.47274075206615,-0.591104705293616,1,0,0,1,0,0,0,1,1,0,1,0,1,0,1,0,1,0,1,0,0,1,0,0,0,0,0
6097-EQISJ,0,1.36937905812321,1.25260632820629,1.91303463571074,0,1,1,1,0,1,1,0,0,0,0,1,0,1,0,0,0,1,0,1,1,0,1,1,0,0,1
4423-YLHDV,0,-0.463037309278159,1.31741641121277,-0.0360542946948606,0,1,0,1,0,1,1,0,0,1,0,0,0,1,0,0,0,1,0,1,0,0,1,0,0,0,1
8158-WPEZG,0,-0.870240946478462,-0.967554464015649,-0.819747065722406,1,0,0,0,1,0,0,0,0,0,0,1,0,0,0,1,0,0,0,0,0,0,1,0,1,0,0
0107-YHINA,0,-1.27744458367877,1.16286929019732,-0.963382501068045,1,0,1,1,0,1,1,0,0,0,0,0,0,1,0,0,0,1,0,1,0,0,1,0,1,0,1
4918-FYJNT,1,0.921455057202873,0.853775048166422,1.21975691665427,0,1,0,1,0,1,1,0,0,0,0,1,0,1,0,1,0,0,0,0,0,0,0,0,1,0,0
0727-BNRLG,0,1.4915401492833,1.09307381619034,1.96972063509104,1,0,0,1,0,1,1,0,0,0,0,1,0,1,0,1,0,1,0,0,0,1,1,1,0,0,0
4854-CIDCF,1,-1.1960038562387,0.302058444111269,-0.920713483621738,0,0,0,1,0,0,1,0,0,0,0,0,0,1,0,0,0,0,0,0,0,0,0,0,1,0,0
8640-SDGKB,0,-1.15528349251868,0.320338211113097,-0.875108625864847,1,0,0,1,0,0,0,0,0,0,0,0,0,1,0,1,0,1,0,1,0,0,1,0,1,0,1
3280-MRDOF,1,-0.0965540357978854,0.144187729095487,-0.0830056656769068,1,0,0,1,0,1,0,0,0,0,0,0,0,1,0,1,0,1,0,0,0,1,1,1,0,0,0
6435-SRWBJ,0,-1.11456312879864,0.597858310140839,-0.822991941855156,0,0,0,1,0,1,1,0,0,0,0,0,0,1,0,1,0,0,0,0,0,0,1,0,1,0,0
9964-WBQDJ,0,1.57298087672336,-1.34145878905303,-0.245690952060396,0,1,0,1,0,1,0,1,1,0,1,0,1,0,1,0,1,0,1,0,0,1,1,1,0,0,0
6303-KFWSL,0,-0.137274399517916,-0.316130039950529,-0.292134621334597,0,0,0,1,0,1,0,0,0,0,0,1,0,0,0,0,0,0,0,0,1,0,1,0,1,0,0
1702-CCFNJ,0,0.799293966042782,-0.113390805930262,0.391872023056878,1,1,0,1,0,1,0,0,0,0,0,1,0,0,0,1,0,0,0,0,0,0,0,0,0,0,0
8932-CZHRQ,0,1.45081978556327,0.398442670120904,1.30295377477901,1,0,0,1,0,1,0,0,0,1,0,1,0,1,0,0,0,0,0,1,1,0,0,1,0,0,0
0386-CWRGM,0,0.5549717837226,-1.50763848906964,-0.580133933606697,0,1,1,1,0,0,0,1,1,0,1,0,1,0,1,0,1,0,1,0,0,1,0,0,0,1,0
5515-RUGKN,0,-0.992402037638553,-0.33274800995219,-0.814029903012321,1,0,0,1,0,0,0,0,0,0,0,0,0,0,0,0,0,0,0,1,0,0,1,1,0,0,0
0404-AHASP,0,1.61370124044339,-1.49766770706864,-0.379680054956973,1,1,0,1,0,0,0,1,1,0,1,0,1,0,1,0,1,0,1,0,0,1,0,1,0,0,0
7279-NMVJC,0,-0.62591876415828,-1.49102051906798,-0.864755925822261,0,0,0,1,0,0,0,1,1,0,1,0,1,0,1,0,1,0,1,0,1,0,0,0,0,0,0
2081-VEYEH,0,-1.1960038562387,1.43540399822456,-0.866764658666345,1,0,0,1,0,0,1,0,0,0,0,1,0,1,0,1,0,1,0,1,0,0,1,0,1,0,0
6407-UTSLV,1,-1.23672421995873,0.632756047144327,-0.935149871314384,0,0,0,1,0,0,1,0,0,0,0,1,0,0,0,0,0,1,0,0,0,0,1,0,0,0,0
4116-TZAQJ,0,-0.951681673918523,0.315352820112598,-0.725027586228301,0,0,0,1,0,0,1,0,0,1,0,0,0,0,0,0,0,0,0,0,0,0,1,1,0,0,1
9060-HJJRW,0,0.758573602322752,-0.277908708946708,0.285453330295033,0,0,0,0,1,0,0,0,0,0,0,1,0,1,0,0,0,1,0,1,1,0,1,1,0,0,0
2587-YNLES,0,-1.07384276507861,-1.48437333106731,-0.963117613220473,0,1,1,1,0,0,0,1,1,0,1,0,1,0,1,0,1,0,1,0,0,1,0,0,0,1,0
7398-SKNQZ,0,-1.1960038562387,1.00167498118121,-0.886807839132587,0,1,0,1,0,1,1,0,0,0,0,0,0,0,0,0,0,1,0,1,0,0,0,0,1,0,0
5935-FCCNB,1,-0.62591876415828,0.978409823178881,-0.297454452273324,0,0,0,1,0,1,1,0,0,0,0,0,0,0,0,0,0,1,0,1,0,0,1,0,1,0,0
1958-RNRKS,0,-0.0965540357978854,-0.493942318968304,-0.370828386050626,1,1,0,1,0,1,0,0,0,0,0,0,0,0,0,0,0,0,0,0,0,0,0,0,1,0,0
5136-RGMZO,0,-0.0558336720778551,0.208997812101966,-0.0502257945399352,1,0,0,1,0,1,0,0,0,0,0,1,0,0,0,1,0,1,0,0,0,0,1,0,1,0,0
8345-MVDYC,0,0.51425142000257,0.561298776137184,0.590162650951435,0,0,0,1,0,0,0,0,0,1,0,0,0,1,0,1,0,1,0,1,0,1,0,0,0,0,0
8226-BXGES,0,1.28793833068315,0.820539108163099,1.50576957006958,1,1,0,1,0,1,1,0,0,1,0,1,0,1,0,0,0,0,0,0,1,0,0,0,0,0,0
3877-JRJIP,0,-1.27744458367877,-0.163244715935246,-0.980997542931549,1,0,0,1,0,1,0,0,0,0,0,0,0,0,0,0,0,1,0,0,0,0,1,0,1,0,1
8375-DKEBR,1,-1.27744458367877,0.160805699097148,-0.976693115408512,0,0,0,1,0,0,1,0,0,0,0,0,0,0,0,0,0,0,0,0,0,0,1,0,1,0,1
9705-IOVQQ,1,1.16577723952306,1.13794233519483,1.62790494178733,1,1,1,1,0,1,1,0,0,0,0,1,0,0,0,0,0,1,0,1,1,0,0,0,1,0,0
1015-OWJKI,0,-1.27744458367877,-1.5192710680708,-0.99900991656641,1,0,0,1,0,0,0,1,1,0,1,0,1,0,1,0,1,0,1,0,0,0,0,0,0,1,0
7511-YMXVQ,0,-0.951681673918523,-0.643504048983255,-0.822528388121906,1,0,0,0,1,0,0,0,0,0,0,0,0,0,0,0,0,1,0,1,0,0,1,0,1,0,1
2040-XBAVJ,0,1.61370124044339,1.65143760824616,2.56880865034856,1,1,1,1,0,1,1,0,0,1,0,1,0,1,0,1,0,1,0,1,0,1,0,0,0,0,0
7551-JOHTI,0,-1.27744458367877,-1.50431489506931,-0.998811250680731,0,0,0,1,0,0,0,1,1,0,1,0,1,0,1,0,1,0,1,0,0,0,0,0,0,1,1
8887-IPQNC,0,-1.03312240135858,-0.681725379987076,-0.869038279358,0,1,0,1,0,0,0,0,0,0,0,0,0,0,0,0,0,0,0,0,0,0,1,0,0,1,0
8646-JCOMS,0,1.36937905812321,0.857098642166754,1.69927014272055,0,1,0,1,0,1,1,0,0,0,0,1,0,1,0,1,0,0,0,0,1,0,1,0,0,0,0
9804-ICWBG,0,-1.27744458367877,0.170776481098145,-0.976560671484726,1,0,0,1,0,0,1,0,0,0,0,0,0,0,0,0,0,0,0,0,0,0,1,0,1,0,1
1222-KJNZD,0,0.310649601402418,-1.47440254906632,-0.678385251068421,1,1,1,1,0,0,0,1,1,0,1,0,1,0,1,0,1,0,1,0,0,0,1,0,0,0,0
0106-GHRQR,0,-0.66663912787831,0.220630391103129,-0.472302505657804,1,0,0,1,0,1,0,0,0,0,0,1,0,1,0,0,0,0,0,1,0,0,1,0,0,0,0
5318-IXUZF,0,-1.23672421995873,0.744096446155458,-0.926298202408037,0,0,0,1,0,0,1,0,0,0,0,1,0,0,0,0,0,1,0,0,0,0,1,0,0,0,1
3768-VHXQO,0,1.41009942184324,-1.32650261605153,-0.308336928011053,1,1,0,1,0,1,0,1,1,0,1,0,1,0,1,0,1,0,1,0,0,1,0,1,0,0,0
8952-WCVCD,0,0.351369965122448,1.31907820821294,0.830040670914715,0,1,0,1,0,0,1,0,0,1,0,1,0,1,0,0,0,1,0,1,1,0,1,0,0,0,0
2418-TPEUN,0,0.962175420922904,-1.49434411306831,-0.513006938234622,0,1,1,1,0,0,0,1,1,0,1,0,1,0,1,0,1,0,1,0,0,1,1,1,0,0,0
3963-RYFNS,0,1.61370124044339,1.71790948825281,2.53039991245069,0,0,0,1,0,1,1,0,0,1,0,1,0,1,0,1,0,1,0,1,0,1,1,0,0,0,0
3198-VELRD,0,-1.1960038562387,0.664330190147484,-0.89049419501129,0,1,1,1,0,1,1,0,0,0,0,0,0,0,0,0,0,0,0,1,0,0,1,0,0,0,1
8540-ZQGEA,0,0.880734693482843,-1.48603512806748,-0.520732833788791,0,1,0,1,0,0,0,1,1,0,1,0,1,0,1,0,1,0,1,0,0,1,0,1,0,0,0
1320-REHCS,1,0.799293966042782,1.52846463023387,1.56728977266806,1,0,0,1,0,1,1,0,0,0,0,1,0,1,0,1,0,1,0,1,0,0,1,0,1,0,0
4137-JOPHL,0,0.717853238602722,0.82884809316393,0.892929460725645,0,0,0,1,0,0,1,0,0,0,0,0,0,1,0,1,0,0,0,1,0,1,1,0,0,0,0
9436-ZBZCT,0,-0.748079855318371,0.837157078164761,-0.487180373096402,1,0,0,1,0,1,1,0,0,0,0,0,0,0,0,1,0,1,0,0,0,0,1,0,1,0,1
7801-CEDNV,0,-0.218715126957977,-0.533825446972291,-0.379746276918866,1,1,0,1,0,0,0,0,0,1,0,0,0,0,0,0,0,0,0,0,1,0,0,1,0,0,0
2057-BOYKM,1,1.61370124044339,1.05817607918686,2.00678285976375,0,1,0,1,0,1,1,0,0,1,0,1,0,1,0,1,0,0,0,0,0,1,1,0,0,0,0
3658-QQJYD,0,1.20649760324309,0.317014617112764,1.06667381474524,1,0,0,1,0,0,0,0,0,1,0,1,0,0,0,0,0,1,0,1,1,0,1,1,0,0,0
1803-BGNBD,0,-0.829520582758432,-0.347704182953685,-0.718471612000907,0,0,0,1,0,0,0,0,0,0,0,1,0,0,0,1,0,0,0,0,0,0,1,0,1,0,0
0134-XWXCE,1,0.473531056282539,0.335294384114591,0.435357778033198,0,0,0,1,0,0,0,0,0,0,0,0,0,1,0,1,0,1,0,1,1,0,0,0,0,0,0
6950-TWMYB,0,0.880734693482843,0.504797678131536,0.918336620105211,1,1,1,1,0,0,1,0,0,0,0,1,0,0,0,1,0,0,0,0,0,1,1,0,0,0,0
5848-FHRFC,0,1.45081978556327,-1.48603512806748,-0.39513184606531,0,0,0,1,0,0,0,1,1,0,1,0,1,0,1,0,1,0,1,0,0,1,0,0,0,0,0
2243-FNMMI,0,-0.503757672998189,-1.50763848906964,-0.824029419258145,1,0,0,1,0,0,0,1,1,0,1,0,1,0,1,0,1,0,1,0,0,0,0,0,0,1,0
2511-MORQY,0,0.717853238602722,-0.327762618951692,0.146652098167573,1,1,1,1,0,1,0,0,0,0,0,0,0,1,0,0,0,0,0,0,1,0,0,0,0,0,0
5356-KZCKT,0,1.04361614836296,-1.33979699205286,-0.339196362253131,1,0,0,1,0,1,0,1,1,0,1,0,1,0,1,0,1,0,1,0,0,1,1,1,0,0,0
9470-XCCEM,0,0.107047782802266,0.827186296163764,0.388362259076556,1,1,1,1,0,1,1,0,0,0,0,1,0,0,0,0,0,1,0,0,0,0,1,0,0,0,0
6519-CFDBX,0,-1.23672421995873,-0.643504048983255,-0.971682320291952,0,0,0,1,0,0,0,0,0,0,0,0,0,0,0,0,0,0,0,0,0,0,1,0,1,0,0
3902-MIVLE,0,1.24721796696312,0.363544933117415,1.05724822216916,1,1,1,1,0,1,0,0,0,1,0,0,0,1,0,1,0,0,0,1,0,1,0,0,0,1,0
0409-WTMPL,0,1.04361614836296,1.52514103623354,1.87396367819395,0,1,0,1,0,1,1,0,0,1,0,1,0,1,0,0,0,1,0,1,1,0,1,1,0,0,0
8763-KIAFH,0,-0.218715126957977,-1.46941715806582,-0.749904969912723,0,1,1,1,0,0,0,1,1,0,1,0,1,0,1,0,1,0,1,0,1,0,1,0,0,1,0
3669-WHAFY,0,1.57298087672336,1.67470276624849,2.55889743005193,0,1,0,1,0,1,1,0,0,1,0,1,0,1,0,1,0,1,0,1,0,1,1,1,0,0,0
3055-VTCGS,0,1.24721796696312,-0.206451437939565,0.539304184217709,0,0,0,1,0,0,0,0,0,0,0,0,0,1,0,0,0,0,0,1,1,0,0,1,0,0,0
3144-KMTWZ,0,1.57298087672336,0.946835680175725,1.93700698591596,1,1,0,1,0,1,1,0,0,0,0,1,0,1,0,0,0,0,0,1,0,0,1,0,0,0,0
7279-BUYWN,1,0.351369965122448,1.60989268324201,1.06289916291735,0,0,0,1,0,1,1,0,0,1,0,1,0,1,0,0,0,1,0,1,0,0,1,0,1,0,1
7156-MHUGY,1,-0.788800219038401,0.855436845166588,-0.477136708875983,1,0,0,1,0,0,1,0,0,0,0,0,0,0,0,0,0,1,0,1,0,0,1,0,1,0,1
7198-GLXTC,0,-1.23672421995873,0.47322353512838,-0.944001540220731,1,0,0,1,0,0,1,0,0,0,0,0,0,0,0,0,0,1,0,0,0,0,0,0,1,0,1
2007-QVGAW,0,1.45081978556327,-1.50930028606981,-0.436741312121331,0,1,1,1,0,0,0,1,1,0,1,0,1,0,1,0,1,0,1,0,0,1,1,0,0,0,0
5207-PLSTK,0,-1.27744458367877,-0.532163649972125,-0.985897968111621,1,1,1,1,0,0,0,0,0,1,0,0,0,0,0,0,0,0,0,0,0,0,1,0,0,1,0
2307-FYNNL,1,1.32865869440318,1.47196353222822,2.13070622445261,1,0,0,1,0,1,1,0,0,1,0,0,0,1,0,1,0,1,0,1,0,1,1,0,1,0,0
5605-XNWEN,1,1.61370124044339,-1.32151722505103,-0.211630789660162,1,1,0,1,0,1,0,1,1,0,1,0,1,0,1,0,1,0,1,0,0,1,1,0,0,0,0
2155-AMQRX,0,-0.177994763237946,-0.327762618951692,-0.342926866106429,0,0,0,1,0,1,0,0,0,0,0,0,0,0,0,1,0,0,0,0,0,0,1,1,0,0,0
6181-AXXYF,0,1.61370124044339,-1.32982621005186,-0.186665110026549,1,1,1,1,0,1,0,1,1,0,1,0,1,0,1,0,1,0,1,0,0,1,0,1,0,0,0
5091-HFAZW,0,-1.23672421995873,0.877040206168748,-0.933030768533812,0,0,0,1,0,0,1,0,0,1,0,1,0,0,0,0,0,1,0,0,0,0,1,0,1,0,0
0516-VRYBW,0,-0.58519840043825,-1.48271153406715,-0.834867747021278,0,0,1,1,0,0,0,1,1,0,1,0,1,0,1,0,1,0,1,0,1,0,0,0,0,0,1
2519-LBNQL,1,1.12505687580303,1.3157546142126,1.79131866975164,1,1,0,1,0,1,1,0,0,0,0,1,0,1,0,0,0,1,0,1,1,0,1,0,1,0,0
8623-ULFNQ,1,-0.259435490678007,0.0428181120853536,-0.277918973514927,0,0,0,1,0,1,0,0,0,0,0,0,0,0,0,1,0,0,0,1,0,0,1,0,1,0,0
8380-PEFPE,0,-1.27744458367877,0.22893937610396,-0.97578808192931,1,0,1,1,0,0,1,0,0,0,0,0,0,0,0,0,0,0,0,0,0,0,1,0,1,0,1
5687-DKDTV,0,-1.15528349251868,-1.47606434606648,-0.973205425415488,0,0,0,1,0,0,0,1,1,0,1,0,1,0,1,0,1,0,1,0,0,0,0,0,0,1,1
1568-LJSZU,0,1.45081978556327,0.911937943172236,1.81489368818551,1,1,1,1,0,1,0,0,0,1,0,1,0,1,0,1,0,1,0,1,0,1,1,1,0,0,0
7530-HDYDS,0,0.229208873962357,0.647712220145823,0.433790524935066,0,0,0,1,0,0,1,0,0,0,0,1,0,1,0,1,0,0,0,0,0,0,1,1,0,0,1
7789-HKSBS,1,0.392090328842479,1.34400516321543,1.02301146787054,0,1,0,1,0,1,1,0,0,1,0,0,0,1,0,0,0,1,0,1,1,0,1,0,0,0,0
7416-CKTEP,0,1.00289578464293,-1.50099130106898,-0.506671703880204,0,1,0,1,0,0,0,1,1,0,1,0,1,0,1,0,1,0,1,0,0,1,1,0,0,0,0
2586-CWXVV,0,0.880734693482843,-1.14204314903309,-0.291626919626751,1,1,0,0,1,0,0,0,0,0,0,1,0,0,0,0,0,0,0,0,0,0,0,0,1,0,0
3096-IZETN,0,-0.829520582758432,0.443311189125389,-0.58920634238602,0,0,0,1,0,0,1,0,0,0,0,0,0,0,0,0,0,0,0,1,0,0,0,0,0,0,1
2348-KCJLT,0,0.473531056282539,-0.108405414929763,0.194376058705036,0,1,0,1,0,0,0,0,0,1,0,1,0,1,0,0,0,0,0,0,1,0,1,0,0,1,0
8401-EMUWF,0,0.392090328842479,0.154158511096484,0.342757401319665,1,1,1,1,0,1,0,0,0,1,0,1,0,0,0,0,0,1,0,0,0,0,1,0,0,0,0
4193-IBKSW,0,1.61370124044339,-1.32982621005186,-0.226177547289296,1,1,1,1,0,1,0,1,1,0,1,0,1,0,1,0,1,0,1,0,0,1,0,0,0,0,0
5377-NDTOU,0,1.57298087672336,0.873716612168415,1.77114304536162,0,1,1,1,0,1,0,0,0,1,0,1,0,1,0,1,0,1,0,1,0,1,0,0,0,1,0
5922-ABDVO,0,-0.544478036718219,0.827186296163764,-0.22995219911719,0,1,0,1,0,1,1,0,0,0,0,0,0,1,0,0,0,0,0,1,0,0,0,0,0,1,1
2474-LCNUE,0,-0.381596581838098,0.295411256110605,-0.282179253063368,0,1,0,1,0,1,0,0,0,0,0,0,0,0,0,1,0,1,0,1,0,0,1,1,0,0,0
0839-QNXME,0,-0.0965540357978854,-1.50763848906964,-0.752024072693295,0,0,0,1,0,0,0,1,1,0,1,0,1,0,1,0,1,0,1,0,0,1,0,1,0,0,0
3506-OVLKD,0,0.107047782802266,-1.28163409704705,-0.585851096316782,1,0,0,1,0,1,0,1,1,0,1,0,1,0,1,0,1,0,1,0,1,0,0,0,0,0,0
9172-ANCRX,0,-0.910961310198492,1.12797155319383,-0.577749942978554,0,0,0,1,0,1,1,0,0,1,0,0,0,0,0,0,0,1,0,1,0,0,1,0,1,0,1
6650-VJONK,0,-1.27744458367877,-0.695019755988405,-0.988061218866789,1,0,0,1,0,0,0,0,0,0,0,0,0,0,0,0,0,0,0,0,0,0,1,0,0,0,0
2178-PMGCJ,0,-0.422316945558128,0.164129293097481,-0.349438692359228,1,0,0,1,0,0,1,0,0,0,0,0,0,0,0,0,0,0,0,0,0,0,1,0,0,1,0
7492-TAFJD,0,-1.03312240135858,-0.871170238006014,-0.88380577686011,1,1,1,0,1,0,0,0,0,1,0,1,0,1,0,0,0,0,0,0,0,1,0,0,0,1,0
2773-MADBQ,0,0.147768146522297,-0.387587310957672,-0.168056738734652,0,0,0,0,1,0,0,0,0,1,0,1,0,1,0,1,0,0,0,1,0,1,1,0,0,1,0
6016-LVTJQ,0,0.066327419082236,-1.46609356406549,-0.691144015726448,0,1,1,1,0,0,0,1,1,0,1,0,1,0,1,0,1,0,1,0,0,0,0,0,0,1,0
7860-KSUGX,0,1.61370124044339,-0.0103593919199622,1.0763642951689,1,1,1,1,0,1,0,0,0,1,0,1,0,1,0,0,0,0,0,0,0,1,0,1,0,0,0
8966-KZXXA,0,0.147768146522297,-1.3181936310507,-0.596424536232343,1,1,1,1,0,1,0,1,1,0,1,0,1,0,1,0,1,0,1,0,0,1,0,1,0,0,0
6910-HADCM,0,-1.27744458367877,0.385148294119575,-0.973713127123333,0,0,0,1,0,0,1,0,0,0,0,0,0,1,0,0,0,0,0,0,0,0,0,0,1,0,1
4816-LXZYW,0,-0.381596581838098,0.478208926128878,-0.267080645751793,0,0,0,1,0,1,1,0,0,0,0,1,0,0,0,0,0,0,0,0,0,0,1,0,1,0,1
9606-PBKBQ,1,-0.0151133083578247,0.672639175148314,0.158991457066945,1,1,0,1,0,1,1,0,0,0,0,0,0,0,0,0,0,0,0,1,0,0,1,0,1,0,1
5149-QYTTU,0,1.57298087672336,1.00998396618204,1.98177303215554,0,1,1,1,0,1,1,0,0,1,0,1,0,1,0,1,0,0,0,0,1,0,1,1,0,0,0
2070-XYMFH,1,-0.381596581838098,0.484856114129542,-0.197172327980218,0,0,0,1,0,1,1,0,0,0,0,0,0,1,0,0,0,0,0,0,0,0,1,0,0,1,0
2085-BOJKI,0,-0.62591876415828,1.05983787618702,-0.306239899217778,1,1,0,1,0,0,1,0,0,0,0,0,0,1,0,0,0,1,0,1,1,0,1,0,0,0,0
0817-HSUSE,0,-1.27744458367877,0.356897745116751,-0.974088384907393,1,0,0,1,0,0,0,0,0,0,0,0,0,1,0,1,0,1,0,1,0,0,1,0,1,0,0
5442-PPTJY,0,-0.829520582758432,-1.49766770706864,-0.893363813359982,1,1,1,1,0,0,0,1,1,0,1,0,1,0,1,0,1,0,1,0,0,1,0,0,0,1,0
1927-QEWMY,0,1.61370124044339,-1.47107895506598,-0.344207157369692,0,1,0,1,0,0,0,1,1,0,1,0,1,0,1,0,1,0,1,0,0,1,0,1,0,0,0
1663-MHLHE,0,-1.27744458367877,-1.5142856770703,-0.998943694604517,1,0,0,1,0,0,0,1,1,0,1,0,1,0,1,0,1,0,1,0,0,0,0,0,0,1,0
5663-QBGIS,1,1.61370124044339,1.11633897419267,2.05176964587631,1,1,0,1,0,1,1,0,0,0,0,1,0,0,0,0,0,1,0,1,0,1,0,0,0,0,0
4450-MDZFX,0,1.12505687580303,0.31867641411293,0.958621646923375,1,1,1,1,0,1,1,0,0,0,0,0,0,0,0,0,0,0,0,0,0,0,0,0,0,0,0
6701-DHKWQ,0,1.16577723952306,-0.445750205963487,0.424916782041422,0,1,1,0,1,0,0,0,0,0,0,1,0,1,0,1,0,1,0,0,0,1,0,1,0,0,0
7554-AKDQF,0,-1.07384276507861,-0.635195063982425,-0.864623481898475,0,1,0,1,0,0,0,0,0,0,0,0,0,0,0,0,0,0,0,0,0,0,0,0,0,1,0
3536-IQCTX,1,-0.0151133083578247,0.682609957149311,0.16740164622734,1,1,0,1,0,1,1,0,0,0,0,0,0,0,0,0,0,0,0,1,0,0,0,0,1,0,1
4911-BANWH,0,-0.0558336720778551,0.724154882153464,0.183427361005415,0,0,1,1,0,1,1,0,0,0,0,0,0,0,0,0,0,1,0,0,0,0,1,1,0,0,1
8496-EJAUI,0,-0.544478036718219,0.302058444111269,-0.378532207617497,1,0,0,1,0,0,1,0,0,0,0,1,0,0,0,0,0,0,0,0,0,0,1,1,0,0,1
0794-YVSGE,0,1.61370124044339,-1.47772614306665,-0.388840759685487,1,1,1,1,0,0,0,1,1,0,1,0,1,0,1,0,1,0,1,0,0,1,0,0,0,0,0
5423-BHIXO,0,-0.0151133083578247,-0.351027776954017,-0.239421939667871,0,0,0,1,0,1,0,0,0,0,0,1,0,0,0,0,0,0,0,0,0,0,1,0,1,0,0
6908-VVYHM,0,1.32865869440318,0.860422236167086,1.61099626751735,1,1,0,1,0,1,1,0,0,0,0,1,0,0,0,0,0,0,0,1,0,0,1,0,1,0,0
2959-EEXWB,0,0.51425142000257,-0.460706378964982,0.0229273993643907,0,1,1,0,1,0,0,0,0,1,0,0,0,0,0,0,0,1,0,1,0,0,1,0,0,0,0
1839-UMACK,0,0.392090328842479,-1.31985542805087,-0.588080569033842,1,0,0,1,0,1,0,1,1,0,1,0,1,0,1,0,1,0,1,0,1,0,0,0,1,0,0
3030-YDNRM,0,-0.992402037638553,0.335294384114591,-0.754695025156308,1,0,0,1,0,1,1,0,0,0,0,0,0,0,0,0,0,0,0,0,0,0,1,0,1,0,0
7321-KKSDU,0,-0.0151133083578247,-1.47107895506598,-0.699797018747117,1,0,1,1,0,0,0,1,1,0,1,0,1,0,1,0,1,0,1,0,0,1,0,0,0,1,0
3402-XRIUO,1,-0.422316945558128,-0.0402717379229526,-0.397383392769668,0,1,0,1,0,1,0,0,0,1,0,1,0,0,0,1,0,0,0,0,0,0,1,0,0,1,0
3132-TVFDZ,1,1.00289578464293,-0.661783815985083,0.128485206621629,1,1,0,0,1,0,0,0,0,0,0,0,0,0,0,0,0,1,0,1,0,0,1,0,1,0,1
8286-AFUYI,0,-1.27744458367877,-0.558752401974783,-0.986251151908383,1,0,0,1,0,0,0,0,0,1,0,0,0,0,0,0,0,0,0,0,0,0,0,0,1,0,0
8080-DDEMJ,1,-1.27744458367877,-0.653474830984252,-0.987509369184348,1,0,0,1,0,0,0,0,0,0,0,0,0,0,0,0,0,0,0,0,0,0,0,0,1,0,1
8356-WUAOJ,0,-1.27744458367877,-0.656798424984584,-0.987553517158943,0,1,0,1,0,0,0,0,0,0,0,0,0,0,0,0,0,0,0,0,0,0,1,0,1,0,0
6365-MTGZX,0,-0.340876218118068,1.03823451518486,-0.0704014189299636,1,0,0,1,0,0,1,0,0,0,0,0,0,0,0,1,0,1,0,1,0,0,1,0,1,0,1
1349-WXNGG,0,-1.27744458367877,-1.48603512806748,-0.998568436820457,1,0,0,1,0,0,0,1,1,0,1,0,1,0,1,0,1,0,1,0,0,0,0,0,0,0,1
8058-DMYRU,1,0.880734693482843,0.840480672165093,1.16986970536164,1,0,0,1,0,1,1,0,0,0,0,1,0,0,0,0,0,0,0,1,0,0,1,0,1,0,0
9350-ZXYJC,0,-1.15528349251868,-1.31154644305004,-0.955789049437662,0,0,0,1,0,1,0,1,1,0,1,0,1,0,1,0,1,0,1,0,0,1,1,1,0,0,0
6990-YNRIO,0,1.32865869440318,1.45866915622689,2.0555442977042,1,1,1,1,0,1,1,0,0,1,0,0,0,1,0,1,0,1,0,1,0,1,0,0,0,0,1
8958-JPTRR,0,0.962175420922904,-1.34478238305336,-0.450405110258561,0,1,0,1,0,1,0,1,1,0,1,0,1,0,1,0,1,0,1,0,1,0,0,0,1,0,0
6959-GQEGV,0,0.51425142000257,0.371853918118246,0.437896286572424,1,0,0,1,0,0,0,0,0,1,0,0,0,1,0,0,0,1,0,1,0,0,1,0,1,0,0
3173-WSSUE,0,1.57298087672336,-1.49766770706864,-0.382351007419986,0,1,1,1,0,0,0,1,1,0,1,0,1,0,1,0,1,0,1,0,0,1,0,1,0,0,0
1265-HVPZB,0,1.084336512083,0.0544506910865167,0.740045024702302,1,1,0,1,0,0,0,0,0,1,0,1,0,1,0,0,0,1,0,0,1,0,0,1,0,0,0
4115-UMJFQ,0,1.4915401492833,-0.964230870015317,0.0928577911232636,1,0,0,0,1,0,0,0,0,0,0,1,0,1,0,0,0,0,0,0,1,0,1,0,0,0,0
7369-TRPFD,0,-0.544478036718219,-1.52758005307163,-0.884158960656872,1,0,0,1,0,0,0,1,1,0,1,0,1,0,1,0,1,0,1,0,1,0,0,0,0,1,0
1098-KFQEC,0,0.921455057202873,-1.50763848906964,-0.529297540860269,0,1,1,1,0,0,0,1,1,0,1,0,1,0,1,0,1,0,1,0,0,1,0,1,0,0,0
7190-XHTWJ,0,0.229208873962357,-1.51096208306997,-0.673882157659706,0,0,0,1,0,0,0,1,1,0,1,0,1,0,1,0,1,0,1,0,1,0,0,0,0,1,0
0621-TWIEM,0,-0.910961310198492,-0.638518657982757,-0.829680360006336,1,0,0,1,0,0,0,0,0,0,0,0,0,0,0,0,0,0,0,0,0,0,1,0,1,0,1
3537-RYBHH,1,0.595692147442631,0.0893484280900052,0.42827202811066,0,1,0,1,0,1,0,0,0,1,0,1,0,1,0,0,0,0,0,0,0,0,1,1,0,0,0
2485-ITVKB,0,-1.23672421995873,-0.985834231017476,-0.977068373192572,0,1,0,0,1,0,0,0,0,0,0,0,0,0,0,0,0,0,0,1,0,0,1,0,1,0,1
3669-OYSJI,0,-1.27744458367877,-0.616915296980597,-0.9870237414638,1,0,0,1,0,0,0,0,0,0,0,0,0,0,0,0,0,0,0,0,0,0,0,1,0,0,1
1612-EOHDH,0,-1.27744458367877,-0.651813033984086,-0.98748729519705,0,0,0,1,0,0,0,0,0,0,0,0,0,0,0,0,0,0,0,0,0,0,0,0,1,0,1
6702-OHFWR,1,-1.27744458367877,-0.713299522990232,-0.988304032727062,1,0,0,0,1,0,0,0,0,0,0,1,0,1,0,0,0,0,0,1,0,0,1,0,1,0,1
5296-BFCYD,0,0.5549717837226,-1.48437333106731,-0.593819805731224,1,1,1,1,0,0,0,1,1,0,1,0,1,0,1,0,1,0,1,0,0,1,1,0,0,1,0
4510-PYUSH,1,0.229208873962357,-0.252981753944216,-0.0138037154988556,0,0,0,1,0,0,0,0,0,1,0,1,0,0,0,0,0,0,0,0,0,0,1,1,0,0,1
9359-JANWS,0,1.32865869440318,-0.194818858938402,0.695411422386506,0,1,0,1,0,0,0,0,0,1,0,0,0,1,0,1,0,0,0,0,0,1,0,1,0,0,0
7517-SAWMO,0,-0.544478036718219,0.280455083109109,-0.371203643834686,0,1,0,1,0,0,1,0,0,1,0,0,0,0,0,0,0,0,0,0,0,0,1,0,1,0,1
4143-HHPMK,0,0.799293966042782,0.684271754149477,0.907983920062625,1,0,0,1,0,0,1,0,0,0,0,1,0,0,0,0,0,0,0,1,0,0,1,0,1,0,1
3279-DYZQM,0,1.57298087672336,-1.50597669206947,-0.398862349918609,1,1,1,1,0,0,0,1,1,0,1,0,1,0,1,0,1,0,1,0,0,1,0,0,0,1,0
7054-LGEQW,0,-1.27744458367877,-0.625224281981428,-0.987134111400288,0,0,0,1,0,0,0,0,0,0,0,0,0,0,0,0,0,0,0,0,0,0,0,0,0,1,1
0523-VNGTF,1,0.799293966042782,-0.474000754966311,0.125549366311045,0,0,0,0,1,0,0,0,0,0,0,1,0,1,0,1,0,1,0,0,0,0,1,0,1,0,0
9575-IWCAZ,0,-1.07384276507861,-1.3181936310507,-0.931927069168931,1,1,0,1,0,1,0,1,1,0,1,0,1,0,1,0,1,0,1,0,1,0,0,0,0,1,0
7105-MXJLL,1,-0.259435490678007,-0.134994166932421,-0.302200359542313,0,1,0,1,0,0,0,0,0,0,0,0,0,1,0,0,0,0,0,1,1,0,0,0,0,1,0
7064-FRRSW,1,0.636412511162661,1.13794233519483,1.08711432698284,1,0,0,1,0,1,1,0,0,0,0,1,0,0,0,0,0,1,0,1,1,0,1,0,1,0,0
7940-UQQUG,0,1.28793833068315,1.31741641121277,1.96003015466739,0,1,1,1,0,1,1,0,0,1,0,0,0,0,0,1,0,1,0,1,1,0,1,0,0,0,0
0923-PNFUB,0,-1.1960038562387,0.631094250144161,-0.898264238540054,0,0,0,1,0,0,1,0,0,0,0,1,0,0,0,0,0,1,0,0,0,0,0,0,1,0,1
3961-SXAXY,0,-1.27744458367877,-0.688372567987741,-0.987972922917598,1,0,0,1,0,0,0,0,0,0,0,0,0,0,0,0,0,0,0,0,0,0,1,0,0,0,0
7010-BRBUU,0,1.61370124044339,-1.35142957105402,-0.241607264410335,1,1,1,1,0,1,0,1,1,0,1,0,1,0,1,0,1,0,1,0,0,1,0,1,0,0,0
3566-HJGPK,0,-1.27744458367877,-0.638518657982757,-0.987310703298669,1,0,0,1,0,0,0,0,0,0,0,0,0,0,0,0,0,0,0,0,0,0,1,0,0,1,0
3062-ICYZQ,0,0.758573602322752,0.965115447177552,0.996610979062586,0,1,1,1,0,1,1,0,0,1,0,1,0,0,0,0,0,0,0,1,0,0,1,0,1,0,0
9938-PRCVK,0,0.351369965122448,-1.49766770706864,-0.652360020044523,0,1,1,1,0,0,0,1,1,0,1,0,1,0,1,0,1,0,1,0,0,1,0,0,0,0,0
0973-KYVNF,0,1.61370124044339,0.195703436100637,1.20490112320296,0,1,1,1,0,0,0,0,0,1,0,1,0,1,0,0,0,1,0,0,0,1,1,1,0,0,0
5129-HHMZC,0,0.432810692562509,0.720831288153132,0.570649246180335,0,1,0,1,0,1,0,0,0,1,0,1,0,0,0,1,0,1,0,1,0,1,0,1,0,0,0
9637-CDTKZ,0,1.61370124044339,1.639805029245,2.56256171194333,1,1,0,1,0,1,1,0,0,1,0,1,0,1,0,1,0,1,0,1,0,1,1,1,0,0,0
3946-JEWRQ,0,0.595692147442631,1.0116457631822,1.00705197505436,1,1,0,1,0,1,1,0,0,0,0,0,0,0,0,0,0,1,0,1,1,0,1,1,0,0,0
7873-CVMAW,0,1.61370124044339,0.790626762160109,1.80142855593396,1,0,0,1,0,1,0,0,0,1,0,1,0,1,0,1,0,1,0,1,0,1,0,1,0,0,0
0463-WZZKO,0,-1.1960038562387,-1.46276997006515,-0.977796814773393,1,0,0,1,0,0,0,1,1,0,1,0,1,0,1,0,1,0,1,0,0,0,1,1,0,0,0
3494-JCHRQ,0,-1.27744458367877,0.175761872098643,-0.976494449522833,1,0,0,1,0,0,1,0,0,0,0,0,0,0,0,0,0,0,0,0,0,0,1,0,1,0,1
6474-FVJLC,0,-1.23672421995873,0.705875115151637,-0.934377281758967,1,0,0,1,0,1,1,0,0,0,0,0,0,0,0,0,0,0,0,1,0,0,1,0,1,0,1
4524-QCSSM,0,-0.259435490678007,-0.668431003985747,-0.496826705545464,1,0,0,0,1,0,0,0,0,1,0,1,0,0,0,0,0,0,0,1,0,0,1,0,0,0,0
5832-EXGTT,0,-0.137274399517916,-0.151612136934083,-0.197680029688064,1,1,1,1,0,0,0,0,0,1,0,0,0,0,0,0,0,0,0,1,0,0,1,0,0,1,0
8840-DQLGN,1,0.107047782802266,1.18779624519981,0.605459924148688,0,1,0,1,0,1,1,0,0,1,0,1,0,0,0,1,0,1,0,0,0,0,1,0,0,0,1
2039-JONDJ,0,-0.218715126957977,-0.309482851949864,-0.355067559120123,1,0,0,1,0,0,0,0,0,1,0,1,0,0,0,0,0,0,0,0,1,0,0,0,0,0,0
7217-JYHOQ,0,-0.340876218118068,0.184070857099474,-0.254056993246195,1,1,1,1,0,0,0,0,0,1,0,1,0,0,0,1,0,0,0,1,0,0,1,1,0,0,0
6695-FRVEC,0,1.41009942184324,-0.144964948933418,0.738058365845515,1,1,1,1,0,0,0,0,0,1,0,0,0,1,0,1,0,0,0,0,0,1,1,0,0,0,0
4547-LYTDD,0,-0.66663912787831,0.262175316107282,-0.480160845135758,0,0,0,1,0,1,1,0,0,0,0,0,0,0,0,0,0,0,0,0,0,0,0,0,1,0,1
9894-QMIMJ,0,-0.381596581838098,-0.297850272948702,-0.421201225063804,0,0,0,1,0,0,0,0,0,0,0,1,0,1,0,0,0,0,0,0,1,0,0,0,0,0,0
8069-YQQAJ,0,-0.748079855318371,-1.11877799103077,-0.822131056350549,1,0,0,0,1,0,0,0,0,0,0,1,0,0,0,0,0,0,0,0,0,0,1,0,0,1,0
6770-XUAGN,0,-1.27744458367877,-1.45446098506432,-0.998149031061803,0,1,1,1,0,0,0,1,1,0,1,0,1,0,1,0,1,0,1,0,0,0,1,0,1,0,1
4193-ORFCL,1,-1.27744458367877,-0.653474830984252,-0.987509369184348,0,0,0,1,0,0,0,0,0,0,0,0,0,0,0,0,0,0,0,0,0,0,0,0,0,1,1
1636-NTNCO,1,-1.15528349251868,-0.459044581964815,-0.915879280403558,1,0,0,0,1,0,0,0,0,0,0,1,0,0,0,0,0,1,0,1,0,0,1,1,0,0,0
3466-WAESX,0,-0.66663912787831,0.144187729095487,-0.528988505038102,1,0,1,1,0,1,0,0,0,1,0,1,0,0,0,0,0,0,0,1,0,0,1,0,1,0,0
9281-PKKZE,0,0.5549717837226,-0.691696161988073,-0.120994997816118,0,1,0,0,1,0,0,0,0,0,0,0,0,0,0,0,0,1,0,1,0,0,1,0,1,0,0
3638-VBZTA,0,1.45081978556327,0.722493085153298,1.58969486977515,1,0,1,1,0,1,0,0,0,1,0,1,0,0,0,1,0,1,0,1,0,1,1,0,0,0,0
7459-IMVYU,0,0.229208873962357,0.172438278098311,0.165834393129209,1,0,0,1,0,1,0,0,0,1,0,1,0,1,0,1,0,0,0,0,0,0,0,0,1,0,0
7776-QWNFX,1,-0.0965540357978854,-0.477324348966643,-0.333059793784391,1,1,0,1,0,0,0,0,0,0,0,1,0,0,0,0,0,0,0,0,0,0,1,0,0,0,1
6689-TCZHQ,1,-1.11456312879864,0.471561738128214,-0.840364169858386,0,0,0,1,0,0,1,0,0,0,0,0,0,0,0,0,0,0,0,1,0,0,0,0,1,0,1
8563-OYMQY,0,-0.62591876415828,0.870393018168083,-0.295666459302217,1,0,0,1,0,0,1,0,0,0,0,1,0,1,0,0,0,0,0,1,0,0,1,1,0,0,0
0754-EEBDC,0,-1.15528349251868,-1.49102051906798,-0.973580683199547,1,1,1,1,0,0,0,1,1,0,1,0,1,0,1,0,1,0,1,0,0,1,0,0,0,1,0
5777-ZPQNC,0,-0.829520582758432,-1.48271153406715,-0.892326335956993,0,0,0,1,0,0,0,1,1,0,1,0,1,0,1,0,1,0,1,0,1,0,0,0,1,0,0
1951-IEYXM,0,1.61370124044339,0.85876043916692,1.83652619573718,1,1,1,1,0,1,0,0,0,1,0,1,0,1,0,1,0,1,0,1,0,1,1,1,0,0,0
3318-NMQXL,0,-1.1960038562387,0.905290755171572,-0.889633309506683,1,0,0,1,0,0,1,0,0,0,0,0,0,0,0,0,0,1,0,1,0,0,1,0,1,0,0
3143-ILDAL,0,0.962175420922904,0.986718808179712,1.25498700038128,1,0,0,1,0,1,1,0,0,0,0,1,0,0,0,1,0,0,0,1,0,0,1,0,1,0,1
1022-RKXDR,0,0.351369965122448,-1.32650261605153,-0.582606220184031,0,0,0,1,0,1,0,1,1,0,1,0,1,0,1,0,1,0,1,0,1,0,1,0,0,1,0
2361-FJWNO,0,0.310649601402418,-0.955921885014486,-0.39689776504912,1,0,0,0,1,0,0,0,0,0,0,1,0,0,0,1,0,0,0,0,1,0,0,1,0,0,0
2272-UOINI,0,-1.03312240135858,0.456605565126718,-0.755313096800641,0,0,0,1,0,0,0,0,0,1,0,1,0,0,0,1,0,1,0,1,0,0,1,0,1,0,0
8232-UTFOZ,0,1.4915401492833,-1.48935872206781,-0.389635423228202,1,0,0,1,0,0,0,1,1,0,1,0,1,0,1,0,1,0,1,0,0,1,0,1,0,0,0
3750-YHRYO,0,-1.03312240135858,-1.46609356406549,-0.941198143833933,1,1,1,1,0,0,0,1,1,0,1,0,1,0,1,0,1,0,1,0,1,0,0,0,0,1,0
6637-KYRCV,0,-1.11456312879864,-1.13871955503276,-0.93360469220355,0,1,1,0,1,0,0,0,0,0,0,1,0,0,0,0,0,0,0,0,0,0,1,0,1,0,0
5668-MEISB,0,1.61370124044339,1.37391750921842,2.37316690092972,0,1,1,1,0,1,1,0,0,1,0,1,0,1,0,1,0,1,0,0,0,1,0,1,0,0,0
0129-QMPDR,0,0.473531056282539,-1.47107895506598,-0.625518051490612,1,1,1,1,0,0,0,1,1,0,1,0,1,0,1,0,1,0,1,0,1,0,1,0,0,0,0
7188-CBBBA,0,1.32865869440318,1.0216165451832,1.70938002890286,0,0,0,1,0,1,1,0,0,0,0,1,0,1,0,0,0,1,0,0,1,0,1,0,1,0,0
5356-CSVSQ,0,-1.1960038562387,-0.00537400091946406,-0.930514333981883,0,0,0,1,0,1,0,0,0,0,0,0,0,0,0,1,0,1,0,0,0,0,0,0,1,0,0
3221-CJMSG,0,-0.340876218118068,-0.454059190964317,-0.446917420265536,1,0,0,1,0,0,0,0,0,0,0,0,0,0,0,1,0,0,0,0,0,0,1,1,0,0,0
4720-VSTSI,0,0.473531056282539,0.66599198714765,0.697817487001947,0,0,0,1,0,1,1,0,0,0,0,1,0,1,0,0,0,0,0,0,0,0,1,0,0,0,1
3219-JQRSL,1,1.61370124044339,0.808906529161936,1.79703583246173,0,1,0,1,0,1,0,0,0,1,0,1,0,1,0,1,0,1,0,1,0,1,0,1,0,0,0
2801-NISEI,0,-0.340876218118068,-0.326100821951526,-0.412084668309885,1,0,0,1,0,0,0,0,0,1,0,0,0,0,0,1,0,0,0,0,0,0,0,0,1,0,0
3946-MHCZW,0,-1.27744458367877,-0.460706378964982,-0.984948786657823,1,0,0,1,0,0,0,0,0,0,0,0,0,1,0,0,0,0,0,0,0,0,0,0,0,1,1
4623-ZKHLY,0,-0.422316945558128,-1.47274075206615,-0.799240331522913,1,1,0,1,0,0,0,1,1,0,1,0,1,0,1,0,1,0,1,0,0,0,1,0,0,0,0
6732-VAILE,0,1.53226051300333,0.704213318151471,1.61132737732682,1,1,1,1,0,1,0,0,0,0,0,1,0,1,0,1,0,1,0,1,0,1,1,1,0,0,0
8201-AAXCB,0,-0.300155854398037,-0.146626745933584,-0.387295580574654,1,1,1,1,0,1,0,0,0,0,0,0,0,0,0,0,0,1,0,0,0,0,0,0,1,0,0
7696-CFTAT,0,0.188488510242327,-1.49434411306831,-0.686861662190709,1,1,1,1,0,0,0,1,1,0,1,0,1,0,1,0,1,0,1,0,0,1,0,0,0,0,0
1845-CSBRZ,1,-0.422316945558128,0.684271754149477,-0.14141343606642,0,1,1,1,0,1,1,0,0,0,0,0,0,0,0,0,0,1,0,0,0,0,0,0,0,0,0
2123-VSCOT,0,1.084336512083,0.243895549105454,0.844521206581956,0,1,1,1,0,1,0,0,0,0,0,0,0,1,0,1,0,1,0,0,0,1,1,0,0,0,0
6651-AZVTJ,0,0.677132874882691,1.16453108719749,1.14366788243936,1,1,1,1,0,1,1,0,0,0,0,0,0,1,0,0,0,1,0,1,0,0,1,0,1,0,1
4566-GOLUK,0,0.595692147442631,1.41546243422257,1.25249263981664,1,1,1,1,0,1,1,0,0,0,0,0,0,1,0,1,0,1,0,1,0,0,1,0,0,0,1
2484-DGXPZ,0,-0.0558336720778551,-1.50265309806914,-0.716507027131418,0,1,1,1,0,0,0,1,1,0,1,0,1,0,1,0,1,0,1,0,0,0,1,0,0,1,1
2018-QKYGT,0,-1.27744458367877,0.541357212135191,-0.971638172317356,1,1,1,1,0,0,1,0,0,0,0,0,0,0,0,0,0,0,0,1,0,0,1,0,1,0,0
2792-VPPET,0,-1.1960038562387,-1.47107895506598,-0.973448239275762,1,0,0,1,0,0,0,1,1,0,1,0,1,0,1,0,1,0,1,0,0,0,1,0,1,0,0
7409-JURKQ,0,0.840014329762813,1.56336236723736,1.55746684832062,0,1,0,1,0,1,1,0,0,0,0,1,0,1,0,1,0,1,0,1,1,0,1,0,0,0,0
3247-MHJKM,0,-1.27744458367877,-1.48104973706698,-0.998502214858565,1,0,0,1,0,0,0,1,1,0,1,0,1,0,1,0,1,0,1,0,0,0,0,0,0,1,0
1964-SVLEA,0,-0.503757672998189,-1.49766770706864,-0.823808679385168,1,0,0,1,0,0,0,1,1,0,1,0,1,0,1,0,1,0,1,0,1,0,1,0,0,1,0
4587-NUKOX,0,-1.1960038562387,0.476547129128712,-0.898595348349518,0,0,0,1,0,0,1,0,0,1,0,1,0,0,0,0,0,0,0,0,0,0,1,0,1,0,1
7297-DVYGA,0,0.758573602322752,-1.49268231606814,-0.56728687299948,0,0,0,1,0,0,0,1,1,0,1,0,1,0,1,0,1,0,1,0,1,0,1,0,0,0,0
2239-CGBUZ,0,0.758573602322752,-0.141641354933086,0.381099917255638,0,1,0,1,0,0,0,0,0,1,0,1,0,0,0,1,0,0,0,0,1,0,1,0,0,0,0
0854-UYHZD,0,-0.788800219038401,-1.50265309806914,-0.890295529125612,0,1,1,1,0,0,0,1,1,0,1,0,1,0,1,0,1,0,1,0,0,1,0,0,0,1,0
7243-LCGGZ,0,-1.27744458367877,-1.45778457906466,-0.998193179036398,0,0,0,1,0,0,0,1,1,0,1,0,1,0,1,0,1,0,1,0,0,0,0,0,0,1,0
8267-KFGYD,0,-1.27744458367877,-1.45279918806416,-0.998126957074505,1,0,1,1,0,0,0,1,1,0,1,0,1,0,1,0,1,0,1,0,0,0,1,0,0,1,0
4890-VMUAV,0,1.24721796696312,0.223953985103461,1.01292365567553,1,0,0,1,0,1,0,0,0,1,0,1,0,1,0,1,0,0,0,0,1,0,0,0,1,0,0
9261-WDCAF,0,-1.1960038562387,-0.336071603952522,-0.923936285767191,1,0,0,1,0,0,0,0,0,0,0,0,0,0,0,0,0,0,0,1,0,0,0,0,0,1,0
3764-MNMOI,0,0.5549717837226,-1.5142856770703,-0.60649027444006,1,0,0,1,0,0,0,1,1,0,1,0,1,0,1,0,1,0,1,0,0,1,0,1,0,0,0
7442-YGZFK,0,-1.27744458367877,-0.497265912968636,-0.985434414378371,1,0,0,1,0,1,0,0,0,0,0,0,0,0,0,0,0,0,0,0,0,0,1,1,0,0,0
0420-BWTPW,0,-0.992402037638553,-1.30489925504937,-0.912413664397831,1,0,1,0,1,0,0,0,0,0,0,0,0,0,0,0,0,0,0,0,0,0,0,0,0,1,1
8229-BUJHX,0,1.57298087672336,-1.47107895506598,-0.34478108103943,0,1,1,1,0,0,0,1,1,0,1,0,1,0,1,0,1,0,1,0,0,1,0,0,0,0,0
7449-HVPIV,0,0.921455057202873,0.852113251166256,1.24375134084678,1,1,1,1,0,1,1,0,0,0,0,0,0,1,0,0,0,1,0,0,0,0,1,1,0,0,0
5504-WSIUR,0,1.53226051300333,0.847127860165757,1.81184747793844,0,0,0,1,0,1,1,0,0,0,0,1,0,1,0,1,0,0,0,0,1,0,1,0,0,0,0
8183-ONMXC,0,-1.23672421995873,0.531386430134194,-0.937026160234682,0,0,0,1,0,0,1,0,0,0,0,0,0,0,0,0,0,0,0,1,0,0,0,0,1,0,1
8466-PZBLH,0,1.41009942184324,1.32406359921343,2.03249905496548,1,1,1,1,0,1,1,0,0,1,0,0,0,0,0,1,0,1,0,1,0,1,0,0,0,0,0
9614-RMGHA,0,1.32865869440318,0.900305364171073,1.61534484301499,1,1,0,1,0,1,1,0,0,0,0,1,0,0,0,0,0,1,0,0,0,0,1,0,0,0,1
8735-IJJEG,0,-0.748079855318371,-0.483971536967307,-0.712136377646489,1,1,0,1,0,0,0,0,0,0,0,0,0,1,0,0,0,0,0,0,0,0,0,1,0,0,0
0564-MUUQK,0,-0.503757672998189,1.0216165451832,-0.161456616532662,0,1,1,1,0,1,1,0,0,0,0,0,0,1,0,1,0,0,0,1,0,0,1,0,0,0,0
5054-IEXZT,0,-1.27744458367877,0.351912354116252,-0.974154606869285,1,0,1,1,0,0,1,0,0,0,0,1,0,0,0,0,0,0,0,0,0,0,1,0,1,0,1
5834-ASPWA,0,-1.27744458367877,0.355235948116585,-0.97411045889469,1,0,0,1,0,1,1,0,0,0,0,0,0,0,0,0,0,0,0,0,0,0,1,0,1,0,1
0701-RFGFI,0,0.677132874882691,1.01829295118287,1.02954536811064,0,1,1,1,0,1,1,0,0,0,0,0,0,0,0,0,0,1,0,1,0,0,1,0,0,0,0
0019-EFAEP,0,1.61370124044339,1.21438499720247,2.19827469957064,0,0,0,1,0,1,1,0,0,1,0,1,0,1,0,0,0,1,0,0,0,1,1,0,0,0,0
5619-PTMIK,0,0.5549717837226,-0.387587310957672,0.0785317733671057,0,1,0,1,0,1,0,0,0,1,0,0,0,0,0,0,0,0,0,0,0,0,0,0,1,0,0
3737-XBQDD,0,-0.340876218118068,0.667653784147816,-0.102916402219364,1,0,0,1,0,1,1,0,0,0,0,1,0,1,0,0,0,0,0,0,0,0,1,0,0,0,0
5882-CMAZQ,0,-1.11456312879864,-1.0140847800203,-0.935216093276277,0,1,1,0,1,0,0,0,0,0,0,1,0,0,0,1,0,0,0,0,0,0,0,0,1,0,0
5846-QFDFI,0,0.0256070553622056,0.792288559160275,0.267882436406124,0,1,1,1,0,1,1,0,0,0,0,1,0,1,0,1,0,0,0,0,0,0,0,1,0,0,0
4445-KWOKW,0,0.392090328842479,-0.153273933934249,0.0616672470717208,0,0,0,1,0,1,0,0,0,1,0,1,0,0,0,0,0,0,0,0,1,0,1,0,0,0,0
3511-APPBJ,0,-0.381596581838098,1.16951647819798,0.00478258180574381,1,0,0,1,0,0,1,0,0,1,0,0,0,1,0,0,0,1,0,1,1,0,1,1,0,0,0
7967-HYCDE,0,-0.992402037638553,0.197365233100803,-0.763105214316702,1,0,0,1,0,0,1,0,0,0,0,0,0,0,0,0,0,0,0,0,0,0,0,0,0,0,0
2430-RRYUW,0,1.36937905812321,-0.331086212952024,0.522616249820705,1,0,0,1,0,0,0,0,0,1,0,1,0,0,0,0,0,0,0,0,1,0,1,0,0,1,0
3948-XHGNA,0,-0.340876218118068,-0.505574897969467,-0.473053021225923,1,0,0,1,0,0,0,0,0,1,0,0,0,0,0,0,0,0,0,0,0,0,1,0,0,0,1
3723-BFBGR,1,-0.340876218118068,-0.331086212952024,-0.437337309778367,1,0,0,1,0,1,0,0,0,0,0,1,0,0,0,0,0,0,0,0,0,0,0,1,0,0,0
0565-IYCGT,0,1.4915401492833,0.45992915912705,1.35734407948036,1,0,0,1,0,1,0,0,0,1,0,1,0,1,0,1,0,0,0,1,1,0,1,1,0,0,1
5447-WZAFP,0,0.840014329762813,1.18114905719915,1.28862775702285,0,0,0,1,0,0,1,0,0,0,0,1,0,1,0,0,0,1,0,1,1,0,1,0,0,1,0
5110-CHOPY,0,1.12505687580303,-0.370969340956011,0.421671905908671,0,0,0,0,1,0,0,0,0,1,0,0,0,1,0,0,0,1,0,1,0,1,0,0,1,0,0
5445-UTODQ,0,-1.03312240135858,0.543019009135357,-0.752840810223307,0,1,0,1,0,0,1,0,0,0,0,0,0,0,0,0,0,1,0,0,0,0,1,0,1,0,1
4425-OWHWB,0,-0.503757672998189,-1.50930028606981,-0.815928265919917,0,0,0,1,0,0,0,1,1,0,1,0,1,0,1,0,1,0,1,0,1,0,1,1,0,0,0
7892-QVYKW,0,-0.381596581838098,0.692580739150308,-0.182559348389191,0,1,1,1,0,1,1,0,0,0,0,0,0,0,0,0,0,0,0,1,0,0,0,0,1,0,0
9675-ICXCT,0,1.61370124044339,0.53304822713436,1.52161869294927,1,1,1,1,0,0,0,0,0,1,0,0,0,1,0,1,0,1,0,1,0,1,1,0,1,0,0
1024-VRZHF,0,-0.870240946478462,0.338617978114924,-0.642890279493842,1,1,0,1,0,1,1,0,0,0,0,0,0,0,0,0,0,0,0,0,0,0,1,0,1,0,1
4703-MQYKT,0,-0.463037309278159,-1.50099130106898,-0.835066412906956,1,0,0,1,0,0,0,1,1,0,1,0,1,0,1,0,1,0,1,0,0,1,0,0,0,1,0
9497-QCMMS,1,-1.27744458367877,0.956806462176721,-0.96611967549295,1,0,0,1,0,1,1,0,0,0,0,0,0,0,0,0,0,1,0,1,0,0,1,0,1,0,1
5692-ICXLW,1,-0.0558336720778551,0.862084033167252,0.248655993469894,1,0,0,1,0,1,1,0,0,0,0,1,0,0,0,0,0,1,0,0,0,0,1,0,1,0,0
0602-DDUML,0,1.00289578464293,0.165791090097647,0.711878616910533,0,0,0,1,0,0,0,0,0,0,0,1,0,1,0,1,0,1,0,0,0,1,0,0,0,1,0
2208-MPXIO,0,0.51425142000257,-1.48769692506765,-0.616092458914526,0,1,1,1,0,0,0,1,1,0,1,0,1,0,1,0,1,0,1,0,0,1,1,0,0,0,0
1960-UYCNN,0,-0.910961310198492,1.01330756018237,-0.556426471249049,1,0,0,1,0,1,1,0,0,0,0,1,0,1,0,0,0,0,0,1,0,0,1,0,1,0,0
0348-SDKOL,0,1.04361614836296,1.24097374920513,1.59086479110192,0,1,0,1,0,1,1,0,0,0,0,0,0,1,0,1,0,1,0,1,0,0,1,1,0,0,1
3190-FZATL,0,-0.748079855318371,-1.48935872206781,-0.888926941913159,1,0,1,1,0,0,0,1,1,0,1,0,1,0,1,0,1,0,1,0,0,0,0,0,0,1,0
7336-RLLRH,0,-0.218715126957977,0.534710024134526,-0.0342442277364555,1,1,0,1,0,1,0,0,0,1,0,0,0,0,0,1,0,1,0,1,1,0,0,0,0,1,0
4373-MAVJG,0,-0.748079855318371,0.868731221167917,-0.451597105572632,0,1,1,1,0,1,1,0,0,0,0,1,0,0,0,0,0,0,0,1,0,0,1,0,0,0,1
8901-HJXTF,0,-0.829520582758432,-1.18192627703708,-0.870958716252893,0,1,1,0,1,0,0,0,0,0,0,1,0,0,0,0,0,0,0,0,0,0,0,0,0,1,1
7710-JSYOA,0,1.4915401492833,0.948497477175891,1.81718938286446,0,1,1,1,0,1,1,0,0,0,0,1,0,0,0,1,0,0,0,1,0,1,1,0,0,0,0
5419-KLXBN,0,-0.300155854398037,0.810568326162103,-0.010669209302593,0,1,1,1,0,0,1,0,0,0,0,1,0,1,0,0,0,1,0,0,0,0,1,0,0,0,1
3424-NMNBO,1,1.04361614836296,1.46531634422755,1.76827342701293,1,1,0,1,0,1,1,0,0,1,0,1,0,1,0,0,0,1,0,1,1,0,1,0,1,0,1
9885-MFVSU,0,0.107047782802266,-0.611929905980099,-0.273658693966485,0,1,1,0,1,0,0,0,0,1,0,0,0,0,0,1,0,1,0,0,0,1,1,1,0,0,0
4514-GFCFI,1,-0.66663912787831,0.664330190147484,-0.411356226729064,0,0,0,1,0,1,1,0,0,0,0,0,0,0,0,0,0,1,0,0,0,0,1,0,1,0,1
0607-MVMGC,0,0.51425142000257,0.464914550127549,0.582193941536992,1,1,1,1,0,1,0,0,0,0,0,1,0,1,0,0,0,1,0,1,1,0,0,1,0,0,0
3365-SAIGS,0,-0.62591876415828,0.624447062143497,-0.420627301394066,0,0,0,1,0,0,1,0,0,0,0,1,0,0,0,0,0,1,0,0,0,0,1,0,1,0,0
9828-AOQLM,0,-1.27744458367877,-0.633533266982258,-0.987244481336777,0,1,1,1,0,0,0,0,0,0,0,0,0,0,0,0,0,0,0,0,0,0,1,0,1,0,1
8022-BECSI,0,-0.422316945558128,-1.50099130106898,-0.820894913061882,1,0,0,1,0,0,0,1,1,0,1,0,1,0,1,0,1,0,1,0,1,0,0,0,0,1,0
8000-REIQB,1,-1.27744458367877,0.172438278098311,-0.976538597497429,0,0,0,1,0,0,1,0,0,0,0,0,0,0,0,0,0,0,0,0,0,0,1,0,1,0,1
9993-LHIEB,0,1.41009942184324,0.102642804091334,1.03559364063019,1,1,1,1,0,0,0,0,0,1,0,0,0,1,0,1,0,0,0,1,0,1,0,0,0,1,0
0266-CLZKZ,0,1.41009942184324,1.35896133621692,1.95839667960736,0,1,1,1,0,1,1,0,0,0,0,0,0,1,0,1,0,1,0,1,0,1,1,0,0,0,0
7615-ESMYF,0,-1.23672421995873,-0.670092800985913,-0.964552422394819,0,1,0,0,1,0,0,0,0,0,0,0,0,0,0,0,0,1,0,1,0,0,0,0,1,0,1
3858-VOBET,0,-0.381596581838098,0.338617978114924,-0.252291074262385,1,0,0,1,0,1,1,0,0,0,0,0,0,0,0,0,0,0,0,0,0,0,1,0,1,0,1
7020-OZKXZ,1,-0.951681673918523,0.356897745116751,-0.726020915656694,0,0,0,1,0,0,1,0,0,0,0,0,0,1,0,0,0,0,0,0,0,0,0,1,0,0,0
3977-QCRSL,0,-1.11456312879864,-1.48271153406715,-0.95534756969171,0,0,0,1,0,0,0,1,1,0,1,0,1,0,1,0,1,0,1,0,0,0,0,0,0,1,0
0017-DINOC,0,0.880734693482843,-0.65015123698392,0.07886288317657,1,0,0,0,1,0,0,0,0,1,0,0,0,0,0,1,0,1,0,0,0,1,0,1,0,0,0
1447-PJGGA,0,1.00289578464293,1.01330756018237,1.40511218799242,0,0,0,1,0,0,1,0,0,0,0,0,0,1,0,0,0,1,0,1,0,1,1,0,1,0,1
8565-CLBZW,0,-0.340876218118068,0.833833484164428,-0.0515943817523878,1,0,0,1,0,1,1,0,0,0,0,0,0,1,0,0,0,1,0,0,0,0,1,0,0,1,1
9139-WQQDY,0,0.677132874882691,1.18613444819965,1.17428450282116,0,1,1,1,0,1,1,0,0,0,0,1,0,0,0,0,0,1,0,1,1,0,0,0,0,1,1
0224-HJAPT,0,-1.11456312879864,-0.585341153977441,-0.908903900417509,1,0,0,1,0,1,0,0,0,0,0,0,0,0,0,0,0,0,0,0,0,0,0,0,1,0,1
8086-OVPWV,0,-1.23672421995873,0.513106663132367,-0.927468123734811,1,0,0,1,0,0,1,0,0,0,0,0,0,0,0,0,0,0,0,1,0,0,1,0,1,0,1
9430-FRQOC,0,-1.15528349251868,0.742434649155291,-0.85667684647133,0,0,1,1,0,1,1,0,0,0,0,0,0,1,0,1,0,0,0,0,0,0,1,0,0,1,1
7639-OPLNG,0,1.53226051300333,0.48153252012921,1.52307557611092,1,1,1,1,0,1,0,0,0,1,0,1,0,1,0,1,0,1,0,0,0,1,1,0,0,0,0
3074-GQWYX,0,-1.11456312879864,0.37019212111808,-0.849480726612305,1,0,0,1,0,1,1,0,0,0,0,0,0,0,0,0,0,0,0,0,0,0,1,0,0,0,1
1492-QGCLU,0,0.840014329762813,0.69590433315064,1.03049454956444,1,1,1,1,0,1,0,0,0,1,0,0,0,1,0,1,0,1,0,1,0,0,0,0,1,0,0
6845-RGTYS,0,0.595692147442631,1.129633350194,0.994116618497954,0,1,0,1,0,1,1,0,0,1,0,1,0,1,0,0,0,1,0,0,0,0,1,0,1,0,1
7328-OWMOM,0,-0.0558336720778551,-1.48437333106731,-0.747278165424306,0,0,1,1,0,0,0,1,1,0,1,0,1,0,1,0,1,0,1,0,1,0,0,1,0,0,0
4418-LZMSV,0,-0.788800219038401,-0.0984346329287669,-0.67626614828785,1,1,1,1,0,0,0,0,0,0,0,1,0,1,0,1,0,0,0,0,0,0,0,0,0,0,0
5155-AZQPB,0,-0.177994763237946,-0.493942318968304,-0.38482329399732,0,1,1,1,0,1,0,0,0,0,0,0,0,0,0,0,0,0,0,0,0,0,0,0,0,1,0
8861-HGGKB,0,-0.910961310198492,0.720831288153132,-0.640616658802187,0,0,0,1,0,1,1,0,0,0,0,0,0,0,0,0,0,0,0,1,0,0,0,0,1,0,1
1087-GRUYI,0,0.229208873962357,-1.47440254906632,-0.679179914611136,1,1,0,1,0,0,0,1,1,0,1,0,1,0,1,0,1,0,1,0,0,1,0,0,0,0,0
7065-YUNRY,0,-1.27744458367877,-0.646827642983588,-0.987421073235157,0,0,0,1,0,0,0,0,0,0,0,0,0,0,0,0,0,0,0,0,0,0,1,0,0,1,1
7694-VLBWQ,0,1.41009942184324,1.30744562921177,2.10097256356271,1,1,0,1,0,1,1,0,0,0,0,1,0,1,0,0,0,1,0,1,1,0,0,0,1,0,1
2546-KZAAT,0,0.799293966042782,0.353574151116419,0.699097778265209,1,1,0,1,0,0,0,0,0,1,0,1,0,0,0,0,0,1,0,1,1,0,1,0,0,1,0
0181-RITDD,0,1.20649760324309,1.44205118622523,2.00596612223374,1,1,1,1,0,0,1,0,0,1,0,1,0,1,0,1,0,1,0,1,0,1,0,0,0,1,0
5989-PGKJB,0,-0.66663912787831,0.714184100152467,-0.415793098175886,0,0,0,1,0,0,1,0,0,0,0,1,0,0,0,0,0,0,0,1,0,0,1,0,1,0,0
4795-KTRTH,1,-1.11456312879864,0.539695415135025,-0.843344158143566,0,1,0,1,0,1,1,0,0,0,0,1,0,0,0,0,0,0,0,0,0,0,1,0,1,0,1
8272-ONJLV,0,-0.829520582758432,1.02826373318387,-0.484708086519068,1,0,0,1,0,0,1,0,0,0,0,0,0,1,0,0,0,1,0,1,1,0,0,0,1,0,0
1488-PBLJN,0,1.61370124044339,1.73120386425413,2.73531273653454,0,1,1,1,0,1,1,0,0,1,0,1,0,1,0,1,0,1,0,1,0,1,1,0,0,0,0
0308-GIQJT,1,1.57298087672336,1.36228493021726,2.25195863667846,1,0,0,1,0,1,1,0,0,0,0,1,0,0,0,1,0,1,0,1,1,0,0,0,0,0,0
3778-FOAQW,0,-0.340876218118068,-1.48271153406715,-0.805730083788414,0,1,0,1,0,0,0,1,1,0,1,0,1,0,1,0,1,0,1,0,1,0,0,0,0,1,0
4452-ROHMO,0,-0.707359491598341,-1.50099130106898,-0.861025421968962,0,0,0,1,0,0,0,1,1,0,1,0,1,0,1,0,1,0,1,0,0,1,0,0,0,1,0
6481-OGDOO,0,1.41009942184324,0.85876043916692,1.66624745772331,1,1,0,1,0,0,1,0,0,1,0,1,0,0,0,0,0,0,0,1,1,0,1,1,0,0,1
3090-LETTY,0,-1.23672421995873,-0.126685181931591,-0.947996931921601,1,0,1,1,0,1,0,0,0,1,0,1,0,0,0,0,0,0,0,0,0,0,0,0,0,0,0
5349-AZPEW,0,-1.11456312879864,-1.31985542805087,-0.952014397609769,0,1,1,0,1,0,0,0,0,0,0,0,0,0,0,0,0,0,0,0,0,0,0,0,0,1,0
3753-TSEMP,0,-0.707359491598341,0.77733238615878,-0.393498371005286,0,1,0,1,0,0,1,0,0,0,0,0,0,0,0,0,0,1,0,1,0,0,0,0,1,0,1
8305-VHZBZ,0,-1.27744458367877,-1.48104973706698,-0.998502214858565,1,0,0,1,0,0,0,1,1,0,1,0,1,0,1,0,1,0,1,0,0,0,1,0,0,1,1
9720-JJJOR,0,0.351369965122448,-0.148288542933751,0.101267980283658,1,1,1,1,0,0,0,0,0,1,0,1,0,1,0,0,0,0,0,0,1,0,1,0,0,0,0
8100-HZZLJ,0,0.432810692562509,-0.0269773619216234,0.200932032932431,0,0,1,1,0,0,0,0,0,1,0,1,0,0,0,0,0,0,0,1,0,0,1,0,1,0,0
8775-ERLNB,1,-1.27744458367877,0.317014617112764,-0.974618160602535,1,1,0,1,0,1,1,0,0,0,0,0,0,0,0,0,0,0,0,0,0,0,0,0,1,0,0
8309-IEYJD,1,-1.27744458367877,0.194041639100471,-0.97625163566256,0,0,0,1,0,0,1,0,0,0,0,0,0,0,0,0,0,0,0,0,0,0,1,0,0,1,0
9172-JITSM,0,-0.259435490678007,0.865407627167585,0.0352667582637626,0,1,1,1,0,0,1,0,0,0,0,0,0,0,0,0,0,1,0,1,0,0,1,0,1,0,1
6298-QDFNH,0,-0.422316945558128,0.484856114129542,-0.243505627317931,1,0,0,1,0,1,1,0,0,0,0,1,0,0,0,0,0,0,0,0,0,0,1,0,1,0,1
7398-HPYZQ,0,1.57298087672336,0.857098642166754,1.81981618735288,1,1,0,1,0,1,0,0,0,1,0,1,0,1,0,1,0,1,0,1,0,1,0,0,0,0,0
3546-GHEAE,0,-1.03312240135858,-1.50597669206947,-0.934421429733562,1,0,0,1,0,0,0,1,1,0,1,0,1,0,1,0,1,0,1,0,0,1,0,0,0,1,0
7361-YPXFS,1,-0.177994763237946,-0.0103593919199622,-0.182912532185953,0,0,0,1,0,1,0,0,0,0,0,1,0,1,0,1,0,0,0,0,0,0,0,0,0,0,0
6557-BZXLQ,1,-0.66663912787831,0.162467496097315,-0.546824286774582,1,0,0,1,0,0,1,0,0,0,0,0,0,0,0,0,0,0,0,0,0,0,0,0,1,0,0
2550-QHZGP,0,-1.03312240135858,-1.50431489506931,-0.950645810397316,1,0,0,1,0,0,0,1,1,0,1,0,1,0,1,0,1,0,1,0,1,0,0,0,0,1,0
7519-JTWQH,0,1.4915401492833,1.52015564523304,2.28401006623461,0,0,0,1,0,1,1,0,0,0,0,1,0,1,0,1,0,1,0,1,0,1,1,0,0,0,0
2538-OIMXF,0,-1.27744458367877,-1.33148800705203,-0.996515556001779,0,0,1,0,1,0,0,0,0,0,0,0,0,0,0,0,0,0,0,0,0,0,0,0,0,1,0
8543-MSDMF,0,-1.1960038562387,0.420046031123064,-0.916409056098701,1,0,0,1,0,0,0,0,0,1,0,0,0,1,0,0,0,1,0,1,0,0,1,0,1,0,0
9961-JBNMK,1,-0.463037309278159,1.06482326718752,-0.111083777519485,1,0,0,1,0,0,1,0,0,0,0,0,0,1,0,0,0,1,0,1,0,0,1,0,0,0,1
1170-SASML,0,1.4915401492833,0.685933551149644,1.58380111516668,0,1,0,1,0,1,1,0,0,0,0,1,0,1,0,0,0,0,0,0,0,0,1,0,0,0,0
4872-JCVCA,0,1.57298087672336,-0.570384980975946,0.483810180151482,0,1,0,0,1,0,0,0,0,1,0,1,0,1,0,1,0,0,0,0,0,1,1,0,0,0,0
5346-BZCHP,0,1.4915401492833,-1.50763848906964,-0.413100071725576,0,1,1,1,0,0,0,1,1,0,1,0,1,0,1,0,1,0,1,0,0,1,0,0,0,1,0
2038-LLMLM,0,0.636412511162661,1.29913664421094,1.17616079174146,0,0,0,1,0,1,1,0,0,0,0,0,0,1,0,1,0,1,0,1,0,0,1,0,1,0,0
6173-ITPWD,0,0.595692147442631,0.617799874142832,0.787195061570026,1,1,0,1,0,1,1,0,0,0,0,1,0,1,0,0,0,0,0,0,0,0,1,0,0,0,1
9734-UYXQI,0,-1.23672421995873,-0.510560288969965,-0.960380438795568,0,0,0,1,0,1,0,0,0,0,0,0,0,0,0,0,0,0,0,0,0,0,1,0,1,0,1
1216-BGTSP,0,0.51425142000257,1.45202196822623,1.18439438900347,1,0,0,1,0,1,1,0,0,1,0,0,0,1,0,1,0,1,0,1,0,0,1,1,0,0,0
4138-NAXED,0,0.758573602322752,0.539695415135025,0.796355766298541,1,0,0,1,0,1,1,0,0,0,0,1,0,0,0,0,0,0,0,0,0,0,0,0,0,0,0
2189-UXTKY,0,-0.422316945558128,0.479870723129044,-0.23803127846812,0,1,0,1,0,1,0,0,0,1,0,0,0,0,0,1,0,1,0,1,0,0,1,0,1,0,1
0744-BIKKF,0,1.61370124044339,0.727478476153797,1.74070301687819,1,0,0,1,0,1,0,0,0,1,0,1,0,1,0,1,0,1,0,1,0,1,0,0,0,0,0
7483-IQWIB,0,0.188488510242327,0.936864898174728,0.500343596637403,1,1,1,1,0,1,1,0,0,0,0,1,0,1,0,0,0,1,0,0,0,0,1,0,1,0,0
5248-KWLAR,0,1.57298087672336,0.850451454166089,1.78504965735912,1,1,1,1,0,1,0,0,0,1,0,1,0,1,0,1,0,1,0,1,0,1,0,0,1,0,0
4958-GZWIY,0,-1.03312240135858,-0.533825446972291,-0.857206622166473,1,1,1,1,0,0,0,0,0,0,0,0,0,1,0,0,0,0,0,0,0,0,0,0,1,0,1
7996-MHXLW,0,1.36937905812321,-1.31653183405053,-0.264144805441209,0,0,0,1,0,1,0,1,1,0,1,0,1,0,1,0,1,0,1,0,0,1,1,1,0,0,0
7833-PKIHD,0,0.758573602322752,0.386810091119741,0.743621010644517,1,1,1,1,0,0,0,0,0,1,0,0,0,0,0,1,0,1,0,1,1,0,1,0,0,0,0
7061-OVMIM,0,-0.0965540357978854,-1.50265309806914,-0.738779680314721,0,1,1,1,0,0,0,1,1,0,1,0,1,0,1,0,1,0,1,0,1,0,0,0,0,0,0
5153-RTHKF,0,0.066327419082236,0.684271754149477,0.271370126399149,0,0,0,1,0,1,1,0,0,0,0,0,0,0,0,0,0,1,0,0,0,0,0,0,1,0,0
1852-QSWCD,0,1.28793833068315,-1.3281644130517,-0.33864451257069,1,1,1,1,0,1,0,1,1,0,1,0,1,0,1,0,1,0,1,0,0,1,1,0,0,1,0
4832-VRBMR,1,1.32865869440318,1.27587148620862,1.99130899466812,1,1,0,1,0,1,1,0,0,0,0,1,0,1,0,0,0,1,0,1,1,0,1,0,0,0,0
9079-LWTFD,0,0.595692147442631,1.19610523020064,1.05393712407452,1,0,0,1,0,1,1,0,0,1,0,1,0,0,0,1,0,1,0,0,0,0,0,0,0,1,0
6356-ELRKD,0,-1.27744458367877,1.02494013918353,-0.965214642013748,0,0,0,1,0,0,1,0,0,1,0,0,0,0,0,0,0,1,0,1,0,0,1,0,1,0,1
8624-GIOUT,0,0.677132874882691,-0.166568309935578,0.288013912821558,0,0,0,1,0,1,0,0,0,1,0,1,0,0,0,0,0,0,0,0,0,0,1,1,0,0,1
3392-EHMNK,0,1.41009942184324,0.975086229178549,1.77513843706249,0,1,1,1,0,1,1,0,0,0,0,1,0,0,0,1,0,1,0,0,0,1,0,1,0,0,0
5986-WWXDV,0,0.269929237682388,-1.50930028606981,-0.663419087680632,1,0,1,1,0,0,0,1,1,0,1,0,1,0,1,0,1,0,1,0,1,0,0,0,0,0,0
3061-BCKYI,0,-0.748079855318371,-1.49102051906798,-0.882150227812789,1,0,0,1,0,0,0,1,1,0,1,0,1,0,1,0,1,0,1,0,0,0,0,0,0,1,0
6179-GJPSO,1,0.432810692562509,1.44205118622523,1.02369576147677,0,0,0,1,0,0,1,0,0,1,0,1,0,0,0,1,0,1,0,1,0,0,1,1,0,0,1
7901-TBKJX,1,0.962175420922904,1.20607601220164,1.46221759313137,1,0,0,1,0,1,1,0,0,0,0,0,0,1,0,0,0,1,0,1,0,0,1,0,1,0,0
7228-PAQPD,0,-0.748079855318371,-0.188171670937737,-0.666222484067431,0,0,0,1,0,0,0,0,0,0,0,0,0,0,0,1,0,0,0,1,1,0,0,1,0,0,0
3177-LASXD,0,-1.27744458367877,0.218968594102963,-0.975920525853095,0,0,0,1,0,0,1,0,0,0,0,0,0,0,0,0,0,0,0,0,0,0,0,0,1,0,1
7746-QYVCO,0,-0.66663912787831,-0.296188475948535,-0.628718779648767,1,1,1,1,0,0,0,0,0,1,0,1,0,0,0,0,0,0,0,0,1,0,1,0,0,1,0
5804-HYIEZ,0,1.53226051300333,1.37225571221825,2.32753996918553,1,1,1,1,0,1,1,0,0,1,0,1,0,0,0,0,0,1,0,1,0,0,1,0,1,0,0
9919-FZDED,1,1.61370124044339,0.642726829145324,1.63335721664985,1,1,0,1,0,1,0,0,0,1,0,1,0,1,0,0,0,1,0,1,0,1,1,1,0,0,0
5934-TSSAU,0,-0.381596581838098,0.350250557116086,-0.255624246344327,0,1,1,1,0,0,1,0,0,0,0,0,0,1,0,0,0,0,0,0,0,0,1,1,0,0,0
3486-KHMLI,0,-0.463037309278159,-1.33148800705203,-0.801182842405104,1,0,1,1,0,1,0,1,1,0,1,0,1,0,1,0,1,0,1,0,0,0,0,0,0,1,0
4897-QSUYC,0,-1.27744458367877,-1.48271153406715,-0.998524288845862,0,0,0,1,0,0,0,1,1,0,1,0,1,0,1,0,1,0,1,0,0,0,1,0,0,1,1
1084-UQCHV,0,-1.27744458367877,0.165791090097647,-0.976626893446619,1,0,1,1,0,0,1,0,0,0,0,0,0,0,0,0,0,0,0,0,0,0,0,0,0,0,1
8290-YWKHZ,1,-0.0151133083578247,0.945173883175559,0.286557029659914,0,1,0,1,0,1,1,0,0,0,0,0,0,0,0,0,0,1,0,1,0,0,1,0,1,0,1
2955-BJZHG,0,-0.62591876415828,0.534710024134526,-0.388973203609273,1,1,1,1,0,0,1,0,0,0,0,0,0,0,0,0,0,1,0,0,0,0,0,0,1,0,1
3806-DXQOM,0,-1.15528349251868,-1.03402634402229,-0.946562122747255,0,0,0,0,1,0,0,0,0,1,0,1,0,0,0,0,0,0,0,0,0,0,1,0,1,0,1
6784-XYJAE,0,0.147768146522297,-0.297850272948702,-0.150287178960065,0,0,0,1,0,1,0,0,0,0,0,0,0,1,0,0,0,0,0,0,1,0,0,0,1,0,0
3933-DQPWX,0,0.717853238602722,-0.832948907002193,-0.154150126737149,0,0,0,0,1,0,0,0,0,0,0,1,0,1,0,1,0,0,0,0,0,1,0,1,0,0,0
6661-EIPZC,0,0.636412511162661,-1.17195549503608,-0.379172353249128,0,1,1,0,1,0,0,0,0,0,0,0,0,0,0,1,0,0,0,0,0,0,1,1,0,0,0
8957-THMOA,0,0.717853238602722,-1.48271153406715,-0.57880949436884,0,0,1,1,0,0,0,1,1,0,1,0,1,0,1,0,1,0,1,0,0,1,0,1,0,0,0
2251-PYLPB,0,1.61370124044339,0.491503302130207,1.55797455002846,1,1,0,1,0,1,0,0,0,1,0,1,0,1,0,1,0,0,0,1,0,1,0,1,0,0,0
5555-RNPGT,0,-0.910961310198492,-1.3281644130517,-0.908572790608044,1,0,1,1,0,1,0,1,1,0,1,0,1,0,1,0,1,0,1,0,0,0,0,1,0,0,0
1057-FOGLZ,0,-0.58519840043825,-1.49932950406881,-0.834492489237218,0,0,0,1,0,0,0,1,1,0,1,0,1,0,1,0,1,0,1,0,0,0,0,0,0,1,0
9300-RENDD,0,-1.27744458367877,0.504797678131536,-0.972123800037904,1,0,0,1,0,0,1,0,0,0,0,0,0,0,0,0,0,1,0,0,0,0,1,0,1,0,1
0761-AETCS,0,-1.27744458367877,-1.51096208306997,-0.998899546629922,0,0,0,1,0,0,0,1,1,0,1,0,1,0,1,0,1,0,1,0,0,0,0,0,1,0,1
8087-LGYHQ,0,-0.951681673918523,0.973424432178383,-0.649093069924474,1,0,0,1,0,0,1,0,0,0,0,0,0,1,0,0,0,1,0,1,0,0,1,0,1,0,0
4137-BTIKL,0,-1.23672421995873,0.863745830167419,-0.930271520121609,1,0,0,1,0,1,1,0,0,1,0,0,0,0,0,0,0,0,0,1,0,0,0,0,0,1,0
2190-BCXEC,0,0.310649601402418,0.468238144127881,0.373020837904707,0,1,0,1,0,1,1,0,0,0,0,0,0,0,0,1,0,0,0,0,0,0,1,1,0,0,0
6227-FBDXH,0,1.4915401492833,1.15456030519649,2.01294150221979,1,1,0,1,0,1,1,0,0,0,0,0,0,1,0,0,0,1,0,1,1,0,0,0,0,0,0
2153-MREFK,0,0.188488510242327,1.14458952319549,0.650159748426377,0,1,0,1,0,1,1,0,0,1,0,0,0,1,0,1,0,0,0,1,1,0,1,0,1,0,1
2911-WDXMV,0,-0.58519840043825,0.524739242133529,-0.386412621082749,1,0,1,1,0,1,1,0,0,0,0,0,0,1,0,0,0,0,0,0,0,0,1,1,0,0,0
7206-PQBBZ,1,-0.870240946478462,0.180747263099142,-0.63891696178027,1,1,0,1,0,0,1,0,0,0,0,0,0,0,0,0,0,0,0,0,0,0,1,0,1,0,0
3106-ULWFW,0,-0.992402037638553,0.679286363148979,-0.730435713116219,0,1,0,1,0,1,1,0,0,0,0,0,0,0,0,0,0,0,0,1,0,0,1,1,0,0,1
0925-VYDLG,0,-1.1960038562387,0.34858876011592,-0.900582007206305,0,0,0,1,0,1,1,0,0,0,0,0,0,0,0,0,0,0,0,0,0,0,0,0,1,0,1
4547-FZJWE,0,0.921455057202873,-0.176539091936574,0.386331452245175,1,1,1,1,0,0,0,0,0,1,0,0,0,0,0,0,0,0,0,1,1,0,0,1,0,0,0
7422-WNBTY,0,0.0256070553622056,0.950159274176057,0.357635268758264,1,1,0,1,0,1,1,0,0,0,0,1,0,1,0,0,0,0,0,1,0,0,1,0,1,0,0
0842-IWYCP,0,0.5549717837226,-0.65846022198475,-0.0498946847304708,0,0,0,1,0,0,0,0,0,0,0,0,0,0,0,0,0,0,0,0,0,0,0,0,0,0,0
3521-HTQTV,0,0.066327419082236,-1.28495769104738,-0.574615436782291,1,0,0,1,0,1,0,1,1,0,1,0,1,0,1,0,1,0,1,0,0,1,0,0,0,0,0
3744-ZBHON,0,-1.1960038562387,-1.48104973706698,-0.978304516481239,0,0,0,1,0,0,0,1,1,0,1,0,1,0,1,0,1,0,1,0,0,0,0,0,1,0,0
3373-DIUUN,0,-0.0965540357978854,-1.44615200006349,-0.693130674583234,1,1,1,1,0,0,0,1,1,0,1,0,1,0,1,0,1,0,1,0,0,1,0,0,0,1,0
8383-SGHJU,0,0.0256070553622056,-0.178200888936741,-0.145298457830802,0,0,0,1,0,1,0,0,0,1,0,0,0,0,0,1,0,0,0,0,1,0,0,0,1,0,0
7607-QKKTJ,0,0.51425142000257,1.00499857518154,0.921338682377688,1,1,1,1,0,1,1,0,0,0,0,1,0,1,0,0,0,0,0,1,1,0,1,1,0,0,0
7707-PYBBH,0,0.310649601402418,-0.0951110389284346,0.161220929784005,1,0,0,1,0,0,0,0,0,1,0,1,0,0,0,1,0,0,0,0,0,0,1,0,0,1,0
8984-HPEMB,0,1.57298087672336,1.79102855626011,2.73526858855994,0,0,0,1,0,1,1,0,0,1,0,1,0,1,0,1,0,1,0,1,0,1,1,0,1,0,0
4349-GFQHK,0,-1.27744458367877,-0.346042385953519,-0.983425681534288,1,0,0,1,0,1,0,0,0,0,0,0,0,1,0,0,0,0,0,0,0,0,0,0,1,0,1
4139-DETXS,0,1.61370124044339,-0.0103593919199622,0.991600183946025,0,1,1,0,1,0,0,0,0,1,0,1,0,1,0,1,0,1,0,1,0,1,0,0,0,0,0
9779-DPNEJ,0,-0.422316945558128,0.511444866132201,-0.216884398636996,0,1,1,1,0,0,1,0,0,0,0,0,0,0,0,0,0,0,0,1,0,0,1,0,1,0,0
9805-FILKB,0,0.5549717837226,-1.48104973706698,-0.634104832549388,1,1,1,1,0,0,0,1,1,0,1,0,1,0,1,0,1,0,1,0,1,0,1,0,0,0,0
5793-YOLJN,0,0.921455057202873,-1.45446098506432,-0.473097169200518,0,1,1,1,0,0,0,1,1,0,1,0,1,0,1,0,1,0,1,0,0,1,0,0,0,1,0
0673-IGUQO,0,-1.27744458367877,-1.47274075206615,-0.998391844922077,1,0,0,1,0,0,0,1,1,0,1,0,1,0,1,0,1,0,1,0,0,0,0,0,0,1,0
4123-FCVCB,0,-0.829520582758432,0.368530324117914,-0.630197736797708,0,0,0,1,0,1,0,0,0,0,0,0,0,0,0,1,0,1,0,1,1,0,1,0,0,1,0
8819-IMISP,0,-0.0558336720778551,0.521415648133197,0.0649783451663644,1,0,0,1,0,1,1,0,0,0,0,1,0,0,0,0,0,0,0,0,0,0,1,0,1,0,0
7802-EFKNY,0,-1.11456312879864,-1.3231790220512,-0.963095539233176,1,1,0,0,1,0,0,0,0,0,0,0,0,0,0,0,0,0,0,0,0,0,1,0,1,0,1
8311-UEUAB,0,1.41009942184324,0.356897745116751,1.30127615174439,0,1,1,1,0,1,0,0,0,1,0,0,0,0,0,0,0,1,0,1,0,1,1,0,1,0,0
5858-EAFCZ,0,-1.27744458367877,-0.675078191986411,-0.987796331019217,1,0,0,1,0,0,0,0,0,0,0,0,0,0,0,0,0,0,0,0,0,0,0,0,0,1,0
8035-BUYVG,0,0.310649601402418,-0.744873665993389,-0.24964219578667,1,1,0,0,1,0,0,0,0,1,0,1,0,1,0,0,0,0,0,0,1,0,1,0,1,0,1
1163-ONYEY,0,0.351369965122448,0.325323602113595,0.327415980147816,1,1,1,1,0,1,0,0,0,1,0,1,0,1,0,0,0,1,0,0,0,0,1,1,0,0,0
9787-XVQIU,0,-1.27744458367877,0.350250557116086,-0.974176680856583,1,0,0,1,0,1,1,0,0,0,0,0,0,0,0,0,0,0,0,0,0,0,1,0,1,0,1
8945-MUQUF,0,0.758573602322752,0.998351387180874,1.12828231329291,1,0,0,1,0,1,1,0,0,1,0,1,0,0,0,0,0,1,0,0,1,0,1,0,1,0,1
5656-MJEFC,0,0.392090328842479,-0.552105213974118,-0.11020081802758,1,1,1,0,1,0,0,0,0,1,0,0,0,1,0,1,0,1,0,0,0,1,0,1,0,0,0
6082-OQFBA,0,-0.381596581838098,-1.49932950406881,-0.814537604720166,1,1,1,1,0,0,0,1,1,0,1,0,1,0,1,0,1,0,1,0,1,0,0,0,0,1,0
8051-HJRLT,1,-1.27744458367877,0.192379842100305,-0.976273709649857,0,0,0,1,0,0,1,0,0,0,0,0,0,0,0,0,0,0,0,0,0,0,1,0,1,0,1
8974-OVACP,0,-1.27744458367877,-1.48271153406715,-0.998524288845862,0,0,0,1,0,0,0,1,1,0,1,0,1,0,1,0,1,0,1,0,0,0,0,0,0,1,0
4010-YLMVT,0,0.962175420922904,1.39053547922008,1.59463944292981,0,0,0,1,0,1,1,0,0,1,0,1,0,0,0,0,0,1,0,1,0,0,1,1,0,0,0
1379-FRVEB,0,-0.707359491598341,0.872054815168249,-0.376081995027461,1,0,1,1,0,1,1,0,0,0,0,1,0,0,0,0,0,1,0,0,0,0,1,0,1,0,0
8612-GXIDD,0,-0.829520582758432,-1.3082228490497,-0.869236945243679,1,1,1,1,0,1,0,1,1,0,1,0,1,0,1,0,1,0,1,0,0,1,1,0,0,0,0
6288-CHQJB,0,0.880734693482843,0.172438278098311,0.701923248639305,0,1,1,1,0,0,0,0,0,1,0,0,0,1,0,1,0,0,0,1,0,1,0,0,0,0,0
8160-HOWOX,0,-1.03312240135858,0.0694068640880115,-0.805178234105974,0,0,0,1,0,0,0,0,0,0,0,0,0,0,0,0,0,1,0,1,0,0,1,0,1,0,0
3023-GFLBR,0,0.0256070553622056,0.710860506152135,0.20475083273492,0,1,1,1,0,1,1,0,0,0,0,0,0,0,0,0,0,0,0,1,0,0,0,1,0,0,1
6648-INWPS,0,-0.66663912787831,-1.48271153406715,-0.856720994445926,1,1,1,1,0,0,0,1,1,0,1,0,1,0,1,0,1,0,1,0,0,0,0,0,1,0,0
4223-BKEOR,0,-0.463037309278159,0.00293498408136655,-0.417249981337529,0,0,1,1,0,0,0,0,0,1,0,0,0,1,0,0,0,0,0,1,1,0,0,0,0,1,0
4079-VTGLK,1,-0.0965540357978854,0.335294384114591,-0.0442216699949815,1,1,0,1,0,1,0,0,0,0,0,0,0,1,0,0,0,1,0,1,0,1,0,0,1,0,0
1763-WQFUK,0,-1.1960038562387,-0.474000754966311,-0.942191473262326,1,0,0,1,0,0,0,0,0,0,0,0,0,0,0,1,0,0,0,0,0,0,1,0,0,1,0
1391-UBDAR,0,-0.870240946478462,0.270484301108113,-0.646091007651997,1,0,0,1,0,0,1,0,0,0,0,0,0,1,0,0,0,0,0,0,0,0,0,0,1,0,0
8894-JVDCV,0,1.20649760324309,1.67137917224815,2.14185358803791,0,0,0,1,0,1,1,0,0,1,0,1,0,1,0,1,0,1,0,1,1,0,1,1,0,0,0
2023-VQFDL,0,-0.58519840043825,-1.52093286507097,-0.85343197033858,1,0,0,1,0,0,0,1,1,0,1,0,1,0,1,0,1,0,1,0,0,0,0,0,1,0,0
1345-GKDZZ,0,-1.07384276507861,-1.50265309806914,-0.950645810397316,1,0,1,1,0,0,0,1,1,0,1,0,1,0,1,0,1,0,1,0,0,0,0,0,0,1,0
2014-MKGMH,0,0.5549717837226,1.20773780920181,1.05623281875347,0,0,0,1,0,1,1,0,0,0,0,0,0,1,0,0,0,1,0,1,1,0,1,0,1,0,0
5628-FCGYG,0,-0.463037309278159,0.642726829145324,-0.240371121121668,1,0,0,1,0,1,1,0,0,0,0,0,0,0,0,0,0,0,0,1,0,0,1,0,1,0,0
2560-WBWXF,0,1.45081978556327,-1.34976777405386,-0.34570818850593,1,0,0,1,0,1,0,1,1,0,1,0,1,0,1,0,1,0,1,0,0,1,1,0,0,0,0
0248-IPDFW,0,-1.27744458367877,-0.487295130967639,-0.985301970454586,0,0,0,1,0,1,0,0,0,0,0,0,0,0,0,0,0,0,0,0,0,0,1,0,1,0,0
7978-DKUQH,0,-0.300155854398037,0.326985399113761,-0.213749892440734,0,1,0,1,0,0,1,0,0,0,0,0,0,1,0,0,0,0,0,0,0,0,1,0,1,0,0
4335-UPJSI,0,-0.340876218118068,-1.49600591006848,-0.787519044267875,0,0,1,1,0,0,0,1,1,0,1,0,1,0,1,0,1,0,1,0,0,1,0,0,0,1,0
0524-IAVZO,0,-0.0965540357978854,0.672639175148314,0.151133117588991,0,1,0,1,0,1,1,0,0,0,0,0,0,0,0,0,0,0,0,1,0,0,1,0,1,0,1
2737-YNGYW,0,-1.23672421995873,0.524739242133529,-0.926143684496953,0,0,0,1,0,0,1,0,0,0,0,0,0,0,0,0,0,0,0,1,0,0,0,0,1,0,1
1784-EZDKJ,0,0.758573602322752,1.39718266722074,1.42018872131669,1,1,0,1,0,1,1,0,0,0,0,1,0,1,0,0,0,1,0,1,1,0,1,0,0,0,0
9297-FVVDH,0,1.00289578464293,0.656021205146653,1.13172585531134,0,1,1,1,0,1,0,0,0,1,0,0,0,1,0,1,0,1,0,1,0,1,1,0,1,0,0
8007-YYPWD,0,-0.707359491598341,-1.31985542805087,-0.844469931495744,0,0,0,1,0,1,0,1,1,0,1,0,1,0,1,0,1,0,1,0,0,1,0,0,0,0,0
7101-HRBLJ,0,1.61370124044339,0.629432453143995,1.68423775737087,0,1,1,1,0,0,0,0,0,1,0,1,0,1,0,1,0,1,0,1,0,1,1,0,0,0,0
5159-YFPKQ,0,-1.23672421995873,0.366868527117748,-0.936452236564944,0,0,0,1,0,0,1,0,0,0,0,0,0,1,0,0,0,0,0,0,0,0,1,0,1,0,1
6635-CPNUN,0,-0.177994763237946,1.05817607918686,0.177666050320735,1,1,0,1,0,1,1,0,0,0,0,1,0,1,0,0,0,1,0,0,0,0,0,1,0,0,0
4021-RQSNY,1,-0.137274399517916,1.12132436519317,0.318851273076338,1,1,0,1,0,1,1,0,0,0,0,0,0,1,0,0,0,1,0,1,0,0,1,0,1,0,1
5453-YBTWV,0,1.53226051300333,1.20773780920181,2.0806424212616,1,1,1,1,0,0,1,0,0,1,0,1,0,1,0,1,0,1,0,0,0,1,1,1,0,0,0
5039-LZRQT,0,-0.788800219038401,-1.48104973706698,-0.88678576514529,0,0,0,1,0,0,0,1,1,0,1,0,1,0,1,0,1,0,1,0,1,0,0,0,0,1,0
2931-VUVJN,1,1.084336512083,0.973424432178383,1.413610673102,0,1,0,1,0,1,1,0,0,1,0,1,0,1,0,1,0,0,0,0,1,0,1,0,1,0,0
9061-TIHDA,1,-0.788800219038401,1.01330756018237,-0.462788617132528,1,1,0,1,0,1,1,0,0,0,0,0,0,0,0,0,0,1,0,1,0,0,1,0,1,0,1
8699-ASUFO,1,-1.03312240135858,0.320338211113097,-0.774362947838491,1,1,0,1,0,1,1,0,0,0,0,0,0,0,0,0,0,0,0,0,0,0,1,0,0,1,1
6418-PIQSP,0,1.20649760324309,0.539695415135025,1.19375375961767,0,1,0,1,0,0,0,0,0,1,0,0,0,1,0,1,0,1,0,1,0,1,0,0,0,1,0
8220-OCUFY,0,-0.463037309278159,-0.149950339933917,-0.451884067407502,0,0,0,1,0,0,0,0,0,1,0,0,0,1,0,1,0,0,0,0,1,0,1,0,1,0,0
3995-WFCSM,0,-1.23672421995873,-0.130008775931923,-0.958239262027698,0,0,0,1,0,0,0,0,0,0,0,0,0,1,0,0,0,0,0,1,0,0,0,0,1,0,0
1895-QTKDO,0,-1.27744458367877,-0.691696161988073,-0.988017070892193,0,0,0,1,0,0,0,0,0,0,0,0,0,0,0,0,0,0,0,0,0,0,0,1,0,0,0
2038-OEQZH,0,-1.15528349251868,0.707536912151803,-0.871400195998846,1,0,0,1,0,0,1,0,0,0,0,0,0,1,0,0,0,0,0,1,0,0,0,0,1,0,0
1178-PZGAB,0,-0.544478036718219,-1.47938794006682,-0.838046401192136,0,0,0,1,0,0,0,1,1,0,1,0,1,0,1,0,1,0,1,0,1,0,0,1,0,0,0
7927-AUXBZ,0,-0.0965540357978854,0.677624566148813,0.120957976953139,0,0,0,1,0,0,1,0,0,0,0,0,0,0,0,1,0,1,0,0,0,0,0,0,1,0,1
2626-VEEWG,0,1.41009942184324,-1.50763848906964,-0.44047181597463,1,1,1,1,0,0,0,1,1,0,1,0,1,0,1,0,1,0,1,0,0,1,1,1,0,0,0
2878-RMWXY,1,1.61370124044339,1.25925351620696,2.3258844201382,1,1,0,1,0,1,1,0,0,1,0,1,0,1,0,0,0,0,0,1,0,1,1,1,0,0,0
1657-DYMBM,0,0.840014329762813,-1.49102051906798,-0.517355513732254,1,1,0,1,0,0,0,1,1,0,1,0,1,0,1,0,1,0,1,0,0,1,0,1,0,0,0
7311-MQJCH,0,-1.11456312879864,-1.50265309806914,-0.963448723029938,0,0,0,1,0,0,0,1,1,0,1,0,1,0,1,0,1,0,1,0,1,0,0,0,1,0,0
7375-WMVMT,1,1.57298087672336,1.0216165451832,1.95365077233837,1,1,0,1,0,0,1,0,0,0,0,1,0,1,0,1,0,0,0,1,0,1,1,1,0,0,0
1136-XGEQU,0,0.717853238602722,0.644388626145491,0.831078148317703,0,1,1,1,0,1,0,0,0,0,0,1,0,1,0,1,0,1,0,1,1,0,1,1,0,0,0
2530-FMFXO,0,0.962175420922904,1.27753328320878,1.58572155206158,1,1,1,1,0,1,1,0,0,0,0,0,0,1,0,1,0,1,0,1,0,1,1,0,1,0,0
6844-DZKRF,0,-1.23672421995873,-0.483971536967307,-0.959188443481496,1,0,0,1,0,0,0,0,0,0,0,0,0,0,0,1,0,0,0,0,0,0,1,1,0,0,0
4695-WJZUE,1,-1.23672421995873,0.790626762160109,-0.928284861264823,0,0,0,1,0,1,1,0,0,0,0,0,0,1,0,0,0,0,0,1,0,0,1,0,1,0,1
7619-ODSGN,0,-0.340876218118068,-0.33274800995219,-0.416653983680494,1,1,1,1,0,1,0,0,0,1,0,0,0,0,0,0,0,0,0,0,0,0,0,0,1,0,1
5970-GHJAW,0,0.5549717837226,-1.48935872206781,-0.626687972817386,1,1,1,1,0,0,0,1,1,0,1,0,1,0,1,0,1,0,1,0,0,1,0,1,0,0,0
8879-XUAHX,0,1.57298087672336,1.71126230025214,2.7737435484197,1,1,0,1,0,1,1,0,0,1,0,1,0,1,0,1,0,1,0,1,0,1,1,0,1,0,0
3689-MOZGR,0,-0.137274399517916,-1.11545439703043,-0.598521565025618,0,0,0,0,1,0,0,0,0,0,0,0,0,0,0,1,0,0,0,0,0,0,1,0,1,0,0
4195-PNGZS,0,1.4915401492833,-1.33979699205286,-0.248869606231254,1,1,1,1,0,1,0,1,1,0,1,0,1,0,1,0,1,0,1,0,0,1,0,0,0,0,0
5003-XZWWO,0,1.57298087672336,0.646050423145657,1.62240851895023,1,1,0,1,0,1,0,0,0,0,0,1,0,1,0,1,0,1,0,1,0,1,0,1,0,0,0
3988-RQIXO,1,-1.27744458367877,0.882025597169246,-0.967113004921343,0,0,0,1,0,0,1,0,0,0,0,0,0,0,0,0,0,1,0,1,0,0,1,0,1,0,1
7622-FWGEW,1,0.962175420922904,0.694242536150474,1.12247685463364,1,1,0,1,0,0,0,0,0,1,0,1,0,1,0,1,0,1,0,1,0,1,1,0,0,0,0
6922-NCEDI,0,0.962175420922904,-1.44781379706366,-0.460581218402765,1,0,1,1,0,0,0,1,1,0,1,0,1,0,1,0,1,0,1,0,1,0,1,0,0,1,0
2514-GINMM,0,-1.27744458367877,0.489841505130041,-0.972322465923583,1,0,0,1,0,0,1,0,0,0,0,0,0,0,0,0,0,1,0,0,0,0,1,0,1,0,1
9891-NQDBD,0,-0.177994763237946,-1.30323745804921,-0.710657420497548,0,1,0,1,0,1,0,1,1,0,1,0,1,0,1,0,1,0,1,0,1,0,0,0,0,1,0
6131-IUNXN,0,-0.544478036718219,-1.48104973706698,-0.838686546823767,0,1,1,1,0,0,0,1,1,0,1,0,1,0,1,0,1,0,1,0,0,0,0,0,0,1,0
8548-AWOFC,0,1.36937905812321,-0.0303009559219557,0.875314418862142,1,1,0,1,0,1,0,0,0,0,0,0,0,0,0,1,0,0,0,1,0,0,0,0,1,0,0
9798-DRYDS,0,-0.62591876415828,-0.0934492419282683,-0.534727741735484,0,1,1,1,0,1,0,0,0,0,0,0,0,1,0,1,0,0,0,0,1,0,1,0,0,1,0
8532-UEFWH,0,0.799293966042782,-1.29659027004854,-0.41325458963666,1,1,1,1,0,1,0,1,1,0,1,0,1,0,1,0,1,0,1,0,0,1,0,0,0,1,0
6296-DDOOR,0,-0.544478036718219,-0.218084016940727,-0.545963401269975,0,0,0,1,0,0,0,0,0,0,0,1,0,0,0,0,0,1,0,0,1,0,0,0,1,0,0
7951-VRDVK,0,0.147768146522297,0.700889724151138,0.318586385228767,0,0,0,1,0,0,0,0,0,1,0,1,0,1,0,1,0,1,0,1,1,0,0,0,0,0,0
5931-FLJJF,1,-1.03312240135858,0.177423669098809,-0.801006250506723,1,1,0,1,0,0,1,0,0,0,0,0,0,0,0,0,0,0,0,0,0,0,1,0,0,1,1
4815-YOSUK,0,1.61370124044339,1.33403438121443,2.32023347939001,1,1,1,1,0,1,1,0,0,1,0,1,0,1,0,1,0,0,0,1,1,0,1,1,0,0,0
2659-VXMWZ,0,1.41009942184324,1.54674439723569,2.29577550146425,1,1,1,1,0,1,1,0,0,1,0,1,0,1,0,0,0,1,0,1,1,0,1,0,1,0,1
0380-NEAVX,1,0.066327419082236,1.16619288419765,0.468512906954229,1,0,0,1,0,0,1,0,0,0,0,1,0,1,0,0,0,1,0,1,1,0,1,0,1,0,0
3207-OYBWH,1,1.00289578464293,1.01330756018237,1.3885125495446,1,1,0,1,0,1,1,0,0,0,0,1,0,1,0,0,0,0,0,1,0,0,1,0,0,0,1
4285-GYRQC,0,-1.03312240135858,0.714184100152467,-0.748227346878104,0,1,0,1,0,0,1,0,0,0,0,0,0,1,0,0,0,1,0,0,0,0,1,0,1,0,1
7216-EWTRS,1,-1.27744458367877,1.19776702720081,-0.962918947334795,0,1,0,1,0,1,1,0,0,0,0,0,0,1,0,0,0,1,0,1,0,0,1,0,1,0,1
4365-MSDYN,0,-0.992402037638553,-1.50265309806914,-0.936275644666563,1,1,0,1,0,0,0,1,1,0,1,0,1,0,1,0,1,0,1,0,0,0,1,0,0,0,0
7036-TYDEC,0,1.4915401492833,1.30412203521144,2.0955202887002,0,0,0,1,0,1,1,0,0,0,0,0,0,1,0,1,0,1,0,1,0,1,0,0,1,0,0
5802-ADBRC,0,0.717853238602722,1.31741641121277,1.30279925686793,0,1,0,1,0,1,1,0,0,1,0,0,0,1,0,0,0,1,0,1,1,0,1,0,0,1,0
8076-FEZKJ,0,-0.910961310198492,-1.50431489506931,-0.907711905103437,1,0,0,1,0,0,0,1,1,0,1,0,1,0,1,0,1,0,1,0,1,0,0,0,0,1,0
5197-YPYBZ,0,-0.829520582758432,-1.3132082400502,-0.886145619513658,0,1,1,1,0,1,0,1,1,0,1,0,1,0,1,0,1,0,1,0,0,1,0,1,0,0,0
8337-MSSXB,0,-0.748079855318371,0.715845897152633,-0.486054599744223,0,0,0,1,0,0,1,0,0,0,0,1,0,0,0,0,0,0,0,1,0,0,1,0,1,0,1
4312-GVYNH,0,1.53226051300333,-0.49560411596847,0.480454934082243,0,1,0,0,1,0,0,0,0,1,0,0,0,1,0,1,0,0,0,1,0,1,1,0,0,0,0
8495-LJDFO,1,1.28793833068315,1.46863993822789,2.13207481166507,0,0,0,1,0,1,1,0,0,1,0,0,0,1,0,1,0,1,0,1,0,0,1,0,0,0,0
0839-JTCUD,0,1.36937905812321,0.835495281164595,1.62329147844213,0,1,1,1,0,1,0,0,0,1,0,1,0,1,0,1,0,1,0,1,0,1,0,1,0,0,0
5494-WOZRZ,0,1.57298087672336,0.572931355138347,1.64139214802618,0,1,1,1,0,0,0,0,0,1,0,0,0,1,0,1,0,1,0,1,0,1,1,1,0,0,0
1302-UHBDD,1,-0.503757672998189,0.837157078164761,-0.279662818511439,1,0,0,1,0,0,1,0,0,0,0,0,0,0,0,0,0,1,0,1,0,0,0,0,1,0,0
2234-EOFPT,0,1.61370124044339,0.484856114129542,1.5325232426743,1,1,0,1,0,0,0,0,0,1,0,1,0,0,0,1,0,1,0,1,0,1,1,0,0,0,0
8619-IJNDK,0,1.57298087672336,-0.0236537679212913,0.976104244863093,0,1,1,1,0,0,0,0,0,1,0,1,0,1,0,1,0,0,0,0,0,1,0,1,0,0,0
8378-LKJAF,0,0.229208873962357,1.20939960620197,0.739382805083373,1,1,1,1,0,1,1,0,0,0,0,0,0,1,0,0,0,1,0,1,0,0,1,1,0,0,0
8182-BJDSI,0,-0.177994763237946,0.837157078164761,0.151707041258729,0,0,0,1,0,1,1,0,0,0,0,1,0,0,0,0,0,0,0,1,0,0,1,0,1,0,1
2528-HFYZX,1,-0.62591876415828,0.388471888119907,-0.462898987069016,1,1,0,1,0,0,1,0,0,0,0,1,0,0,0,0,0,0,0,0,0,0,1,0,1,0,1
1153-GNOLC,0,0.0256070553622056,-0.852890471004187,-0.429523118275008,1,0,0,0,1,0,0,0,0,0,0,1,0,0,0,0,0,1,0,0,1,0,1,0,1,0,0
3298-QEICA,0,-0.381596581838098,-1.00245220101914,-0.64829840638176,0,1,1,0,1,0,0,0,0,1,0,0,0,0,0,1,0,0,0,0,0,1,0,0,0,1,0
0788-DXBFY,0,1.04361614836296,-1.50265309806914,-0.517907363414695,1,1,1,1,0,0,0,1,1,0,1,0,1,0,1,0,1,0,1,0,1,0,1,0,1,0,0
3597-YASZG,1,1.53226051300333,1.31907820821294,2.23716906518905,0,1,0,1,0,1,1,0,0,0,0,1,0,0,0,1,0,1,0,1,0,1,1,0,0,0,0
3496-LFSZU,0,-1.15528349251868,0.190718045100139,-0.877536764467585,1,1,0,1,0,0,1,0,0,0,0,0,0,0,0,0,0,0,0,0,0,0,0,0,1,0,0
5242-UOWHD,0,0.51425142000257,-1.47606434606648,-0.59719712578776,1,1,1,1,0,0,0,1,1,0,1,0,1,0,1,0,1,0,1,0,0,1,0,0,0,1,0
2482-CZGBB,0,-0.910961310198492,0.174100075098477,-0.68072509372197,1,0,0,1,0,0,1,0,0,0,0,0,0,0,0,0,0,0,0,0,0,0,1,0,1,0,1
6479-SZPLM,0,0.147768146522297,-1.50597669206947,-0.674323637405659,1,1,1,1,0,0,0,1,1,0,1,0,1,0,1,0,1,0,1,0,0,1,0,1,0,0,0
8097-VBQTZ,0,0.880734693482843,0.170776481098145,0.706978191730461,1,0,0,1,0,0,0,0,0,1,0,1,0,0,0,1,0,1,0,0,0,0,1,0,0,1,0
4500-HKANN,0,-0.381596581838098,-0.168230106935744,-0.383079449000807,1,1,1,1,0,1,0,0,0,0,0,1,0,0,0,1,0,0,0,0,0,1,0,0,0,1,0
9917-KWRBE,0,0.351369965122448,0.45162017412622,0.410259654475799,0,1,1,1,0,1,0,0,0,1,0,1,0,1,0,0,0,1,0,0,1,0,1,1,0,0,0
3420-ZDBMA,1,-1.11456312879864,0.222292188103295,-0.843366232130863,1,0,0,1,0,0,1,0,0,0,0,0,0,0,0,0,0,0,0,0,0,0,1,0,0,1,0
2212-LYASK,0,-0.218715126957977,-0.62854787598176,-0.457159750371634,1,1,1,0,1,0,0,0,0,0,0,1,0,1,0,0,0,0,0,1,1,0,1,1,0,0,0
1393-IMKZG,0,-1.27744458367877,1.03324912418436,-0.96510427207726,0,0,0,1,0,0,1,0,0,0,0,0,0,0,0,1,0,1,0,1,0,0,1,0,1,0,0
8069-RHUXK,0,1.41009942184324,-0.965892667015483,0.116454883544424,0,1,1,0,1,0,0,0,0,1,0,0,0,0,0,1,0,0,0,0,0,1,0,1,0,0,0
3398-GCPMU,1,1.61370124044339,0.823862702163431,1.83961655395885,0,1,1,1,0,1,0,0,0,1,0,1,0,1,0,1,0,1,0,1,0,1,1,1,0,0,0
2908-WGAXL,0,0.962175420922904,-1.3231790220512,-0.358930506897207,0,1,1,1,0,1,0,1,1,0,1,0,1,0,1,0,1,0,1,0,0,1,1,1,0,0,0
3378-AJRAO,0,0.473531056282539,-1.32650261605153,-0.559936235229371,1,1,1,1,0,1,0,1,1,0,1,0,1,0,1,0,1,0,1,0,1,0,0,0,1,0,0
1013-QCWAM,1,1.36937905812321,1.19776702720081,1.94641050450475,0,1,0,1,0,1,1,0,0,0,0,1,0,0,0,0,0,1,0,1,0,0,1,0,1,0,0
0866-QLSIR,0,0.066327419082236,-0.0120211889201282,-0.0852792863685621,0,0,0,1,0,1,0,0,0,1,0,1,0,0,0,1,0,0,0,0,1,0,1,0,0,1,1
6050-FFXES,0,1.4915401492833,1.34899055421593,2.18918021680402,0,1,0,1,0,1,1,0,0,0,0,0,0,1,0,1,0,1,0,1,0,1,0,0,0,0,0
7181-BQYBV,0,-1.27744458367877,1.25260632820629,-0.962190505753973,0,1,1,1,0,1,1,0,0,1,0,0,0,1,0,0,0,1,0,1,0,0,1,0,1,0,1
0362-RAOQO,0,0.310649601402418,-1.49932950406881,-0.640881546649758,0,0,0,1,0,0,0,1,1,0,1,0,1,0,1,0,1,0,1,0,0,1,0,1,0,0,0
9554-DFKIC,0,-0.0965540357978854,-0.342718791953187,-0.3060412333321,1,1,1,1,0,1,0,0,0,1,0,0,0,0,0,0,0,0,0,0,0,0,1,0,0,0,0
5527-ACHSO,0,-0.870240946478462,0.190718045100139,-0.641300952408413,0,0,0,1,0,0,0,0,0,0,0,0,0,0,0,1,0,1,0,1,0,0,0,0,0,1,0
0829-DDVLK,0,-0.707359491598341,-1.48437333106731,-0.873894556563477,0,0,0,1,0,0,0,1,1,0,1,0,1,0,1,0,1,0,1,0,1,0,0,1,0,0,0
1399-UBQIU,0,-0.870240946478462,0.152496714096318,-0.692976156672151,1,0,0,1,0,0,0,0,0,0,0,0,0,1,0,0,0,1,0,1,0,0,1,0,1,0,0
1813-JLKWR,0,1.28793833068315,-1.49434411306831,-0.417316203299422,0,1,1,1,0,0,0,1,1,0,1,0,1,0,1,0,1,0,1,0,1,0,0,0,0,0,0
0336-PIKEI,1,1.61370124044339,0.320338211113097,1.35924244238795,1,1,0,1,0,0,0,0,0,1,0,1,0,1,0,1,0,1,0,0,0,1,0,0,0,0,0
7322-OCWHC,1,1.61370124044339,0.94018849217506,1.96596805725045,1,1,0,1,0,1,1,0,0,1,0,1,0,1,0,1,0,0,0,0,0,1,1,0,0,0,0
9537-VHDTA,0,-1.27744458367877,-0.450735596963985,-0.984816342734038,0,0,1,1,0,0,0,0,0,1,0,0,0,0,0,0,0,0,0,0,0,0,0,0,0,1,0
4957-TIALW,0,-0.707359491598341,0.0278619390838584,-0.5615255623148,0,0,1,1,0,0,0,0,0,1,0,1,0,1,0,1,0,0,0,0,1,0,0,1,0,0,0
2054-PJOCK,0,1.12505687580303,0.524739242133529,1.13245429689216,0,0,0,1,0,1,0,0,0,0,0,0,0,1,0,1,0,1,0,1,1,0,0,1,0,0,0
9150-HEPMB,0,0.962175420922904,-0.400881686959001,0.325716283125899,1,0,0,1,0,0,0,0,0,1,0,0,0,1,0,0,0,0,0,0,1,0,0,0,0,1,0
9030-QGZNL,0,-0.992402037638553,-1.45944637606482,-0.936054904793586,0,0,0,1,0,0,0,1,1,0,1,0,1,0,1,0,1,0,1,0,0,1,0,0,0,1,0
6204-IEUXJ,0,-1.1960038562387,0.509783069132034,-0.911376186994843,0,0,0,1,0,0,1,0,0,0,0,0,0,1,0,1,0,0,0,0,0,0,0,1,0,0,1
3126-WQMGH,0,0.677132874882691,-0.419161453960829,0.133253187877916,0,1,0,1,0,1,0,0,0,0,0,0,0,0,0,0,0,0,0,0,0,0,1,1,0,0,0
4529-CKBCL,0,-1.23672421995873,0.513106663132367,-0.942941988830445,0,0,0,1,0,0,1,0,0,0,0,0,0,0,0,0,0,1,0,0,0,0,1,0,1,0,1
2506-CLAKW,0,-1.07384276507861,1.10969178619201,-0.75690242388607,0,0,0,1,0,0,1,0,0,1,0,1,0,1,0,1,0,0,0,1,0,0,1,0,0,0,1
7176-WRTNX,0,1.53226051300333,1.66805557824782,2.39694058524926,1,0,0,1,0,1,1,0,0,1,0,1,0,1,0,1,0,1,0,1,0,1,1,0,0,0,0
1583-IHQZE,0,-0.829520582758432,1.60158369824118,-0.396081027519108,1,0,0,1,0,1,1,0,0,0,0,1,0,1,0,1,0,1,0,1,0,0,1,0,0,1,1
5732-IKGQH,1,0.799293966042782,1.31907820821294,1.41244075177523,1,1,0,1,0,0,1,0,0,1,0,0,0,1,0,1,0,1,0,1,1,0,1,0,0,0,0
9239-GZHZE,0,1.61370124044339,1.6248488562435,2.57924964634033,0,1,0,1,0,1,1,0,0,1,0,1,0,1,0,1,0,1,0,1,0,1,1,1,0,0,0
7205-BAIAD,0,0.310649601402418,-1.46775536106565,-0.642183911900318,0,0,0,1,0,0,0,1,1,0,1,0,1,0,1,0,1,0,1,0,0,1,1,0,0,0,0
0151-ONTOV,0,-1.27744458367877,0.204012421101468,-0.976119191738774,0,0,0,1,0,0,1,0,0,0,0,0,0,0,0,0,0,0,0,0,0,0,0,0,0,1,1
4140-MUHUG,1,-1.1960038562387,0.734125664154461,-0.909875155858604,0,0,0,1,0,0,1,0,0,0,0,0,0,1,0,0,0,1,0,0,0,0,1,0,1,0,1
0093-EXYQL,1,0.310649601402418,0.890334582170076,0.614399889004226,0,0,0,1,0,0,1,0,0,0,0,0,0,0,0,0,0,1,0,1,0,0,1,0,1,0,0
8064-RAVOH,0,-1.27744458367877,-0.49560411596847,-0.985412340391074,1,0,1,1,0,0,0,0,0,0,0,0,0,1,0,0,0,0,0,0,0,0,1,0,1,0,0
0219-QAERP,0,-0.0965540357978854,-1.49434411306831,-0.752840810223307,1,1,0,1,0,0,0,1,1,0,1,0,1,0,1,0,1,0,1,0,1,0,0,1,0,0,0
0320-JDNQG,0,-0.381596581838098,1.16619288419765,0.021801626012212,1,1,1,1,0,0,1,0,0,1,0,0,0,0,0,1,0,1,0,1,0,0,1,0,1,0,1
7180-PISOG,0,-1.27744458367877,0.323661805113429,-0.974529864653345,1,1,1,1,0,1,1,0,0,0,0,0,0,0,0,0,0,0,0,0,0,0,1,0,1,0,1
9168-INPSZ,1,0.473531056282539,1.30910742621194,0.977318314164462,0,1,0,1,0,1,1,0,0,0,0,0,0,1,0,1,0,1,0,1,0,0,0,0,1,0,0
3571-RFHAR,0,1.32865869440318,1.47528712622855,2.05697910687855,1,0,0,1,0,1,1,0,0,0,0,1,0,1,0,1,0,1,0,1,0,0,1,0,1,0,1
0015-UOCOJ,1,-1.03312240135858,-0.550443416973952,-0.857162474191878,0,0,0,1,0,0,0,0,0,1,0,0,0,0,0,0,0,0,0,0,0,0,1,0,1,0,0
5334-AFQJB,1,1.61370124044339,-1.3181936310507,-0.217215508446461,1,0,0,1,0,1,0,1,1,0,1,0,1,0,1,0,1,0,1,0,0,1,1,1,0,0,0
2754-SDJRD,1,-0.992402037638553,1.17616366619865,-0.606313682541679,0,0,0,1,0,1,1,0,0,0,0,0,0,0,0,1,0,1,0,1,0,0,1,1,0,0,0
9578-VRMNM,0,-0.66663912787831,0.0145675630825297,-0.546802212787285,0,0,0,1,0,1,0,0,0,0,0,0,0,1,0,0,0,0,0,1,0,0,1,1,0,0,1
1587-FKLZB,1,1.36937905812321,1.15456030519649,2.00442094312291,1,1,1,1,0,1,1,0,0,0,0,0,0,1,0,0,0,1,0,1,0,0,1,1,0,0,1
6140-QNRQQ,0,-1.27744458367877,0.225615782103627,-0.975832229903905,1,0,0,1,0,0,1,0,0,0,0,0,0,0,0,0,0,0,0,0,0,0,1,0,0,1,1
8963-JLGJT,0,-1.1960038562387,-0.294526678948369,-0.937864971751991,1,0,1,1,0,0,0,0,0,1,0,0,0,1,0,0,0,0,0,0,0,0,0,0,0,1,0
4307-KTUMW,0,0.840014329762813,0.968439041177884,1.21286983261741,1,1,0,1,0,1,1,0,0,1,0,0,0,1,0,0,0,0,0,1,0,0,0,0,1,0,1
1465-LNTLJ,1,-0.992402037638553,-0.0120211889201282,-0.750611337506247,1,1,0,1,0,0,0,0,0,0,0,0,0,1,0,1,0,0,0,1,0,0,1,1,0,0,0
5440-FLBQG,1,1.4915401492833,1.45036017122606,2.22341697110263,1,1,0,1,0,1,1,0,0,0,0,1,0,1,0,1,0,1,0,1,0,1,1,0,0,0,1
2135-DQWAQ,0,-1.11456312879864,0.682609957149311,-0.821799946541085,0,0,0,1,0,0,1,0,0,0,0,1,0,0,0,0,0,1,0,0,0,0,1,0,0,1,0
4056-QHXHZ,0,1.61370124044339,1.4187860282229,2.33753948543135,0,1,1,1,0,1,1,0,0,1,0,0,0,1,0,1,0,1,0,1,0,1,0,0,0,1,0
7470-MCQTK,0,-0.788800219038401,-0.532163649972125,-0.727786834640504,0,1,0,0,1,0,0,0,0,0,0,0,0,1,0,0,0,1,0,1,0,0,1,0,0,0,1
7488-MXJIV,0,-1.15528349251868,0.694242536150474,-0.86541814544119,0,0,0,1,0,1,1,0,0,0,0,0,0,0,0,0,0,1,0,0,0,0,1,0,1,0,1
7401-JIXNM,0,0.880734693482843,0.882025597169246,1.18452683292726,0,1,1,1,0,1,0,0,0,1,0,1,0,1,0,1,0,1,0,1,0,1,0,1,0,0,0
9339-FIIJL,0,1.61370124044339,0.704213318151471,1.70851914339826,1,1,0,1,0,1,0,0,0,0,0,1,0,1,0,1,0,1,0,1,0,1,0,0,0,0,0
2027-FECZV,0,-0.829520582758432,1.39385907322041,-0.45384865227699,1,0,0,1,0,1,1,0,0,0,0,1,0,1,0,0,0,1,0,1,0,0,1,0,1,0,1
2672-DZUOY,0,-1.27744458367877,-1.31653183405053,-0.9963168901161,1,0,0,0,1,0,0,0,0,0,0,0,0,0,0,0,0,0,0,0,0,0,1,0,1,0,1
4706-DGAHW,1,-1.27744458367877,-0.65015123698392,-0.987465221209753,1,0,0,1,0,0,0,0,0,0,0,0,0,0,0,0,0,0,0,0,0,0,0,0,1,0,0
3870-MQAMG,0,0.880734693482843,1.51517025423254,1.59428625913305,0,1,0,1,0,1,1,0,0,0,0,1,0,1,0,1,0,1,0,1,1,0,0,0,1,0,1
6670-MFRPK,0,1.4915401492833,0.479870723129044,1.38568707917051,1,1,1,1,0,1,1,0,0,0,0,0,0,1,0,0,0,0,0,0,0,1,1,1,0,0,0
6177-PEVRA,0,0.636412511162661,-0.307821054949698,0.152501704801444,0,0,0,1,0,0,0,0,0,1,0,1,0,0,0,0,0,0,0,0,0,1,0,1,0,0,0
4800-CZMPC,0,0.636412511162661,1.27919508020895,1.21655618849611,0,1,1,1,0,1,1,0,0,1,0,1,0,0,0,0,0,1,0,1,1,0,1,1,0,0,1
4813-HQMGZ,0,-0.992402037638553,0.847127860165757,-0.679069544674648,0,1,0,1,0,1,1,0,0,0,0,0,0,0,0,1,0,0,0,1,0,0,1,0,1,0,0
7579-KKLOE,0,1.57298087672336,0.88036380016908,1.90175482820166,1,1,1,1,0,1,0,0,0,1,0,1,0,1,0,1,0,1,0,1,0,1,1,0,0,1,0
7377-DMMRI,0,-1.23672421995873,-0.563737792975281,-0.966605303213498,1,0,0,1,0,0,0,0,0,1,0,0,0,0,0,0,0,0,0,0,0,0,1,0,1,0,1
8402-EIVQS,0,1.41009942184324,1.20109062120114,1.96512924573314,1,1,0,1,0,0,1,0,0,1,0,1,0,0,0,0,0,1,0,1,1,0,1,1,0,0,0
4947-DSMXK,0,0.066327419082236,1.09473561319051,0.498025827971152,1,1,1,1,0,1,1,0,0,0,0,1,0,0,0,0,0,1,0,1,0,0,1,0,0,0,0
7245-NIIWQ,0,-1.1960038562387,0.169114684097979,-0.919190378498202,0,0,0,1,0,0,1,0,0,0,0,0,0,0,0,0,0,0,0,0,0,0,1,0,1,0,0
0002-ORFBO,0,-0.951681673918523,0.0278619390838584,-0.745490172453198,0,1,1,1,0,0,0,0,0,0,0,1,0,0,0,1,0,1,0,0,1,0,1,0,0,1,0
3324-OIRTO,0,1.57298087672336,1.3257253962136,2.21026087467325,1,1,1,1,0,0,1,0,0,1,0,1,0,1,0,0,0,1,0,1,1,0,1,0,0,0,0
5414-OFQCB,0,1.00289578464293,0.853775048166422,1.30143066965547,1,0,0,1,0,1,1,0,0,0,0,0,0,0,0,1,0,1,0,0,0,1,1,1,0,0,0
4967-WPNCF,0,1.61370124044339,-0.035286346922454,0.963698664001828,1,0,0,0,1,0,0,0,0,1,0,1,0,1,0,1,0,1,0,1,0,1,1,0,0,0,0
8552-OBVRU,1,0.636412511162661,1.3207400052131,1.23002132074766,0,1,1,1,0,0,1,0,0,1,0,0,0,1,0,1,0,1,0,1,0,0,1,0,1,0,0
8499-BRXTD,0,-0.58519840043825,-1.48437333106731,-0.830011469815801,1,0,0,1,0,0,0,1,1,0,1,0,1,0,1,0,1,0,1,0,1,0,0,0,0,1,0
9154-QDGTH,0,0.432810692562509,1.31409281721244,0.957981501291744,1,1,1,1,0,1,1,0,0,0,0,0,0,1,0,1,0,1,0,1,1,0,1,1,0,0,0
8197-BFWVU,0,1.61370124044339,0.946835680175725,1.94561584096204,0,1,1,1,0,1,0,0,0,1,0,1,0,1,0,1,0,1,0,1,0,1,1,0,0,0,0
2577-GVSIL,0,0.107047782802266,0.28876406810994,0.16740164622734,1,1,1,1,0,1,0,0,0,0,0,0,0,0,0,1,0,1,0,1,1,0,1,0,0,0,0
9367-OIUXP,0,-1.15528349251868,-1.46443176706532,-0.975170010284976,1,0,0,1,0,0,0,1,1,0,1,0,1,0,1,0,1,0,1,0,0,0,0,0,0,1,0
6770-UAYGJ,0,0.677132874882691,-1.3132082400502,-0.472501171543482,0,1,1,1,0,1,0,1,1,0,1,0,1,0,1,0,1,0,1,0,0,1,0,0,0,1,0
6463-HHXJR,0,1.57298087672336,1.18779624519981,2.096469470154,0,1,1,1,0,1,1,0,0,1,0,1,0,1,0,0,0,1,0,0,0,1,0,0,0,0,0
7928-VJYAB,0,-0.870240946478462,0.85876043916692,-0.557022468906085,1,1,1,1,0,0,1,0,0,0,0,0,0,0,0,0,0,1,0,1,0,0,0,0,1,0,0
1187-WILMM,0,1.24721796696312,0.818877311162933,1.46382899420409,1,1,1,1,0,1,0,0,0,1,0,1,0,1,0,1,0,1,0,1,0,1,1,1,0,0,0
9776-OJUZI,1,1.32865869440318,1.01995474818303,1.74004079725926,0,0,0,1,0,1,1,0,0,0,0,1,0,1,0,0,0,1,0,0,0,0,1,0,0,0,0
1306-RPWXZ,0,0.677132874882691,-1.47274075206615,-0.555057884036596,0,0,1,1,0,0,0,1,1,0,1,0,1,0,1,0,1,0,1,0,0,1,0,1,0,0,0
8949-JTMAY,0,-0.137274399517916,1.1246479591935,0.28752828510101,0,0,0,1,0,1,1,0,0,0,0,0,0,1,0,0,0,1,0,1,0,0,1,1,0,0,1
2774-LVQUS,1,-0.707359491598341,0.607829092141835,-0.451906141394799,0,1,0,1,0,1,1,0,0,0,0,0,0,1,0,1,0,0,0,0,0,0,1,0,1,0,1
3097-PYWXL,0,-1.15528349251868,-1.48935872206781,-0.970821434787344,0,1,1,1,0,0,0,1,1,0,1,0,1,0,1,0,1,0,1,0,0,0,1,0,1,0,0
2266-SJNAT,0,1.61370124044339,1.47528712622855,2.43153052334463,0,1,0,1,0,1,1,0,0,0,0,1,0,1,0,1,0,1,0,1,1,0,0,1,0,0,0
0869-PAPRP,1,-0.259435490678007,0.69590433315064,-0.0948814708430286,0,1,0,1,0,0,1,0,0,0,0,0,0,1,0,0,0,1,0,0,0,0,1,1,0,0,0
4238-JSSWH,1,0.107047782802266,1.23931195220496,0.51681079116143,0,1,0,1,0,1,1,0,0,0,0,0,0,1,0,0,0,1,0,1,0,0,0,0,0,0,0
2972-YDYUW,0,1.00289578464293,0.995027793180542,1.40701055090001,0,0,0,1,0,1,1,0,0,0,0,1,0,0,0,1,0,0,0,1,1,0,0,0,1,0,0
1104-FEJAM,0,-0.177994763237946,-0.0120211889201282,-0.211807381558543,1,1,1,1,0,1,0,0,0,0,0,1,0,0,0,0,0,0,0,1,0,0,0,0,1,0,0
2809-ILCYT,0,-0.300155854398037,-1.26169253304505,-0.683572638083363,0,1,0,1,0,1,0,1,1,0,1,0,1,0,1,0,1,0,1,0,1,0,1,0,0,1,0
5499-ECUTN,0,0.595692147442631,0.0428181120853536,0.326488872681316,0,1,0,1,0,0,0,0,0,1,0,0,0,1,0,0,0,1,0,0,1,0,1,1,0,0,0
4981-FLTMF,0,1.00289578464293,0.0145675630825297,0.620690975384049,0,1,1,1,0,1,0,0,0,1,0,1,0,0,0,1,0,0,0,0,0,0,0,0,0,0,0
9121-PHQSR,1,-0.66663912787831,0.67430097214848,-0.393255557145012,1,1,0,1,0,1,1,0,0,0,0,0,0,0,0,0,0,1,0,0,0,0,1,1,0,0,0
3113-IWHLC,0,-1.11456312879864,-0.297850272948702,-0.886300137424742,1,0,0,1,0,0,0,0,0,1,0,0,0,1,0,0,0,0,0,0,0,0,1,0,0,1,0
3211-ILJTT,0,-0.62591876415828,0.187394451099807,-0.471441620153196,1,1,0,1,0,0,1,0,0,0,0,0,0,0,0,0,0,0,0,0,0,0,1,0,0,0,1
4612-THJBS,1,0.962175420922904,1.32904899021393,1.42542025630623,0,0,0,1,0,1,1,0,0,0,0,1,0,1,0,0,0,1,0,1,1,0,1,0,0,0,1
4277-BWBML,0,1.61370124044339,-1.48935872206781,-0.423408623793567,1,1,1,1,0,0,0,1,1,0,1,0,1,0,1,0,1,0,1,0,0,1,0,0,0,0,0
4094-NSEDU,1,-0.463037309278159,0.980071620179047,-0.136049457153097,0,0,0,1,0,1,1,0,0,0,0,0,0,0,0,0,0,1,0,1,0,0,1,0,1,0,1
0234-TEVTT,0,0.636412511162661,-0.656798424984584,-0.0377981396913728,0,1,1,0,1,0,0,0,0,1,0,0,0,1,0,0,0,0,0,1,1,0,0,1,0,0,0
4304-TSPVK,0,1.45081978556327,1.66639378124766,2.45534835563877,0,1,0,1,0,1,1,0,0,1,0,1,0,1,0,1,0,1,0,1,0,1,0,0,0,0,0
1552-AAGRX,0,-0.0965540357978854,1.38388829121942,0.410568690297966,0,0,0,1,0,1,1,0,0,1,0,0,0,0,0,1,0,1,0,1,0,0,0,0,0,0,0
2637-FKFSY,0,-1.1960038562387,-0.620238890980929,-0.949961516791089,0,1,0,1,0,0,0,0,0,0,0,0,0,0,0,0,0,0,0,0,0,0,1,0,0,1,0
9796-MVYXX,1,-0.748079855318371,-0.832948907002193,-0.701761603616605,0,0,0,0,1,0,0,0,0,1,0,0,0,1,0,1,0,0,0,0,0,1,0,0,0,1,0
7874-ECPQJ,0,-1.15528349251868,-1.48603512806748,-0.969673587447868,0,0,1,1,0,0,0,1,1,0,1,0,1,0,1,0,1,0,1,0,0,0,1,0,0,0,0
0020-INWCK,0,1.57298087672336,1.02992553018403,2.01645126620011,0,1,1,1,0,1,1,0,0,0,0,1,0,1,0,0,0,0,0,1,0,1,1,1,0,0,0
7089-RKVSZ,0,-0.992402037638553,-1.34145878905303,-0.917380311539797,1,1,1,1,0,1,0,1,1,0,1,0,1,0,1,0,1,0,1,0,1,0,0,0,0,1,0
2683-JXWQQ,0,1.16577723952306,-1.03568814102246,-0.0727191875962141,1,1,1,0,1,0,0,0,0,1,0,0,0,1,0,0,0,0,0,0,0,0,0,0,0,0,0
9548-ZMVTX,0,1.61370124044339,0.853775048166422,1.89126968423529,1,1,1,1,0,1,1,0,0,0,0,1,0,1,0,1,0,0,0,0,0,1,0,0,0,0,0
8739-XNIKG,0,-1.11456312879864,0.639403235144992,-0.819901583633489,0,0,0,1,0,1,1,0,0,0,0,0,0,0,0,0,0,1,0,0,0,0,1,0,1,0,0
9755-JHNMN,0,0.677132874882691,0.0876866310898392,0.452487192176154,0,0,0,1,0,0,0,0,0,1,0,1,0,1,0,1,0,0,0,0,0,1,0,0,0,0,0
3981-QSVQI,0,-0.992402037638553,-1.49766770706864,-0.932854176635431,1,0,0,1,0,0,0,1,1,0,1,0,1,0,1,0,1,0,1,0,0,0,1,0,0,0,0
2789-HQBOU,0,-1.1960038562387,0.518092054132865,-0.895372546204065,1,0,0,1,0,0,1,0,0,0,0,0,0,0,0,0,0,0,0,1,0,0,1,0,1,0,0
9424-CMPOG,0,-0.951681673918523,-1.50099130106898,-0.920272003875785,1,1,1,1,0,0,0,1,1,0,1,0,1,0,1,0,1,0,1,0,0,1,0,0,0,1,0
5067-WJEUN,0,1.41009942184324,-0.351027776954017,0.687067455188004,1,1,1,1,0,0,0,0,0,1,0,1,0,0,0,0,0,0,0,0,0,1,1,0,0,0,0
3450-WXOAT,0,0.5549717837226,-0.65015123698392,-0.0956982083730406,1,0,0,1,0,0,0,0,0,0,0,0,0,0,0,0,0,0,0,0,0,0,1,1,0,0,0
9251-WNSOD,0,1.41009942184324,0.343603369115422,1.22843199366223,0,1,0,1,0,1,0,0,0,1,0,1,0,1,0,0,0,0,0,1,1,0,0,0,0,1,0
6974-DAFLI,0,0.921455057202873,-1.49766770706864,-0.50411112135368,0,1,0,1,0,0,0,1,1,0,1,0,1,0,1,0,1,0,1,0,1,0,0,0,1,0,0
2616-UUTFK,0,0.0256070553622056,0.265498910107614,0.0730794985045924,1,1,0,1,0,1,0,0,0,1,0,1,0,1,0,0,0,1,0,0,0,0,1,0,0,0,0
7064-JHXCE,0,1.20649760324309,-1.48603512806748,-0.449433854817465,1,1,1,1,0,0,0,1,1,0,1,0,1,0,1,0,1,0,1,0,0,1,0,1,0,0,0
5103-MHMHY,0,-1.27744458367877,-0.625224281981428,-0.987134111400288,0,0,1,1,0,0,0,0,0,0,0,0,0,0,0,0,0,0,0,0,0,0,0,0,0,1,1
7989-AWGEH,0,0.677132874882691,-0.849566877003854,-0.195914110704254,1,1,1,0,1,0,0,0,0,1,0,0,0,0,0,0,0,0,0,1,0,0,1,0,1,0,0
4373-VVHQL,0,-1.27744458367877,-0.665107409985415,-0.987663887095431,1,0,0,1,0,0,0,0,0,0,0,0,0,0,0,0,0,0,0,0,0,0,1,0,1,0,0
4559-UWIHT,0,-0.748079855318371,0.594534716140507,-0.484266606773116,1,1,0,1,0,1,1,0,0,0,0,1,0,1,0,0,0,0,0,0,0,0,1,0,1,0,0
7268-IGMFD,1,-0.58519840043825,0.968439041177884,-0.237523576760275,1,0,0,1,0,1,1,0,0,0,0,0,0,1,0,1,0,1,0,0,0,0,0,0,0,0,0
1846-XWOQN,1,-1.27744458367877,0.179085466098976,-0.976450301548238,0,0,0,1,0,0,1,0,0,0,0,0,0,0,0,0,0,0,0,0,0,0,1,0,1,0,1
0235-KGSLC,0,-1.27744458367877,0.690918942150142,-0.96965151346057,0,0,0,1,0,0,1,0,0,0,0,0,0,1,0,0,0,1,0,0,0,0,1,1,0,0,1
6650-BWFRT,0,1.61370124044339,1.74117464625513,2.75818138737487,0,1,0,1,0,1,1,0,0,1,0,1,0,1,0,1,0,1,0,1,0,1,1,1,0,0,0
9570-KYEUA,0,1.28793833068315,1.14625132019566,1.88402941640167,1,0,0,1,0,1,1,0,0,1,0,0,0,1,0,1,0,0,0,1,0,1,0,1,0,0,0
6993-YGFJV,0,1.4915401492833,1.58828932223985,2.43899153105123,1,1,0,1,0,1,1,0,0,1,0,1,0,1,0,1,0,1,0,1,0,1,1,0,0,0,0
2712-SYWAY,0,-1.27744458367877,-1.29825206704871,-0.996074076255826,0,0,0,1,0,1,0,1,1,0,1,0,1,0,1,0,1,0,1,0,0,0,1,0,1,0,0
0730-BGQGF,0,1.57298087672336,0.848789657165923,1.76829550100022,1,1,1,1,0,1,0,0,0,1,0,1,0,1,0,1,0,1,0,1,0,1,0,1,0,0,0
5498-IBWPI,0,1.36937905812321,-0.510560288969965,0.428205806148767,0,1,1,1,0,0,0,0,0,0,0,0,0,0,0,1,0,0,0,0,1,0,1,1,0,0,0
9101-NTIXF,0,-1.23672421995873,-1.50763848906964,-0.985081230581609,1,0,0,1,0,0,0,1,1,0,1,0,1,0,1,0,1,0,1,0,0,0,0,0,0,1,0
0013-SMEOE,1,1.57298087672336,1.49356689323038,2.48214617621809,0,1,0,1,0,0,1,0,0,1,0,1,0,1,0,1,0,1,0,1,0,1,1,0,0,0,0
9314-QDMDW,0,-0.870240946478462,-0.116714399930594,-0.685161965168792,1,0,0,1,0,0,0,0,0,0,0,1,0,0,0,0,0,1,0,0,1,0,1,0,1,0,0
9308-ANMVE,0,0.595692147442631,-0.314468242950363,0.164289214018375,1,0,1,1,0,0,0,0,0,1,0,1,0,0,0,0,0,0,0,0,0,0,1,0,1,0,0
2884-GBPFB,0,0.107047782802266,0.184070857099474,0.0594377743546609,0,1,0,1,0,0,1,0,0,0,0,0,0,0,0,0,0,0,0,0,0,0,1,0,1,0,1
3757-NJYBX,1,-0.0151133083578247,1.38222649421925,0.546919709835389,1,1,0,1,0,1,1,0,0,0,0,1,0,1,0,0,0,1,0,1,0,0,0,0,0,0,1
3413-DHLPB,0,1.12505687580303,1.29581305021061,1.6281919036222,1,1,1,1,0,1,1,0,0,0,0,1,0,0,0,1,0,1,0,1,0,0,1,0,0,0,0
7649-PHJVR,0,-0.870240946478462,-1.50431489506931,-0.907292499344782,1,0,0,1,0,0,0,1,1,0,1,0,1,0,1,0,1,0,1,0,1,0,0,0,0,1,0
6114-TCFID,0,-0.137274399517916,-0.839596095002858,-0.529407910796757,0,0,0,0,1,0,0,0,0,1,0,1,0,0,0,1,0,0,0,0,1,0,0,1,0,0,0
3787-TRIAL,0,-0.463037309278159,-1.28661948804755,-0.757652939454189,1,1,1,0,1,0,0,0,0,0,0,0,0,0,0,0,0,0,0,0,0,0,1,0,1,0,0
2573-GYRUU,1,0.636412511162661,0.873716612168415,0.922177493894997,1,1,0,1,0,1,1,0,0,0,0,0,0,1,0,0,0,0,0,1,0,0,1,1,0,0,0
5156-UMKOW,0,-1.1960038562387,-1.16697010403558,-0.967664854603784,0,0,1,0,1,0,0,0,0,0,0,1,0,0,0,0,0,0,0,0,0,0,0,0,0,1,0
1247-QBVSH,0,0.432810692562509,-0.483971536967307,-0.0496739448574946,0,1,1,1,0,0,0,0,0,0,0,1,0,0,0,0,0,0,0,0,0,0,0,0,0,1,0
6734-GMPVK,0,-1.11456312879864,1.34732875721576,-0.764341357605369,1,0,0,1,0,1,1,0,0,0,0,1,0,1,0,0,0,1,0,1,0,0,0,0,1,0,0
9822-OAOVB,0,-1.27744458367877,-0.309482851949864,-0.98294005381374,0,0,0,1,0,0,0,0,0,0,0,0,0,0,0,0,0,0,0,1,0,0,1,0,1,0,0
6161-ERDGD,0,1.57298087672336,0.68759534814981,1.77427755155788,1,1,1,1,0,1,0,0,0,1,0,0,0,1,0,1,0,1,0,1,1,0,0,0,1,0,0
1226-JZNKR,0,-0.992402037638553,-1.49434411306831,-0.93676127238711,0,1,1,1,0,0,0,1,1,0,1,0,1,0,1,0,1,0,1,0,1,0,0,0,1,0,0
7318-EIVKO,0,-0.992402037638553,-0.183186279937239,-0.814670048643952,1,0,0,1,0,1,0,0,0,0,0,0,0,0,0,0,0,1,0,0,0,0,1,0,1,0,0
3771-PZOBW,0,-0.503757672998189,0.862084033167252,-0.220990160274355,1,0,0,1,0,1,1,0,0,0,0,0,0,1,0,0,0,1,0,0,0,0,1,1,0,0,0
5136-KCKGI,0,0.0256070553622056,1.29415125321044,0.523190173490443,0,1,1,1,0,1,1,0,0,1,0,0,0,1,0,0,0,1,0,1,1,0,1,0,0,1,1
8231-BSWXX,0,1.57298087672336,0.474885332128546,1.44389618367434,1,0,0,1,0,1,1,0,0,0,0,1,0,0,0,0,0,0,0,0,1,0,1,1,0,0,0
6486-LHTMA,1,-0.0558336720778551,0.862084033167252,0.244395713921452,0,1,0,1,0,1,1,0,0,0,0,0,0,1,0,0,0,1,0,0,1,0,1,0,1,0,0
4083-BFNYK,1,0.229208873962357,1.00499857518154,0.578044031925039,0,1,0,1,0,1,1,0,0,1,0,1,0,0,0,0,0,0,0,1,1,0,0,1,0,0,0
3722-WPXTK,0,-1.27744458367877,0.783979574159444,-0.968415370171903,1,0,0,1,0,0,1,0,0,0,0,0,0,0,0,0,0,1,0,1,0,0,1,0,1,0,1
7389-KBFIT,0,-1.23672421995873,-1.14702854003359,-0.979275771922334,0,1,1,0,1,0,0,0,0,0,0,1,0,0,0,0,0,0,0,0,0,0,1,0,0,1,0
7176-WIONM,0,-0.829520582758432,-0.49560411596847,-0.734960880512232,0,1,0,0,1,0,0,0,0,0,0,0,0,1,0,0,0,1,0,1,0,0,1,0,0,0,0
5141-ZUVBH,0,-0.951681673918523,0.938526695174894,-0.623222356811659,0,0,1,1,0,0,1,0,0,1,0,0,0,1,0,1,0,0,0,1,0,0,0,0,0,0,0
1089-HDMKP,1,-0.870240946478462,-0.339395197952855,-0.741980408472876,1,0,1,1,0,0,0,0,0,0,0,1,0,0,0,1,0,0,0,0,0,0,1,0,1,0,0
7623-HKYRK,0,-1.07384276507861,-1.49766770706864,-0.95812889209121,1,0,1,1,0,0,0,1,1,0,1,0,1,0,1,0,1,0,1,0,0,0,0,0,0,1,0
0310-SUCIN,0,1.57298087672336,0.66599198714765,1.66181058627648,0,1,0,1,0,0,0,0,0,1,0,1,0,1,0,1,0,1,0,1,1,0,1,0,0,0,0
5197-PYEPU,0,0.392090328842479,0.986718808179712,0.724858121441536,0,1,1,1,0,1,1,0,0,1,0,1,0,0,0,0,0,1,0,0,1,0,1,1,0,0,0
2929-ERCFZ,0,-0.992402037638553,0.978409823178881,-0.664257899197942,0,1,1,1,0,0,1,0,0,0,0,0,0,1,0,0,0,1,0,1,0,0,1,0,1,0,1
7548-SEPYI,0,-1.11456312879864,1.04654350018569,-0.781183809913456,0,0,0,1,0,0,1,0,0,0,0,1,0,0,0,0,0,1,0,1,0,0,1,0,1,0,1
8835-VSDSE,0,-1.23672421995873,0.197365233100803,-0.944972795661827,0,1,0,1,0,0,1,0,0,0,0,0,0,0,0,0,0,0,0,0,0,0,1,0,1,0,1
6619-RPLQZ,0,0.51425142000257,-1.45944637606482,-0.6135539503753,0,1,1,1,0,0,0,1,1,0,1,0,1,0,1,0,1,0,1,0,0,1,0,0,0,1,0
3275-RHRNE,0,-0.177994763237946,-0.158259324934747,-0.264829099047436,1,1,1,0,1,0,0,0,0,0,0,1,0,1,0,1,0,1,0,1,1,0,1,1,0,0,0
3503-TYDAY,0,0.432810692562509,0.521415648133197,0.49312540279108,0,1,0,1,0,1,1,0,0,0,0,1,0,0,0,0,0,0,0,0,0,0,0,0,1,0,0
6901-GOGZG,0,1.12505687580303,0.670977378148148,1.19329020588442,1,0,1,1,0,1,0,0,0,1,0,0,0,1,0,1,0,1,0,1,0,1,1,0,1,0,0
1623-NLDOT,0,0.392090328842479,-1.03734993802263,-0.369349428901685,0,1,0,0,1,0,0,0,0,0,0,1,0,0,0,1,0,0,0,0,1,0,0,0,0,1,1
7021-XSNYE,0,-1.03312240135858,-0.502251303969135,-0.872525969351025,1,1,1,0,1,0,0,0,0,1,0,0,0,1,0,1,0,0,0,1,0,1,0,1,0,0,0
9621-OUPYD,0,-0.300155854398037,-1.48104973706698,-0.78319254275754,0,1,0,1,0,0,0,1,1,0,1,0,1,0,1,0,1,0,1,0,1,0,1,0,0,0,0
9898-KZQDZ,1,0.310649601402418,0.990042402180044,0.599764835425901,0,1,1,1,0,1,1,0,0,0,0,0,0,0,0,0,0,1,0,1,0,0,1,1,0,0,1
8982-NHAVY,0,-0.218715126957977,1.18779624519981,0.172853921089853,1,0,0,1,0,1,1,0,0,0,0,0,0,1,0,0,0,1,0,1,1,0,1,0,0,0,0
4307-KWMXE,0,-0.910961310198492,-0.964230870015317,-0.835331300754528,1,0,0,0,1,0,0,0,0,0,0,1,0,0,0,1,0,0,0,0,0,0,0,0,1,0,0
0141-YEAYS,1,-0.218715126957977,0.720831288153132,0.0525948382923975,0,0,0,1,0,1,1,0,0,0,0,1,0,1,0,0,0,0,0,0,0,0,1,0,0,0,0
2450-ZKEED,0,-0.870240946478462,-0.364322152955347,-0.719773977251466,0,0,0,1,0,0,0,0,0,0,0,0,0,1,0,1,0,0,0,0,1,0,0,0,0,0,0
3694-DELSO,0,-1.15528349251868,-0.871170238006014,-0.938505117383623,1,1,1,0,1,0,0,0,0,1,0,0,0,0,0,0,0,1,0,0,0,0,0,1,0,0,0
3893-JRNFS,0,1.45081978556327,-0.826301719001529,0.227111781867413,1,0,0,0,1,0,0,0,0,0,0,0,0,1,0,0,0,0,0,1,0,0,1,0,0,0,0
9603-OAIHC,1,-1.27744458367877,0.175761872098643,-0.976494449522833,1,0,0,1,0,0,1,0,0,0,0,0,0,0,0,0,0,0,0,0,0,0,1,0,1,0,0
1133-KXCGE,0,-0.58519840043825,-1.48437333106731,-0.827715775136848,0,0,0,1,0,0,0,1,1,0,1,0,1,0,1,0,1,0,1,0,1,0,0,0,0,1,0
5236-PERKL,0,1.00289578464293,1.60158369824118,1.84674645185598,0,0,0,1,0,1,1,0,0,1,0,1,0,1,0,0,0,1,0,1,0,1,1,0,0,0,1
0142-GVYSN,0,-0.259435490678007,-1.47772614306665,-0.781713585608599,1,0,0,1,0,0,0,1,1,0,1,0,1,0,1,0,1,0,1,0,0,0,1,0,1,0,0
1049-FYSYG,0,-0.62591876415828,-0.967554464015649,-0.722202115854205,0,1,0,0,1,0,0,0,0,0,0,1,0,1,0,0,0,0,0,0,0,0,1,1,0,0,0
7854-FOKSF,0,-1.27744458367877,-0.959245479014819,-0.991570982847111,1,0,0,0,1,0,0,0,0,0,0,0,0,0,0,0,0,0,0,1,0,0,0,0,1,0,1
2519-FAKOD,0,0.229208873962357,1.14625132019566,0.660115116697605,1,0,1,1,0,1,1,0,0,0,0,0,0,1,0,0,0,1,0,1,0,0,1,0,0,0,1
8406-LNMHF,1,1.084336512083,0.604505498141503,1.1572213106401,1,1,0,1,0,0,1,0,0,1,0,1,0,1,0,0,0,0,0,0,1,0,1,1,0,0,0
1821-BUCWY,0,-0.0965540357978854,-0.3028356639492,-0.277278827883296,1,0,0,1,0,0,0,0,0,1,0,0,0,1,0,0,0,0,0,0,0,1,1,0,0,1,0
8263-JQAIK,1,-1.23672421995873,-1.33979699205286,-0.986449817794062,1,0,0,0,1,0,0,0,0,0,0,0,0,0,0,0,0,0,0,0,0,0,1,0,0,1,1
0023-UYUPN,1,0.717853238602722,-1.31487003705037,-0.43071511358908,0,1,0,1,0,1,0,1,1,0,1,0,1,0,1,0,1,0,1,0,1,0,0,0,1,0,0
8314-DPQHL,0,-0.951681673918523,-0.464029972965314,-0.802750095503235,1,0,0,0,1,0,0,0,0,1,0,0,0,1,0,1,0,0,0,1,1,0,0,0,0,1,0
1465-WCZVT,0,-1.1960038562387,-1.49932950406881,-0.980644359134787,0,1,1,1,0,0,0,1,1,0,1,0,1,0,1,0,1,0,1,0,0,0,0,0,0,1,0
9481-SFCQY,0,-0.748079855318371,-0.164906512935412,-0.643265537277902,0,0,1,1,0,0,0,0,0,0,0,0,0,1,0,0,0,1,0,0,0,0,1,1,0,0,0
6360-SVNWV,1,-0.0558336720778551,0.292087662110272,-0.0826745558674424,0,0,0,1,0,0,1,0,0,1,0,0,0,0,0,0,0,0,0,0,0,0,1,1,0,0,0
0567-GGCAC,0,-1.03312240135858,-0.111729008930096,-0.813654645228261,0,0,0,1,0,0,0,0,0,1,0,1,0,1,0,0,0,0,0,0,0,0,0,0,1,0,0
7089-IVVAZ,0,-0.992402037638553,1.28251867420928,-0.633354316981268,0,0,0,1,0,1,1,0,0,1,0,0,0,0,0,1,0,1,0,1,0,0,1,0,0,0,1
8884-MRNSU,0,-0.62591876415828,-1.49102051906798,-0.861842159498974,1,1,1,1,0,0,0,1,1,0,1,0,1,0,1,0,1,0,1,0,1,0,0,0,0,0,0
2171-UDMFD,0,-0.0151133083578247,-1.50597669206947,-0.709619943094559,1,1,1,1,0,0,0,1,1,0,1,0,1,0,1,0,1,0,1,0,0,0,1,1,0,0,0
9050-IKDZA,1,-1.23672421995873,0.556313385136686,-0.935657573022229,0,0,0,1,0,0,1,0,0,0,0,0,0,0,0,0,0,1,0,0,0,0,0,0,0,1,0
2205-YMZZJ,1,-1.03312240135858,0.66599198714765,-0.765952758678096,1,0,0,1,0,1,1,0,0,0,0,0,0,0,0,0,0,1,0,0,0,0,1,0,1,0,1
9802-CAQUT,0,1.61370124044339,1.48858150222988,2.47464102053689,0,1,1,1,0,1,1,0,0,1,0,1,0,1,0,0,0,1,0,1,0,1,0,1,0,0,0
1254-IZEYF,1,-0.0558336720778551,1.16951647819798,0.399421326712666,0,0,0,1,0,1,1,0,0,0,0,1,0,0,0,0,0,1,0,1,0,0,1,0,1,0,1
0187-WZNAB,0,-0.218715126957977,0.320338211113097,-0.136667528797431,0,1,1,1,0,0,1,0,0,1,0,0,0,0,0,0,0,0,0,0,0,0,0,0,0,1,0
9492-TOKRI,0,-0.58519840043825,0.838818875164927,-0.333126015746284,0,0,0,1,0,1,1,0,0,0,0,1,0,0,0,0,0,1,0,0,0,0,1,1,0,0,1
1475-VWVDO,0,-1.03312240135858,0.336956181114758,-0.790852216349816,1,0,0,1,0,0,1,0,0,0,0,0,0,1,0,0,0,0,0,0,0,0,1,0,1,0,0
9221-OTIVJ,1,-0.748079855318371,1.33237258421427,-0.331338022775177,0,0,0,1,0,1,1,0,0,0,0,1,0,1,0,0,0,1,0,1,0,0,1,0,1,0,1
1357-MVDOZ,0,-0.870240946478462,-0.16989190393591,-0.705779069304773,1,1,1,1,0,0,0,0,0,0,0,0,0,1,0,0,0,1,0,0,0,0,1,0,0,0,0
7602-MVRMB,0,1.61370124044339,1.51849384823287,2.55039894494234,0,1,1,1,0,1,1,0,0,1,0,0,0,1,0,1,0,1,0,1,0,1,1,0,0,0,0
3325-FUYCG,0,-0.177994763237946,1.37391750921842,0.249649322898287,1,1,1,1,0,1,1,0,0,1,0,1,0,0,0,0,0,1,0,1,1,0,0,0,1,0,1
5908-QMGOE,1,-0.707359491598341,0.313691023112432,-0.506826221791288,1,0,0,1,0,1,1,0,0,0,0,0,0,0,0,0,0,0,0,0,0,0,1,1,0,0,1
1197-BVMVG,1,-1.15528349251868,0.322000008113263,-0.877426394531097,0,0,0,1,0,1,1,0,0,0,0,0,0,0,0,0,0,0,0,0,0,0,1,0,1,0,0
5406-KGRMX,0,1.57298087672336,-1.33647339805253,-0.248450200472599,0,0,0,1,0,1,0,1,1,0,1,0,1,0,1,0,1,0,1,0,0,1,0,0,1,0,0
8481-YYXWG,0,-1.11456312879864,0.817215514162767,-0.803588907020545,0,0,0,1,0,0,1,0,0,0,0,1,0,0,0,1,0,0,0,1,0,0,1,0,1,0,1
5968-HYJRZ,0,0.595692147442631,-1.33647339805253,-0.495104934536249,1,1,1,1,0,1,0,1,1,0,1,0,1,0,1,0,1,0,1,0,0,1,0,0,0,1,0
5198-EFNBM,1,1.00289578464293,0.860422236167086,1.2881862772769,1,1,0,1,0,0,1,0,0,0,0,1,0,1,0,0,0,1,0,0,1,0,1,0,1,0,0
7516-GMHUV,1,0.717853238602722,1.33901977221493,1.27207226654963,1,1,0,1,0,1,1,0,0,1,0,0,0,1,0,0,0,1,0,1,0,1,1,1,0,0,0
7140-ADSMJ,0,-0.992402037638553,-1.47274075206615,-0.935767942958717,1,0,0,1,0,0,0,1,1,0,1,0,1,0,1,0,1,0,1,0,0,0,1,1,0,0,0
2230-XTUWL,0,0.636412511162661,-1.50265309806914,-0.617438972139682,0,1,1,1,0,0,0,1,1,0,1,0,1,0,1,0,1,0,1,0,0,1,0,0,0,1,0
7706-YLMQA,0,1.53226051300333,-1.49766770706864,-0.415175026531553,0,0,0,1,0,0,0,1,1,0,1,0,1,0,1,0,1,0,1,0,1,0,0,0,0,0,0
2585-KTFRE,0,-1.27744458367877,0.189056248099973,-0.976317857624453,1,0,1,1,0,0,0,0,0,1,0,1,0,0,0,1,0,0,0,1,0,0,1,0,0,0,0
7994-UYIVZ,0,-0.992402037638553,0.694242536150474,-0.716286287258442,1,1,0,1,0,1,1,0,0,0,0,0,0,0,0,0,0,0,0,1,0,0,1,0,0,0,0
2609-IAICY,0,-1.27744458367877,0.411737046122233,-0.973359943326571,0,0,0,1,0,1,1,0,0,0,0,0,0,0,0,0,0,0,0,0,0,0,1,0,1,0,1
1740-CSDJP,0,-1.27744458367877,-0.980848840016978,-0.99185794468198,1,0,0,0,1,0,0,0,0,0,0,0,0,0,0,0,0,0,0,1,0,0,1,0,0,0,1
7717-BICXI,0,1.12505687580303,-1.46941715806582,-0.475414937866769,1,1,1,1,0,0,0,1,1,0,1,0,1,0,1,0,1,0,1,0,0,1,0,0,0,1,0
6559-RAKOZ,0,0.677132874882691,1.10304459819134,1.1637331368929,1,1,1,1,0,1,1,0,0,0,0,0,0,0,0,1,0,1,0,1,1,0,1,0,1,0,0
2636-OHFMN,0,-1.15528349251868,-0.53881083797279,-0.918682676790356,1,1,0,0,1,0,0,0,0,0,0,1,0,0,0,0,0,1,0,1,0,0,1,0,1,0,1
4716-MRVEN,0,-0.137274399517916,-1.48769692506765,-0.742841293977484,0,0,0,1,0,0,0,1,1,0,1,0,1,0,1,0,1,0,1,0,1,0,0,0,0,1,0
2143-LJULT,0,1.41009942184324,-1.3132082400502,-0.242269484029264,0,1,0,1,0,1,0,1,1,0,1,0,1,0,1,0,1,0,1,0,0,1,1,1,0,0,0
1323-OOEPC,0,0.840014329762813,1.11800077119284,1.26597984605549,0,1,0,1,0,1,1,0,0,0,0,1,0,0,0,0,0,1,0,1,0,0,1,1,0,0,1
3200-MNQTF,0,1.41009942184324,0.204012421101468,1.05742481406754,1,1,0,1,0,1,0,0,0,1,0,1,0,1,0,1,0,0,0,0,0,1,0,1,0,0,0
6164-HXUGH,0,-1.07384276507861,-1.49268231606814,-0.954751572034674,0,1,1,1,0,0,0,1,1,0,1,0,1,0,1,0,1,0,1,0,0,0,0,0,0,1,0
5630-IXDXV,0,0.595692147442631,1.38222649421925,1.13335933037137,0,0,0,1,0,1,1,0,0,0,0,1,0,1,0,0,0,1,0,1,0,0,1,0,1,0,0
0320-DWVTU,0,0.840014329762813,1.15456030519649,1.38727640625594,0,0,0,1,0,0,1,0,0,1,0,1,0,1,0,1,0,0,0,1,0,1,0,0,0,1,0
9135-MGVPY,0,1.4915401492833,0.662668393147318,1.58799517275323,1,1,0,1,0,0,0,0,0,1,0,1,0,1,0,1,0,1,0,1,0,1,1,0,0,1,0
1212-GLHMD,0,-1.1960038562387,0.707536912151803,-0.89932378993034,1,0,0,1,0,0,1,0,0,1,0,0,0,0,0,0,0,0,0,1,0,0,1,0,0,1,0
7878-JGDKK,0,-1.15528349251868,-0.671754597986079,-0.909963451807795,1,0,0,1,0,0,0,0,0,0,0,0,0,0,0,0,0,0,0,0,0,0,0,0,0,1,0
1088-AUUZZ,0,0.962175420922904,0.368530324117914,0.873813387725903,1,1,1,1,0,1,0,0,0,1,0,1,0,0,0,1,0,0,0,1,0,1,1,1,0,0,0
0397-GZBBC,1,1.084336512083,0.966777244177718,1.45371910802178,1,1,0,1,0,1,1,0,0,0,0,0,0,0,0,0,0,1,0,1,0,0,1,0,0,0,1
6614-YWYSC,1,1.16577723952306,-1.32151722505103,-0.344427897242668,1,1,0,1,0,1,0,1,1,0,1,0,1,0,1,0,1,0,1,0,0,1,0,0,0,0,0
9588-OZDMQ,0,-1.23672421995873,-0.656798424984584,-0.96779729852757,0,1,0,1,0,0,0,0,0,0,0,0,0,0,0,0,0,0,0,0,0,0,1,0,1,0,0
7641-EUYET,1,0.5549717837226,1.19444343320048,0.997427716592597,1,1,1,1,0,1,1,0,0,1,0,1,0,1,0,0,0,1,0,0,0,0,1,0,1,0,1
6476-EPYZR,0,-0.829520582758432,-1.47107895506598,-0.894622030635946,1,1,1,1,0,0,0,1,1,0,1,0,1,0,1,0,1,0,1,0,0,0,0,0,0,1,0
9921-ZVRHG,0,-0.748079855318371,0.521415648133197,-0.534153818065746,0,0,0,1,0,1,1,0,0,0,0,0,0,1,0,0,0,0,0,0,0,0,1,0,1,0,1
1174-FGIFN,0,-0.177994763237946,0.853775048166422,0.100362946804456,0,1,1,1,0,1,1,0,0,0,0,0,0,0,0,1,0,0,0,1,1,0,1,0,1,0,0
6620-HVDUJ,0,-0.340876218118068,-0.143303151933252,-0.371358161745769,1,0,0,1,0,0,0,0,0,1,0,1,0,0,0,1,0,0,0,0,0,0,0,0,0,0,0
4701-MLJPN,0,-0.0558336720778551,-0.316130039950529,-0.249995379583432,1,0,0,1,0,0,0,0,0,0,0,0,0,1,0,1,0,0,0,0,0,0,1,0,1,0,1
1032-MAELW,0,1.45081978556327,0.454943768126552,1.34714589734886,0,1,1,1,0,1,0,0,0,1,0,1,0,1,0,1,0,0,0,1,1,0,1,0,1,0,0
7641-TQFHN,0,0.269929237682388,1.18945804219998,0.712298022669188,1,0,1,1,0,1,1,0,0,0,0,0,0,0,0,1,0,1,0,1,0,1,0,0,0,1,0
1552-TKMXS,0,0.392090328842479,-1.47606434606648,-0.623376874722742,0,1,0,1,0,0,0,1,1,0,1,0,1,0,1,0,1,0,1,0,0,0,0,1,0,0,0
9206-GVPEQ,0,-0.788800219038401,-0.342718791953187,-0.695360147300294,1,1,0,0,1,0,0,0,0,1,0,0,0,0,0,1,0,1,0,1,0,0,1,0,1,0,1
8622-ZLFKO,0,-1.07384276507861,0.863745830167419,-0.781272105862647,0,1,0,1,0,1,1,0,0,0,0,1,0,0,0,0,0,0,0,1,0,0,1,0,1,0,0
1596-BBVTG,0,0.107047782802266,0.351912354116252,0.15634257859123,1,0,0,1,0,1,1,0,0,0,0,0,0,0,0,0,0,0,0,0,0,0,0,1,0,0,1
6188-UXBBR,0,0.229208873962357,-1.47938794006682,-0.647724482712022,0,1,0,1,0,0,0,1,1,0,1,0,1,0,1,0,1,0,1,0,1,0,1,1,0,0,0
2333-KWEWW,0,-0.58519840043825,-1.48603512806748,-0.835861076449671,1,0,0,1,0,0,0,1,1,0,1,0,1,0,1,0,1,0,1,0,0,1,0,1,0,0,0
5702-SKUOB,0,-1.15528349251868,-1.50099130106898,-0.966163823467546,0,1,0,1,0,0,0,1,1,0,1,0,1,0,1,0,1,0,1,0,0,0,0,0,0,1,0
1134-YWTYF,0,-0.218715126957977,-0.364322152955347,-0.39382948081475,1,1,0,1,0,0,0,0,0,0,0,1,0,0,0,1,0,0,0,0,0,0,1,0,1,0,0
6061-GWWAV,0,0.351369965122448,0.180747263099142,0.270465092919946,1,0,1,1,0,0,0,0,0,1,0,1,0,1,0,0,0,1,0,0,1,0,0,0,0,1,0
0679-TDGAK,0,0.717853238602722,0.356897745116751,0.769800759579499,1,1,1,1,0,0,0,0,0,1,0,0,0,0,0,1,0,1,0,1,1,0,0,0,1,0,0
6585-WCEWR,0,1.61370124044339,-1.47606434606648,-0.409479937808766,1,1,1,1,0,0,0,1,1,0,1,0,1,0,1,0,1,0,1,0,0,1,0,0,1,0,0
9067-YGSCA,0,1.53226051300333,-1.28661948804755,-0.187857105340621,0,0,0,1,0,1,0,1,1,0,1,0,1,0,1,0,1,0,1,0,1,0,0,1,0,0,0
9067-SQTNS,0,0.473531056282539,-1.46775536106565,-0.598609860974808,1,1,1,1,0,0,0,1,1,0,1,0,1,0,1,0,1,0,1,0,1,0,0,0,0,0,0
8433-WXGNA,0,-1.23672421995873,0.363544933117415,-0.923892137792596,1,0,0,1,0,0,1,0,0,1,0,0,0,0,0,0,0,0,0,0,0,0,1,0,1,0,1
1776-SPBWV,0,0.066327419082236,-1.48437333106731,-0.706286771012618,0,1,1,1,0,0,0,1,1,0,1,0,1,0,1,0,1,0,1,0,1,0,1,0,0,0,0
8735-SDUFN,1,1.61370124044339,-1.34478238305336,-0.222160081601128,0,1,0,1,0,1,0,1,1,0,1,0,1,0,1,0,1,0,1,0,0,1,0,0,0,0,0
9668-PUGNU,0,1.57298087672336,-1.33813519505269,-0.20560459112791,1,1,0,1,0,1,0,1,1,0,1,0,1,0,1,0,1,0,1,0,0,1,1,0,1,0,0
9405-GPBBG,0,1.28793833068315,1.52015564523304,2.11351058834776,0,0,0,1,0,1,1,0,0,0,0,1,0,1,0,1,0,1,0,1,0,1,1,1,0,0,0
1926-QUZNN,0,1.61370124044339,-1.3132082400502,-0.194567597479098,0,1,0,1,0,1,0,1,1,0,1,0,1,0,1,0,1,0,1,0,0,1,1,0,0,0,0
3707-GNWHM,0,-1.27744458367877,0.315352820112598,-0.974640234589833,1,0,0,1,0,1,1,0,0,0,0,0,0,0,0,0,0,0,0,0,0,0,1,0,0,1,1
7016-NVRIC,1,-0.137274399517916,0.842142469165259,0.165459135345149,1,1,0,1,0,0,1,0,0,1,0,0,0,1,0,0,0,0,0,1,1,0,0,0,0,0,0
5829-NVSQN,0,-0.381596581838098,0.132555150094324,-0.261562148927387,0,1,0,1,0,0,0,0,0,1,0,0,0,1,0,1,0,0,0,1,1,0,1,0,0,0,0
9565-AXSMR,0,0.799293966042782,-1.5142856770703,-0.541769343683426,1,1,1,1,0,0,0,1,1,0,1,0,1,0,1,0,1,0,1,0,0,1,0,0,0,1,0
8922-LIEGH,1,-0.300155854398037,0.82884809316393,-0.041661087468457,0,0,0,1,0,1,1,0,0,0,0,1,0,0,0,0,0,0,0,1,0,0,1,0,1,0,1
8869-LIHMK,0,1.28793833068315,1.67304096924832,2.23041442507598,0,0,0,1,0,1,1,0,0,1,0,1,0,1,0,1,0,1,0,1,0,1,1,0,0,0,0
8245-UMPYT,1,-0.66663912787831,1.05152889118619,-0.309352331426743,0,0,0,1,0,1,1,0,0,0,0,0,0,0,0,0,0,1,0,1,0,0,1,0,1,0,1
5186-SAMNZ,1,-1.27744458367877,0.157482105096816,-0.976737263383107,1,0,0,1,0,0,1,0,0,0,0,0,0,0,0,0,0,0,0,0,0,0,1,0,0,0,1
0447-RXSGD,0,-0.340876218118068,1.15954569619699,0.0542724613270168,1,0,0,1,0,1,1,0,0,0,0,1,0,0,0,0,0,1,0,1,0,0,1,0,0,0,0
4927-WWOOZ,0,-1.23672421995873,0.887010988169744,-0.931728403283252,1,1,0,1,0,1,1,0,0,0,0,0,0,1,0,0,0,1,0,0,0,0,1,0,1,0,0
5788-YPOEG,0,0.066327419082236,0.664330190147484,0.246139558917965,0,1,1,1,0,0,0,0,0,1,0,1,0,1,0,1,0,1,0,1,0,1,0,0,0,1,0
5373-SFODM,1,0.147768146522297,0.680948160149145,0.375625568405827,1,1,0,1,0,1,1,0,0,0,0,0,0,0,0,0,0,0,0,1,0,0,1,1,0,0,1
0661-KBKPA,0,0.840014329762813,0.464914550127549,0.73309171870355,1,1,1,1,0,1,0,0,0,0,0,0,0,1,0,1,0,1,0,1,1,0,1,0,0,1,0
9081-WWXKP,0,0.595692147442631,-1.47938794006682,-0.621831695611909,0,1,1,1,0,0,0,1,1,0,1,0,1,0,1,0,1,0,1,0,0,1,0,1,0,0,0
0784-ZQJZX,0,1.61370124044339,-1.49102051906798,-0.332110612330594,1,0,1,1,0,0,0,1,1,0,1,0,1,0,1,0,1,0,1,0,0,1,0,1,0,0,0
3133-PZNSR,0,1.61370124044339,1.09639741019068,2.07922968607456,1,1,1,1,0,1,1,0,0,1,0,1,0,0,0,1,0,0,0,1,0,1,1,1,0,0,0
5766-ZJYBB,0,-1.27744458367877,-1.50763848906964,-0.998855398655327,1,0,0,1,0,0,0,1,1,0,1,0,1,0,1,0,1,0,1,0,0,0,0,0,0,1,1
8931-GJJIQ,0,-0.951681673918523,0.616138077142666,-0.652779425803178,0,0,0,1,0,1,1,0,0,0,0,0,0,0,0,0,0,0,0,1,0,0,1,0,1,0,1
4277-PVRAN,0,-0.992402037638553,0.509783069132034,-0.707522914301285,0,0,0,1,0,0,1,0,0,0,0,0,0,0,0,0,0,1,0,0,0,0,1,0,0,0,1
0022-TCJCI,1,0.51425142000257,-0.0685222869257765,0.224970605099543,1,0,0,1,0,0,0,0,0,1,0,0,0,1,0,0,0,0,0,1,1,0,0,1,0,0,1
0722-SVSFK,0,-1.03312240135858,1.18447265119948,-0.691762087370782,0,0,0,1,0,0,1,0,0,0,0,0,0,1,0,1,0,1,0,1,0,0,1,0,1,0,0
3612-YVGSJ,0,1.57298087672336,-1.33979699205286,-0.265027764933114,0,1,0,1,0,1,0,1,1,0,1,0,1,0,1,0,1,0,1,0,0,1,1,1,0,0,0
9825-YCXWZ,1,0.351369965122448,1.20773780920181,0.765650849967545,0,0,0,1,0,0,1,0,0,0,0,0,0,1,0,1,0,1,0,1,1,0,1,0,0,0,0
5397-NSKQG,0,1.41009942184324,-0.460706378964982,0.441361902578151,1,1,1,0,1,0,0,0,0,1,0,0,0,0,0,0,0,1,0,1,0,1,0,1,0,0,0
8565-HBFNN,0,1.4915401492833,1.41047704322207,2.22293134338209,1,1,0,1,0,1,1,0,0,1,0,1,0,1,0,1,0,0,0,1,1,0,1,1,0,0,0
2000-DHJUY,1,1.53226051300333,0.911937943172236,1.85091843545523,0,1,0,1,0,1,0,0,0,1,0,1,0,1,0,1,0,1,0,1,0,1,1,0,0,0,0
0203-HHYIJ,0,-0.300155854398037,-1.31154644305004,-0.708825279551845,1,0,0,1,0,1,0,1,1,0,1,0,1,0,1,0,1,0,1,0,1,0,0,0,0,0,1
8670-ERCJH,0,1.61370124044339,1.61653987124267,2.59686468820384,1,0,0,1,0,1,1,0,0,1,0,1,0,1,0,1,0,1,0,1,0,1,0,0,0,0,0
7758-UJWYS,0,0.066327419082236,-0.804698357999369,-0.422084184555709,1,1,1,0,1,0,0,0,0,0,0,0,0,0,0,1,0,1,0,0,0,1,1,0,1,0,0
2050-ONYDQ,0,1.32865869440318,-1.28828128504771,-0.276837348137343,0,1,1,1,0,1,0,1,1,0,1,0,1,0,1,0,1,0,1,0,0,1,0,1,0,0,0
7055-JCGNI,0,1.53226051300333,1.56834775823786,2.43433391973143,0,0,0,1,0,1,1,0,0,1,0,1,0,1,0,1,0,1,0,1,0,1,1,1,0,0,0
0739-UUAJR,0,1.61370124044339,-0.364322152955347,0.737506516163075,0,1,1,0,1,0,0,0,0,1,0,0,0,1,0,0,0,1,0,1,0,1,1,1,0,0,0
4826-DXMUP,0,0.107047782802266,0.243895549105454,0.0941380823865258,1,0,1,1,0,0,0,0,0,0,0,0,0,0,0,1,0,1,0,1,1,0,1,0,0,1,0
0952-KMEEH,0,-0.788800219038401,1.10969178619201,-0.464289648268766,1,0,0,1,0,1,1,0,0,1,0,0,0,0,0,0,0,1,0,1,0,0,0,0,0,1,1
7285-KLOTR,0,-0.829520582758432,0.468238144127881,-0.620352738462968,0,1,0,1,0,1,0,0,0,1,0,0,0,1,0,0,0,1,0,1,1,0,0,0,1,0,0
0654-PQKDW,0,1.20649760324309,0.199027030100969,0.874806717154296,0,1,1,1,0,0,0,0,0,1,0,0,0,1,0,1,0,1,0,0,1,0,1,0,0,0,0
7175-NTIXE,0,-0.300155854398037,0.378501106118911,-0.12757304603081,0,0,0,1,0,0,0,0,0,1,0,0,0,0,0,1,0,1,0,1,0,0,1,1,0,0,0
7963-SHNDT,0,0.799293966042782,-0.852890471004187,-0.132363101274394,0,0,0,0,1,0,0,0,0,1,0,1,0,0,0,1,0,0,0,0,0,1,0,0,0,1,0
9796-BPKIW,1,-0.992402037638553,0.172438278098311,-0.758999452679344,1,0,0,1,0,0,1,0,0,0,0,0,0,0,0,0,0,0,0,0,0,0,1,1,0,0,0
0188-GWFLE,0,-1.23672421995873,-1.48603512806748,-0.992542238288206,1,0,0,1,0,0,0,1,1,0,1,0,1,0,1,0,1,0,1,0,0,0,0,0,0,1,0
8129-GMVGI,0,0.962175420922904,-1.48603512806748,-0.526163034664006,0,1,1,1,0,0,0,1,1,0,1,0,1,0,1,0,1,0,1,0,0,1,0,0,0,1,0
2882-DDZPG,0,-0.829520582758432,-1.50597669206947,-0.907005537509913,0,0,0,1,0,0,0,1,1,0,1,0,1,0,1,0,1,0,1,0,0,0,0,0,0,0,0
3547-LQRIK,0,0.595692147442631,-1.25836893904472,-0.455195165502145,0,1,0,1,0,1,0,1,1,0,1,0,1,0,1,0,1,0,1,0,1,0,0,0,1,0,0
9137-NOQKA,1,-1.23672421995873,-1.5142856770703,-0.990997059177373,1,0,0,1,0,0,0,1,1,0,1,0,1,0,1,0,1,0,1,0,0,0,0,0,1,0,0
5843-TTHGI,0,-0.58519840043825,-0.490618724967972,-0.613311136515026,0,0,0,1,0,0,0,0,0,0,0,0,0,1,0,0,0,0,0,0,0,0,1,0,0,1,0
1849-RJYIG,0,-0.992402037638553,-0.158259324934747,-0.792088359638483,0,0,0,1,0,0,0,0,0,1,0,0,0,0,0,0,0,1,0,0,0,0,1,0,1,0,0
8868-GAGIO,0,0.51425142000257,0.657683002146819,0.632213596753408,1,1,0,1,0,1,1,0,0,1,0,0,0,1,0,0,0,0,0,0,0,0,1,0,0,1,0
4061-UKJWL,0,-1.1960038562387,-0.641842251983089,-0.944862425725338,1,0,0,1,0,0,0,0,0,0,0,0,0,0,0,0,0,0,0,0,0,0,0,0,0,1,0
5380-XPJNZ,0,0.229208873962357,-1.48603512806748,-0.708008542021833,0,0,0,1,0,0,0,1,1,0,1,0,1,0,1,0,1,0,1,0,1,0,0,0,0,1,0
8263-QMNTJ,0,1.61370124044339,1.68799714224982,2.71217919784663,1,1,0,1,0,1,1,0,0,1,0,1,0,1,0,1,0,1,0,1,0,1,1,0,1,0,0
8178-EYZUO,0,0.5549717837226,0.96179185317722,0.826839942756559,1,0,0,1,0,1,1,0,0,1,0,1,0,0,0,0,0,0,0,1,0,0,1,0,1,0,1
3230-JCNZS,0,1.57298087672336,1.13794233519483,2.11015534227853,0,1,1,1,0,1,1,0,0,1,0,1,0,1,0,0,0,1,0,0,0,1,1,1,0,0,0
0277-ORXQS,0,1.36937905812321,-0.472338957966145,0.477960573517612,1,1,1,0,1,0,0,0,0,0,0,0,0,0,0,1,0,1,0,1,0,1,0,0,0,0,0
5130-IEKQT,1,-0.300155854398037,1.36893211821792,0.164818989713518,1,0,0,1,0,1,1,0,0,0,0,1,0,1,0,0,0,1,0,1,0,0,0,0,0,1,1
3230-WYKIR,0,-0.58519840043825,0.572931355138347,-0.378112801858842,1,0,0,1,0,1,0,0,0,0,0,0,0,1,0,1,0,1,0,1,1,0,1,1,0,0,1
7996-BPXHY,0,-0.788800219038401,-1.32151722505103,-0.860628090197605,0,1,1,1,0,1,0,1,1,0,1,0,1,0,1,0,1,0,1,0,0,1,1,0,0,0,0
3227-WLKLI,0,1.32865869440318,0.890334582170076,1.62554302514649,0,1,1,1,0,1,0,0,0,1,0,1,0,1,0,1,0,1,0,1,0,1,0,0,0,0,0
0407-BDJKB,0,1.12505687580303,1.02992553018403,1.52795392730369,1,1,0,1,0,1,1,0,0,0,0,1,0,1,0,0,0,1,0,0,0,0,1,0,1,0,1
2266-FUBDZ,0,-0.707359491598341,-1.50930028606981,-0.884313478567956,1,1,1,1,0,0,0,1,1,0,1,0,1,0,1,0,1,0,1,0,0,1,0,0,0,1,0
8237-ULIXL,0,1.61370124044339,-1.32650261605153,-0.181036243265655,0,1,0,1,0,1,0,1,1,0,1,0,1,0,1,0,1,0,1,0,0,1,0,1,0,0,0
9600-UDOPK,0,-0.0965540357978854,0.973424432178383,0.258059512058682,1,1,0,1,0,1,1,0,0,0,0,0,0,0,0,0,0,1,0,1,0,0,1,1,0,0,1
8216-AZUUZ,0,0.392090328842479,1.18447265119948,0.892554202941586,0,1,1,1,0,0,1,0,0,0,0,0,0,1,0,1,0,1,0,1,0,1,1,0,1,0,0
9153-BTBVV,0,1.57298087672336,-1.32151722505103,-0.233506111072107,0,1,0,1,0,1,0,1,1,0,1,0,1,0,1,0,1,0,1,0,0,1,0,0,0,0,0
4074-SJFFA,0,-1.27744458367877,-0.33274800995219,-0.983249089635907,0,0,0,1,0,0,0,0,0,0,0,0,0,0,0,0,0,0,0,1,0,0,1,0,0,1,1
3269-ATYWD,1,0.269929237682388,1.0266019361837,0.652124333295865,1,0,0,1,0,1,1,0,0,0,0,0,0,0,0,0,0,1,0,1,0,0,1,0,0,0,1
5186-PEIZU,0,0.107047782802266,-1.51262388007014,-0.734740140639255,0,0,0,1,0,0,0,1,1,0,1,0,1,0,1,0,1,0,1,0,0,0,0,0,0,0,0
1074-AMIOH,0,0.840014329762813,1.44537478022556,1.61280633447576,0,1,1,1,0,0,1,0,0,0,0,1,0,1,0,1,0,1,0,1,0,0,1,0,0,0,0
4910-GMJOT,0,-1.27744458367877,0.99170419918021,-0.9656561217597,0,0,0,1,0,1,1,0,0,0,0,0,0,0,0,0,0,1,0,1,0,0,1,0,1,0,1
0354-WYROK,1,-0.0558336720778551,1.1346187411945,0.27785987866465,0,1,1,1,0,0,1,0,0,0,0,0,0,1,0,1,0,1,0,1,0,0,1,0,1,0,1
4361-FEBGN,0,0.636412511162661,-1.48271153406715,-0.573467589442815,1,0,0,1,0,0,0,1,1,0,1,0,1,0,1,0,1,0,1,0,0,1,0,1,0,0,0
7748-UMTRK,1,-0.0965540357978854,1.21438499720247,0.305761398608847,0,0,1,1,0,1,1,0,0,0,0,0,0,0,0,1,0,1,0,1,0,0,1,0,1,0,0
0380-ZCSBI,0,-0.910961310198492,-1.48769692506765,-0.919698080206047,1,0,0,1,0,0,0,1,1,0,1,0,1,0,1,0,1,0,1,0,0,0,0,1,0,0,0
7145-FEJWU,0,-0.829520582758432,1.34732875721576,-0.444246467802524,0,0,1,1,0,1,1,0,0,0,0,1,0,1,0,0,0,1,0,1,0,0,1,0,1,0,0
6463-MVYRY,1,1.00289578464293,0.169114684097979,0.759823317320973,0,0,0,1,0,0,0,0,0,1,0,0,0,1,0,1,0,1,0,0,0,1,0,0,0,0,0
3969-JQABI,0,1.04361614836296,0.0162293600826957,0.666494499026619,0,1,0,1,0,0,0,0,0,1,0,1,0,0,0,0,0,1,0,0,0,0,1,1,0,0,0
9624-EGDEQ,0,0.188488510242327,-1.49434411306831,-0.648364628343653,0,0,0,1,0,0,0,1,1,0,1,0,1,0,1,0,1,0,1,0,0,1,0,0,0,1,0
1051-EQPZR,0,0.473531056282539,-1.50099130106898,-0.662955533947382,0,1,1,1,0,0,0,1,1,0,1,0,1,0,1,0,1,0,1,0,0,0,0,0,0,1,0
5849-ASHZJ,0,-0.218715126957977,-1.48603512806748,-0.763325954189679,1,0,1,1,0,0,0,1,1,0,1,0,1,0,1,0,1,0,1,0,1,0,0,1,0,0,0
5780-INQIK,0,-0.992402037638553,-0.510560288969965,-0.827185999441705,0,0,0,1,0,0,0,0,0,0,0,0,0,0,0,1,0,0,0,0,0,0,0,0,1,0,0
7576-OYWBN,1,-1.1960038562387,0.375177512118578,-0.90508510061502,1,0,0,1,0,1,1,0,0,0,0,0,0,0,0,0,0,0,0,0,0,0,1,0,1,0,1
4526-ZJJTM,1,-0.300155854398037,0.785641371159611,-0.0400717603830281,0,1,0,1,0,0,1,0,0,0,0,1,0,1,0,0,0,0,0,1,0,0,0,0,0,0,0
8384-FZBJK,0,1.00289578464293,1.19111983920014,1.47003178463473,0,1,1,1,0,1,1,0,0,0,0,1,0,0,0,0,0,1,0,1,0,0,1,0,1,0,0
3750-RNQKR,0,-0.829520582758432,-1.50597669206947,-0.898705718286007,0,0,0,1,0,0,0,1,1,0,1,0,1,0,1,0,1,0,1,0,0,0,0,0,0,1,0
0962-CQPWQ,0,1.20649760324309,-1.47772614306665,-0.435196133010498,0,1,1,1,0,0,0,1,1,0,1,0,1,0,1,0,1,0,1,0,0,1,0,0,0,0,0
3096-YXENJ,0,1.32865869440318,1.42543321622357,2.11951471289272,0,1,0,1,0,1,1,0,0,0,0,1,0,1,0,1,0,1,0,1,0,1,1,0,0,0,0
1265-BCFEO,0,1.57298087672336,0.521415648133197,1.49234858579263,0,1,0,1,0,1,0,0,0,0,0,0,0,1,0,1,0,1,0,1,0,1,1,0,0,0,0
5837-LXSDN,0,-0.463037309278159,-0.196480655938568,-0.470823548508863,0,1,1,1,0,0,0,0,0,0,0,1,0,0,0,0,0,1,0,0,1,0,1,1,0,0,0
5945-AZYHT,0,1.57298087672336,1.49024329923005,2.46002804094587,1,1,0,1,0,1,1,0,0,1,0,1,0,1,0,0,0,1,0,1,1,0,1,0,1,0,0
8325-QRPZR,0,-1.03312240135858,0.345265166115588,-0.775643239101753,0,0,0,1,0,0,1,0,0,0,0,0,0,1,0,0,0,0,0,0,0,0,1,0,1,0,0
6384-VMJHP,0,1.61370124044339,0.273807895108445,1.31705905266219,0,0,0,1,0,0,0,0,0,1,0,1,0,1,0,1,0,0,0,1,0,1,1,1,0,0,0
2262-SLNVK,0,-1.27744458367877,0.177423669098809,-0.976472375535536,0,0,0,1,0,0,1,0,0,0,0,0,0,0,0,0,0,0,0,0,0,0,0,0,1,0,0
7730-CLDSV,0,1.61370124044339,1.12630975619367,2.1400876690541,0,1,1,1,0,1,1,0,0,0,0,1,0,1,0,1,0,0,0,1,0,1,1,0,0,0,0
1135-HIORI,0,1.28793833068315,1.55172978823619,2.20079113412257,0,1,1,1,0,1,1,0,0,0,0,1,0,1,0,1,0,1,0,1,1,0,1,0,1,0,0
0164-APGRB,0,1.61370124044339,1.66639378124766,2.74370085170763,0,0,0,1,0,1,1,0,0,1,0,1,0,1,0,1,0,1,0,1,0,1,1,0,1,0,0
6481-ESCNL,0,-0.137274399517916,1.18945804219998,0.263489712933897,0,0,0,1,0,1,1,0,0,0,0,0,0,1,0,0,0,1,0,1,0,0,0,0,0,0,0
1790-NESIO,0,-0.788800219038401,-1.47440254906632,-0.892061448109422,0,0,0,1,0,0,0,1,1,0,1,0,1,0,1,0,1,0,1,0,0,1,1,0,0,1,0
1550-EENBN,0,-0.0558336720778551,1.3157546142126,0.407787367898465,0,0,0,1,0,1,1,0,0,1,0,1,0,0,0,0,0,1,0,1,0,0,0,0,1,0,0
5539-TMZLF,1,-1.27744458367877,0.165791090097647,-0.976626893446619,1,0,0,1,0,0,1,0,0,0,0,0,0,0,0,0,0,0,0,0,0,0,1,0,1,0,1
4323-SADQS,0,-1.03312240135858,-1.00577579501947,-0.884136886669575,1,1,1,0,1,0,0,0,0,1,0,0,0,0,0,1,0,0,0,0,0,0,1,0,1,0,1
4446-BZKHU,0,1.16577723952306,1.35563774221659,1.7657128444864,1,1,0,1,0,1,1,0,0,0,0,1,0,1,0,0,0,1,0,1,0,0,1,0,1,0,1
5202-IVJNU,0,0.269929237682388,-1.15201393103409,-0.507974069130764,0,0,1,0,1,0,0,0,0,0,0,0,0,1,0,0,0,0,0,0,0,0,0,1,0,0,1
5976-JCJRH,0,-0.910961310198492,0.184070857099474,-0.681519757264684,1,1,0,1,0,0,1,0,0,0,0,0,0,0,0,0,0,0,0,0,0,0,1,0,1,0,1
8198-RKSZG,0,-0.748079855318371,0.521415648133197,-0.505435560591537,0,1,1,1,0,1,0,0,0,0,0,1,0,0,0,1,0,1,0,1,0,0,0,1,0,0,0
0137-OCGAB,0,-1.27744458367877,0.513106663132367,-0.972013430101416,0,0,0,1,0,1,1,0,0,0,0,1,0,0,0,0,0,0,0,0,0,0,1,0,0,1,1
3351-NQLDI,0,1.41009942184324,0.983395214179379,1.79220162924355,0,1,1,1,0,1,1,0,0,1,0,0,0,0,0,1,0,0,0,1,1,0,1,1,0,0,1
9297-EONCV,0,1.61370124044339,0.883687394169412,1.94925804886614,0,0,0,1,0,1,0,0,0,1,0,1,0,1,0,1,0,1,0,1,0,1,1,0,0,0,0
7593-JNWRU,0,-1.07384276507861,-0.670092800985913,-0.892282187982398,1,1,1,1,0,0,0,0,0,0,0,0,0,0,0,0,0,0,0,0,0,0,1,0,0,0,1
4588-YBNIB,0,-1.27744458367877,-1.50099130106898,-0.998767102706136,0,0,0,1,0,0,0,1,1,0,1,0,1,0,1,0,1,0,1,0,0,0,1,0,0,1,1
1069-QJOEE,0,-0.300155854398037,-1.49102051906798,-0.784274168135124,1,1,1,1,0,0,0,1,1,0,1,0,1,0,1,0,1,0,1,0,1,0,0,0,1,0,0
3336-JORSO,1,0.0256070553622056,1.51849384823287,0.606387031615188,0,0,0,1,0,1,1,0,0,0,0,1,0,1,0,1,0,1,0,1,0,0,1,0,1,0,1
7799-DSEWS,0,-0.58519840043825,0.119260774092995,-0.433584731937771,1,0,0,1,0,0,0,0,0,1,0,0,0,1,0,1,0,1,0,0,0,0,1,0,1,0,0
8766-PAFNE,0,1.57298087672336,0.476547129128712,1.44934845853685,1,1,0,1,0,0,0,0,0,0,0,1,0,1,0,1,0,1,0,1,0,1,1,1,0,0,0
5315-CKEQK,1,-0.177994763237946,-0.457382784964649,-0.397383392769668,1,1,1,1,0,1,0,0,0,0,0,0,0,0,0,0,0,0,0,0,1,0,1,0,1,0,0
3130-ICDUP,0,-1.23672421995873,0.524739242133529,-0.924377765513143,0,0,1,1,0,1,1,0,0,1,0,0,0,0,0,0,0,0,0,0,0,0,0,1,0,0,0
0820-FNRNX,0,-0.62591876415828,0.0644214730875134,-0.531924345348686,1,1,1,1,0,1,0,0,0,0,0,1,0,1,0,1,0,0,0,0,0,0,1,0,0,1,0
0880-FVFWF,0,0.962175420922904,0.719169491152966,1.16571979574968,1,0,0,1,0,1,1,0,0,1,0,1,0,0,0,0,0,0,0,0,0,0,1,0,1,0,0
4611-ANLQC,0,1.12505687580303,-0.488956927967806,0.277948174613841,0,1,0,0,1,0,0,0,0,1,0,1,0,1,0,0,0,0,0,1,1,0,0,0,1,0,0
4213-HKBJO,0,0.0256070553622056,-1.29825206704871,-0.642713687595461,0,0,0,1,0,1,0,1,1,0,1,0,1,0,1,0,1,0,1,0,0,1,0,1,0,0,0
2792-LSHWX,0,-1.27744458367877,0.619461671142999,-0.970600694914368,0,0,0,1,0,0,1,0,0,1,0,1,0,0,0,1,0,0,0,0,0,0,1,0,0,1,0
5028-GZLDO,0,-1.23672421995873,0.197365233100803,-0.945303905471291,1,0,0,1,0,0,1,0,0,0,0,0,0,0,0,0,0,0,0,0,0,0,0,1,0,0,1
0014-BMAQU,0,1.24721796696312,0.661006596147152,1.36676967205644,1,1,0,1,0,1,1,0,0,1,0,0,0,0,0,1,0,0,0,0,0,1,1,1,0,0,0
6861-XWTWQ,1,-1.03312240135858,1.14625132019566,-0.713637408782727,1,1,0,1,0,1,1,0,0,0,0,0,0,1,0,0,0,1,0,1,0,0,1,0,1,0,1
9018-PCIOK,0,0.921455057202873,-0.000388609918965505,0.589456283357911,0,0,0,1,0,0,0,0,0,0,0,1,0,1,0,0,0,0,0,1,0,1,1,0,0,1,0
4837-QUSFT,0,1.32865869440318,1.17616366619865,1.9255505865085,0,1,0,1,0,1,1,0,0,1,0,1,0,0,0,1,0,1,0,0,1,0,1,0,0,0,0
6877-TJMBR,0,-1.27744458367877,0.66599198714765,-0.969982623270034,1,1,0,1,0,0,1,0,0,0,0,0,0,0,0,1,0,1,0,0,0,0,1,0,1,0,1
9953-ZMKSM,0,1.24721796696312,-1.3132082400502,-0.319020737863103,1,0,0,1,0,1,0,1,1,0,1,0,1,0,1,0,1,0,1,0,0,1,0,0,0,1,0
0907-HQNTS,1,1.53226051300333,1.60324549524134,2.51894351304322,0,1,0,1,0,1,1,0,0,1,0,1,0,1,0,1,0,1,0,1,0,1,1,1,0,0,0
7665-NKLAV,0,0.147768146522297,-0.801374763999037,-0.324296420827235,0,1,1,0,1,0,0,0,0,1,0,0,0,1,0,1,0,0,0,0,0,1,0,1,0,0,0
6769-DCQLI,0,0.799293966042782,1.33735797521476,1.38842425359541,1,0,0,1,0,0,1,0,0,0,0,1,0,1,0,1,0,1,0,1,1,0,1,0,0,0,1
2433-KMEAS,0,-0.422316945558128,-0.342718791953187,-0.509717914127276,1,0,0,1,0,1,0,0,0,1,0,0,0,0,0,0,0,0,0,0,0,0,1,0,1,0,1
4391-LNRXK,0,-0.422316945558128,1.00333677818137,-0.0614173060998305,1,0,0,1,0,0,1,0,0,0,0,1,0,1,0,1,0,0,0,1,0,0,1,0,0,0,0
8250-ZNGGW,1,-1.11456312879864,-0.16158291893508,-0.880340160854383,0,0,0,1,0,0,0,0,0,1,0,1,0,0,0,1,0,0,0,0,0,0,0,1,0,0,0
2195-ZRVAX,0,0.595692147442631,0.682609957149311,0.778652428485846,0,1,0,1,0,0,1,0,0,0,0,0,0,1,0,0,0,0,0,1,0,0,1,0,1,0,1
3550-SAHFP,0,0.0256070553622056,0.617799874142832,0.210114811648242,0,0,0,1,0,1,1,0,0,0,0,0,0,0,0,0,0,0,0,1,0,0,1,0,1,0,1
2011-TRQYE,0,-0.58519840043825,-1.03901173502279,-0.742532258155317,1,0,0,0,1,0,0,0,0,0,0,1,0,1,0,0,0,0,0,0,0,0,1,1,0,0,1
8562-GHPPI,0,-1.27744458367877,-1.49434411306831,-0.998678806756946,0,0,0,1,0,0,0,1,1,0,1,0,1,0,1,0,1,0,1,0,0,0,0,1,0,0,0
5893-PYOLZ,0,0.962175420922904,0.566284167137682,0.994447728307418,1,0,0,1,0,0,0,0,0,0,0,1,0,1,0,1,0,1,0,1,0,1,1,1,0,0,0
4986-MXSFP,0,-1.23672421995873,-1.48769692506765,-0.989363584117348,0,0,0,1,0,0,0,1,1,0,1,0,1,0,1,0,1,0,1,0,0,0,1,0,0,1,0
6131-FOYAS,0,0.107047782802266,-0.171553700936076,-0.0825641859309543,1,0,0,1,0,1,0,0,0,1,0,0,0,1,0,0,0,0,0,0,0,0,1,0,1,0,0
3027-YNWZU,0,1.28793833068315,-1.32151722505103,-0.307763004341314,0,1,0,1,0,1,0,1,1,0,1,0,1,0,1,0,1,0,1,0,0,1,0,1,0,0,0
5609-IMCGG,0,-0.707359491598341,0.651035814146155,-0.432326514661807,0,0,0,1,0,1,1,0,0,1,0,0,0,1,0,0,0,0,0,0,0,0,1,1,0,0,0
4873-ILOLJ,0,-0.340876218118068,0.850451454166089,-0.0191676944121782,1,0,0,1,0,0,1,0,0,0,0,0,0,0,0,0,0,1,0,1,0,0,1,0,1,0,1
4727-MCYZG,0,-1.27744458367877,-0.306159257949532,-0.982895905839144,1,0,0,1,0,0,0,0,0,0,0,0,0,0,0,0,0,0,0,1,0,0,0,0,0,1,0
9481-WHGWY,0,1.53226051300333,0.351912354116252,1.39323638282629,0,1,1,1,0,0,0,0,0,1,0,0,0,0,0,1,0,1,0,1,0,1,0,1,0,0,0
2725-KXXWT,0,-1.27744458367877,0.863745830167419,-0.967355818781617,1,1,0,1,0,0,1,0,0,0,0,0,0,0,0,0,0,1,0,1,0,0,1,0,1,0,1
9565-DJPIB,0,-1.15528349251868,0.825524499163597,-0.84599303661928,0,0,1,1,0,1,1,0,0,0,0,1,0,0,0,0,0,1,0,0,0,0,0,0,0,1,1
4328-VUFWD,0,0.269929237682388,-0.181524482937073,-0.0321251249558835,0,0,0,1,0,0,0,0,0,0,0,0,0,0,0,1,0,0,0,1,1,0,0,0,1,0,0
3301-LSLWQ,0,-0.137274399517916,0.0444799090855196,-0.16324460950377,0,0,0,1,0,1,0,0,0,1,0,0,0,0,0,0,0,0,0,1,0,0,1,0,1,0,0
7473-ZBDSN,0,-0.748079855318371,-1.52758005307163,-0.894599956648649,0,1,1,1,0,0,0,1,1,0,1,0,1,0,1,0,1,0,1,0,0,1,0,0,0,1,0
3166-PNEOF,0,1.16577723952306,0.720831288153132,1.27737002350106,0,0,0,1,0,1,0,0,0,1,0,0,0,1,0,1,0,1,0,1,0,1,0,1,0,0,0
5639-NTUPK,0,-0.788800219038401,-0.420823250960995,-0.711341714103774,1,0,1,1,0,0,0,0,0,1,0,0,0,0,0,0,0,0,0,0,0,0,1,1,0,0,0
8780-YRMTT,0,1.36937905812321,-0.57703216897661,0.395271417100712,0,0,0,0,1,0,0,0,0,1,0,1,0,1,0,1,0,0,0,0,0,1,1,0,0,1,0
8348-HFYIV,0,-1.23672421995873,-0.515545679970464,-0.967532410679998,1,0,0,0,1,0,0,0,0,0,0,0,0,1,0,0,0,1,0,1,0,0,1,0,1,0,1
5140-FOMCQ,0,1.084336512083,1.47528712622855,1.88769369829307,0,1,0,1,0,1,1,0,0,1,0,1,0,1,0,0,0,1,0,1,1,0,1,1,0,0,0
6242-SGYTS,0,1.20649760324309,1.00333677818137,1.54956436086807,1,1,1,1,0,1,1,0,0,1,0,1,0,0,0,0,0,1,0,0,1,0,1,1,0,0,0
8166-ORCHU,1,0.0256070553622056,0.956806462176721,0.341521258030998,1,1,0,1,0,0,1,0,0,1,0,1,0,0,0,1,0,0,0,1,1,0,1,0,1,0,0
8414-OOEEL,0,1.36937905812321,0.489841505130041,1.28655280221688,1,0,1,1,0,0,0,0,0,0,0,1,0,1,0,1,0,1,0,1,0,1,1,1,0,0,0
8454-AATJP,0,1.61370124044339,1.67137917224815,2.70321715900379,0,0,0,1,0,1,1,0,0,1,0,1,0,1,0,1,0,1,0,1,0,1,0,1,0,0,0
6849-WLEYG,0,-1.27744458367877,-1.49600591006848,-0.998700880744243,1,0,1,1,0,0,0,1,1,0,1,0,1,0,1,0,1,0,1,0,0,0,0,0,0,1,1
4659-NZRUF,0,-0.544478036718219,1.00998396618204,-0.21750247028133,0,0,0,1,0,1,1,0,0,1,0,1,0,0,0,0,0,0,0,1,0,0,1,0,1,0,1
4531-AUZNK,0,0.758573602322752,1.00998396618204,1.20000069802289,0,1,1,1,0,1,1,0,0,1,0,0,0,0,0,1,0,1,0,0,1,0,1,0,0,1,0
4191-XOVOM,0,1.24721796696312,1.35065235121609,1.95632172480138,1,0,0,1,0,1,1,0,0,0,0,1,0,0,0,1,0,1,0,1,0,0,0,0,1,0,0
2150-OEGBV,0,-0.218715126957977,-1.48437333106731,-0.759043600653939,1,0,0,1,0,0,0,1,1,0,1,0,1,0,1,0,1,0,1,0,1,0,0,0,0,0,0
8429-XIBUM,0,-0.422316945558128,1.21604679420264,0.0155326136196867,1,0,0,1,0,1,1,0,0,1,0,0,0,0,0,0,0,1,0,1,0,0,1,0,0,0,1
1855-CFULU,1,-1.15528349251868,-1.48603512806748,-0.967046782959451,0,0,0,1,0,0,0,1,1,0,1,0,1,0,1,0,1,0,1,0,0,0,0,0,0,1,0
4878-BUNFV,0,0.392090328842479,-1.46443176706532,-0.641499618294092,1,1,1,1,0,0,0,1,1,0,1,0,1,0,1,0,1,0,1,0,0,1,0,0,0,1,0
1872-EBWSC,0,-0.137274399517916,-1.47606434606648,-0.734872584563041,0,0,0,1,0,0,0,1,1,0,1,0,1,0,1,0,1,0,1,0,1,0,0,0,0,1,0
2608-BHKFN,0,-1.15528349251868,0.175761872098643,-0.889589161532088,0,0,0,1,0,0,1,0,0,0,0,0,0,0,0,0,0,0,0,0,0,0,1,1,0,0,1
7026-YMSBE,0,-0.0965540357978854,-1.49766770706864,-0.731473190519207,1,0,0,1,0,0,0,1,1,0,1,0,1,0,1,0,1,0,1,0,1,0,0,0,0,1,0
7341-LXCAF,0,-1.15528349251868,0.328647196113927,-0.874358110296727,1,1,0,1,0,1,1,0,0,0,0,0,0,0,0,0,0,0,0,0,0,0,1,0,1,0,1
6997-UVGOX,0,1.57298087672336,0.68759534814981,1.65465861439205,1,1,1,1,0,0,0,0,0,1,0,1,0,1,0,1,0,1,0,1,0,1,0,0,0,0,0
9674-EHPPG,0,0.5549717837226,-0.809683748999868,-0.19390537786017,1,1,0,0,1,0,0,0,0,1,0,0,0,1,0,1,0,0,0,0,0,1,0,1,0,0,0
9462-MJUAW,0,-1.15528349251868,-0.477324348966643,-0.916210390213022,1,0,0,1,0,1,0,0,0,0,0,0,0,0,0,0,0,0,0,0,0,0,0,0,0,1,1
8128-YVJRG,0,-1.03312240135858,0.494826896130539,-0.74045730334934,0,0,0,1,0,1,1,0,0,1,0,0,0,0,0,0,0,0,0,0,0,0,1,0,0,1,1
5440-VHLUL,0,1.4915401492833,1.34400516321543,2.25337137186551,1,0,0,1,0,1,1,0,0,0,0,1,0,0,0,1,0,1,0,1,1,0,1,0,0,0,0
5781-BKHOP,0,1.61370124044339,1.19278163620031,2.23041442507598,0,1,0,1,0,1,1,0,0,1,0,1,0,1,0,0,0,1,0,0,0,1,0,0,0,0,0
4283-FUTGF,1,-0.544478036718219,0.501474084131204,-0.357672289621242,1,0,0,1,0,1,1,0,0,0,0,0,0,1,0,0,0,0,0,0,0,0,1,0,1,0,1
5213-TWWJU,0,-0.177994763237946,0.872054815168249,0.151971929106301,1,0,0,1,0,0,1,0,0,0,0,0,0,1,0,1,0,0,0,1,0,0,0,0,1,0,0
1569-TTNYJ,0,-1.11456312879864,0.464914550127549,-0.825486302419788,1,1,0,1,0,1,1,0,0,0,0,1,0,0,0,0,0,0,0,0,0,0,1,0,1,0,1
8628-MFKAX,1,1.61370124044339,1.7278802702538,2.64672982550917,0,1,0,1,0,1,1,0,0,1,0,1,0,1,0,1,0,1,0,1,0,1,1,1,0,0,0
2397-BRLOM,1,-0.992402037638553,0.521415648133197,-0.74983874795083,1,1,1,1,0,0,1,0,0,0,0,0,0,0,0,0,0,1,0,0,0,0,1,1,0,0,1
7629-WIXZF,0,-1.03312240135858,-0.188171670937737,-0.844403709533852,0,0,0,1,0,0,0,0,0,1,0,0,0,0,0,0,0,0,0,1,1,0,1,0,1,0,0
5445-GLVOT,0,-0.422316945558128,-0.497265912968636,-0.544285778235356,0,0,0,1,0,0,0,0,0,1,0,0,0,0,0,0,0,0,0,0,0,0,1,0,1,0,0
3976-HXHCE,0,1.61370124044339,-1.51096208306997,-0.382814561153236,1,0,0,1,0,0,0,1,1,0,1,0,1,0,1,0,1,0,1,0,0,1,0,0,0,0,0
2466-NEJOJ,0,-0.992402037638553,-1.49932950406881,-0.932478918851371,1,1,1,1,0,0,0,1,1,0,1,0,1,0,1,0,1,0,1,0,0,0,0,1,0,0,0
0254-KCJGT,0,0.799293966042782,0.552989791136354,0.914981374035972,1,1,0,1,0,1,0,0,0,1,0,1,0,1,0,1,0,0,0,1,1,0,1,1,0,0,0
5472-CVMDX,0,1.45081978556327,-0.859537659004851,0.193051619467179,0,0,0,0,1,0,0,0,0,1,0,0,0,1,0,1,0,0,0,0,0,1,0,0,0,1,0
6461-SZMCV,0,1.57298087672336,0.770685198158116,1.80275299517181,0,1,0,1,0,1,0,0,0,1,0,1,0,1,0,1,0,1,0,1,0,1,0,0,0,0,0
8150-QUDFX,0,-1.23672421995873,-1.49268231606814,-0.984639750835657,1,0,0,1,0,0,0,1,1,0,1,0,1,0,1,0,1,0,1,0,0,0,0,0,0,1,0
9508-ILZDG,1,0.066327419082236,1.04986709418602,0.401010653798095,0,0,0,1,0,1,1,0,0,0,0,1,0,0,0,1,0,1,0,0,0,0,1,0,1,0,0
2346-DJQTB,0,0.107047782802266,-1.34976777405386,-0.648717812140415,0,0,0,0,1,0,0,0,0,0,0,0,0,0,0,0,0,0,0,0,0,0,0,0,1,0,0
1697-LYYYX,0,1.16577723952306,-1.51760927107064,-0.502455572306358,0,1,1,1,0,0,0,1,1,0,1,0,1,0,1,0,1,0,1,0,1,0,0,1,0,0,0
1942-OQFRW,0,-1.27744458367877,-0.690034364987907,-0.987994996904896,1,0,0,1,0,0,0,0,0,0,0,0,0,0,0,0,0,0,0,0,0,0,0,0,1,0,0
4749-VFKVB,0,-1.27744458367877,-0.487295130967639,-0.985301970454586,0,0,0,1,0,1,0,0,0,0,0,0,0,0,0,0,0,0,0,0,0,0,1,0,0,1,1
9640-ZSLDC,0,0.840014329762813,-0.138317760932754,0.448138616678522,0,1,1,1,0,0,0,0,0,0,0,0,0,1,0,0,0,0,0,1,1,0,0,1,0,0,0
4231-LZUYM,0,1.61370124044339,-1.29991386404887,-0.174347825114475,0,1,0,1,0,1,0,1,1,0,1,0,1,0,1,0,1,0,1,0,0,1,0,0,0,0,0
7598-UAASY,0,-1.23672421995873,0.386810091119741,-0.940403480291218,1,1,0,1,0,0,1,0,0,0,0,0,0,1,0,0,0,0,0,0,0,0,0,0,1,0,1
7938-OUHIO,0,-1.1960038562387,1.12797155319383,-0.877779578327859,1,0,0,1,0,0,1,0,0,0,0,0,0,1,0,1,0,1,0,1,0,0,1,0,1,0,1
8510-AWCXC,1,-0.788800219038401,1.19776702720081,-0.429920450046366,0,0,0,1,0,1,1,0,0,1,0,0,0,0,0,0,0,1,0,1,0,0,1,0,1,0,1
6128-AQBMT,1,0.351369965122448,-0.359336761954848,-0.0293658765436805,1,1,0,0,1,0,0,0,0,0,0,1,0,1,0,0,0,1,0,1,0,0,1,0,1,0,0
3594-BDSOA,0,-0.340876218118068,-1.47440254906632,-0.794273684380947,0,1,0,1,0,0,0,1,1,0,1,0,1,0,1,0,1,0,1,0,1,0,0,1,0,0,0
0431-APWVY,0,-0.177994763237946,0.842142469165259,0.139963680016393,0,1,1,1,0,0,1,0,0,0,0,0,0,0,0,0,0,1,0,1,1,0,1,0,0,0,1
5133-VRSAB,0,-0.992402037638553,-1.17694088603658,-0.911861814715391,1,0,0,0,1,0,0,0,0,1,0,0,0,0,0,0,0,0,0,0,0,0,0,0,0,1,0
5996-DAOQL,0,-1.27744458367877,-1.47274075206615,-0.998391844922077,1,0,0,1,0,0,0,1,1,0,1,0,1,0,1,0,1,0,1,0,0,0,1,0,0,1,0
6838-YAUVY,0,0.880734693482843,1.00832216918187,1.22860858556061,0,0,0,1,0,1,1,0,0,0,0,0,0,1,0,1,0,0,0,1,0,1,1,0,0,0,0
0484-JPBRU,0,0.351369965122448,-1.3132082400502,-0.567507612872456,1,0,0,1,0,1,0,1,1,0,1,0,1,0,1,0,1,0,1,0,0,0,1,0,0,0,0
7883-ROJOC,0,-0.544478036718219,-0.660122018984916,-0.636731637037805,0,1,0,1,0,0,0,0,0,0,0,0,0,0,0,0,0,0,0,0,0,0,0,0,0,1,0
0244-LGNFY,0,1.61370124044339,0.926894116173731,1.96506302377124,0,1,1,1,0,1,0,0,0,1,0,1,0,1,0,1,0,1,0,1,0,1,0,0,0,0,0
7274-CGTOD,0,1.20649760324309,-0.700005146988903,0.148506313100574,1,0,0,0,1,0,0,0,0,1,0,1,0,1,0,1,0,0,0,0,0,1,1,0,0,0,0
4295-YURET,1,0.962175420922904,0.260513519107116,0.795737694654207,0,1,1,1,0,0,0,0,0,1,0,0,0,0,0,1,0,1,0,1,0,1,1,1,0,0,0
3426-NIYYL,0,-0.707359491598341,-0.439103017962822,-0.669467360200181,1,0,0,1,0,1,0,0,0,0,0,0,0,0,0,0,0,0,0,0,0,0,0,0,1,0,1
8225-BTJAU,1,-0.910961310198492,0.48153252012921,-0.657083853326214,1,0,0,1,0,0,1,0,0,0,0,0,0,0,0,0,0,0,0,1,0,0,1,0,1,0,1
4635-EJYPD,0,-0.0151133083578247,-1.52259466207113,-0.73637361569928,1,1,1,1,0,0,0,1,1,0,1,0,1,0,1,0,1,0,1,0,0,1,0,0,0,1,0
1866-ZSLJM,0,-0.463037309278159,-1.47107895506598,-0.829569990069848,1,0,0,1,0,0,0,1,1,0,1,0,1,0,1,0,1,0,1,0,0,0,0,1,0,0,0
4636-TVXVG,0,1.20649760324309,-1.48935872206781,-0.457866117965158,1,1,1,1,0,0,0,1,1,0,1,0,1,0,1,0,1,0,1,0,1,0,0,0,0,0,0
4236-UJPWO,0,-1.23672421995873,-1.33813519505269,-0.98693544551461,0,0,0,0,1,0,0,0,0,0,0,0,0,0,0,0,0,0,0,0,0,0,0,0,1,0,0
9392-XBGTD,0,-0.218715126957977,-1.46775536106565,-0.750545115544354,1,0,1,1,0,0,0,1,1,0,1,0,1,0,1,0,1,0,1,0,0,1,0,0,0,1,0
3387-VATUS,0,-1.11456312879864,1.00001318418104,-0.803103279299997,1,0,0,1,0,1,1,0,0,0,0,0,0,0,0,0,0,1,0,1,0,0,1,0,0,0,1
6402-SSEJG,0,-0.300155854398037,-0.123361587931259,-0.327453001010795,0,0,0,0,1,0,0,0,0,1,0,1,0,1,0,0,0,1,0,1,1,0,0,0,1,0,0
1143-NMNQJ,0,-1.23672421995873,0.69590433315064,-0.932456844864074,0,0,0,1,0,1,1,0,0,0,0,0,0,0,0,0,0,0,0,1,0,0,1,0,1,0,1
1169-SAOCL,0,0.677132874882691,1.39219727622025,1.27419136933021,1,0,0,1,0,1,1,0,0,0,0,1,0,0,0,1,0,1,0,1,1,0,1,0,0,0,0
1110-KYLGQ,0,1.24721796696312,1.44537478022556,1.9858567198056,0,0,0,1,0,1,1,0,0,1,0,1,0,1,0,0,0,1,0,1,0,0,0,1,0,0,0
9929-PLVPA,0,-1.15528349251868,-1.47440254906632,-0.965700269734295,0,0,1,1,0,0,0,1,1,0,1,0,1,0,1,0,1,0,1,0,0,0,0,1,0,0,0
3518-PZXZQ,0,-1.27744458367877,-0.314468242950363,-0.983006275775633,0,1,0,1,0,0,0,0,0,0,0,0,0,0,0,0,0,1,0,0,0,0,1,0,0,1,0
2371-JUNGC,0,-0.870240946478462,-1.47938794006682,-0.915592318568689,1,0,0,1,0,0,0,1,1,0,1,0,1,0,1,0,1,0,1,0,0,0,0,0,0,1,0
7693-QPEFS,1,0.799293966042782,0.272146098108279,0.683336951334706,1,0,0,1,0,1,1,0,0,0,0,0,0,0,0,0,0,0,0,0,0,0,1,0,0,0,0
0924-BJCRC,1,1.12505687580303,0.820539108163099,1.3300385571932,0,1,0,1,0,1,1,0,0,0,0,1,0,0,0,0,0,0,0,1,0,0,0,0,1,0,0
5074-FBGHB,0,1.28793833068315,1.3257253962136,2.03428704793659,1,0,0,1,0,1,1,0,0,0,0,0,0,1,0,1,0,1,0,1,1,0,1,1,0,0,0
2351-BKRZW,0,0.432810692562509,0.346926963115754,0.429309505513648,0,1,1,1,0,0,0,0,0,1,0,0,0,1,0,0,0,1,0,1,0,1,0,0,0,0,0
4455-BFSPD,0,1.16577723952306,1.20939960620197,1.81094244445923,0,1,0,1,0,1,1,0,0,0,0,0,0,0,0,1,0,1,0,1,1,0,0,0,0,0,0
0415-MOSGF,0,-1.27744458367877,-0.676739988986578,-0.987818405006515,0,0,0,1,0,0,0,0,0,0,0,0,0,0,0,0,0,0,0,0,0,0,0,0,0,1,1
1724-BQUHA,1,-1.11456312879864,0.822200905163265,-0.796525231085305,1,0,0,1,0,0,1,0,0,0,0,0,0,0,0,0,0,1,0,1,0,0,1,0,1,0,1
3948-KXDUF,0,1.36937905812321,0.132555150094324,0.956083138384148,1,0,0,1,0,1,0,0,0,1,0,1,0,1,0,1,0,0,0,0,0,1,0,0,0,0,0
2323-ARSVR,0,1.41009942184324,1.53843541223486,2.2246751883786,1,1,0,1,0,0,1,0,0,1,0,1,0,1,0,1,0,1,0,1,0,1,1,0,1,0,0
0815-MFZGM,0,0.392090328842479,1.13794233519483,0.8180986437867,0,1,0,1,0,0,1,0,0,0,0,0,0,1,0,1,0,1,0,1,0,1,1,1,0,0,0
4826-XTSOH,1,-1.27744458367877,0.707536912151803,-0.969430773587594,1,1,0,1,0,1,1,0,0,0,0,0,0,0,0,0,0,1,0,0,0,0,1,0,1,0,1
5480-XTFFL,0,-0.0558336720778551,-1.45446098506432,-0.699399686975759,0,1,1,1,0,0,0,1,1,0,1,0,1,0,1,0,1,0,1,0,0,1,0,0,0,1,0
8295-FHIVV,0,-1.03312240135858,-1.50763848906964,-0.932964546571919,1,0,0,1,0,0,0,1,1,0,1,0,1,0,1,0,1,0,1,0,0,0,1,0,0,1,0
2495-INZWQ,0,-1.15528349251868,-0.671754597986079,-0.930470186007287,1,0,0,0,1,0,0,0,0,0,0,0,0,0,0,0,0,1,0,1,0,0,1,0,1,0,1
9086-YJYXS,0,0.066327419082236,0.413398843122399,0.208326818677135,1,1,1,1,0,1,0,0,0,0,0,0,0,1,0,0,0,1,0,1,1,0,0,0,0,0,0
1179-INLAT,0,-1.1960038562387,-1.50597669206947,-0.976847633319596,1,0,0,1,0,0,0,1,1,0,1,0,1,0,1,0,1,0,1,0,1,0,1,0,0,1,0
7909-FIOIY,0,-0.544478036718219,-1.32650261605153,-0.815464712186666,0,1,1,0,1,0,0,0,0,0,0,0,0,0,0,0,0,0,0,0,0,0,1,0,0,1,0
4139-SUGLD,0,-0.0558336720778551,-0.97586344901648,-0.531725679463008,1,1,1,0,1,0,0,0,0,1,0,0,0,0,0,1,0,0,0,0,0,0,0,0,0,0,1
6857-VWJDT,0,-1.27744458367877,1.0266019361837,-0.96519256802645,0,0,0,1,0,1,1,0,0,0,0,0,0,0,0,0,0,1,0,1,0,0,0,0,0,1,1
6351-SCJKT,0,-1.1960038562387,-0.778109605996711,-0.960071402973401,1,0,0,0,1,0,0,0,0,1,0,0,0,1,0,1,0,0,0,0,0,0,0,0,0,1,0
5468-BPMMO,0,0.5549717837226,-1.50099130106898,-0.631632545972054,1,1,0,1,0,0,0,1,1,0,1,0,1,0,1,0,1,0,1,0,0,0,0,0,1,0,0
5624-BQSSA,0,-1.27744458367877,-1.45612278206449,-0.9981711050491,0,0,0,1,0,0,0,1,1,0,1,0,1,0,1,0,1,0,1,0,0,0,0,0,0,1,1
0197-PNKNK,0,1.4915401492833,0.654359408146487,1.57461833645087,0,1,1,1,0,1,1,0,0,1,0,0,0,1,0,0,0,0,0,0,1,0,0,0,0,0,0
2439-QKJUL,0,-1.11456312879864,-1.47938794006682,-0.958945629621222,1,0,0,1,0,0,0,1,1,0,1,0,1,0,1,0,1,0,1,0,0,0,0,0,0,1,0
1194-SPVSP,0,-1.27744458367877,-1.49932950406881,-0.998745028718839,1,0,0,1,0,0,0,1,1,0,1,0,1,0,1,0,1,0,1,0,0,0,0,0,0,0,0
9534-NSXEM,0,-0.259435490678007,-1.46609356406549,-0.744518917012103,1,0,0,1,0,0,0,1,1,0,1,0,1,0,1,0,1,0,1,0,1,0,1,1,0,0,0
2408-WITXK,1,-0.910961310198492,-0.999128607018805,-0.861820085511677,0,0,0,0,1,0,0,0,0,0,0,0,0,0,0,0,0,0,0,1,0,0,1,0,1,0,1
8929-KSWIH,0,-0.300155854398037,1.14791311719583,0.102239235724754,1,0,0,1,0,0,1,0,0,0,0,0,0,1,0,1,0,1,0,1,0,1,0,0,0,0,0
2250-IVBWA,0,1.28793833068315,0.541357212135191,1.25973290765026,1,1,1,1,0,0,1,0,0,1,0,1,0,0,0,0,0,0,0,0,0,0,0,0,1,0,0
1810-MVMAI,0,-0.0965540357978854,0.0943338190905033,-0.124372317872654,1,1,1,1,0,1,0,0,0,1,0,1,0,1,0,1,0,0,0,0,0,0,0,0,1,0,0
9506-UXUSK,0,-0.788800219038401,0.179085466098976,-0.596071352435582,1,0,0,1,0,0,1,0,0,0,0,0,0,0,0,0,0,0,0,0,0,0,1,0,1,0,0
1229-RCALF,0,1.28793833068315,1.66971737524799,2.25783031729963,0,1,0,1,0,1,1,0,0,1,0,1,0,1,0,1,0,1,0,1,1,0,1,0,1,0,0
3572-UOLYZ,0,0.5549717837226,0.66599198714765,0.740331986537171,0,0,1,1,0,1,1,0,0,0,0,0,0,1,0,1,0,0,0,0,0,0,1,0,0,0,0
1429-UYJSV,0,-0.829520582758432,-1.49766770706864,-0.892238040007803,0,0,0,1,0,0,0,1,1,0,1,0,1,0,1,0,1,0,1,0,1,0,0,0,0,1,0
5577-OTWWW,0,-0.707359491598341,-1.49600591006848,-0.876168177255133,0,0,0,1,0,0,0,1,1,0,1,0,1,0,1,0,1,0,1,0,0,0,0,0,0,0,1
6100-QQHEB,0,-0.62591876415828,0.923570522173399,-0.338534142634202,1,1,1,1,0,1,1,0,0,0,0,0,0,0,0,0,0,1,0,1,0,0,1,0,1,0,1
6366-XIVKZ,0,-0.788800219038401,-0.0535661139242815,-0.646819449232819,0,1,1,1,0,0,0,0,0,1,0,0,0,1,0,0,0,0,0,1,0,0,1,0,0,1,0
3470-OBUET,0,1.41009942184324,0.307043835111767,1.14187988946825,0,1,1,1,0,1,0,0,0,1,0,1,0,0,0,1,0,1,0,0,0,1,0,1,0,0,0
2770-NSVDG,0,-0.340876218118068,-1.18524987103741,-0.703682040511499,1,1,0,0,1,0,0,0,0,0,0,0,0,1,0,0,0,0,0,0,0,0,0,0,1,0,0
9375-MHRRS,0,-1.07384276507861,-0.488956927967806,-0.880119420981407,1,0,0,1,0,0,0,0,0,0,0,0,0,0,0,1,0,0,0,0,0,0,0,0,0,1,0
2634-HCZGT,1,0.840014329762813,-0.156597527934581,0.418404955788622,1,1,0,1,0,1,0,0,0,1,0,0,0,0,0,1,0,0,0,0,1,0,1,0,1,0,1
7503-QQRVF,1,-0.66663912787831,0.317014617112764,-0.487246595058295,1,1,0,1,0,0,1,0,0,0,0,1,0,0,0,0,0,0,0,0,0,0,1,1,0,0,1
4860-YZGZM,0,-0.910961310198492,-1.48769692506765,-0.925569760827215,1,0,0,1,0,0,0,1,1,0,1,0,1,0,1,0,1,0,1,0,0,0,0,0,1,0,0
6599-GZWCM,0,-0.788800219038401,0.328647196113927,-0.580840301200221,0,0,0,1,0,0,1,0,0,0,0,1,0,0,0,0,0,0,0,0,1,0,1,0,0,1,0
2691-NZETQ,0,-0.951681673918523,0.684271754149477,-0.672513570447253,1,0,0,1,0,1,1,0,0,0,0,0,0,0,0,0,0,1,0,0,0,0,1,0,1,0,1
4404-HIBDJ,0,-0.300155854398037,0.317014617112764,-0.184590155220573,0,0,0,1,0,0,0,0,0,1,0,1,0,1,0,1,0,1,0,0,1,0,0,0,0,1,1
5533-NHFRF,1,-1.03312240135858,-0.676739988986578,-0.890074789252636,1,0,0,0,1,0,0,0,0,0,0,1,0,0,0,1,0,0,0,1,0,0,1,0,1,0,0
7037-MTYVW,0,0.229208873962357,0.685933551149644,0.448138616678522,1,1,1,1,0,1,0,0,0,1,0,0,0,1,0,1,0,1,0,1,0,1,1,0,0,0,0
4760-THGOT,0,0.432810692562509,0.975086229178549,0.805869654823817,0,1,0,1,0,1,1,0,0,1,0,1,0,0,0,0,0,0,0,1,0,0,1,0,1,0,0
7295-JOMMD,0,-1.15528349251868,1.10802998919184,-0.832461682405837,0,0,1,1,0,0,1,0,0,0,0,0,0,1,0,1,0,1,0,1,0,0,1,0,0,0,1
4016-BJKTZ,0,-0.300155854398037,1.46697814122772,0.232718574641009,0,0,0,1,0,1,1,0,0,0,0,1,0,1,0,1,0,1,0,1,0,1,0,0,1,0,0
6584-VQMYT,0,-0.218715126957977,-0.284555896947372,-0.315378529958995,1,0,1,1,0,0,0,0,0,1,0,1,0,0,0,0,0,0,0,0,1,0,0,0,0,1,0
9838-BFCQT,0,1.61370124044339,-1.28495769104738,-0.190042430083086,1,1,1,1,0,1,0,1,1,0,1,0,1,0,1,0,1,0,1,0,0,1,0,0,0,1,0
2790-XUYMV,0,1.57298087672336,0.68759534814981,1.6542392086334,1,0,1,1,0,1,1,0,0,1,0,1,0,0,0,0,0,0,0,0,1,0,1,1,0,0,0
0581-MDMPW,0,-0.340876218118068,0.803921138161438,-0.0923429623038018,0,0,0,1,0,1,1,0,0,0,0,0,0,1,0,0,0,1,0,0,0,0,1,1,0,0,0
5013-SBUIH,0,0.717853238602722,1.49190509623021,1.4433001860173,0,0,0,1,0,1,1,0,0,1,0,1,0,0,0,1,0,1,0,1,0,1,1,0,1,0,1
1023-BQXZE,0,1.00289578464293,0.31867641411293,0.898602475461135,1,0,0,1,0,0,0,0,0,1,0,0,0,1,0,0,0,1,0,1,0,1,1,0,0,0,0
9163-GHAYE,0,-0.707359491598341,-0.528840055971793,-0.682137828909018,0,0,0,1,0,0,0,0,0,0,0,1,0,0,0,0,0,0,0,0,0,0,0,0,1,0,0
3904-UKFRE,0,-1.15528349251868,0.509783069132034,-0.859016689124879,1,0,0,1,0,1,1,0,0,1,0,0,0,0,0,0,0,0,0,0,0,0,1,0,1,0,0
5353-WILCI,0,-0.177994763237946,-0.289541287947871,-0.335200970552261,0,0,0,1,0,0,0,0,0,1,0,1,0,0,0,0,0,0,0,0,0,0,0,0,1,0,0
0709-TVGUR,1,-0.951681673918523,0.325323602113595,-0.732422371973005,0,0,0,1,0,1,1,0,0,0,0,0,0,0,0,0,0,0,0,0,0,0,1,0,1,0,1
0058-EVZWM,0,0.921455057202873,0.832171687164262,1.18214284229911,0,1,0,1,0,1,1,0,0,1,0,0,0,0,0,0,0,1,0,0,0,0,1,0,0,0,0
6023-YEBUP,0,-1.1960038562387,1.20275241820131,-0.861753863549784,1,0,0,1,0,1,1,0,0,0,0,0,0,1,0,0,0,1,0,1,0,0,1,0,1,0,1
7209-JCUDS,0,-0.910961310198492,1.00167498118121,-0.544374074184546,1,0,0,1,0,0,1,0,0,0,0,0,0,1,0,0,0,1,0,1,0,0,1,0,1,0,1
7009-PCARS,0,0.921455057202873,-1.51760927107064,-0.565278140155396,1,0,1,1,0,0,0,1,1,0,1,0,1,0,1,0,1,0,1,0,1,0,0,0,0,0,0
0519-DRGTI,0,-0.503757672998189,-1.47606434606648,-0.812021170168237,0,1,1,1,0,0,0,1,1,0,1,0,1,0,1,0,1,0,1,0,0,0,0,0,0,1,0
1017-FBQMM,0,1.20649760324309,1.37225571221825,1.95203937126564,0,1,1,1,0,1,1,0,0,0,0,1,0,0,0,1,0,1,0,1,1,0,1,1,0,0,0
3001-CBHLQ,1,-0.0151133083578247,1.33403438121443,0.47222133682023,1,1,0,1,0,1,1,0,0,0,0,0,0,1,0,1,0,1,0,1,0,0,1,0,1,0,1
1985-MBRYP,0,0.432810692562509,-1.49932950406881,-0.663397013693335,0,0,0,1,0,0,0,1,1,0,1,0,1,0,1,0,1,0,1,0,0,1,1,0,0,0,0
6158-DWPZT,0,-0.951681673918523,-1.35142957105402,-0.89272366772835,1,1,0,0,1,0,0,0,0,0,0,0,0,0,0,0,0,0,0,0,1,0,0,0,0,0,1
9372-TXXPS,0,1.12505687580303,-0.163244715935246,0.530452515311362,0,1,0,1,0,0,0,0,0,1,0,1,0,0,0,1,0,0,0,0,0,1,0,0,0,0,0
3259-QMXUN,0,1.04361614836296,0.709198709151969,1.1516365918538,1,1,0,1,0,1,0,0,0,1,0,1,0,1,0,0,0,1,0,1,0,1,1,0,1,0,0
1015-JPFYW,0,-1.03312240135858,-1.50597669206947,-0.947047750467803,1,0,1,1,0,0,0,1,1,0,1,0,1,0,1,0,1,0,1,0,1,0,0,0,0,1,0
6645-MXQJT,0,-1.23672421995873,1.07479404918852,-0.926121610509656,1,1,1,1,0,0,1,0,0,1,0,0,0,0,0,0,0,1,0,1,0,0,0,0,1,0,0
4360-QRAVE,1,0.188488510242327,-0.934318524012327,-0.426874239799294,1,0,0,0,1,0,0,0,0,0,0,1,0,1,0,0,0,0,0,0,0,0,0,0,1,0,0
8433-WPJTV,1,1.32865869440318,1.30079844121111,1.98011748310822,0,1,1,1,0,1,1,0,0,0,0,0,0,1,0,1,0,1,0,1,1,0,1,0,0,0,0
5804-JMYIO,0,0.269929237682388,-1.49600591006848,-0.672800532282123,0,1,1,1,0,0,0,1,1,0,1,0,1,0,1,0,1,0,1,0,0,1,0,0,0,1,0
3763-GCZHZ,0,1.36937905812321,1.30578383221161,2.03437534388578,1,1,0,1,0,1,1,0,0,0,0,1,0,0,0,1,0,1,0,1,1,0,1,0,1,0,1
6484-LATFU,0,1.45081978556327,-1.33647339805253,-0.275711574785164,1,0,0,1,0,1,0,1,1,0,1,0,1,0,1,0,1,0,1,0,0,1,0,0,0,1,0
7599-NTMDP,0,1.20649760324309,-0.533825446972291,0.320793783958529,0,1,1,0,1,0,0,0,0,1,0,1,0,0,0,1,0,1,0,0,0,1,0,0,0,0,0
0772-GYEQQ,0,-1.1960038562387,0.783979574159444,-0.891730338299957,1,0,0,1,0,0,1,0,0,0,0,0,0,1,0,1,0,1,0,0,0,0,1,0,0,1,1
0536-ACXIP,0,1.61370124044339,1.48858150222988,2.59730616794979,0,1,0,1,0,1,1,0,0,1,0,1,0,1,0,0,0,1,0,1,0,1,1,0,1,0,0
0936-NQLJU,0,0.351369965122448,-1.46609356406549,-0.620882514158111,0,1,0,1,0,0,0,1,1,0,1,0,1,0,1,0,1,0,1,0,0,1,0,1,0,0,0
4831-EOBFE,0,-0.137274399517916,0.993365996180376,0.162125963263208,1,1,1,1,0,0,1,0,0,1,0,0,0,0,0,0,0,1,0,1,0,0,0,1,0,0,1
1575-KRZZE,0,-1.15528349251868,-0.317791836950695,-0.91000759978239,0,0,0,1,0,0,0,0,0,1,0,1,0,0,0,0,0,0,0,0,0,0,0,0,1,0,0
3251-YMVWZ,0,0.840014329762813,-1.35309136805419,-0.432657624471271,1,0,0,1,0,1,0,1,1,0,1,0,1,0,1,0,1,0,1,0,1,0,0,0,0,0,0
4102-OQUPX,1,-1.27744458367877,0.320338211113097,-0.97457401262794,1,1,0,1,0,1,1,0,0,0,0,0,0,0,0,0,0,0,0,0,0,0,1,0,1,0,1
9170-GYZJC,0,0.351369965122448,0.50313588113137,0.461029825260334,0,1,1,1,0,1,0,0,0,1,0,1,0,1,0,1,0,0,0,1,0,0,0,1,0,0,1
4884-LEVMQ,0,0.269929237682388,-1.47274075206615,-0.658651106424346,1,1,0,1,0,0,0,1,1,0,1,0,1,0,1,0,1,0,1,0,0,1,1,0,0,0,0
8857-CUPFQ,0,1.24721796696312,-1.51262388007014,-0.461022698148718,1,1,0,1,0,0,0,1,1,0,1,0,1,0,1,0,1,0,1,0,0,1,0,0,0,1,0
7610-TVOPG,0,-0.707359491598341,-1.27664870604655,-0.840275873909196,1,0,0,1,0,1,0,1,1,0,1,0,1,0,1,0,1,0,1,0,0,0,1,0,1,0,0
3638-DIMPH,0,-0.788800219038401,-0.696681552988571,-0.745777134288067,0,1,0,1,0,0,0,0,0,0,0,0,0,0,0,0,0,0,0,0,1,0,0,0,1,0,0
1845-ZLLIG,0,-1.27744458367877,-0.485633333967473,-0.985279896467288,1,0,0,1,0,0,0,0,0,0,0,1,0,0,0,0,0,0,0,0,0,0,1,0,0,1,0
8559-WNQZS,0,-1.27744458367877,-1.47274075206615,-0.998391844922077,1,0,0,1,0,0,0,1,1,0,1,0,1,0,1,0,1,0,1,0,0,1,0,0,0,1,0
3999-QGRJH,1,-0.992402037638553,0.164129293097481,-0.759816190209356,1,0,0,1,0,0,1,0,0,0,0,0,0,0,0,0,0,0,0,0,0,0,1,0,1,0,1
1699-UOTXU,0,1.12505687580303,-0.111729008930096,0.598793579984806,1,0,0,1,0,0,0,0,0,1,0,1,0,1,0,0,0,0,0,0,0,1,0,0,1,0,0
2454-RPBRZ,1,-0.829520582758432,1.10802998919184,-0.539363279067985,0,1,0,1,0,1,1,0,0,0,0,1,0,1,0,0,0,1,0,0,0,0,1,0,1,0,1
0635-WKOLD,0,0.310649601402418,0.199027030100969,0.282473342009854,1,1,0,1,0,1,0,0,0,0,0,1,0,0,0,1,0,1,0,0,1,0,0,1,0,0,0
5993-JSUWV,0,1.36937905812321,-0.120037993930926,0.766202699649986,0,0,0,1,0,0,0,0,0,1,0,1,0,1,0,0,0,0,0,0,0,1,1,0,0,0,0
4518-FZBSX,0,0.392090328842479,-1.47938794006682,-0.62999907091203,1,1,1,1,0,0,0,1,1,0,1,0,1,0,1,0,1,0,1,0,1,0,0,0,0,1,0
5387-ASZNZ,1,1.36937905812321,-0.0303009559219557,0.83547087178993,0,0,0,1,0,1,0,0,0,1,0,1,0,0,0,1,0,0,0,0,1,0,1,1,0,0,0
6988-CJEYV,0,0.677132874882691,1.12797155319383,1.16490305821967,1,0,0,1,0,1,1,0,0,0,0,1,0,0,0,0,0,1,0,1,0,0,0,0,1,0,0
2002-MZHWP,0,-1.27744458367877,-1.47107895506598,-0.998369770934779,0,0,0,1,0,0,0,1,1,0,1,0,1,0,1,0,1,0,1,0,0,0,0,0,0,1,1
3097-FQTVJ,0,0.351369965122448,-1.48769692506765,-0.64968906758151,0,0,0,1,0,0,0,1,1,0,1,0,1,0,1,0,1,0,1,0,0,1,0,0,0,1,0
5465-BUBFA,0,0.351369965122448,-1.51096208306997,-0.666421149953109,0,1,1,1,0,0,0,1,1,0,1,0,1,0,1,0,1,0,1,0,0,1,0,0,0,0,0
7299-GNVPL,0,-0.381596581838098,0.652697611146321,-0.152340059778744,0,1,1,1,0,0,1,0,0,1,0,1,0,0,0,1,0,0,0,0,0,0,0,0,0,1,0
9743-DQKQW,0,-1.1960038562387,-1.3181936310507,-0.972190021999797,1,0,0,0,1,0,0,0,0,0,0,0,0,0,0,0,0,0,0,0,0,0,0,0,1,0,0
1215-VFYVK,0,-1.15528349251868,-0.548781619973786,-0.918130827107916,0,0,0,0,1,0,0,0,0,1,0,0,0,1,0,1,0,0,0,1,0,0,0,0,0,1,0
9371-BITHB,0,0.799293966042782,-1.49268231606814,-0.534816037684675,0,1,1,1,0,0,0,1,1,0,1,0,1,0,1,0,1,0,1,0,0,1,0,0,0,1,0
2265-CYWIV,1,-1.15528349251868,1.15788389919682,-0.853939672046425,0,1,0,1,0,1,1,0,0,1,0,0,0,0,0,0,0,1,0,1,0,0,1,0,1,0,1
9093-FPDLG,0,-0.870240946478462,0.978409823178881,-0.56598450774892,0,0,0,1,0,0,1,0,0,0,0,1,0,1,0,1,0,0,0,1,0,0,1,0,1,0,0
0541-FITGH,0,-1.23672421995873,-0.086802053927604,-0.957488746459579,0,1,0,1,0,0,0,0,0,1,0,0,0,0,0,0,0,0,0,1,0,0,1,0,0,1,0
6985-HAYWX,0,-0.259435490678007,0.483194317129376,-0.117485233835796,0,1,0,1,0,1,1,0,0,0,0,1,0,0,0,0,0,0,0,0,0,0,0,0,0,0,0
7508-KBIMB,0,-0.340876218118068,-0.282894099947206,-0.365398185175411,1,1,1,1,0,0,0,0,0,1,0,0,0,1,0,0,0,0,0,0,1,0,1,1,0,0,0
6838-HVLXG,0,-0.829520582758432,-1.47772614306665,-0.898507052400328,0,0,0,1,0,0,0,1,1,0,1,0,1,0,1,0,1,0,1,0,0,0,0,0,0,1,0
2277-DJJDL,1,1.12505687580303,1.13794233519483,1.64936085744063,1,1,0,1,0,1,1,0,0,0,0,0,0,0,0,1,0,1,0,1,0,0,1,0,1,0,0
1897-OKVMW,0,1.28793833068315,0.85876043916692,1.56086624236445,0,1,1,1,0,1,0,0,0,1,0,1,0,1,0,1,0,1,0,1,0,1,1,0,0,1,0
5485-ITNPC,0,1.36937905812321,0.702551521151305,1.46279151680111,1,1,0,1,0,0,0,0,0,1,0,1,0,1,0,1,0,1,0,1,0,1,1,0,0,0,0
0233-FTHAV,0,1.12505687580303,0.479870723129044,1.09623088373676,0,0,0,1,0,1,1,0,0,0,0,0,0,1,0,0,0,0,0,0,1,0,1,0,0,0,0
4644-PIZRT,0,-0.62591876415828,0.18573265409964,-0.476915969003007,1,1,1,1,0,1,0,0,0,1,0,0,0,1,0,0,0,1,0,0,1,0,1,0,0,0,0
8922-NPKBJ,0,0.392090328842479,-1.50930028606981,-0.624524722062219,1,1,1,1,0,0,0,1,1,0,1,0,1,0,1,0,1,0,1,0,0,1,0,0,0,1,0
2740-TVLFN,0,-1.27744458367877,-0.485633333967473,-0.985279896467288,1,0,0,1,0,1,0,0,0,0,0,0,0,0,0,0,0,0,0,0,0,0,1,0,1,0,0
7771-CFQRQ,0,0.595692147442631,-0.0319627529221219,0.320219860288791,0,1,1,1,0,0,0,0,0,0,0,1,0,0,0,1,0,0,0,1,0,1,0,0,0,0,0
9512-PHSMG,0,-0.910961310198492,-1.46941715806582,-0.895836099937315,0,1,0,1,0,0,0,1,1,0,1,0,1,0,1,0,1,0,1,0,0,0,1,0,0,1,0
6963-EZQEE,1,1.53226051300333,0.790626762160109,1.77677191212251,1,1,0,1,0,1,0,0,0,1,0,1,0,1,0,1,0,1,0,1,0,1,1,1,0,0,0
2452-KDRRH,1,1.41009942184324,1.2177085912028,2.01276491032141,1,0,0,1,0,1,1,0,0,0,0,0,0,1,0,0,0,1,0,1,0,0,1,1,0,0,0
2004-OCQXK,0,-1.27744458367877,0.571269558138181,-0.971240840545999,0,0,0,1,0,0,1,0,0,0,0,0,0,0,0,0,0,0,0,1,0,0,1,0,1,0,1
5027-QPKTE,0,-1.03312240135858,0.152496714096318,-0.808268592327641,1,1,0,1,0,0,1,0,0,0,0,0,0,0,0,0,0,0,0,0,0,0,1,0,1,0,1
4146-SVFUD,0,-1.27744458367877,-0.670092800985913,-0.987730109057324,1,0,0,1,0,0,0,0,0,0,0,0,0,0,0,0,0,0,0,0,0,0,0,0,0,1,0
1564-HJUVY,0,-1.15528349251868,-0.033624549922288,-0.907557387192354,1,0,0,1,0,0,0,0,0,0,0,1,0,0,0,1,0,1,0,0,0,0,1,0,0,0,0
3617-XLSGQ,0,1.36937905812321,1.47861072022888,2.11936019498164,0,1,1,1,0,1,1,0,0,1,0,1,0,1,0,0,0,1,0,1,0,1,0,0,0,0,0
7517-LDMPS,0,-0.829520582758432,0.659344799146985,-0.558280686182049,0,0,0,1,0,0,1,0,0,0,0,1,0,0,0,0,0,0,0,1,0,0,1,0,1,0,0
7244-KXYZN,0,-0.340876218118068,-1.47274075206615,-0.774605761698764,0,0,0,1,0,0,0,1,1,0,1,0,1,0,1,0,1,0,1,0,1,0,0,1,0,0,0
5226-NOZFC,0,-0.259435490678007,0.697566130150806,-0.0597838310398064,1,0,0,1,0,0,1,0,0,0,0,1,0,0,0,0,0,1,0,0,0,0,1,0,1,0,0
2672-HUYVI,0,-1.07384276507861,0.875378409168581,-0.806414377394641,0,0,0,1,0,0,1,0,0,0,0,0,0,0,0,0,0,1,0,1,0,0,1,0,1,0,1
1400-WIVLL,0,1.00289578464293,1.43540399822456,1.62814775564761,1,1,0,1,0,1,1,0,0,0,0,0,0,1,0,1,0,1,0,1,0,1,0,0,1,0,0
7508-MYBOG,0,-0.748079855318371,0.709198709151969,-0.461949805615218,1,1,0,1,0,1,1,0,0,0,0,0,0,0,0,0,0,1,0,0,0,0,1,0,1,0,1
8148-NLEGT,0,0.392090328842479,-1.38965090205784,-0.559649273394502,0,1,1,1,0,1,0,1,1,0,1,0,1,0,1,0,1,0,1,0,0,1,0,0,1,0,0
0148-DCDOS,0,-0.300155854398037,0.995027793180542,0.0353992021875483,1,0,0,1,0,1,1,0,0,0,0,0,0,0,0,0,0,1,0,1,0,0,1,0,0,0,1
8347-GDTMP,0,1.28793833068315,-1.50597669206947,-0.466320455100148,0,1,0,1,0,0,0,1,1,0,1,0,1,0,1,0,1,0,1,0,0,1,0,1,0,0,0
9992-RRAMN,0,-0.422316945558128,0.675962769148646,-0.180219505735643,1,1,0,1,0,1,1,0,0,0,0,0,0,0,0,0,0,0,0,1,0,0,1,0,1,0,1
6746-WAUWT,0,-0.544478036718219,-1.49766770706864,-0.836788183916171,1,0,0,1,0,0,0,1,1,0,1,0,1,0,1,0,1,0,1,0,1,0,1,1,0,0,0
0310-MVLET,0,1.16577723952306,1.14292772619533,1.6458952414349,0,1,1,1,0,1,1,0,0,0,0,1,0,0,0,0,0,1,0,1,0,0,1,0,1,0,1
0428-IKYCP,0,-0.422316945558128,0.739111055154959,-0.190395613879848,1,1,0,1,0,0,1,0,0,0,0,0,0,1,0,0,0,1,0,0,0,0,1,0,0,0,0
4550-VBOFE,1,1.53226051300333,1.26922429820795,2.12774831015473,1,1,0,1,0,1,1,0,0,0,0,1,0,1,0,0,0,1,0,1,0,0,1,0,1,0,1
2187-PKZAY,0,-0.829520582758432,0.504797678131536,-0.546780138799987,1,0,0,1,0,0,1,0,0,0,0,0,0,0,0,0,0,0,0,1,0,0,1,0,0,0,0
4003-OCTMP,0,-0.0558336720778551,-0.0253155649214574,-0.163862681148104,0,1,0,1,0,0,0,0,0,1,0,0,0,0,0,1,0,0,0,1,1,0,1,0,1,0,0
6652-YFFJO,0,-0.870240946478462,0.00459678108153305,-0.691276459650234,0,0,0,1,0,0,0,0,0,0,0,0,0,0,0,0,0,1,0,1,0,0,1,0,1,0,0
7225-IILWY,0,1.45081978556327,-1.29659027004854,-0.26301903208903,1,1,1,1,0,1,0,1,1,0,1,0,1,0,1,0,1,0,1,0,0,1,0,0,0,1,0
5248-RPYWW,1,1.61370124044339,0.843804266165425,1.95775653397573,0,1,1,1,0,1,0,0,0,1,0,1,0,1,0,1,0,1,0,1,0,1,1,0,0,0,0
7923-IYJWY,1,1.41009942184324,1.70627690925164,2.45371488057875,1,0,0,1,0,1,1,0,0,1,0,1,0,1,0,1,0,1,0,1,0,1,1,1,0,0,0
3170-GWYKC,0,1.12505687580303,1.3356961782146,1.74597869984233,0,0,0,1,0,0,1,0,0,1,0,0,0,1,0,1,0,1,0,1,0,0,1,0,0,0,0
5696-QURRL,0,-1.27744458367877,-0.655136627984418,-0.987531443171645,1,0,0,1,0,0,0,0,0,0,0,0,0,0,0,0,0,0,0,0,0,0,1,0,0,1,1
7409-KIUTL,1,-1.27744458367877,0.2073360151018,-0.976075043764179,0,0,1,1,0,0,1,0,0,0,0,0,0,0,0,0,0,0,0,0,0,0,1,0,1,0,1
9830-ECLEN,0,1.04361614836296,-0.490618724967972,0.281634530492544,1,1,1,0,1,0,0,0,0,1,0,1,0,1,0,0,0,1,0,0,1,0,0,0,0,1,0
1732-VHUBQ,1,0.595692147442631,0.192379842100305,0.45354674356644,0,1,1,1,0,0,1,0,0,0,0,0,0,0,0,0,0,0,0,0,0,0,0,0,0,0,1
0495-RVCBF,0,-1.27744458367877,0.496488693130705,-0.972234169974392,0,0,0,1,0,0,1,0,0,0,0,0,0,0,0,0,0,0,0,1,0,0,1,0,1,0,1
2668-TZSPS,0,-1.27744458367877,-1.47274075206615,-0.998391844922077,1,0,0,1,0,0,0,1,1,0,1,0,1,0,1,0,1,0,1,0,0,0,0,0,0,1,0
7854-EDSSA,0,-0.422316945558128,-0.19149526493807,-0.453495468480228,1,0,0,1,0,1,0,0,0,1,0,1,0,0,0,0,0,0,0,0,0,0,0,0,1,0,1
8869-TORSS,0,0.636412511162661,-0.146626745933584,0.271281830449958,0,0,0,1,0,0,0,0,0,1,0,0,0,1,0,1,0,0,0,0,1,0,1,1,0,0,1
7446-SFAOA,0,0.188488510242327,-1.49268231606814,-0.6906583880059,0,1,0,1,0,0,0,1,1,0,1,0,1,0,1,0,1,0,1,0,1,0,1,0,0,0,0
9522-ZSINC,0,-0.788800219038401,-1.48935872206781,-0.895372546204065,1,0,0,1,0,0,0,1,1,0,1,0,1,0,1,0,1,0,1,0,1,0,1,0,1,0,0
8234-GSZYK,0,0.432810692562509,-1.27332511204622,-0.517355513732254,1,0,0,1,0,1,0,1,1,0,1,0,1,0,1,0,1,0,1,0,0,1,0,0,0,0,0
6505-OZNPG,0,-1.07384276507861,-0.0452571289234509,-0.85343197033858,0,0,0,0,1,0,0,0,0,1,0,1,0,1,0,1,0,1,0,1,0,1,1,0,0,1,0
6164-HAQTX,0,1.57298087672336,-0.359336761954848,0.709340108371307,1,0,0,0,1,0,0,0,0,1,0,1,0,1,0,1,0,1,0,0,0,1,0,0,0,0,0
0679-IDSTG,1,-1.27744458367877,0.149173120095986,-0.976847633319596,0,1,1,1,0,0,1,0,0,0,0,0,0,0,0,0,0,0,0,0,0,0,1,0,1,0,1
7765-LWVVH,0,1.61370124044339,1.00832216918187,2.01369201778791,0,1,1,1,0,1,1,0,0,1,0,1,0,0,0,0,0,1,0,0,0,1,1,0,1,0,0
1658-TJVOA,1,-1.07384276507861,0.310367429112099,-0.808356888276831,0,0,0,1,0,0,1,0,0,1,0,0,0,0,0,0,0,0,0,0,0,0,1,0,1,0,0
0953-LGOVU,0,-0.829520582758432,-0.972539855016148,-0.816590485538845,1,1,1,0,1,0,0,0,0,0,0,1,0,0,0,1,0,0,0,0,0,0,0,0,0,1,0
2115-BFTIW,0,-0.300155854398037,0.205674218101634,-0.227170876717689,1,0,0,1,0,0,1,0,0,0,0,0,0,0,0,0,0,0,0,0,0,0,0,0,0,1,1
4692-NNQRU,0,-0.463037309278159,0.479870723129044,-0.238163722391906,0,1,0,1,0,0,1,0,0,0,0,0,0,1,0,1,0,0,0,0,1,0,0,0,1,0,0
7742-MYPGI,0,-1.07384276507861,-0.530501852971959,-0.876146103267835,0,1,1,1,0,0,0,0,0,0,0,0,0,0,0,1,0,0,0,0,0,0,1,0,0,1,0
0611-DFXKO,0,-0.503757672998189,0.805582935161604,-0.203728302207613,1,1,0,1,0,0,1,0,0,0,0,0,0,0,0,0,0,1,0,1,0,0,1,0,0,1,1
7780-OTDSO,0,-0.58519840043825,1.15123671119616,-0.23794298251893,1,1,0,1,0,1,1,0,0,1,0,0,0,0,0,0,0,1,0,1,0,0,1,0,1,0,1
9619-GSATL,0,0.432810692562509,-0.309482851949864,0.0716667633175445,0,0,0,1,0,0,0,0,0,0,0,1,0,0,0,1,0,0,0,0,1,0,0,0,1,0,0
5622-UEJFI,0,0.107047782802266,-1.3082228490497,-0.588102643021139,0,1,1,1,0,1,0,1,1,0,1,0,1,0,1,0,1,0,1,0,0,1,1,1,0,0,0
9747-DDZOS,0,-1.27744458367877,0.290425865110106,-0.974971344399297,0,0,0,1,0,0,1,0,0,0,0,0,0,1,0,0,0,0,0,0,0,0,0,0,0,0,1
0674-DGMAQ,1,-0.0151133083578247,0.955144665176555,0.304127923548823,1,1,0,1,0,1,1,0,0,0,0,1,0,1,0,0,0,0,0,1,0,0,1,0,1,0,0
6203-HBZPA,0,0.799293966042782,-0.0286391589217896,0.464892773037418,1,0,0,0,1,0,0,0,0,1,0,1,0,1,0,1,0,1,0,1,0,1,0,1,0,0,0
0484-FFVBJ,0,-0.0151133083578247,0.00293498408136655,-0.119626410603665,1,0,0,1,0,0,0,0,0,0,0,0,0,0,0,0,0,1,0,1,1,0,1,0,0,0,0
0301-FIDRB,0,1.61370124044339,-0.0319627529221219,1.0606034682384,0,1,1,0,1,0,0,0,0,1,0,1,0,1,0,1,0,1,0,1,0,1,1,0,0,0,0
4139-JPIAM,0,0.758573602322752,-0.675078191986411,-0.0443099659441719,1,0,0,0,1,0,0,0,0,1,0,0,0,0,0,1,0,0,0,1,0,0,1,1,0,0,0
2181-TIDSV,0,1.45081978556327,-1.48935872206781,-0.432061626814235,1,1,1,1,0,0,0,1,1,0,1,0,1,0,1,0,1,0,1,0,0,1,1,0,0,0,0
2761-XECQW,1,-0.992402037638553,-0.711637725990066,-0.843454528080054,1,1,0,0,1,0,0,0,0,0,0,1,0,1,0,0,0,0,0,1,0,0,1,0,0,1,0
1936-CZAKF,0,0.677132874882691,-0.502251303969135,0.0565019340440769,1,1,0,0,1,0,0,0,0,0,0,1,0,0,0,0,0,1,0,1,0,1,0,1,0,0,0
9453-PATOS,0,1.61370124044339,0.675962769148646,1.71006432250909,0,1,0,1,0,0,0,0,0,1,0,1,0,1,0,1,0,1,0,1,0,1,0,0,0,1,0
0564-JJHGS,0,-0.951681673918523,1.0216165451832,-0.641389248357604,1,0,0,1,0,1,1,0,0,0,0,0,0,0,0,0,0,1,0,1,0,0,1,0,1,0,1
3348-CFRNX,0,-0.177994763237946,0.916923334172734,0.141707525012906,0,1,0,1,0,0,1,0,0,1,0,0,0,0,0,0,0,1,0,1,0,0,1,0,0,1,1
4402-FTBXC,0,0.880734693482843,0.832171687164262,1.05296586863342,1,0,0,1,0,0,1,0,0,1,0,0,0,1,0,0,0,1,0,0,0,0,0,0,0,1,0
1428-GTBJJ,0,-0.870240946478462,0.325323602113595,-0.643309685252497,1,0,0,1,0,0,1,0,0,0,0,1,0,0,0,0,0,0,0,0,0,0,1,0,1,0,1
2931-XIQBR,0,0.717853238602722,1.27254789220828,1.2677457650393,0,1,1,1,0,0,1,0,0,0,0,0,0,1,0,1,0,1,0,1,1,0,0,0,0,1,0
0106-UGRDO,0,1.4915401492833,1.70295331525131,2.60514243344045,0,1,0,1,0,1,1,0,0,1,0,1,0,1,0,1,0,1,0,1,0,1,1,0,1,0,0
5542-TBBWB,0,-1.27744458367877,0.170776481098145,-0.976560671484726,1,0,0,1,0,0,1,0,0,0,0,0,0,0,0,0,0,0,0,0,0,0,1,0,1,0,0
1930-QPBVZ,0,1.45081978556327,1.00832216918187,1.943165628372,1,1,1,1,0,0,1,0,0,1,0,1,0,0,0,1,0,0,0,1,0,1,0,0,0,0,0
2606-PKWJB,0,0.310649601402418,-0.814669140000366,-0.316923709069828,1,0,1,0,1,0,0,0,0,1,0,1,0,0,0,1,0,0,0,0,1,0,0,0,0,1,0
5322-ZSMZY,0,-0.0558336720778551,-1.29659027004854,-0.673838009685111,1,1,1,1,0,1,0,1,1,0,1,0,1,0,1,0,1,0,1,0,0,1,0,0,0,1,0
8059-UDZFY,1,0.0256070553622056,1.34899055421593,0.522329287985836,0,0,1,1,0,1,1,0,0,0,0,1,0,1,0,0,0,1,0,1,0,0,1,0,0,0,0
7740-BTPUX,1,0.921455057202873,1.62318705924334,1.77067949162837,1,1,0,1,0,1,1,0,0,0,0,1,0,1,0,1,0,1,0,1,0,1,1,0,1,0,0
5220-AGAAX,0,1.45081978556327,-1.35475316505436,-0.272665364538092,1,1,1,1,0,1,0,1,1,0,1,0,1,0,1,0,1,0,1,0,0,1,1,0,0,0,0
0208-BPQEJ,0,-0.829520582758432,-1.50763848906964,-0.919962968053619,0,1,1,1,0,0,0,1,1,0,1,0,1,0,1,0,1,0,1,0,0,0,0,0,0,0,0
9435-JMLSX,0,1.57298087672336,0.709198709151969,1.66172229032729,1,1,0,1,0,0,0,0,0,1,0,1,0,1,0,1,0,1,0,1,0,1,1,0,0,0,0
3352-ALMCK,0,0.310649601402418,1.25925351620696,0.806244912607876,1,0,0,1,0,1,1,0,0,0,0,1,0,1,0,0,0,1,0,1,0,0,1,0,0,1,0
5312-IRCFR,0,1.28793833068315,0.933541304174396,1.63295988487849,0,1,1,1,0,1,1,0,0,0,0,1,0,1,0,0,0,0,0,1,1,0,1,0,1,0,0
5294-IMHHT,0,0.840014329762813,1.09639741019068,1.21905054906074,1,1,0,1,0,1,1,0,0,0,0,1,0,0,0,1,0,0,0,1,1,0,0,0,0,0,0
8802-UNOJF,1,-0.829520582758432,0.632756047144327,-0.552806337332238,1,0,0,1,0,0,1,0,0,0,0,1,0,1,0,1,0,0,0,0,0,0,1,0,0,1,1
6313-GIDIT,1,0.840014329762813,-0.342718791953187,0.252805903081847,1,0,0,0,1,0,0,0,0,0,0,1,0,1,0,0,0,1,0,1,0,0,1,0,1,0,1
6176-YJWAS,0,1.61370124044339,1.10304459819134,2.13337717691563,1,1,0,1,0,1,1,0,0,1,0,1,0,1,0,0,0,1,0,0,0,1,1,1,0,0,0
5310-NOOVA,0,0.5549717837226,-1.48935872206781,-0.606975902160608,1,0,0,1,0,0,0,1,1,0,1,0,1,0,1,0,1,0,1,0,0,1,0,0,1,0,0
4526-EXKKN,0,0.310649601402418,-1.33481160105236,-0.577440907156387,1,0,0,1,0,1,0,1,1,0,1,0,1,0,1,0,1,0,1,0,0,1,1,0,0,1,0
5311-IHLEI,0,-0.829520582758432,-0.459044581964815,-0.73999374961609,1,0,0,0,1,0,0,0,0,1,0,1,0,0,0,1,0,1,0,0,0,0,1,0,0,0,0
3987-KQDDU,0,-0.951681673918523,0.360221339117083,-0.715359179791942,1,0,0,1,0,0,1,0,0,1,0,0,0,0,0,0,0,0,0,0,0,0,0,0,1,0,0
3404-JNXAX,0,0.758573602322752,0.531386430134194,0.81010786038496,0,1,1,1,0,1,1,0,0,0,0,0,0,0,0,1,0,0,0,0,0,0,1,0,1,0,0
5131-PONJI,0,0.677132874882691,0.852113251166256,0.976876834418509,1,1,1,1,0,0,1,0,0,0,0,1,0,1,0,0,0,1,0,0,0,0,1,1,0,0,0
2845-AFFTX,1,0.351369965122448,1.16453108719749,0.872974576208594,1,1,0,1,0,1,1,0,0,0,0,0,0,1,0,0,0,1,0,1,0,0,1,0,1,0,1
3489-VSFRD,0,0.962175420922904,-0.149950339933917,0.441847530298699,0,0,0,1,0,0,0,0,0,1,0,0,0,1,0,1,0,0,0,0,1,0,1,1,0,0,0
3345-JHUEO,0,-1.15528349251868,-1.48104973706698,-0.982829683877252,1,0,0,1,0,0,0,1,1,0,1,0,1,0,1,0,1,0,1,0,0,0,1,0,1,0,0
5815-HGGHV,0,-0.503757672998189,-0.0203301739209588,-0.444776243497667,1,1,0,1,0,0,0,0,0,1,0,0,0,0,0,1,0,0,0,1,1,0,1,0,0,1,0
5260-UMPWX,0,-0.259435490678007,-1.47938794006682,-0.789351185213577,0,1,1,1,0,0,0,1,1,0,1,0,1,0,1,0,1,0,1,0,0,0,1,1,0,0,0
2249-YPRNG,0,-0.503757672998189,1.36560852421759,-0.0186599927043328,0,1,1,1,0,1,1,0,0,0,0,1,0,1,0,0,0,1,0,1,0,0,1,0,0,0,1
7410-YTJIK,0,-1.03312240135858,0.355235948116585,-0.79517871786015,0,0,0,1,0,1,1,0,0,0,0,0,0,0,0,0,0,0,0,0,0,0,0,0,0,1,1
4626-GYCZP,0,-1.03312240135858,0.966777244177718,-0.726815579199409,1,0,0,1,0,1,1,0,0,0,0,0,0,0,0,0,0,1,0,1,0,0,1,0,1,0,1
5649-RXQTV,0,0.758573602322752,1.13794233519483,1.21682107634368,1,0,0,1,0,0,1,0,0,0,0,1,0,1,0,0,0,1,0,1,0,0,1,0,1,0,0
2674-MIAHT,0,-1.15528349251868,0.516430257132699,-0.864292372089011,0,0,0,1,0,1,1,0,0,0,0,1,0,0,0,0,0,0,0,0,0,0,1,0,0,1,0
2576-HXMPA,0,-1.27744458367877,-1.50265309806914,-0.998789176693434,0,0,0,1,0,0,0,1,1,0,1,0,1,0,1,0,1,0,1,0,0,0,0,1,0,0,0
7587-AOVVU,0,-0.218715126957977,1.19610523020064,0.225875638578746,1,1,1,1,0,1,1,0,0,1,0,1,0,0,0,1,0,1,0,0,0,0,0,0,1,0,0
5590-BYNII,0,-0.422316945558128,1.19610523020064,-0.0825200379563591,1,0,0,1,0,1,1,0,0,1,0,0,0,0,0,0,0,1,0,1,0,0,1,0,1,0,1
6898-MDLZW,0,-0.829520582758432,-0.365983949955513,-0.721054268514729,1,0,0,1,0,0,0,0,0,0,0,1,0,0,0,1,0,0,0,0,0,0,1,0,0,1,0
3237-AJGEH,0,-1.1960038562387,-1.1221015850311,-0.965457455874021,0,1,1,0,1,0,0,0,0,0,0,0,0,0,0,1,0,0,0,0,0,0,1,0,0,1,1
4707-YNOQA,0,0.066327419082236,-1.30157566104904,-0.602516956726488,0,1,1,1,0,1,0,1,1,0,1,0,1,0,1,0,1,0,1,0,1,0,1,1,0,0,0
9357-UJRUN,0,-0.340876218118068,-0.213098625940229,-0.412791035903409,1,1,0,1,0,1,0,0,0,1,0,0,0,0,0,1,0,0,0,0,1,0,1,0,1,0,0
1591-NFNLQ,0,0.758573602322752,0.506459475131702,0.865491494514699,1,0,0,1,0,1,1,0,0,0,0,0,0,1,0,0,0,0,0,0,0,0,0,1,0,0,1
8648-PFRMP,1,-0.748079855318371,-0.611929905980099,-0.710436680624571,0,0,0,0,1,0,0,0,0,0,0,0,0,0,0,0,0,1,0,1,0,0,1,0,1,0,0
7663-CUXZB,0,1.084336512083,1.62817245024384,1.88923887740391,1,1,0,1,0,1,1,0,0,1,0,1,0,1,0,1,0,1,0,1,0,1,0,0,1,0,0
0258-NOKBL,0,-1.1960038562387,0.852113251166256,-0.888904867925862,1,0,0,1,0,0,1,0,0,0,0,1,0,1,0,0,0,0,0,1,0,0,0,0,1,0,0
1163-VIPRI,0,1.32865869440318,1.48027251722905,2.23195960418681,0,1,1,1,0,1,1,0,0,1,0,0,0,1,0,1,0,1,0,1,0,1,0,0,1,0,0
2815-CPTUL,1,-1.11456312879864,0.182409060099308,-0.860892978045177,1,0,0,1,0,0,1,0,0,0,0,0,0,0,0,0,0,0,0,0,0,0,1,0,0,1,1
9348-ROUAI,0,1.084336512083,0.848789657165923,1.28564776873767,0,1,1,1,0,1,0,0,0,1,0,1,0,1,0,1,0,1,0,1,0,1,0,1,0,0,0
9443-JUBUO,0,1.61370124044339,0.0162293600826957,0.969901454432461,1,1,1,0,1,0,0,0,0,1,0,1,0,1,0,1,0,1,0,1,0,1,1,1,0,0,0
0596-BQCEQ,0,1.20649760324309,1.17616366619865,1.76652958201641,0,1,1,1,0,0,1,0,0,0,0,1,0,1,0,0,0,1,0,1,0,0,1,0,1,0,1
1481-ZUWZA,0,-0.177994763237946,0.988380605179878,0.166651130659221,1,0,0,1,0,1,1,0,0,1,0,1,0,0,0,0,0,0,0,1,0,0,1,1,0,0,1
3043-TYBNO,0,-1.1960038562387,-0.136655963932588,-0.920492743748761,1,0,0,1,0,0,0,0,0,0,0,0,0,0,0,1,0,0,0,1,0,0,0,0,0,1,0
4830-FAXFM,0,-0.544478036718219,-1.35142957105402,-0.813522201304476,1,0,1,1,0,1,0,1,1,0,1,0,1,0,1,0,1,0,1,0,0,0,1,1,0,0,0
5906-BFOZT,0,-1.27744458367877,-1.50431489506931,-0.998811250680731,1,0,0,1,0,0,0,1,1,0,1,0,1,0,1,0,1,0,1,0,0,0,1,0,0,1,0
2960-NKRSO,0,-0.340876218118068,0.704213318151471,-0.0771560590430364,1,0,0,1,0,0,1,0,0,0,0,1,0,1,0,1,0,0,0,0,0,0,1,0,1,0,0
8996-ZROXE,1,1.00289578464293,-0.374292934956343,0.332824107035734,1,0,0,1,0,0,0,0,0,0,0,0,0,1,0,1,0,0,0,0,1,0,1,0,1,0,0
5598-IKHQQ,0,1.61370124044339,-1.30656105204954,-0.183420233893798,0,0,0,1,0,1,0,1,1,0,1,0,1,0,1,0,1,0,1,0,0,1,0,1,0,0,0
0397-ZXWQF,0,1.41009942184324,-1.47107895506598,-0.375684663256103,1,0,0,1,0,0,0,1,1,0,1,0,1,0,1,0,1,0,1,0,0,1,0,0,0,0,0
5266-PFRQK,0,0.799293966042782,-1.45944637606482,-0.534330409964127,1,1,1,1,0,0,0,1,1,0,1,0,1,0,1,0,1,0,1,0,1,0,1,1,0,0,0
4674-HGNUA,0,1.57298087672336,0.835495281164595,1.84328083585025,1,1,1,1,0,1,0,0,0,1,0,1,0,1,0,1,0,1,0,1,0,1,0,1,0,0,0
6765-MBQNU,0,-0.259435490678007,-1.28828128504771,-0.705425885508011,0,1,0,1,0,1,0,1,1,0,1,0,1,0,1,0,1,0,1,0,1,0,0,0,0,1,0
9786-IJYDL,0,0.107047782802266,1.60989268324201,0.7205536939185,0,0,0,1,0,1,1,0,0,1,0,1,0,1,0,1,0,1,0,1,0,1,1,0,0,1,0
1303-SRDOK,0,0.921455057202873,0.142525932095321,0.689009966070195,0,1,1,1,0,0,1,0,0,0,0,0,0,0,0,0,0,0,0,0,0,1,1,1,0,0,0
3769-MHZNV,0,0.0256070553622056,-1.48437333106731,-0.71147415802756,0,1,1,1,0,0,0,1,1,0,1,0,1,0,1,0,1,0,1,0,0,1,0,0,0,1,0
6295-OSINB,0,1.61370124044339,1.49190509623021,2.47155066231523,1,1,0,1,0,1,1,0,0,1,0,1,0,1,0,0,0,1,0,1,0,1,1,0,1,0,0
3308-MHOOC,0,-1.27744458367877,-1.5142856770703,-0.998943694604517,1,0,1,1,0,0,0,1,1,0,1,0,1,0,1,0,1,0,1,0,0,0,1,0,0,1,0
2309-OSFEU,0,-0.910961310198492,-1.02571735902146,-0.875660475547287,1,0,0,0,1,0,0,0,0,0,0,0,0,0,0,0,0,0,0,1,0,0,1,0,0,1,1
2207-QPJED,1,0.188488510242327,0.838818875164927,0.48113922768847,0,1,0,1,0,0,1,0,0,0,0,0,0,1,0,1,0,1,0,0,0,0,0,0,1,0,0
4177-JPDFU,0,-0.829520582758432,-1.02239376502113,-0.81208739213013,1,0,0,0,1,0,0,0,0,0,0,1,0,0,0,1,0,0,0,0,0,0,0,0,0,1,0
2239-CFOUJ,0,-1.27744458367877,-1.47440254906632,-0.998413918909374,1,1,1,1,0,0,0,1,1,0,1,0,1,0,1,0,1,0,1,0,1,0,0,0,0,1,0
8046-DNVTL,0,1.20649760324309,-0.869508441005848,0.0280927123920348,1,1,0,0,1,0,0,0,0,1,0,1,0,0,0,1,0,0,0,0,0,1,1,1,0,0,0
2209-XADXF,0,-1.27744458367877,-1.3132082400502,-0.996272742141505,0,0,0,0,1,0,0,0,0,0,0,0,0,0,0,0,0,0,0,0,0,0,0,0,0,0,0
6620-JDYNW,0,-0.58519840043825,-0.138317760932754,-0.496915001494655,0,0,0,1,0,1,0,0,0,1,0,0,0,1,0,0,0,0,0,0,0,0,1,0,0,1,0
1891-FZYSA,1,1.4915401492833,0.837157078164761,1.70465619562117,1,1,0,1,0,1,1,0,0,0,0,1,0,0,0,0,0,1,0,0,0,0,1,0,1,0,1
4770-UEZOX,0,-1.23672421995873,0.331970790114259,-0.943493838512886,1,0,0,1,0,0,1,0,0,0,0,1,0,0,0,0,0,0,0,0,0,0,1,0,1,0,0
1038-RQOST,0,-0.544478036718219,-1.46775536106565,-0.824228085143823,1,1,1,1,0,0,0,1,1,0,1,0,1,0,1,0,1,0,1,0,0,0,0,0,0,1,0
7613-LLQFO,0,-0.829520582758432,0.654359408146487,-0.539650240902855,1,0,0,1,0,1,1,0,0,0,0,0,0,0,0,0,0,1,0,0,0,0,1,0,1,0,1
4568-TTZRT,0,-0.951681673918523,-1.47440254906632,-0.927159087912644,1,0,0,1,0,0,0,1,1,0,1,0,1,0,1,0,1,0,1,0,0,0,0,0,0,1,0
9513-DXHDA,0,-0.218715126957977,0.56296057313735,-0.030624093819645,1,0,0,1,0,0,0,0,0,1,0,0,0,1,0,1,0,1,0,1,1,0,0,0,1,0,0
2640-PMGFL,0,-0.218715126957977,0.489841505130041,-0.0447514456901244,1,0,1,1,0,1,1,0,0,0,0,0,0,0,0,1,0,0,0,0,0,0,1,0,1,0,1
3801-HMYNL,0,-1.27744458367877,0.810568326162103,-0.968062186375141,1,1,1,1,0,0,1,0,0,0,0,0,0,0,0,0,0,1,0,1,0,0,0,0,0,1,1
0516-QREYC,1,-0.340876218118068,-1.47772614306665,-0.804361496575962,0,0,0,1,0,0,0,1,1,0,1,0,1,0,1,0,1,0,1,0,0,0,1,0,0,1,0
9685-WKZGT,1,-0.748079855318371,0.338617978114924,-0.549715979110571,1,0,0,1,0,1,1,0,0,0,0,0,0,0,0,0,0,0,0,0,0,0,1,0,1,0,1
6022-UGGSO,1,-0.0151133083578247,0.320338211113097,-0.00219279818030545,0,0,0,1,0,0,1,0,0,0,0,1,0,0,0,0,0,0,0,0,0,0,1,0,1,0,1
8084-OIVBS,0,-0.870240946478462,-1.48769692506765,-0.913848473572177,0,0,0,1,0,0,0,1,1,0,1,0,1,0,1,0,1,0,1,0,1,0,0,0,0,1,0
8896-BQTTI,0,-1.27744458367877,-1.32151722505103,-0.996383112077993,1,0,0,1,0,1,0,1,1,0,1,0,1,0,1,0,1,0,1,0,0,0,1,0,0,1,0
3865-QBWSJ,1,0.229208873962357,0.521415648133197,0.388825812809806,1,0,1,1,0,1,1,0,0,1,0,0,0,0,0,0,0,0,0,0,0,0,1,0,0,1,0
3352-RICWQ,0,-0.951681673918523,-1.49600591006848,-0.914422397241915,0,1,1,1,0,0,0,1,1,0,1,0,1,0,1,0,1,0,1,0,0,1,0,0,0,1,0
2160-GPFXD,0,0.880734693482843,0.0295237360840249,0.567205704161906,1,1,1,1,0,1,0,0,0,1,0,1,0,0,0,1,0,0,0,0,0,1,1,1,0,0,0
2065-MMKGR,0,-0.137274399517916,0.2073360151018,-0.0890980861710511,0,0,0,1,0,1,0,0,0,0,0,0,0,0,0,0,0,1,0,1,1,0,1,1,0,0,0
5857-TYBCJ,1,0.473531056282539,0.812230123162269,0.776246363870405,1,1,0,1,0,1,1,0,0,0,0,0,0,1,0,0,0,1,0,0,0,0,1,0,1,0,0
1498-NHTLT,0,1.084336512083,0.730802070154129,1.28209385678276,1,1,1,1,0,0,0,0,0,1,0,1,0,1,0,1,0,1,0,1,0,1,1,0,1,0,0
4484-CGXFK,0,-1.1960038562387,-0.314468242950363,-0.920823853558226,0,0,0,1,0,0,0,0,0,0,0,0,0,0,0,0,0,0,0,1,0,0,1,0,1,0,1
1402-PTHGN,0,-0.58519840043825,-0.108405414929763,-0.52733295599078,0,1,1,1,0,0,0,0,0,1,0,1,0,0,0,1,0,0,0,0,1,0,1,0,0,1,0
4176-RELJR,1,1.41009942184324,-1.3181936310507,-0.269199748532365,1,0,0,1,0,1,0,1,1,0,1,0,1,0,1,0,1,0,1,0,0,1,0,1,0,0,0
6214-EDAKZ,0,-0.422316945558128,-0.319453633950861,-0.474973458120816,0,1,1,1,0,0,0,0,0,0,0,1,0,0,0,1,0,0,0,0,0,0,0,0,1,0,1
5199-FPUSP,0,0.0256070553622056,-1.02073196802096,-0.51563374272304,1,0,1,0,1,0,0,0,0,1,0,0,0,0,0,1,0,0,0,0,1,0,0,1,0,0,0
6377-KSLXC,0,-1.11456312879864,-1.48935872206781,-0.960159698922592,1,0,0,1,0,0,0,1,1,0,1,0,1,0,1,0,1,0,1,0,0,0,0,0,0,1,0
1796-JANOW,0,-1.23672421995873,-1.48935872206781,-0.990577653418718,0,0,0,1,0,0,0,1,1,0,1,0,1,0,1,0,1,0,1,0,0,0,0,0,0,1,0
0238-WHBIQ,0,1.61370124044339,0.82884809316393,1.79125244778975,1,1,1,1,0,1,0,0,0,1,0,1,0,1,0,1,0,1,0,1,0,1,0,1,0,0,0
8735-NBLWT,0,-0.951681673918523,-1.47440254906632,-0.926143684496953,1,0,1,1,0,0,0,1,1,0,1,0,1,0,1,0,1,0,1,0,0,0,0,0,0,1,0
6651-RLGGM,0,1.41009942184324,-1.27831050304671,-0.261804962787661,1,1,1,1,0,1,0,1,1,0,1,0,1,0,1,0,1,0,1,0,0,1,0,0,0,1,0
6127-ISGTU,0,-0.66663912787831,0.670977378148148,-0.398950645867799,0,1,0,1,0,1,1,0,0,0,0,0,0,0,0,0,0,1,0,0,0,0,1,0,1,0,1
1614-JBEBI,0,-0.992402037638553,-1.46443176706532,-0.946672492683744,0,0,0,1,0,0,0,1,1,0,1,0,1,0,1,0,1,0,1,0,0,0,1,0,0,1,0
8740-XLHDR,0,-1.11456312879864,-0.714961319990398,-0.910736041363212,1,0,0,0,1,0,0,0,0,1,0,1,0,1,0,1,0,0,0,0,0,0,1,0,0,1,1
1208-DNHLN,0,-0.381596581838098,-0.545458025973454,-0.536294994833616,1,1,1,1,0,1,0,0,0,0,0,0,0,0,0,0,0,0,0,0,1,0,1,1,0,0,1
1761-AEZZR,0,-1.27744458367877,0.491503302130207,-0.972300391936285,1,0,0,1,0,0,1,0,0,0,0,0,0,0,0,0,0,1,0,0,0,0,1,0,1,0,1
3923-CSIHK,1,0.717853238602722,0.208997812101966,0.513411397117596,0,1,0,1,0,0,1,0,0,0,0,0,0,0,0,0,0,0,0,0,0,0,1,0,1,0,1
5696-EXCYS,0,-0.62591876415828,-1.50597669206947,-0.844492005483042,1,0,0,1,0,0,0,1,1,0,1,0,1,0,1,0,1,0,1,0,0,1,0,1,0,0,0
5795-KTGUD,0,1.45081978556327,1.53012642723403,2.32734130329985,0,1,0,1,0,1,1,0,0,1,0,1,0,1,0,0,0,1,0,1,0,1,1,0,0,0,0
7120-RFMVS,0,-1.27744458367877,0.656021205146653,-0.97011506719382,1,0,0,1,0,1,1,0,0,0,0,0,0,0,0,0,0,1,0,0,0,0,0,0,1,0,1
7924-GJZFI,1,-0.300155854398037,0.150834917096152,-0.206973178340363,0,1,0,1,0,0,1,0,0,0,0,0,0,0,0,0,0,0,0,0,0,0,1,0,1,0,0
4702-HDRKD,0,1.41009942184324,-0.512222085970131,0.458888648492465,1,0,0,0,1,0,0,0,0,1,0,0,0,1,0,1,0,1,0,0,1,0,1,0,0,0,0
8512-WIWYV,0,-0.0151133083578247,-1.47606434606648,-0.695073185465425,1,0,0,1,0,0,0,1,1,0,1,0,1,0,1,0,1,0,1,0,1,0,0,1,0,0,0
5897-ZYEKH,1,1.41009942184324,1.35729953921676,2.13245006944913,0,1,0,1,0,1,1,0,0,1,0,1,0,0,0,0,0,1,0,1,1,0,1,0,1,0,0
5456-ITGIC,1,1.61370124044339,-0.0103593919199622,1.04153154321325,1,1,0,0,1,0,0,0,0,1,0,1,0,1,0,1,0,1,0,1,0,1,1,1,0,0,0
7317-GGVPB,0,1.57298087672336,1.45700735922672,2.38795647241912,1,1,0,1,0,1,1,0,0,0,0,1,0,1,0,1,0,1,0,1,0,1,1,1,0,0,1
1406-PUQVY,0,-1.27744458367877,-0.493942318968304,-0.985390266403776,1,0,1,1,0,0,0,0,0,0,0,1,0,0,0,0,0,0,0,0,0,0,1,0,1,0,0
1322-AGOQM,0,0.5549717837226,-1.14536674303342,-0.398133908337787,1,0,0,0,1,0,0,0,0,0,0,1,0,0,0,0,0,0,0,0,0,0,0,0,0,0,1
3677-IYRBF,1,-1.23672421995873,-1.14204314903309,-0.972697723707642,0,0,0,0,1,0,0,0,0,0,0,0,0,1,0,0,0,0,0,0,0,0,1,0,1,0,1
5692-FPTAH,0,-1.27744458367877,-0.643504048983255,-0.987376925260562,0,0,0,1,0,0,0,0,0,0,0,0,0,0,0,0,0,0,0,0,0,0,1,0,0,1,1
9114-AAFQH,0,0.636412511162661,0.0295237360840249,0.358805190085038,0,1,0,1,0,0,0,0,0,0,0,1,0,1,0,0,0,0,0,1,1,0,1,0,1,0,0
8715-KKTFG,0,1.16577723952306,1.28085687720911,1.87029939630254,0,1,0,1,0,1,1,0,0,0,0,0,0,1,0,1,0,1,0,1,1,0,1,0,0,0,0
1550-LOAHA,0,-0.0151133083578247,0.644388626145491,0.134224443319011,0,1,0,1,0,0,1,0,0,0,0,1,0,0,0,0,0,0,0,1,0,0,0,0,0,0,1
1728-BQDMA,0,-1.23672421995873,-0.675078191986411,-0.970909730736535,0,0,0,1,0,0,0,0,0,0,0,0,0,0,0,0,0,0,0,0,0,0,0,0,1,0,0
0268-QKIWO,0,-1.1960038562387,-1.49600591006848,-0.981439022677501,0,0,0,1,0,0,0,1,1,0,1,0,1,0,1,0,1,0,1,0,0,0,0,0,1,0,1
0876-WDUUZ,0,-1.11456312879864,0.685933551149644,-0.819393881925643,0,0,0,1,0,0,1,0,0,0,0,0,0,0,0,1,0,0,0,1,0,0,1,1,0,0,1
5117-ZSMHQ,0,1.57298087672336,0.835495281164595,1.79275347892599,0,1,1,1,0,1,0,0,0,1,0,1,0,1,0,1,0,1,0,1,0,1,0,0,0,0,0
5151-HQRDG,0,0.188488510242327,-0.322777227951194,-0.110885111633806,1,1,0,1,0,1,0,0,0,1,0,0,0,0,0,0,0,0,0,0,0,0,1,0,0,1,0
0960-HUWBM,0,1.32865869440318,1.30744562921177,1.95051626614211,1,1,1,1,0,1,1,0,0,0,0,0,0,1,0,1,0,1,0,1,0,1,1,0,0,0,0
6465-GSRCL,0,1.41009942184324,1.39053547922008,2.19096820977513,0,0,1,1,0,1,1,0,0,0,0,1,0,0,0,1,0,1,0,1,1,0,1,0,0,0,0
0617-FHSGK,0,0.677132874882691,0.346926963115754,0.616474843810203,1,0,1,1,0,1,1,0,0,0,0,0,0,0,0,0,0,0,0,0,0,0,0,1,0,0,1
0263-FJTQO,0,0.717853238602722,0.190718045100139,0.53186525049841,1,1,1,1,0,1,0,0,0,1,0,0,0,0,0,1,0,1,0,0,0,1,1,1,0,0,0
7319-ZNRTR,0,-0.300155854398037,-1.50099130106898,-0.825905708178443,1,1,1,1,0,0,0,1,1,0,1,0,1,0,1,0,1,0,1,0,1,0,0,0,1,0,0
2858-MOFSQ,0,-0.62591876415828,-0.296188475948535,-0.593532843896355,0,0,1,1,0,1,0,0,0,0,0,0,0,1,0,0,0,0,0,0,1,0,1,0,0,1,1
7503-EPSZW,0,1.28793833068315,-1.35309136805419,-0.319086959824996,0,1,1,1,0,1,0,1,1,0,1,0,1,0,1,0,1,0,1,0,0,1,1,0,0,1,0
7089-XXAYG,0,-0.300155854398037,-0.886126411007509,-0.579008160254518,1,1,0,0,1,0,0,0,0,0,0,0,0,1,0,0,0,1,0,0,1,0,1,1,0,0,0
8118-LSUEL,1,-0.381596581838098,1.38388829121942,0.0889948433461794,1,0,0,1,0,1,1,0,0,0,0,1,0,1,0,0,0,1,0,1,0,0,1,0,1,0,1
8070-AAWZP,1,-0.340876218118068,-1.0140847800203,-0.641786580128961,1,1,0,0,1,0,0,0,0,0,0,0,0,1,0,1,0,0,0,0,0,0,0,0,0,1,0
1666-JXLKU,0,0.188488510242327,1.17284007219832,0.674860540212418,0,0,0,1,0,1,1,0,0,0,0,0,0,1,0,0,0,1,0,1,0,0,1,0,1,0,0
7855-DIWPO,0,-0.463037309278159,0.129231556093992,-0.348202549070562,0,0,0,1,0,0,1,0,0,0,0,0,0,0,0,0,0,0,0,0,0,0,1,0,1,0,0
5133-POWUA,0,-1.27744458367877,-0.630209672981926,-0.987200333362181,1,0,0,1,0,0,0,0,0,0,0,0,0,0,0,0,0,0,0,0,0,0,1,0,0,1,0
5652-MSDEY,0,-0.910961310198492,0.365206730117582,-0.664257899197942,0,0,0,1,0,1,1,0,0,0,0,0,0,0,0,0,0,0,0,0,0,0,1,0,0,1,0
7005-CCBKV,0,-1.07384276507861,0.652697611146321,-0.761802849066143,1,0,0,1,0,0,1,0,0,0,0,1,0,0,0,0,0,0,0,1,0,0,1,0,1,0,1
1810-BOHSY,0,0.758573602322752,1.05152889118619,1.16070900063312,1,1,0,1,0,1,1,0,0,1,0,1,0,0,0,0,0,0,0,1,1,0,1,1,0,0,0
1784-BXEFA,0,-0.910961310198492,-1.46941715806582,-0.924708875322608,0,0,0,1,0,0,0,1,1,0,1,0,1,0,1,0,1,0,1,0,0,0,1,0,0,1,0
7351-MHQVU,0,-1.07384276507861,-0.459044581964815,-0.871620935871822,0,0,0,0,1,0,0,0,0,1,0,1,0,0,0,1,0,0,0,1,0,0,0,1,0,0,0
9224-VTYID,0,0.595692147442631,0.855436845166588,0.899043955207087,1,1,1,1,0,1,0,0,0,1,0,1,0,1,0,1,0,1,0,1,0,1,1,0,0,1,0
9500-IWPXQ,0,1.16577723952306,0.486517911129709,1.12075508362442,0,1,1,1,0,1,0,0,0,1,0,1,0,1,0,1,0,0,0,1,1,0,1,0,1,0,0
5762-TJXGK,0,0.799293966042782,-0.1998042499389,0.334038176337103,0,0,0,0,1,0,0,0,0,1,0,1,0,1,0,0,0,1,0,1,0,1,1,0,0,0,0
4504-YOULA,0,0.107047782802266,-0.176539091936574,-0.0640220366009502,0,1,1,1,0,1,0,0,0,1,0,1,0,0,0,0,0,0,0,0,0,0,1,1,0,0,0
5569-IDSEY,0,1.57298087672336,1.36062313321709,2.29138277799202,1,1,0,1,0,1,1,0,0,0,0,1,0,1,0,0,0,1,0,1,1,0,1,0,0,0,0
4250-FDVOU,0,-1.07384276507861,-0.282894099947206,-0.835640336576695,0,0,0,1,0,0,0,0,0,1,0,1,0,0,0,0,0,0,0,0,0,0,0,0,1,0,1
7284-ZZLOH,0,0.51425142000257,-0.380940122957008,0.00632776091657749,1,1,0,1,0,0,0,0,0,1,0,0,0,1,0,0,0,0,0,0,0,1,0,1,0,0,0
5277-ZLOOR,1,-1.23672421995873,0.690918942150142,-0.924664727348013,0,0,0,1,0,1,1,0,0,0,0,0,0,0,0,0,0,1,0,0,0,0,1,0,1,0,1
2141-RRYGO,0,-1.15528349251868,0.129231556093992,-0.892083522096719,0,0,0,1,0,0,0,0,0,0,0,1,0,0,0,0,0,1,0,1,0,0,1,0,0,0,1
1777-JYQPJ,0,-1.23672421995873,-1.34478238305336,-0.990445209494932,1,0,0,0,1,0,0,0,0,0,0,0,0,0,0,0,0,0,0,0,0,0,0,0,0,1,0
6376-GAHQE,0,-1.15528349251868,0.435002204124559,-0.875329365737823,1,0,0,1,0,0,1,0,0,0,0,0,0,0,0,0,0,1,0,0,0,0,0,0,1,0,1
3401-URHDA,0,0.758573602322752,-0.16158291893508,0.336267649054163,1,0,0,1,0,1,0,0,0,1,0,0,0,0,0,1,0,0,0,0,1,0,0,1,0,0,0
1599-EAHXY,0,1.12505687580303,-1.35641496205452,-0.342375016423989,1,1,1,1,0,1,0,1,1,0,1,0,1,0,1,0,1,0,1,0,1,0,0,1,0,0,0
8631-XVRZL,0,-0.951681673918523,-1.48271153406715,-0.935149871314384,1,0,0,1,0,0,0,1,1,0,1,0,1,0,1,0,1,0,1,0,1,0,1,0,0,1,0
5052-PNLOS,0,-1.1960038562387,1.34899055421593,-0.864711777847666,1,0,0,1,0,1,1,0,0,0,0,1,0,1,0,0,0,1,0,1,0,0,1,0,0,0,1
3853-LYGAM,0,-0.62591876415828,1.0266019361837,-0.283393322364738,1,0,0,1,0,1,1,0,0,0,0,0,0,1,0,1,0,0,0,1,0,0,1,0,0,0,0
6979-ZNSFF,0,-0.992402037638553,0.740772852155125,-0.67096839133642,0,0,0,1,0,1,1,0,0,0,0,0,0,0,0,0,0,1,0,0,0,0,1,0,1,0,1
5751-USDBL,0,0.5549717837226,0.539695415135025,0.690665515117517,1,1,1,1,0,0,0,0,0,1,0,0,0,1,0,1,0,1,0,1,0,1,0,0,0,1,0
5680-LQOGP,0,1.45081978556327,0.587887528139842,1.48543942776847,0,0,0,1,0,0,0,0,0,1,0,1,0,1,0,1,0,1,0,1,0,1,1,1,0,0,0
2386-LAHRK,0,-1.27744458367877,-0.374292934956343,-0.983800939318347,1,0,0,1,0,0,0,0,0,0,0,0,0,0,0,0,0,1,0,0,0,0,1,0,0,1,1
8189-DUKMV,0,-1.15528349251868,-1.47107895506598,-0.972521131809261,0,1,0,1,0,0,0,1,1,0,1,0,1,0,1,0,1,0,1,0,1,0,0,0,0,0,0
6032-IGALN,0,-1.27744458367877,-1.3181936310507,-0.996338964103398,0,0,0,0,1,0,0,0,0,0,0,0,0,0,0,0,0,0,0,0,0,0,1,0,0,1,1
9931-DCEZH,0,-0.177994763237946,-0.344380588953353,-0.337871923015274,1,0,1,1,0,0,0,0,0,0,0,1,0,0,0,1,0,0,0,0,1,0,1,1,0,0,0
1898-JSNDC,0,0.269929237682388,-0.204789640939399,-0.025348410855513,0,0,0,1,0,0,0,0,0,0,0,1,0,0,0,0,0,1,0,0,1,0,1,1,0,0,0
0315-LVCRK,0,-0.870240946478462,0.66599198714765,-0.615054981511538,1,0,0,1,0,0,1,0,0,0,0,0,0,1,0,0,0,0,0,1,0,0,0,0,1,0,0
3911-RSNHI,0,1.57298087672336,-0.111729008930096,0.895512117239468,0,1,0,0,1,0,0,0,0,0,0,1,0,1,0,1,0,1,0,1,0,1,1,1,0,0,0
2410-CIYFZ,0,-1.23672421995873,-1.47440254906632,-0.988480624625443,1,0,1,1,0,0,0,1,1,0,1,0,1,0,1,0,1,0,1,0,0,0,0,0,0,1,0
4248-HCETZ,1,-0.0965540357978854,0.494826896130539,0.0367457154127034,1,1,0,1,0,0,1,0,0,0,0,1,0,1,0,0,0,0,0,0,0,0,1,0,0,1,1
5505-OVWQW,0,-0.62591876415828,-1.48271153406715,-0.85129079357071,0,0,0,1,0,0,0,1,1,0,1,0,1,0,1,0,1,0,1,0,1,0,0,0,0,1,0
7271-AJDTL,0,0.921455057202873,0.986718808179712,1.23225079346472,0,1,0,1,0,1,1,0,0,0,0,1,0,1,0,0,0,1,0,0,0,0,1,1,0,0,0
1867-TJHTS,0,1.04361614836296,0.499812287131037,0.99109248223818,0,0,0,1,0,1,1,0,0,1,0,0,0,0,0,0,0,0,0,0,0,0,1,0,0,0,0
0516-WJVXC,0,-1.11456312879864,-0.351027776954017,-0.871333974036953,0,0,0,1,0,0,0,0,0,1,0,0,0,0,0,1,0,0,0,0,0,0,0,0,1,0,1
9174-FKWZE,1,-1.27744458367877,-1.50597669206947,-0.998833324668029,0,0,0,1,0,0,0,1,1,0,1,0,1,0,1,0,1,0,1,0,0,0,1,0,1,0,1
6860-YRJZP,1,-0.951681673918523,0.308705632111933,-0.707898172085345,1,0,0,1,0,1,1,0,0,0,0,0,0,0,0,0,0,0,0,0,0,0,1,0,1,0,0
4429-WYGFR,0,-0.259435490678007,-0.518869273970796,-0.461177216059801,1,0,0,1,0,0,0,0,0,0,0,0,0,0,0,1,0,0,0,0,0,0,0,0,0,0,0
2817-LVCPP,0,0.717853238602722,-1.50763848906964,-0.555366919858763,0,0,0,1,0,0,0,1,1,0,1,0,1,0,1,0,1,0,1,0,0,1,0,1,0,0,0
5038-ETMLM,0,1.61370124044339,1.6248488562435,2.60509828546585,0,1,0,1,0,1,1,0,0,1,0,1,0,1,0,1,0,1,0,1,0,1,1,0,0,0,0
5056-FIMPT,0,0.432810692562509,1.37059391521809,0.99349854685362,0,0,1,1,0,0,1,0,0,1,0,1,0,0,0,1,0,1,0,1,1,0,1,1,0,0,0
4521-WFJAI,0,0.962175420922904,-1.28994308204788,-0.369901278584126,1,0,0,1,0,1,0,1,1,0,1,0,1,0,1,0,1,0,1,0,0,1,1,0,0,0,0
6569-KTMDU,0,-1.27744458367877,-1.51760927107064,-0.998987842579112,0,0,0,1,0,0,0,1,1,0,1,0,1,0,1,0,1,0,1,0,0,0,0,0,0,1,0
8809-RIHDD,0,1.61370124044339,1.28418047120945,2.24745554326975,1,1,1,1,0,1,1,0,0,0,0,1,0,1,0,0,0,1,0,1,0,1,1,0,1,0,1
8809-XKHMD,0,1.61370124044339,1.18945804219998,2.22646318134971,1,1,0,1,0,1,1,0,0,1,0,1,0,0,0,1,0,0,0,1,0,1,1,0,0,0,0
0396-YCHWO,0,0.147768146522297,1.01829295118287,0.526368827661301,1,1,0,1,0,1,1,0,0,0,0,0,0,0,0,0,0,1,0,1,0,0,1,0,1,0,0
0867-LDTTC,0,-1.11456312879864,0.345265166115588,-0.834073083478563,1,0,0,1,0,0,0,0,0,0,0,0,0,1,0,1,0,1,0,1,0,0,0,0,0,0,0
4822-NGOCH,0,-0.788800219038401,0.654359408146487,-0.540069646661509,0,0,0,1,0,1,1,0,0,0,0,1,0,1,0,0,0,0,0,0,0,0,1,0,1,0,1
9391-DXGGG,1,0.473531056282539,0.810568326162103,0.754415190433055,0,0,0,1,0,0,1,0,0,0,0,1,0,1,0,0,0,0,0,1,1,0,0,1,0,0,0
9844-FELAJ,1,1.53226051300333,1.4337422012244,2.29301625305204,0,1,1,1,0,1,1,0,0,0,0,1,0,1,0,1,0,1,0,1,1,0,1,0,1,0,0
2122-SZZZD,0,0.473531056282539,-1.50431489506931,-0.638563777983508,1,0,0,1,0,0,0,1,1,0,1,0,1,0,1,0,1,0,1,0,1,0,0,1,0,0,0
5307-DZCVC,1,-0.0151133083578247,0.704213318151471,0.153053554483884,0,1,0,1,0,1,1,0,0,0,0,0,0,0,0,0,0,1,0,0,0,0,1,1,0,0,1
3148-AOIQT,0,1.4915401492833,-1.3231790220512,-0.248803384269361,0,1,0,1,0,1,0,1,1,0,1,0,1,0,1,0,1,0,1,0,0,1,1,1,0,0,0
8679-JOEVF,1,-0.66663912787831,-0.178200888936741,-0.55538899384606,0,0,0,1,0,0,0,0,0,0,0,0,0,0,0,1,0,1,0,0,0,0,0,0,1,0,1
8395-ETZKQ,1,1.45081978556327,-1.50431489506931,-0.480491954945222,1,1,1,1,0,0,0,1,1,0,1,0,1,0,1,0,1,0,1,0,1,0,0,0,0,0,0
6692-YQHXC,0,-0.66663912787831,0.172438278098311,-0.47521627198109,1,0,0,1,0,0,1,0,0,0,0,0,0,0,0,0,0,0,0,0,0,0,1,1,0,0,0
3889-VWBID,0,1.45081978556327,0.601181904141171,1.5427655727804,1,1,1,1,0,0,0,0,0,1,0,1,0,0,0,1,0,1,0,1,0,1,0,0,0,0,0
5222-JCXZT,0,-1.15528349251868,-1.52093286507097,-0.972587353771154,1,0,0,1,0,0,0,1,1,0,1,0,1,0,1,0,1,0,1,0,0,0,0,0,0,1,0
9754-CLVZW,0,-0.259435490678007,-0.861199456005017,-0.55483714416362,0,1,1,0,1,0,0,0,0,1,0,1,0,0,0,1,0,0,0,0,0,0,0,1,0,0,0
1432-FPAXX,0,-0.137274399517916,-1.13539596103243,-0.629358925280398,0,0,0,0,1,0,0,0,0,0,0,1,0,0,0,0,0,0,0,0,0,0,1,0,1,0,1
2739-CCZMB,0,-1.11456312879864,-1.47606434606648,-0.953559576720602,1,0,1,1,0,0,0,1,1,0,1,0,1,0,1,0,1,0,1,0,0,0,0,1,0,0,0
7080-TNUWP,0,1.53226051300333,1.00499857518154,1.90762650882283,1,1,0,1,0,1,1,0,0,0,0,1,0,1,0,0,0,1,0,0,1,0,1,0,0,0,0
0496-AHOOK,0,-0.340876218118068,0.320338211113097,-0.251209448884802,1,1,0,1,0,0,0,0,0,1,0,0,0,0,0,1,0,1,0,1,1,0,0,0,0,0,0
8336-TAVKX,1,1.61370124044339,0.454943768126552,1.50117818071168,0,1,0,1,0,1,0,0,0,1,0,1,0,1,0,1,0,0,0,1,0,1,0,0,0,0,0
2468-SJFLM,0,-1.27744458367877,0.317014617112764,-0.974618160602535,1,0,0,1,0,0,1,0,0,0,0,0,0,0,0,1,0,0,0,0,0,0,1,0,0,1,0
3181-VTHOE,0,1.53226051300333,-0.455720987964483,0.597424992772353,1,1,0,0,1,0,0,0,0,0,0,1,0,1,0,1,0,0,0,1,1,0,1,0,0,0,0
7168-HDQHG,0,0.147768146522297,-1.5142856770703,-0.697103992296807,0,1,1,1,0,0,0,1,1,0,1,0,1,0,1,0,1,0,1,0,0,0,0,0,0,0,0
4803-AXVYP,1,0.229208873962357,1.15622210219666,0.641175635596244,0,0,0,1,0,1,1,0,0,0,0,0,0,0,0,1,0,1,0,1,0,0,1,0,1,0,1
3884-HCSWG,0,-0.62591876415828,0.174100075098477,-0.502146536484191,0,0,0,1,0,0,1,0,0,0,0,0,0,0,0,0,0,0,0,0,0,0,1,0,1,0,1
4567-AKPIA,0,0.351369965122448,1.47362532922839,0.959041052682029,0,1,1,1,0,1,1,0,0,0,0,1,0,1,0,1,0,1,0,1,1,0,1,0,0,0,0
5077-DXTCG,0,-1.27744458367877,-0.646827642983588,-0.987421073235157,0,0,0,1,0,0,0,0,0,0,0,0,0,0,0,0,0,0,0,0,0,0,1,0,1,0,1
1142-WACZW,0,-1.23672421995873,-1.16032291603492,-0.974044236932797,1,0,0,0,1,0,0,0,0,0,0,0,0,0,0,1,0,0,0,0,0,0,0,0,0,0,1
7901-HXJVA,0,-0.748079855318371,0.388471888119907,-0.514044415637611,1,0,0,1,0,0,1,0,0,0,0,0,0,1,0,0,0,0,0,0,0,0,0,0,1,0,0
5649-ANRML,1,-1.23672421995873,1.00832216918187,-0.92784338151887,1,0,0,1,0,0,1,0,0,0,0,1,0,1,0,1,0,0,0,1,0,0,1,1,0,0,1
4892-VLANZ,0,-1.27744458367877,-1.49434411306831,-0.998678806756946,1,0,0,1,0,0,0,1,1,0,1,0,1,0,1,0,1,0,1,0,0,0,0,0,0,1,1
5924-IFQTT,0,-0.788800219038401,0.26716070710778,-0.596821868003701,1,1,1,1,0,1,0,0,0,0,0,1,0,1,0,1,0,1,0,0,0,0,1,0,1,0,0
7968-QUXNS,0,-1.07384276507861,-1.52259466207113,-0.958791111710139,1,0,0,1,0,0,0,1,1,0,1,0,1,0,1,0,1,0,1,0,0,0,0,0,0,1,0
2919-HBCJO,0,-1.15528349251868,0.395119076120572,-0.860142462477058,0,0,0,1,0,0,1,0,0,0,0,1,0,0,0,0,0,0,0,0,0,0,1,0,0,0,1
4236-XPXAV,0,-1.11456312879864,1.14292772619533,-0.802109949871604,0,1,1,1,0,0,1,0,0,0,0,1,0,0,0,1,0,1,0,1,0,0,1,0,0,1,1
8903-WMRNW,0,-0.707359491598341,1.22934117020397,-0.270413817833735,0,1,0,1,0,0,1,0,0,1,0,0,0,1,0,0,0,1,0,1,0,0,0,0,1,0,0
2452-SNHFZ,0,0.595692147442631,0.355235948116585,0.557669741649332,0,0,0,1,0,0,1,0,0,1,0,0,0,0,0,0,0,0,0,0,0,0,0,1,0,0,0
3629-WEAAM,0,-0.992402037638553,-0.0219919709211253,-0.784892239779457,0,0,0,1,0,0,0,0,0,0,0,0,0,1,0,1,0,0,0,1,0,0,0,0,0,1,0
6029-CSMJE,0,-0.62591876415828,-1.29991386404887,-0.813080721558523,1,0,0,0,1,0,0,0,0,0,0,0,0,0,0,0,0,0,0,0,0,0,1,0,0,1,0
7993-NQLJE,0,-0.707359491598341,0.343603369115422,-0.499034104275226,1,1,1,1,0,0,1,0,0,1,0,0,0,0,0,0,0,0,0,0,0,0,0,0,0,1,0
9909-DFRJA,0,-0.259435490678007,1.03324912418436,0.0853967834166666,0,0,0,1,0,0,1,0,0,1,0,0,0,1,0,1,0,0,0,1,1,0,1,0,0,0,0
9099-FTUHS,0,-0.381596581838098,-0.344380588953353,-0.455901533095669,0,0,0,1,0,1,0,0,0,1,0,0,0,0,0,0,0,0,0,0,0,0,0,0,1,0,0
0581-BXBUB,1,-1.15528349251868,0.265498910107614,-0.867139916450404,0,0,0,1,0,0,1,0,0,0,0,1,0,0,0,0,0,0,0,0,0,0,0,0,1,0,0
4962-CHQPW,0,-0.137274399517916,-1.49268231606814,-0.77120636765493,1,0,1,1,0,0,0,1,1,0,1,0,1,0,1,0,1,0,1,0,1,0,0,0,0,1,0
9467-ROOLM,0,-0.300155854398037,-1.5192710680708,-0.803765498918926,0,0,0,1,0,0,0,1,1,0,1,0,1,0,1,0,1,0,1,0,0,0,0,0,0,1,0
3030-YZADT,0,-0.951681673918523,-0.65846022198475,-0.817142335221286,1,0,0,1,0,0,0,0,0,0,0,0,0,0,0,0,0,0,0,0,0,0,0,0,0,1,1
7410-KTVFV,0,-0.58519840043825,-0.505574897969467,-0.619646370869444,1,1,0,1,0,0,0,0,0,0,0,0,0,1,0,0,0,0,0,0,0,0,1,0,0,1,1
5150-ITWWB,1,-1.1960038562387,1.00001318418104,-0.85919328102326,1,0,0,1,0,1,1,0,0,0,0,0,0,0,0,0,0,1,0,1,0,0,1,0,1,0,0
2253-KPMNB,0,1.4915401492833,-0.615253499980431,0.370614773289267,0,1,1,0,1,0,0,0,0,1,0,1,0,1,0,1,0,0,0,0,0,1,0,0,0,0,0
1345-ZUKID,0,-0.748079855318371,-1.50930028606981,-0.864027484241439,1,0,0,1,0,0,0,1,1,0,1,0,1,0,1,0,1,0,1,0,1,0,0,0,0,1,0
6429-SHBCB,0,-0.544478036718219,0.160805699097148,-0.391754526008774,1,0,0,1,0,1,0,0,0,0,0,0,0,0,0,0,0,1,0,1,0,0,0,0,0,1,0
9281-OFDMF,1,0.269929237682388,0.862084033167252,0.499460637145498,1,0,0,1,0,1,1,0,0,0,0,1,0,0,0,0,0,0,0,1,0,0,0,0,1,0,0
2603-HVKCG,0,-0.0558336720778551,1.2177085912028,0.380437697636709,1,0,0,1,0,0,1,0,0,0,0,1,0,1,0,0,0,1,0,1,0,0,1,0,1,0,0
1834-WULEG,0,-0.340876218118068,-1.47938794006682,-0.813279387444202,1,1,1,1,0,0,0,1,1,0,1,0,1,0,1,0,1,0,1,0,1,0,0,0,0,1,0
9097-ZUBYC,0,-0.748079855318371,-0.530501852971959,-0.714100962515977,1,1,0,1,0,0,0,0,0,0,0,0,0,0,0,1,0,0,0,0,0,0,0,0,0,0,0
5148-ORICT,0,1.28793833068315,0.31867641411293,1.09382481912132,0,1,0,1,0,0,0,0,0,1,0,1,0,1,0,1,0,0,0,1,0,1,1,0,0,1,0
4893-GYUJU,0,0.717853238602722,-1.50930028606981,-0.551371528157893,0,0,0,1,0,0,0,1,1,0,1,0,1,0,1,0,1,0,1,0,1,0,1,0,0,1,0
4578-PHJYZ,0,0.799293966042782,0.132555150094324,0.53018762746379,1,1,1,1,0,0,0,0,0,0,0,1,0,1,0,1,0,1,0,0,1,0,1,0,1,0,0
7272-QDCKA,0,-0.177994763237946,1.17782546319882,0.17947611727914,1,0,0,1,0,1,1,0,0,0,0,1,0,0,0,0,0,1,0,1,1,0,0,0,1,0,0
8908-SLFCJ,0,-0.463037309278159,-1.45944637606482,-0.815266046300988,0,0,0,1,0,0,0,1,1,0,1,0,1,0,1,0,1,0,1,0,0,1,1,1,0,0,0
8393-DLHGA,0,-0.300155854398037,1.03491092118453,0.0736534221743307,1,0,1,1,0,0,1,0,0,0,0,1,0,0,0,0,0,1,0,1,0,0,1,0,1,0,1
9766-HGEDE,0,-0.62591876415828,-1.50930028606981,-0.871885823719393,0,1,0,1,0,0,0,1,1,0,1,0,1,0,1,0,1,0,1,0,1,0,0,0,0,1,0
6968-MHOMU,0,1.04361614836296,-0.656798424984584,0.179873449050497,1,1,0,0,1,0,0,0,0,0,0,0,0,0,0,0,0,1,0,1,1,0,1,1,0,0,0
7395-IGJOS,1,-0.62591876415828,0.556313385136686,-0.420605227406768,1,1,0,1,0,0,1,0,0,0,0,0,0,0,0,0,0,0,0,1,0,0,0,0,0,0,1
5044-XDPYX,0,0.758573602322752,-1.30489925504937,-0.44177418122519,0,1,0,1,0,1,0,1,1,0,1,0,1,0,1,0,1,0,1,0,0,1,0,0,0,1,0
1814-WFGVS,0,1.61370124044339,-0.527178258971627,0.549678958247592,1,1,1,0,1,0,0,0,0,1,0,0,0,1,0,1,0,1,0,0,0,1,0,0,0,1,0
2834-SPCJV,0,0.799293966042782,0.642726829145324,0.912420791509447,1,1,0,1,0,0,1,0,0,1,0,0,0,0,0,0,0,1,0,0,0,0,0,0,1,0,1
3721-WKIIL,0,-0.218715126957977,-1.50099130106898,-0.759683746285571,0,0,0,1,0,0,0,1,1,0,1,0,1,0,1,0,1,0,1,0,0,1,1,0,0,1,0
6734-CKRSM,0,-1.1960038562387,-1.48769692506765,-0.979341993884227,0,0,0,1,0,0,0,1,1,0,1,0,1,0,1,0,1,0,1,0,0,0,0,0,0,1,0
1265-ZFOSD,0,1.28793833068315,0.549666197136021,1.25706195518725,0,1,0,1,0,1,0,0,0,1,0,1,0,1,0,1,0,0,0,1,0,1,1,0,0,1,0
6568-POCUI,0,0.51425142000257,1.0116457631822,0.884673789476334,0,1,0,1,0,0,1,0,0,0,0,0,0,0,0,1,0,1,0,1,0,1,1,1,0,0,0
7890-VYYWG,1,-1.1960038562387,-0.940965712012991,-0.966053453531057,1,1,0,0,1,0,0,0,0,0,0,0,0,0,0,0,0,1,0,0,0,0,1,0,0,1,1
5197-LQXXH,0,1.57298087672336,0.616138077142666,1.59488225679009,0,1,0,1,0,1,0,0,0,0,0,1,0,1,0,1,0,1,0,1,0,1,1,1,0,0,0
9907-SWKKF,1,-1.27744458367877,-1.31985542805087,-0.996361038090695,0,0,0,0,1,0,0,0,0,0,0,0,0,0,0,0,0,0,0,0,0,0,0,0,0,1,1
3457-PQBYH,0,1.04361614836296,-1.47772614306665,-0.494972490612464,0,1,1,1,0,0,0,1,1,0,1,0,1,0,1,0,1,0,1,0,0,1,0,1,0,0,0
7682-AZNDK,0,0.066327419082236,0.833833484164428,0.357524898821775,1,1,1,1,0,0,1,0,0,0,0,1,0,1,0,0,0,1,0,0,0,0,1,0,1,0,0
0587-DMGBH,0,-0.992402037638553,-0.49560411596847,-0.846037184593876,0,0,0,1,0,0,0,0,0,1,0,0,0,0,0,0,0,0,0,0,0,0,1,0,1,0,1
5384-ZTTWP,0,-0.707359491598341,-1.49434411306831,-0.886918209069075,0,1,1,1,0,0,0,1,1,0,1,0,1,0,1,0,1,0,1,0,0,0,0,0,0,1,0
3745-HRPHI,0,1.36937905812321,-0.336071603952522,0.596034331572603,1,1,1,0,1,0,0,0,0,0,0,0,0,1,0,1,0,1,0,1,0,1,0,0,0,0,0
7636-OWBPG,1,-0.829520582758432,-1.17694088603658,-0.839128026569719,1,0,0,0,1,0,0,0,0,0,0,1,0,0,0,0,0,0,0,0,0,0,1,1,0,0,0
1231-YNDEK,0,1.04361614836296,-1.51594747407047,-0.550267828793012,1,0,0,1,0,0,0,1,1,0,1,0,1,0,1,0,1,0,1,0,0,1,1,0,0,0,0
1407-DIGZV,0,-1.1960038562387,-1.51760927107064,-0.984463158937276,0,1,1,1,0,0,0,1,1,0,1,0,1,0,1,0,1,0,1,0,0,1,0,0,0,1,0
6397-JNZZG,1,0.432810692562509,-0.306159257949532,0.0266137552430939,0,1,0,0,1,0,0,0,0,0,0,1,0,1,0,0,0,1,0,1,0,0,0,1,0,0,1
0570-BFQHT,0,-0.951681673918523,0.524739242133529,-0.718736499848478,0,0,0,1,0,0,1,0,0,0,0,1,0,1,0,0,0,0,0,0,0,0,0,0,1,0,0
4393-OBCRR,0,-1.1960038562387,-1.47938794006682,-0.975986747814988,0,0,0,1,0,0,0,1,1,0,1,0,1,0,1,0,1,0,1,0,1,0,0,0,0,1,0
3523-QRQLL,0,-0.422316945558128,0.157482105096816,-0.345995150340799,0,1,1,1,0,0,0,0,0,0,0,1,0,0,0,0,0,1,0,1,1,0,1,0,0,0,1
8564-LDKFL,0,0.310649601402418,1.37059391521809,0.837369234697526,1,1,0,1,0,1,1,0,0,0,0,1,0,1,0,0,0,1,0,1,1,0,1,0,0,0,0
3696-DFHHB,0,1.45081978556327,-1.30489925504937,-0.203132304550577,0,0,0,1,0,1,0,1,1,0,1,0,1,0,1,0,1,0,1,0,0,1,0,0,0,0,0
0895-DQHEW,0,0.880734693482843,1.31409281721244,1.32277621537228,1,1,0,1,0,1,1,0,0,0,0,1,0,1,0,0,0,1,0,1,0,0,1,0,1,0,1
4717-GHADL,0,0.717853238602722,0.493165099130373,0.769182687935165,0,0,0,1,0,1,0,0,0,0,0,1,0,0,0,1,0,1,0,1,0,1,1,0,0,1,0
5501-TVMGM,0,-1.27744458367877,-0.316130039950529,-0.98302834976293,1,0,0,1,0,0,0,0,0,0,0,0,0,0,0,0,0,0,0,1,0,0,1,0,1,0,0
5879-HMFFH,0,1.61370124044339,0.774008792158448,1.87138102168013,0,1,0,1,0,1,0,0,0,1,0,1,0,1,0,1,0,1,0,1,0,1,0,0,0,0,0
6772-WFQRD,0,0.310649601402418,-1.47440254906632,-0.62999907091203,1,0,1,1,0,0,0,1,1,0,1,0,1,0,1,0,1,0,1,0,1,0,1,0,0,0,0
3810-DVDQQ,0,1.61370124044339,1.75613081925663,2.66079095541776,0,1,1,1,0,1,1,0,0,1,0,1,0,1,0,1,0,1,0,1,0,1,1,0,0,0,0
6972-SNKKW,0,-1.07384276507861,-1.48769692506765,-0.959210517468794,0,0,0,1,0,0,0,1,1,0,1,0,1,0,1,0,1,0,1,0,0,0,0,0,0,1,0
3694-GLTJM,0,-1.11456312879864,-1.49932950406881,-0.966781895111879,0,0,0,1,0,0,0,1,1,0,1,0,1,0,1,0,1,0,1,0,0,0,1,1,0,0,0
8550-XSXUQ,0,0.636412511162661,0.192379842100305,0.502661365303653,1,1,0,1,0,1,0,0,0,0,0,1,0,1,0,0,0,0,0,1,1,0,1,1,0,0,0
8149-RSOUN,0,-1.27744458367877,0.966777244177718,-0.965987231569165,0,0,0,1,0,1,1,0,0,0,0,0,0,0,0,0,0,1,0,1,0,0,1,0,1,0,1
9055-MOJJJ,0,1.28793833068315,0.034509127084523,0.788519500807884,0,1,1,1,0,0,0,0,0,1,0,0,0,0,0,1,0,1,0,0,1,0,0,0,0,1,0
4359-INNWN,0,-0.62591876415828,-1.48603512806748,-0.858244099569462,0,0,0,1,0,0,0,1,1,0,1,0,1,0,1,0,1,0,1,0,1,0,0,1,0,0,0
0585-EGDDA,0,0.310649601402418,0.506459475131702,0.391518839260116,1,1,0,1,0,0,1,0,0,0,0,1,0,1,0,0,0,0,0,0,0,0,1,0,1,0,0
4032-RMHCI,0,0.351369965122448,-0.97586344901648,-0.383874112543522,0,1,1,0,1,0,0,0,0,1,0,0,0,1,0,0,0,0,0,0,1,0,0,1,0,0,0
0549-CYCQN,1,0.758573602322752,0.493165099130373,0.747329440510518,1,0,0,1,0,1,1,0,0,0,0,1,0,0,0,0,0,0,0,0,1,0,1,0,0,0,0
3481-JHUZH,0,0.351369965122448,0.514768460132533,0.510828740603774,1,1,0,1,0,1,1,0,0,0,0,1,0,0,0,0,0,0,0,0,0,0,1,0,1,0,0
7250-EQKIY,0,-1.27744458367877,-0.475662551966477,-0.985147452543502,0,1,1,1,0,0,0,0,0,0,0,0,0,1,0,0,0,0,0,0,0,0,0,0,0,1,1
3594-IVHJZ,0,-1.23672421995873,-1.47274075206615,-0.988679290511122,0,0,0,1,0,0,0,1,1,0,1,0,1,0,1,0,1,0,1,0,0,0,1,0,0,1,0
6869-FGJJC,0,1.45081978556327,0.493165099130373,1.40369945280537,1,0,0,1,0,0,1,0,0,0,0,1,0,1,0,0,0,0,0,0,1,0,0,1,0,0,0
3896-ZVNET,0,-0.340876218118068,-1.33148800705203,-0.755004060978474,0,1,1,1,0,1,0,1,1,0,1,0,1,0,1,0,1,0,1,0,0,1,0,0,0,1,0
8205-VSLRB,0,1.53226051300333,0.416722437122731,1.41992383346912,1,1,0,1,0,1,0,0,0,1,0,0,0,1,0,1,0,0,0,1,0,1,0,1,0,0,0
5960-MVTUK,0,-1.1960038562387,-1.16364651003525,-0.964662792331307,1,0,0,0,1,0,0,0,0,0,0,0,0,0,0,1,0,0,0,0,0,0,1,0,1,0,0
6817-WTYHE,0,-1.23672421995873,-0.660122018984916,-0.958393779938782,1,0,0,1,0,0,0,0,0,0,0,0,0,0,0,0,0,0,0,0,0,0,0,0,0,0,0
3082-VQXNH,0,-1.1960038562387,-1.16198471303509,-0.965744417708891,1,1,0,0,1,0,0,0,0,0,0,1,0,0,0,0,0,0,0,0,0,0,0,1,0,0,0
4013-UBXWQ,0,-1.03312240135858,0.328647196113927,-0.777365010110967,0,0,0,1,0,1,0,0,0,0,0,0,0,0,0,1,0,1,0,1,0,0,1,0,1,0,1
4931-TRZWN,0,-0.788800219038401,0.238910158104956,-0.599559042428606,0,0,0,1,0,0,0,0,0,1,0,0,0,0,0,0,0,1,0,1,0,0,1,0,1,0,0
0750-EKNGL,0,-1.03312240135858,-1.46276997006515,-0.94512731357291,1,0,0,1,0,0,0,1,1,0,1,0,1,0,1,0,1,0,1,0,0,0,0,0,0,1,0
7669-LCRSD,0,-0.829520582758432,-0.28123230294704,-0.729883863433778,1,1,1,1,0,0,0,0,0,0,0,0,0,0,0,0,0,1,0,0,0,0,1,0,0,1,0
3567-PQTSO,0,0.840014329762813,1.34566696021559,1.45440340162801,1,1,1,1,0,1,1,0,0,0,0,1,0,1,0,0,0,1,0,1,1,0,1,0,1,0,0
5519-NPHVG,0,-0.829520582758432,0.978409823178881,-0.545588143485915,0,0,0,1,0,1,1,0,0,0,0,0,0,0,0,0,0,1,0,1,0,0,1,0,1,0,1
8043-PNYSD,0,1.24721796696312,-1.50265309806914,-0.457512934168396,1,1,1,1,0,0,0,1,1,0,1,0,1,0,1,0,1,0,1,0,0,1,0,0,0,1,0
9938-EKRGF,0,-0.707359491598341,0.654359408146487,-0.438860414901903,0,0,0,1,0,0,0,0,0,1,0,1,0,1,0,1,0,1,0,1,0,0,0,0,0,1,0
2703-AMTUL,0,0.147768146522297,-0.369307543955845,-0.151236360413863,1,1,1,1,0,0,0,0,0,1,0,1,0,0,0,0,0,0,0,0,1,0,0,0,0,1,0
0928-JMXNP,1,-1.15528349251868,-1.15866111903475,-0.955215125767924,1,1,0,0,1,0,0,0,0,0,0,0,0,1,0,0,0,0,0,0,0,0,1,0,1,0,0
8173-RXAYP,0,-0.340876218118068,-1.49766770706864,-0.80762844669601,0,1,1,1,0,0,0,1,1,0,1,0,1,0,1,0,1,0,1,0,0,1,0,0,0,1,0
4825-XJGDM,0,1.16577723952306,-0.700005146988903,0.183052103221355,0,0,0,0,1,0,0,0,0,1,0,1,0,1,0,1,0,0,0,0,1,0,0,1,0,0,0
5402-HTOTQ,0,-0.66663912787831,-0.314468242950363,-0.620970810107301,1,0,0,1,0,1,0,0,0,0,0,1,0,0,0,0,0,0,0,0,0,0,0,0,1,0,0
6734-JDTTV,0,1.32865869440318,-1.49268231606814,-0.448043193617715,1,1,1,1,0,0,0,1,1,0,1,0,1,0,1,0,1,0,1,0,0,1,1,1,0,0,0
7850-THJMU,0,-0.259435490678007,-1.49932950406881,-0.788931779454922,0,1,1,1,0,0,0,1,1,0,1,0,1,0,1,0,1,0,1,0,0,1,0,1,0,0,0
3890-RTCMS,0,-0.66663912787831,-0.508898491969799,-0.654677788710773,1,0,0,1,0,0,0,0,0,0,0,0,0,0,0,1,0,0,0,0,0,0,1,0,0,1,0
8849-GYOKR,0,0.880734693482843,1.38887368221991,1.53696011412112,0,1,0,1,0,1,1,0,0,1,0,1,0,0,0,0,0,1,0,1,1,0,0,0,0,0,1
3148-BLQJT,0,-1.27744458367877,-1.48437333106731,-0.99854636283316,1,0,0,1,0,0,0,1,1,0,1,0,1,0,1,0,1,0,1,0,0,0,0,0,0,1,1
3717-FDJFU,0,-1.11456312879864,-1.47274075206615,-0.960225920884485,1,0,1,1,0,0,0,1,1,0,1,0,1,0,1,0,1,0,1,0,0,1,0,0,0,1,0
3665-JATSN,0,-0.544478036718219,-0.832948907002193,-0.693947412113246,0,0,0,0,1,0,0,0,0,0,0,1,0,0,0,0,0,0,0,1,0,0,1,0,1,0,0
7966-YOTQW,0,-0.910961310198492,-0.341056994953021,-0.756571314076606,1,0,0,1,0,1,0,0,0,1,0,0,0,0,0,0,0,0,0,0,0,0,1,1,0,0,0
0461-CVKMU,0,-0.381596581838098,0.632756047144327,-0.168498218480605,0,1,1,1,0,0,1,0,0,0,0,1,0,1,0,1,0,0,0,0,0,0,0,0,1,0,1
8806-EAGWC,0,-1.1960038562387,-0.319453633950861,-0.937158604158468,1,0,0,1,0,0,0,0,0,0,0,0,0,0,0,0,0,1,0,0,0,0,0,0,0,1,1
8853-TZDGH,0,1.61370124044339,1.55671517923669,2.53004672865393,0,0,0,1,0,1,1,0,0,0,0,1,0,1,0,1,0,1,0,1,0,1,1,0,0,0,0
7779-LGOVN,1,-0.910961310198492,0.727478476153797,-0.629226481356613,1,1,0,1,0,1,1,0,0,0,0,0,0,0,0,0,0,0,0,1,0,0,1,0,1,0,1
4324-BZCKL,0,-0.910961310198492,-0.306159257949532,-0.764032321783203,0,1,1,1,0,0,0,0,0,0,0,1,0,1,0,0,0,0,0,0,0,0,1,0,0,1,0
6924-TDGMT,0,-0.870240946478462,-1.46941715806582,-0.925768426712894,1,1,0,1,0,0,0,1,1,0,1,0,1,0,1,0,1,0,1,0,1,0,1,0,0,1,0
9710-ZUSHQ,1,0.188488510242327,1.39552087022058,0.783552853665919,0,0,0,1,0,1,1,0,0,1,0,1,0,0,0,0,0,1,0,1,0,0,1,0,0,0,1
1536-YHDOE,0,-0.62591876415828,-0.08846385092777,-0.523271342328018,1,1,1,1,0,1,0,0,0,1,0,0,0,0,0,1,0,0,0,0,1,0,1,0,0,1,0
8123-QBNAZ,0,0.147768146522297,1.3207400052131,0.619410684120786,0,1,1,1,0,1,1,0,0,1,0,0,0,1,0,0,0,1,0,1,0,0,1,1,0,0,0
3629-ZNKXA,1,-0.62591876415828,1.23100296720413,-0.233748924932381,1,0,0,1,0,0,1,0,0,0,0,1,0,1,0,0,0,1,0,1,0,0,1,0,1,0,0
4827-LTQRJ,1,1.36937905812321,1.52347923923337,2.17602412037464,0,1,1,1,0,1,1,0,0,1,0,1,0,0,0,1,0,1,0,1,1,0,1,1,0,0,0
7711-YIJWC,0,1.16577723952306,0.669315581147982,1.31675001684003,1,1,1,1,0,0,0,0,0,1,0,1,0,1,0,1,0,1,0,1,1,0,0,0,0,0,0
5482-VXSXJ,0,-0.422316945558128,0.945173883175559,-0.0550158497835195,1,0,0,1,0,0,1,0,0,0,0,1,0,0,0,0,0,1,0,1,0,0,1,0,0,1,0
7365-BVCJH,0,-1.27744458367877,-1.34145878905303,-0.996647999925564,1,0,0,0,1,0,0,0,0,0,0,0,0,0,0,0,0,0,0,0,0,0,1,0,1,0,0
9620-ENEJV,0,-1.07384276507861,0.192379842100305,-0.815839969970726,0,0,0,1,0,0,1,0,0,0,0,0,0,0,0,0,0,0,0,0,0,0,0,1,0,0,0
4183-WCSEP,0,-0.0558336720778551,0.454943768126552,0.067649297629377,1,0,0,1,0,0,1,0,0,0,0,1,0,0,0,1,0,0,0,0,0,0,1,0,1,0,1
2378-YIZKA,0,1.45081978556327,0.672639175148314,1.46828793963821,0,1,1,1,0,0,0,0,0,1,0,1,0,1,0,1,0,1,0,1,0,1,1,1,0,0,0
5498-TXHLF,0,0.066327419082236,0.754067228156455,0.261458906102516,0,1,1,1,0,1,1,0,0,0,0,0,0,1,0,0,0,1,0,0,0,0,0,0,1,0,1
0689-DSXGL,0,0.799293966042782,0.699227927150972,0.949792052004325,0,1,1,1,0,0,1,0,0,0,0,1,0,1,0,1,0,0,0,0,0,0,0,0,0,0,0
6818-DJXAA,0,-0.910961310198492,0.875378409168581,-0.581679112717531,0,0,1,1,0,0,1,0,0,0,0,0,0,1,0,1,0,1,0,0,0,0,1,0,1,0,0
9722-UJOJR,0,-0.137274399517916,0.199027030100969,-0.135585903419847,1,1,1,1,0,0,1,0,0,0,0,0,0,0,0,0,0,0,0,0,0,0,1,0,1,0,1
0464-WJTKO,0,1.61370124044339,-1.48437333106731,-0.362484418852124,0,1,1,1,0,0,0,1,1,0,1,0,1,0,1,0,1,0,1,0,0,1,0,0,0,0,0
8902-ZEOVF,0,0.595692147442631,-1.48603512806748,-0.587330053465722,1,1,1,1,0,0,0,1,1,0,1,0,1,0,1,0,1,0,1,0,1,0,0,0,0,1,0
6778-EICRF,0,-0.340876218118068,0.333632587114425,-0.203397192398148,1,1,1,1,0,1,0,0,0,1,0,0,0,0,0,0,0,1,0,1,1,0,0,0,0,1,0
2662-NNTDK,0,1.32865869440318,-1.3281644130517,-0.300633106444182,1,0,0,1,0,1,0,1,1,0,1,0,1,0,1,0,1,0,1,0,1,0,0,1,0,0,0
4132-KALRO,0,-1.15528349251868,1.19942882420097,-0.831159317155277,0,0,0,1,0,1,1,0,0,0,0,0,0,0,0,1,0,1,0,1,0,0,1,0,0,1,0
3902-FOIGH,1,-0.829520582758432,1.21604679420264,-0.46945496129641,1,1,0,1,0,1,1,0,0,0,0,1,0,0,0,0,0,1,0,1,0,0,1,0,1,0,1
6772-KSATR,0,-1.27744458367877,0.56296057313735,-0.971351210482487,1,0,0,1,0,1,1,0,0,1,0,0,0,0,0,0,0,0,0,0,0,0,1,0,1,0,1
7112-OPOTK,0,0.0256070553622056,0.115937180092663,-0.0489013553020777,1,0,0,1,0,0,1,0,0,0,0,0,0,0,0,0,0,0,0,0,0,0,0,0,1,0,1
2874-YXVVA,0,0.066327419082236,1.3406815692151,0.59727047486127,0,0,0,1,0,0,1,0,0,0,0,1,0,1,0,1,0,1,0,1,0,0,1,0,1,0,0
1245-HARPS,0,-0.748079855318371,-1.47440254906632,-0.8783314280103,0,1,0,1,0,0,0,1,1,0,1,0,1,0,1,0,1,0,1,0,0,1,0,0,0,1,0
4210-QFJMF,0,-1.15528349251868,0.478208926128878,-0.86736065632338,0,0,0,1,0,0,1,0,0,0,0,0,0,0,0,0,0,0,0,1,0,0,1,0,1,0,1
4323-ELYYB,0,-0.788800219038401,-1.48769692506765,-0.91093470724889,1,1,1,1,0,0,0,1,1,0,1,0,1,0,1,0,1,0,1,0,1,0,0,0,0,1,0
4293-ETKAP,0,1.32865869440318,0.486517911129709,1.23172101776958,0,1,1,1,0,1,0,0,0,0,0,1,0,0,0,1,0,1,0,1,0,1,1,0,0,0,0
6064-PUPMC,0,-0.381596581838098,-0.25131995694405,-0.379039909325342,1,1,1,1,0,0,0,0,0,1,0,0,0,0,0,1,0,0,0,0,1,0,0,1,0,0,0
6504-VBLFL,0,0.921455057202873,-0.204789640939399,0.347304642702975,1,1,0,1,0,0,0,0,0,1,0,1,0,1,0,0,0,0,0,0,0,1,0,0,1,0,0
6322-PJJDJ,0,0.677132874882691,0.998351387180874,1.0634068646252,1,1,0,1,0,0,1,0,0,0,0,1,0,0,0,0,0,1,0,1,0,1,1,0,1,0,0
0330-BGYZE,0,1.12505687580303,1.25426812520646,1.71103557795019,1,1,0,1,0,1,1,0,0,0,0,1,0,1,0,0,0,1,0,1,1,0,0,0,0,0,0
1085-LDWAM,0,1.4915401492833,-1.47606434606648,-0.370519350228459,0,1,1,1,0,0,0,1,1,0,1,0,1,0,1,0,1,0,1,0,1,0,1,1,0,0,0
7586-ZATGZ,0,0.310649601402418,0.669315581147982,0.479947232374398,1,0,0,1,0,1,1,0,0,0,0,0,0,0,0,0,0,1,0,0,0,0,1,0,1,0,0
7197-VOJMM,0,1.41009942184324,0.147511323095819,1.0550187494521,1,1,0,1,0,0,0,0,0,1,0,1,0,0,0,1,0,0,0,1,0,1,1,1,0,0,0
3318-OSATS,1,0.107047782802266,1.01995474818303,0.526302605699409,1,0,0,1,0,1,1,0,0,0,0,0,0,0,0,0,0,1,0,1,0,0,1,0,1,0,1
5828-AVIPD,0,-0.544478036718219,1.20275241820131,-0.179402768205631,1,1,1,1,0,1,1,0,0,0,0,0,0,0,0,1,0,1,0,1,1,0,1,0,1,0,1
1843-TLSGD,0,-0.788800219038401,-1.45944637606482,-0.887183096916647,0,1,1,1,0,0,0,1,1,0,1,0,1,0,1,0,1,0,1,0,0,1,0,0,0,1,0
9626-VFRGG,0,0.351369965122448,0.788964965159943,0.601795642257283,0,0,1,1,0,1,1,0,0,0,0,1,0,0,0,0,0,1,0,0,0,0,1,0,0,0,0
7075-BNDVQ,0,-1.15528349251868,-0.989157825017809,-0.947489230213756,0,0,0,0,1,0,0,0,0,1,0,0,0,1,0,0,0,0,0,0,0,0,0,0,0,1,0
9143-CANJF,0,-0.340876218118068,-0.319453633950861,-0.424733063031424,0,1,1,1,0,0,0,0,0,1,0,0,0,0,0,1,0,0,0,0,0,0,0,0,1,0,0
7284-BUYEC,0,-1.11456312879864,-0.459044581964815,-0.906144652005306,0,0,0,0,1,0,0,0,0,0,0,1,0,0,0,0,0,1,0,1,0,0,1,1,0,0,0
2041-JIJCI,0,-1.11456312879864,-0.0253155649214574,-0.843962229787899,0,0,0,1,0,1,0,0,0,0,0,1,0,0,0,0,0,0,0,1,0,0,1,0,1,0,0
1086-LXKFY,0,-1.27744458367877,0.144187729095487,-0.976913855281488,0,1,1,1,0,0,1,0,0,0,0,0,0,0,0,0,0,0,0,0,0,0,1,0,0,1,1
4900-MSOMT,0,1.61370124044339,0.513106663132367,1.51528345859486,0,1,1,1,0,1,0,0,0,1,0,1,0,1,0,1,0,1,0,0,0,1,0,0,0,0,0
2229-VWQJH,0,-0.340876218118068,-0.513883882970298,-0.462965209030909,0,0,0,1,0,0,0,0,0,0,0,0,0,1,0,0,0,0,0,0,0,0,1,1,0,0,0
9194-GFVOI,0,0.392090328842479,0.651035814146155,0.569368954917073,0,1,0,1,0,1,0,0,0,1,0,0,0,1,0,1,0,1,0,1,0,1,0,1,0,0,0
1336-EZFZY,0,-1.15528349251868,-1.48603512806748,-0.970644842888963,0,0,0,1,0,0,0,1,1,0,1,0,1,0,1,0,1,0,1,0,0,0,0,0,0,1,0
4282-MSACW,0,1.45081978556327,1.7428364432553,2.54028905876003,1,0,0,1,0,1,1,0,0,1,0,1,0,1,0,1,0,1,0,1,1,0,1,1,0,0,0
1403-LKLIK,0,0.0256070553622056,-1.48437333106731,-0.751626740921938,0,1,1,1,0,0,0,1,1,0,1,0,1,0,1,0,1,0,1,0,1,0,0,0,0,1,0
2636-ALXXZ,1,-1.27744458367877,0.160805699097148,-0.976693115408512,0,0,0,1,0,0,1,0,0,0,0,0,0,0,0,0,0,0,0,0,0,0,1,0,1,0,1
7774-OJSXI,0,-0.0558336720778551,1.28584226820961,0.346355461249177,1,0,0,1,0,1,1,0,0,0,0,1,0,1,0,0,0,1,0,1,1,0,1,0,1,0,1
7786-WBJYI,0,-1.15528349251868,0.438325798124891,-0.872525969351025,0,0,0,1,0,1,1,0,0,0,0,1,0,0,0,0,0,0,0,0,0,0,0,0,0,0,1
0136-IFMYD,1,1.4915401492833,1.50187587823121,2.36294664481092,1,1,0,1,0,1,1,0,0,0,0,1,0,1,0,1,0,1,0,1,0,1,1,0,1,0,0
5144-TVGLP,1,0.229208873962357,0.996689590180708,0.605305406237605,1,0,0,1,0,1,1,0,0,0,0,0,0,0,0,0,0,1,0,1,0,0,0,0,1,0,0
9643-AVVWI,0,-1.1960038562387,0.506459475131702,-0.900891043028471,0,1,1,1,0,0,1,0,0,0,0,1,0,0,0,1,0,0,0,0,0,0,1,0,1,0,0
0253-ZTEOB,0,0.636412511162661,0.494826896130539,0.701238955033079,0,1,1,1,0,1,0,0,0,0,0,1,0,0,0,1,0,1,0,1,0,1,0,0,1,0,0
2706-QZIHY,0,-0.707359491598341,-1.31487003705037,-0.836170112271838,0,1,0,1,0,1,0,1,1,0,1,0,1,0,1,0,1,0,1,0,0,1,0,0,0,1,0
6061-PQHMK,0,-0.300155854398037,-1.49102051906798,-0.774539539736872,0,0,0,1,0,0,0,1,1,0,1,0,1,0,1,0,1,0,1,0,1,0,0,1,0,0,0
9885-CSMWE,1,-1.27744458367877,0.454943768126552,-0.972786019656833,0,0,0,1,0,0,1,0,0,0,0,0,0,0,0,0,0,1,0,0,0,0,0,0,1,0,1
6137-MFAJN,0,0.636412511162661,-0.663445612985249,-0.0783039063825128,0,0,0,0,1,0,0,0,0,1,0,1,0,0,0,0,0,1,0,0,0,0,1,0,1,0,0
9122-UMROB,0,-1.27744458367877,-1.47772614306665,-0.998458066883969,1,0,0,1,0,0,0,1,1,0,1,0,1,0,1,0,1,0,1,0,0,0,0,0,0,1,0
4232-JGKIY,0,-1.27744458367877,-1.5142856770703,-0.998943694604517,1,0,0,1,0,0,0,1,1,0,1,0,1,0,1,0,1,0,1,0,0,0,0,0,1,0,0
2402-TAIRZ,0,0.188488510242327,0.508121272131868,0.325451395278328,0,0,0,1,0,0,1,0,0,0,0,1,0,1,0,0,0,0,0,0,1,0,0,0,1,0,0
9659-ZTWSM,1,1.36937905812321,1.41546243422257,2.10587298874279,1,1,0,1,0,1,1,0,0,0,0,1,0,1,0,1,0,1,0,1,1,0,1,0,0,0,0
9139-TWBAS,0,-0.259435490678007,-0.562075995975115,-0.481838468170377,0,1,0,0,1,0,0,0,0,1,0,1,0,1,0,0,0,1,0,0,1,0,0,0,0,0,0
6685-GBWJZ,0,1.24721796696312,0.200688827101135,0.956634988066588,1,1,0,1,0,0,0,0,0,1,0,1,0,0,0,1,0,1,0,0,1,0,0,1,0,0,0
5016-ETTFF,0,-0.910961310198492,-1.17195549503608,-0.894732400572434,1,0,0,0,1,0,0,0,0,0,0,0,0,1,0,0,0,0,0,0,0,0,0,0,0,1,1
3866-MDTUB,0,-1.23672421995873,0.199027030100969,-0.942566731046385,0,0,0,1,0,0,0,0,0,1,0,0,0,0,0,0,0,1,0,1,0,0,1,0,1,0,1
2195-VVRJF,1,-0.58519840043825,-0.188171670937737,-0.56106200858155,1,1,0,1,0,0,0,0,0,1,0,0,0,0,0,0,0,0,0,1,0,0,1,1,0,0,0
3913-RDSJZ,0,1.28793833068315,-1.30323745804921,-0.250304415405599,0,1,0,1,0,1,0,1,1,0,1,0,1,0,1,0,1,0,1,0,0,1,0,0,0,1,0
8058-JMEQO,1,-0.951681673918523,0.654359408146487,-0.670791799438039,0,0,0,1,0,1,1,0,0,0,0,0,0,0,0,0,0,0,0,1,0,0,1,0,1,0,1
4203-QGNZA,0,-0.177994763237946,-1.47938794006682,-0.771073923731145,0,0,1,1,0,0,0,1,1,0,1,0,1,0,1,0,1,0,1,0,0,0,0,0,0,1,0
5043-TRZWM,0,-1.27744458367877,0.358559542116917,-0.974066310920095,0,0,0,1,0,0,1,0,0,0,0,0,0,1,0,0,0,0,0,0,0,0,0,0,1,0,0
0697-ZMSWS,0,-1.15528349251868,0.694242536150474,-0.857802619823509,1,0,0,1,0,1,1,0,0,0,0,0,0,0,0,0,0,0,0,1,0,0,1,0,1,0,1
7657-DYEPJ,1,0.229208873962357,0.179085466098976,0.0951093378276212,1,0,0,1,0,0,0,0,0,0,0,1,0,1,0,1,0,1,0,0,1,0,1,1,0,0,1
9494-BDNNC,0,1.36937905812321,1.01496935718254,1.76215893253148,1,1,0,1,0,1,1,0,0,0,0,1,0,1,0,0,0,0,0,1,1,0,0,0,1,0,0
1640-PLFMP,0,-1.27744458367877,0.182409060099308,-0.976406153573643,0,0,0,1,0,0,1,0,0,0,0,0,0,0,0,0,0,0,0,0,0,0,1,0,1,0,0
5366-OBVMR,0,-0.58519840043825,-0.480647942966975,-0.606225386592489,0,1,0,1,0,0,0,0,0,0,0,0,0,0,0,1,0,0,0,0,0,0,1,0,0,1,0
8276-MQBYC,1,0.758573602322752,1.09805920719084,1.16170233006152,1,0,0,1,0,1,1,0,0,0,0,0,0,1,0,0,0,1,0,1,0,0,1,0,1,0,1
7644-OMVMY,0,-1.3181649473988,-1.49268231606814,-0.390463197751863,1,1,1,1,0,0,0,1,1,0,1,0,1,0,1,0,1,0,1,0,0,1,0,0,0,1,0
7593-XFKDI,0,-1.27744458367877,-0.613591702980265,-0.986979593489205,1,0,0,1,0,0,0,0,0,0,0,0,0,0,0,0,0,0,0,0,0,0,0,0,0,1,1
4573-JKNAE,0,-0.829520582758432,-1.50930028606981,-0.913693955661093,1,0,1,1,0,0,0,1,1,0,1,0,1,0,1,0,1,0,1,0,0,1,0,0,0,0,0
0337-CNPZE,0,0.351369965122448,1.38056469721908,0.954273071425743,0,0,0,1,0,1,1,0,0,0,0,1,0,1,0,0,0,1,0,1,0,0,1,0,1,0,1
9817-APLHW,0,-0.829520582758432,-1.32151722505103,-0.867824210056631,1,0,0,1,0,1,0,1,1,0,1,0,1,0,1,0,1,0,1,0,0,0,0,0,1,0,0
8380-MQINP,0,0.921455057202873,-1.47772614306665,-0.531041385856781,0,1,1,1,0,0,0,1,1,0,1,0,1,0,1,0,1,0,1,0,0,1,0,0,0,1,0
0840-DFEZH,0,-1.03312240135858,0.351912354116252,-0.758138567174737,0,0,0,1,0,1,1,0,0,0,0,0,0,0,0,0,0,0,0,0,0,0,1,0,1,0,0
1513-XNPPH,0,-0.829520582758432,0.818877311162933,-0.52371282207397,0,0,0,1,0,0,1,0,0,0,0,0,0,1,0,1,0,0,0,1,0,0,1,0,1,0,1
8690-ZVLCL,0,1.45081978556327,0.772346995158282,1.71293394085778,0,1,1,1,0,1,0,0,0,1,0,1,0,1,0,1,0,1,0,1,0,1,0,1,0,0,0
6015-VVHHE,1,-1.11456312879864,0.611152686142168,-0.810498065044701,0,0,0,1,0,1,1,0,0,0,0,0,0,0,0,0,0,1,0,0,0,0,1,1,0,0,1
1125-SNVCK,1,0.677132874882691,-0.696681552988571,-0.0776416867635841,0,0,0,1,0,0,0,0,0,0,0,0,0,0,0,0,0,0,0,0,0,0,0,0,0,1,0
0384-LPITE,0,0.310649601402418,-0.0901256479279362,0.101378350220147,1,0,0,0,1,0,0,0,0,1,0,1,0,1,0,0,0,1,0,1,1,0,0,1,0,0,0
4616-EWBNJ,0,-0.66663912787831,-1.48437333106731,-0.866764658666345,0,0,0,1,0,0,0,1,1,0,1,0,1,0,1,0,1,0,1,0,1,0,0,0,0,0,0
6347-DCUIK,0,-0.910961310198492,0.312029226112266,-0.649026847962581,1,0,0,1,0,1,1,0,0,0,0,0,0,0,0,0,0,0,0,0,0,0,1,0,0,1,1
1335-HQMKX,0,1.61370124044339,1.21604679420264,2.2256022958451,0,1,0,1,0,1,1,0,0,0,0,1,0,1,0,0,0,1,0,1,1,0,1,0,1,0,0
2545-EBUPK,1,-1.23672421995873,0.641065032145158,-0.925282798992346,0,0,0,1,0,1,1,0,0,0,0,0,0,0,0,0,0,0,0,1,0,0,1,0,1,0,0
6923-AQONU,0,-0.381596581838098,-1.45778457906466,-0.806988301064379,1,1,1,1,0,0,0,1,1,0,1,0,1,0,1,0,1,0,1,0,0,1,0,0,0,1,0
2172-EJXVF,1,1.57298087672336,1.36727032121775,2.31336846934045,0,0,0,1,0,1,1,0,0,0,0,1,0,1,0,0,0,1,0,1,1,0,1,0,1,0,0
0897-FEGMU,0,-0.870240946478462,1.15456030519649,-0.540798088242331,0,1,0,1,0,1,1,0,0,0,0,0,0,1,0,0,0,1,0,1,0,0,1,0,1,0,1
7663-RGWBC,0,-1.27744458367877,-0.685048973987408,-0.987928774943003,1,0,0,1,0,0,0,0,0,0,0,0,0,0,0,0,0,0,0,0,0,0,1,0,0,1,1
1120-BMWUB,0,-0.66663912787831,-0.360998558955014,-0.639159775640543,0,0,0,1,0,0,0,0,0,0,0,1,0,0,0,1,0,0,0,0,0,0,1,0,0,1,1
9124-LHCJQ,0,-1.27744458367877,0.68759534814981,-0.969695661435165,0,0,0,1,0,1,1,0,0,0,0,0,0,0,0,0,0,0,0,1,0,0,1,0,0,1,1
4536-PLEQY,0,-0.829520582758432,0.67430097214848,-0.566028655723515,1,1,0,1,0,0,1,0,0,0,0,1,0,0,0,0,0,0,0,1,0,0,1,1,0,0,0
7029-IJEJK,0,0.880734693482843,-0.686710770987574,0.0387544482567871,0,0,0,0,1,0,0,0,0,1,0,0,0,0,0,1,0,0,0,1,1,0,0,0,0,0,0
8871-JLMHM,0,1.45081978556327,0.845466063165591,1.77286481637083,0,1,0,1,0,1,1,0,0,0,0,1,0,1,0,1,0,0,0,0,0,1,0,1,0,0,0
2235-ZGKPT,0,-1.15528349251868,-0.462368175965148,-0.901663632583888,0,1,1,1,0,1,0,0,0,0,0,0,0,0,0,0,0,0,0,0,0,0,0,0,0,1,1
3891-PUQOD,0,-1.27744458367877,-0.184848076937405,-0.981284504766418,0,0,1,1,0,0,0,0,0,0,0,0,0,1,0,0,0,0,0,1,0,0,0,0,1,0,1
5447-VYTKW,0,-0.218715126957977,-0.375954731956509,-0.362219531004553,1,0,0,1,0,0,0,0,0,1,0,0,0,0,0,1,0,0,0,0,0,0,0,0,0,1,0
3623-FQBOX,0,-0.463037309278159,-1.48935872206781,-0.823587939512192,1,0,0,1,0,0,0,1,1,0,1,0,1,0,1,0,1,0,1,0,0,0,1,0,0,1,0
0689-NKYLF,0,-0.788800219038401,0.612814483142334,-0.539186687169604,1,0,0,1,0,0,1,0,0,0,0,0,0,1,0,0,0,1,0,0,0,0,1,0,1,0,1
8659-HDIYE,1,1.28793833068315,0.328647196113927,1.1422992952269,0,0,0,1,0,1,0,0,0,0,0,1,0,1,0,1,0,0,0,1,0,0,0,1,0,0,0
3658-KIBGF,0,-1.27744458367877,-0.327762618951692,-0.983182867674014,0,0,0,1,0,0,0,0,0,1,0,1,0,0,0,0,0,0,0,0,0,0,1,0,1,0,1
3474-BAFSJ,0,1.00289578464293,-0.241349174943053,0.434430670566697,1,1,0,0,1,0,0,0,0,0,0,1,0,1,0,1,0,1,0,1,0,1,1,0,0,0,0
5519-YLDGW,0,-0.463037309278159,1.30079844121111,-0.0122364624007244,0,1,0,1,0,1,1,0,0,1,0,0,0,1,0,0,0,1,0,1,0,0,1,0,1,0,1
3865-ZFZIB,0,-0.544478036718219,-1.49932950406881,-0.849304134713924,1,0,0,1,0,0,0,1,1,0,1,0,1,0,1,0,1,0,1,0,0,1,0,0,0,1,0
1855-AGAWH,0,-0.0558336720778551,0.965115447177552,0.290442051424296,1,1,0,1,0,0,1,0,0,0,0,0,0,1,0,0,0,1,0,1,1,0,1,0,1,0,0
7109-CQYUZ,0,0.799293966042782,0.813891920162435,1.04652026434251,1,0,0,1,0,1,0,0,0,1,0,1,0,1,0,1,0,1,0,1,0,1,1,0,0,1,0
1370-GGAWX,0,0.5549717837226,0.976748026178715,0.938821280317406,0,0,0,1,0,1,1,0,0,0,0,1,0,1,0,0,0,0,0,1,1,0,1,0,1,0,0
4680-KUTAJ,1,-0.870240946478462,-0.304497460949366,-0.751008669277604,0,0,0,1,0,1,0,0,0,1,0,0,0,0,0,0,0,0,0,0,0,0,1,0,1,0,0
5307-UVGNB,0,0.840014329762813,-0.533825446972291,0.0941601563738233,0,1,1,0,1,0,0,0,0,1,0,1,0,1,0,0,0,0,0,1,0,0,1,0,0,0,0
4946-EDSEW,0,-0.870240946478462,-1.51262388007014,-0.927821307531573,0,1,1,1,0,0,0,1,1,0,1,0,1,0,1,0,1,0,1,0,0,0,1,0,0,1,1
2883-ILGWO,1,1.00289578464293,1.33403438121443,1.60346903784886,1,0,0,1,0,1,1,0,0,0,0,1,0,0,0,1,0,1,0,1,0,0,1,0,0,0,0
2516-VQRRV,1,-1.23672421995873,0.355235948116585,-0.937489713967932,0,0,0,1,0,1,1,0,0,0,0,0,0,0,0,0,0,0,0,0,0,0,1,0,0,1,1
7580-UGXNC,1,-1.23672421995873,-0.329424415951858,-0.961417916198556,0,0,0,1,0,0,0,0,0,1,0,1,0,0,0,0,0,0,0,0,0,0,0,0,0,1,1
3642-BYHDO,0,1.57298087672336,-1.49102051906798,-0.394050220687727,0,1,1,1,0,0,0,1,1,0,1,0,1,0,1,0,1,0,1,0,0,1,0,0,0,0,0
9629-NHXFW,0,-1.27744458367877,-1.50763848906964,-0.998855398655327,0,1,1,1,0,0,0,1,1,0,1,0,1,0,1,0,1,0,1,0,0,0,1,0,0,1,0
2696-RZVZW,0,1.45081978556327,-1.31985542805087,-0.288161303621024,1,1,0,1,0,1,0,1,1,0,1,0,1,0,1,0,1,0,1,0,0,1,0,1,0,0,0
5766-FTRTS,0,1.61370124044339,0.654359408146487,1.6560713495791,1,1,0,1,0,0,0,0,0,1,0,1,0,1,0,1,0,1,0,1,0,1,0,0,0,1,0
0396-HUJBP,0,-1.23672421995873,-1.51096208306997,-0.987818405006515,0,0,0,1,0,0,0,1,1,0,1,0,1,0,1,0,1,0,1,0,0,0,0,0,0,1,0
5178-LMXOP,1,-1.27744458367877,1.00832216918187,-0.965435381886724,1,1,0,1,0,1,1,0,0,0,0,0,0,0,0,0,0,1,0,1,0,0,1,0,1,0,1
8879-ZKJOF,0,0.351369965122448,0.501474084131204,0.458623760644893,0,0,0,1,0,0,0,0,0,1,0,0,0,1,0,1,0,1,0,1,1,0,1,0,0,0,0
6285-FTQBF,0,1.61370124044339,-1.30323745804921,-0.182868384211358,1,1,1,1,0,1,0,1,1,0,1,0,1,0,1,0,1,0,1,0,0,1,0,1,0,0,0
8185-UPYBR,0,-1.07384276507861,0.356897745116751,-0.814051976999619,1,1,0,1,0,1,1,0,0,0,0,0,0,0,0,0,0,0,0,0,0,0,1,0,1,0,1
4585-HETAI,0,-1.15528349251868,0.298734850110937,-0.86374052240657,0,1,1,1,0,0,1,0,0,0,0,0,0,1,0,0,0,0,0,0,0,0,1,0,1,0,1
7526-BEZQB,0,-0.829520582758432,1.03989631218503,-0.500557209398762,1,0,0,1,0,1,1,0,0,0,0,0,0,0,0,0,0,1,0,1,0,0,1,0,1,0,1
1474-JUWSM,0,1.04361614836296,0.120922571093162,0.746247815132934,0,1,0,1,0,1,0,0,0,1,0,0,0,0,0,1,0,0,0,1,1,0,1,0,1,0,0
3530-CRZSB,0,-1.03312240135858,-1.46609356406549,-0.938593413332813,0,0,0,1,0,0,0,1,1,0,1,0,1,0,1,0,1,0,1,0,0,0,0,0,0,1,0
8498-XXGWA,0,1.32865869440318,-0.319453633950861,0.614201223118547,0,1,0,1,0,0,0,0,0,1,0,0,0,1,0,0,0,0,0,0,0,0,1,0,0,1,0
9617-INGJY,0,-1.27744458367877,0.194041639100471,-0.97625163566256,1,0,0,1,0,0,1,0,0,0,0,0,0,0,0,0,0,0,0,0,0,0,1,0,0,1,0
0621-TSSMU,0,0.962175420922904,-1.48935872206781,-0.509982801974848,1,1,0,1,0,0,0,1,1,0,1,0,1,0,1,0,1,0,1,0,1,0,0,1,0,0,0
7234-KMNRQ,0,-1.15528349251868,-1.52093286507097,-0.974993418386595,1,0,0,1,0,0,0,1,1,0,1,0,1,0,1,0,1,0,1,0,0,0,0,0,0,1,0
7636-PEPNS,0,1.04361614836296,-0.686710770987574,0.0578925952438272,0,1,1,1,0,0,0,0,0,0,0,0,0,0,0,0,0,0,0,0,1,0,1,0,0,1,0
4683-WYDOU,0,1.20649760324309,1.4237714192234,2.0443969341189,1,1,0,1,0,1,1,0,0,0,0,0,0,1,0,1,0,1,0,1,0,1,1,0,0,0,0
9052-DHNKM,0,-0.259435490678007,-0.106743617929597,-0.309021221617279,1,0,0,1,0,1,0,0,0,1,0,1,0,0,0,0,0,0,0,0,1,0,0,0,1,0,0
6794-HKIAJ,0,1.20649760324309,0.862084033167252,1.45888442104943,1,0,0,1,0,1,1,0,0,1,0,1,0,1,0,0,0,0,0,0,0,0,0,0,0,0,0
5578-NKCXI,0,1.04361614836296,1.14625132019566,1.57375745094626,0,1,1,1,0,0,1,0,0,1,0,1,0,0,0,0,0,1,0,1,1,0,0,1,0,0,0
1642-HMARX,0,1.45081978556327,0.895319973170575,1.82895481809409,0,1,0,1,0,1,0,0,0,1,0,1,0,1,0,1,0,1,0,1,0,1,1,0,1,0,0
3096-WPXBT,0,1.16577723952306,1.19444343320048,1.64969196725009,0,1,1,1,0,1,1,0,0,1,0,1,0,1,0,0,0,0,0,1,1,0,1,1,0,0,0
8434-PNQZX,0,0.392090328842479,0.454943768126552,0.481867669269291,0,0,0,1,0,1,0,0,0,0,0,0,0,1,0,1,0,1,0,1,0,1,1,1,0,0,0
5950-AAAGJ,0,-0.58519840043825,0.649374017145989,-0.328468404426486,1,0,0,1,0,1,1,0,0,0,0,0,0,0,0,0,0,1,0,0,0,0,0,0,0,0,0
4299-OPXEJ,0,0.962175420922904,-1.50265309806914,-0.530379166237853,0,0,0,1,0,0,0,1,1,0,1,0,1,0,1,0,1,0,1,0,0,1,1,0,0,0,0
4951-UKAAQ,0,-1.15528349251868,0.803921138161438,-0.850606499964484,0,0,0,1,0,1,1,0,0,0,0,1,0,0,0,0,0,0,0,1,0,0,1,0,1,0,1
9618-LFJRU,0,-1.15528349251868,-1.47274075206615,-0.970843508774642,0,0,0,1,0,0,0,1,1,0,1,0,1,0,1,0,1,0,1,0,0,0,0,1,0,0,0
6693-DJWTY,0,0.107047782802266,-0.304497460949366,-0.117198272000926,0,0,1,1,0,0,0,0,0,1,0,1,0,0,0,0,0,0,0,0,1,0,0,1,0,0,0
0744-GKNGE,0,1.28793833068315,0.732463867154295,1.34445287089854,0,1,1,1,0,1,1,0,0,1,0,0,0,0,0,1,0,0,0,0,0,0,1,0,0,0,0
6447-EGDIV,0,-0.0558336720778551,-1.45612278206449,-0.705779069304773,0,0,0,1,0,0,0,1,1,0,1,0,1,0,1,0,1,0,1,0,1,0,0,0,0,1,0
1167-OYZJF,1,1.41009942184324,-1.48603512806748,-0.449809112601525,0,1,0,1,0,0,0,1,1,0,1,0,1,0,1,0,1,0,1,0,0,1,1,0,0,0,0
2108-YKQTY,0,-1.15528349251868,-0.467353566965646,-0.940624220164194,0,0,0,1,0,0,0,0,0,0,0,1,0,0,0,0,0,0,0,0,0,0,0,1,0,0,1
4806-DXQCE,1,1.53226051300333,1.6248488562435,2.39844161638549,0,1,0,1,0,1,1,0,0,1,0,1,0,1,0,1,0,1,0,1,0,1,1,0,1,0,0
4918-QLLIW,0,-1.1960038562387,-0.377616528956676,-0.924112877665572,1,0,0,1,0,0,0,0,0,0,0,0,0,0,0,0,0,1,0,0,0,0,0,1,0,0,1
7056-IMHCC,1,0.840014329762813,1.23432656120446,1.44252759646189,1,1,0,1,0,1,1,0,0,0,0,1,0,0,0,0,0,1,0,1,0,0,1,0,1,0,1
4854-SSLTN,0,-1.23672421995873,-0.174877294936408,-0.949806998880006,1,1,1,1,0,0,0,0,0,1,0,1,0,0,0,1,0,0,0,0,0,1,0,0,0,1,0
5294-DMSFH,0,-0.137274399517916,0.765699807157617,0.15002941822411,0,1,1,1,0,0,1,0,0,0,0,0,0,0,0,0,0,1,0,1,0,0,1,1,0,0,0
4837-PZTIC,0,0.595692147442631,-0.759829838994884,-0.179535212129417,0,0,0,0,1,0,0,0,0,1,0,0,0,1,0,1,0,0,0,0,0,1,0,0,0,1,0
1625-JAIIY,0,1.45081978556327,0.606167295141669,1.50274543380981,0,1,1,1,0,1,1,0,0,0,0,0,0,0,0,0,0,1,0,0,1,0,1,0,1,0,1
0603-OLQDC,0,-0.829520582758432,0.169114684097979,-0.637680818491603,1,0,1,1,0,0,0,0,0,1,0,0,0,0,0,0,0,1,0,1,0,0,1,0,0,1,0
3272-VUHPV,0,-0.992402037638553,-0.28123230294704,-0.830165987726884,0,1,1,1,0,0,0,0,0,0,0,1,0,0,0,1,0,0,0,0,0,0,0,0,0,0,0
4176-FXYBO,0,0.880734693482843,1.48858150222988,1.69397238576912,1,1,0,1,0,1,1,0,0,1,0,1,0,1,0,0,0,1,0,1,0,0,0,0,1,0,0
1063-DHQJF,0,1.4915401492833,0.91027614617207,1.85376597981662,1,1,1,1,0,0,1,0,0,0,0,1,0,0,0,1,0,1,0,0,0,1,1,0,0,1,0
8663-UPDGF,0,-0.259435490678007,0.157482105096816,-0.212734489025043,0,0,0,1,0,1,0,0,0,1,0,1,0,0,0,0,0,1,0,0,0,0,1,0,0,0,0
6719-FGEDO,0,1.61370124044339,1.07147045518818,2.1289403054688,0,1,0,1,0,1,1,0,0,1,0,1,0,1,0,1,0,0,0,0,0,1,1,0,0,0,0
1837-YQUCE,0,1.53226051300333,-0.213098625940229,0.853085913653434,0,0,0,0,1,0,0,0,0,1,0,0,0,1,0,1,0,1,0,1,0,1,1,0,0,0,0
2947-DOMLJ,0,-1.27744458367877,-0.470677160965978,-0.985081230581609,1,0,1,1,0,0,0,0,0,1,0,0,0,0,0,0,0,0,0,0,0,0,0,0,0,1,1
4112-LUEIZ,0,-0.910961310198492,0.822200905163265,-0.626378936995219,1,0,0,1,0,0,1,0,0,0,0,0,0,0,0,0,0,1,0,1,0,0,1,0,1,0,1
0369-ZGOVK,0,-0.177994763237946,0.187394451099807,-0.127904155840274,0,1,1,1,0,0,1,0,0,0,0,0,0,0,0,0,0,0,0,0,1,0,1,0,0,0,0
4510-HIMLV,0,-1.27744458367877,0.167452887097813,-0.976604819459322,1,0,0,1,0,0,1,0,0,0,0,0,0,0,0,0,0,0,0,0,0,0,1,0,1,0,1
9919-KNPOO,0,-0.463037309278159,0.981733417179213,-0.14726304270029,0,1,0,1,0,1,1,0,0,0,0,0,0,0,0,0,0,1,0,1,0,0,1,0,1,0,0
8749-JMNKX,1,0.758573602322752,0.965115447177552,1.09002809330613,1,1,0,1,0,1,1,0,0,1,0,0,0,1,0,0,0,1,0,0,0,0,1,0,0,0,1
7872-BAAZR,0,0.840014329762813,-1.50265309806914,-0.5624526697813,0,1,1,1,0,0,0,1,1,0,1,0,1,0,1,0,1,0,1,0,1,0,0,0,0,0,0
9391-LMANN,0,0.840014329762813,1.0365727181847,1.21626922666124,1,0,1,1,0,0,1,0,0,1,0,1,0,1,0,0,0,0,0,1,1,0,0,0,1,0,0
2430-USGXP,0,-0.340876218118068,1.20607601220164,0.048511150642337,1,1,0,1,0,1,1,0,0,0,0,0,0,1,0,0,0,1,0,1,0,0,1,0,1,0,1
8174-TBVCF,0,1.53226051300333,0.998351387180874,2.02071154574855,0,1,0,1,0,1,0,0,0,1,0,1,0,1,0,1,0,1,0,1,0,1,1,1,0,0,0
1698-XFZCI,0,1.16577723952306,1.4287568102239,1.87186664940068,1,0,0,1,0,1,1,0,0,1,0,1,0,1,0,0,0,1,0,1,1,0,1,0,1,0,0
1877-HKBQX,0,-0.870240946478462,-0.337733400952688,-0.734651844690065,0,0,0,1,0,0,0,0,0,1,0,0,0,0,0,1,0,0,0,0,1,0,1,0,0,1,0
4450-DLLMH,0,-1.23672421995873,0.217306797102796,-0.937776675802801,1,0,0,1,0,0,1,0,0,0,0,0,0,0,0,0,0,0,0,0,0,0,1,1,0,0,0
0428-AXXLJ,0,-0.300155854398037,-1.50431489506931,-0.779484112891539,1,0,0,1,0,0,0,1,1,0,1,0,1,0,1,0,1,0,1,0,1,0,1,0,0,0,0
2746-DIJLO,0,0.351369965122448,-0.28123230294704,0.036238013704858,0,0,0,1,0,1,0,0,0,0,0,1,0,0,0,0,0,0,0,0,1,0,1,1,0,0,0
5955-ERIHD,0,-0.58519840043825,0.995027793180542,-0.262224368546316,1,1,0,1,0,1,1,0,0,0,0,0,0,0,0,0,0,1,0,1,0,0,1,0,1,0,1
0917-EZOLA,1,1.61370124044339,1.30910742621194,2.38753706666047,1,1,0,1,0,1,1,0,0,0,0,1,0,1,0,0,0,1,0,1,0,1,1,0,0,0,1
3508-VLHCZ,0,1.57298087672336,0.857098642166754,1.74699410325802,0,1,1,1,0,1,0,0,0,1,0,1,0,1,0,1,0,1,0,1,0,1,1,1,0,0,0
4086-ATNFV,0,0.066327419082236,-0.131670572932089,-0.105896390504543,0,1,1,1,0,0,0,0,0,1,0,1,0,1,0,0,0,0,0,0,1,0,1,0,0,1,0
0468-YRPXN,0,-0.137274399517916,1.13129514719416,0.231857689136402,1,0,0,1,0,0,1,0,0,0,0,0,0,1,0,1,0,1,0,1,0,0,1,1,0,0,0
5996-NRVXR,1,0.310649601402418,1.10969178619201,0.810063712410365,1,1,0,1,0,0,1,0,0,1,0,1,0,1,0,1,0,1,0,0,1,0,1,1,0,0,0
3739-YBWAB,0,0.147768146522297,-0.977525246016646,-0.425571874548734,1,1,0,0,1,0,0,0,0,1,0,0,0,1,0,0,0,0,0,0,1,0,0,0,0,1,0
7047-FWEYA,0,0.5549717837226,1.27587148620862,1.02102480901376,0,1,0,1,0,1,1,0,0,0,0,1,0,0,0,1,0,1,0,1,1,0,1,0,1,0,0
2000-MPKCA,0,1.04361614836296,1.4287568102239,1.78836075545376,0,0,0,1,0,1,1,0,0,1,0,1,0,1,0,0,0,1,0,1,1,0,1,0,1,0,0
9762-YAQAA,0,0.269929237682388,0.552989791136354,0.411385427827978,1,0,0,1,0,1,1,0,0,0,0,1,0,0,0,0,0,0,0,0,1,0,0,1,0,0,0
5949-EBSQK,0,-1.15528349251868,-0.11006721192993,-0.906078430043413,1,1,1,1,0,0,0,0,0,0,0,0,0,0,0,1,0,0,0,1,0,0,0,1,0,0,1
5473-KHBPS,0,0.799293966042782,1.02826373318387,1.18944933209463,0,1,1,1,0,1,1,0,0,0,0,1,0,1,0,0,0,1,0,0,1,0,1,1,0,0,0
0100-DUVFC,1,1.53226051300333,1.3307107872141,2.21933328345257,1,1,0,1,0,1,1,0,0,0,0,1,0,1,0,0,0,1,0,1,1,0,1,0,1,0,0
5397-TUPSH,1,1.32865869440318,0.205674218101634,1.00360843303593,1,1,0,1,0,0,1,0,0,0,0,0,0,0,0,0,0,0,0,0,1,0,1,0,0,0,0
8950-MTZNV,0,-1.27744458367877,-0.65846022198475,-0.987575591146241,1,0,0,1,0,0,0,0,0,0,0,0,0,0,0,0,0,0,0,0,0,0,1,0,0,1,0
0326-VDYXE,0,1.53226051300333,1.09307381619034,2.07521222038639,0,1,0,1,0,1,1,0,0,0,0,0,0,1,0,0,0,1,0,1,1,0,1,0,1,0,0
6773-LQTVT,1,-0.137274399517916,-0.967554464015649,-0.55483714416362,0,1,1,0,1,0,0,0,0,0,0,1,0,1,0,0,0,0,0,0,0,0,1,0,0,1,0
7274-RTAPZ,0,-1.27744458367877,0.857098642166754,-0.967444114730808,1,0,0,1,0,0,1,0,0,0,0,0,0,0,0,0,0,1,0,1,0,0,1,0,1,0,1
0436-TWFFZ,0,1.41009942184324,0.680948160149145,1.51528345859486,0,0,0,1,0,1,0,0,0,1,0,0,0,1,0,1,0,1,0,1,0,1,1,0,0,1,0
8566-YPRGL,0,-1.27744458367877,-1.50431489506931,-0.998811250680731,0,0,0,1,0,0,0,1,1,0,1,0,1,0,1,0,1,0,1,0,0,0,1,0,0,1,0
0311-UNPFF,0,-0.259435490678007,0.79893574716094,-0.00334064551978186,0,0,0,1,0,0,1,0,0,0,0,0,0,0,0,0,0,1,0,1,0,0,1,0,0,0,1
6609-MXJHJ,0,-0.0965540357978854,-1.3181936310507,-0.658849772310024,0,1,1,1,0,1,0,1,1,0,1,0,1,0,1,0,1,0,1,0,0,1,1,0,0,1,0
2669-OIDSD,0,0.636412511162661,1.17284007219832,1.12669298620748,0,1,0,1,0,0,1,0,0,0,0,0,0,1,0,1,0,1,0,1,0,0,1,1,0,0,0
8400-WZICQ,0,0.921455057202873,-0.301173866949034,0.375206162647172,0,1,1,1,0,0,0,0,0,1,0,1,0,0,0,0,0,0,0,0,0,0,0,0,1,0,0
3834-XUIFC,0,-1.03312240135858,0.679286363148979,-0.741406484803138,1,0,0,1,0,1,1,0,0,0,0,0,0,0,0,0,0,0,0,1,0,0,1,0,0,1,1
9576-SYUHJ,0,0.188488510242327,0.877040206168748,0.480035528323588,1,0,0,1,0,1,1,0,0,1,0,0,0,0,0,0,0,1,0,0,0,0,1,0,1,0,0
0410-IPFTY,0,-0.0558336720778551,0.634417844144493,0.17316295691202,0,1,0,1,0,0,1,0,0,0,0,1,0,0,0,0,0,0,0,1,0,0,1,0,0,0,0
2831-EBWRN,0,-1.15528349251868,-0.626886078981594,-0.919234526472797,1,0,0,1,0,0,0,0,0,0,0,0,0,0,0,0,0,0,0,0,0,0,1,0,1,0,0
9430-NKQLY,0,1.61370124044339,-1.3181936310507,-0.216818176675104,1,1,1,1,0,1,0,1,1,0,1,0,1,0,1,0,1,0,1,0,0,1,1,1,0,0,0
8414-MYSHR,1,-1.11456312879864,0.885349191169578,-0.808864589984677,1,0,0,1,0,0,1,0,0,0,0,0,0,0,0,0,0,1,0,1,0,0,1,0,1,0,1
0247-SLUJI,0,-1.27744458367877,-1.49766770706864,-0.998722954731541,1,1,1,1,0,0,0,1,1,0,1,0,1,0,1,0,1,0,1,0,0,0,0,0,0,1,0
9402-ORRAH,1,-0.707359491598341,0.88867278516991,-0.389216017469547,0,0,0,1,0,0,1,0,0,0,0,0,0,0,0,0,0,1,0,1,0,0,1,0,1,0,0
6483-OATDN,0,-0.992402037638553,-0.447412002963653,-0.825707042292764,1,1,1,1,0,0,0,0,0,1,0,0,0,0,0,0,0,0,0,0,0,0,1,1,0,0,0
1293-HHSHJ,0,0.107047782802266,-1.45113739106399,-0.680283613976017,0,0,0,1,0,0,0,1,1,0,1,0,1,0,1,0,1,0,1,0,1,0,0,0,0,1,0
4840-ORQXB,1,0.962175420922904,1.32904899021393,1.57141760829271,0,0,0,1,0,1,1,0,0,0,0,1,0,1,0,0,0,1,0,1,0,0,0,0,1,0,0
7599-FKVXZ,0,0.392090328842479,1.37557930621859,0.984845543832952,1,1,0,1,0,1,1,0,0,0,0,0,0,1,0,1,0,1,0,1,0,0,1,0,0,0,1
3982-DQLUS,1,1.32865869440318,0.697566130150806,1.50391535513658,1,1,1,1,0,1,1,0,0,1,0,1,0,0,0,0,0,0,0,0,0,0,1,0,1,0,0
8610-ZIKJJ,0,-1.23672421995873,-1.47772614306665,-0.993336901830921,0,1,1,1,0,0,0,1,1,0,1,0,1,0,1,0,1,0,1,0,1,0,0,0,0,1,0
3756-VNWDH,1,1.32865869440318,1.19610523020064,1.93930268059492,1,1,0,1,0,1,1,0,0,1,0,0,0,0,0,0,0,1,0,1,1,0,1,0,1,0,0
7801-KICAO,0,-0.58519840043825,0.312029226112266,-0.413298737611255,0,0,0,1,0,1,1,0,0,0,0,0,0,0,0,0,0,0,0,0,0,0,1,0,1,0,0
7673-LPRNY,0,-0.381596581838098,0.458267362126884,-0.193750859949087,0,0,0,1,0,1,0,0,0,1,0,0,0,1,0,0,0,1,0,1,1,0,1,0,1,0,0
8229-TNIQA,0,-1.15528349251868,-0.646827642983588,-0.920470669761464,0,0,0,1,0,0,0,0,0,0,0,0,0,0,0,0,0,0,0,0,0,0,1,0,0,1,1
6060-QBMGV,0,1.53226051300333,-1.49268231606814,-0.374426445980139,1,1,0,1,0,0,0,1,1,0,1,0,1,0,1,0,1,0,1,0,0,1,0,1,0,0,0
7339-POGZN,0,-1.15528349251868,-0.467353566965646,-0.9127006262327,0,0,0,1,0,1,0,0,0,0,0,0,0,0,0,0,0,0,0,0,0,0,0,0,1,0,0
2828-SLQPF,0,-0.544478036718219,-0.656798424984584,-0.62516486769385,1,0,0,1,0,0,0,0,0,0,0,0,0,0,0,0,0,0,0,0,0,0,1,0,0,0,0
4465-VDKIQ,0,-0.58519840043825,0.433340407124392,-0.407625722875765,0,0,0,1,0,0,1,0,0,0,0,1,0,1,0,0,0,0,0,0,0,0,0,0,1,0,0
2921-XWDJH,1,0.229208873962357,0.621123468143165,0.381982876747543,0,1,0,1,0,0,1,0,0,1,0,0,0,0,0,0,0,0,0,1,0,0,1,0,1,0,0
6221-AVQYL,0,-1.23672421995873,0.282116880109275,-0.949564185019732,1,0,0,1,0,1,1,0,0,0,0,0,0,0,0,0,0,0,0,0,0,0,1,1,0,0,1
2558-BUOZZ,0,0.595692147442631,0.998351387180874,0.995065799951752,1,0,0,1,0,1,1,0,0,1,0,1,0,0,0,0,0,1,0,0,1,0,0,0,0,0,0
9257-AZMTZ,0,0.799293966042782,-1.48437333106731,-0.531173829780567,0,1,1,1,0,0,0,1,1,0,1,0,1,0,1,0,1,0,1,0,0,1,0,0,0,0,0
0003-MKNFE,0,-0.951681673918523,-0.16158291893508,-0.76796149152218,1,0,0,1,0,1,0,0,0,0,0,0,0,0,0,0,0,0,0,1,0,0,0,0,0,1,0
0975-UYDTX,0,-0.259435490678007,0.842142469165259,0.013523880775603,0,1,0,1,0,1,0,0,0,1,0,1,0,1,0,1,0,1,0,1,1,0,1,1,0,0,0
7743-EXURX,0,-0.992402037638553,-0.455720987964483,-0.824183937169228,1,1,1,1,0,0,0,0,0,0,0,0,0,1,0,0,0,0,0,0,0,0,1,0,1,0,1
4682-BLBUC,0,0.473531056282539,0.205674218101634,0.427587734504434,1,1,0,1,0,0,0,0,0,0,0,1,0,1,0,1,0,1,0,0,1,0,1,0,1,0,0
0975-VOOVL,0,-1.1960038562387,-1.18192627703708,-0.963934350750486,0,0,0,0,1,0,0,0,0,0,0,1,0,0,0,0,0,0,0,0,0,0,0,0,0,1,0
5968-VXZLG,0,-1.23672421995873,-0.603620920979268,-0.968614036057582,1,0,0,1,0,0,0,0,0,0,0,0,0,0,0,0,0,0,0,0,0,0,1,0,0,0,0
5569-KGJHX,0,-0.951681673918523,0.684271754149477,-0.674257415443766,0,1,1,1,0,1,1,0,0,0,0,0,0,0,0,0,0,1,0,0,0,0,1,0,0,0,1
4988-IQIGL,1,-1.27744458367877,0.351912354116252,-0.974154606869285,1,0,0,1,0,1,1,0,0,0,0,0,0,0,0,0,0,0,0,0,0,0,1,0,1,0,1
5201-FRKKS,0,-0.300155854398037,0.317014617112764,-0.145541271691076,1,0,0,1,0,0,1,0,0,1,0,0,0,0,0,0,0,0,0,0,0,0,0,0,0,0,0
9799-CAYJJ,1,-1.23672421995873,0.150834917096152,-0.939520520799313,0,1,0,1,0,0,1,0,0,0,0,0,0,0,0,0,0,0,0,0,0,0,1,0,1,0,0
7730-IUTDZ,0,0.432810692562509,0.346926963115754,0.404697009676798,1,0,0,1,0,0,1,0,0,1,0,0,0,0,0,0,0,0,0,0,0,0,1,0,1,0,1
0426-TIRNE,0,-1.27744458367877,-1.45778457906466,-0.998193179036398,0,0,0,1,0,0,0,1,1,0,1,0,1,0,1,0,1,0,1,0,0,0,0,0,0,1,1
5443-SCMKX,0,1.04361614836296,0.981733417179213,1.4693474910285,0,1,0,1,0,1,1,0,0,0,0,1,0,1,0,0,0,0,0,1,1,0,1,0,1,0,0
8295-KMENE,0,1.084336512083,0.388471888119907,0.987847606105429,0,1,1,1,0,1,0,0,0,1,0,0,0,1,0,1,0,1,0,0,0,1,1,0,0,1,0
6738-ISCBM,0,0.473531056282539,-0.357674964954682,0.0699008443337346,1,0,0,0,1,0,0,0,0,1,0,0,0,1,0,0,0,1,0,1,1,0,1,0,1,0,0
9821-BESNZ,0,1.36937905812321,1.31243102021227,2.02139583935478,1,0,0,1,0,1,1,0,0,0,0,1,0,0,0,1,0,1,0,1,1,0,1,0,1,0,0
3678-MNGZX,0,1.45081978556327,-1.48935872206781,-0.399193459728073,1,1,1,1,0,0,0,1,1,0,1,0,1,0,1,0,1,0,1,0,0,1,0,0,0,0,0
1335-NTIUC,0,-0.951681673918523,-1.3231790220512,-0.923428584059345,1,0,0,0,1,0,0,0,0,0,0,0,0,0,0,0,0,0,0,0,0,0,1,0,1,0,0
2916-BQZLN,0,-0.544478036718219,0.664330190147484,-0.278117639400605,1,0,0,1,0,1,1,0,0,1,0,0,0,1,0,0,0,0,0,0,0,0,1,0,1,0,0
4558-CGYCZ,0,-1.15528349251868,-1.49600591006848,-0.972852241618726,1,0,0,1,0,0,0,1,1,0,1,0,1,0,1,0,1,0,1,0,0,0,0,0,0,1,0
2368-GAKKQ,0,1.53226051300333,1.6248488562435,2.49759796732642,0,0,0,1,0,1,1,0,0,1,0,1,0,1,0,1,0,1,0,1,0,1,1,0,0,0,0
8710-YGLWG,0,-1.27744458367877,-0.660122018984916,-0.987597665133538,1,0,0,1,0,0,0,0,0,0,0,0,0,0,0,0,0,0,0,0,0,0,1,0,0,1,0
3199-XGZCY,0,-0.992402037638553,0.34858876011592,-0.752818736236009,0,0,0,1,0,1,1,0,0,0,0,0,0,0,0,0,0,0,0,0,0,0,1,0,1,0,0
3785-KTYSH,0,0.840014329762813,-1.33481160105236,-0.442767510653583,1,0,0,1,0,1,0,1,1,0,1,0,1,0,1,0,1,0,1,0,0,1,0,0,0,1,0
6814-ZPWFQ,1,0.758573602322752,-1.32151722505103,-0.450846590004513,1,0,0,1,0,1,0,1,1,0,1,0,1,0,1,0,1,0,1,0,1,0,0,0,0,0,0
4063-EIKNQ,0,-0.870240946478462,-1.45612278206449,-0.889390495646409,1,1,1,1,0,0,0,1,1,0,1,0,1,0,1,0,1,0,1,0,0,0,0,0,0,0,0
6993-YCOBK,0,1.12505687580303,1.52347923923337,1.90054075890029,1,1,1,1,0,1,1,0,0,1,0,0,0,1,0,1,0,1,0,1,0,1,1,0,1,0,0
5206-HPJKM,0,-0.62591876415828,-0.307821054949698,-0.595011801045295,1,0,0,1,0,0,0,0,0,1,0,1,0,0,0,0,0,0,0,0,0,0,1,1,0,0,0
7587-RZNME,0,-1.1960038562387,-0.713299522990232,-0.952831135139781,1,0,0,1,0,0,0,0,0,0,0,0,0,0,0,0,0,0,0,0,0,0,1,0,1,0,1
0748-RDGGM,0,1.53226051300333,1.48691970522971,2.31897526211405,1,1,0,1,0,0,1,0,0,1,0,1,0,1,0,1,0,1,0,1,1,0,1,0,0,0,1
8393-JMVMB,0,-1.27744458367877,-1.50597669206947,-0.998833324668029,1,0,0,1,0,0,0,1,1,0,1,0,1,0,1,0,1,0,1,0,0,0,0,0,0,1,0
5019-GQVCR,1,0.432810692562509,0.667653784147816,0.602038456117556,1,0,0,1,0,1,1,0,0,0,0,0,0,0,0,0,0,1,0,0,0,0,1,0,1,0,0
6036-TTFYU,0,-0.66663912787831,-1.50099130106898,-0.868596799612047,0,1,0,1,0,0,0,1,1,0,1,0,1,0,1,0,1,0,1,0,0,0,0,0,0,1,0
2550-AEVRU,0,1.00289578464293,-0.375954731956509,0.340417558666117,0,1,1,1,0,0,0,0,0,1,0,1,0,0,0,0,0,0,0,0,1,0,0,0,1,0,0
0969-RGKCU,0,0.188488510242327,-1.49434411306831,-0.708516243729678,1,1,1,1,0,0,0,1,1,0,1,0,1,0,1,0,1,0,1,0,1,0,0,1,0,0,0
0378-CJKPV,0,1.61370124044339,1.57333314923835,2.50938547654335,0,1,0,1,0,1,1,0,0,1,0,1,0,1,0,1,0,1,0,1,0,1,0,1,0,0,0
4706-AXVKM,1,-0.870240946478462,0.66599198714765,-0.607064198109798,0,0,0,1,0,1,1,0,0,0,0,0,0,0,0,0,0,0,0,1,0,0,1,1,0,0,1
5889-JTMUL,1,0.717853238602722,1.0066603721817,1.15084192831108,0,1,0,1,0,1,1,0,0,0,0,1,0,1,0,0,0,1,0,0,0,0,1,0,1,0,1
9026-RNUJS,1,-1.11456312879864,-0.478986145966809,-0.902679035999579,1,0,0,1,0,0,0,0,0,0,0,0,0,1,0,0,0,0,0,0,0,0,0,0,1,0,1
3746-EUBYR,0,-1.27744458367877,0.326985399113761,-0.97448571667875,1,1,0,1,0,1,1,0,0,0,0,0,0,0,0,0,0,0,0,0,0,0,1,0,0,0,1
2332-EFBJY,0,-0.66663912787831,-1.49766770706864,-0.856257440712676,1,0,0,1,0,0,0,1,1,0,1,0,1,0,1,0,1,0,1,0,0,0,1,0,0,1,1
2880-FPNAE,1,-1.23672421995873,0.313691023112432,-0.945568793318862,1,1,0,1,0,0,1,0,0,0,0,0,0,1,0,0,0,0,0,0,0,0,1,0,1,0,0
1703-MGIAB,0,-0.62591876415828,0.140864135095155,-0.518260547211457,0,0,0,1,0,1,0,0,0,0,0,0,0,1,0,1,0,1,0,0,0,0,1,0,0,1,0
4311-QTTAI,0,-0.66663912787831,-1.50930028606981,-0.876940766810549,0,0,0,1,0,0,0,1,1,0,1,0,1,0,1,0,1,0,1,0,1,0,0,1,0,0,0
9474-PHLYD,0,-0.707359491598341,-0.176539091936574,-0.613333210502323,0,0,0,1,0,0,0,0,0,0,0,0,0,1,0,0,0,0,0,1,0,0,1,0,1,0,1
4318-RAJVY,0,-0.910961310198492,-1.49434411306831,-0.919896746091726,0,0,0,1,0,0,0,1,1,0,1,0,1,0,1,0,1,0,1,0,1,0,1,0,0,1,0
2165-VOEGB,0,0.5549717837226,1.34400516321543,1.12177048704011,0,0,1,1,0,0,1,0,0,1,0,1,0,0,0,1,0,1,0,1,1,0,1,0,0,0,1
3612-YUNGG,0,1.28793833068315,1.47694892322872,1.96866108370076,1,1,1,1,0,1,1,0,0,0,0,1,0,1,0,1,0,1,0,1,0,1,1,1,0,0,0
2254-DLXRI,0,-1.27744458367877,0.478208926128878,-0.972476983834666,0,0,0,1,0,1,1,0,0,0,0,1,0,0,0,0,0,0,0,0,0,0,1,0,0,1,0
5062-CJJKH,0,-0.300155854398037,-0.369307543955845,-0.409016384075516,1,1,1,1,0,0,0,0,0,0,0,1,0,1,0,0,0,0,0,0,1,0,0,0,0,1,0
9028-LIHRP,0,1.57298087672336,1.17782546319882,2.17520738284462,1,1,1,1,0,0,1,0,0,1,0,1,0,1,0,1,0,1,0,0,0,1,0,1,0,0,0
2219-MVUSO,0,-0.992402037638553,-0.651813033984086,-0.813875385101237,1,0,0,1,0,0,0,0,0,0,0,0,0,0,0,0,0,0,0,0,0,0,1,0,0,1,1
1053-MXTTK,0,1.61370124044339,1.45866915622689,2.40360692941314,0,1,1,1,0,0,1,0,0,1,0,1,0,1,0,1,0,1,0,1,0,1,1,0,0,0,0
1530-ZTDOZ,0,0.677132874882691,-0.801374763999037,-0.0932259217957068,0,1,0,0,1,0,0,0,0,1,0,0,0,0,0,0,0,1,0,0,0,0,0,0,0,0,0
1301-LOPVR,0,-0.137274399517916,-0.312806445950197,-0.284739835589893,1,1,1,0,1,0,0,0,0,1,0,1,0,1,0,1,0,0,0,1,1,0,1,1,0,0,0
0853-TWRVK,0,1.61370124044339,1.35729953921676,2.33965858821192,1,1,0,1,0,1,1,0,0,1,0,1,0,1,0,1,0,0,0,1,0,1,0,0,0,0,0
8914-RBTSB,0,-0.0558336720778551,0.965115447177552,0.325627987176709,1,1,0,1,0,1,1,0,0,0,0,1,0,1,0,0,0,1,0,0,0,0,0,0,1,0,1
6212-ATMLK,0,0.717853238602722,1.02826373318387,1.08066872269194,0,0,0,1,0,1,1,0,0,0,0,0,0,0,0,0,0,1,0,1,0,0,1,0,1,0,0
8200-LGKSR,0,1.57298087672336,0.612814483142334,1.69712896595268,1,1,0,1,0,1,0,0,0,1,0,0,0,1,0,1,0,1,0,1,0,1,0,0,1,0,0
1568-BEKZM,1,1.53226051300333,0.840480672165093,1.78864771728863,1,1,0,1,0,1,0,0,0,1,0,1,0,1,0,1,0,1,0,1,0,1,0,1,0,0,0
0670-ANMUU,0,1.57298087672336,1.09307381619034,1.94513021324149,1,0,0,1,0,1,1,0,0,1,0,0,0,0,0,1,0,0,0,1,1,0,0,1,0,0,0
6897-RWMUB,0,1.16577723952306,0.109289992091998,0.828363047880095,1,1,1,1,0,0,0,0,0,1,0,1,0,1,0,1,0,0,0,0,0,1,1,0,0,0,0
0963-ZBDRN,0,-0.0151133083578247,1.04488170318553,0.39798651753832,1,0,0,1,0,0,1,0,0,0,0,0,0,0,0,1,0,1,0,1,0,0,1,0,1,0,1
7594-RQHXR,0,-1.27744458367877,0.493165099130373,-0.972278317948987,0,0,1,1,0,0,1,0,0,0,0,0,0,0,0,0,0,0,0,1,0,0,1,0,1,0,1
6999-CHVCF,0,1.45081978556327,1.24097374920513,2.14887311599856,1,0,0,1,0,1,1,0,0,1,0,1,0,1,0,0,0,0,0,1,0,1,1,0,0,0,0
6134-KWTBV,0,1.20649760324309,-1.37469472905635,-0.376258586925842,1,0,0,1,0,1,0,1,1,0,1,0,1,0,1,0,1,0,1,0,0,1,0,0,0,0,0
1077-HUUJM,0,-1.03312240135858,0.208997812101966,-0.798754703802365,0,0,1,1,0,0,1,0,0,0,0,0,0,0,0,0,0,0,0,0,0,0,1,0,1,0,0
6331-EWIEB,0,-0.503757672998189,0.680948160149145,-0.241673486372228,1,0,0,1,0,1,1,0,0,0,0,0,0,0,0,0,0,1,0,0,0,0,1,0,1,0,1
0895-LNKRC,0,-1.07384276507861,-1.50597669206947,-0.957312154561198,1,1,1,1,0,0,0,1,1,0,1,0,1,0,1,0,1,0,1,0,1,0,0,0,0,1,0
2045-BMBTJ,1,0.0256070553622056,-0.176539091936574,-0.175385302517463,0,0,0,0,1,0,0,0,0,1,0,1,0,1,0,0,0,1,0,1,0,0,1,0,0,0,0
8417-GSODA,0,-0.177994763237946,0.911937943172236,0.126366103841057,1,1,1,1,0,1,1,0,0,0,0,0,0,0,0,0,0,1,0,1,1,0,0,0,0,0,0
5171-EPLKN,0,-0.218715126957977,-1.49268231606814,-0.799924625129139,1,0,0,1,0,0,0,1,1,0,1,0,1,0,1,0,1,0,1,0,0,1,0,1,0,0,0
4452-QIIEB,0,-1.03312240135858,-0.693357958988239,-0.884512144453634,1,0,0,1,0,0,0,0,0,0,0,0,0,0,0,0,0,0,0,0,0,0,0,0,0,1,0
5998-VVEJY,0,-0.259435490678007,0.523077445133363,-0.0852572123812644,1,0,0,1,0,1,1,0,0,0,0,0,0,0,0,1,0,0,0,0,0,0,1,0,1,0,1
1624-NALOJ,1,-1.11456312879864,0.832171687164262,-0.785532385411088,1,0,0,1,0,1,1,0,0,0,0,1,0,0,0,0,0,0,0,1,0,0,1,0,1,0,1
6741-EGCBI,1,-0.0965540357978854,0.855436845166588,0.138595092803941,1,0,0,1,0,1,1,0,0,1,0,0,0,0,0,0,0,0,0,1,0,0,1,1,0,0,0
7820-ZYGNY,0,1.24721796696312,0.853775048166422,1.56442015431937,1,0,0,1,0,1,1,0,0,0,0,1,0,0,0,0,0,0,0,1,1,0,0,1,0,0,0
4317-VTEOA,0,-1.27744458367877,-0.46569176996548,-0.985015008619716,1,0,0,1,0,0,0,0,0,0,0,1,0,0,0,0,0,0,0,0,0,0,1,0,1,0,1
9677-AVKED,0,0.840014329762813,0.659344799146985,0.957054393825243,0,0,1,1,0,1,0,0,0,0,0,1,0,1,0,1,0,1,0,1,1,0,1,0,1,0,0
1670-SVOWZ,0,-0.748079855318371,0.827186296163764,-0.473958054705126,0,1,1,1,0,0,1,0,0,0,0,1,0,0,0,1,0,0,0,1,0,0,1,1,0,0,1
2227-JRSJX,0,-0.463037309278159,1.14292772619533,-0.143709130745373,0,0,0,1,0,0,1,0,0,0,0,1,0,0,0,1,0,1,0,1,0,0,1,0,0,0,0
9847-HNVGP,0,-0.62591876415828,-1.48935872206781,-0.870296496633964,1,0,0,1,0,0,0,1,1,0,1,0,1,0,1,0,1,0,1,0,1,0,0,0,0,1,0
6696-YDAYZ,0,-0.66663912787831,-1.47107895506598,-0.879148165540312,1,1,1,1,0,0,0,1,1,0,1,0,1,0,1,0,1,0,1,0,0,1,0,0,0,1,0
8980-WQFWL,0,0.107047782802266,-0.08846385092777,-0.0820344102358114,0,0,0,1,0,0,0,0,0,0,0,0,0,1,0,0,0,0,0,1,0,0,1,0,1,0,0
1730-ZMAME,1,-0.0151133083578247,0.489841505130041,0.169123417236554,0,0,0,1,0,0,1,0,0,0,0,0,0,0,0,0,0,0,0,1,0,0,1,0,1,0,0
6506-EYCNH,0,-0.177994763237946,-1.50265309806914,-0.767343419877846,0,1,1,1,0,0,0,1,1,0,1,0,1,0,1,0,1,0,1,0,0,0,1,0,0,0,0
4634-JLRJT,0,-1.27744458367877,-1.47606434606648,-0.998435992896672,0,0,0,1,0,0,0,1,1,0,1,0,1,0,1,0,1,0,1,0,0,0,1,0,0,1,0
9501-UKKNL,0,1.084336512083,-0.434117626962323,0.31957971465716,1,0,0,0,1,0,0,0,0,0,0,0,0,0,0,1,0,1,0,1,0,0,1,0,1,0,0
2560-QTSBS,0,1.61370124044339,-1.37801832305668,-0.290832256084037,0,1,1,1,0,1,0,1,1,0,1,0,1,0,1,0,1,0,1,0,1,0,1,0,0,0,0
7541-YLXCL,0,0.147768146522297,0.0212147510831943,0.0955728915608714,1,0,0,1,0,0,0,0,0,0,0,1,0,0,0,1,0,0,0,1,1,0,1,0,0,1,1
4795-WRNVT,0,0.310649601402418,0.0112439690821972,0.134246517306309,0,0,0,1,0,0,0,0,0,1,0,1,0,0,0,0,0,1,0,0,0,0,0,0,0,1,0
6080-TCMYC,0,0.310649601402418,0.546342603135689,0.446063661872545,1,1,1,1,0,1,1,0,0,0,0,0,0,1,0,0,0,0,0,0,0,0,1,0,1,0,0
0260-ZDLGK,0,-0.951681673918523,0.270484301108113,-0.719840199213359,0,0,1,1,0,0,0,0,0,0,0,0,0,1,0,1,0,1,0,1,0,0,1,0,0,1,1
7860-UXCRM,0,1.24721796696312,0.323661805113429,1.05629904071536,1,1,1,1,0,0,0,0,0,1,0,1,0,1,0,1,0,1,0,0,0,1,0,1,0,0,0
6357-JJPQT,0,-1.1960038562387,0.523077445133363,-0.904842286754746,0,0,0,1,0,0,1,0,0,0,0,0,0,0,0,0,0,1,0,0,0,0,1,0,1,0,0
2292-XQWSV,0,0.310649601402418,-0.148288542933751,0.0735430522378426,1,1,1,0,1,0,0,0,0,0,0,1,0,1,0,1,0,1,0,1,1,0,0,0,0,1,0
9552-TGUZV,0,-0.992402037638553,0.34027977511509,-0.716882284915478,1,1,0,1,0,0,1,0,0,1,0,0,0,0,0,0,0,0,0,0,0,0,1,0,0,1,0
5913-INRQV,1,0.066327419082236,0.843804266165425,0.373881723409315,1,1,0,1,0,0,1,0,0,1,0,0,0,0,0,1,0,1,0,0,1,0,0,0,0,1,0
8722-NGNBH,0,-1.11456312879864,-0.822978125001196,-0.908771456493723,1,0,0,0,1,0,0,0,0,1,0,0,0,1,0,1,0,0,0,0,0,0,0,0,0,1,1
6210-KBBPI,1,-0.951681673918523,1.15289850819632,-0.601523627298095,1,0,0,1,0,1,1,0,0,0,0,1,0,0,0,0,0,1,0,1,0,0,1,1,0,0,1
9643-YBLUR,0,-0.951681673918523,0.142525932095321,-0.71871442586118,1,1,0,1,0,1,0,0,0,0,0,1,0,1,0,0,0,0,0,1,0,0,1,1,0,0,0
8734-FNWVH,0,-0.0558336720778551,-0.168230106935744,-0.201498829490553,1,1,1,1,0,1,0,0,0,0,0,0,0,0,0,0,0,0,0,1,0,0,0,0,0,0,0
9447-YPTBX,0,0.717853238602722,-1.49268231606814,-0.591060557319021,0,1,0,1,0,0,0,1,1,0,1,0,1,0,1,0,1,0,1,0,1,0,1,0,0,0,0
0133-BMFZO,0,-1.23672421995873,0.714184100152467,-0.927225309874537,0,0,0,1,0,0,1,0,0,1,0,1,0,0,0,1,0,0,0,0,0,0,1,0,1,0,1
6128-CZOMY,0,-1.27744458367877,-0.635195063982425,-0.987266555324074,0,0,0,1,0,0,0,0,0,0,0,0,0,0,0,0,0,0,0,0,0,0,1,0,1,0,1
9540-JYROE,0,-0.992402037638553,0.177423669098809,-0.764010247795905,1,0,0,1,0,0,1,0,0,0,0,0,0,0,0,0,0,0,0,0,0,0,1,0,0,1,1
9026-LHEVG,0,-0.951681673918523,-0.798051169998705,-0.848752285031483,0,0,0,0,1,0,0,0,0,0,0,1,0,0,0,0,0,0,0,1,0,0,0,0,1,0,0
2260-USTRB,1,-1.23672421995873,0.180747263099142,-0.956230529183615,0,0,0,1,0,0,1,0,0,0,0,0,0,0,0,0,0,0,0,0,0,0,1,0,0,0,1
3656-TKRVZ,0,-1.1960038562387,-0.312806445950197,-0.934487651695455,0,0,0,1,0,0,0,0,0,1,0,1,0,0,0,0,0,0,0,0,0,0,0,0,1,0,1
7011-CVEUC,0,-0.300155854398037,1.02826373318387,0.0249140582211769,1,1,0,1,0,0,1,0,0,0,0,0,0,0,0,1,0,1,0,1,0,0,1,1,0,0,0
6185-TASNN,1,-1.27744458367877,-0.613591702980265,-0.986979593489205,1,0,0,1,0,0,0,0,0,0,0,0,0,0,0,0,0,0,0,0,0,0,0,0,1,0,0
7925-PNRGI,0,0.51425142000257,0.549666197136021,0.555903822665522,0,1,1,1,0,1,0,0,0,1,0,1,0,1,0,1,0,1,0,0,0,0,0,0,0,1,0
8623-TMRBY,1,0.758573602322752,0.646050423145657,0.822976994979475,1,1,1,1,0,1,1,0,0,0,0,1,0,1,0,0,0,0,0,0,0,0,1,0,1,0,1
1552-CZCLL,0,0.921455057202873,-1.48769692506765,-0.527421251939971,0,1,1,1,0,0,0,1,1,0,1,0,1,0,1,0,1,0,1,0,0,0,0,1,0,0,0
3038-PQIUY,0,0.229208873962357,0.0461417060856861,0.106168405463731,0,0,0,1,0,1,0,0,0,1,0,1,0,1,0,0,0,0,0,0,0,0,1,0,0,0,0
1501-SGHBW,0,-1.23672421995873,-0.62854787598176,-0.971660246304654,1,0,0,1,0,0,0,0,0,0,0,0,0,0,0,0,0,0,0,0,0,0,0,0,0,1,1
9313-CDOGY,0,0.229208873962357,-1.50099130106898,-0.690746683955091,1,1,1,1,0,0,0,1,1,0,1,0,1,0,1,0,1,0,1,0,0,0,0,0,1,0,0
8148-BPLZQ,0,0.066327419082236,-0.497265912968636,-0.241805930296014,1,0,0,1,0,0,0,0,0,0,0,1,0,0,0,0,0,0,0,0,0,0,1,0,1,0,0
2623-DRYAM,0,1.53226051300333,1.22934117020397,2.11353266233506,0,1,0,1,0,1,1,0,0,0,0,0,0,1,0,0,0,1,0,1,1,0,1,0,1,0,0
9987-LUTYD,0,-0.788800219038401,-0.319453633950861,-0.679444802458707,0,0,0,1,0,0,0,0,0,1,0,0,0,0,0,1,0,0,0,0,1,0,0,0,0,1,0
3208-YPIOE,0,0.269929237682388,0.34858876011592,0.324811249646697,1,0,0,1,0,1,1,0,0,0,0,0,0,0,0,0,0,0,0,0,0,0,0,0,1,0,1
4488-KQFDT,0,1.16577723952306,1.30246023821128,1.82820430252598,0,0,0,1,0,1,1,0,0,0,0,1,0,1,0,0,0,1,0,1,1,0,1,0,1,0,0
2612-RANWT,0,-0.829520582758432,1.17616366619865,-0.493405237514332,0,0,0,1,0,1,1,0,0,0,0,0,0,1,0,0,0,1,0,1,0,0,1,0,0,0,1
5693-PIPCS,0,0.351369965122448,1.15954569619699,0.855778940103744,1,0,0,1,0,0,1,0,0,0,0,1,0,0,0,1,0,1,0,1,0,1,1,1,0,0,0
0491-KAPQG,0,-0.463037309278159,0.297073053110771,-0.319285625710674,1,0,0,1,0,1,1,0,0,0,0,0,0,0,0,0,0,0,0,0,0,0,1,0,1,0,0
1925-LFCZZ,1,0.921455057202873,-0.488956927967806,0.203757503306527,1,0,0,0,1,0,0,0,0,0,0,0,0,1,0,0,0,1,0,1,1,0,1,0,0,0,0
8039-EQPIM,0,1.4915401492833,-0.149950339933917,0.783001003983478,1,1,0,0,1,0,0,0,0,1,0,0,0,1,0,1,0,1,0,1,0,1,0,0,0,0,0
6900-PXRMS,1,-0.259435490678007,1.36228493021726,0.189100375740904,1,1,1,1,0,1,1,0,0,0,0,1,0,1,0,0,0,1,0,1,0,0,0,0,1,0,1
8707-RMEZH,1,1.4915401492833,0.749081837155956,1.66598256987574,0,1,0,1,0,0,1,0,0,1,0,1,0,0,0,0,0,0,0,1,1,0,0,1,0,0,0
3346-BRMIS,1,-0.58519840043825,-0.545458025973454,-0.649512475683129,0,1,0,0,1,0,0,0,0,0,0,0,0,1,0,0,0,1,0,1,0,0,1,0,1,0,1
3209-ZPKFI,0,0.595692147442631,-0.349365979953851,0.11314378544978,1,1,1,1,0,1,0,0,0,0,0,1,0,0,0,0,0,0,0,0,0,0,0,0,1,0,0
6479-VDGRK,0,1.61370124044339,0.682609957149311,1.69849755316514,0,1,1,1,0,0,0,0,0,1,0,1,0,1,0,1,0,1,0,1,0,1,0,0,0,0,0
9373-WSLOY,1,0.0256070553622056,-0.490618724967972,-0.234455292525905,1,1,0,0,1,0,0,0,0,0,0,1,0,1,0,1,0,1,0,0,0,0,1,0,1,0,0
2933-FILNV,0,-1.23672421995873,-1.34145878905303,-0.991284021012242,0,1,1,0,1,0,0,0,0,0,0,0,0,0,0,0,0,0,0,0,0,0,1,0,0,1,1
3569-JFODW,0,1.61370124044339,0.870393018168083,1.92950183023477,0,1,1,1,0,1,0,0,0,1,0,1,0,1,0,1,0,1,0,1,0,1,0,1,0,0,0
9819-FBNSV,1,0.188488510242327,0.248880940105953,0.12958890598651,1,1,0,1,0,0,1,0,0,0,0,0,0,0,0,0,0,0,0,0,0,0,1,0,0,0,0
9544-PYPSJ,1,1.20649760324309,1.04155810918519,1.65000100307226,0,1,1,1,0,1,1,0,0,0,0,1,0,1,0,0,0,0,0,1,0,0,1,1,0,0,0
1591-XWLGB,0,1.57298087672336,-1.49268231606814,-0.398354648210763,0,1,0,1,0,0,0,1,1,0,1,0,1,0,1,0,1,0,1,0,0,1,0,1,0,0,0
0396-UKGAI,0,-0.381596581838098,-0.314468242950363,-0.44047181597463,1,0,1,1,0,0,0,0,0,0,0,1,0,0,0,1,0,0,0,0,0,0,1,0,0,0,0
3243-ZHOHY,0,-0.66663912787831,-1.48437333106731,-0.876675878962978,0,0,0,1,0,0,0,1,1,0,1,0,1,0,1,0,1,0,1,0,1,0,0,0,0,1,0
5186-EJEGL,0,-0.951681673918523,0.157482105096816,-0.719023461683347,1,0,0,1,0,0,0,0,0,1,0,0,0,1,0,1,0,1,0,0,0,0,1,0,0,1,0
7527-QNRUS,0,-0.62591876415828,-1.31653183405053,-0.825265562546812,1,1,1,1,0,1,0,1,1,0,1,0,1,0,1,0,1,0,1,0,0,1,1,0,0,1,0
9986-BONCE,0,-1.15528349251868,-1.45612278206449,-0.969673587447868,0,0,0,1,0,0,0,1,1,0,1,0,1,0,1,0,1,0,1,0,0,0,0,0,0,0,1
2722-JMONI,1,-1.27744458367877,-0.505574897969467,-0.985544784314859,0,1,0,1,0,0,0,0,0,1,0,0,0,0,0,0,0,0,0,0,0,0,1,0,1,0,1
2203-GHNWN,0,-0.340876218118068,0.494826896130539,-0.155938119708256,0,1,0,1,0,1,1,0,0,0,0,0,0,1,0,0,0,0,0,0,0,0,1,0,0,1,0
3878-AVSOQ,1,-1.27744458367877,0.21564500010263,-0.975964673827691,0,0,0,1,0,0,1,0,0,0,0,0,0,0,0,0,0,0,0,0,0,0,1,0,1,0,0
3258-SYSWS,1,1.61370124044339,1.629834247244,2.45634168506716,1,0,0,1,0,1,1,0,0,1,0,1,0,1,0,1,0,1,0,1,0,1,0,0,0,0,0
5296-PSYVW,0,1.61370124044339,-1.33647339805253,-0.234521514487798,0,1,0,1,0,1,0,1,1,0,1,0,1,0,1,0,1,0,1,0,0,1,0,0,1,0,0
6319-QSUSR,0,-0.870240946478462,-1.49766770706864,-0.911972184651879,0,0,1,1,0,0,0,1,1,0,1,0,1,0,1,0,1,0,1,0,0,0,0,1,0,0,0
4083-EUGRJ,0,-0.951681673918523,-1.47938794006682,-0.928615971074287,1,0,0,1,0,0,0,1,1,0,1,0,1,0,1,0,1,0,1,0,0,0,0,0,0,1,1
7579-OOPEC,1,-1.23672421995873,-0.485633333967473,-0.956605786967674,0,1,0,1,0,0,0,0,0,0,0,1,0,0,0,0,0,0,0,0,0,0,0,1,0,0,1
0512-FLFDW,1,1.12505687580303,1.18779624519981,1.6542612826207,0,1,0,1,0,1,1,0,0,0,0,0,0,1,0,0,0,1,0,1,1,0,1,1,0,0,0
1771-OADNZ,1,-0.137274399517916,1.03491092118453,0.204530092861943,1,1,0,1,0,1,1,0,0,0,0,1,0,1,0,0,0,0,0,1,0,0,1,0,1,0,1
0487-CRLZF,0,0.677132874882691,0.322000008113263,0.635723360733731,0,0,0,1,0,0,0,0,0,0,0,0,0,1,0,1,0,1,0,1,0,1,1,0,0,0,0
2107-FBPTK,1,-0.0965540357978854,1.30744562921177,0.370482329365481,0,0,0,1,0,1,1,0,0,0,0,1,0,1,0,0,0,1,0,1,0,0,1,0,1,0,0
9451-WLYRI,0,0.840014329762813,-1.5192710680708,-0.570156491348171,0,1,0,1,0,0,0,1,1,0,1,0,1,0,1,0,1,0,1,0,1,0,0,1,0,0,0
8219-VYBVI,0,0.269929237682388,-1.32151722505103,-0.564019922879431,1,0,1,1,0,1,0,1,1,0,1,0,1,0,1,0,1,0,1,0,0,1,0,0,0,1,0
1991-VOPLL,0,-0.951681673918523,-1.5192710680708,-0.937820823777396,0,0,0,1,0,0,0,1,1,0,1,0,1,0,1,0,1,0,1,0,0,0,0,0,0,1,0
9738-QLWTP,0,0.269929237682388,0.569607761138015,0.414034306303693,1,0,0,1,0,0,1,0,0,0,0,0,0,1,0,1,0,0,0,0,1,0,0,0,1,0,0
1016-DJTSV,1,-0.992402037638553,0.164129293097481,-0.754518433257927,1,0,0,1,0,0,1,0,0,0,0,0,0,0,0,0,0,0,0,0,0,0,1,0,1,0,0
9419-IPPBE,0,0.758573602322752,0.843804266165425,1.00345391512485,0,1,1,1,0,1,1,0,0,0,0,0,0,1,0,0,0,0,0,1,1,0,1,0,1,0,0
0174-QRVVY,0,1.57298087672336,-1.30988464604987,-0.1917642010923,1,1,1,1,0,1,0,1,1,0,1,0,1,0,1,0,1,0,1,0,0,1,0,1,0,0,0
5699-BNCAS,1,1.57298087672336,-1.3331498040522,-0.227435764565261,1,0,0,1,0,1,0,1,1,0,1,0,1,0,1,0,1,0,1,0,0,1,1,0,0,1,0
2900-PHPLN,1,1.53226051300333,-1.50265309806914,-0.361954643156981,0,1,0,1,0,0,0,1,1,0,1,0,1,0,1,0,1,0,1,0,0,1,1,1,0,0,0
0612-RTZZA,1,-1.27744458367877,-1.3132082400502,-0.996272742141505,0,0,0,0,1,0,0,0,0,0,0,0,0,0,0,0,0,0,0,0,0,0,0,0,1,0,1
8106-GWQOK,0,0.229208873962357,-0.158259324934747,-0.0391667269038257,1,1,0,0,1,0,0,0,0,1,0,1,0,0,0,1,0,1,0,1,0,1,1,0,0,0,0
8751-EDEKA,0,-0.177994763237946,0.835495281164595,0.0669208560485554,0,1,0,1,0,0,1,0,0,0,0,1,0,1,0,0,0,0,0,1,0,0,0,1,0,0,0
6878-GGDWG,0,-0.0151133083578247,-1.50763848906964,-0.724365366609372,0,1,0,1,0,0,0,1,1,0,1,0,1,0,1,0,1,0,1,0,0,0,0,0,0,0,0
4039-PIMHX,1,0.677132874882691,-0.497265912968636,0.0514249169656234,1,1,0,1,0,0,0,0,0,0,0,1,0,0,0,0,0,0,0,0,0,1,0,0,0,1,0
8450-LUGUK,0,0.188488510242327,-1.35142957105402,-0.62693078667766,0,1,1,1,0,1,0,1,1,0,1,0,1,0,1,0,1,0,1,0,0,1,1,0,0,0,0
3604-WLABM,0,-0.910961310198492,-0.349365979953851,-0.750037413836509,0,0,0,1,0,0,0,0,0,0,0,0,0,1,0,1,0,0,0,0,0,0,0,0,1,0,0
0795-GMVQO,0,1.41009942184324,1.50021408123104,2.22968598349516,1,1,0,1,0,1,1,0,0,1,0,1,0,1,0,0,0,1,0,1,1,0,0,1,0,0,0
2259-OUUSZ,0,-1.03312240135858,-0.972539855016148,-0.897248835124363,1,0,0,0,1,0,0,0,0,0,0,0,0,1,0,1,0,0,0,0,1,0,1,1,0,0,0
1142-IHLOO,0,0.758573602322752,0.757390822156787,0.9685990891819,0,0,0,1,0,0,1,0,0,0,0,0,0,0,0,0,0,1,0,1,1,0,0,1,0,0,0
6410-LEFEN,0,-0.951681673918523,-0.651813033984086,-0.823565865524894,0,0,0,1,0,0,0,0,0,0,0,0,0,0,0,0,0,0,0,0,0,0,0,0,1,0,1
4633-MKHYU,0,-0.951681673918523,0.785641371159611,-0.659269178068679,0,0,0,1,0,0,1,0,0,0,0,0,0,0,0,0,0,1,0,1,0,0,1,0,0,1,0
6257-RJOHI,0,-1.15528349251868,-0.464029972965314,-0.918108753120618,1,0,0,1,0,0,0,0,0,0,0,0,0,0,0,1,0,0,0,0,0,0,1,0,0,1,0
1545-JFUML,0,1.57298087672336,1.13794233519483,2.08055412531241,1,1,0,1,0,1,1,0,0,1,0,1,0,1,0,0,0,1,0,0,0,1,1,0,1,0,0
3194-ORPIK,0,0.717853238602722,0.652697611146321,0.809776750575496,0,1,1,1,0,1,1,0,0,0,0,0,0,0,0,0,0,1,0,0,0,0,1,0,0,0,1
7826-VVKWT,1,-0.340876218118068,1.05651428218669,-0.00815277475066393,0,1,1,1,0,0,1,0,0,0,0,0,0,1,0,0,0,1,0,1,0,1,1,0,1,0,0
1353-GHZOS,0,-0.422316945558128,-0.166568309935578,-0.400672416877014,1,1,0,1,0,0,0,0,0,1,0,0,0,0,0,0,0,1,0,0,1,0,1,0,0,0,0
2587-EKXTS,0,0.473531056282539,1.55339158523636,1.16251906759153,1,0,0,1,0,1,1,0,0,1,0,1,0,1,0,0,0,1,0,1,0,0,1,0,1,0,0
5442-BXVND,0,0.0256070553622056,-1.34644418005352,-0.63723933874565,0,1,1,1,0,1,0,1,1,0,1,0,1,0,1,0,1,0,1,0,0,0,0,0,0,0,0
8816-VXNZD,0,-1.27744458367877,0.343603369115422,-0.974264976805774,0,0,0,1,0,1,1,0,0,0,0,0,0,0,0,0,0,0,0,0,0,0,1,0,1,0,1
9378-FXTIZ,0,0.880734693482843,0.179085466098976,0.632964112321528,0,1,0,1,0,1,0,0,0,0,0,0,0,0,0,0,0,1,0,1,1,0,1,1,0,0,1
1723-HKXJQ,0,0.392090328842479,1.22934117020397,0.879221514613821,1,0,0,1,0,1,1,0,0,0,0,1,0,0,0,0,0,1,0,1,0,0,1,0,1,0,1
7825-GKXMW,0,-1.27744458367877,-0.630209672981926,-0.987200333362181,0,0,0,1,0,0,0,0,0,0,0,0,0,0,0,0,0,0,0,0,0,0,0,0,1,0,1
9753-OYLBX,0,-1.27744458367877,-1.47107895506598,-0.998369770934779,0,0,0,1,0,0,0,1,1,0,1,0,1,0,1,0,1,0,1,0,0,0,0,0,0,1,0
2364-UFROM,0,-0.0965540357978854,0.187394451099807,-0.104704395190471,1,0,0,1,0,0,0,0,0,1,0,1,0,0,0,1,0,1,0,0,1,0,0,0,1,0,0
6656-JWRQX,0,-1.27744458367877,-1.13705775803259,-0.993932899487956,0,0,0,0,1,0,0,0,0,0,0,0,0,0,0,1,0,0,0,0,0,0,0,0,0,1,0
6473-ULUHT,0,-0.66663912787831,0.669315581147982,-0.390121050948749,1,1,1,1,0,1,0,0,0,1,0,1,0,0,0,1,0,1,0,1,0,0,0,0,1,0,0
1240-KNSEZ,0,-1.27744458367877,-1.48437333106731,-0.99854636283316,1,0,0,1,0,0,0,1,1,0,1,0,1,0,1,0,1,0,1,0,0,0,1,0,0,1,1
0836-SEYLU,0,-0.951681673918523,-0.801374763999037,-0.862195343295736,1,1,0,0,1,0,0,0,0,0,0,0,0,0,0,1,0,1,0,0,0,0,0,0,0,1,1
4433-JCGCG,1,0.5549717837226,1.20441421520147,1.0587271793181,1,1,0,1,0,1,1,0,0,0,0,0,0,1,0,0,0,1,0,1,0,0,1,0,1,0,1
3716-BDVDB,0,-1.27744458367877,0.144187729095487,-0.976913855281488,1,0,0,1,0,0,1,0,0,0,0,0,0,0,0,0,0,0,0,0,0,0,1,0,1,0,1
7688-AWMDX,0,1.57298087672336,-0.341056994953021,0.660578670430855,1,1,0,1,0,0,0,0,0,1,0,0,0,0,0,1,0,0,0,0,0,1,0,0,0,0,0
2842-BCQGE,0,0.432810692562509,0.351912354116252,0.388273963127366,1,0,0,1,0,1,1,0,0,0,0,0,0,0,0,0,0,0,0,0,0,0,1,1,0,0,0
7244-QWYHG,0,0.717853238602722,-0.675078191986411,-0.0412637556970999,1,1,0,0,1,0,0,0,0,1,0,0,0,0,0,1,0,1,0,0,1,0,1,0,0,0,0
5899-MQZZL,0,-0.788800219038401,0.34027977511509,-0.566183173634599,0,0,0,1,0,1,1,0,0,0,0,0,0,0,0,0,0,0,0,0,0,0,1,0,0,1,1
6849-OYAMU,0,-0.544478036718219,1.17117827519815,-0.173619383533653,1,1,1,1,0,0,1,0,0,0,0,1,0,0,0,1,0,1,0,1,1,0,0,0,0,0,1
5312-UXESG,0,0.351369965122448,1.10636819219167,0.754348968471162,0,0,0,1,0,1,1,0,0,0,0,0,0,1,0,0,0,1,0,1,0,0,0,0,0,0,0
9488-HGMJH,1,-1.27744458367877,0.212321406102298,-0.976008821802286,0,0,0,1,0,0,1,0,0,0,0,0,0,0,0,0,0,0,0,0,0,0,1,0,1,0,1
6038-GCYEC,0,-0.340876218118068,-0.352689573954184,-0.459874850809241,0,0,0,0,1,0,0,0,0,0,0,1,0,1,0,0,0,1,0,1,0,0,1,1,0,0,1
2150-WLKUW,0,0.310649601402418,-0.0286391589217896,0.15587902485798,0,1,0,1,0,1,0,0,0,0,0,1,0,0,0,0,0,1,0,0,1,0,0,0,0,0,0
7159-FVYPK,0,-1.1960038562387,0.145849526095653,-0.903672365427972,0,1,1,1,0,1,0,0,0,0,0,1,0,1,0,0,0,1,0,0,0,0,1,0,0,0,0
7032-LMBHI,0,0.188488510242327,-0.00371220391929756,0.0291081158077254,0,0,0,1,0,1,0,0,0,1,0,0,0,0,0,0,0,1,0,0,1,0,0,0,0,0,0
1150-WFARN,0,1.41009942184324,1.46199275022722,2.15189725225833,0,1,1,1,0,1,1,0,0,1,0,0,0,1,0,1,0,1,0,1,0,1,1,1,0,0,1
6088-BXMRG,0,-0.0151133083578247,1.13295694419433,0.356575717367977,0,1,1,1,0,1,1,0,0,0,0,1,0,0,0,0,0,1,0,1,0,0,1,0,1,0,0
3144-AUDBS,0,-1.07384276507861,-0.518869273970796,-0.887867390522873,0,1,0,1,0,0,0,0,0,0,0,0,0,0,0,1,0,0,0,0,0,0,1,0,1,0,1
4821-SJHJV,0,-0.0151133083578247,0.825524499163597,0.273665821078102,0,1,1,1,0,1,1,0,0,1,0,0,0,0,0,0,0,1,0,0,0,0,0,0,1,0,0
7346-MEDWM,0,1.084336512083,0.6144762801425,1.17750730496661,0,0,0,1,0,1,1,0,0,0,0,1,0,1,0,0,0,0,0,0,0,0,1,0,1,0,0
1137-DGOWI,0,-0.0965540357978854,0.182409060099308,-0.0366502923518964,0,1,0,1,0,0,0,0,0,0,0,1,0,1,0,1,0,0,0,1,1,0,0,0,0,0,0
5616-PRTNT,0,-0.503757672998189,-1.50763848906964,-0.842085940867601,1,0,1,1,0,0,0,1,1,0,1,0,1,0,1,0,1,0,1,0,0,0,1,0,1,0,1
3812-LRZIR,0,-0.218715126957977,-1.33813519505269,-0.671034613298313,0,1,1,1,0,1,0,1,1,0,1,0,1,0,1,0,1,0,1,0,0,1,0,0,1,0,0
4818-QIUFN,1,-0.503757672998189,0.478208926128878,-0.335973560107678,0,0,0,1,0,1,1,0,0,1,0,0,0,0,0,0,0,0,0,0,0,0,1,0,1,0,1
9483-GCPWE,0,-0.951681673918523,-1.48437333106731,-0.923428584059345,1,0,1,1,0,0,0,1,1,0,1,0,1,0,1,0,1,0,1,0,1,0,0,0,0,1,0
4227-OJHAL,0,1.45081978556327,0.273807895108445,1.27193982262585,0,1,1,1,0,1,0,0,0,1,0,1,0,1,0,0,0,1,0,0,1,0,1,1,0,0,0
9220-CXRSC,0,1.4915401492833,-0.111729008930096,0.784921440878371,0,1,1,1,0,1,0,0,0,1,0,0,0,0,0,1,0,0,0,0,0,1,0,1,0,0,0
4993-JCRGJ,0,-0.259435490678007,0.649374017145989,-0.000139917361626382,1,0,0,1,0,1,1,0,0,0,0,0,0,1,0,1,0,0,0,0,0,0,1,0,0,1,0
9537-JALFH,0,1.4915401492833,-1.49102051906798,-0.408464534393075,1,1,1,1,0,0,0,1,1,0,1,0,1,0,1,0,1,0,1,0,0,1,0,0,0,0,0
6698-OXETB,0,-0.870240946478462,-1.47440254906632,-0.905239618526103,1,0,0,1,0,0,0,1,1,0,1,0,1,0,1,0,1,0,1,0,0,1,0,0,0,1,0
2103-ZRXFN,0,-1.27744458367877,-0.46569176996548,-0.985015008619716,1,0,0,1,0,1,0,0,0,0,0,0,0,0,0,0,0,0,0,0,0,0,0,0,0,1,0
3724-BSCVH,0,-0.910961310198492,-1.47274075206615,-0.900405415307924,1,1,1,1,0,0,0,1,1,0,1,0,1,0,1,0,1,0,1,0,1,0,0,0,0,1,0
4877-TSOFF,0,0.921455057202873,0.365206730117582,0.875159900951058,0,1,1,1,0,1,0,0,0,1,0,1,0,0,0,1,0,0,0,1,1,0,1,0,0,0,0
9209-NWPGU,0,0.473531056282539,0.0212147510831943,0.217487523405649,1,0,0,1,0,0,0,0,0,1,0,0,0,0,0,1,0,1,0,0,1,0,0,0,1,0,0
6961-VCPMC,1,0.5549717837226,0.519753851133031,0.584202674381076,1,1,0,1,0,0,1,0,0,0,0,0,0,0,0,0,0,0,0,1,0,0,1,0,1,0,1
7306-YDSOI,0,1.4915401492833,-0.166568309935578,0.789358312325194,1,1,1,1,0,0,0,0,0,1,0,1,0,1,0,0,0,0,0,0,0,1,1,0,0,0,0
5288-AHOUP,1,-0.870240946478462,0.456605565126718,-0.621478511815147,1,0,0,1,0,0,1,0,0,0,0,0,0,0,0,0,0,0,0,1,0,0,1,0,1,0,0
6688-UZPWD,0,-0.870240946478462,1.2376501552048,-0.501771278700132,0,1,0,1,0,1,1,0,0,0,0,1,0,0,0,0,0,1,0,1,0,0,1,0,1,0,1
0655-YDGFJ,0,-0.137274399517916,-0.52551646197146,-0.423033366009507,1,0,0,1,0,0,0,0,0,0,0,0,0,1,0,0,0,0,0,0,0,0,0,0,0,0,0
8468-EHYJA,0,1.00289578464293,1.15954569619699,1.41941613176128,0,1,0,1,0,1,1,0,0,1,0,0,0,0,0,0,0,1,0,1,0,0,1,0,1,0,0
6823-SIDFQ,0,-0.177994763237946,-1.54585982007346,-0.771360885566014,1,0,0,1,0,0,0,1,1,0,1,0,1,0,1,0,1,0,1,0,1,0,0,1,0,0,0
1097-FSPVW,0,0.392090328842479,-0.339395197952855,0.0764347445738314,0,0,0,1,0,0,0,0,0,1,0,0,0,1,0,0,0,0,0,0,0,0,0,1,0,0,0
2839-RFSQE,0,-1.23672421995873,-1.46609356406549,-0.990334839558444,0,0,0,1,0,0,0,1,1,0,1,0,1,0,1,0,1,0,1,0,0,0,0,0,0,1,1
8328-SKJNO,0,-0.381596581838098,-0.801374763999037,-0.589162194411425,1,0,1,0,1,0,0,0,0,1,0,1,0,0,0,1,0,0,0,0,1,0,0,0,0,0,0
7010-ZMVBF,0,-0.58519840043825,-1.47274075206615,-0.849811836421769,0,1,1,1,0,0,0,1,1,0,1,0,1,0,1,0,1,0,1,0,0,0,0,0,0,1,0
5201-CBWYG,0,1.20649760324309,-1.3281644130517,-0.355685630764456,1,1,1,1,0,1,0,1,1,0,1,0,1,0,1,0,1,0,1,0,1,0,0,0,0,0,0
0968-GSIKN,0,-1.27744458367877,0.200688827101135,-0.976163339713369,0,0,0,1,0,0,1,0,0,0,0,0,0,0,0,0,0,0,0,0,0,0,1,0,0,1,1
1965-DDBWU,0,-0.66663912787831,0.80724473216177,-0.367892545740042,1,0,0,1,0,1,1,0,0,0,0,0,0,0,0,1,0,0,0,1,0,0,1,1,0,0,1
9057-SIHCH,0,-1.1960038562387,1.05817607918686,-0.878552167883276,0,0,0,1,0,1,1,0,0,0,0,0,0,0,0,0,0,1,0,1,0,0,1,0,1,0,1
6352-GIGGQ,0,1.41009942184324,0.79893574716094,1.59870105659258,1,0,0,1,0,1,0,0,0,1,0,1,0,1,0,1,0,1,0,1,1,0,1,0,0,0,0
3635-QQRQD,0,1.20649760324309,-1.48603512806748,-0.476915969003007,1,0,0,1,0,0,0,1,1,0,1,0,1,0,1,0,1,0,1,0,0,1,1,1,0,0,0
6771-XWBDM,0,1.00289578464293,1.3207400052131,1.60673598796891,0,1,0,1,0,1,1,0,0,0,0,1,0,1,0,0,0,1,0,1,0,0,1,1,0,0,1
2897-DOVND,0,-1.23672421995873,0.167452887097813,-0.942677100982873,1,0,0,1,0,0,1,0,0,0,0,0,0,0,0,0,0,0,0,0,0,0,1,0,1,0,0
3082-YVEKW,0,-0.381596581838098,0.411737046122233,-0.230680640698011,0,1,1,1,0,1,0,0,0,1,0,0,0,1,0,1,0,1,0,0,0,1,1,0,0,0,0
0191-EQUUH,0,-0.300155854398037,-0.987496028017643,-0.634612534257233,0,0,1,0,1,0,0,0,0,1,0,0,0,0,0,1,0,0,0,0,0,1,0,0,0,0,0
7134-HBPBS,1,1.61370124044339,1.44038938922506,2.42466551329507,0,0,0,1,0,1,1,0,0,0,0,1,0,1,0,1,0,1,0,1,0,1,1,0,0,0,0
3489-HHPFY,0,-1.23672421995873,0.641065032145158,-0.948239745781875,0,1,0,1,0,1,1,0,0,0,0,0,0,0,0,0,0,1,0,0,0,0,1,0,1,0,0
2926-JEJJC,0,-0.992402037638553,-1.48104973706698,-0.945193535534803,0,0,0,1,0,0,0,1,1,0,1,0,1,0,1,0,1,0,1,0,1,0,1,0,0,0,0
8601-QACRS,0,-1.11456312879864,-0.470677160965978,-0.897072243225982,0,0,0,1,0,1,0,0,0,0,0,0,0,0,0,0,0,0,0,0,0,0,1,0,0,1,1
4950-BDEUX,0,0.107047782802266,-0.51720747697063,-0.256176096026767,1,0,0,0,1,0,0,0,0,0,0,0,0,1,0,0,0,1,0,1,0,0,0,0,1,0,0
5789-LDFXO,0,-0.340876218118068,-1.33481160105236,-0.745777134288067,1,0,0,1,0,1,0,1,1,0,1,0,1,0,1,0,1,0,1,0,1,0,0,0,1,0,0
0508-OOLTO,0,-1.23672421995873,0.22893937610396,-0.947489230213756,0,1,1,1,0,0,1,0,0,0,0,0,0,0,0,0,0,0,0,0,0,0,1,0,1,0,0
2984-TBYKU,0,1.61370124044339,1.33403438121443,2.40638825181264,1,1,1,1,0,1,1,0,0,1,0,1,0,1,0,1,0,0,0,1,0,1,1,1,0,0,0
9822-WMWVG,0,0.351369965122448,1.38721188521975,0.883172758340096,0,0,0,1,0,1,1,0,0,1,0,1,0,1,0,1,0,1,0,0,0,0,1,0,1,0,0
2391-SOORI,0,-1.15528349251868,-0.512222085970131,-0.910449079528343,1,0,1,1,0,0,0,0,0,1,0,0,0,0,0,0,0,0,0,0,0,0,0,0,1,0,1
9040-KZVWO,0,-0.259435490678007,0.356897745116751,-0.116469830420105,1,0,0,1,0,0,1,0,0,0,0,1,0,0,0,0,0,0,0,0,1,0,0,0,0,0,0
2645-QTLMB,0,-1.03312240135858,0.980071620179047,-0.712070155684596,1,0,0,1,0,0,1,0,0,0,0,1,0,0,0,0,0,1,0,1,0,0,1,0,1,0,1
4806-HIPDW,0,-1.27744458367877,0.139202338094989,-0.976980077243381,0,1,0,1,0,0,1,0,0,0,0,0,0,0,0,0,0,0,0,0,0,0,1,0,1,0,1
1548-ARAGG,0,-1.15528349251868,-0.208113234939731,-0.90815338484939,0,1,1,1,0,1,0,0,0,0,0,1,0,0,0,1,0,0,0,0,0,0,1,0,0,1,0
6339-RZCBJ,0,0.636412511162661,0.469899941128048,0.657620756132974,1,0,0,1,0,0,0,0,0,0,0,1,0,1,0,1,0,1,0,1,0,1,0,1,0,0,0
4424-TKOPW,1,-1.23672421995873,0.966777244177718,-0.920558965710654,1,0,0,1,0,1,1,0,0,0,0,0,0,0,0,0,0,1,0,1,0,0,1,0,1,0,1
4415-WNGVR,1,-0.829520582758432,0.479870723129044,-0.590729447509557,0,1,0,1,0,0,0,0,0,1,0,0,0,1,0,1,0,1,0,1,1,0,1,0,1,0,0
2522-AHJXR,0,1.12505687580303,1.48525790822955,1.89436004245695,1,1,0,1,0,1,1,0,0,1,0,0,0,1,0,1,0,1,0,1,0,0,1,0,0,0,0
0412-UCCNP,0,0.921455057202873,-0.184848076937405,0.394653345456379,1,0,0,1,0,0,0,0,0,1,0,0,0,1,0,1,0,0,0,0,0,1,1,0,1,0,0
1816-FLZDK,0,-1.27744458367877,-1.18358807403725,-0.99455097113229,1,0,0,0,1,0,0,0,0,0,0,0,0,0,0,1,0,0,0,0,0,0,0,0,0,1,0
7096-UCLNH,0,-1.27744458367877,-1.48603512806748,-0.998568436820457,1,0,0,1,0,0,0,1,1,0,1,0,1,0,1,0,1,0,1,0,0,0,0,0,0,1,0
8443-ZRDBZ,0,-1.15528349251868,0.375177512118578,-0.866632214742559,1,0,0,1,0,1,1,0,0,0,0,0,0,0,0,0,0,0,0,0,0,0,1,0,1,0,1
9136-ALYBR,0,-1.27744458367877,-1.33979699205286,-0.996625925938267,1,0,0,0,1,0,0,0,0,0,0,0,0,0,0,0,0,0,0,0,0,0,1,0,0,1,1
4615-PIVVU,0,0.392090328842479,0.0577742850868488,0.212278062403409,0,0,0,1,0,0,0,0,0,0,0,0,0,1,0,1,0,0,0,1,0,1,0,1,0,0,0
8885-QSQBX,0,-1.27744458367877,-0.505574897969467,-0.985544784314859,0,0,0,1,0,0,0,0,0,1,0,0,0,0,0,0,0,0,0,0,0,0,0,0,0,0,0
7479-NITWS,0,-1.03312240135858,0.817215514162767,-0.72847112824673,1,0,0,1,0,1,1,0,0,0,0,0,0,1,0,0,0,1,0,0,0,0,1,1,0,0,1
8617-ENBDS,0,-1.1960038562387,0.293749459110438,-0.904776064792853,1,0,0,1,0,0,1,0,0,0,0,0,0,1,0,0,0,0,0,0,0,0,1,1,0,0,0
9385-NXKDA,0,1.61370124044339,0.594534716140507,1.60585302847701,0,1,0,1,0,1,0,0,0,1,0,1,0,1,0,0,0,1,0,1,0,1,1,1,0,0,0
0430-IHCDJ,0,-0.707359491598341,-0.523854664971294,-0.676641406071909,1,0,0,1,0,1,0,0,0,0,0,0,0,0,0,0,0,0,0,0,0,0,1,0,1,0,0
2959-MJHIC,0,-1.15528349251868,0.518092054132865,-0.871709231821012,1,1,0,1,0,0,1,0,0,0,0,0,0,0,0,0,0,1,0,0,0,0,1,0,1,0,1
6674-KVJHG,0,-0.870240946478462,-1.31487003705037,-0.899191346006554,0,0,0,1,0,1,0,1,1,0,1,0,1,0,1,0,1,0,1,0,1,0,0,0,1,0,0
1814-DKOLC,0,-1.11456312879864,-1.30656105204954,-0.947930709959708,0,0,0,1,0,1,0,1,1,0,1,0,1,0,1,0,1,0,1,0,0,0,0,0,0,1,0
4201-JMNGR,1,-1.27744458367877,-0.297850272948702,-0.982785535902656,0,0,0,1,0,0,0,0,0,1,0,0,0,1,0,0,0,0,0,0,0,0,1,0,1,0,1
9351-HXDMR,0,1.61370124044339,1.53345002123437,2.63074825870569,1,1,0,1,0,1,1,0,0,1,0,0,0,1,0,1,0,1,0,1,0,1,1,1,0,0,0
3537-HPKQT,0,0.921455057202873,0.431678610124226,0.876109082404856,0,1,0,1,0,1,1,0,0,0,0,1,0,0,0,0,0,0,0,0,0,0,1,1,0,0,0
2129-ALKBS,0,0.310649601402418,-1.28163409704705,-0.531725679463008,0,1,1,1,0,1,0,1,1,0,1,0,1,0,1,0,1,0,1,0,0,0,1,0,1,0,0
5821-MMEIL,0,1.00289578464293,-1.49102051906798,-0.514905301142218,0,1,0,1,0,0,0,1,1,0,1,0,1,0,1,0,1,0,1,0,0,1,0,0,0,0,0
5960-WPXQM,0,-1.27744458367877,0.474885332128546,-0.972521131809261,1,0,0,1,0,0,1,0,0,0,0,0,0,0,0,0,0,1,0,0,0,0,1,0,1,0,1
0684-AOSIH,0,-1.27744458367877,1.00499857518154,-0.965479529861319,1,1,0,1,0,0,1,0,0,1,0,0,0,0,0,0,0,1,0,1,0,0,1,0,1,0,1
8260-NGFNY,0,-1.27744458367877,-1.31487003705037,-0.996294816128802,0,0,0,0,1,0,0,0,0,0,0,0,0,0,0,0,0,0,0,0,0,0,0,0,0,1,1
1309-XGFSN,1,0.799293966042782,0.534710024134526,0.793618591873635,1,1,1,1,0,1,0,0,0,0,0,1,0,1,0,0,0,1,0,1,1,0,1,0,1,0,0
1866-RZZQS,1,0.351369965122448,1.11800077119284,0.841386700385694,1,0,0,1,0,1,1,0,0,0,0,0,0,1,0,0,0,1,0,1,0,0,1,0,1,0,1
6968-URWQU,0,0.432810692562509,-0.279570505946874,0.0482241888074679,1,1,0,1,0,0,0,0,0,0,0,0,0,0,0,0,0,1,0,0,1,0,1,0,0,1,0
4742-TXUEX,0,0.595692147442631,-1.51096208306997,-0.614282391956121,0,1,1,1,0,0,0,1,1,0,1,0,1,0,1,0,1,0,1,0,0,1,0,0,0,0,0
9631-XEYKE,0,-1.1960038562387,-0.477324348966643,-0.946827010594827,1,0,0,1,0,1,0,0,0,0,0,0,0,0,0,0,0,0,0,0,0,0,0,0,0,0,0
8631-NBHFZ,1,1.36937905812321,0.486517911129709,1.26823139275985,1,1,1,1,0,1,0,0,0,1,0,1,0,1,0,1,0,1,0,0,0,1,0,1,0,0,1
1335-MXCSE,0,0.921455057202873,-0.316130039950529,0.369952553670338,1,1,1,1,0,0,0,0,0,0,0,0,0,1,0,1,0,0,0,0,0,1,1,1,0,0,0
8873-TMKGR,0,-0.137274399517916,-1.51760927107064,-0.773656580244967,1,0,0,1,0,0,0,1,1,0,1,0,1,0,1,0,1,0,1,0,1,0,0,0,0,1,0
8800-JOOCF,0,-0.829520582758432,0.641065032145158,-0.580707857276435,0,0,1,1,0,1,1,0,0,0,0,0,0,0,0,0,0,1,0,0,0,0,1,0,1,0,0
1469-LBJQJ,0,1.36937905812321,1.34400516321543,2.05505866998366,0,1,0,1,0,1,1,0,0,0,0,1,0,1,0,0,0,1,0,1,0,0,1,0,1,0,0
4958-XCBDQ,1,0.107047782802266,1.2177085912028,0.536125530046851,1,0,0,1,0,1,1,0,0,0,0,0,0,1,0,0,0,1,0,1,0,0,1,0,1,0,1
8337-UPOAQ,1,-0.910961310198492,0.832171687164262,-0.603775174002452,1,1,0,1,0,1,1,0,0,0,0,0,0,1,0,0,0,0,0,1,0,0,1,0,1,0,1
0064-YIJGF,0,-0.218715126957977,0.365206730117582,-0.155805675784471,1,1,1,1,0,1,1,0,0,0,0,0,0,0,0,0,0,0,0,0,0,0,1,0,0,0,0
2386-OWURY,0,1.04361614836296,1.01496935718254,1.56097661230094,0,0,0,1,0,0,1,0,0,0,0,0,0,0,0,1,0,1,0,1,0,0,1,0,1,0,0
1725-IQNIY,0,0.880734693482843,1.49522869023054,1.69010943799204,1,1,0,1,0,0,1,0,0,1,0,1,0,1,0,1,0,1,0,1,0,1,0,0,0,0,1
0310-VQXAM,0,-0.951681673918523,-1.49268231606814,-0.928483527150501,1,0,0,1,0,0,0,1,1,0,1,0,1,0,1,0,1,0,1,0,0,0,0,0,0,1,0
6598-RFFVI,0,-1.23672421995873,-1.51096208306997,-0.99492622891635,1,0,0,1,0,0,0,1,1,0,1,0,1,0,1,0,1,0,1,0,1,0,0,1,0,0,1
3453-RTHJQ,0,-1.07384276507861,0.144187729095487,-0.815376416237476,1,0,0,1,0,0,1,0,0,0,0,0,0,0,0,0,0,0,0,0,0,0,1,0,1,0,0
6712-OAWRH,1,-0.259435490678007,0.88036380016908,0.0308519608042378,0,0,0,1,0,0,1,0,0,0,0,0,0,0,0,0,0,1,0,1,0,0,1,0,1,0,1
6278-FEPBZ,0,-0.951681673918523,-1.47938794006682,-0.925238651017751,0,0,0,1,0,0,0,1,1,0,1,0,1,0,1,0,1,0,1,0,0,0,0,0,0,1,0
4280-DLSHD,0,-0.992402037638553,-0.33274800995219,-0.810586360993892,1,1,0,1,0,0,0,0,0,0,0,1,0,1,0,0,0,0,0,0,0,0,1,0,0,1,0
1508-DFXCU,0,-0.829520582758432,0.55465158813652,-0.604790577418143,1,0,0,1,0,0,1,0,0,0,0,0,0,0,0,0,0,1,0,0,0,0,1,0,1,0,0
8614-VGMMV,0,-0.707359491598341,-0.520531070970962,-0.707412544364797,0,0,0,1,0,1,0,0,0,0,0,0,0,0,0,0,0,0,0,0,0,0,1,0,1,0,1
7868-BGSZA,0,0.432810692562509,0.513106663132367,0.573783752376598,1,1,0,1,0,1,0,0,0,1,0,0,0,1,0,0,0,1,0,1,1,0,1,0,1,0,0
2800-QQUSO,0,0.392090328842479,1.18114905719915,0.856926787443221,1,0,0,1,0,1,1,0,0,0,0,0,0,0,0,1,0,1,0,1,0,0,1,0,1,0,0
2930-UOTMB,0,-0.0558336720778551,0.0162293600826957,-0.126977048373774,0,0,0,1,0,1,0,0,0,1,0,0,0,1,0,1,0,0,0,0,0,0,0,1,0,0,1
7973-DZRKH,0,1.36937905812321,0.870393018168083,1.6105768617587,0,0,1,1,0,1,1,0,0,1,0,0,0,1,0,1,0,0,0,0,0,1,1,1,0,0,0
5914-DVBWJ,1,-0.58519840043825,0.68759534814981,-0.342617830284263,0,0,0,1,0,1,1,0,0,0,0,1,0,0,0,1,0,0,0,0,0,0,1,0,1,0,1
7698-YFGEZ,0,-1.27744458367877,-1.48769692506765,-0.998590510807755,1,0,0,1,0,0,0,1,1,0,1,0,1,0,1,0,1,0,1,0,0,0,0,0,0,1,0
2533-QVMSK,0,1.16577723952306,0.975086229178549,1.48177514587706,1,1,0,1,0,1,1,0,0,0,0,1,0,0,0,1,0,1,0,0,0,1,1,0,1,0,1
9773-PEQBZ,0,-0.910961310198492,0.501474084131204,-0.65545037826619,1,0,0,1,0,1,1,0,0,0,0,1,0,0,0,0,0,0,0,0,0,0,0,0,1,0,0
8644-XLFBW,1,-1.27744458367877,0.22893937610396,-0.97578808192931,1,0,0,1,0,0,1,0,0,0,0,0,0,0,0,0,0,0,0,0,0,0,1,0,1,0,1
0650-BWOZN,1,-0.58519840043825,0.292087662110272,-0.407250465091706,0,0,0,1,0,0,1,0,0,0,0,1,0,0,0,0,0,0,0,0,0,0,1,0,1,0,0
8625-AZYZY,0,-0.340876218118068,1.3257253962136,0.115020074370078,1,1,0,1,0,1,1,0,0,0,0,1,0,1,0,0,0,1,0,1,0,0,1,0,1,0,1
7785-RDVIG,0,-1.1960038562387,-1.51096208306997,-0.983271163623204,0,1,1,1,0,0,0,1,1,0,1,0,1,0,1,0,1,0,1,0,0,0,0,0,0,1,0
9602-WCXPI,0,0.717853238602722,-1.48271153406715,-0.570774562992504,1,0,0,1,0,0,0,1,1,0,1,0,1,0,1,0,1,0,1,0,1,0,0,1,0,0,0
2903-YYTBW,0,-1.27744458367877,-0.671754597986079,-0.987752183044622,1,1,1,1,0,0,0,0,0,0,0,0,0,0,0,0,0,0,0,0,0,0,0,0,1,0,0
3620-MWJNE,0,-1.23672421995873,-0.342718791953187,-0.968878923905153,1,0,0,1,0,0,0,0,0,1,0,0,0,0,0,1,0,0,0,0,0,0,1,0,0,1,0
8573-JGCZW,0,-0.62591876415828,-1.49932950406881,-0.85221790103721,1,0,0,1,0,0,0,1,1,0,1,0,1,0,1,0,1,0,1,0,1,0,1,0,0,0,0
6837-HAEVO,0,1.4915401492833,1.33735797521476,2.21438871029791,1,1,1,1,0,1,1,0,0,0,0,1,0,1,0,0,0,1,0,1,0,1,1,0,1,0,0
6701-YVNQG,0,1.61370124044339,0.795612153160608,1.77465280934194,1,1,0,1,0,1,0,0,0,1,0,1,0,1,0,1,0,1,0,1,0,1,1,1,0,0,0
9306-CPCBC,0,-1.1960038562387,0.315352820112598,-0.914576915152998,0,0,0,1,0,1,1,0,0,0,0,0,0,0,0,0,0,0,0,0,0,0,1,0,1,0,1
4304-XUMGI,1,0.717853238602722,0.345265166115588,0.680114149189252,1,1,1,1,0,1,0,0,0,1,0,1,0,1,0,0,0,0,0,1,0,1,1,0,0,0,0
9504-YAZWB,0,0.840014329762813,-1.47938794006682,-0.544550666082927,0,0,0,1,0,0,0,1,1,0,1,0,1,0,1,0,1,0,1,0,0,1,0,0,0,1,0
8819-ZBYNA,0,1.04361614836296,1.47362532922839,1.81524687198227,0,1,0,1,0,1,1,0,0,1,0,1,0,0,0,1,0,1,0,1,0,1,1,1,0,0,0
6174-NRBTZ,0,0.5549717837226,-1.13041057003193,-0.349924320079776,1,0,0,0,1,0,0,0,0,1,0,0,0,0,0,0,0,0,0,0,1,0,1,0,0,0,0
9481-IEBZY,1,1.61370124044339,1.59992190124101,2.55156886626911,1,1,0,1,0,1,1,0,0,1,0,1,0,1,0,1,0,1,0,1,0,0,1,1,0,0,0
1833-VGRUM,1,-1.27744458367877,0.313691023112432,-0.974662308577131,0,0,0,1,0,1,1,0,0,0,0,0,0,0,0,0,0,0,0,0,0,0,1,0,1,0,1
6137-NICCO,0,-1.07384276507861,0.973424432178383,-0.778402487513956,0,1,1,1,0,1,1,0,0,0,0,1,0,1,0,0,0,1,0,0,0,0,1,0,0,1,0
9065-ZCPQX,0,1.61370124044339,0.468238144127881,1.53689389215923,1,1,0,1,0,1,0,0,0,1,0,1,0,1,0,1,0,0,0,1,0,1,0,0,0,0,0
6402-EJMWF,0,-1.15528349251868,-0.314468242950363,-0.902127186317138,1,0,0,1,0,0,0,0,0,0,0,0,0,0,0,0,0,0,0,1,0,0,1,0,0,1,0
3620-EHIMZ,0,0.799293966042782,-1.50930028606981,-0.551945451827631,0,1,1,1,0,0,0,1,1,0,1,0,1,0,1,0,1,0,1,0,0,1,0,0,0,1,0
3213-VVOLG,0,-1.3181649473988,-1.30988464604987,-0.390463197751863,1,1,1,1,0,1,0,1,1,0,1,0,1,0,1,0,1,0,1,0,0,1,0,0,0,1,0
6870-ECSHE,0,-1.23672421995873,-1.47274075206615,-0.992056610567658,0,0,0,1,0,0,0,1,1,0,1,0,1,0,1,0,1,0,1,0,1,0,0,0,0,1,0
8747-UDCOI,0,1.32865869440318,-1.50930028606981,-0.424688915056829,0,1,0,1,0,0,0,1,1,0,1,0,1,0,1,0,1,0,1,0,0,1,0,0,0,0,0
8374-XGEJJ,1,0.432810692562509,1.20441421520147,0.929969611411058,1,1,0,1,0,1,1,0,0,0,0,1,0,0,0,0,0,1,0,1,0,0,1,0,1,0,1
2656-TABEH,0,-1.15528349251868,1.17782546319882,-0.821910316477573,1,1,0,1,0,1,1,0,0,0,0,1,0,0,0,0,0,1,0,1,0,0,1,0,1,0,1
6946-LMSQS,1,-0.300155854398037,0.80724473216177,-0.0461200329025772,1,1,0,1,0,1,1,0,0,1,0,0,0,0,0,0,0,0,0,1,1,0,1,0,1,0,1
4626-OZDTJ,0,0.758573602322752,0.461590956127217,0.736800148569551,0,1,0,1,0,1,0,0,0,0,0,1,0,0,0,1,0,1,0,1,1,0,1,1,0,0,0
9169-BSVIN,0,-0.829520582758432,0.331970790114259,-0.642294281836806,1,0,0,1,0,1,0,0,0,0,0,0,0,1,0,0,0,1,0,1,0,0,0,0,0,0,0
2325-ZUSFD,0,1.00289578464293,0.177423669098809,0.720222584109035,0,1,1,1,0,0,0,0,0,1,0,0,0,0,0,0,0,1,0,1,1,0,1,0,0,0,1
8194-PEEBY,0,-0.340876218118068,-1.49102051906798,-0.771890661261157,0,1,1,1,0,0,0,1,1,0,1,0,1,0,1,0,1,0,1,0,1,0,0,0,0,1,0
6872-HXFNF,0,1.28793833068315,-0.213098625940229,0.650976485956389,0,1,0,1,0,1,0,0,0,0,0,0,0,1,0,1,0,0,0,0,1,0,0,0,0,0,0
3932-CMDTD,0,-1.15528349251868,1.35896133621692,-0.811447246498499,0,0,0,1,0,0,1,0,0,0,0,1,0,1,0,1,0,1,0,1,1,0,1,0,1,0,1
7714-YXSMB,0,-0.259435490678007,1.18779624519981,0.140405159762346,0,0,0,1,0,1,1,0,0,0,0,0,0,1,0,0,0,1,0,1,0,0,1,0,0,0,0
8387-UGUSU,0,-0.707359491598341,-1.48603512806748,-0.881907413952515,0,1,1,1,0,0,0,1,1,0,1,0,1,0,1,0,1,0,1,0,0,0,0,0,0,1,0
1080-BWSYE,1,1.28793833068315,-1.29991386404887,-0.238892163972728,1,1,0,1,0,1,0,1,1,0,1,0,1,0,1,0,1,0,1,0,0,1,0,1,0,0,0
4039-HEUNW,1,0.147768146522297,1.05485248518652,0.509548449340512,1,1,0,1,0,1,1,0,0,0,0,1,0,0,0,0,0,1,0,1,0,0,1,0,1,0,1
1194-HVAIF,0,-0.218715126957977,1.00499857518154,0.079745842668475,0,1,0,1,0,1,1,0,0,0,0,0,0,0,0,0,0,1,0,1,0,0,0,1,0,0,0
0812-WUPTB,1,-1.27744458367877,0.202350624101301,-0.976141265726072,1,1,0,1,0,0,1,0,0,0,0,0,0,0,0,0,0,0,0,0,0,0,0,0,0,1,1
3594-UVONA,0,0.107047782802266,0.704213318151471,0.365626052160003,0,0,0,1,0,1,0,0,0,1,0,0,0,1,0,1,0,1,0,1,1,0,1,1,0,0,1
0004-TLHLJ,0,-1.15528349251868,0.303720241111435,-0.883430519076051,1,0,0,1,0,0,1,0,0,0,0,0,0,1,0,0,0,0,0,0,0,0,1,0,1,0,1
1767-TGTKO,0,-0.992402037638553,-0.641842251983089,-0.825640820330871,0,1,1,1,0,0,0,0,0,0,0,0,0,0,0,0,0,0,0,0,0,0,1,0,1,0,0
8439-LTUGF,0,-0.910961310198492,-1.48769692506765,-0.919742228180642,1,0,0,1,0,0,0,1,1,0,1,0,1,0,1,0,1,0,1,0,0,0,1,1,0,0,0
8805-JNRAZ,0,-1.23672421995873,-0.51720747697063,-0.961638656071533,0,0,0,1,0,0,0,0,0,0,0,1,0,0,0,0,0,0,0,0,0,0,0,0,0,1,0
5089-IFSDP,0,1.04361614836296,1.48525790822955,1.70527426726551,0,1,0,1,0,1,1,0,0,1,0,1,0,1,0,0,0,1,0,1,0,1,1,0,0,0,1
6418-HNFED,0,0.758573602322752,0.6144762801425,0.797989241358565,1,1,0,1,0,0,0,0,0,1,0,1,0,1,0,1,0,1,0,1,0,1,1,1,0,0,0
0206-OYVOC,0,0.5549717837226,-1.51262388007014,-0.625893309274671,0,1,1,1,0,0,0,1,1,0,1,0,1,0,1,0,1,0,1,0,0,1,1,0,0,1,0
7291-CDTMJ,0,-1.27744458367877,-1.49932950406881,-0.998745028718839,1,0,0,1,0,0,0,1,1,0,1,0,1,0,1,0,1,0,1,0,0,0,1,0,0,0,0
7128-GGCNO,0,0.5549717837226,0.26716070710778,0.427124180771184,1,0,0,1,0,1,1,0,0,0,0,0,0,0,0,0,0,0,0,0,0,0,0,0,0,0,0
0237-YFUTL,0,0.717853238602722,1.49190509623021,1.37913110494311,0,1,0,1,0,1,1,0,0,1,0,1,0,0,0,1,0,1,0,1,0,0,1,0,0,0,0
7691-KGKGP,0,0.840014329762813,0.00792037508186511,0.477629463708148,1,1,1,1,0,0,0,0,0,0,0,1,0,0,0,1,0,1,0,0,0,0,0,1,0,0,0
6710-HSJRD,0,1.16577723952306,1.639805029245,2.14127966436818,1,1,0,1,0,1,1,0,0,0,0,1,0,1,0,1,0,1,0,1,0,0,1,0,1,0,0
3675-EQOZA,0,-1.11456312879864,-1.46609356406549,-0.96611967549295,1,0,0,1,0,0,0,1,1,0,1,0,1,0,1,0,1,0,1,0,0,0,0,0,0,0,0
0840-DCNZE,0,0.595692147442631,0.737449258154793,0.819820414795915,1,0,0,1,0,0,0,0,0,1,0,1,0,1,0,1,0,1,0,1,1,0,1,0,0,0,0
1732-FEKLD,0,0.880734693482843,0.996689590180708,1.25372878310531,0,0,0,1,0,1,1,0,0,0,0,1,0,1,0,0,0,1,0,0,1,0,1,0,0,0,0
9862-KJTYK,0,-0.544478036718219,-1.30988464604987,-0.757498421543106,1,0,1,0,1,0,0,0,0,0,0,0,0,0,0,0,0,0,0,0,0,0,1,1,0,0,0
0479-HMSWA,0,-0.259435490678007,1.35231414821626,0.191329848457964,0,0,1,1,0,0,1,0,0,0,0,1,0,1,0,1,0,1,0,1,0,1,1,0,1,0,0
5854-KSRBJ,0,1.53226051300333,-1.3082228490497,-0.220681124452188,1,1,1,1,0,1,0,1,1,0,1,0,1,0,1,0,1,0,1,0,0,1,0,0,0,1,0
0365-BZUWY,0,-0.62591876415828,1.25592992220662,-0.238141648404608,1,1,0,1,0,1,1,0,0,0,0,1,0,1,0,0,0,1,0,1,0,0,1,0,1,0,0
4817-VYYWS,0,-0.0965540357978854,1.17782546319882,0.309867160246205,0,0,0,1,0,1,1,0,0,0,0,1,0,0,0,0,0,1,0,1,0,0,1,0,1,0,1
5701-SVCWR,0,-1.27744458367877,-1.35475316505436,-0.996824591823945,0,0,1,1,0,1,0,1,1,0,1,0,1,0,1,0,1,0,1,0,0,0,0,0,0,1,0
3129-AAQOU,0,-0.544478036718219,-1.30157566104904,-0.792905097168495,0,1,1,1,0,1,0,1,1,0,1,0,1,0,1,0,1,0,1,0,0,1,0,0,0,1,0
4922-CVPDX,0,-0.259435490678007,0.290425865110106,-0.166092153865164,0,1,0,1,0,0,0,0,0,0,0,1,0,1,0,0,0,1,0,1,0,1,1,1,0,0,0
1396-QWFBJ,0,-0.463037309278159,0.308705632111933,-0.316195267489007,0,1,1,1,0,0,1,0,0,0,0,1,0,0,0,0,0,0,0,0,0,0,1,0,0,0,1
1357-BIJKI,0,0.717853238602722,1.11301538019234,1.13759753593251,1,1,0,1,0,1,1,0,0,0,0,1,0,0,0,0,0,1,0,1,1,0,1,0,1,0,0
1099-BTKWT,0,1.45081978556327,-0.344380588953353,0.636495950289148,0,1,0,0,1,0,0,0,0,1,0,0,0,1,0,0,0,1,0,1,1,0,1,0,1,0,0
5299-SJCZT,0,-1.1960038562387,1.2226939822033,-0.875704623521882,1,0,0,1,0,1,1,0,0,0,0,0,0,1,0,0,0,1,0,1,0,0,1,0,0,0,1
2018-PZKMU,0,-0.951681673918523,1.27420968920845,-0.57898608626722,1,1,1,1,0,0,1,0,0,0,0,0,0,1,0,1,0,1,0,1,0,0,0,0,1,0,0
7340-KEFQE,0,0.758573602322752,-1.01574657702047,-0.220703198439485,0,1,1,0,1,0,0,0,0,1,0,0,0,0,0,1,0,0,0,0,0,1,0,0,0,0,0
4570-QHXHL,0,-0.951681673918523,-0.698343349988737,-0.828311772793884,0,0,0,1,0,0,0,0,0,0,0,0,0,0,0,0,0,0,0,0,0,0,1,0,1,0,0
2403-BCASL,1,0.351369965122448,1.56834775823786,0.994646394193097,1,1,1,1,0,1,1,0,0,0,0,1,0,1,0,1,0,1,0,1,1,0,1,0,1,0,1
7392-YYPYJ,0,-0.422316945558128,1.19278163620031,0.0591728865070893,1,0,0,1,0,1,1,0,0,0,0,1,0,0,0,0,0,1,0,1,0,0,1,0,1,0,0
2898-LSJGD,0,-0.463037309278159,-0.292864881948203,-0.496605965672488,0,1,1,0,1,0,0,0,0,1,0,0,0,1,0,0,0,1,0,1,1,0,1,0,1,0,1
2223-GDSHL,0,1.57298087672336,1.70461511225148,2.6557580863139,1,1,1,1,0,1,1,0,0,1,0,1,0,1,0,1,0,1,0,1,0,1,1,0,0,0,0
7359-PTSXY,0,-1.27744458367877,-0.631871469982092,-0.987222407349479,1,0,0,1,0,0,0,0,0,0,0,0,0,0,0,0,0,0,0,0,0,0,0,0,1,0,1
9470-RTWDV,0,-0.259435490678007,0.572931355138347,-0.0877736469331937,1,1,1,1,0,1,0,0,0,0,0,0,0,1,0,1,0,1,0,1,1,0,1,1,0,0,0
2176-OSJUV,0,1.57298087672336,0.0129057660823637,1.05947769488622,1,1,0,1,0,1,0,0,0,1,0,1,0,0,0,1,0,0,0,0,0,1,0,0,0,0,0
9348-YVOMK,0,-1.15528349251868,-0.663445612985249,-0.929631374489978,1,0,0,1,0,0,0,0,0,0,0,0,0,0,0,0,0,0,0,0,0,0,1,1,0,0,0
8104-OSKWT,0,-0.829520582758432,0.499812287131037,-0.565410584079182,0,0,0,1,0,1,1,0,0,1,0,0,0,0,0,0,0,0,0,0,0,0,1,0,1,0,0
4521-YEEHE,0,-0.58519840043825,0.800597544161106,-0.303370280869087,0,1,0,1,0,1,1,0,0,0,0,0,0,0,0,1,0,1,0,0,0,0,1,0,1,0,0
4090-KPJIP,0,-1.1960038562387,0.338617978114924,-0.913649807686498,0,0,0,1,0,1,1,0,0,0,0,0,0,0,0,0,0,0,0,0,0,0,1,0,1,0,0
3786-WOVKF,1,1.61370124044339,1.39884446422091,2.38199649584877,0,1,0,1,0,1,1,0,0,1,0,1,0,0,0,0,0,1,0,1,1,0,1,0,0,0,0
4503-BDXBD,0,-0.870240946478462,0.338617978114924,-0.647393372902557,1,0,0,1,0,0,1,0,0,0,0,1,0,0,0,0,0,0,0,0,0,0,0,0,1,0,1
6086-ESGRL,0,-1.27744458367877,0.511444866132201,-0.972035504088713,0,0,0,1,0,0,1,0,0,0,0,0,0,0,0,0,0,0,0,1,0,0,0,1,0,0,1
2592-HODOV,0,-0.788800219038401,-1.51096208306997,-0.892789889690243,1,0,0,1,0,0,0,1,1,0,1,0,1,0,1,0,1,0,1,0,1,0,0,1,0,0,0
3886-CERTZ,0,1.61370124044339,1.47861072022888,2.57289233799862,0,1,0,1,0,1,1,0,0,0,0,1,0,1,0,1,0,1,0,1,1,0,1,0,1,0,1
7995-ZHHNZ,0,0.392090328842479,-0.287879490947705,0.0463258258998721,1,1,0,1,0,1,0,0,0,1,0,0,0,0,0,0,0,0,0,0,1,0,0,1,0,0,0
3824-RHKVR,0,-0.62591876415828,-1.49766770706864,-0.857162474191878,0,0,0,1,0,0,0,1,1,0,1,0,1,0,1,0,1,0,1,0,0,0,0,1,0,0,0
5816-SCGFC,1,-1.03312240135858,-0.447412002963653,-0.822285574261632,0,0,0,1,0,0,0,0,0,0,0,1,0,0,0,0,0,0,0,0,0,0,1,0,0,1,0
5989-AXPUC,0,1.45081978556327,1.78936675925995,2.52002513842081,0,1,0,1,0,1,1,0,0,1,0,1,0,1,0,1,0,1,0,1,0,1,0,0,0,1,0
4979-HPRFL,0,0.962175420922904,-1.34976777405386,-0.38835513196494,1,1,1,1,0,1,0,1,1,0,1,0,1,0,1,0,1,0,1,0,0,1,0,0,0,0,0
8590-OHDIW,0,0.229208873962357,-1.47772614306665,-0.676597258097314,0,1,1,1,0,0,0,1,1,0,1,0,1,0,1,0,1,0,1,0,1,0,0,0,0,1,0
8015-IHCGW,0,1.61370124044339,1.68633534524965,2.71211297588473,0,1,1,1,0,1,1,0,0,1,0,1,0,1,0,1,0,1,0,1,0,1,1,0,1,0,0
2332-TODQS,0,0.636412511162661,-1.31985542805087,-0.490226583343474,0,0,0,1,0,1,0,1,1,0,1,0,1,0,1,0,1,0,1,0,1,0,0,1,0,0,0
9278-VZKCD,1,0.799293966042782,1.47362532922839,1.48603542542551,0,1,0,1,0,1,1,0,0,1,0,1,0,1,0,0,0,1,0,1,0,0,1,0,1,0,0
8008-OTEZX,0,0.107047782802266,-1.49932950406881,-0.694499261795687,0,1,1,1,0,0,0,1,1,0,1,0,1,0,1,0,1,0,1,0,1,0,0,0,0,1,0
2773-OVBPK,0,1.41009942184324,1.54674439723569,2.3333454278448,1,1,0,1,0,1,1,0,0,0,0,1,0,1,0,1,0,1,0,1,0,1,1,0,0,0,0
5999-LCXAO,0,-1.27744458367877,-1.15866111903475,-0.994219861322826,0,0,0,0,1,0,0,0,0,1,0,0,0,0,0,0,0,0,0,0,0,0,0,0,0,1,0
5206-XZZQI,0,0.840014329762813,0.526401039133695,0.912177977649174,1,0,0,1,0,0,1,0,0,0,0,1,0,0,0,1,0,0,0,0,0,0,1,0,0,1,0
4803-LBYPN,0,0.066327419082236,-1.46110817306499,-0.726683135275623,1,1,1,1,0,0,0,1,1,0,1,0,1,0,1,0,1,0,1,0,0,0,0,0,0,1,0
5759-RCVCB,0,-1.1960038562387,-0.982510637017144,-0.959320887405282,0,0,0,0,1,0,0,0,0,0,0,0,0,0,0,0,0,1,0,0,0,0,0,1,0,0,1
6372-RFVNS,0,-1.27744458367877,0.466576347127715,-0.972631501745749,0,1,0,1,0,0,1,0,0,0,0,0,0,0,0,0,0,1,0,0,0,0,0,0,1,0,1
2139-FQHLM,0,-0.544478036718219,0.837157078164761,-0.264674581136352,1,0,0,1,0,0,1,0,0,0,0,0,0,1,0,1,0,1,0,0,0,0,0,0,0,1,0
8261-GWDBQ,1,1.12505687580303,1.70461511225148,2.05022446676548,0,1,0,1,0,1,1,0,0,1,0,1,0,1,0,1,0,1,0,1,0,1,1,0,0,0,0
1093-YSWCA,0,-0.870240946478462,-1.50265309806914,-0.908903900417509,1,0,0,1,0,0,0,1,1,0,1,0,1,0,1,0,1,0,1,0,0,1,0,1,0,0,0
8938-UMKPI,0,0.595692147442631,1.38388829121942,1.25646595753022,0,0,0,1,0,1,1,0,0,0,0,1,0,1,0,0,0,1,0,1,0,0,1,0,1,0,1
0991-BRRFB,0,-0.58519840043825,-0.510560288969965,-0.621213623967575,1,0,0,1,0,0,0,0,0,1,0,0,0,0,0,0,0,0,0,0,0,0,0,0,1,0,1
3882-IYOIJ,0,1.12505687580303,1.67802636024882,1.97629868330573,0,1,1,1,0,1,1,0,0,1,0,1,0,1,0,1,0,1,0,1,0,1,0,1,0,0,0
8749-TZYEC,0,1.61370124044339,-1.3281644130517,-0.179954617888071,1,1,0,1,0,1,0,1,1,0,1,0,1,0,1,0,1,0,1,0,0,1,0,1,0,0,0
1755-FZQEC,0,0.269929237682388,-1.49102051906798,-0.6581434047165,1,0,0,1,0,0,0,1,1,0,1,0,1,0,1,0,1,0,1,0,1,0,0,0,0,1,0
3115-JPJDD,0,1.084336512083,0.548004400135855,1.04080310163243,0,1,0,1,0,0,1,0,0,1,0,0,0,1,0,0,0,0,0,0,1,0,1,1,0,0,0
5600-KTXFM,0,-1.23672421995873,0.172438278098311,-0.943891170284243,1,1,1,1,0,0,1,0,0,0,0,0,0,0,0,0,0,0,0,0,0,0,0,0,0,1,0
3871-IKPYH,1,-1.27744458367877,0.144187729095487,-0.976913855281488,1,0,0,1,0,0,1,0,0,0,0,0,0,0,0,0,0,0,0,0,0,0,0,0,1,0,1
6319-IEJWJ,0,-0.503757672998189,0.845466063165591,-0.223109263054926,1,1,1,1,0,0,1,0,0,0,0,0,0,0,0,0,0,1,0,1,0,0,1,0,1,0,1
9025-AOMKI,0,-1.07384276507861,0.956806462176721,-0.770610369997894,0,0,0,1,0,1,1,0,0,0,0,0,0,0,0,0,0,1,0,1,0,0,1,0,0,0,1
6339-TBELP,0,1.57298087672336,0.719169491152966,1.7173928862919,1,0,0,1,0,1,1,0,0,0,0,0,0,1,0,1,0,0,0,0,0,1,1,1,0,0,0
7964-YESJC,0,-0.340876218118068,0.0511270970861842,-0.31895451590121,0,1,0,1,0,1,0,0,0,1,0,1,0,1,0,0,0,0,0,0,0,0,0,0,0,1,0
6173-GOLSU,1,1.41009942184324,0.993365996180376,1.67633526991832,1,1,0,1,0,1,1,0,0,0,0,0,0,0,0,0,0,1,0,1,0,0,1,1,0,0,0
5275-SQEIZ,0,-1.27744458367877,0.534710024134526,-0.971726468266547,1,0,0,1,0,0,1,0,0,0,0,0,0,0,0,0,0,0,0,1,0,0,1,0,0,1,1
7716-YTYHG,0,0.636412511162661,0.574593152138513,0.771721196474392,0,1,1,1,0,1,1,0,0,0,0,0,0,0,0,0,0,0,0,1,1,0,1,0,0,1,1
9938-ZREHM,0,0.188488510242327,0.243895549105454,0.166209650913268,0,1,0,1,0,1,0,0,0,0,0,1,0,0,0,1,0,0,0,1,1,0,0,0,0,1,0
7950-XWOVN,0,-0.870240946478462,-0.999128607018805,-0.838090549166731,1,0,0,0,1,0,0,0,0,0,0,1,0,1,0,0,0,0,0,0,0,0,0,0,0,1,0
4390-KYULV,0,-1.1960038562387,-1.46941715806582,-0.984838416721335,1,1,0,1,0,0,0,1,1,0,1,0,1,0,1,0,1,0,1,0,0,0,1,1,0,0,1
4647-MUZON,0,-0.58519840043825,1.0365727181847,-0.236817209166751,0,1,0,1,0,0,1,0,0,0,0,0,0,1,0,0,0,1,0,1,0,0,1,1,0,0,0
9702-AIUJO,0,0.717853238602722,-0.663445612985249,-0.0225450144687147,1,1,1,1,0,0,0,0,0,0,0,0,0,0,0,0,0,0,0,0,1,0,1,0,0,0,0
8849-PRIQJ,0,1.41009942184324,1.48359611122938,2.20725881240077,0,1,1,1,0,1,1,0,0,1,0,0,0,1,0,1,0,1,0,1,1,0,1,0,1,0,0
8851-RAGOV,0,-0.300155854398037,0.208997812101966,-0.196112776589932,0,1,0,1,0,0,0,0,0,1,0,1,0,0,0,1,0,0,0,1,0,0,1,0,0,1,0
1304-NECVQ,1,-1.23672421995873,0.458267362126884,-0.941396809719611,0,0,0,1,0,1,1,0,0,0,0,0,0,1,0,0,0,0,0,0,0,0,1,0,1,0,1
5396-IZEPB,0,-0.951681673918523,-1.49766770706864,-0.927644715633192,1,0,0,1,0,0,0,1,1,0,1,0,1,0,1,0,1,0,1,0,0,0,0,1,0,0,0
1729-VLAZJ,0,-0.910961310198492,-0.814669140000366,-0.825773264254657,0,0,1,0,1,0,0,0,0,1,0,1,0,0,0,1,0,0,0,0,1,0,0,0,0,1,0
8285-ABVLB,0,1.53226051300333,-1.49268231606814,-0.420980485190828,0,1,0,1,0,0,0,1,1,0,1,0,1,0,1,0,1,0,1,0,0,1,0,1,0,0,0
0701-TJSEF,0,-0.951681673918523,0.115937180092663,-0.752708366299521,1,0,0,1,0,0,0,0,0,1,0,0,0,1,0,1,0,0,0,1,0,0,1,0,0,0,0
5712-VBOXD,0,-1.15528349251868,-1.48271153406715,-0.977200817116358,0,0,0,1,0,0,0,1,1,0,1,0,1,0,1,0,1,0,1,0,0,0,1,1,0,0,0
6629-LADHQ,0,-1.23672421995873,-0.459044581964815,-0.953096022987352,0,0,0,1,0,0,0,0,0,1,0,0,0,0,0,0,0,0,0,0,0,0,0,0,0,1,0
8945-GRKHX,0,-1.27744458367877,0.461590956127217,-0.972697723707642,0,0,1,1,0,0,1,0,0,0,0,0,0,0,0,0,0,0,0,1,0,0,0,0,1,0,1
1559-DTODC,0,-0.544478036718219,-1.31653183405053,-0.800653066709961,1,0,0,0,1,0,0,0,0,0,0,0,0,0,0,0,0,0,0,0,0,0,1,0,0,0,0
4797-MIWUM,0,-1.03312240135858,-1.47938794006682,-0.930293594108907,1,1,1,1,0,0,0,1,1,0,1,0,1,0,1,0,1,0,1,0,0,0,1,0,0,0,0
6959-UWKHF,0,-1.27744458367877,-0.726593898991561,-0.988480624625443,1,0,0,1,0,0,0,0,0,0,0,0,0,0,0,0,0,0,0,0,0,0,1,0,1,0,1
8720-RQSBJ,1,-1.27744458367877,-0.690034364987907,-0.987994996904896,1,0,0,1,0,0,0,0,0,0,0,0,0,0,0,0,0,0,0,0,0,0,0,0,1,0,0
4537-CIBHB,0,-0.951681673918523,-1.47938794006682,-0.931331071511895,0,1,1,1,0,0,0,1,1,0,1,0,1,0,1,0,1,0,1,0,1,0,0,0,0,1,0
3815-SLMEF,0,-1.1960038562387,-1.0140847800203,-0.945899903128327,0,0,0,0,1,0,0,0,0,1,0,0,0,0,0,1,0,0,0,0,0,0,0,0,0,1,1
5154-VEKBL,0,-0.951681673918523,-0.208113234939731,-0.769087264874359,0,0,0,0,1,0,0,0,0,1,0,0,0,1,0,1,0,1,0,1,0,0,0,0,0,1,1
4324-AHJKS,0,-1.11456312879864,-0.297850272948702,-0.87479959004268,0,0,0,1,0,0,0,0,0,1,0,0,0,1,0,0,0,0,0,0,0,0,0,1,0,0,0
4355-CVPVS,0,0.962175420922904,0.802259341161272,1.18585127216512,0,1,1,1,0,0,1,0,0,0,0,0,0,0,0,0,0,1,0,1,1,0,0,0,0,0,0
4495-LHSSK,0,-0.58519840043825,-0.236363783942555,-0.569163161919778,0,0,1,1,0,1,0,0,0,1,0,0,0,0,0,0,0,0,0,0,0,0,0,0,0,1,0
5655-JSMZM,1,0.677132874882691,1.04488170318553,1.07559170561348,1,0,0,1,0,1,1,0,0,0,0,0,0,0,0,0,0,1,0,1,0,0,1,0,1,0,1
5915-ANOEI,0,1.53226051300333,0.478208926128878,1.4368325077391,1,1,0,1,0,1,0,0,0,1,0,1,0,1,0,1,0,1,0,0,0,1,0,0,0,1,0
9861-PDSZP,0,1.61370124044339,1.4387275922249,2.43903567902583,0,0,0,1,0,1,1,0,0,0,0,1,0,1,0,1,0,1,0,1,0,1,1,1,0,0,0
4505-EXZHB,1,-1.07384276507861,0.320338211113097,-0.815773748008833,0,0,0,1,0,0,1,0,0,0,0,0,0,1,0,0,0,0,0,0,0,0,0,0,1,0,1
7225-CBZPL,1,-0.62591876415828,0.998351387180874,-0.316989931031721,1,1,0,1,0,1,1,0,0,0,0,0,0,0,0,0,0,1,0,1,0,0,1,0,1,0,0
6704-UTUKK,0,-0.137274399517916,-0.626886078981594,-0.41919249221972,1,1,0,0,1,0,0,0,0,0,0,0,0,0,0,0,0,1,0,1,0,0,1,0,1,0,0
4587-VVTOX,0,-1.07384276507861,1.34732875721576,-0.766725348233513,0,1,0,1,0,1,1,0,0,0,0,1,0,1,0,0,0,1,0,1,0,0,1,0,1,0,1
2019-HDCZY,0,1.24721796696312,1.25759171920679,1.77246748459947,1,1,0,1,0,1,1,0,0,0,0,0,0,1,0,0,0,1,0,1,0,1,0,0,1,0,0
4652-NNHNY,0,-0.66663912787831,0.302058444111269,-0.44047181597463,1,1,0,1,0,1,1,0,0,0,0,0,0,0,0,0,0,0,0,0,0,0,1,0,0,0,1
8788-DOXSU,0,1.084336512083,-0.113390805930262,0.601994308142961,1,0,0,1,0,0,0,0,0,0,0,0,0,1,0,0,0,0,0,1,1,0,1,0,0,0,0
7404-JLKQG,0,-1.1960038562387,-0.239687377942887,-0.936143200742777,0,0,0,1,0,0,0,0,0,0,0,0,0,1,0,0,0,1,0,0,0,0,0,0,1,0,0
7421-ZLUPA,0,-0.992402037638553,-1.18026448003691,-0.90722627738289,0,0,0,0,1,0,0,0,0,0,0,1,0,0,0,0,0,0,0,0,0,0,1,0,0,1,0
8972-HJWNV,1,-1.03312240135858,0.657683002146819,-0.721848932057443,0,1,0,1,0,1,1,0,0,0,0,0,0,0,0,0,0,0,0,1,0,0,1,0,1,0,1
3274-NSDWE,0,1.45081978556327,-1.50099130106898,-0.370960829974412,0,0,0,1,0,0,0,1,1,0,1,0,1,0,1,0,1,0,1,0,0,1,0,1,0,0,0
2632-IVXVF,0,1.45081978556327,1.56170057023719,2.30866671004606,0,1,1,1,0,1,1,0,0,1,0,0,0,1,0,1,0,1,0,1,0,1,0,1,0,0,0
3692-JHONH,1,0.799293966042782,1.38721188521975,1.47451280405615,0,1,0,1,0,1,1,0,0,0,0,1,0,1,0,0,0,1,0,1,1,0,1,0,1,0,0
8915-NNTRC,0,1.61370124044339,1.42709501322373,2.48901118626765,1,1,1,1,0,1,1,0,0,1,0,1,0,0,0,1,0,1,0,1,0,1,1,1,0,0,0
5914-GXMDA,0,-0.0151133083578247,-1.51096208306997,-0.745534320427794,0,1,0,1,0,0,0,1,1,0,1,0,1,0,1,0,1,0,1,0,1,0,0,0,0,1,0
7463-IFMQU,0,1.61370124044339,-1.48603512806748,-0.378907465401557,0,1,0,1,0,0,0,1,1,0,1,0,1,0,1,0,1,0,1,0,0,1,0,0,0,0,0
2920-RNCEZ,0,-1.27744458367877,0.172438278098311,-0.976538597497429,1,1,1,1,0,0,1,0,0,0,0,0,0,0,0,0,0,0,0,0,0,0,1,1,0,0,0
2541-YGPKE,0,0.392090328842479,-0.035286346922454,0.212542950250981,1,1,1,1,0,0,0,0,0,1,0,0,0,0,0,1,0,0,0,1,1,0,0,1,0,0,0
8515-OCTJS,0,-0.300155854398037,-1.32982621005186,-0.701871973553093,0,0,0,1,0,1,0,1,1,0,1,0,1,0,1,0,1,0,1,0,0,1,0,1,0,0,1
5382-TEMLV,0,0.51425142000257,-0.460706378964982,0.00734316433226828,1,0,0,1,0,0,0,0,0,1,0,0,0,0,0,0,0,0,0,0,0,0,1,0,0,0,0
3441-CGZJH,0,0.432810692562509,-0.144964948933418,0.158329237448016,0,1,1,0,1,0,0,0,0,1,0,0,0,1,0,1,0,1,0,1,1,0,1,1,0,0,0
9592-ERDKV,0,0.188488510242327,0.48153252012921,0.278080618537627,1,1,0,1,0,1,0,0,0,1,0,0,0,1,0,0,0,1,0,1,1,0,0,0,0,1,0
2860-RANUS,1,-0.503757672998189,0.699227927150972,-0.244763844593895,0,0,0,1,0,1,1,0,0,0,0,0,0,0,0,0,0,0,0,1,0,0,1,1,0,0,1
5261-QSHQM,0,-1.15528349251868,-1.33979699205286,-0.96918795972732,0,0,0,0,1,0,0,0,0,0,0,0,0,0,0,0,0,0,0,0,0,0,1,0,1,0,1
4778-IZARL,0,1.24721796696312,1.50686126923171,1.95301062670674,1,1,0,1,0,0,1,0,0,1,0,1,0,1,0,1,0,1,0,1,0,1,1,1,0,0,0
0432-CAJZV,0,-1.1960038562387,0.862084033167252,-0.902502444101198,1,0,0,1,0,0,1,0,0,0,0,0,0,0,0,0,0,1,0,1,0,0,0,0,0,1,0
7008-LZVOZ,0,1.36937905812321,-1.31154644305004,-0.269111452583175,1,1,1,1,0,1,0,1,1,0,1,0,1,0,1,0,1,0,1,0,0,1,1,1,0,0,0
8868-WOZGU,0,-0.177994763237946,1.36062313321709,0.307968797338609,1,0,0,1,0,1,1,0,0,0,0,1,0,1,0,0,0,1,0,1,0,0,1,0,1,0,1
1200-TUZHR,1,-0.992402037638553,0.679286363148979,-0.700260572480367,0,0,0,1,0,1,1,0,0,0,0,0,0,0,0,0,0,0,0,1,0,0,0,0,1,0,0
9365-CSLBQ,0,1.57298087672336,-1.34312058605319,-0.276947718073831,1,0,1,1,0,1,0,1,1,0,1,0,1,0,1,0,1,0,1,0,0,1,0,0,0,1,0
1334-FJSVR,0,-1.27744458367877,-1.34644418005352,-0.996714221887457,1,0,0,0,1,0,0,0,0,0,0,0,0,0,0,0,0,0,0,0,0,0,1,0,1,0,1
5884-FBCTL,0,1.61370124044339,-1.3181936310507,-0.18721695970899,0,1,1,1,0,1,0,1,1,0,1,0,1,0,1,0,1,0,1,0,0,1,0,0,0,0,0
7130-CTCUS,1,-0.66663912787831,-0.339395197952855,-0.643155167341414,1,1,0,1,0,0,0,0,0,1,0,1,0,0,0,0,0,0,0,0,0,0,1,0,0,0,0
6242-FEGFD,0,1.36937905812321,1.05817607918686,1.82875615220842,1,1,0,1,0,1,1,0,0,1,0,1,0,1,0,1,0,0,0,0,0,1,0,0,0,1,0
7625-XCQRH,0,-0.870240946478462,0.390133685120074,-0.637482152605924,0,0,0,1,0,1,1,0,0,0,0,0,0,0,0,0,0,0,0,0,0,0,1,0,1,0,1
6194-HBGQN,0,0.758573602322752,0.544680806135523,0.814213622022318,1,0,0,1,0,1,0,0,0,1,0,1,0,1,0,1,0,1,0,0,1,0,1,1,0,0,0
7634-WSWDB,0,-0.992402037638553,-0.87283203500618,-0.861378605765724,0,0,1,0,1,0,0,0,0,1,0,0,0,0,0,0,0,0,0,1,0,0,1,0,1,0,0
6986-IXNDM,0,-0.748079855318371,0.935203101174562,-0.41696301950266,1,0,0,1,0,0,1,0,0,0,0,0,0,0,0,0,0,1,0,1,0,0,1,0,1,0,0
1731-TVIUK,0,-1.15528349251868,0.955144665176555,-0.847516141742817,0,0,0,1,0,1,1,0,0,0,0,1,0,0,0,1,0,0,0,1,0,0,1,0,1,0,1
2987-BJXIK,0,1.53226051300333,0.662668393147318,1.6375071262618,0,0,0,1,0,1,0,0,0,1,0,1,0,1,0,0,0,1,0,1,0,1,0,0,0,1,0
9769-TSBZE,0,1.53226051300333,0.0411563150851876,1.15207807159975,0,0,1,1,0,1,0,0,0,1,0,1,0,0,0,1,0,0,0,0,0,1,0,0,1,0,0
0406-BPDVR,1,0.880734693482843,1.22103218520313,1.36469471725047,0,1,0,1,0,1,1,0,0,0,0,1,0,0,0,0,0,1,0,1,1,0,1,1,0,0,1
0618-XWMSS,0,-0.177994763237946,0.336956181114758,-0.0941971772368021,1,0,1,1,0,0,1,0,0,1,0,0,0,0,0,0,0,0,0,0,0,0,1,0,0,0,1
1395-WSWXR,0,-0.340876218118068,-1.46276997006515,-0.792397395460649,1,0,0,1,0,0,0,1,1,0,1,0,1,0,1,0,1,0,1,0,0,1,0,0,0,1,0
6023-GSSXW,0,1.4915401492833,-0.11006721192993,0.816421020752081,0,1,0,1,0,0,0,0,0,0,0,1,0,0,0,0,0,0,0,1,0,1,1,1,0,0,0
6752-APNJL,0,0.392090328842479,-0.341056994953021,0.00849101167174468,1,1,1,1,0,0,0,0,0,1,0,1,0,0,0,0,0,0,0,0,0,0,0,0,0,1,0
5276-KQWHG,1,-1.23672421995873,0.160805699097148,-0.949299297172161,0,0,0,1,0,0,1,0,0,0,0,0,0,0,0,0,0,0,0,0,0,0,1,0,1,0,1
0420-HLGXF,1,0.269929237682388,1.16286929019732,0.774392148937405,0,0,0,1,0,1,1,0,0,0,0,0,0,1,0,0,0,1,0,1,0,0,1,0,1,0,0
7446-KQISO,0,0.51425142000257,1.49522869023054,1.15611761127522,1,1,1,1,0,1,1,0,0,0,0,1,0,1,0,1,0,1,0,1,0,1,1,0,0,0,0
9823-EALYC,0,1.61370124044339,0.534710024134526,1.52113306522873,1,1,1,1,0,1,0,0,0,1,0,1,0,1,0,1,0,1,0,0,0,1,1,0,0,0,0
0582-AVCLN,0,0.229208873962357,-1.47772614306665,-0.679378580496815,0,0,0,1,0,0,0,1,1,0,1,0,1,0,1,0,1,0,1,0,0,1,0,0,0,1,0
5803-NQJZO,0,1.61370124044339,0.100981007091168,1.11373555566378,1,1,0,1,0,1,0,0,0,1,0,1,0,1,0,1,0,0,0,0,0,1,1,0,0,0,0
2565-JSLRY,0,-1.27744458367877,-1.35309136805419,-0.996802517836648,1,0,0,1,0,1,0,1,1,0,1,0,1,0,1,0,1,0,1,0,0,0,1,0,0,1,1
2607-DHDAK,0,1.61370124044339,-1.49434411306831,-0.382880783115129,1,1,1,1,0,0,0,1,1,0,1,0,1,0,1,0,1,0,1,0,0,1,1,1,0,0,0
1073-XXCZD,0,0.921455057202873,-1.29825206704871,-0.370077870482507,1,1,0,1,0,1,0,1,1,0,1,0,1,0,1,0,1,0,1,0,0,1,0,0,0,0,0
0743-HRVFF,0,0.758573602322752,-0.286217693947539,0.272407603802137,0,1,1,0,1,0,0,0,0,0,0,0,0,1,0,1,0,1,0,1,1,0,1,0,1,0,0
4006-HKYHO,0,1.24721796696312,0.729140273153963,1.33661660540789,1,0,0,1,0,0,0,0,0,1,0,1,0,1,0,1,0,1,0,1,0,1,1,0,0,0,0
3727-JEZTU,0,-1.27744458367877,-1.47440254906632,-0.998413918909374,0,0,0,1,0,0,0,1,1,0,1,0,1,0,1,0,1,0,1,0,0,0,0,0,0,1,0
8143-ETQTI,0,-0.381596581838098,-1.49932950406881,-0.808069926441962,0,1,1,1,0,0,0,1,1,0,1,0,1,0,1,0,1,0,1,0,0,1,1,0,0,1,0
6689-KXGBO,0,-1.27744458367877,-0.472338957966145,-0.985103304568907,0,0,0,1,0,0,0,0,0,0,0,1,0,0,0,0,0,0,0,0,0,0,0,0,1,0,1
9667-TKTVZ,0,-1.23672421995873,-0.346042385953519,-0.955744901463067,0,0,0,1,0,1,0,0,0,0,0,0,0,0,0,1,0,0,0,0,0,0,1,0,0,1,0
3657-COGMW,1,0.799293966042782,1.44038938922506,1.57051257481351,0,0,0,1,0,1,1,0,0,1,0,1,0,1,0,0,0,1,0,1,0,0,0,1,0,0,0
8570-KLJYJ,0,0.147768146522297,-0.342718791953187,-0.171478206765784,0,0,0,1,0,1,0,0,0,1,0,0,0,0,0,0,0,0,0,0,1,0,0,0,0,1,0
7754-IXRMC,0,-1.27744458367877,-0.645165845983421,-0.98739899924786,0,0,0,1,0,0,0,0,0,0,0,0,0,0,0,0,0,0,0,0,0,0,0,0,0,1,0
9473-CBZOP,0,-0.177994763237946,-0.19149526493807,-0.277013940035724,0,0,0,1,0,1,0,0,0,1,0,0,0,1,0,0,0,0,0,0,1,0,0,0,0,1,0
2969-WGHQO,0,-1.03312240135858,0.15582030809665,-0.796812192920174,0,1,1,1,0,0,0,0,0,1,0,1,0,1,0,0,0,1,0,0,1,0,0,0,1,0,0
6615-NGGZJ,0,-0.748079855318371,1.18945804219998,-0.382483451343772,1,0,0,1,0,1,1,0,0,0,0,1,0,0,0,0,0,1,0,1,0,0,1,0,1,0,1
4334-HOWRP,1,1.61370124044339,0.00625857808169908,0.999546819373169,1,1,0,0,1,0,0,0,0,1,0,1,0,1,0,1,0,1,0,1,0,1,1,1,0,0,0
4255-DDUOU,0,-1.27744458367877,-1.47107895506598,-0.998369770934779,0,1,1,1,0,0,0,1,1,0,1,0,1,0,1,0,1,0,1,0,0,0,1,0,0,1,1
5863-OOKCL,0,-0.910961310198492,-1.52591825607147,-0.93537061118736,0,0,0,1,0,0,0,1,1,0,1,0,1,0,1,0,1,0,1,0,0,0,0,0,0,1,0
1686-STUHN,0,0.392090328842479,-1.49434411306831,-0.632206469641792,1,0,0,1,0,0,0,1,1,0,1,0,1,0,1,0,1,0,1,0,1,0,0,0,0,0,0
1329-VHWNP,0,-1.03312240135858,-1.31985542805087,-0.923561027983131,0,0,0,0,1,0,0,0,0,0,0,0,0,0,0,0,0,0,0,0,0,0,0,0,0,0,0
2984-MIIZL,0,-1.15528349251868,0.333632587114425,-0.865307775504701,1,0,0,1,0,0,1,0,0,0,0,0,0,1,0,0,0,0,0,0,0,0,1,0,0,0,1
0266-GMEAO,0,1.61370124044339,1.64645221724566,2.55026650101855,1,1,1,1,0,1,1,0,0,1,0,1,0,1,0,1,0,1,0,1,0,1,1,1,0,0,0
5590-YRFJT,0,-0.503757672998189,-1.33979699205286,-0.794273684380947,0,1,0,0,1,0,0,0,0,0,0,0,0,0,0,0,0,0,0,0,0,0,1,0,1,0,1
5574-NXZIU,0,1.24721796696312,1.47694892322872,2.10490173330169,1,0,0,1,0,0,1,0,0,1,0,1,0,1,0,1,0,1,0,1,0,1,0,1,0,0,0
0019-GFNTW,0,0.962175420922904,-0.655136627984418,0.122812191886139,0,0,0,0,1,0,0,0,0,1,0,1,0,1,0,1,0,0,0,0,0,1,0,0,0,0,0
4256-ZWTZI,0,-1.11456312879864,-0.457382784964649,-0.880803714587634,0,0,1,1,0,0,0,0,0,0,0,0,0,0,0,1,0,0,0,0,0,0,1,0,0,1,0
8309-PPCED,0,1.61370124044339,1.51849384823287,2.51669196633887,0,1,0,1,0,1,1,0,0,0,0,1,0,1,0,1,0,1,0,1,0,1,1,0,0,0,0
4098-NAUKP,1,1.45081978556327,0.661006596147152,1.50177417836871,1,1,1,1,0,1,1,0,0,0,0,1,0,1,0,0,0,0,0,0,0,0,1,0,1,0,0
5196-WPYOW,0,1.41009942184324,-0.156597527934581,0.755872073594698,1,1,1,1,0,0,0,0,0,1,0,1,0,0,0,1,0,0,0,0,1,0,0,0,0,1,0
4608-LCIMN,0,-0.992402037638553,-0.668431003985747,-0.844447857508447,1,1,1,1,0,0,0,0,0,0,0,0,0,0,0,0,0,0,0,0,0,0,0,0,0,0,0
1485-YDHMM,0,0.799293966042782,0.946835680175725,1.0373816336013,1,1,1,1,0,1,1,0,0,0,0,1,0,0,0,1,0,0,0,1,0,0,1,0,0,0,0
4054-CUMIA,0,-0.58519840043825,-1.47938794006682,-0.829967321841205,0,1,1,1,0,0,0,1,1,0,1,0,1,0,1,0,1,0,1,0,0,0,1,0,0,1,0
0603-TPMIB,0,1.084336512083,-1.30656105204954,-0.330168101448403,0,1,1,1,0,1,0,1,1,0,1,0,1,0,1,0,1,0,1,0,0,1,0,0,0,1,0
2525-GVKQU,0,1.12505687580303,-1.46775536106565,-0.524882743400744,0,0,0,1,0,0,0,1,1,0,1,0,1,0,1,0,1,0,1,0,0,1,0,0,0,1,0
8161-QYMTT,0,-1.03312240135858,0.975086229178549,-0.697810359890331,1,0,0,1,0,1,1,0,0,0,0,0,0,0,0,0,0,1,0,1,0,0,1,0,1,0,0
9581-GVBXT,0,1.084336512083,-0.995805013018473,-0.133157764817109,1,1,1,0,1,0,0,0,0,1,0,0,0,1,0,0,0,0,0,0,1,0,0,0,0,1,0
5862-BRIXZ,0,0.5549717837226,-0.133332369932255,0.269957391212101,1,0,0,0,1,0,0,0,0,1,0,0,0,1,0,1,0,1,0,1,0,1,1,0,0,0,0
5404-GGUKR,0,-1.11456312879864,-0.445750205963487,-0.891619968363469,1,0,0,1,0,0,0,0,0,0,0,1,0,0,0,0,0,0,0,0,0,0,1,0,1,0,0
3308-JSGML,1,1.084336512083,-0.0236537679212913,0.708545444828592,1,1,0,0,1,0,0,0,0,1,0,0,0,1,0,1,0,1,0,1,0,1,1,1,0,0,0
2126-GSEGL,0,1.53226051300333,0.66599198714765,1.60505836493429,0,1,0,1,0,1,0,0,0,0,0,1,0,1,0,1,0,1,0,1,0,1,1,0,0,0,0
3677-TNKIO,0,-0.748079855318371,0.2073360151018,-0.603907617926238,0,0,0,1,0,0,1,0,0,0,0,0,0,0,0,0,0,0,0,0,0,0,1,1,0,0,1
0440-QEXBZ,0,0.473531056282539,-0.485633333967473,-0.0630507811598548,0,0,0,1,0,1,0,0,0,0,0,0,0,0,0,0,0,0,0,0,0,0,1,0,0,1,0
2434-EEVDB,0,1.28793833068315,0.99170419918021,1.61881045902071,0,1,0,1,0,1,1,0,0,1,0,0,0,1,0,0,0,1,0,0,0,1,1,1,0,0,0
6762-QVYJO,0,1.04361614836296,-0.166568309935578,0.592657011516066,0,1,1,0,1,0,0,0,0,1,0,0,0,1,0,1,0,1,0,1,0,1,0,0,0,1,0
6199-IWKGC,1,0.5549717837226,1.17948726019898,1.09130838456939,0,1,0,1,0,1,1,0,0,0,0,0,0,0,0,1,0,1,0,1,1,0,0,0,1,0,0
2675-DHUTR,1,1.04361614836296,1.1346187411945,1.5446418617007,1,1,0,1,0,1,1,0,0,0,0,1,0,0,0,0,0,1,0,1,0,0,1,0,1,0,0
8152-VETUR,0,1.61370124044339,1.09473561319051,2.02541330504295,0,1,0,1,0,1,1,0,0,0,0,1,0,0,0,0,0,1,0,1,0,1,1,1,0,0,0
9667-EQRXU,1,-0.0965540357978854,-0.8130073430002,-0.489586437711843,0,0,0,0,1,0,0,0,0,0,0,0,0,1,0,0,0,1,0,0,0,0,1,0,1,0,1
7446-YPODE,1,-0.870240946478462,-0.149950339933917,-0.714741108147608,1,0,0,1,0,1,0,0,0,1,0,1,0,0,0,0,0,0,0,0,0,0,0,0,0,0,0
9522-BNTHX,1,0.066327419082236,-0.282894099947206,-0.227788948362023,0,0,0,0,1,0,0,0,0,0,0,1,0,1,0,0,0,1,0,1,0,0,1,0,1,0,0
4676-WLUHT,0,0.880734693482843,-0.616915296980597,0.0662365624423289,1,0,0,0,1,0,0,0,0,1,0,1,0,0,0,0,0,0,0,1,0,1,0,0,0,0,0
3329-WDIOK,0,-1.1960038562387,-0.470677160965978,-0.938836227193087,0,0,0,0,1,0,0,0,0,0,0,1,0,0,0,0,0,1,0,1,0,0,1,0,1,0,1
7980-MHFLQ,0,1.61370124044339,-1.32484081905137,-0.186620962051954,0,1,1,1,0,1,0,1,1,0,1,0,1,0,1,0,1,0,1,0,0,1,0,0,0,1,0
2873-ZLIWT,0,0.310649601402418,0.667653784147816,0.450809569141535,0,1,1,1,0,1,1,0,0,0,0,0,0,1,0,1,0,0,0,0,0,0,1,0,1,0,1
3415-TAILE,0,-1.23672421995873,0.0311855330841909,-0.948107301858089,0,1,1,1,0,0,0,0,0,0,0,0,0,0,0,0,0,1,0,1,0,0,0,0,0,1,1
0757-WCUUZ,0,0.880734693482843,-0.0469189259236169,0.497628496199795,1,1,1,1,0,1,0,0,0,0,0,0,0,1,0,0,0,0,0,1,0,1,0,1,0,0,0
1629-DQQVB,0,-0.748079855318371,-0.487295130967639,-0.69419022597352,0,0,0,1,0,0,0,0,0,1,0,0,0,0,0,0,0,0,0,0,0,0,0,0,0,0,0
1915-IOFGU,0,-1.27744458367877,0.190718045100139,-0.976295783637155,0,0,0,1,0,0,1,0,0,0,0,0,0,0,0,0,0,0,0,0,0,0,0,0,1,0,1
3045-XETSH,0,-0.910961310198492,1.00001318418104,-0.586491241948413,0,0,0,1,0,1,1,0,0,0,0,1,0,1,0,0,0,0,0,1,0,0,1,0,1,0,1
0374-AACSZ,0,-1.27744458367877,-0.485633333967473,-0.985279896467288,0,0,0,1,0,0,0,0,0,1,0,0,0,0,0,0,0,0,0,0,0,0,0,0,1,0,0
7239-HZZCX,0,-1.27744458367877,-1.49600591006848,-0.998700880744243,1,0,0,1,0,0,0,1,1,0,1,0,1,0,1,0,1,0,1,0,0,0,0,0,0,1,1
4872-VXRIL,0,0.962175420922904,-0.00371220391929756,0.610845977049308,1,0,0,1,0,1,0,0,0,1,0,1,0,0,0,1,0,0,0,0,1,0,1,0,0,0,0
9140-CZQZZ,0,1.45081978556327,0.493165099130373,1.42769387699789,0,1,0,1,0,0,0,0,0,1,0,1,0,0,0,1,0,1,0,1,0,1,1,0,0,0,0
3423-HHXAO,0,-0.748079855318371,-1.50431489506931,-0.88733761482773,0,1,1,1,0,0,0,1,1,0,1,0,1,0,1,0,1,0,1,0,1,0,1,0,0,1,0
9938-TKDGL,0,1.45081978556327,1.15622210219666,1.93636684028433,1,1,1,1,0,0,1,0,0,1,0,0,0,0,0,1,0,1,0,1,0,1,1,0,1,0,0
0531-ZZJWQ,1,0.921455057202873,0.307043835111767,0.781632416771025,1,1,0,1,0,1,1,0,0,0,0,0,0,0,0,0,0,0,0,0,0,0,1,0,1,0,0
6537-QLGEX,0,-0.66663912787831,-0.859537659004851,-0.714100962515977,0,0,0,0,1,0,0,0,0,1,0,0,0,0,0,0,0,1,0,0,0,0,1,0,1,0,0
2688-BHGOG,1,-0.951681673918523,0.491503302130207,-0.69019483427265,1,0,0,1,0,0,1,0,0,0,0,0,0,0,0,0,0,0,0,1,0,0,1,0,1,0,0
7683-CBDKJ,0,-0.748079855318371,0.0228765480833603,-0.59348869592176,1,1,1,1,0,0,0,0,0,1,0,1,0,0,0,0,0,1,0,0,0,0,1,0,1,0,1
0946-CLJTI,1,1.04361614836296,1.12797155319383,1.55872506559658,1,1,0,1,0,1,1,0,0,0,0,0,0,1,0,0,0,1,0,1,0,0,1,0,1,0,1
3160-TYXLT,0,0.840014329762813,-0.613591702980265,0.116962585252269,1,0,0,0,1,0,0,0,0,1,0,1,0,0,0,0,0,0,0,1,0,0,1,0,0,0,0
1325-USMEC,0,1.53226051300333,1.14957491419599,2.05843599004019,1,1,0,1,0,1,1,0,0,1,0,1,0,1,0,0,0,1,0,0,0,1,1,1,0,0,0
0916-QOFDP,1,-0.748079855318371,1.0315873271842,-0.413055923750981,0,1,1,1,0,1,1,0,0,0,0,0,0,0,0,0,0,1,0,1,0,0,1,0,1,0,0
0628-CNQRM,0,-0.422316945558128,0.0910102250901713,-0.325753303988878,1,1,1,1,0,0,0,0,0,1,0,0,0,1,0,1,0,1,0,0,1,0,1,0,0,0,1
5606-AMZBO,0,-0.910961310198492,0.444972986125556,-0.669621878111265,0,1,0,1,0,1,1,0,0,1,0,0,0,0,0,0,0,0,0,0,0,0,1,1,0,0,0
6199-IPCAO,0,-0.137274399517916,-1.28495769104738,-0.701673307667415,0,1,1,1,0,1,0,1,1,0,1,0,1,0,1,0,1,0,1,0,0,1,0,0,0,1,0
7665-TOALD,0,-1.27744458367877,0.160805699097148,-0.976693115408512,0,0,0,1,0,0,1,0,0,0,0,0,0,0,0,0,0,0,0,0,0,0,1,0,1,0,1
0112-QWPNC,0,0.677132874882691,0.651035814146155,0.784700701005395,1,1,0,1,0,1,0,0,0,1,0,0,0,1,0,1,0,1,0,1,1,0,0,0,1,0,1
0324-BRPCJ,1,1.45081978556327,1.17782546319882,2.0174445956285,0,1,0,1,0,1,1,0,0,0,0,1,0,0,0,0,0,1,0,1,0,0,1,0,1,0,1
2777-PHDEI,0,-1.27744458367877,0.441649392125223,-0.972962611555214,0,0,0,1,0,0,1,0,0,0,0,0,0,0,0,0,0,1,0,0,0,0,0,0,1,0,1
5640-CAXOA,0,-0.0965540357978854,-0.811345546000034,-0.483361573293913,0,0,0,0,1,0,0,0,0,0,0,0,0,0,0,1,0,0,0,1,1,0,1,1,0,0,0
2235-EZAIK,0,1.61370124044339,0.479870723129044,1.3774093339339,0,1,0,1,0,1,0,0,0,1,0,1,0,1,0,1,0,1,0,0,0,1,0,1,0,0,0
3847-BAERP,0,-0.910961310198492,-1.45778457906466,-0.898374608476542,0,0,0,1,0,0,0,1,1,0,1,0,1,0,1,0,1,0,1,0,0,0,1,0,0,1,0
1196-AMORA,0,-1.03312240135858,0.293749459110438,-0.777850637831515,1,0,0,1,0,1,1,0,0,0,0,0,0,0,0,0,0,0,0,0,0,0,0,0,1,0,1
4282-YMKNA,0,-0.951681673918523,0.331970790114259,-0.695470517236782,0,0,0,1,0,1,1,0,0,0,0,0,0,0,0,0,0,0,0,0,0,0,1,0,1,0,1
1453-RZFON,0,-1.27744458367877,-0.493942318968304,-0.985390266403776,0,0,1,1,0,0,0,0,0,1,0,0,0,0,0,0,0,0,0,0,0,0,0,0,0,1,0
8263-OKETD,0,-0.503757672998189,0.137540541094823,-0.402438335860824,0,0,0,1,0,1,0,0,0,0,0,1,0,0,0,1,0,0,0,1,0,0,1,1,0,0,0
0670-KDOMA,0,-1.27744458367877,-1.47938794006682,-0.998480140871267,0,0,0,1,0,0,0,1,1,0,1,0,1,0,1,0,1,0,1,0,0,0,1,0,0,1,0
2476-YGEFM,0,-0.137274399517916,0.373515715118412,-0.0294320985055734,0,0,0,1,0,1,1,0,0,0,0,0,0,0,0,0,0,0,0,0,0,0,1,1,0,0,0
8687-BAFGU,0,-1.27744458367877,0.307043835111767,-0.974750604526321,1,0,0,1,0,0,1,0,0,0,0,0,0,0,0,1,0,0,0,0,0,0,0,0,1,0,0
0641-EVBOJ,0,-1.1960038562387,0.582902137139344,-0.912766848194593,1,0,0,1,0,0,1,0,0,1,0,0,0,0,0,1,0,0,0,0,0,0,1,0,0,1,0
0829-XXPLX,0,-0.503757672998189,0.818877311162933,-0.181345279087822,0,0,0,1,0,0,1,0,0,1,0,0,0,1,0,0,0,1,0,0,0,0,1,0,0,0,0
9974-JFBHQ,0,1.28793833068315,1.14292772619533,1.71703970249514,1,0,1,1,0,0,1,0,0,0,0,1,0,0,0,1,0,1,0,1,0,0,1,1,0,0,0
5356-RHIPP,0,-1.27744458367877,-1.48104973706698,-0.998502214858565,1,0,0,1,0,0,0,1,1,0,1,0,1,0,1,0,1,0,1,0,0,0,1,0,0,1,1
6624-JDRDS,0,-1.07384276507861,-1.17361729203625,-0.936143200742777,0,0,0,0,1,0,0,0,0,1,0,0,0,0,0,0,0,0,0,0,0,0,0,0,0,0,0
0608-JDVEC,0,0.717853238602722,-1.49434411306831,-0.560112827127752,1,1,0,1,0,0,0,1,1,0,1,0,1,0,1,0,1,0,1,0,0,1,0,0,1,0,0
9780-FKVVF,0,-1.07384276507861,-0.186509873937571,-0.858773875264605,1,0,0,1,0,0,0,0,0,1,0,0,0,0,0,0,0,0,0,1,0,0,1,0,0,0,0
1919-RTPQD,0,-1.03312240135858,-0.665107409985415,-0.86012038848976,1,1,1,1,0,0,0,0,0,0,0,0,0,0,0,0,0,0,0,0,0,0,0,0,1,0,0
5214-NLTIT,0,1.61370124044339,0.865407627167585,1.86740770396656,1,1,1,1,0,1,1,0,0,0,0,0,0,1,0,0,0,0,0,1,0,1,1,1,0,0,0
3345-PBBFH,0,-0.992402037638553,-0.505574897969467,-0.833719899681801,1,1,0,1,0,0,0,0,0,0,0,1,0,0,0,0,0,0,0,0,0,0,1,0,0,0,0
5055-BRMNE,0,1.41009942184324,1.39385907322041,2.0871321735271,0,1,1,1,0,1,1,0,0,1,0,0,0,0,0,1,0,1,0,1,0,1,0,1,0,0,0
9189-JWSHV,1,-0.340876218118068,0.956806462176721,-0.00788788690309229,0,1,0,1,0,1,1,0,0,0,0,0,0,0,0,0,0,1,0,1,0,0,1,0,1,0,1
2190-PHBHR,0,1.61370124044339,0.986718808179712,2.04837025183248,0,1,0,1,0,1,1,0,0,1,0,1,0,0,0,0,0,0,0,1,0,1,1,1,0,0,0
2650-GYRYL,0,0.0256070553622056,-1.50597669206947,-0.742421888218829,1,1,1,1,0,0,0,1,1,0,1,0,1,0,1,0,1,0,1,0,1,0,1,0,0,0,0
0746-JTRFU,0,-1.23672421995873,-1.31985542805087,-0.982542722042383,1,0,0,0,1,0,0,0,0,0,0,0,0,0,0,0,0,0,0,0,0,0,1,0,1,0,1
5208-FVQKB,0,1.53226051300333,0.105966398091666,1.05170765135746,1,1,0,1,0,0,0,0,0,1,0,1,0,0,0,1,0,0,0,1,0,1,0,0,0,1,0
7184-LRUUR,0,-0.422316945558128,0.0162293600826957,-0.370894608012519,0,0,0,1,0,0,0,0,0,0,0,1,0,1,0,0,0,1,0,0,1,0,0,0,0,0,0
6627-CFOSN,0,1.084336512083,1.15289850819632,1.47532954158616,0,0,0,1,0,1,1,0,0,1,0,1,0,1,0,0,0,0,0,1,0,0,1,0,0,0,0
3982-JGSFD,0,0.147768146522297,-1.47606434606648,-0.700216424505772,1,0,0,1,0,0,0,1,1,0,1,0,1,0,1,0,1,0,1,0,1,0,1,1,0,0,0
1574-DYCWE,0,0.758573602322752,-1.48935872206781,-0.553247817078191,0,1,1,1,0,0,0,1,1,0,1,0,1,0,1,0,1,0,1,0,0,1,0,0,0,1,0
7247-XOZPB,0,0.840014329762813,0.420046031123064,0.827347644464405,1,1,0,1,0,1,0,0,0,1,0,0,0,1,0,1,0,1,0,0,1,0,0,0,0,0,0
2466-FCCPT,0,-0.503757672998189,-1.49766770706864,-0.832770718228004,0,1,1,1,0,0,0,1,1,0,1,0,1,0,1,0,1,0,1,0,1,0,0,0,0,0,0
6211-WWLTF,0,1.24721796696312,1.16120749319715,1.78732327805078,1,1,0,1,0,0,1,0,0,1,0,0,0,1,0,0,0,1,0,1,0,1,0,1,0,0,0
4826-TZEVA,0,0.310649601402418,0.333632587114425,0.30452525532018,0,0,0,1,0,0,1,0,0,0,0,1,0,0,0,0,0,0,0,0,0,0,0,1,0,0,0
6016-NXBNJ,0,0.107047782802266,-1.51594747407047,-0.725756027809123,1,0,0,1,0,0,0,1,1,0,1,0,1,0,1,0,1,0,1,0,1,0,1,0,0,1,0
9138-EFSMO,0,-0.259435490678007,0.471561738128214,-0.109339932522972,1,1,1,1,0,0,1,0,0,0,0,0,0,0,0,0,0,0,0,1,1,0,0,0,0,0,0
0576-WNXXC,1,-0.218715126957977,1.02327834218337,0.10078235256311,1,1,0,1,0,1,1,0,0,0,0,1,0,1,0,0,0,0,0,1,0,0,1,0,1,0,1
4632-XJMEX,0,0.840014329762813,-0.0635368959252781,0.502219885557701,1,0,1,1,0,0,0,0,0,1,0,1,0,0,0,1,0,0,0,0,1,0,0,1,0,0,0
8910-LEDAG,1,0.066327419082236,0.225615782103627,0.0642057556109476,1,1,0,1,0,0,1,0,0,0,0,0,0,0,0,0,0,0,0,0,0,0,0,1,0,0,0
3452-GWUIN,1,-0.544478036718219,1.00333677818137,-0.230305382913952,0,1,0,1,0,1,1,0,0,0,0,0,0,0,0,0,0,1,0,1,0,0,1,0,1,0,0
2716-GFZOR,0,0.432810692562509,0.709198709151969,0.560561433985321,1,1,0,1,0,0,1,0,0,1,0,1,0,1,0,0,0,0,0,0,0,0,1,1,0,0,0
3724-UCSHY,0,-1.07384276507861,-1.50265309806914,-0.953162244949245,1,1,1,1,0,0,0,1,1,0,1,0,1,0,1,0,1,0,1,0,0,0,0,0,0,1,0
8626-XHBIE,0,0.962175420922904,-1.3281644130517,-0.378664651541283,1,0,1,1,0,1,0,1,1,0,1,0,1,0,1,0,1,0,1,0,0,1,1,0,0,1,0
4628-CTTLA,0,1.00289578464293,-0.846243283003522,-0.0752576961354409,1,0,0,0,1,0,0,0,0,0,0,1,0,0,0,0,0,1,0,0,0,0,1,0,1,0,1
3192-LNKRK,0,0.066327419082236,0.641065032145158,0.277263881007614,1,1,1,1,0,0,1,0,0,0,0,0,0,1,0,0,0,1,0,0,0,0,1,0,0,1,0
4439-YRNVD,0,-0.910961310198492,-0.947612900013656,-0.842306680740577,0,0,0,0,1,0,0,0,0,0,0,1,0,0,0,1,0,0,0,0,0,0,0,0,1,0,0
2876-VBBBL,0,-1.27744458367877,-1.47938794006682,-0.998480140871267,0,0,0,1,0,0,0,1,1,0,1,0,1,0,1,0,1,0,1,0,0,0,1,0,0,1,1
6834-NXDCA,0,-0.788800219038401,-1.35807675905469,-0.874622998144299,0,0,0,0,1,0,0,0,0,0,0,0,0,0,0,0,0,0,0,0,0,0,1,0,1,0,1
2208-UGTGR,0,0.962175420922904,1.1246479591935,1.45650043042128,1,0,0,1,0,1,1,0,0,0,0,1,0,0,0,0,0,1,0,1,0,0,0,0,1,0,0
3005-TYFRD,0,0.921455057202873,1.29248945621028,1.49870589413434,0,1,0,1,0,1,1,0,0,0,0,1,0,1,0,0,0,1,0,1,0,0,1,1,0,0,0
8670-MEFCP,0,0.147768146522297,0.935203101174562,0.484450325783113,0,1,1,1,0,1,0,0,0,1,0,1,0,1,0,1,0,1,0,1,0,1,1,1,0,0,0
3079-BCHLN,0,0.595692147442631,-1.49102051906798,-0.591126779280914,1,1,0,1,0,0,0,1,1,0,1,0,1,0,1,0,1,0,1,0,1,0,0,0,0,0,0
7777-UNYHB,0,-0.829520582758432,-1.48437333106731,-0.904820212767448,0,1,1,1,0,0,0,1,1,0,1,0,1,0,1,0,1,0,1,0,0,0,1,1,0,0,0
5597-GLBUC,0,-1.27744458367877,0.68759534814981,-0.969695661435165,0,0,0,1,0,0,1,0,0,0,0,0,0,1,0,0,0,1,0,0,0,0,1,0,1,0,1
7278-CKDNC,1,-0.340876218118068,0.523077445133363,-0.0854117302923479,1,0,0,1,0,1,1,0,0,0,0,1,0,0,0,0,0,0,0,0,0,0,1,0,1,0,0
2748-MYRVK,0,1.24721796696312,1.16785468119782,1.70194109518356,0,0,0,1,0,1,1,0,0,0,0,1,0,0,0,0,0,1,0,1,1,0,0,0,0,0,1
8450-UYIBU,1,0.107047782802266,-0.827963516001695,-0.374073262183377,0,0,0,0,1,0,0,0,0,0,0,0,0,1,0,0,0,1,0,0,0,0,1,0,1,0,0
2969-VAPYH,0,1.41009942184324,-0.141641354933086,0.701106511109293,0,0,0,1,0,0,0,0,0,1,0,1,0,0,0,1,0,0,0,0,1,0,0,1,0,0,0
4822-YCXMX,0,-0.300155854398037,0.66599198714765,-0.105278318860209,1,0,0,1,0,1,1,0,0,0,0,0,0,0,0,0,0,0,0,1,0,0,1,0,1,0,1
7181-OQCUT,0,-0.463037309278159,1.29913664421094,-0.0295424684420615,1,0,0,1,0,1,1,0,0,1,0,0,0,1,0,0,0,1,0,1,0,0,0,0,0,1,0
8474-UMLNT,0,-0.788800219038401,0.100981007091168,-0.635583789698329,0,0,0,1,0,0,0,0,0,1,0,1,0,0,0,1,0,0,0,1,0,0,0,0,0,0,0
9821-POOTN,0,0.107047782802266,0.346926963115754,0.129920015795974,1,1,0,1,0,1,1,0,0,0,0,0,0,0,0,0,0,0,0,0,0,0,1,0,1,0,1
3836-FZSDJ,1,1.57298087672336,-1.32650261605153,-0.16816710867114,1,1,0,1,0,1,0,1,1,0,1,0,1,0,1,0,1,0,1,0,0,1,0,0,0,0,0
9142-XMYJH,0,-0.137274399517916,-1.50930028606981,-0.741825890561793,0,0,0,1,0,0,0,1,1,0,1,0,1,0,1,0,1,0,1,0,0,0,0,1,0,0,0
6559-ILWKJ,0,1.57298087672336,-0.512222085970131,0.544491571232651,1,1,0,0,1,0,0,0,0,0,0,1,0,0,0,0,0,1,0,1,0,1,0,0,1,0,1
0187-QSXOE,1,-1.03312240135858,0.805582935161604,-0.740126193539876,1,1,0,1,0,0,1,0,0,0,0,0,0,0,0,0,0,1,0,1,0,0,1,0,1,0,0
7733-UDMTP,1,1.00289578464293,-0.32443902495136,0.358540302237466,0,0,0,0,1,0,0,0,0,0,0,1,0,1,0,0,0,1,0,1,0,0,1,0,1,0,0
2649-HWLYB,0,1.32865869440318,0.378501106118911,1.16887637593324,1,1,0,1,0,1,0,0,0,1,0,0,0,1,0,1,0,0,0,1,0,1,0,0,0,0,0
5214-CHIWJ,0,-0.218715126957977,-1.47772614306665,-0.744717582897782,1,0,0,1,0,0,0,1,1,0,1,0,1,0,1,0,1,0,1,0,1,0,0,0,0,1,0
4229-CZMLL,0,-1.07384276507861,0.336956181114758,-0.80001292107833,1,0,0,1,0,1,1,0,0,0,0,0,0,0,0,0,0,0,0,0,0,0,1,0,1,0,1
6904-JLBGY,1,1.61370124044339,1.7478218342558,2.7170134010648,0,0,0,1,0,1,1,0,0,1,0,1,0,1,0,1,0,1,0,1,0,1,1,1,0,0,0
2465-BLLEU,0,-1.27744458367877,-1.49600591006848,-0.998700880744243,1,0,0,1,0,0,0,1,1,0,1,0,1,0,1,0,1,0,1,0,0,0,1,0,0,1,0
1685-VAYJF,0,-0.870240946478462,-0.65015123698392,-0.790212070718185,1,0,0,1,0,0,0,0,0,0,0,0,0,0,0,0,0,0,0,0,0,0,0,1,0,0,0
8874-EJNSR,0,0.269929237682388,-1.31487003705037,-0.571260190713052,1,1,1,1,0,1,0,1,1,0,1,0,1,0,1,0,1,0,1,0,0,1,0,0,0,1,0
6917-YACBP,1,1.084336512083,0.830509890164096,1.41934990979938,0,0,0,1,0,1,1,0,0,1,0,1,0,1,0,0,0,0,0,0,0,0,1,0,1,0,0
5049-MUBWG,0,-0.259435490678007,0.34027977511509,-0.16492223253839,1,0,0,1,0,0,0,0,0,1,0,0,0,0,0,1,0,1,0,1,1,0,0,0,0,0,0
4223-WOZCM,1,-1.23672421995873,-0.492280521968138,-0.960137624935294,1,0,0,1,0,0,0,0,0,0,0,0,0,1,0,0,0,0,0,0,0,0,0,0,0,1,0
0769-MURVM,0,1.61370124044339,0.0311855330841909,1.01250424991688,0,1,1,0,1,0,0,0,0,1,0,1,0,1,0,1,0,1,0,1,0,1,0,0,0,0,0
9253-VIFJQ,0,1.32865869440318,0.0760540520886761,0.895158933442706,1,1,0,1,0,1,0,0,0,1,0,1,0,1,0,0,0,0,0,0,1,0,0,1,0,0,0
7030-FZTFM,0,1.61370124044339,1.53345002123437,2.49031355151821,1,1,1,1,0,1,1,0,0,0,0,1,0,1,0,1,0,1,0,1,0,1,0,1,0,0,0
9741-YLNTD,0,-1.07384276507861,0.770685198158116,-0.776813160428527,1,0,0,1,0,1,1,0,0,0,0,0,0,0,0,1,0,0,0,1,0,0,1,0,0,0,0
5917-RYRMG,1,-0.0151133083578247,-1.49434411306831,-0.747962459030532,1,0,0,1,0,0,0,1,1,0,1,0,1,0,1,0,1,0,1,0,1,0,0,1,0,0,0
5120-ZBLAI,0,0.717853238602722,0.363544933117415,0.703843685534198,0,1,0,1,0,1,0,0,0,0,0,0,0,1,0,0,0,1,0,1,1,0,0,0,0,0,0
1194-BHJYC,0,1.16577723952306,-0.086802053927604,0.660865632265724,1,1,0,0,1,0,0,0,0,1,0,0,0,1,0,1,0,1,0,1,0,1,1,0,0,1,0
3663-MITLP,0,-0.707359491598341,1.2127232002023,-0.364073745937553,0,0,0,1,0,0,1,0,0,0,0,1,0,1,0,0,0,1,0,1,0,0,1,0,1,0,1
0906-QVPMS,0,1.61370124044339,1.67470276624849,2.67869295911613,1,1,0,1,0,1,1,0,0,1,0,1,0,1,0,1,0,1,0,1,0,1,0,0,0,0,0
9025-ZRPVR,0,-0.951681673918523,-1.52259466207113,-0.925481464878025,1,0,0,1,0,0,0,1,1,0,1,0,1,0,1,0,1,0,1,0,0,0,1,0,0,1,1
1905-OEILC,0,-1.27744458367877,-1.50431489506931,-0.998811250680731,0,0,0,1,0,0,0,1,1,0,1,0,1,0,1,0,1,0,1,0,0,0,0,0,0,1,0
7858-GTZSP,0,-0.829520582758432,0.724154882153464,-0.536405364770104,0,0,0,1,0,1,1,0,0,0,0,0,0,0,0,0,0,0,0,1,0,0,1,0,1,0,0
3285-UCQVC,0,0.188488510242327,-1.20186784103907,-0.577617499054768,0,0,0,0,1,0,0,0,0,0,0,0,0,0,0,1,0,0,0,0,0,0,0,1,0,0,1
6248-BSHKG,0,1.16577723952306,-1.47440254906632,-0.465967271303386,1,1,1,1,0,0,0,1,1,0,1,0,1,0,1,0,1,0,1,0,1,0,0,0,0,1,0
4685-TFLLS,0,-0.58519840043825,-1.49434411306831,-0.856301588687271,1,1,1,1,0,0,0,1,1,0,1,0,1,0,1,0,1,0,1,0,1,0,0,0,0,0,0
3470-BTGQO,0,-0.463037309278159,-0.635195063982425,-0.572540481976314,1,0,1,1,0,0,0,0,0,0,0,0,0,0,0,0,0,0,0,0,0,0,0,0,0,1,0
1209-VFFOC,0,1.45081978556327,-0.277908708946708,0.735740597179265,1,1,1,0,1,0,0,0,0,1,0,1,0,1,0,1,0,0,0,1,0,1,1,0,0,1,0
8224-DWCKX,1,-0.829520582758432,0.283778677109441,-0.641852802090854,1,0,0,1,0,1,1,0,0,0,0,0,0,0,0,0,0,0,0,0,0,0,1,1,0,0,0
5482-PLVPE,1,-1.23672421995873,-1.34312058605319,-0.988944178358694,0,0,0,0,1,0,0,0,0,0,0,0,0,0,0,0,0,0,0,0,0,0,0,0,1,0,1
4553-DVPZG,0,1.20649760324309,1.21604679420264,1.71417008414645,0,1,0,1,0,1,1,0,0,0,0,0,0,1,0,0,0,1,0,1,0,0,1,0,1,0,0
4902-OHLSK,1,-0.137274399517916,1.12630975619367,0.256426036998657,0,0,0,1,0,1,1,0,0,0,0,0,0,0,0,1,0,1,0,1,0,0,0,0,1,0,1
6917-IAYHD,0,-1.27744458367877,-1.03568814102246,-0.992586386262801,1,0,1,0,1,0,0,0,0,0,0,1,0,0,0,1,0,0,0,0,0,0,0,0,0,1,0
0495-ZBNGW,1,-1.11456312879864,0.50313588113137,-0.855573147106449,1,1,0,1,0,1,1,0,0,0,0,0,0,1,0,0,0,0,0,0,0,0,1,0,0,0,1
8620-RJPZN,0,-1.27744458367877,-1.46443176706532,-0.998281474985589,0,0,0,1,0,0,0,1,1,0,1,0,1,0,1,0,1,0,1,0,0,0,0,0,1,0,0
7572-KPVKK,0,1.20649760324309,1.30578383221161,1.90215215997301,1,0,1,1,0,1,1,0,0,0,0,0,0,1,0,1,0,1,0,1,0,1,1,0,1,0,0
2642-MAWLJ,0,0.147768146522297,-1.47938794006682,-0.690459722120222,0,1,1,1,0,0,0,1,1,0,1,0,1,0,1,0,1,0,1,0,0,1,0,0,0,0,0
2357-COQEK,1,-0.177994763237946,1.28085687720911,0.268743321910732,0,0,0,1,0,1,1,0,0,0,0,0,0,1,0,1,0,1,0,1,0,0,1,0,1,0,1
7103-ZGVNT,0,1.4915401492833,0.297073053110771,1.14958371103512,0,1,1,1,0,1,0,0,0,1,0,1,0,0,0,1,0,1,0,0,1,0,0,1,0,0,0
3737-GCSPV,0,-0.870240946478462,1.04488170318553,-0.467909782185577,0,1,0,1,0,1,1,0,0,1,0,0,0,0,0,1,0,1,0,0,0,0,1,1,0,0,1
2027-WKXMW,0,1.24721796696312,1.46199275022722,2.02629626453485,0,1,0,1,0,1,1,0,0,0,0,1,0,1,0,1,0,1,0,1,0,0,1,0,1,0,0
7137-NAXML,0,-0.381596581838098,-1.48271153406715,-0.828355920768479,1,0,0,1,0,0,0,1,1,0,1,0,1,0,1,0,1,0,1,0,1,0,0,0,0,0,0
2428-ZMCTB,0,-0.910961310198492,-1.49600591006848,-0.915481948632201,1,0,0,1,0,0,0,1,1,0,1,0,1,0,1,0,1,0,1,0,0,0,0,1,0,0,0
2961-VNFKL,0,1.57298087672336,-1.28994308204788,-0.211917751495031,0,1,0,1,0,1,0,1,1,0,1,0,1,0,1,0,1,0,1,0,0,1,1,1,0,0,0
1768-HNVGJ,1,0.51425142000257,0.175761872098643,0.344589542265368,0,0,0,1,0,1,0,0,0,1,0,0,0,0,0,1,0,0,0,1,0,0,1,0,1,0,0
6963-KQYQB,0,1.53226051300333,-1.35309136805419,-0.228318724057166,0,1,1,1,0,1,0,1,1,0,1,0,1,0,1,0,1,0,1,0,0,1,0,0,0,1,0
5934-RMPOV,0,-0.422316945558128,0.664330190147484,-0.205361777267637,0,0,1,1,0,1,1,0,0,0,0,0,0,0,0,0,0,0,0,1,0,0,1,0,1,0,0
1207-BLKSA,0,0.799293966042782,-1.38632730805751,-0.453318876581847,0,1,1,1,0,1,0,1,1,0,1,0,1,0,1,0,1,0,1,0,0,1,0,0,0,1,0
4088-YLDSU,0,0.921455057202873,1.30910742621194,1.52802014926559,1,1,0,1,0,1,1,0,0,0,0,0,0,1,0,1,0,1,0,1,1,0,1,0,1,0,1
8316-BBQAY,0,1.32865869440318,-0.159921121934913,0.723666126127465,0,0,0,0,1,0,0,0,0,1,0,0,0,1,0,1,0,1,0,1,0,1,0,1,0,0,0
1166-PQLGG,0,1.61370124044339,-1.50265309806914,-0.361336571512648,0,1,1,1,0,0,0,1,1,0,1,0,1,0,1,0,1,0,1,0,0,1,0,0,0,0,0
3146-JTQHR,0,-0.910961310198492,-1.50099130106898,-0.923781767856108,1,1,0,1,0,0,0,1,1,0,1,0,1,0,1,0,1,0,1,0,1,0,0,0,0,0,0
4291-YZODP,0,-1.03312240135858,-1.48603512806748,-0.964684866318605,0,0,1,1,0,0,0,1,1,0,1,0,1,0,1,0,1,0,1,0,1,0,0,0,0,1,0
4395-PZMSN,1,-1.11456312879864,0.690918942150142,-0.827075629505217,1,0,0,1,0,0,1,0,0,0,0,1,0,0,0,0,0,0,0,1,0,0,1,0,1,0,0
6427-FEFIG,0,-0.340876218118068,0.45992915912705,-0.192161532863658,0,1,1,1,0,1,0,0,0,1,0,0,0,1,0,0,0,1,0,1,0,1,0,1,0,0,0
0017-IUDMW,0,1.61370124044339,1.72954206725397,2.72606373585683,0,1,1,1,0,1,1,0,0,1,0,1,0,1,0,1,0,1,0,1,0,1,1,1,0,0,0
8706-HRADD,0,-0.463037309278159,-0.704990537989402,-0.560863342695871,1,0,0,0,1,0,0,0,0,1,0,0,0,0,0,1,0,1,0,0,0,0,1,0,0,1,0
9955-QOPOY,0,1.4915401492833,-0.131670572932089,0.874784643166998,1,1,0,0,1,0,0,0,0,0,0,1,0,1,0,1,0,1,0,1,1,0,1,1,0,0,0
4385-ZKVNW,0,0.473531056282539,-0.327762618951692,0.117955914680662,1,1,1,1,0,0,0,0,0,0,0,1,0,0,0,1,0,0,0,0,0,0,1,0,0,0,0
5446-DKWYW,1,1.16577723952306,0.0145675630825297,0.743069160962076,0,1,1,1,0,1,0,0,0,0,0,0,0,1,0,0,0,1,0,0,1,0,1,0,1,0,0
2034-CGRHZ,1,-0.340876218118068,1.26922429820795,0.094822375992752,1,0,0,1,0,1,1,0,0,0,0,1,0,1,0,0,0,1,0,1,0,0,1,1,0,0,1
5797-APWZC,0,-1.27744458367877,0.85876043916692,-0.96742204074351,0,0,0,1,0,0,1,0,0,0,0,0,0,0,0,0,0,1,0,1,0,0,0,0,1,0,1
3683-QKIUE,0,-1.07384276507861,-0.464029972965314,-0.880251864905193,0,0,0,1,0,0,0,0,0,0,0,0,0,0,0,1,0,0,0,0,0,0,1,0,0,0,1
4228-ZGYUW,0,-1.15528349251868,0.840480672165093,-0.844911411241697,1,0,0,1,0,1,1,0,0,0,0,1,0,0,0,0,0,0,0,1,0,0,1,0,1,0,1
9031-ZVQPT,0,1.61370124044339,1.4437129832254,2.45404599038821,1,1,0,1,0,1,1,0,0,0,0,1,0,1,0,1,0,1,0,1,0,1,1,0,1,0,0
2990-IAJSV,0,1.61370124044339,0.905290755171572,1.92080467923951,1,0,0,1,0,1,0,0,0,1,0,1,0,1,0,1,0,1,0,1,0,1,0,0,0,0,0
8107-KNCIM,1,-0.748079855318371,0.343603369115422,-0.560046605165859,1,1,0,1,0,1,1,0,0,0,0,0,0,0,0,0,0,0,0,0,0,0,1,0,1,0,0
9027-YFHQJ,0,-1.03312240135858,-1.31985542805087,-0.939895778583373,1,0,0,1,0,1,0,1,1,0,1,0,1,0,1,0,1,0,1,0,0,0,1,0,0,0,0
5176-LDKUH,0,0.636412511162661,0.345265166115588,0.658128457840819,0,0,0,1,0,0,1,0,0,0,0,1,0,0,0,0,0,0,0,0,1,0,0,0,1,0,0
4644-OBGFZ,0,0.921455057202873,-1.50431489506931,-0.554307368468477,1,1,1,1,0,0,0,1,1,0,1,0,1,0,1,0,1,0,1,0,1,0,0,0,0,1,0
7926-IJOOU,0,-1.27744458367877,-1.51096208306997,-0.998899546629922,1,0,0,1,0,0,0,1,1,0,1,0,1,0,1,0,1,0,1,0,0,0,0,1,0,0,0
6480-YAGIY,0,0.51425142000257,1.57665674323869,1.21403975394418,1,0,0,1,0,0,1,0,0,1,0,1,0,1,0,1,0,1,0,1,1,0,0,1,0,0,0
4029-HPFVY,0,-1.1960038562387,0.184070857099474,-0.910117969718878,1,0,0,1,0,0,1,0,0,0,0,0,0,0,0,0,0,0,0,0,0,0,1,0,0,1,0
7602-DBTOU,0,1.57298087672336,-1.50099130106898,-0.382064045585117,0,1,0,1,0,0,0,1,1,0,1,0,1,0,1,0,1,0,1,0,0,1,0,0,0,1,0
5345-BMKWB,0,-0.992402037638553,-1.47938794006682,-0.93751178795523,1,1,0,1,0,0,0,1,1,0,1,0,1,0,1,0,1,0,1,0,0,0,0,0,0,1,0
3519-ZKXGG,0,-1.1960038562387,0.368530324117914,-0.894136402915398,0,1,0,1,0,1,1,0,0,0,0,0,0,0,0,0,0,0,0,0,0,0,1,0,1,0,1
5457-COLHT,0,1.4915401492833,0.528062836133862,1.43950346020211,1,1,1,1,0,0,0,0,0,1,0,1,0,0,0,1,0,1,0,1,0,1,0,0,0,0,0
6416-TVAIH,0,-1.27744458367877,0.124246165093494,-0.97717874312906,1,1,1,1,0,0,1,0,0,0,0,0,0,0,0,0,0,0,0,0,0,0,1,0,1,0,1
5451-YHYPW,1,1.61370124044339,1.69464433025048,2.72030242517215,0,1,0,1,0,1,1,0,0,1,0,1,0,1,0,1,0,1,0,1,0,1,1,1,0,0,0
5108-ADXWO,0,-0.870240946478462,0.290425865110106,-0.657878516868929,1,0,0,1,0,0,1,0,0,1,0,0,0,0,0,0,0,0,0,0,0,0,1,0,1,0,1
7998-WNZEM,0,1.57298087672336,0.526401039133695,1.51263458011914,1,0,0,1,0,1,0,0,0,1,0,1,0,1,0,1,0,0,0,1,0,1,0,0,0,0,0
3066-RRJIO,0,-1.27744458367877,0.172438278098311,-0.976538597497429,0,0,0,1,0,0,1,0,0,0,0,0,0,0,0,0,0,0,0,0,0,0,1,0,0,1,1
4664-NJCMS,0,0.0256070553622056,-0.173215497936242,-0.117264493962819,0,1,0,0,1,0,0,0,0,1,0,0,0,1,0,1,0,1,0,1,0,1,0,0,0,0,0
0307-BCOPK,0,-0.66663912787831,-1.5192710680708,-0.863210746711427,0,0,0,1,0,0,0,1,1,0,1,0,1,0,1,0,1,0,1,0,1,0,0,0,0,1,0
7629-WFGLW,1,0.962175420922904,1.0266019361837,1.40824669418868,0,1,0,1,0,1,1,0,0,1,0,1,0,1,0,1,0,0,0,0,1,0,0,0,1,0,0
2542-HYGIQ,0,-1.27744458367877,-1.48935872206781,-0.998612584795053,0,0,0,1,0,0,0,1,1,0,1,0,1,0,1,0,1,0,1,0,0,0,0,1,0,0,0
6715-OFDBP,0,-1.11456312879864,0.175761872098643,-0.854491521728866,1,0,0,1,0,0,0,0,0,0,0,0,0,1,0,0,0,1,0,1,0,0,1,0,1,0,1
5016-LIPDW,0,1.00289578464293,-1.50763848906964,-0.538745207423652,1,1,1,1,0,0,0,1,1,0,1,0,1,0,1,0,1,0,1,0,1,0,0,0,0,1,0
6481-LXPWL,0,0.962175420922904,-0.952598291014154,-0.13704278658149,1,1,1,0,1,0,0,0,0,0,0,1,0,1,0,0,0,0,0,0,1,0,1,1,0,0,0
1567-DSCIC,0,-0.992402037638553,0.971762635178217,-0.665869300270669,1,0,0,1,0,1,1,0,0,0,0,1,0,1,0,0,0,1,0,0,0,0,1,0,1,0,1
2150-UWTFY,0,-0.422316945558128,-0.120037993930926,-0.379613832995081,0,1,1,1,0,0,0,0,0,1,0,1,0,1,0,0,0,0,0,0,0,0,0,0,0,1,1
6124-ACRHJ,0,-1.27744458367877,-1.49600591006848,-0.998700880744243,0,0,0,1,0,0,0,1,1,0,1,0,1,0,1,0,1,0,1,0,0,0,0,0,0,1,0
9362-MWODR,0,0.310649601402418,-0.0219919709211253,0.0787745872273794,0,0,1,1,0,0,0,0,0,1,0,0,0,0,0,1,0,1,0,0,0,0,1,1,0,0,0
9975-GPKZU,0,0.5549717837226,-1.49600591006848,-0.629292703318506,1,1,1,1,0,0,0,1,1,0,1,0,1,0,1,0,1,0,1,0,0,1,0,1,0,0,0
9625-RZFUK,0,1.24721796696312,-1.49766770706864,-0.444158171853333,1,1,1,1,0,0,0,1,1,0,1,0,1,0,1,0,1,0,1,0,0,1,0,0,0,1,0
5153-LXKDT,0,1.45081978556327,1.51018486323204,2.28932989717334,1,1,1,1,0,1,1,0,0,1,0,1,0,1,0,0,0,1,0,1,0,1,1,0,1,0,0
5161-UBZXI,0,1.4915401492833,1.38222649421925,2.19849543944362,1,1,1,1,0,0,1,0,0,1,0,1,0,0,0,1,0,1,0,1,0,1,1,1,0,0,0
1020-JPQOW,0,0.962175420922904,0.857098642166754,1.25145516241365,0,1,0,1,0,1,1,0,0,0,0,1,0,1,0,1,0,0,0,0,0,0,0,0,1,0,0
7919-ZODZZ,0,-0.910961310198492,0.0378327210848555,-0.71602139941087,0,1,1,1,0,0,0,0,0,0,0,1,0,1,0,0,0,0,0,1,1,0,1,0,0,1,0
0565-JUPYD,0,1.24721796696312,1.3207400052131,1.9022846038968,1,0,0,1,0,1,1,0,0,1,0,1,0,1,0,1,0,1,0,0,1,0,0,1,0,0,0
6867-ACCZI,0,-0.340876218118068,-0.407528874959666,-0.474046350654316,0,1,1,0,1,0,0,0,0,1,0,1,0,1,0,1,0,0,0,1,0,1,1,0,0,1,0
5939-XAIXZ,0,-0.544478036718219,-0.287879490947705,-0.550974196386536,0,0,0,1,0,1,0,0,0,0,0,0,0,1,0,0,0,0,0,0,0,0,1,0,0,1,0
9054-FOWNV,0,-0.422316945558128,0.797273950160774,-0.175164562644487,1,1,1,1,0,1,1,0,0,0,0,0,0,1,0,0,0,1,0,0,0,0,1,0,1,0,0
2683-BPJSO,0,-0.137274399517916,0.654359408146487,0.0817545755125587,1,1,0,1,0,1,1,0,0,1,0,1,0,0,0,0,0,0,0,0,0,0,1,0,1,0,1
2157-MXBJS,0,-0.788800219038401,0.350250557116086,-0.570597971094123,1,1,0,1,0,1,0,0,0,0,0,0,0,1,0,0,0,1,0,1,1,0,1,0,0,1,1
8207-VVMYB,0,1.53226051300333,-1.28828128504771,-0.121392329587475,0,1,0,1,0,1,0,1,1,0,1,0,1,0,1,0,1,0,1,0,0,1,1,0,0,0,0
9732-EQMWY,0,0.677132874882691,1.15123671119616,1.21101561768441,0,1,0,1,0,0,1,0,0,0,0,1,0,1,0,0,0,1,0,1,0,0,0,0,1,0,0
9360-AHGNL,1,0.432810692562509,1.48858150222988,1.12503743716016,0,1,0,1,0,1,1,0,0,1,0,0,0,1,0,1,0,1,0,1,1,0,1,0,0,1,1
1087-UDSIH,0,-1.1960038562387,-1.50099130106898,-0.981041690906144,0,0,0,1,0,0,0,1,1,0,1,0,1,0,1,0,1,0,1,0,0,0,1,0,0,1,1
5269-NRGDP,0,0.392090328842479,0.278793286108943,0.355979719710942,1,1,1,1,0,0,0,0,0,0,0,0,0,1,0,1,0,1,0,1,1,0,0,0,1,0,0
6195-MELTI,0,1.00289578464293,-0.336071603952522,0.376486453910434,1,0,0,1,0,0,0,0,0,0,0,1,0,0,0,1,0,0,0,0,1,0,1,0,0,1,0
5485-WUYWF,1,-1.23672421995873,0.0544506910865167,-0.965678195746998,1,0,0,1,0,0,0,0,0,1,0,0,0,1,0,0,0,1,0,0,0,0,0,0,0,0,1
2121-JAFOM,0,1.61370124044339,1.68799714224982,2.66233613452859,0,1,0,1,0,1,1,0,0,1,0,1,0,1,0,1,0,1,0,1,0,1,1,1,0,0,0
8818-DOPVL,1,0.5549717837226,1.31907820821294,1.13987115662417,0,0,0,1,0,1,1,0,0,0,0,1,0,1,0,0,0,1,0,1,0,0,1,0,1,0,0
2632-UCGVD,1,1.36937905812321,1.17284007219832,2.02638456048404,1,1,0,1,0,1,1,0,0,0,0,0,0,0,0,1,0,1,0,1,0,0,1,1,0,0,1
5445-PZWGX,0,1.20649760324309,1.2376501552048,1.87511152553343,1,0,0,1,0,1,1,0,0,1,0,1,0,0,0,1,0,0,0,1,1,0,0,0,1,0,1
1227-UDMZR,0,1.61370124044339,0.877040206168748,1.92307829993116,0,1,0,1,0,1,0,0,0,1,0,1,0,1,0,1,0,1,0,1,0,1,1,0,0,0,0
5198-HQAEN,0,0.107047782802266,0.82884809316393,0.390128178060366,1,1,1,1,0,0,1,0,0,0,0,1,0,0,0,1,0,1,0,0,1,0,1,0,1,0,0
9170-CCKOU,0,-0.62591876415828,0.845466063165591,-0.365442333150006,1,1,0,1,0,1,1,0,0,1,0,1,0,1,0,0,0,0,0,0,0,0,0,1,0,0,1
2167-FQSTQ,0,1.61370124044339,0.918585131172901,1.98850559828132,0,1,0,1,0,1,0,0,0,1,0,1,0,1,0,1,0,1,0,1,0,1,1,0,1,0,0
2819-GWENI,0,-0.177994763237946,-1.49102051906798,-0.767696603674608,0,1,1,1,0,0,0,1,1,0,1,0,1,0,1,0,1,0,1,0,1,0,0,0,0,1,0
1043-YCUTE,0,0.962175420922904,-1.31653183405053,-0.421510260885971,1,1,0,1,0,1,0,1,1,0,1,0,1,0,1,0,1,0,1,0,0,1,1,1,0,0,1
3814-MLAXC,0,-0.0558336720778551,0.501474084131204,0.0539634255048501,0,0,0,1,0,1,1,0,0,0,0,0,0,0,0,1,0,0,0,0,0,0,1,1,0,0,1
3572-UUHRS,0,0.51425142000257,-1.52591825607147,-0.624524722062219,1,0,0,1,0,0,0,1,1,0,1,0,1,0,1,0,1,0,1,0,1,0,0,0,0,0,0
2692-PFYTJ,0,-1.27744458367877,-1.29659027004854,-0.996052002268528,0,0,0,1,0,1,0,1,1,0,1,0,1,0,1,0,1,0,1,0,0,0,1,0,0,1,0
1226-UDFZR,0,-1.23672421995873,-0.503913100969301,-0.956782378866055,0,0,0,1,0,0,0,0,0,0,0,1,0,0,0,0,0,0,0,0,0,0,1,0,0,1,1
5955-EPOAZ,0,-1.07384276507861,-1.45612278206449,-0.959078073545008,0,0,0,1,0,0,0,1,1,0,1,0,1,0,1,0,1,0,1,0,0,0,1,0,0,1,0
6821-JPCDC,0,0.636412511162661,1.07313225218835,1.06442226804089,0,1,0,1,0,0,1,0,0,0,0,1,0,1,0,0,0,1,0,1,1,0,1,0,1,0,0
8815-LMFLX,0,-0.300155854398037,-1.3082228490497,-0.765996906652691,1,1,1,1,0,1,0,1,1,0,1,0,1,0,1,0,1,0,1,0,0,0,1,0,0,0,0
9135-HSWOC,0,1.28793833068315,-1.49766770706864,-0.444952835396048,1,1,1,1,0,0,0,1,1,0,1,0,1,0,1,0,1,0,1,0,0,1,1,0,0,0,0
8582-KRHPJ,0,0.717853238602722,-0.989157825017809,-0.220526606541104,1,0,0,0,1,0,0,0,0,1,0,1,0,0,0,0,0,0,0,0,0,0,1,0,0,1,0
5811-IWXYM,0,0.799293966042782,1.2127232002023,1.33290817554189,0,1,1,1,0,1,1,0,0,0,0,0,0,1,0,0,0,1,0,1,1,0,0,0,0,0,0
7044-YAACC,1,-1.15528349251868,0.180747263099142,-0.883651258949027,1,1,0,1,0,0,1,0,0,0,0,0,0,0,0,0,0,0,0,0,0,0,1,0,1,0,0
8189-XRIKE,1,-0.0151133083578247,0.870393018168083,0.271966124056185,0,0,0,1,0,0,1,0,0,0,0,0,0,0,0,0,0,1,0,1,0,0,0,0,1,0,0
1506-YJTYT,0,0.51425142000257,0.302058444111269,0.480808117879005,1,1,1,1,0,1,0,0,0,1,0,1,0,0,0,1,0,1,0,0,0,1,0,1,0,0,0
4123-DVHPH,0,-0.951681673918523,0.774008792158448,-0.653662385295083,1,1,0,1,0,1,1,0,0,1,0,0,0,0,0,0,0,0,0,1,0,0,1,0,1,0,0
6425-YQLLO,1,1.36937905812321,1.36893211821792,2.07201149222823,0,1,0,1,0,1,1,0,0,0,0,0,0,1,0,1,0,1,0,1,1,0,1,1,0,0,1
5442-UTCVD,0,-1.1960038562387,0.900305364171073,-0.89393773702972,1,0,1,1,0,1,1,0,0,0,0,0,0,1,0,0,0,0,0,1,0,0,0,0,1,0,1
2228-BZDEE,0,0.880734693482843,-1.48437333106731,-0.5308647939584,0,0,0,1,0,0,0,1,1,0,1,0,1,0,1,0,1,0,1,0,0,1,0,0,0,1,0
7734-DBOAI,0,-1.27744458367877,-0.819654531000864,-0.98971676791411,0,1,1,0,1,0,0,0,0,0,0,0,0,0,0,1,0,1,0,0,0,0,0,0,1,0,1
2789-CZANW,0,1.28793833068315,1.51350845723237,2.08174612062648,0,1,1,1,0,1,1,0,0,1,0,1,0,0,0,1,0,1,0,1,0,1,0,0,0,0,0
2091-RFFBA,1,-0.0558336720778551,0.303720241111435,-0.0285932869882636,0,0,0,1,0,1,1,0,0,0,0,0,0,0,0,0,0,0,0,0,0,0,1,0,1,0,1
2114-MGINA,0,-0.748079855318371,0.832171687164262,-0.50894532457186,0,0,0,1,0,0,1,0,0,0,0,0,0,0,0,0,0,1,0,1,0,0,1,0,0,1,1
7596-LDUXP,0,-0.829520582758432,0.677624566148813,-0.575189360452029,0,0,0,1,0,0,1,0,0,1,0,0,0,0,0,0,0,1,0,0,1,0,1,1,0,0,0
3740-RLMVT,1,1.41009942184324,-0.126685181931591,0.811211559749841,1,1,0,1,0,0,0,0,0,1,0,1,0,0,0,1,0,0,0,0,1,0,1,0,0,0,0
4489-SNOJF,0,0.107047782802266,0.248880940105953,0.126542695739438,0,1,1,1,0,1,0,0,0,1,0,0,0,1,0,1,0,1,0,0,0,0,0,0,1,0,1
2192-OZITF,0,0.51425142000257,0.292087662110272,0.471139711442646,0,0,0,1,0,1,0,0,0,1,0,0,0,0,0,1,0,0,0,1,0,1,0,0,0,1,0
5651-CPDND,0,-0.910961310198492,-0.623562484981262,-0.790167922743589,1,0,0,1,0,0,0,0,0,0,0,0,0,0,0,0,0,0,0,0,0,0,0,0,0,1,0
2186-QZEYA,1,-0.137274399517916,-0.206451437939565,-0.248538496421789,0,0,0,1,0,1,0,0,0,1,0,1,0,0,0,0,0,0,0,0,0,0,1,0,0,0,0
1131-ALZWV,0,-0.340876218118068,-1.33481160105236,-0.740214489489066,0,0,0,1,0,1,0,1,1,0,1,0,1,0,1,0,1,0,1,0,1,0,0,0,0,0,0
7729-XBTWX,0,1.36937905812321,-1.49600591006848,-0.413850587293695,1,1,1,1,0,0,0,1,1,0,1,0,1,0,1,0,1,0,1,0,0,1,1,0,0,1,0
9134-WYRVP,0,0.758573602322752,0.717507694152799,0.87644019221432,1,0,0,1,0,0,1,0,0,1,0,0,0,0,0,0,0,1,0,0,1,0,0,0,0,1,0
3284-SVCRO,0,0.51425142000257,-1.30489925504937,-0.512499236526777,0,1,0,1,0,1,0,1,1,0,1,0,1,0,1,0,1,0,1,0,0,1,0,0,0,1,0
9732-OUYRN,0,0.677132874882691,-1.52093286507097,-0.601832663120261,0,1,0,1,0,0,0,1,1,0,1,0,1,0,1,0,1,0,1,0,1,0,0,1,0,0,0
0559-CKHUS,0,-0.137274399517916,-1.50265309806914,-0.777055974288801,0,1,0,1,0,0,0,1,1,0,1,0,1,0,1,0,1,0,1,0,0,1,1,0,0,1,0
2931-SVLTV,0,0.310649601402418,1.50686126923171,0.965597026909424,1,1,1,1,0,1,1,0,0,1,0,1,0,0,0,1,0,1,0,1,0,0,1,1,0,0,0
6899-PPEEA,1,0.188488510242327,1.05651428218669,0.57320982870686,0,0,0,1,0,1,1,0,0,0,0,0,0,0,0,0,0,1,0,1,0,0,1,0,1,0,1
7504-UWHNB,0,-0.300155854398037,0.165791090097647,-0.243947107063884,1,0,0,1,0,0,1,0,0,0,0,0,0,0,0,0,0,0,0,0,0,0,0,0,1,0,0
2582-FFFZR,0,-0.422316945558128,-0.470677160965978,-0.533579894396008,0,0,0,0,1,0,0,0,0,0,0,0,0,1,0,0,0,1,0,1,0,0,1,0,1,0,0
8908-NMQTX,0,1.61370124044339,0.0278619390838584,1.0085971541652,1,0,0,0,1,0,0,0,0,1,0,1,0,1,0,1,0,1,0,1,0,1,1,0,0,0,0
2187-LZGPL,0,-1.03312240135858,-0.819654531000864,-0.877934096238942,0,0,0,0,1,0,0,0,0,0,0,1,0,0,0,0,0,0,0,1,0,0,1,1,0,0,1
1431-AIDJQ,0,0.0256070553622056,0.576254949138679,0.141795820962096,1,1,1,1,0,0,0,0,0,0,0,1,0,1,0,1,0,1,0,1,0,1,0,1,0,0,0
6288-LBEAR,0,-0.381596581838098,0.476547129128712,-0.219930608884069,0,0,0,1,0,0,1,0,0,0,0,1,0,0,0,1,0,0,0,0,0,0,1,0,0,1,0
4597-NUCQV,1,-0.340876218118068,1.2127232002023,0.0698566963591394,1,0,0,1,0,1,1,0,0,0,0,1,0,0,0,0,0,1,0,1,0,0,1,0,1,0,1
9019-QVLZD,0,-1.27744458367877,0.491503302130207,-0.972300391936285,0,0,0,1,0,0,1,0,0,0,0,0,0,0,0,0,0,1,0,0,0,0,0,0,1,0,1
8413-YNHNV,0,1.4915401492833,0.860422236167086,1.78365899615937,1,0,0,1,0,1,0,0,0,1,0,1,0,1,0,1,0,1,0,1,0,1,0,0,0,1,0
5808-TOTXO,0,-1.1960038562387,-1.46941715806582,-0.982079168309132,0,0,1,1,0,0,0,1,1,0,1,0,1,0,1,0,1,0,1,0,1,0,1,1,0,0,0
4369-NYSCF,0,0.962175420922904,0.365206730117582,0.884166087768489,1,0,0,1,0,0,0,0,0,0,0,1,0,0,0,1,0,1,0,1,1,0,1,0,0,0,0
6333-YDVLT,0,1.32865869440318,1.50353767523138,2.14414928271687,1,0,0,1,0,1,1,0,0,1,0,0,0,1,0,1,0,1,0,1,1,0,1,1,0,0,0
5324-KTGCG,0,1.57298087672336,-1.45944637606482,-0.327651666896474,1,1,0,1,0,0,0,1,1,0,1,0,1,0,1,0,1,0,1,0,1,0,0,0,1,0,0
5599-HVLTW,1,-0.748079855318371,0.518092054132865,-0.540290386534486,0,0,0,1,0,1,1,0,0,0,0,0,0,1,0,0,0,0,0,0,0,0,1,0,0,0,0
7394-LWLYN,0,-1.23672421995873,0.179085466098976,-0.952764913177888,0,0,0,1,0,0,1,0,0,0,0,0,0,0,0,0,0,0,0,0,0,0,1,0,1,0,0
3707-LRWZD,0,-0.0151133083578247,0.641065032145158,0.220710325551102,0,0,0,1,0,1,1,0,0,0,0,0,0,0,0,0,0,1,0,0,1,0,0,0,1,0,1
6873-UDNLD,0,0.310649601402418,0.0893484280900052,0.198261080469418,1,0,0,1,0,0,0,0,0,1,0,0,0,1,0,0,0,0,0,1,0,0,0,0,1,0,0
2700-LUEVA,0,-1.27744458367877,-1.46276997006515,-0.998259400998291,1,0,0,1,0,0,0,1,1,0,1,0,1,0,1,0,1,0,1,0,0,0,0,1,0,0,0
1455-ESIQH,0,-1.27744458367877,0.808906529161936,-0.968084260362439,1,0,0,1,0,0,1,0,0,0,0,0,0,0,0,0,0,1,0,1,0,0,1,0,1,0,1
0958-YHXGP,0,-1.03312240135858,0.170776481098145,-0.787872228064637,0,0,0,1,0,0,1,0,0,0,0,0,0,0,0,0,0,0,0,0,0,0,1,0,0,1,0
1101-SSWAG,0,-0.707359491598341,-0.454059190964317,-0.693461784392699,0,1,0,1,0,1,0,0,0,0,0,0,0,0,0,0,0,0,0,0,0,0,1,0,1,0,0
2979-SXESE,0,-0.62591876415828,0.985057011179546,-0.297873858031979,0,1,1,1,0,1,1,0,0,1,0,0,0,1,0,0,0,1,0,0,0,0,0,0,1,0,1
4013-TLDHQ,0,-0.544478036718219,0.448296580125888,-0.349195878498955,1,0,0,1,0,0,1,0,0,0,0,1,0,1,0,0,0,0,0,0,0,0,1,0,1,0,1
5743-KHMNA,0,1.57298087672336,-1.30323745804921,-0.169447399934402,1,0,0,1,0,1,0,1,1,0,1,0,1,0,1,0,1,0,1,0,0,1,0,0,0,0,0
4194-FJARJ,0,0.880734693482843,-0.158259324934747,0.437962508534317,0,1,1,1,0,1,0,0,0,1,0,0,0,0,0,1,0,0,0,0,0,1,0,0,0,0,0
5325-UWTWJ,0,-0.0558336720778551,0.857098642166754,0.286005179977474,1,1,0,1,0,1,1,0,0,1,0,1,0,0,0,1,0,0,0,0,0,0,1,1,0,0,0
3969-GYXEL,0,-0.870240946478462,0.386810091119741,-0.63715104279646,0,0,0,1,0,0,1,0,0,1,0,0,0,0,0,0,0,0,0,0,0,0,0,0,1,0,0
9208-OLGAQ,1,-0.58519840043825,0.670977378148148,-0.370077870482507,0,0,0,1,0,0,1,0,0,0,0,0,0,1,0,0,0,0,0,1,0,0,1,0,1,0,0
3244-CQPHU,1,1.61370124044339,1.50686126923171,2.41259104224327,0,0,0,1,0,1,1,0,0,1,0,1,0,0,0,1,0,1,0,1,0,1,1,0,0,0,0
2674-MLXMN,1,1.57298087672336,1.15954569619699,2.06137183035078,0,0,0,1,0,1,1,0,0,0,0,1,0,0,0,0,0,1,0,1,0,0,1,1,0,0,0
9708-HPXWZ,1,-1.11456312879864,-0.643504048983255,-0.91261233028351,1,0,0,0,1,0,0,0,0,0,0,0,0,1,0,1,0,1,0,0,0,0,0,1,0,0,0
6992-TKNYO,0,0.229208873962357,0.140864135095155,0.171088002106043,1,1,0,1,0,1,0,0,0,0,0,0,0,1,0,1,0,0,0,1,1,0,0,1,0,0,0
4468-YDOVK,0,-1.11456312879864,-0.535487243972457,-0.903584069478781,1,0,1,1,0,0,0,0,0,0,0,0,0,0,0,1,0,0,0,0,0,0,1,0,0,0,0
3754-DXMRT,1,-1.23672421995873,-0.685048973987408,-0.966517007264307,1,0,0,1,0,0,0,0,0,0,0,0,0,0,0,0,0,0,0,0,0,0,1,0,1,0,1
5792-JALQC,1,0.799293966042782,-0.163244715935246,0.362601915900229,0,0,0,1,0,1,0,0,0,1,0,0,0,1,0,0,0,0,0,0,0,1,0,0,0,0,0
7130-VTEWQ,1,-0.992402037638553,0.365206730117582,-0.739773009743114,0,0,0,1,0,1,1,0,0,0,0,0,0,0,0,0,0,0,0,0,0,0,1,0,1,0,1
2200-DSAAL,0,1.45081978556327,0.528062836133862,1.3457552361491,0,0,0,1,0,1,0,0,0,0,0,1,0,1,0,0,0,1,0,1,0,1,1,0,1,0,0
4302-ZYFEL,0,1.4915401492833,-1.46941715806582,-0.38797987418088,1,1,1,1,0,0,0,1,1,0,1,0,1,0,1,0,1,0,1,0,1,0,1,1,0,0,0
9351-LZYGF,0,0.392090328842479,0.0544506910865167,0.19684834528237,0,1,0,1,0,1,0,0,0,1,0,1,0,0,0,1,0,0,0,0,0,0,1,1,0,0,0
4366-CTOUZ,0,0.717853238602722,1.17782546319882,1.21695352026747,0,0,0,1,0,0,1,0,0,0,0,1,0,0,0,1,0,1,0,1,0,1,1,0,0,1,0
6121-VZNQB,0,-1.27744458367877,-1.51760927107064,-0.998987842579112,0,0,0,1,0,0,0,1,1,0,1,0,1,0,1,0,1,0,1,0,0,0,1,0,0,1,1
7903-CMPEY,1,-1.27744458367877,0.516430257132699,-0.971969282126821,1,1,0,1,0,1,1,0,0,1,0,0,0,0,0,0,0,0,0,0,0,0,1,0,1,0,1
1518-OMDIK,0,0.0256070553622056,-0.671754597986079,-0.361711829296707,1,1,0,1,0,0,0,0,0,0,0,0,0,0,0,0,0,0,0,0,0,0,1,1,0,0,0
6671-NGWON,0,-1.03312240135858,-1.47606434606648,-0.940933255986361,0,0,0,1,0,0,0,1,1,0,1,0,1,0,1,0,1,0,1,0,0,0,0,0,0,1,0
0595-ITUDF,0,1.28793833068315,0.898643567170907,1.62401992002295,1,1,1,1,0,1,1,0,0,1,0,1,0,1,0,0,0,0,0,0,0,0,1,0,1,0,0
6996-KNSML,0,-1.27744458367877,0.336956181114758,-0.974353272754964,0,0,0,1,0,0,1,0,0,0,0,0,0,1,0,0,0,0,0,0,0,0,1,0,1,0,1
1955-IBMMB,0,1.084336512083,-1.48104973706698,-0.481043804627663,1,0,0,1,0,0,0,1,1,0,1,0,1,0,1,0,1,0,1,0,0,1,1,0,0,0,0
0096-BXERS,0,-1.07384276507861,-0.478986145966809,-0.868552651637452,0,1,0,1,0,1,0,0,0,0,0,0,0,0,0,0,0,0,0,0,0,0,0,0,1,0,0
3806-YAZOV,0,-1.1960038562387,-1.52758005307163,-0.982697239953466,0,0,0,1,0,0,0,1,1,0,1,0,1,0,1,0,1,0,1,0,0,0,0,0,0,1,0
7998-ZLXWN,0,-0.707359491598341,-1.47274075206615,-0.861378605765724,0,1,0,1,0,0,0,1,1,0,1,0,1,0,1,0,1,0,1,0,0,0,0,1,0,0,0
6253-WRFHY,0,-0.788800219038401,-0.000388609918965505,-0.620087850615397,1,1,1,1,0,0,0,0,0,0,0,0,0,0,0,0,0,1,0,1,1,0,1,0,1,0,0
9133-AYJZG,0,-0.381596581838098,1.12797155319383,-0.014488009105082,0,0,0,1,0,1,1,0,0,0,0,1,0,0,0,0,0,1,0,1,0,0,1,1,0,0,0
2675-OTVVJ,1,-0.0558336720778551,0.820539108163099,0.232100502996676,1,1,0,1,0,1,1,0,0,1,0,0,0,0,0,0,0,1,0,0,0,0,0,0,1,0,0
8680-CGLTP,0,-0.137274399517916,-0.1998042499389,-0.258582160642208,1,0,0,1,0,0,0,0,0,1,0,1,0,0,0,1,0,0,0,0,1,0,1,0,1,0,0
8430-TWCBX,0,0.677132874882691,-1.46443176706532,-0.551790933916548,0,1,0,1,0,0,0,1,1,0,1,0,1,0,1,0,1,0,1,0,1,0,0,1,0,0,0
5018-GWURO,0,0.962175420922904,0.692580739150308,1.15706679272901,0,1,0,1,0,1,1,0,0,0,0,0,0,0,0,0,0,1,0,0,0,0,1,0,0,0,0
6741-QRLUP,0,1.24721796696312,0.516430257132699,1.19792574321692,0,0,0,1,0,1,0,0,0,1,0,1,0,1,0,1,0,0,0,1,0,1,1,1,0,0,0
4737-HOBAX,0,1.24721796696312,0.499812287131037,1.21501100938528,1,1,0,1,0,1,0,0,0,0,0,0,0,1,0,1,0,1,0,1,0,1,0,1,0,0,0
0537-QYZZN,1,-0.340876218118068,0.501474084131204,-0.187261107683585,1,1,1,1,0,1,1,0,0,1,0,0,0,0,0,0,0,0,0,0,0,0,1,0,1,0,0
3340-QBBFM,1,0.147768146522297,-0.35435137095435,-0.127617194005405,1,1,0,1,0,0,0,0,0,0,0,0,0,1,0,1,0,0,0,0,1,0,0,1,0,0,0
1704-NRWYE,1,-0.951681673918523,0.534710024134526,-0.675581854681623,0,0,0,1,0,0,1,0,0,0,0,0,0,0,0,0,0,1,0,0,0,0,1,0,1,0,1
2592-SEIFQ,0,-1.1960038562387,-1.32982621005186,-0.977863036735286,1,0,0,0,1,0,0,0,0,0,0,0,0,0,0,0,0,0,0,0,0,0,0,0,1,0,1
8200-KLNYW,0,-0.463037309278159,0.536371821134693,-0.250304415405599,0,1,0,1,0,0,0,0,0,1,0,0,0,1,0,1,0,1,0,1,1,0,0,0,0,1,0
3372-CDXFJ,0,-0.788800219038401,-1.33813519505269,-0.855727665017533,1,1,1,1,0,1,0,1,1,0,1,0,1,0,1,0,1,0,1,0,1,0,0,0,0,0,0
4781-ZXYGU,0,-1.27744458367877,-1.48271153406715,-0.998524288845862,1,1,1,1,0,0,0,1,1,0,1,0,1,0,1,0,1,0,1,0,0,0,1,0,0,0,0
7632-YUTXB,0,-0.300155854398037,-1.48603512806748,-0.77780648985692,0,1,1,1,0,0,0,1,1,0,1,0,1,0,1,0,1,0,1,0,1,0,0,0,0,1,0
2718-YSKCS,0,1.57298087672336,-1.50099130106898,-0.394889032205036,1,1,1,1,0,0,0,1,1,0,1,0,1,0,1,0,1,0,1,0,0,1,1,0,0,0,0
9896-UYMIE,0,1.36937905812321,1.64645221724566,2.25233389446252,1,0,0,1,0,1,1,0,0,1,0,1,0,1,0,1,0,1,0,1,1,0,1,0,0,0,0
0853-NWIFK,0,0.51425142000257,1.18114905719915,0.972153001136818,0,0,0,1,0,0,1,0,0,1,0,1,0,0,0,0,0,1,0,1,1,0,1,0,1,0,0
8212-CRQXP,0,-0.422316945558128,0.506459475131702,-0.254056993246195,0,1,0,1,0,0,1,0,0,0,0,0,0,0,0,0,0,1,0,0,0,0,1,1,0,0,0
6980-CDGFC,0,1.41009942184324,-1.45944637606482,-0.421399890949483,0,1,0,1,0,0,0,1,1,0,1,0,1,0,1,0,1,0,1,0,1,0,1,0,0,0,0
7691-XVTZH,0,1.45081978556327,0.837157078164761,1.6301123405171,0,1,0,1,0,1,1,0,0,0,0,0,0,1,0,0,0,1,0,0,0,1,1,0,0,0,0
2520-SGTTA,0,-1.3181649473988,-1.48769692506765,-0.390463197751863,0,1,1,1,0,0,0,1,1,0,1,0,1,0,1,0,1,0,1,0,0,1,0,0,0,1,0
7481-ATQQS,1,0.677132874882691,0.867069424167751,0.986236205032702,0,0,0,1,0,1,1,0,0,0,0,0,0,1,0,0,0,0,0,1,0,0,1,1,0,0,1
2277-VWCNI,1,-1.15528349251868,-0.532163649972125,-0.928019973417251,0,0,0,1,0,1,0,0,0,0,0,0,0,0,0,0,0,0,0,0,0,0,0,0,0,1,0
1088-CNNKB,0,1.24721796696312,0.506459475131702,1.21772610982289,1,1,0,1,0,1,0,0,0,1,0,1,0,1,0,1,0,0,0,1,1,0,0,1,0,0,0
8642-GVWRF,0,-1.23672421995873,0.496488693130705,-0.934575947644646,0,1,0,1,0,0,1,0,0,0,0,1,0,1,0,0,0,0,0,0,0,0,0,0,0,0,1
1930-BZLHI,0,-0.463037309278159,-1.47606434606648,-0.820806617112691,1,0,0,1,0,0,0,1,1,0,1,0,1,0,1,0,1,0,1,0,1,0,1,0,0,1,0
3400-ESFUW,0,0.921455057202873,-0.239687377942887,0.33750379234283,1,1,1,1,0,0,0,0,0,1,0,1,0,0,0,1,0,0,0,0,0,1,0,0,0,0,1
5868-YTYKS,0,-1.27744458367877,-1.47938794006682,-0.998480140871267,1,0,1,1,0,0,0,1,1,0,1,0,1,0,1,0,1,0,1,0,0,0,1,0,0,1,0
3525-DVKFN,0,-0.62591876415828,-1.50763848906964,-0.849348282688519,0,0,0,1,0,0,0,1,1,0,1,0,1,0,1,0,1,0,1,0,0,1,0,0,0,1,0
1482-OXZSY,0,-0.0965540357978854,1.18447265119948,0.288874798326165,1,0,0,1,0,1,1,0,0,1,0,0,0,0,0,0,0,1,0,1,0,0,1,0,0,0,0
0377-JBKKT,0,-0.422316945558128,-0.226393001941558,-0.445946164824441,1,1,1,1,0,0,0,0,0,1,0,1,0,0,0,1,0,0,0,0,0,0,1,0,0,1,0
5778-BVOFB,0,-0.951681673918523,-0.174877294936408,-0.773413766384693,0,0,0,1,0,0,0,0,0,0,0,0,0,0,0,1,0,1,0,0,0,0,1,0,0,0,0
3373-YZZYM,0,-1.27744458367877,-1.5142856770703,-0.998943694604517,1,1,1,1,0,0,0,1,1,0,1,0,1,0,1,0,1,0,1,0,0,0,0,0,0,1,0
2057-ZBLPD,0,-0.463037309278159,0.722493085153298,-0.208915689222554,0,1,0,1,0,1,1,0,0,0,0,0,0,0,0,0,0,0,0,1,0,0,1,0,1,0,1
0228-MAUWC,0,-0.544478036718219,-0.173215497936242,-0.502102388509596,1,0,0,1,0,1,0,0,0,0,0,0,0,1,0,1,0,0,0,0,0,0,0,0,1,0,0
5502-RLUYV,0,1.4915401492833,1.30246023821128,2.28023541440672,0,1,1,1,0,1,1,0,0,0,0,1,0,1,0,0,0,1,0,1,0,0,1,0,1,0,1
0023-HGHWL,1,-1.27744458367877,-1.3181936310507,-0.996338964103398,1,0,0,0,1,0,0,0,0,0,0,0,0,0,0,0,0,0,0,0,0,0,1,0,1,0,1
7663-YJHSN,0,1.61370124044339,1.30246023821128,2.32879818646149,0,1,0,1,0,1,1,0,0,1,0,1,0,1,0,1,0,1,0,0,0,1,1,0,0,0,0
4915-BFSXL,0,1.53226051300333,0.139202338094989,1.13759753593251,1,1,1,1,0,1,0,0,0,1,0,0,0,1,0,0,0,1,0,0,0,1,0,1,0,0,0
3086-RUCRN,0,1.36937905812321,1.27420968920845,1.9041388188298,0,0,0,1,0,1,1,0,0,1,0,1,0,1,0,1,0,0,0,1,0,0,1,0,0,0,0
5215-LNLDJ,0,-1.03312240135858,-1.33148800705203,-0.941617549592588,0,1,1,0,1,0,0,0,0,0,0,0,0,0,0,0,0,0,0,0,0,0,1,0,1,0,0
7576-JMYWV,1,0.5549717837226,1.51018486323204,1.18766133912352,0,1,1,1,0,1,1,0,0,1,0,1,0,0,0,1,0,1,0,1,0,0,1,0,1,0,0
9039-RBEEE,0,0.269929237682388,-0.52551646197146,-0.177062925552083,1,0,0,0,1,0,0,0,0,1,0,1,0,0,0,1,0,1,0,0,0,0,1,1,0,0,1
0257-KXZGU,0,-0.0151133083578247,-0.0768312719266071,-0.104351211393709,0,1,1,1,0,1,0,0,0,0,0,1,0,1,0,0,0,0,0,0,0,0,0,0,0,0,0
1307-ATKGB,0,-0.340876218118068,0.823862702163431,-0.041837679366838,1,0,0,1,0,0,1,0,0,0,0,1,0,1,0,0,0,0,0,1,0,0,1,0,1,0,0
8417-FMLZI,0,-1.07384276507861,0.624447062143497,-0.796591453047198,1,1,1,1,0,0,1,0,0,0,0,1,0,0,0,0,0,0,0,1,0,0,1,1,0,0,1
3714-XPXBW,0,0.188488510242327,0.469899941128048,0.30684302398643,0,0,0,1,0,1,0,0,0,1,0,1,0,1,0,1,0,1,0,0,0,0,1,1,0,0,0
1850-AKQEP,0,-0.992402037638553,-1.47606434606648,-0.928527675125097,1,0,1,1,0,0,0,1,1,0,1,0,1,0,1,0,1,0,1,0,0,0,0,0,0,1,0
2824-DXNKN,0,1.61370124044339,0.222292188103295,1.21139087546847,0,1,1,1,0,1,0,0,0,1,0,0,0,1,0,0,0,1,0,0,0,1,1,0,0,0,0
5227-JSCFE,1,1.57298087672336,-0.611929905980099,0.473038074350242,1,1,0,0,1,0,0,0,0,1,0,1,0,1,0,1,0,0,0,0,0,1,0,1,0,0,0
0848-ZGQIJ,0,-0.66663912787831,0.993365996180376,-0.362351974928338,0,1,0,1,0,0,1,0,0,0,0,1,0,0,0,0,0,1,0,1,0,0,1,0,0,0,0
3621-CHYVB,0,1.00289578464293,-0.493942318968304,0.220953139411376,0,1,0,0,1,0,0,0,0,1,0,0,0,1,0,1,0,0,0,1,0,0,1,0,0,0,0
8042-RNLKO,0,1.36937905812321,-1.30656105204954,-0.257279795391648,1,0,0,1,0,1,0,1,1,0,1,0,1,0,1,0,1,0,1,0,1,0,0,0,0,0,0
1792-UXAFY,1,-0.62591876415828,0.810568326162103,-0.346569074010537,0,0,0,1,0,0,1,0,0,0,0,1,0,1,0,0,0,1,0,0,0,0,1,0,1,0,1
5372-FBKBN,0,-0.463037309278159,-1.46276997006515,-0.807782964607093,0,0,1,1,0,0,0,1,1,0,1,0,1,0,1,0,1,0,1,0,0,0,0,0,0,1,0
0420-TXVSG,0,1.36937905812321,0.0444799090855196,0.947650875236455,1,1,0,1,0,1,0,0,0,1,0,1,0,1,0,0,0,0,0,0,0,1,1,1,0,0,0
6217-TOWGS,0,-0.62591876415828,0.353574151116419,-0.423541067717352,0,1,0,1,0,1,0,0,0,0,0,1,0,0,0,0,0,1,0,1,0,0,1,0,0,0,0
0515-YPMCW,0,-1.27744458367877,0.189056248099973,-0.976317857624453,1,0,1,1,0,0,1,0,0,0,0,0,0,0,0,0,0,0,0,0,0,0,1,0,0,1,1
0378-XSZPU,0,1.04361614836296,-0.148288542933751,0.565925412898644,1,1,0,1,0,0,0,0,0,1,0,1,0,1,0,0,0,0,0,0,1,0,0,1,0,0,1
1045-LTCYT,0,-0.992402037638553,-1.45279918806416,-0.945723311229946,0,1,1,1,0,0,0,1,1,0,1,0,1,0,1,0,1,0,1,0,0,0,0,1,0,0,0
1544-JJMYL,0,-0.218715126957977,0.152496714096318,-0.15655619135259,1,0,0,1,0,0,0,0,0,1,0,0,0,1,0,1,0,1,0,0,1,0,0,1,0,0,0
4636-JGAAI,0,0.066327419082236,0.800597544161106,0.317129502067123,1,1,0,1,0,1,1,0,0,0,0,1,0,0,0,0,0,0,0,1,0,0,0,0,0,1,0
6874-SGLHU,0,-0.0965540357978854,1.07147045518818,0.326422650719423,1,0,0,1,0,0,1,0,0,0,0,1,0,0,0,0,0,1,0,1,1,0,1,0,0,0,0
5951-AOFIH,0,0.0256070553622056,0.0544506910865167,-0.0161214841651061,1,0,0,1,0,0,0,0,0,0,0,1,0,1,0,0,0,1,0,0,0,0,1,1,0,0,0
4729-XKASR,0,-1.27744458367877,-1.32982621005186,-0.996493482014481,1,0,1,0,1,0,0,0,0,0,0,0,0,0,0,0,0,0,0,0,0,0,0,0,1,0,1
3059-NGMXB,0,-0.748079855318371,0.147511323095819,-0.590376263712795,1,1,1,1,0,1,0,0,0,1,0,1,0,0,0,0,0,0,0,1,0,0,0,0,0,1,0
8652-YHIYU,0,-0.66663912787831,0.489841505130041,-0.449301410893679,0,0,1,1,0,1,1,0,0,0,0,0,0,0,0,1,0,0,0,0,1,0,1,1,0,0,0
5278-PNYOX,0,0.677132874882691,1.19278163620031,1.163666914931,0,0,0,1,0,0,1,0,0,0,0,0,0,1,0,1,0,1,0,1,0,1,0,1,0,0,0
5449-FIBXJ,0,-0.544478036718219,1.28085687720911,-0.118853821048248,1,1,1,1,0,1,1,0,0,0,0,0,0,1,0,1,0,1,0,1,0,0,0,0,1,0,1
3486-HOOGQ,0,1.53226051300333,0.496488693130705,1.52813051920207,0,1,1,1,0,1,0,0,0,1,0,1,0,1,0,1,0,1,0,0,0,1,0,0,0,0,0
5061-PBXFW,0,-0.0151133083578247,-0.111729008930096,-0.184214897436513,0,1,1,1,0,0,0,0,0,1,0,1,0,0,0,1,0,0,0,0,0,0,0,0,0,0,0
8630-FJLIB,0,-0.58519840043825,0.167452887097813,-0.468086374083957,0,0,0,1,0,0,1,0,0,0,0,0,0,0,0,0,0,0,0,0,0,0,1,0,1,0,0
3891-NLXJB,0,0.188488510242327,-0.804698357999369,-0.393388001068798,1,0,0,0,1,0,0,0,0,1,0,1,0,0,0,1,0,0,0,0,0,1,1,0,0,1,0
4749-OJKQU,0,-1.15528349251868,0.361883136117249,-0.873938704538072,0,0,0,1,0,1,1,0,0,0,0,0,0,0,0,0,0,0,0,0,0,0,1,0,1,0,0
0577-WHMEV,0,-0.66663912787831,0.862084033167252,-0.40042960301674,0,1,0,1,0,1,1,0,0,1,0,1,0,1,0,0,0,0,0,0,0,0,0,0,1,0,0
5453-AXEPF,0,-0.62591876415828,0.523077445133363,-0.417205833362934,1,1,0,1,0,1,1,0,0,0,0,1,0,0,0,0,0,0,0,0,0,0,1,0,0,0,0
3639-XJHKQ,0,-0.544478036718219,-0.138317760932754,-0.434467691429676,0,0,1,1,0,0,0,0,0,1,0,1,0,1,0,0,0,0,0,0,0,0,1,0,1,0,0
3716-LRGXK,0,1.12505687580303,1.20939960620197,1.67121410486527,1,1,0,1,0,1,1,0,0,0,0,0,0,1,0,0,0,1,0,1,0,1,0,1,0,0,0
2263-SFSQZ,0,0.758573602322752,-1.3231790220512,-0.467821486236386,1,1,1,1,0,1,0,1,1,0,1,0,1,0,1,0,1,0,1,0,0,1,1,0,0,1,0
9950-MTGYX,0,-0.177994763237946,-1.47772614306665,-0.792000063689292,1,1,1,1,0,0,0,1,1,0,1,0,1,0,1,0,1,0,1,0,0,1,1,1,0,0,0
3397-AVTKU,0,0.432810692562509,-0.158259324934747,0.117713100820388,1,0,0,1,0,0,0,0,0,0,0,1,0,0,0,0,0,0,0,1,0,1,1,0,1,0,0
4825-FUREZ,0,0.392090328842479,-1.47938794006682,-0.638563777983508,1,1,0,1,0,0,0,1,1,0,1,0,1,0,1,0,1,0,1,0,0,1,0,0,1,0,0
9837-BMCLM,0,-1.1960038562387,0.456605565126718,-0.900559933219007,1,0,0,1,0,0,1,0,0,0,0,0,0,0,0,0,0,1,0,0,0,0,1,0,1,0,1
2672-OJQZP,0,-1.27744458367877,-0.665107409985415,-0.987663887095431,0,0,0,1,0,0,0,0,0,0,0,0,0,0,0,0,0,0,0,0,0,0,0,0,0,1,0
0137-UDEUO,0,-1.1960038562387,-1.49268231606814,-0.979275771922334,0,0,0,1,0,0,0,1,1,0,1,0,1,0,1,0,1,0,1,0,0,0,0,0,0,1,1
3134-DSHVC,0,1.24721796696312,1.10470639519151,1.7378996204914,0,0,0,1,0,1,1,0,0,1,0,1,0,1,0,0,0,1,0,0,0,1,0,1,0,0,0
6161-UUUTA,1,-1.1960038562387,0.50313588113137,-0.892238040007803,1,0,0,1,0,0,1,0,0,0,0,0,0,0,0,0,0,1,0,0,0,0,1,0,1,0,1
7821-DPRQE,0,1.45081978556327,1.42709501322373,2.22460896641671,1,1,0,1,0,1,1,0,0,1,0,1,0,0,0,1,0,1,0,1,0,0,1,0,1,0,0
6543-XRMYR,1,-0.0965540357978854,1.16120749319715,0.302604818425287,0,0,0,1,0,1,1,0,0,0,0,1,0,0,0,0,0,1,0,1,0,0,1,0,1,0,1
2001-EWBQU,0,1.12505687580303,1.32738719321377,1.78882430918701,0,0,0,1,0,1,1,0,0,0,0,1,0,1,0,0,0,1,0,1,0,1,0,0,1,0,0
4925-LMHOK,0,-0.707359491598341,-0.204789640939399,-0.592561588455259,1,0,0,1,0,1,0,0,0,0,0,1,0,0,0,1,0,0,0,0,0,0,1,1,0,0,1
1608-GMEWB,1,0.51425142000257,0.968439041177884,0.846905197210099,1,0,0,1,0,1,1,0,0,0,0,0,0,0,0,0,0,1,0,1,0,0,1,0,0,0,0
6695-AMZUF,0,1.53226051300333,0.720831288153132,1.61947267863964,0,1,0,1,0,0,0,0,0,1,0,1,0,1,0,1,0,1,0,1,0,1,0,1,0,0,0
1455-UGQVH,0,-0.910961310198492,1.12132436519317,-0.549274499364619,1,1,0,1,0,1,1,0,0,0,0,0,0,1,0,0,0,1,0,1,0,0,1,0,1,0,1
8410-BGQXN,0,-1.15528349251868,-1.50763848906964,-0.966185897454843,1,0,0,1,0,0,0,1,1,0,1,0,1,0,1,0,1,0,1,0,0,0,0,0,0,1,0
8280-MQRQN,0,-1.27744458367877,-0.475662551966477,-0.985147452543502,0,0,0,1,0,0,0,0,0,0,0,0,0,1,0,0,0,0,0,0,0,0,1,0,0,1,1
1619-YWUBB,0,1.45081978556327,-1.3231790220512,-0.294474463988145,0,1,0,1,0,1,0,1,1,0,1,0,1,0,1,0,1,0,1,0,0,1,1,1,0,0,0
7611-YKYTC,0,-0.422316945558128,0.34027977511509,-0.312553059584899,1,1,1,1,0,0,1,0,0,1,0,0,0,0,0,0,0,0,0,0,0,0,0,0,0,0,0
2037-SGXHH,0,0.229208873962357,0.993365996180376,0.592634937528769,1,1,1,1,0,1,1,0,0,0,0,1,0,1,0,0,0,1,0,0,0,0,1,0,1,0,1
3178-FESZO,0,-1.27744458367877,1.17948726019898,-0.963161761195069,0,0,0,1,0,1,1,0,0,0,0,1,0,0,0,0,0,1,0,1,0,0,1,1,0,0,1
0365-GXEZS,0,-0.58519840043825,0.446634783125722,-0.3589967288591,1,1,0,1,0,0,1,0,0,0,0,0,0,1,0,1,0,0,0,0,0,0,0,0,1,0,0
0082-OQIQY,0,-0.137274399517916,0.978409823178881,0.143782479818882,1,0,0,1,0,0,1,0,0,0,0,0,0,0,0,1,0,1,0,1,0,0,1,0,1,0,0
6087-MVHJH,0,-0.66663912787831,0.787303168159777,-0.379591759007783,0,0,0,1,0,1,1,0,0,0,0,0,0,1,0,0,0,0,0,1,0,0,1,0,1,0,1
4603-JANFB,0,-1.27744458367877,0.169114684097979,-0.976582745472024,1,0,0,1,0,0,1,0,0,0,0,0,0,0,0,0,0,0,0,0,0,0,1,0,1,0,1
3018-TFTSU,0,-0.829520582758432,0.56296057313735,-0.628365595852005,1,0,0,1,0,0,1,0,0,1,0,0,0,1,0,0,0,0,0,0,0,0,0,0,0,0,1
3606-SBKRY,0,-0.0558336720778551,-0.488956927967806,-0.334869860742797,1,0,0,0,1,0,0,0,0,0,0,0,0,1,0,0,0,1,0,1,1,0,1,0,1,0,0
4806-KEXQR,0,-1.15528349251868,0.50313588113137,-0.864248224114415,1,0,0,1,0,0,1,0,0,0,0,0,0,0,0,0,0,0,0,1,0,0,1,0,1,0,1
0667-NSRGI,0,0.636412511162661,0.159143902096982,0.509327709467536,0,1,0,1,0,1,0,0,0,0,0,0,0,1,0,1,0,0,0,1,1,0,1,0,0,1,0
7083-YNSKY,0,-0.707359491598341,-1.3082228490497,-0.831004799244194,0,0,0,1,0,1,0,1,1,0,1,0,1,0,1,0,1,0,1,0,0,0,1,1,0,0,1
6893-ODYYE,0,0.717853238602722,0.842142469165259,1.0010699244967,1,0,0,1,0,0,1,0,0,1,0,1,0,1,0,1,0,0,0,0,1,0,1,1,0,0,0
8242-JSVBO,0,-1.03312240135858,-0.668431003985747,-0.86504288765713,1,0,0,1,0,0,0,0,0,0,0,0,0,0,0,0,0,0,0,0,0,0,1,0,0,0,0
2479-BRAMR,1,0.351369965122448,0.631094250144161,0.437785916635936,1,1,0,1,0,1,1,0,0,1,0,0,0,1,0,0,0,0,0,0,0,0,1,0,0,0,1
9541-ZPSEA,0,1.45081978556327,0.518092054132865,1.36559975072967,1,1,1,1,0,0,1,0,0,1,0,0,0,1,0,0,0,0,0,0,0,1,0,1,0,0,0
2665-NPTGL,1,-0.259435490678007,1.10802998919184,0.101003092436087,0,1,0,1,0,1,1,0,0,0,0,0,0,1,0,0,0,1,0,1,0,0,1,0,0,0,0
1139-WUOAH,0,1.00289578464293,-0.379278325956842,0.356774383253656,1,0,0,0,1,0,0,0,0,0,0,0,0,1,0,1,0,1,0,1,0,1,0,1,0,0,0
4693-VWVBO,0,-1.1960038562387,-1.50265309806914,-0.980467767236406,0,0,0,1,0,0,0,1,1,0,1,0,1,0,1,0,1,0,1,0,0,0,0,0,1,0,0
7434-SHXLS,0,-1.27744458367877,-1.45778457906466,-0.998193179036398,0,0,0,1,0,0,0,1,1,0,1,0,1,0,1,0,1,0,1,0,0,0,0,0,0,1,1
6937-GCDGQ,0,-0.544478036718219,-0.52551646197146,-0.585542060494615,1,1,1,1,0,0,0,0,0,1,0,0,0,0,0,0,0,0,0,0,1,0,1,0,0,0,0
0988-JRWWP,0,-1.1960038562387,-0.351027776954017,-0.945436349395077,0,0,0,1,0,0,0,0,0,0,0,0,0,0,0,0,0,1,0,0,0,0,1,0,1,0,0
5075-JSDKI,0,1.084336512083,-1.33979699205286,-0.348246697045157,0,0,0,1,0,1,0,1,1,0,1,0,1,0,1,0,1,0,1,0,0,1,0,0,1,0,0
7908-QCBCA,0,-1.27744458367877,0.154158511096484,-0.976781411357703,0,1,0,1,0,0,1,0,0,0,0,0,0,0,0,0,0,0,0,0,0,0,1,0,0,1,1
8644-XYTSV,0,0.392090328842479,-0.817992734000698,-0.289551964820775,1,1,0,0,1,0,0,0,0,1,0,0,0,0,0,0,0,1,0,0,0,0,1,0,0,0,0
6711-FLDFB,0,-1.03312240135858,0.336956181114758,-0.76851334120462,0,0,0,1,0,1,1,0,0,0,0,0,0,0,0,0,0,0,0,0,0,0,1,0,1,0,1
3873-WOSBC,0,1.41009942184324,-1.30157566104904,-0.219422907176223,1,1,0,1,0,1,0,1,1,0,1,0,1,0,1,0,1,0,1,0,0,1,0,1,0,0,0
7465-ZZRVX,0,-1.27744458367877,0.18573265409964,-0.976362005599048,1,0,0,1,0,0,1,0,0,0,0,0,0,0,0,0,0,0,0,0,0,0,1,0,1,0,0
7975-JMZNT,0,1.36937905812321,0.895319973170575,1.67496668270587,1,1,0,1,0,1,0,0,0,1,0,1,0,1,0,1,0,1,0,1,0,1,0,0,0,0,0
7251-XFOIL,0,1.16577723952306,0.812230123162269,1.42098338485941,0,0,0,1,0,1,1,0,0,0,0,0,0,1,0,0,0,0,0,1,0,0,0,0,0,1,0
4116-IQRFR,0,-1.15528349251868,-1.35142957105402,-0.975147936297678,1,1,1,1,0,1,0,1,1,0,1,0,1,0,1,0,1,0,1,0,1,0,0,1,0,0,0
3714-JTVOV,1,0.392090328842479,0.312029226112266,0.418294585852134,0,1,0,1,0,0,1,0,0,1,0,0,0,0,0,0,0,0,0,0,0,0,1,1,0,0,1
8259-DZLIZ,0,1.28793833068315,-0.36266035595518,0.493544808549734,0,1,1,1,0,1,0,0,0,0,0,1,0,0,0,0,0,0,0,0,1,0,1,0,0,0,0
0442-ZXKVS,1,0.880734693482843,1.68965893924998,1.83175821448089,0,1,0,1,0,1,1,0,0,1,0,1,0,1,0,1,0,1,0,1,1,0,1,0,0,0,0
7853-WNZSY,0,-1.27744458367877,-1.49600591006848,-0.998700880744243,1,0,0,1,0,0,0,1,1,0,1,0,1,0,1,0,1,0,1,0,0,0,1,1,0,0,0
3120-FAZKD,0,0.880734693482843,-1.35309136805419,-0.464002686433897,1,1,1,1,0,1,0,1,1,0,1,0,1,0,1,0,1,0,1,0,0,1,1,0,0,0,0
8606-OEGQZ,0,-0.58519840043825,-1.31154644305004,-0.80670133922951,0,0,1,1,0,1,0,1,1,0,1,0,1,0,1,0,1,0,1,0,0,1,0,1,0,0,0
0225-ZORZP,0,-1.1960038562387,0.649374017145989,-0.903650291440674,1,0,0,1,0,0,1,0,0,0,0,1,0,0,0,0,0,0,0,1,0,0,0,0,1,0,0
4702-IOQDC,0,-1.27744458367877,0.177423669098809,-0.976472375535536,0,0,0,1,0,0,1,0,0,0,0,0,0,0,0,0,0,0,0,0,0,0,1,0,1,0,1
9489-JMTTN,0,1.61370124044339,0.830509890164096,1.90453615060116,0,1,1,1,0,1,0,0,0,1,0,1,0,1,0,1,0,1,0,1,0,1,0,1,0,0,0
0575-CUQOV,1,1.12505687580303,1.10304459819134,1.5827415637764,1,1,0,1,0,0,1,0,0,0,0,1,0,1,0,0,0,1,0,1,1,0,1,0,1,0,0
0967-BMLBD,0,-0.870240946478462,-1.48769692506765,-0.920735557609035,0,1,1,1,0,0,0,1,1,0,1,0,1,0,1,0,1,0,1,0,1,0,1,0,0,1,0
6178-KFNHS,0,-0.829520582758432,0.449958377126054,-0.606004646719512,0,0,1,1,0,1,1,0,0,1,0,0,0,0,0,0,0,0,0,0,0,0,1,0,1,0,1
2830-LEWOA,0,1.16577723952306,1.30079844121111,1.83974899788263,1,1,1,1,0,0,1,0,0,0,0,1,0,1,0,1,0,1,0,1,1,0,0,1,0,0,0
5006-MXVRN,0,0.269929237682388,-1.46443176706532,-0.670813873425336,0,0,0,1,0,0,0,1,1,0,1,0,1,0,1,0,1,0,1,0,0,1,0,1,0,0,0
1264-BYWMS,0,0.921455057202873,1.06482326718752,1.3253367978988,1,0,0,1,0,1,1,0,0,0,0,0,0,0,0,0,0,1,0,1,0,0,1,0,1,0,1
9658-WYUFB,0,-0.62591876415828,0.985057011179546,-0.293326616648668,0,0,0,1,0,1,1,0,0,1,0,1,0,0,0,0,0,1,0,0,0,0,1,0,1,0,1
8327-WKMIE,0,0.188488510242327,-1.48271153406715,-0.660527395344644,1,0,0,1,0,0,0,1,1,0,1,0,1,0,1,0,1,0,1,0,1,0,0,1,0,0,0
6917-FIJHC,0,1.61370124044339,-1.28828128504771,-0.2233520769152,0,1,0,1,0,1,0,1,1,0,1,0,1,0,1,0,1,0,1,0,0,1,1,0,0,1,0
5329-KRDTM,1,1.61370124044339,0.418384234122897,1.37491497336927,1,1,0,1,0,1,0,0,0,0,0,1,0,1,0,1,0,1,0,0,0,1,0,1,0,0,0
7797-EJMDP,0,-0.992402037638553,0.0428181120853536,-0.753789991677105,0,0,0,1,0,0,0,0,0,1,0,0,0,0,0,1,0,0,0,1,0,0,0,0,0,0,0
3530-VWVGU,0,-0.422316945558128,-1.49102051906798,-0.830695763422027,0,1,1,1,0,0,0,1,1,0,1,0,1,0,1,0,1,0,1,0,0,0,0,0,0,1,0
2013-SGDXK,0,-1.27744458367877,0.649374017145989,-0.970203363143011,0,0,0,1,0,0,1,0,0,0,0,1,0,0,0,0,0,1,0,0,0,0,0,0,1,0,1
6368-NWMCE,0,0.229208873962357,0.112613586092331,0.165282543446768,0,0,0,1,0,1,0,0,0,0,0,1,0,0,0,1,0,0,0,1,0,0,0,1,0,0,0
3633-CDBUW,0,-0.62591876415828,0.534710024134526,-0.369062467066816,1,0,1,1,0,0,0,0,0,0,0,1,0,1,0,1,0,1,0,1,1,0,0,0,1,0,0
0707-HOVVN,1,1.53226051300333,0.356897745116751,1.29385929201239,0,0,0,1,0,1,0,0,0,0,0,1,0,1,0,1,0,1,0,0,0,1,1,0,0,0,0
8580-QVLOC,1,1.61370124044339,0.920246928173067,1.83581982814366,0,1,1,1,0,1,0,0,0,1,0,1,0,1,0,1,0,1,0,1,0,1,0,1,0,0,1
3956-MGXOG,0,-0.177994763237946,0.526401039133695,-0.0163201500507848,0,0,0,1,0,0,1,0,0,0,0,0,0,0,0,0,0,0,0,1,0,0,1,0,1,0,0
9274-UARKJ,0,-0.707359491598341,0.612814483142334,-0.508547992800502,0,0,0,1,0,0,1,0,0,0,0,1,0,0,0,0,0,1,0,0,0,0,1,0,0,0,0
4077-HWUYD,0,1.61370124044339,0.757390822156787,1.84592971432597,1,1,1,1,0,1,0,0,0,1,0,1,0,1,0,1,0,1,0,1,0,1,1,0,0,0,0
2012-NWRPA,1,-0.870240946478462,1.15622210219666,-0.508018217105359,0,1,0,1,0,1,1,0,0,0,0,0,0,1,0,0,0,1,0,1,0,0,1,0,1,0,1
8808-ELEHO,1,-0.992402037638553,0.548004400135855,-0.748735048585949,1,0,0,1,0,1,1,0,0,0,0,0,0,1,0,0,0,0,0,0,0,0,1,0,1,0,1
0103-CSITQ,0,1.00289578464293,1.48359611122938,1.75302030179027,0,1,0,1,0,1,1,0,0,0,0,1,0,1,0,1,0,1,0,1,1,0,1,0,0,0,0
3506-LCJDC,0,-1.27744458367877,-1.48935872206781,-0.998612584795053,1,1,1,1,0,0,0,1,1,0,1,0,1,0,1,0,1,0,1,0,0,0,0,0,0,0,1
8671-KKKOS,0,0.5549717837226,-0.638518657982757,-0.097022647610898,0,1,0,0,1,0,0,0,0,1,0,1,0,0,0,0,0,1,0,0,0,0,0,0,1,0,0
7305-ZWMAJ,0,-0.0965540357978854,-1.46443176706532,-0.748227346878104,1,1,0,1,0,0,0,1,1,0,1,0,1,0,1,0,1,0,1,0,1,0,0,1,0,0,0
9518-XXBXE,1,-0.910961310198492,0.350250557116086,-0.68935602275534,1,1,0,1,0,0,1,0,0,1,0,0,0,0,0,0,0,0,0,0,0,0,0,0,1,0,0
3934-HXCFZ,0,-0.381596581838098,1.14625132019566,-0.0421687891763024,1,1,0,1,0,1,1,0,0,1,0,1,0,1,0,0,0,1,0,0,0,0,1,0,1,0,1
6578-KRMAW,0,-0.0151133083578247,0.951821071176223,0.307880501389419,1,0,0,1,0,0,1,0,0,1,0,1,0,1,0,0,0,0,0,1,0,0,1,1,0,0,0
4860-IJUDE,0,-0.788800219038401,0.298734850110937,-0.585078506761365,1,0,0,1,0,0,1,0,0,1,0,0,0,0,0,0,0,0,0,0,0,0,1,1,0,0,0
7666-WKRON,0,0.269929237682388,0.521415648133197,0.405999374927358,0,0,0,1,0,0,1,0,0,0,0,0,0,1,0,1,0,0,0,0,0,1,1,0,1,0,1
9688-YGXVR,0,0.473531056282539,0.77733238615878,0.746667220891589,0,0,0,1,0,0,1,0,0,0,0,1,0,1,0,0,0,1,0,0,0,0,1,1,0,0,0
0423-UDIJQ,1,-0.951681673918523,-0.51720747697063,-0.809681327514689,1,0,0,1,0,0,0,0,0,0,0,0,0,0,0,1,0,0,0,0,0,0,0,0,0,1,0
1945-XISKS,0,1.41009942184324,-1.49932950406881,-0.417956348931053,0,1,0,1,0,0,0,1,1,0,1,0,1,0,1,0,1,0,1,0,0,1,0,0,0,1,0
4910-AQFFX,0,-0.951681673918523,0.484856114129542,-0.715491623715727,1,1,1,1,0,1,1,0,0,0,0,0,0,1,0,0,0,0,0,0,0,0,1,0,0,0,1
2154-KVJFF,0,-0.707359491598341,0.498150490130871,-0.51656085018954,0,0,0,1,0,1,1,0,0,0,0,1,0,0,0,0,0,0,0,0,0,0,1,0,1,0,1
5360-LJCNJ,0,1.57298087672336,1.34234336621526,2.32795937494418,0,1,0,1,0,1,1,0,0,0,0,1,0,1,0,0,0,1,0,1,0,1,1,0,0,0,0
2607-FBDFF,0,-1.27744458367877,-0.523854664971294,-0.985787598175133,1,0,0,1,0,0,0,0,0,0,0,0,0,0,0,1,0,0,0,0,0,0,0,1,0,0,0
9647-ERGBE,0,-0.0965540357978854,1.17284007219832,0.337393422406342,0,1,1,1,0,1,1,0,0,0,0,0,0,1,0,0,0,1,0,1,0,0,1,0,1,0,1
3428-XZMAZ,0,-1.27744458367877,0.152496714096318,-0.976803485345,1,0,0,1,0,0,1,0,0,0,0,0,0,0,0,0,0,0,0,0,0,0,1,0,1,0,1
1100-DDVRV,0,-0.62591876415828,-0.497265912968636,-0.638188520199448,1,1,0,0,1,0,0,0,0,0,0,1,0,0,0,0,0,1,0,1,0,0,1,0,0,1,0
0378-TOVMS,0,-1.1960038562387,0.699227927150972,-0.88724931887854,0,0,0,1,0,0,1,0,0,0,0,0,0,0,0,1,0,0,0,1,0,0,0,0,1,0,1
4355-HBJHH,0,1.41009942184324,0.496488693130705,1.32950878149805,1,1,1,1,0,1,0,0,0,1,0,0,0,1,0,0,0,1,0,1,0,1,1,0,1,0,1
6728-WYQBC,0,-1.27744458367877,-1.45612278206449,-0.9981711050491,1,0,0,1,0,0,0,1,1,0,1,0,1,0,1,0,1,0,1,0,0,0,0,0,0,0,0
9058-CBREO,1,-1.27744458367877,-0.472338957966145,-0.985103304568907,0,0,0,1,0,1,0,0,0,0,0,0,0,0,0,0,0,0,0,0,0,0,0,0,0,1,1
9029-FEGVJ,1,-0.0151133083578247,0.483194317129376,0.127182841371069,0,1,0,1,0,1,1,0,0,0,0,0,0,1,0,0,0,0,0,0,0,0,0,0,0,1,0
7216-KAOID,0,0.351369965122448,-1.50431489506931,-0.655030972507535,1,1,1,1,0,0,0,1,1,0,1,0,1,0,1,0,1,0,1,0,1,0,0,0,0,0,0
0318-QUUOB,0,-1.27744458367877,0.524739242133529,-0.971858912190332,1,1,0,1,0,0,1,0,0,0,0,0,0,0,0,0,0,1,0,0,0,0,1,0,1,0,1
6145-NNPNO,0,-1.27744458367877,-0.685048973987408,-0.987928774943003,0,0,0,1,0,0,0,0,0,0,0,0,0,0,0,0,0,0,0,0,0,0,0,0,0,0,0
5520-FVEWJ,0,-0.829520582758432,0.656021205146653,-0.602627326662976,0,1,1,1,0,1,1,0,0,0,0,1,0,1,0,0,0,0,0,0,0,0,1,0,1,0,1
5339-TJFEK,0,1.20649760324309,1.35397594521643,1.85654730221612,1,1,1,1,0,1,1,0,0,1,0,1,0,0,0,0,0,1,0,1,0,0,1,0,1,0,0
5572-ZDXHY,0,-0.422316945558128,0.649374017145989,-0.188188215150085,0,0,0,1,0,0,1,0,0,0,0,1,0,0,0,0,0,0,0,1,0,0,1,0,0,1,1
2074-GUHPQ,0,-0.62591876415828,0.928555913173897,-0.320102363240686,0,0,1,1,0,1,1,0,0,0,0,1,0,1,0,1,0,0,0,0,0,0,1,1,0,0,0
4625-XMOYM,0,1.61370124044339,-1.27997230004688,-0.129736296785977,0,1,1,1,0,1,0,1,1,0,1,0,1,0,1,0,1,0,1,0,0,1,1,0,0,0,0
5827-MWCZK,0,0.962175420922904,1.06980865818802,1.39078617023626,1,1,1,1,0,1,1,0,0,0,0,1,0,0,0,1,0,1,0,0,0,0,1,1,0,0,0
1385-TQOZW,0,-0.951681673918523,-1.47274075206615,-0.942279769211516,0,0,0,1,0,0,0,1,1,0,1,0,1,0,1,0,1,0,1,0,0,0,1,1,0,0,0
5914-XRFQB,0,1.61370124044339,1.69630612725065,2.71200260594824,1,1,0,1,0,1,1,0,0,1,0,1,0,1,0,1,0,1,0,1,0,1,1,0,0,0,0
4329-YPDDQ,0,-0.503757672998189,1.4437129832254,-0.0345311895713246,1,0,0,1,0,0,1,0,0,1,0,1,0,1,0,1,0,1,0,1,0,0,1,0,0,0,0
4804-NCPET,0,-0.544478036718219,-1.48104973706698,-0.836390852144814,1,1,1,1,0,0,0,1,1,0,1,0,1,0,1,0,1,0,1,0,0,1,0,0,0,1,0
3750-CKVKH,0,-1.23672421995873,0.0993192100910019,-0.955921493361448,1,0,0,1,0,0,1,0,0,0,0,0,0,0,0,0,0,0,0,0,0,0,1,0,1,0,1
5944-UGLLK,0,0.840014329762813,-0.327762618951692,0.337216830507961,1,0,0,0,1,0,0,0,0,0,0,0,0,1,0,1,0,1,0,1,1,0,0,1,0,0,0
8063-GBATB,1,-0.218715126957977,0.680948160149145,0.00235444320300517,0,0,0,1,0,1,1,0,0,0,0,0,0,0,0,0,0,0,0,1,0,0,1,0,1,0,1
7787-BNTZM,0,-1.07384276507861,-1.48271153406715,-0.949806998880006,1,0,0,1,0,0,0,1,1,0,1,0,1,0,1,0,1,0,1,0,0,0,0,0,0,0,0
2252-ISRNH,0,-0.951681673918523,0.850451454166089,-0.668407808809895,1,1,1,1,0,1,1,0,0,0,0,0,0,1,0,0,0,1,0,0,1,0,1,0,1,0,0
9415-TPKRV,0,-0.992402037638553,-0.299512069948868,-0.810166955235237,0,1,1,1,0,1,0,0,0,0,0,1,0,0,0,0,0,0,0,0,0,0,0,0,1,0,0
5322-TEUJK,0,1.57298087672336,1.65642299924666,2.56867620642477,0,1,1,1,0,1,1,0,0,1,0,1,0,1,0,1,0,1,0,1,0,1,0,0,0,0,0
4547-KQRTM,0,-0.910961310198492,0.508121272131868,-0.64068288076408,0,0,0,1,0,1,1,0,0,0,0,1,0,0,0,0,0,0,0,0,0,0,1,0,0,0,1
4877-EVATK,0,-1.27744458367877,-1.48769692506765,-0.998590510807755,1,0,0,1,0,0,0,1,1,0,1,0,1,0,1,0,1,0,1,0,0,0,0,0,0,1,1
1866-DIOQZ,0,1.57298087672336,0.0677450670878454,1.06274464500627,0,1,0,0,1,0,0,0,0,1,0,1,0,1,0,1,0,1,0,1,1,0,0,0,0,0,0
8375-KVTHK,0,1.45081978556327,1.18114905719915,1.97448861634733,1,1,0,1,0,0,1,0,0,0,0,1,0,0,0,1,0,1,0,1,1,0,1,0,1,0,0
2697-NQBPF,0,0.066327419082236,1.34899055421593,0.555705156779844,1,0,0,1,0,1,1,0,0,0,0,1,0,0,0,1,0,1,0,1,0,0,1,0,1,0,0
3709-OIJEA,0,-0.259435490678007,0.679286363148979,-0.0429634527190169,1,0,0,1,0,0,1,0,0,0,0,1,0,1,0,1,0,0,0,0,1,0,1,0,1,0,0
7639-SUPCW,0,-0.422316945558128,-0.530501852971959,-0.541835565645319,0,0,0,1,0,0,0,0,0,1,0,0,0,0,0,0,0,0,0,0,0,0,1,1,0,0,1
1386-ZIKUV,0,-1.03312240135858,-1.52259466207113,-0.949784924892708,1,0,0,1,0,0,0,1,1,0,1,0,1,0,1,0,1,0,1,0,0,0,1,0,0,1,0
0599-XNYDO,0,-0.503757672998189,0.167452887097813,-0.327386779048902,0,1,0,1,0,0,1,0,0,0,0,0,0,0,0,0,0,0,0,0,0,0,1,0,0,0,0
6377-WHAOX,0,1.12505687580303,1.37557930621859,1.82301691551103,0,1,0,1,0,1,1,0,0,0,0,1,0,1,0,0,0,1,0,1,0,0,1,0,1,0,0
6855-VLGOS,0,1.61370124044339,-1.46941715806582,-0.37497829566258,1,1,1,1,0,0,0,1,1,0,1,0,1,0,1,0,1,0,1,0,0,1,0,0,1,0,0
8999-XXGNS,1,1.61370124044339,1.36228493021726,2.36100413392872,0,1,0,1,0,1,1,0,0,0,0,1,0,1,0,0,0,1,0,1,1,0,1,1,0,0,0
8746-OQQRW,0,-1.15528349251868,-1.3132082400502,-0.962433319614247,1,0,0,1,0,1,0,1,1,0,1,0,1,0,1,0,1,0,1,0,0,0,0,0,0,1,0
3181-MIZBN,0,-0.66663912787831,-1.49600591006848,-0.869060353345298,1,1,1,1,0,0,0,1,1,0,1,0,1,0,1,0,1,0,1,0,0,0,0,0,1,0,0
0471-ARVMX,1,1.20649760324309,1.33237258421427,1.77959738249661,0,1,0,1,0,1,1,0,0,1,0,0,0,1,0,0,0,1,0,1,1,0,1,0,1,0,0
7766-CLTIC,0,-0.910961310198492,-0.126685181931591,-0.729486531662421,0,0,0,1,0,0,0,0,0,0,0,0,0,0,0,1,0,0,0,1,0,0,1,0,0,1,0
5650-YLIBA,0,-0.0558336720778551,0.544680806135523,0.158329237448016,1,0,0,1,0,1,1,0,0,0,0,1,0,0,0,0,0,0,0,0,0,0,1,0,1,0,0
0825-CPPQH,0,1.57298087672336,-1.51760927107064,-0.401511228394324,0,1,0,1,0,0,0,1,1,0,1,0,1,0,1,0,1,0,1,0,0,1,0,1,0,0,0
9084-OAYKL,0,1.04361614836296,-1.46110817306499,-0.472236283695911,1,0,0,1,0,0,0,1,1,0,1,0,1,0,1,0,1,0,1,0,0,1,0,0,0,1,0
6122-LJADA,0,1.53226051300333,0.843804266165425,1.74611114376611,1,1,1,1,0,1,0,0,0,1,0,1,0,1,0,1,0,1,0,1,0,1,1,1,0,0,0
2400-XIWIO,0,1.57298087672336,0.842142469165259,1.7787144230047,0,1,0,1,0,1,0,0,0,1,0,1,0,1,0,1,0,1,0,1,0,1,0,0,1,0,0
7524-VRLPL,1,1.4915401492833,0.310367429112099,1.21366449616012,1,0,0,1,0,1,0,0,0,1,0,0,0,1,0,1,0,0,0,1,0,1,0,1,0,0,0
1069-XAIEM,1,-1.27744458367877,0.67430097214848,-0.969872253333546,0,0,0,1,0,1,1,0,0,0,0,0,0,0,0,0,0,0,0,1,0,0,1,0,1,0,1
7569-NMZYQ,0,1.61370124044339,1.79435215026045,2.82129091705878,0,1,1,1,0,1,1,0,0,1,0,1,0,1,0,1,0,1,0,1,0,1,1,0,0,0,0
5201-USSQZ,0,-0.259435490678007,0.702551521151305,-0.0377319177294801,0,1,0,1,0,0,1,0,0,0,0,0,0,0,0,1,0,0,0,1,0,0,0,1,0,0,0
2105-PHWON,0,0.0256070553622056,1.00499857518154,0.320617192060148,0,1,0,1,0,1,1,0,0,0,0,0,0,1,0,1,0,0,0,1,0,0,1,1,0,0,0
1494-EJZDW,0,-0.910961310198492,-1.48271153406715,-0.909941377820497,0,1,1,1,0,0,0,1,1,0,1,0,1,0,1,0,1,0,1,0,0,1,0,0,0,1,0
4884-TVUQF,1,1.00289578464293,1.21438499720247,1.54415623398015,0,0,0,1,0,1,1,0,0,1,0,0,0,1,0,1,0,0,0,1,0,1,0,1,0,0,0
8003-EWNDZ,0,-0.910961310198492,-1.44781379706366,-0.909124640290485,0,0,0,1,0,0,0,1,1,0,1,0,1,0,1,0,1,0,1,0,0,0,1,0,1,0,0
1897-RCFUM,0,0.269929237682388,-1.34810597705369,-0.603642730078667,0,1,1,1,0,1,0,1,1,0,1,0,1,0,1,0,1,0,1,0,1,0,1,0,0,1,0
9256-JTBNZ,0,-0.870240946478462,-1.47772614306665,-0.898683644298709,0,0,0,1,0,0,0,1,1,0,1,0,1,0,1,0,1,0,1,0,0,0,0,0,0,0,0
4658-HCOHW,0,-0.463037309278159,1.26423890720745,-0.075831619805179,0,1,1,1,0,0,1,0,0,0,0,1,0,1,0,1,0,1,0,1,0,0,1,0,1,0,1
2211-RMNHO,0,1.45081978556327,0.682609957149311,1.44720728176898,0,1,1,1,0,1,0,0,0,0,0,1,0,1,0,1,0,1,0,1,0,1,0,0,0,0,0
2432-TFSMK,0,-0.58519840043825,0.825524499163597,-0.286483680586405,1,0,0,1,0,1,1,0,0,0,0,0,0,1,0,0,0,1,0,0,1,0,1,1,0,0,0
3440-JPSCL,0,-1.07384276507861,1.16951647819798,-0.765643722855929,0,0,0,1,0,0,1,0,0,0,0,0,0,1,0,1,0,1,0,1,0,0,1,0,0,1,1
4929-ROART,0,-0.58519840043825,-0.282894099947206,-0.579250974114792,1,0,0,1,0,1,0,0,0,1,0,0,0,0,0,0,0,0,0,0,0,0,0,0,0,1,0
1834-ABKHQ,0,0.799293966042782,-0.459044581964815,0.145128993044037,0,1,1,1,0,0,0,0,0,0,0,0,0,1,0,0,0,0,0,0,1,0,1,0,0,0,0
1741-WTPON,0,0.962175420922904,1.69796792425081,1.89217471771449,1,1,1,1,0,1,1,0,0,1,0,1,0,1,0,1,0,1,0,1,0,1,0,0,0,1,0
3932-IJWDZ,0,0.51425142000257,1.29248945621028,1.08865950609368,1,0,0,1,0,1,1,0,0,0,0,0,0,1,0,1,0,1,0,1,0,0,1,0,0,0,0
1240-HCBOH,0,1.41009942184324,-1.28495769104738,-0.230614418736119,0,0,0,1,0,1,0,1,1,0,1,0,1,0,1,0,1,0,1,0,0,1,1,0,0,1,0
3594-KADLU,0,-1.1960038562387,-0.985834231017476,-0.962786503411009,1,1,0,0,1,0,0,0,0,1,0,0,0,0,0,1,0,0,0,0,0,0,0,0,0,1,0
8065-BVEPF,1,1.32865869440318,1.14126592919516,1.8604985459424,1,0,0,1,0,0,1,0,0,0,0,1,0,1,0,0,0,1,0,1,0,0,1,0,0,0,0
3796-ENZGF,0,1.24721796696312,0.0827012400893407,0.861871360597888,1,1,0,1,0,1,0,0,0,0,0,1,0,0,0,1,0,0,0,1,0,1,0,0,0,1,0
1734-ZMNTZ,0,-0.870240946478462,-1.32151722505103,-0.874667146118894,0,1,1,1,0,1,0,1,1,0,1,0,1,0,1,0,1,0,1,0,0,1,0,0,0,1,0
2853-CWQFQ,0,-1.27744458367877,-0.173215497936242,-0.981129986855334,1,0,1,1,0,0,0,0,0,0,0,0,0,0,0,1,0,0,0,1,0,0,1,0,0,1,0
0813-TAXXS,0,0.921455057202873,0.433340407124392,0.90125135393685,1,0,0,1,0,1,0,0,0,0,0,0,0,1,0,0,0,1,0,1,0,1,1,0,0,0,0
2519-TWKFS,0,-0.300155854398037,-0.321115430951027,-0.360166650185874,1,1,1,1,0,1,0,0,0,0,0,0,0,0,0,1,0,0,0,0,1,0,1,0,0,1,0
2889-FPWRM,0,1.61370124044339,1.76277800725729,2.82674319192129,1,1,0,1,0,1,1,0,0,1,0,1,0,1,0,1,0,1,0,1,1,0,1,0,0,0,1
0626-QXNGV,0,1.61370124044339,-1.34976777405386,-0.223153411029522,0,1,0,1,0,1,0,1,1,0,1,0,1,0,1,0,1,0,1,0,0,1,1,1,0,0,0
6723-CEGQI,0,1.32865869440318,-0.648489439983754,0.287859394910474,0,0,1,0,1,0,0,0,0,0,0,1,0,0,0,1,0,1,0,0,0,1,0,0,0,1,0
6987-XQSJT,1,0.880734693482843,0.489841505130041,0.921956754022021,0,0,0,1,0,1,1,0,0,0,0,1,0,0,0,0,0,0,0,0,0,0,1,0,1,0,1
4732-RRJZC,0,-1.03312240135858,-1.47938794006682,-0.943692504398564,1,1,1,1,0,0,0,1,1,0,1,0,1,0,1,0,1,0,1,0,0,0,0,0,0,1,0
9499-XPZXM,0,1.61370124044339,-0.000388609918965505,1.11377970363837,0,1,0,1,0,1,0,0,0,1,0,1,0,0,0,1,0,0,0,0,0,1,0,0,0,0,0
4338-EYCER,0,-0.463037309278159,-0.337733400952688,-0.510667095581074,1,1,0,1,0,0,0,0,0,0,0,0,0,0,0,0,0,1,0,0,0,0,0,0,0,0,0
3007-FDPEA,0,-1.23672421995873,-1.46443176706532,-0.989827137850599,0,0,0,1,0,0,0,1,1,0,1,0,1,0,1,0,1,0,1,0,0,0,1,0,0,0,0
6350-XFYGW,1,-1.15528349251868,0.996689590180708,-0.820939061036477,1,0,0,1,0,0,1,0,0,0,0,0,0,1,0,0,0,1,0,1,0,0,1,0,1,0,0
4290-BSXUX,0,-1.1960038562387,0.494826896130539,-0.896277579683268,1,1,0,1,0,1,1,0,0,0,0,0,0,0,0,1,0,0,0,0,0,0,1,0,0,0,1
8513-OLYGY,0,1.61370124044339,1.69630612725065,2.67105535951115,1,1,0,1,0,1,1,0,0,1,0,1,0,1,0,1,0,1,0,1,0,1,0,1,0,0,0
0311-QYWSS,0,-1.07384276507861,-0.508898491969799,-0.868530577650155,0,0,0,1,0,0,0,0,0,1,0,0,0,0,0,0,0,0,0,0,0,0,1,0,1,0,0
8705-DWKTI,0,0.799293966042782,0.632756047144327,0.904805265891767,1,0,0,1,0,0,1,0,0,0,0,0,0,1,0,0,0,0,0,1,0,0,1,1,0,0,0
8755-IWJHN,1,1.4915401492833,1.0166311541827,1.81010363294192,1,1,0,1,0,1,1,0,0,0,0,1,0,1,0,0,0,0,0,1,0,0,1,0,0,0,0
0325-XBFAC,0,-0.992402037638553,0.995027793180542,-0.680592649798184,1,0,0,1,0,0,1,0,0,0,0,0,0,1,0,0,0,1,0,1,0,0,1,0,1,0,1
4480-QQRHC,1,-0.992402037638553,0.308705632111933,-0.742466036193424,0,0,0,1,0,0,1,0,0,0,0,0,0,1,0,0,0,0,0,0,0,0,1,0,0,0,0
0929-PECLO,1,1.24721796696312,0.825524499163597,1.43784791115479,0,0,0,1,0,1,1,0,0,0,0,0,0,1,0,0,0,0,0,1,0,0,1,0,0,0,0
3680-CTHUH,0,1.12505687580303,1.7228948792533,2.1047913633652,1,0,0,1,0,1,1,0,0,1,0,1,0,1,0,1,0,1,0,1,1,0,1,1,0,0,0
1202-KKGFU,0,-0.829520582758432,-0.351027776954017,-0.702578341146617,0,1,0,1,0,0,0,0,0,1,0,0,0,0,0,1,0,0,0,0,0,0,0,0,0,0,0
6112-KTHFQ,0,-0.788800219038401,-1.51096208306997,-0.884114812682277,0,0,0,1,0,0,0,1,1,0,1,0,1,0,1,0,1,0,1,0,0,0,1,0,0,1,0
1852-XEMDW,0,-0.422316945558128,0.00958217208203114,-0.377185694392342,1,0,0,1,0,1,0,0,0,1,0,1,0,1,0,0,0,0,0,0,0,0,0,0,0,1,0
2462-XIIJB,0,-1.11456312879864,0.921908725173233,-0.807562224734117,1,0,0,1,0,1,1,0,0,0,0,0,0,1,0,0,0,1,0,0,0,0,1,0,1,0,1
4760-XOHVN,0,-1.27744458367877,-1.50597669206947,-0.998833324668029,0,1,1,1,0,0,0,1,1,0,1,0,1,0,1,0,1,0,1,0,0,0,0,0,0,1,1
1820-DJFPH,0,1.61370124044339,-1.35309136805419,-0.252864997932124,0,1,1,1,0,1,0,1,1,0,1,0,1,0,1,0,1,0,1,0,0,1,1,0,0,0,0
9426-SXNHE,0,-1.23672421995873,-1.5292418500718,-0.98395545722943,0,0,0,1,0,0,0,1,1,0,1,0,1,0,1,0,1,0,1,0,0,0,0,0,0,0,0
9068-FHQHD,0,0.310649601402418,-1.48271153406715,-0.664235825210645,0,1,1,1,0,0,0,1,1,0,1,0,1,0,1,0,1,0,1,0,0,1,0,0,0,0,0
1269-FOYWN,0,0.473531056282539,-1.48769692506765,-0.627372266423612,1,1,1,1,0,0,0,1,1,0,1,0,1,0,1,0,1,0,1,0,1,0,0,0,0,0,0
9470-YFUYI,1,1.57298087672336,0.2073360151018,1.20532052896162,1,1,0,1,0,0,0,0,0,1,0,1,0,0,0,1,0,1,0,0,1,0,1,0,0,0,0
7817-BOQPW,0,-1.23672421995873,0.358559542116917,-0.934002023974907,0,0,0,1,0,1,1,0,0,0,0,0,0,0,0,0,0,0,0,0,0,0,1,0,1,0,1
7402-EYFXX,1,-0.259435490678007,0.958468259176887,0.0539413515175524,1,0,0,1,0,1,1,0,0,0,0,0,0,0,0,0,0,1,0,1,0,0,1,0,1,0,0
1853-UDXBW,0,-1.27744458367877,0.174100075098477,-0.976516523510131,1,1,1,1,0,0,1,0,0,0,0,0,0,0,0,0,0,0,0,0,0,0,1,0,1,0,1
9895-VFOXH,0,-1.27744458367877,-1.34145878905303,-0.996647999925564,0,0,0,0,1,0,0,0,0,0,0,0,0,0,0,0,0,0,0,0,0,0,0,0,0,1,0
5458-CQJTA,0,1.32865869440318,0.333632587114425,1.12057849172604,1,1,1,1,0,0,0,0,0,1,0,0,0,0,0,1,0,1,0,1,0,1,1,0,0,0,1
1230-QAJDW,0,-1.1960038562387,0.0162293600826957,-0.914753507051379,1,0,0,1,0,1,0,0,0,0,0,0,0,0,0,1,0,1,0,0,0,0,1,0,0,1,0
5701-ZIKJE,0,-0.788800219038401,-0.472338957966145,-0.737786350886328,1,0,0,1,0,0,0,0,0,0,0,0,0,0,0,1,0,0,0,0,0,0,1,0,0,1,0
5219-YIPTK,0,0.0256070553622056,1.31741641121277,0.497849236072771,0,1,0,1,0,1,1,0,0,0,0,1,0,1,0,0,0,1,0,1,0,0,1,0,1,0,1
5032-MIYKT,0,-1.27744458367877,0.197365233100803,-0.976207487687965,0,0,0,1,0,0,1,0,0,0,0,0,0,0,0,0,0,0,0,0,0,0,1,0,0,1,0
7396-VJUZB,0,-1.15528349251868,-0.648489439983754,-0.938836227193087,1,1,1,1,0,0,0,0,0,0,0,0,0,0,0,0,0,0,0,0,0,0,0,0,0,1,0
9717-QEBGU,0,-1.23672421995873,0.184070857099474,-0.943847022309648,1,0,0,1,0,0,1,0,0,0,0,0,0,0,0,0,0,0,0,0,0,0,1,0,1,0,0
5172-RKOCB,0,1.61370124044339,1.46863993822789,2.46923289364898,1,1,0,1,0,1,1,0,0,1,0,1,0,0,0,1,0,1,0,1,0,1,1,1,0,0,0
6509-TSGWN,0,0.188488510242327,-1.27332511204622,-0.604967169316524,0,1,1,1,0,1,0,1,1,0,1,0,1,0,1,0,1,0,1,0,0,0,0,0,0,1,0
3540-RZJYU,0,-0.707359491598341,0.712522303152301,-0.446652532417965,0,0,0,1,0,0,1,0,0,1,0,0,0,0,0,0,0,1,0,0,0,0,0,0,1,0,1
3178-CIFOT,0,-0.381596581838098,-1.49932950406881,-0.796348639186924,0,0,0,1,0,0,0,1,1,0,1,0,1,0,1,0,1,0,1,0,1,0,1,1,0,0,0
2091-MJTFX,0,-0.0965540357978854,-0.450735596963985,-0.318049482422007,0,1,1,0,1,0,0,0,0,0,0,0,0,0,0,1,0,1,0,1,0,0,0,1,0,0,1
4530-NDRKU,0,0.392090328842479,-1.5192710680708,-0.671078761272908,0,1,1,1,0,0,0,1,1,0,1,0,1,0,1,0,1,0,1,0,1,0,1,0,1,0,0
5985-TBABQ,0,-0.0151133083578247,0.331970790114259,0.000456080295409426,0,0,0,1,0,1,0,0,0,1,0,0,0,0,0,0,0,1,0,1,1,0,0,0,0,1,0
9800-ONTFE,0,-0.422316945558128,0.366868527117748,-0.294386168038954,0,1,1,1,0,1,1,0,0,0,0,0,0,0,0,0,0,0,0,0,0,0,1,0,0,0,0
6743-HHQPF,0,0.392090328842479,-1.3181936310507,-0.523050602455041,1,1,0,0,1,0,0,0,0,0,0,0,0,0,0,0,0,0,0,0,0,0,1,1,0,0,0
8455-HIRAQ,0,-0.992402037638553,-0.675078191986411,-0.844381635546554,0,0,0,1,0,0,0,0,0,0,0,0,0,0,0,0,0,0,0,0,0,0,0,0,0,1,0
6616-AALSR,0,1.32865869440318,1.31409281721244,1.96166362972741,0,1,1,1,0,1,1,0,0,1,0,0,0,1,0,0,0,1,0,1,0,1,1,1,0,0,0
0883-EIBTI,0,-1.23672421995873,-1.50431489506931,-0.993491419742004,0,0,0,1,0,0,0,1,1,0,1,0,1,0,1,0,1,0,1,0,0,0,0,0,0,1,1
9415-ZNBSX,0,1.53226051300333,0.805582935161604,1.77090023150134,0,1,1,1,0,1,0,0,0,1,0,1,0,1,0,1,0,1,0,1,0,1,1,0,0,0,0
4018-KJYUY,0,-0.422316945558128,-1.48271153406715,-0.816480115602357,1,0,1,1,0,0,0,1,1,0,1,0,1,0,1,0,1,0,1,0,0,0,0,1,0,0,0
0722-TROQR,1,-1.15528349251868,0.336956181114758,-0.865373997466594,0,0,0,1,0,1,1,0,0,0,0,0,0,0,0,0,0,0,0,0,0,0,1,0,1,0,1
7571-YXDAD,0,-1.23672421995873,0.336956181114758,-0.942456361109897,0,0,0,1,0,1,1,0,0,0,0,0,0,0,0,0,0,0,0,0,0,0,0,1,0,0,1
3884-UEBXB,0,1.41009942184324,-0.950936494013988,0.0673402618072101,0,1,1,0,1,0,0,0,0,1,0,1,0,0,0,0,0,0,0,0,0,1,0,0,0,0,0
8780-RSYYU,0,-0.300155854398037,-1.5142856770703,-0.77250873290549,0,0,0,1,0,0,0,1,1,0,1,0,1,0,1,0,1,0,1,0,0,0,1,1,0,0,0
5537-UXXVS,0,-0.503757672998189,-1.51262388007014,-0.841754831058137,0,1,0,1,0,0,0,1,1,0,1,0,1,0,1,0,1,0,1,0,0,0,0,0,0,0,0
1791-PQHBB,0,-1.23672421995873,-0.11837619693076,-0.95181573172409,0,0,1,1,0,0,0,0,0,1,0,0,0,0,0,0,0,0,0,1,0,0,1,1,0,0,0
8701-DGLVH,0,0.758573602322752,-1.47274075206615,-0.547111248609451,1,0,0,1,0,0,0,1,1,0,1,0,1,0,1,0,1,0,1,0,0,1,0,0,0,1,0
8741-LQOBK,0,0.5549717837226,-0.987496028017643,-0.292112547347299,0,1,1,0,1,0,0,0,0,1,0,1,0,0,0,0,0,0,0,0,0,0,0,0,0,0,0
3393-FMZPV,0,-0.300155854398037,1.17948726019898,0.0467231576712294,0,0,0,1,0,1,1,0,0,0,0,1,0,0,0,0,0,1,0,1,0,0,1,0,1,0,1
8082-GHXOP,0,-0.788800219038401,-0.690034364987907,-0.716330435233037,1,0,1,1,0,0,0,0,0,0,0,0,0,0,0,0,0,0,0,0,0,0,0,0,0,1,0
6402-ZFPPI,1,-0.300155854398037,1.26423890720745,0.167004314455982,0,0,0,1,0,1,1,0,0,1,0,1,0,0,0,0,0,1,0,1,0,0,1,0,0,1,1
0980-FEXWF,0,-0.259435490678007,-0.478986145966809,-0.439765448381106,1,1,1,1,0,0,0,0,0,0,0,0,0,1,0,0,0,0,0,0,1,0,0,0,0,1,0
7486-KSRVI,0,0.432810692562509,1.17117827519815,0.851893918339363,1,0,0,1,0,1,1,0,0,0,0,0,0,0,0,1,0,1,0,1,1,0,1,0,1,0,1
3011-WQKSZ,0,-0.544478036718219,-1.48769692506765,-0.840739427642446,1,0,1,1,0,0,0,1,1,0,1,0,1,0,1,0,1,0,1,0,0,0,1,0,1,0,0
8443-WVPSS,0,-0.910961310198492,1.16619288419765,-0.569957825462492,1,1,0,1,0,0,1,0,0,0,0,1,0,0,0,1,0,1,0,1,0,0,1,0,1,0,1
3006-XIMLN,0,-1.23672421995873,0.978409823178881,-0.921861330961214,0,0,1,1,0,1,1,0,0,0,0,0,0,0,0,0,0,1,0,1,0,0,1,0,0,0,1
8218-FFJDS,0,1.61370124044339,0.719169491152966,1.66748360101197,0,1,0,1,0,1,0,0,0,1,0,1,0,0,0,1,0,1,0,1,0,1,1,0,0,0,0
1986-PHGZF,1,-0.58519840043825,-0.211436828940063,-0.581436298857257,1,0,0,1,0,1,0,0,0,1,0,1,0,0,0,0,0,0,0,0,0,0,1,1,0,0,0
9965-YOKZB,1,-0.951681673918523,0.634417844144493,-0.658584884462453,1,0,0,1,0,1,1,0,0,0,0,0,0,0,0,0,0,0,0,1,0,0,1,0,1,0,1
0504-HHAPI,1,-0.218715126957977,0.782317777159278,0.0820415373474278,0,0,0,1,0,1,1,0,0,0,0,0,0,1,0,0,0,0,0,1,0,0,0,1,0,0,1
9360-OMDZZ,0,-0.340876218118068,0.975086229178549,0.0180711221589134,1,0,0,1,0,1,1,0,0,0,0,0,0,0,0,0,0,1,0,1,0,0,1,0,1,0,0
6305-YLBMM,0,1.4915401492833,1.30578383221161,2.1986058093801,1,0,0,1,0,0,1,0,0,0,0,1,0,1,0,1,0,1,0,1,1,0,1,0,0,0,1
0345-XMMUG,0,0.5549717837226,1.46697814122772,1.13565502505032,0,1,0,1,0,1,1,0,0,0,0,1,0,1,0,1,0,1,0,1,0,1,1,1,0,0,0
8024-XNAFQ,1,1.61370124044339,1.41712423122274,2.41349607572247,0,0,0,1,0,1,1,0,0,1,0,1,0,1,0,1,0,0,0,1,0,1,1,0,0,0,0
3647-GMGDH,0,-0.422316945558128,0.995027793180542,-0.162030540202401,1,1,0,1,0,0,1,0,0,0,0,0,0,1,0,0,0,1,0,1,0,0,1,1,0,0,1
2988-GBIVW,1,1.53226051300333,0.867069424167751,1.84899799856034,0,1,0,1,0,1,1,0,0,1,0,0,0,0,0,0,0,0,0,1,0,0,1,0,1,0,0
2832-SCUCO,0,-1.23672421995873,-1.49102051906798,-0.982079168309132,0,0,0,1,0,0,0,1,1,0,1,0,1,0,1,0,1,0,1,0,0,0,0,0,1,0,0
7036-ZZKBD,0,-0.0558336720778551,0.0544506910865167,-0.115719314851986,1,1,0,1,0,0,0,0,0,0,0,0,0,1,0,1,0,0,0,1,0,0,1,1,0,0,0
3791-LGQCY,1,0.962175420922904,1.19278163620031,1.5037387632382,0,1,0,1,0,1,1,0,0,0,0,0,0,1,0,0,0,1,0,1,0,0,1,0,0,0,1
0265-PSUAE,0,-0.66663912787831,1.19444343320048,-0.335178896564963,0,1,1,1,0,0,1,0,0,1,0,0,0,1,0,0,0,1,0,1,0,0,0,0,0,0,0
0463-TXOAK,0,0.799293966042782,-1.30157566104904,-0.41826538475322,1,0,1,1,0,1,0,1,1,0,1,0,1,0,1,0,1,0,1,0,0,1,0,1,0,0,0
0594-UFTUL,0,-0.788800219038401,-1.49268231606814,-0.89616720974678,1,1,1,1,0,0,0,1,1,0,1,0,1,0,1,0,1,0,1,0,0,0,1,0,0,1,0
9509-MPYOD,0,0.107047782802266,-1.46276997006515,-0.69818561767439,0,0,0,1,0,0,0,1,1,0,1,0,1,0,1,0,1,0,1,0,1,0,0,0,0,1,0
9128-CPXKI,0,1.084336512083,1.0315873271842,1.48934652352015,0,0,0,1,0,0,1,0,0,0,0,0,0,1,0,0,0,1,0,1,0,1,0,0,1,0,0
0129-KPTWJ,0,1.61370124044339,0.993365996180376,1.97139825812566,1,1,0,1,0,0,1,0,0,0,0,0,0,1,0,0,0,1,0,1,0,0,1,0,1,0,0
8166-ZZTFS,1,1.36937905812321,0.524739242133529,1.3170149046876,0,1,0,1,0,1,0,0,0,0,0,1,0,1,0,0,0,1,0,1,0,1,1,0,0,0,1
5855-EIBDE,0,0.677132874882691,1.39219727622025,1.27695061774241,0,1,0,1,0,1,1,0,0,1,0,1,0,1,0,1,0,0,0,1,0,1,0,1,0,0,0
5365-LLFYV,0,-1.23672421995873,-0.62854787598176,-0.960799844554223,0,0,0,1,0,0,0,0,0,0,0,0,0,0,0,0,0,0,0,0,0,0,1,0,0,1,0
5956-YHHRX,1,-0.463037309278159,1.3157546142126,-0.00444434488466306,1,0,0,1,0,1,1,0,0,0,0,1,0,1,0,0,0,1,0,1,0,0,1,0,1,0,0
6008-NAIXK,1,0.880734693482843,-0.309482851949864,0.302428226526906,1,0,0,0,1,0,0,0,0,0,0,1,0,1,0,0,0,1,0,1,1,0,1,0,1,0,0
2956-GGUCQ,1,-0.340876218118068,0.468238144127881,-0.225007625962522,1,1,0,1,0,1,1,0,0,1,0,0,0,0,0,0,0,0,0,0,0,0,1,0,1,0,1
1928-BXYIV,0,-1.27744458367877,-0.120037993930926,-0.980423619261811,1,0,0,1,0,1,0,0,0,1,0,1,0,0,0,0,0,0,0,0,0,0,0,0,1,0,0
5760-FXFVO,0,-1.07384276507861,0.471561738128214,-0.788909705467625,1,0,0,1,0,0,1,0,0,1,0,1,0,0,0,0,0,0,0,0,0,0,1,0,1,0,0
6595-COKXZ,0,-1.27744458367877,-0.675078191986411,-0.987796331019217,0,0,0,1,0,0,0,0,0,0,0,0,0,0,0,0,0,0,0,0,0,0,1,0,0,1,1
0961-ZWLVI,0,0.677132874882691,1.47694892322872,1.32820641624749,1,0,1,1,0,1,1,0,0,1,0,1,0,1,0,0,0,1,0,1,1,0,1,1,0,0,0
5181-OABFK,0,0.962175420922904,-0.115052602930428,0.470124308026955,0,1,1,1,0,0,0,0,0,1,0,1,0,1,0,0,0,0,0,0,0,1,1,1,0,0,0
4007-NHVHI,1,0.962175420922904,1.06648506418769,1.29694965023406,0,0,0,1,0,1,1,0,0,1,0,1,0,0,0,0,0,0,0,1,0,0,1,0,1,0,0
7816-VGHTO,0,-1.07384276507861,-0.804698357999369,-0.91139826098214,0,1,1,0,1,0,0,0,0,0,0,1,0,1,0,1,0,0,0,0,0,1,0,0,0,1,0
5871-DGTXZ,0,-0.0151133083578247,-1.49434411306831,-0.739132864111483,1,0,0,1,0,0,0,1,1,0,1,0,1,0,1,0,1,0,1,0,1,0,0,0,0,1,0
7550-WIQVA,0,0.717853238602722,1.44537478022556,1.3904329864395,1,1,1,1,0,1,1,0,0,1,0,1,0,1,0,0,0,1,0,1,1,0,1,0,1,0,0
7544-ZVIKX,0,1.04361614836296,1.33901977221493,1.64359954675594,1,1,1,1,0,1,1,0,0,0,0,0,0,1,0,1,0,1,0,1,1,0,1,0,0,0,0
0016-QLJIS,0,1.32865869440318,0.853775048166422,1.62287207268348,0,1,1,1,0,1,0,0,0,1,0,1,0,1,0,1,0,1,0,1,0,1,1,0,0,1,0
7508-DQAKK,0,1.28793833068315,0.719169491152966,1.39513474573389,0,0,0,1,0,1,0,0,0,1,0,1,0,1,0,1,0,1,0,1,0,1,1,1,0,0,0
5176-OLSKT,0,1.36937905812321,0.071068661088178,0.921956754022021,0,1,0,1,0,1,0,0,0,1,0,1,0,1,0,0,0,0,0,0,0,1,0,0,0,0,0
9356-AXGMP,0,0.229208873962357,1.5268028332337,0.947717097198348,1,1,0,1,0,1,1,0,0,1,0,0,0,1,0,1,0,1,0,1,1,0,1,0,1,0,0
3556-BVQGL,0,-0.503757672998189,-1.48769692506765,-0.823565865524894,0,1,0,1,0,0,0,1,1,0,1,0,1,0,1,0,1,0,1,0,1,0,1,0,0,1,0
0362-ZBZWJ,0,0.147768146522297,0.669315581147982,0.346686571058642,1,0,0,1,0,1,1,0,0,0,0,0,0,0,0,0,0,0,0,1,0,0,1,0,1,0,1
8979-CAMGB,1,1.28793833068315,1.24097374920513,1.94524058317798,1,0,0,1,0,1,1,0,0,0,0,0,0,1,0,1,0,1,0,1,1,0,0,0,1,0,0
4211-MMAZN,0,-1.27744458367877,-1.47938794006682,-0.998480140871267,1,0,0,1,0,0,0,1,1,0,1,0,1,0,1,0,1,0,1,0,0,0,0,0,0,1,1
7581-EBBOU,0,1.12505687580303,0.179085466098976,0.857699376998638,0,0,0,1,0,0,0,0,0,0,0,1,0,1,0,1,0,1,0,0,1,0,1,1,0,0,0
4274-OWWYO,0,-1.27744458367877,0.31867641411293,-0.974596086615238,1,0,0,1,0,0,1,0,0,0,0,1,0,0,0,0,0,0,0,0,0,0,1,0,1,0,1
5073-RZGBK,0,0.717853238602722,0.508121272131868,0.77712932336231,0,1,1,1,0,1,0,0,0,1,0,1,0,1,0,1,0,0,0,1,1,0,1,0,0,0,0
1541-ETJZO,0,-1.27744458367877,-0.0901256479279362,-0.980026287490453,1,0,0,1,0,1,0,0,0,0,0,0,0,1,0,1,0,0,0,0,0,0,0,0,0,1,1
2192-CKRLV,0,1.61370124044339,-0.51720747697063,0.573496790541729,0,1,0,0,1,0,0,0,0,1,0,1,0,1,0,0,0,0,0,1,0,1,1,0,1,0,0
3154-HMWUU,0,1.12505687580303,-1.47107895506598,-0.478174186278972,1,1,0,1,0,0,0,1,1,0,1,0,1,0,1,0,1,0,1,0,0,1,1,0,0,0,0
6119-SPUDB,0,0.5549717837226,-0.881141020007011,-0.232468633669119,1,0,0,0,1,0,0,0,0,1,0,0,0,1,0,1,0,0,0,0,0,1,0,0,0,1,0
6522-OIQSX,0,1.4915401492833,-0.326100821951526,0.658062235878926,0,1,1,0,1,0,0,0,0,0,0,1,0,1,0,0,0,1,0,1,0,1,1,1,0,0,0
7813-ZGGAW,1,-0.0558336720778551,1.05817607918686,0.263136529137135,1,0,0,1,0,1,1,0,0,0,0,0,0,1,0,1,0,1,0,0,0,0,1,0,0,0,0
8748-HFWBO,0,-0.544478036718219,-1.49102051906798,-0.849502800599603,1,1,1,1,0,0,0,1,1,0,1,0,1,0,1,0,1,0,1,0,1,0,0,0,0,1,0
1052-QJIBV,0,1.57298087672336,-1.49102051906798,-0.390540456707404,0,1,1,1,0,0,0,1,1,0,1,0,1,0,1,0,1,0,1,0,0,1,0,1,0,0,0
1319-YLZJG,0,-0.829520582758432,0.659344799146985,-0.583643697587019,1,1,0,1,0,0,1,0,0,1,0,1,0,1,0,0,0,0,0,0,0,0,1,0,1,0,0
4106-HADHQ,0,0.269929237682388,0.506459475131702,0.397787851652642,1,1,1,1,0,0,0,0,0,1,0,0,0,1,0,1,0,1,0,1,1,0,0,1,0,0,1
0723-FDLAY,0,0.473531056282539,0.680948160149145,0.627887095243074,1,0,0,1,0,1,0,0,0,0,0,1,0,1,0,1,0,1,0,1,1,0,1,0,0,0,0
3050-RLLXC,0,0.962175420922904,0.548004400135855,1.03239291247203,0,1,1,1,0,1,0,0,0,1,0,1,0,1,0,1,0,1,0,0,0,1,0,1,0,0,0
9298-WGMRW,0,1.61370124044339,1.68633534524965,2.66249065243967,0,1,0,1,0,1,1,0,0,1,0,1,0,1,0,1,0,1,0,1,0,1,1,0,0,0,0
2369-UAPKZ,0,-1.11456312879864,1.30744562921177,-0.768182231395156,1,0,0,1,0,1,1,0,0,0,0,1,0,1,0,0,0,1,0,1,0,0,0,0,0,1,1
3088-LHEFH,0,-0.870240946478462,0.47322353512838,-0.597152977813165,0,0,0,1,0,1,1,0,0,1,0,0,0,0,0,0,0,0,0,0,0,0,1,0,0,0,0
2778-OCLGR,1,-0.340876218118068,-0.852890471004187,-0.578610828483161,1,1,0,0,1,0,0,0,0,1,0,0,0,0,0,0,0,0,0,1,0,0,0,0,0,0,1
6583-KQJLK,1,-0.707359491598341,0.993365996180376,-0.44009655819057,0,1,0,1,0,0,1,0,0,0,0,1,0,0,0,0,0,1,0,1,0,0,1,0,1,0,0
8544-JNBOX,0,1.61370124044339,-1.46110817306499,-0.335841116183892,1,0,0,1,0,0,0,1,1,0,1,0,1,0,1,0,1,0,1,0,0,1,1,0,0,1,0
6681-ZSEXG,0,0.962175420922904,-0.174877294936408,0.488865123242638,1,1,0,1,0,1,0,0,0,0,0,1,0,1,0,0,0,0,0,0,0,1,0,1,0,0,0
6139-ZZRBQ,1,1.28793833068315,-1.48603512806748,-0.478505296088436,1,0,0,1,0,0,0,1,1,0,1,0,1,0,1,0,1,0,1,0,0,1,1,0,0,0,0
6116-RFVHN,0,0.066327419082236,1.18613444819965,0.500078708789831,0,1,0,1,0,1,1,0,0,0,0,0,0,1,0,0,0,1,0,1,0,0,1,0,1,0,0
0637-KVDLV,0,-1.23672421995873,0.390133685120074,-0.935701720996824,1,0,0,1,0,1,1,0,0,0,0,0,0,0,0,0,0,0,0,0,0,0,1,0,1,0,1
8884-FEEWR,0,0.107047782802266,-1.46775536106565,-0.674544377278635,1,0,0,1,0,0,0,1,1,0,1,0,1,0,1,0,1,0,1,0,1,0,0,0,0,0,0
3125-RAHBV,0,-0.422316945558128,-1.47772614306665,-0.801182842405104,1,0,0,1,0,0,0,1,1,0,1,0,1,0,1,0,1,0,1,0,1,0,0,1,0,0,0
6633-MPWBS,0,-1.11456312879864,-0.51720747697063,-0.911663148829712,1,0,0,1,0,0,0,0,0,0,0,0,0,0,0,1,0,0,0,0,0,0,1,0,1,0,1
0373-AIVNJ,0,-0.951681673918523,-0.837934298002692,-0.84274816048653,1,0,0,0,1,0,0,0,0,1,0,1,0,1,0,0,0,0,0,0,1,0,0,0,0,1,0
8785-EPNCG,0,-0.870240946478462,-1.38300371405718,-0.899169272019257,1,0,0,1,0,1,0,1,1,0,1,0,1,0,1,0,1,0,1,0,0,0,0,1,0,0,1
1682-VCOIO,0,-0.381596581838098,-1.47274075206615,-0.795024199949067,1,0,0,1,0,0,0,1,1,0,1,0,1,0,1,0,1,0,1,0,1,0,0,0,0,1,0
5729-KLZAR,0,-1.15528349251868,0.534710024134526,-0.873762112639692,0,1,1,1,0,0,1,0,0,0,0,0,0,0,0,0,0,0,0,1,0,0,0,0,1,0,1
2072-ZVJJX,0,1.45081978556327,-1.3132082400502,-0.244454808771729,1,1,0,1,0,1,0,1,1,0,1,0,1,0,1,0,1,0,1,0,0,1,0,0,0,0,0
8849-AYPTR,0,0.0256070553622056,0.88036380016908,0.301147935263644,1,1,0,1,0,0,1,0,0,0,0,0,0,0,0,0,0,1,0,1,0,0,0,0,1,0,0
9518-IMLHK,0,-0.0558336720778551,0.255528128106618,-0.0554794035167697,1,0,0,1,0,0,0,0,0,1,0,1,0,1,0,1,0,1,0,0,0,0,1,0,0,0,0
1582-RAFML,0,-1.27744458367877,-0.154935730934415,-0.980887172995061,1,0,0,1,0,1,0,0,0,0,0,1,0,0,0,1,0,0,0,0,0,0,0,0,0,1,1
3646-ITDGM,0,0.962175420922904,-1.49766770706864,-0.543027560959391,0,0,0,1,0,0,0,1,1,0,1,0,1,0,1,0,1,0,1,0,0,1,0,0,0,0,0
8740-CRYFY,0,-1.27744458367877,0.471561738128214,-0.972565279783857,1,0,0,1,0,0,1,0,0,0,0,0,0,0,0,0,0,1,0,0,0,0,1,0,1,0,1
3569-VLDHH,0,1.36937905812321,0.343603369115422,1.20571786073298,1,1,1,1,0,0,0,0,0,1,0,1,0,1,0,1,0,1,0,0,1,0,1,0,1,0,0
8224-KDLKN,0,1.61370124044339,-1.32151722505103,-0.239730975490037,1,1,1,1,0,1,0,1,1,0,1,0,1,0,1,0,1,0,1,0,0,1,0,0,0,0,0
7594-LZNWR,1,0.066327419082236,0.145849526095653,-0.0030095357103175,1,0,0,1,0,0,1,0,0,0,0,0,0,0,0,0,0,0,0,0,0,0,0,1,0,0,0
4001-TSBTV,0,1.04361614836296,0.890334582170076,1.42586173605218,0,1,1,1,0,0,1,0,0,0,0,1,0,1,0,0,0,1,0,0,0,0,1,0,1,0,0
2962-XPMCQ,0,-1.23672421995873,-0.651813033984086,-0.963934350750486,1,0,0,1,0,0,0,0,0,0,0,0,0,0,0,0,0,0,0,0,0,0,1,0,1,0,1
8727-XDPUD,0,0.188488510242327,-0.962569073015151,-0.426035428281984,1,0,0,0,1,0,0,0,0,0,0,0,0,0,0,0,0,1,0,0,0,1,0,1,0,0,0
1043-UXOVO,0,1.57298087672336,1.60823088624184,2.52145994759515,0,0,0,1,0,1,1,0,0,1,0,1,0,1,0,1,0,1,0,1,0,1,1,1,0,0,0
1064-FBXNK,0,-1.27744458367877,-1.49268231606814,-0.998656732769648,1,1,1,1,0,0,0,1,1,0,1,0,1,0,1,0,1,0,1,0,1,0,0,1,0,0,0
3996-ZNWYK,1,1.57298087672336,-1.49434411306831,-0.394447552459084,1,1,1,1,0,0,0,1,1,0,1,0,1,0,1,0,1,0,1,0,0,1,0,1,0,0,0
2878-DHMIN,0,0.107047782802266,-1.49102051906798,-0.713394594922453,1,1,1,1,0,0,0,1,1,0,1,0,1,0,1,0,1,0,1,0,1,0,0,0,1,0,0
7762-ONLJY,0,-1.07384276507861,-1.49766770706864,-0.965722343721593,0,1,1,1,0,0,0,1,1,0,1,0,1,0,1,0,1,0,1,0,1,0,0,0,0,1,0
1678-FYZOW,0,-1.1960038562387,0.486517911129709,-0.89941208587953,0,0,0,1,0,0,1,0,0,0,0,0,0,0,0,0,0,1,0,0,0,0,1,0,1,0,1
5795-BKOYE,0,1.4915401492833,-0.188171670937737,0.817966199862914,0,1,1,1,0,0,0,0,0,0,0,1,0,1,0,1,0,0,0,0,1,0,0,0,0,0,0
8627-EHGIP,0,0.473531056282539,-0.359336761954848,0.0412708828087163,1,0,0,0,1,0,0,0,0,0,0,1,0,1,0,0,0,1,0,1,1,0,1,0,0,1,1
7402-PWYJJ,0,0.840014329762813,0.877040206168748,1.13927515896713,0,1,0,1,0,1,1,0,0,0,0,0,0,0,0,1,0,0,0,1,1,0,1,0,1,0,0
5480-TBGPH,0,-0.340876218118068,1.14791311719583,0.0659716745947575,0,1,0,1,0,0,1,0,0,0,0,1,0,1,0,0,0,1,0,1,0,0,1,1,0,0,1
0018-NYROU,0,-1.11456312879864,0.139202338094989,-0.852239975024508,0,1,0,1,0,0,1,0,0,0,0,0,0,0,0,0,0,0,0,0,0,0,1,0,1,0,0
7501-VTYLJ,0,-1.23672421995873,-0.439103017962822,-0.960534956706651,0,0,1,1,0,0,0,0,0,0,0,1,0,0,0,0,0,0,0,0,0,0,0,0,0,1,0
7608-RGIRO,0,1.20649760324309,-1.34145878905303,-0.38360922469595,1,0,1,1,0,1,0,1,1,0,1,0,1,0,1,0,1,0,1,0,0,1,1,0,0,1,0
0480-BIXDE,0,-0.544478036718219,1.06482326718752,-0.237898834544334,0,1,0,1,0,0,1,0,0,0,0,0,0,1,0,0,0,1,0,1,0,0,1,0,1,0,0
5895-QSXOD,0,-0.951681673918523,0.175761872098643,-0.717147172763049,1,0,0,1,0,0,1,0,0,0,0,0,0,0,0,0,0,0,0,0,0,0,0,0,0,1,0
9814-AOUDH,0,0.840014329762813,-1.50431489506931,-0.543645632603725,1,0,0,1,0,0,0,1,1,0,1,0,1,0,1,0,1,0,1,0,0,1,0,1,0,0,0
6175-IRFIT,0,-1.11456312879864,0.464914550127549,-0.819195216039965,1,0,0,1,0,0,1,0,0,0,0,0,0,0,0,0,0,0,0,1,0,0,0,0,0,1,0
8760-ZRHKE,1,1.57298087672336,0.147511323095819,1.19225272848143,0,1,1,1,0,1,0,0,0,1,0,1,0,0,0,0,0,1,0,0,1,0,0,0,1,0,0
1622-HSHSF,0,-1.27744458367877,-1.50265309806914,-0.998789176693434,0,0,0,1,0,0,0,1,1,0,1,0,1,0,1,0,1,0,1,0,0,0,1,0,0,1,0
8854-CCVSQ,0,-0.58519840043825,0.528062836133862,-0.366435662578399,1,0,0,1,0,1,1,0,0,0,0,1,0,0,0,0,0,0,0,0,0,0,1,0,1,0,1
6749-UTDVX,0,1.61370124044339,1.29248945621028,2.36318945867119,1,0,0,1,0,1,1,0,0,0,0,1,0,1,0,0,0,1,0,1,0,1,1,0,1,0,0
5542-DHSXL,0,-1.15528349251868,-0.334409806952356,-0.903650291440674,0,1,0,1,0,0,0,0,0,1,0,1,0,0,0,0,0,0,0,0,0,0,0,0,0,1,0
9102-OXKFY,0,1.084336512083,-0.352689573954184,0.368297004623016,1,0,0,1,0,1,0,0,0,0,0,0,0,1,0,0,0,0,0,0,0,1,0,1,0,0,0
0511-JTEOY,0,-1.27744458367877,0.210659609102132,-0.976030895789583,0,0,0,1,0,0,1,0,0,0,0,0,0,0,0,0,0,0,0,0,0,0,0,0,0,1,1
5216-WASFJ,1,-0.0558336720778551,0.667653784147816,0.155172657264456,0,1,0,1,0,1,1,0,0,0,0,0,0,0,0,0,0,0,0,1,0,0,1,0,1,0,0
7808-DVWEP,0,-1.1960038562387,-1.48769692506765,-0.985500636340264,1,1,0,1,0,0,0,1,1,0,1,0,1,0,1,0,1,0,1,0,0,0,0,0,0,0,0
7067-KSAZT,1,1.32865869440318,1.37890290021892,2.07402022507231,0,1,0,1,0,1,1,0,0,0,0,1,0,1,0,0,0,1,0,1,1,0,1,0,1,0,1
2284-VFLKH,0,0.677132874882691,1.14625132019566,1.16501342815616,1,1,0,1,0,0,1,0,0,0,0,0,0,1,0,1,0,1,0,1,1,0,1,1,0,0,0
0366-NQSHS,0,-1.23672421995873,-1.50930028606981,-0.986957519501907,1,0,0,1,0,0,0,1,1,0,1,0,1,0,1,0,1,0,1,0,0,0,0,0,0,1,0
6532-YLWSI,0,0.840014329762813,-1.46110817306499,-0.556316101312561,0,1,0,1,0,0,0,1,1,0,1,0,1,0,1,0,1,0,1,0,1,0,0,0,0,0,1
3807-BPOMJ,0,0.921455057202873,0.996689590180708,1.32187118189308,0,1,0,1,0,0,1,0,0,1,0,0,0,0,0,0,0,1,0,1,1,0,1,0,1,0,0
3892-NXAZG,0,1.61370124044339,1.63814323224483,2.65209380442249,1,1,1,1,0,1,1,0,0,1,0,1,0,1,0,1,0,1,0,1,0,1,1,1,0,0,0
4948-WBBKL,1,0.147768146522297,0.336956181114758,0.166673204646518,0,0,0,1,0,1,1,0,0,0,0,0,0,0,0,0,0,0,0,0,0,0,1,0,0,0,0
4182-BGSIQ,0,-0.910961310198492,-1.49434411306831,-0.920558965710654,0,1,1,1,0,0,0,1,1,0,1,0,1,0,1,0,1,0,1,0,0,0,1,0,0,0,0
9300-AGZNL,1,-1.27744458367877,0.971762635178217,-0.965921009607272,1,0,0,1,0,1,1,0,0,0,0,0,0,0,0,0,0,1,0,1,0,0,1,0,1,0,1
0988-AADSA,0,1.61370124044339,0.534710024134526,1.5640890445099,0,1,1,1,0,1,0,0,0,1,0,1,0,1,0,1,0,0,0,1,0,1,0,0,0,0,0
9972-NKTFD,0,-0.177994763237946,-0.336071603952522,-0.337474591243916,0,0,0,1,0,0,0,0,0,0,0,1,0,0,0,1,0,0,0,0,0,0,0,0,0,0,0
3717-LNXKW,0,0.229208873962357,0.895319973170575,0.528510004429171,1,1,0,1,0,1,1,0,0,1,0,0,0,0,0,0,0,1,0,0,0,0,0,0,0,0,0
5734-EJKXG,0,1.16577723952306,1.78936675925995,2.24438725903538,0,0,0,1,0,1,1,0,0,1,0,1,0,1,0,1,0,1,0,1,1,0,1,0,1,0,0
2207-RYYRL,0,0.799293966042782,-1.33647339805253,-0.419788489876756,1,1,1,1,0,1,0,1,1,0,1,0,1,0,1,0,1,0,1,0,0,1,0,0,0,1,0
6729-FZWSY,0,1.41009942184324,-1.50597669206947,-0.479432403554936,1,0,0,1,0,0,0,1,1,0,1,0,1,0,1,0,1,0,1,0,1,0,1,0,0,1,0
9695-IDRZR,0,0.066327419082236,1.70793870625181,0.735056303573039,0,0,1,1,0,1,1,0,0,1,0,1,0,1,0,1,0,1,0,1,0,1,1,1,0,0,0
8144-DGHXP,0,0.880734693482843,0.526401039133695,0.890920727881562,0,0,0,1,0,0,0,0,0,1,0,0,0,1,0,1,0,1,0,1,0,1,0,0,1,0,0
7814-LEEVE,0,-1.27744458367877,-1.47772614306665,-0.998458066883969,0,1,0,1,0,0,0,1,1,0,1,0,1,0,1,0,1,0,1,0,0,0,1,0,0,0,0
1112-CUNAO,1,-0.707359491598341,0.833833484164428,-0.378333541731818,0,0,0,1,0,1,1,0,0,0,0,1,0,0,0,0,0,0,0,1,0,0,0,0,1,0,1
5175-AOBHI,0,-1.15528349251868,-0.623562484981262,-0.921949626910405,0,0,0,1,0,0,0,0,0,0,0,0,0,0,0,0,0,0,0,0,0,0,1,0,0,1,1
5174-RNGBH,0,-0.951681673918523,0.0494653000860182,-0.733459849375993,0,0,0,1,0,0,0,0,0,0,0,1,0,0,0,1,0,1,0,0,0,0,0,0,0,1,1
8631-WUXGY,0,0.5549717837226,1.16453108719749,0.931227828687023,0,0,1,1,0,0,1,0,0,0,0,1,0,1,0,0,0,1,0,1,0,0,1,0,1,0,0
7270-BDIOA,0,-0.422316945558128,0.838818875164927,-0.12719778824675,0,0,0,1,0,1,1,0,0,0,0,0,0,0,0,1,0,1,0,0,0,0,1,0,1,0,1
9565-JSNFM,0,0.229208873962357,0.189056248099973,0.139367682359357,1,0,0,1,0,0,1,0,0,0,0,0,0,0,0,0,0,0,0,0,1,0,1,0,0,0,1
5906-DVAPM,0,0.921455057202873,0.34027977511509,0.852931395742351,0,1,1,1,0,1,0,0,0,1,0,1,0,0,0,1,0,1,0,0,1,0,1,1,0,0,0
6654-QGBZZ,0,-1.27744458367877,-1.49102051906798,-0.99863465878235,0,0,0,1,0,0,0,1,1,0,1,0,1,0,1,0,1,0,1,0,0,0,0,0,0,1,0
8348-JLBUG,1,1.28793833068315,0.516430257132699,1.20779281553895,1,1,0,1,0,0,1,0,0,1,0,0,0,1,0,0,0,0,0,0,1,0,0,1,0,0,0
0607-DAAHE,0,0.840014329762813,-1.49600591006848,-0.542828895073712,1,0,1,1,0,0,0,1,1,0,1,0,1,0,1,0,1,0,1,0,0,1,0,0,0,0,1
5641-DMBFJ,0,1.04361614836296,0.649374017145989,1.16307091727397,0,1,0,1,0,1,0,0,0,1,0,0,0,1,0,1,0,1,0,1,0,1,1,0,1,0,0
9200-NLNPD,0,0.962175420922904,-0.356013167954516,0.299271646343346,1,1,0,0,1,0,0,0,0,0,0,0,0,1,0,1,0,1,0,1,1,0,1,0,0,0,0
2664-XJZNO,0,1.61370124044339,1.33403438121443,2.32996810778826,1,1,1,1,0,0,1,0,0,1,0,0,0,1,0,1,0,1,0,1,0,1,1,1,0,0,0
9732-KPKBW,0,-1.27744458367877,-0.359336761954848,-0.983602273432669,1,0,0,1,0,0,0,0,0,1,0,0,0,0,0,1,0,0,0,0,0,0,1,0,1,0,1
3339-EAQNV,1,1.61370124044339,1.07977944018902,2.14169907012683,1,1,0,1,0,1,1,0,0,0,0,1,0,0,0,0,0,1,0,1,1,0,1,1,0,0,0
0921-OHLVP,0,-0.422316945558128,0.607829092141835,-0.213065598834508,1,0,0,1,0,1,1,0,0,0,0,0,0,0,0,0,0,0,0,1,0,0,0,0,1,0,0
3389-YGYAI,1,-0.992402037638553,1.35397594521643,-0.641190582471925,0,0,0,1,0,1,1,0,0,0,0,1,0,1,0,0,0,1,0,1,0,0,1,0,1,0,1
9560-ARGQJ,0,-0.66663912787831,0.539695415135025,-0.428132457075258,0,0,1,1,0,0,1,0,0,0,0,0,0,0,0,0,0,1,0,0,0,0,1,0,1,0,1
8350-NYMVI,0,0.269929237682388,-0.786418590997542,-0.302354877453397,0,0,0,0,1,0,0,0,0,0,0,1,0,1,0,1,0,0,0,0,0,0,0,0,0,0,0
1600-DILPE,0,-0.829520582758432,-0.656798424984584,-0.775930200936622,0,0,0,1,0,0,0,0,0,0,0,0,0,0,0,0,0,0,0,0,0,0,1,0,0,0,0
0536-ESJEP,0,0.880734693482843,0.325323602113595,0.843020175445718,1,1,0,1,0,0,0,0,0,1,0,1,0,0,0,0,0,1,0,1,0,1,1,0,0,0,0
4654-GGUII,0,-0.58519840043825,-0.816330937000532,-0.693108600595937,0,0,0,0,1,0,0,0,0,1,0,1,0,0,0,1,0,0,0,0,1,0,1,0,0,1,0
6478-HRRCZ,0,-0.0151133083578247,0.190718045100139,-0.0353920750759319,1,1,0,1,0,0,0,0,0,1,0,1,0,0,0,1,0,0,0,1,1,0,0,0,0,1,0
8510-BBWMU,0,0.351369965122448,-1.49600591006848,-0.651168024730451,0,0,0,1,0,0,0,1,1,0,1,0,1,0,1,0,1,0,1,0,1,0,1,0,0,1,0
6857-TKDJV,0,1.41009942184324,-1.3331498040522,-0.292024251398109,1,1,1,1,0,1,0,1,1,0,1,0,1,0,1,0,1,0,1,0,0,1,0,0,0,0,0
2360-RDGRO,0,1.32865869440318,1.31243102021227,2.00035932946014,1,1,0,1,0,1,1,0,0,1,0,0,0,1,0,0,0,1,0,1,0,0,1,0,1,0,0
0584-BJQGZ,0,-0.300155854398037,0.45162017412622,-0.196024480640742,0,0,0,1,0,1,0,0,0,1,0,1,0,1,0,1,0,1,0,0,0,0,1,0,0,0,0
5134-IKDAY,0,-1.27744458367877,0.167452887097813,-0.976604819459322,0,1,1,1,0,0,1,0,0,0,0,0,0,0,0,0,0,0,0,0,0,0,1,0,1,0,1
1360-XFJMR,0,1.41009942184324,1.49356689323038,2.23500581443389,0,1,0,1,0,1,1,0,0,0,0,1,0,1,0,1,0,1,0,1,1,0,1,1,0,0,0
3070-DVEYC,1,-1.03312240135858,0.298734850110937,-0.76674742222081,1,0,0,1,0,1,1,0,0,0,0,0,0,0,0,0,0,0,0,0,0,0,0,0,0,1,1
5730-RIITO,1,0.432810692562509,-1.04067353202296,-0.345090116861597,0,0,0,0,1,0,0,0,0,1,0,1,0,0,0,0,0,0,0,0,0,0,1,1,0,0,0
9058-MJLZC,0,-0.340876218118068,0.99170419918021,0.000544376244600043,0,0,0,1,0,0,1,0,0,1,0,0,0,0,0,0,0,1,0,1,0,0,1,0,1,0,0
5707-ORNDZ,1,-0.951681673918523,-0.339395197952855,-0.789307037238982,1,0,0,1,0,1,0,0,0,1,0,0,0,0,0,0,0,0,0,0,0,0,0,0,1,0,1
0902-XKXPN,0,1.4915401492833,-1.48104973706698,-0.399723235423216,1,1,1,1,0,0,0,1,1,0,1,0,1,0,1,0,1,0,1,0,0,1,0,0,0,0,0
5177-RVZNU,0,0.188488510242327,-1.47772614306665,-0.673926305634301,0,0,1,1,0,0,0,1,1,0,1,0,1,0,1,0,1,0,1,0,1,0,0,0,0,0,0
0056-EPFBG,0,-0.503757672998189,-0.84291968900319,-0.643022723417628,1,1,1,0,1,0,0,0,0,1,0,0,0,1,0,1,0,0,0,0,0,1,1,1,0,0,0
8993-IZEUX,0,-1.03312240135858,0.145849526095653,-0.791691027867125,1,0,0,1,0,0,1,0,0,0,0,0,0,0,0,0,0,0,0,0,0,0,0,0,0,0,0
8696-JKZNU,1,0.188488510242327,0.381824700119243,0.247066666384465,0,0,0,1,0,1,1,0,0,0,0,0,0,0,0,0,0,0,0,0,0,0,1,0,1,0,1
5380-AFSSK,0,-1.11456312879864,0.968439041177884,-0.79248569140984,0,0,0,1,0,1,1,0,0,0,0,0,0,0,0,0,0,1,0,1,0,0,1,0,0,1,1
8190-ZTQFB,0,0.351369965122448,-0.445750205963487,-0.0913054849008135,1,0,0,0,1,0,0,0,0,0,0,0,0,1,0,0,0,1,0,1,1,0,1,0,1,0,0
0931-MHTEM,0,0.880734693482843,1.17284007219832,1.33226802991026,0,0,0,1,0,0,1,0,0,1,0,1,0,0,0,0,0,1,0,1,1,0,1,1,0,0,0
2055-PDADH,1,-1.1960038562387,0.187394451099807,-0.917049201730332,0,0,0,1,0,0,1,0,0,0,0,0,0,0,0,0,0,0,0,0,0,0,1,0,1,0,1
7515-LODFU,1,1.4915401492833,-1.47772614306665,-0.408641126291456,1,0,0,1,0,0,0,1,1,0,1,0,1,0,1,0,1,0,1,0,0,1,0,1,0,0,0
0440-UEDAI,0,0.840014329762813,0.986718808179712,1.21885188317506,0,0,0,1,0,0,1,0,0,0,0,1,0,1,0,1,0,0,0,1,1,0,1,1,0,0,0
1337-BOZWO,0,-0.58519840043825,-0.610268108979933,-0.64876196011501,1,1,1,0,1,0,0,0,0,0,0,1,0,1,0,0,0,1,0,0,1,0,0,1,0,0,0
0868-VJRDR,0,1.28793833068315,1.30578383221161,1.9087964301496,1,1,0,1,0,0,1,0,0,1,0,1,0,0,0,1,0,1,0,1,0,1,1,1,0,0,0
8714-EUHJO,0,-0.0558336720778551,0.877040206168748,0.315010399286551,0,1,1,1,0,1,1,0,0,0,0,1,0,0,0,0,0,0,0,1,0,0,1,0,1,0,1
6344-SFJVH,0,-0.503757672998189,-1.32484081905137,-0.784053428262148,0,0,0,0,1,0,0,0,0,0,0,0,0,0,0,0,0,0,0,0,0,0,0,1,0,0,0
3950-VPYJB,0,1.00289578464293,-0.171553700936076,0.541908914718829,1,1,1,1,0,0,0,0,0,1,0,1,0,0,0,1,0,0,0,0,1,0,0,0,0,1,0
8041-TMEID,1,1.24721796696312,1.45368376522639,2.07936212999834,1,1,0,1,0,1,1,0,0,1,0,1,0,1,0,0,0,1,0,1,0,1,0,1,0,0,0
7321-ZNSLA,0,-0.788800219038401,-0.804698357999369,-0.746792537703758,1,1,1,0,1,0,0,0,0,1,0,1,0,0,0,1,0,0,0,0,0,1,0,0,0,1,0
6941-KXRRV,1,0.636412511162661,-0.193157061938236,0.224175941556829,0,1,0,1,0,0,0,0,0,0,0,1,0,0,0,0,0,0,0,1,1,0,1,0,0,0,0
3721-CNEYS,0,-1.23672421995873,0.205674218101634,-0.94651797477266,0,0,0,1,0,0,1,0,0,0,0,0,0,0,0,0,0,0,0,0,0,0,1,0,1,0,1
8727-JQFHV,0,1.00289578464293,-1.46276997006515,-0.511572129060277,1,1,1,1,0,0,0,1,1,0,1,0,1,0,1,0,1,0,1,0,0,1,0,0,0,1,0
9475-NNDGC,0,1.57298087672336,1.60823088624184,2.50377868376976,1,1,0,1,0,1,1,0,0,0,0,1,0,1,0,1,0,1,0,1,1,0,1,0,0,0,0
1355-KUSBG,0,-1.03312240135858,-0.530501852971959,-0.852990490592627,0,1,1,1,0,1,0,0,0,0,0,0,0,0,0,0,0,0,0,0,0,0,0,0,1,0,0
3688-FTHLT,0,-0.66663912787831,-0.0568897079246138,-0.536339142808211,0,0,0,1,0,1,0,0,0,0,0,0,0,0,0,0,0,0,0,1,0,0,1,0,0,0,0
0899-LIIBW,0,0.066327419082236,1.19942882420097,0.549811402171378,1,1,0,1,0,1,1,0,0,0,0,0,0,1,0,0,0,1,0,1,0,0,0,0,1,0,0
2568-OIADY,0,0.188488510242327,1.15456030519649,0.653426698546425,0,1,0,1,0,1,1,0,0,0,0,0,0,1,0,0,0,1,0,1,0,0,1,0,1,0,1
1384-RCUXW,0,-0.66663912787831,0.524739242133529,-0.456056051006752,1,0,0,1,0,1,1,0,0,0,0,1,0,0,0,0,0,0,0,0,0,0,1,0,0,1,0
5825-XJOCM,0,0.636412511162661,-0.0120211889201282,0.332625441150055,1,0,1,1,0,1,0,0,0,1,0,1,0,1,0,0,0,0,0,0,1,0,1,0,0,0,0
6848-YLDFR,0,1.04361614836296,0.346926963115754,0.891295985665621,1,1,1,1,0,0,0,0,0,0,0,1,0,0,0,1,0,1,0,1,1,0,1,1,0,0,0
8125-QPFJD,0,1.61370124044339,0.669315581147982,1.67028699739877,0,1,0,1,0,1,0,0,0,1,0,0,0,1,0,1,0,1,0,1,0,1,1,0,0,0,0
2320-YKQBO,0,-1.03312240135858,-1.51096208306997,-0.943427616550993,0,0,0,1,0,0,0,1,1,0,1,0,1,0,1,0,1,0,1,0,0,0,0,0,0,1,0
1193-RTSLK,0,0.229208873962357,0.63607964114466,0.420148800785135,0,0,0,1,0,0,1,0,0,1,0,1,0,1,0,0,0,0,0,0,0,0,1,1,0,0,1
2302-ANTDP,1,0.636412511162661,1.75114542825613,1.39374408453414,0,1,0,1,0,1,1,0,0,1,0,1,0,1,0,1,0,1,0,1,0,0,0,0,1,0,1
5923-GXUOC,0,-0.910961310198492,1.31741641121277,-0.529981834466495,1,0,0,1,0,0,1,0,0,1,0,1,0,1,0,0,0,1,0,1,0,0,1,0,1,0,1
4973-RLZVI,0,-0.0965540357978854,0.328647196113927,0.0117800357790906,0,0,0,1,0,0,0,0,0,1,0,1,0,1,0,1,0,1,0,0,1,0,0,1,0,0,0
7869-ZYDST,0,-0.0558336720778551,-0.189833467937904,-0.176202040047475,1,1,0,1,0,1,0,0,0,0,0,0,0,0,0,0,0,1,0,0,0,0,1,1,0,0,0
4501-UYKBC,1,0.5549717837226,0.144187729095487,0.429750985259601,0,0,0,1,0,1,0,0,0,0,0,0,0,1,0,1,0,0,0,1,1,0,1,1,0,0,0
1215-EXRMO,0,0.717853238602722,-1.46941715806582,-0.536074254960639,1,1,0,1,0,0,0,1,1,0,1,0,1,0,1,0,1,0,1,0,0,1,0,0,0,1,0
2305-MRGLV,0,-0.177994763237946,0.39179548212024,-0.0955878384365525,1,1,0,1,0,0,1,0,0,0,0,0,0,0,0,1,0,0,0,0,0,0,0,0,0,0,0
8404-VIOMB,0,1.36937905812321,-0.075169474926441,0.818716715431033,0,0,0,0,1,0,0,0,0,1,0,1,0,1,0,1,0,1,0,1,0,1,1,0,0,0,0
5233-GEEAX,1,-0.992402037638553,-1.17527908903642,-0.909455750099949,1,0,0,0,1,0,0,0,0,0,0,0,0,1,0,0,0,0,0,0,0,0,1,0,1,0,1
2359-KLTEK,0,0.351369965122448,1.00167498118121,0.691393956698338,0,1,1,1,0,0,1,0,0,0,0,0,0,1,0,0,0,1,0,1,0,0,1,0,0,0,0
5304-EFJLP,1,1.61370124044339,1.55837697623686,2.53450567408805,1,1,0,1,0,1,1,0,0,0,0,1,0,1,0,1,0,1,0,1,0,1,1,0,0,0,0
2673-ZALNP,0,-1.03312240135858,-1.49102051906798,-0.930977887715133,0,0,0,1,0,0,0,1,1,0,1,0,1,0,1,0,1,0,1,0,1,0,0,0,0,1,0
9184-GALIL,0,0.229208873962357,-1.47274075206615,-0.66251405420143,0,1,1,1,0,0,0,1,1,0,1,0,1,0,1,0,1,0,1,0,0,0,0,0,0,1,0
4393-RYCRE,0,0.473531056282539,1.37225571221825,0.984006732315642,1,0,0,1,0,0,1,0,0,1,0,1,0,1,0,0,0,1,0,1,1,0,1,0,1,0,0
9746-MDMBK,0,0.595692147442631,1.61820166824284,1.34028088729929,1,1,1,1,0,1,1,0,0,1,0,1,0,1,0,1,0,1,0,1,1,0,1,0,0,0,0
3162-ZJZFU,0,0.840014329762813,0.923570522173399,1.10261026606578,1,1,1,1,0,0,1,0,0,0,0,1,0,0,0,1,0,1,0,0,0,0,1,0,1,0,0
8404-GFGCZ,0,-1.15528349251868,0.0278619390838584,-0.89700602126409,1,1,0,1,0,1,0,0,0,0,0,0,0,1,0,0,0,1,0,0,0,0,0,0,1,0,0
8875-AKBYH,1,-0.503757672998189,0.651035814146155,-0.236949653090537,1,0,0,1,0,1,1,0,0,0,0,0,0,0,0,0,0,1,0,0,0,0,1,0,1,0,0
4432-ADRLB,0,-1.23672421995873,-0.668431003985747,-0.974353272754964,1,0,0,1,0,0,0,0,0,0,0,0,0,0,0,0,0,0,0,0,0,0,0,0,0,1,1
0533-UCAAU,1,1.00289578464293,0.210659609102132,0.820350190491058,1,1,0,1,0,1,0,0,0,0,0,1,0,1,0,0,0,1,0,0,1,0,1,1,0,0,0
1394-SUIUH,1,0.473531056282539,0.677624566148813,0.613031301791773,0,1,0,1,0,0,1,0,0,1,0,1,0,0,0,1,0,0,0,0,0,0,1,0,1,0,0
3521-MNKLV,0,-0.340876218118068,-0.500589506968969,-0.491860058403499,1,0,0,1,0,0,0,0,0,0,0,0,0,1,0,0,0,0,0,0,0,0,1,0,0,1,0
2533-TIBIX,0,-0.707359491598341,-1.14869033703376,-0.800079143040223,1,1,1,0,1,0,0,0,0,1,0,0,0,0,0,0,0,0,0,0,0,0,1,0,0,0,0
8993-PHFWD,0,-1.1960038562387,-1.3132082400502,-0.981416948690204,0,0,0,0,1,0,0,0,0,0,0,0,0,0,0,0,0,0,0,0,0,0,0,0,1,0,1
1565-RHDJD,0,-1.15528349251868,0.641065032145158,-0.860164536464355,0,0,1,1,0,1,1,0,0,0,0,1,0,1,0,0,0,0,0,0,0,0,0,0,0,0,1
7137-RYLPP,1,0.188488510242327,0.69590433315064,0.392578390650402,1,1,0,1,0,1,1,0,0,0,0,0,0,0,0,0,0,1,0,0,0,0,1,0,1,0,1
3765-JXVKY,0,-1.27744458367877,0.330308993114093,-0.974441568704155,0,0,0,1,0,0,1,0,0,0,0,1,0,0,0,0,0,0,0,0,0,0,1,0,1,0,1
5092-STPKP,0,-0.340876218118068,-0.279570505946874,-0.397648280617239,0,0,0,1,0,0,0,0,0,1,0,0,0,0,0,1,0,0,0,0,0,0,0,1,0,0,0
7330-WZLNC,0,-1.11456312879864,0.865407627167585,-0.80632608144545,0,0,0,1,0,1,1,0,0,0,0,1,0,0,0,0,0,1,0,0,0,0,1,0,1,0,1
0114-PEGZZ,0,0.0256070553622056,1.42210962222324,0.601994308142961,0,0,0,1,0,1,1,0,0,0,0,1,0,1,0,0,0,1,0,1,0,0,0,0,1,0,0
3359-DSRKA,0,1.04361614836296,-1.49268231606814,-0.495811302129773,0,1,1,1,0,0,0,1,1,0,1,0,1,0,1,0,1,0,1,0,0,1,1,0,0,1,0
8639-NHQEI,0,1.61370124044339,1.03491092118453,2.06269626958863,0,1,1,1,0,1,1,0,0,1,0,1,0,0,0,0,0,1,0,0,0,1,1,0,0,0,0
7161-DFHUF,0,1.57298087672336,-1.35973855605485,-0.269221822519663,0,1,0,1,0,1,0,1,1,0,1,0,1,0,1,0,1,0,1,0,0,1,0,0,0,1,0
3957-LXOLK,1,-0.177994763237946,1.37557930621859,0.384344793388389,0,0,0,1,0,1,1,0,0,0,0,1,0,1,0,0,0,1,0,1,0,0,1,0,1,0,1
3720-DBRWL,0,0.758573602322752,0.634417844144493,0.894077308065122,1,1,0,1,0,0,0,0,0,1,0,1,0,1,0,1,0,1,0,1,0,1,1,1,0,0,0
6635-MYYYZ,0,-0.0965540357978854,0.684271754149477,0.109700243431351,0,0,0,1,0,0,0,0,0,1,0,1,0,1,0,1,0,1,0,1,1,0,0,0,0,0,1
8565-WUXZU,1,1.61370124044339,0.66599198714765,1.70399397600224,1,1,0,1,0,0,1,0,0,1,0,1,0,0,0,1,0,0,0,0,0,1,1,1,0,0,0
5281-BUZGT,1,0.147768146522297,0.867069424167751,0.399443400699963,1,0,0,1,0,1,1,0,0,1,0,0,0,0,0,0,0,1,0,0,0,0,1,0,1,0,1
4994-OBRSZ,0,-0.748079855318371,0.376839309118744,-0.541747269696129,1,0,1,1,0,0,0,0,0,1,0,1,0,1,0,1,0,0,0,1,0,1,0,0,0,0,0
0562-FGDCR,0,1.61370124044339,0.325323602113595,1.39010187663003,0,1,1,1,0,1,0,0,0,1,0,1,0,0,0,1,0,1,0,0,0,1,0,0,0,1,0
2436-QBZFP,0,-0.422316945558128,-0.849566877003854,-0.632206469641792,0,1,1,0,1,0,0,0,0,0,0,1,0,0,0,0,0,1,0,0,0,0,0,0,1,0,0
3420-YJLQT,0,-1.23672421995873,0.491503302130207,-0.940425554278516,0,0,0,1,0,1,1,0,0,0,0,1,0,0,0,0,0,0,0,0,0,0,0,0,1,0,0
6040-CGACY,0,-0.707359491598341,-1.50099130106898,-0.875241069788632,0,0,0,1,0,0,0,1,1,0,1,0,1,0,1,0,1,0,1,0,0,0,0,0,0,1,0
6582-PLFUU,0,0.758573602322752,-1.50265309806914,-0.527641991812947,1,1,1,1,0,0,0,1,1,0,1,0,1,0,1,0,1,0,1,0,0,1,0,1,0,0,0
8242-PDSGJ,0,1.53226051300333,-0.851228674004021,0.181374480186736,1,1,0,0,1,0,0,0,0,1,0,0,0,1,0,1,0,0,0,0,0,1,1,1,0,0,0
0264-CNITK,0,1.57298087672336,-1.48437333106731,-0.393939850751239,0,1,1,1,0,0,0,1,1,0,1,0,1,0,1,0,1,0,1,0,0,1,0,0,0,0,0
0089-IIQKO,0,0.269929237682388,1.16951647819798,0.655810689174569,0,1,1,1,0,1,1,0,0,0,0,0,0,0,0,1,0,1,0,1,0,0,1,1,0,0,0
7839-NUIAA,0,1.16577723952306,-0.164906512935412,0.600228389159151,0,1,1,1,0,1,0,0,0,1,0,1,0,0,0,0,0,0,0,0,0,0,0,0,1,0,0
6075-QMNRR,0,0.799293966042782,-0.498927709968802,0.111973864123006,0,0,0,1,0,0,0,0,0,1,0,0,0,0,0,0,0,0,0,0,0,0,1,0,0,0,0
5378-IKEEG,0,-1.27744458367877,-0.964230870015317,-0.991637204809004,0,0,0,0,1,0,0,0,0,0,0,0,0,0,0,0,0,1,0,0,0,0,1,0,1,0,1
5966-EMAZU,0,1.28793833068315,1.45368376522639,2.03033580421032,1,1,0,1,0,1,1,0,0,1,0,0,0,1,0,1,0,1,0,1,1,0,1,0,0,1,0
0440-EKDCF,0,1.20649760324309,-0.153273933934249,0.649541676782043,1,1,0,1,0,0,0,0,0,0,0,1,0,1,0,1,0,0,0,0,0,1,1,1,0,0,0
4774-HHGGS,0,-0.0965540357978854,-1.5192710680708,-0.725954693694801,1,1,0,1,0,0,0,1,1,0,1,0,1,0,1,0,1,0,1,0,0,1,0,0,0,1,0
2718-GAXQD,1,-1.15528349251868,-0.623562484981262,-0.927247383861834,0,1,1,1,0,0,0,0,0,0,0,0,0,0,0,0,0,0,0,0,0,0,0,0,1,0,1
2055-BFOCC,1,1.24721796696312,0.639403235144992,1.34546827431423,1,1,0,1,0,0,0,0,0,1,0,1,0,1,0,1,0,1,0,1,1,0,1,0,0,0,0
8180-AKMJV,0,-1.27744458367877,-0.671754597986079,-0.987752183044622,0,0,0,1,0,0,0,0,0,0,0,0,0,0,0,0,0,0,0,0,0,0,1,1,0,0,0
4298-OYIFC,0,-0.707359491598341,1.28584226820961,-0.327629592909176,1,1,0,1,0,1,1,0,0,0,0,0,0,1,0,1,0,1,0,1,0,0,1,0,1,0,0
5566-SOEZD,0,-0.218715126957977,0.528062836133862,-0.031860237108312,1,1,1,1,0,0,1,0,0,1,0,1,0,0,0,0,0,0,0,0,1,0,1,1,0,0,0
9842-EFSYY,0,-1.15528349251868,-0.25131995694405,-0.908639012569937,0,0,1,0,1,0,0,0,0,1,0,1,0,1,0,0,0,1,0,1,0,0,1,0,0,1,0
2272-WUSPA,0,1.61370124044339,1.52846463023387,2.41479844097303,0,1,0,1,0,1,1,0,0,1,0,1,0,1,0,0,0,1,0,1,0,1,1,0,1,0,0
4584-LBNMK,1,0.51425142000257,-1.33148800705203,-0.48896836606751,1,1,0,1,0,1,0,1,1,0,1,0,1,0,1,0,1,0,1,0,1,0,0,1,0,0,0
3898-GUYTS,1,0.51425142000257,1.07313225218835,0.928490654262118,0,0,0,1,0,1,1,0,0,1,0,1,0,0,0,1,0,1,0,0,0,0,1,0,1,0,0
0930-EHUZA,0,0.147768146522297,0.385148294119575,0.143230630136441,0,0,0,1,0,0,0,0,0,1,0,1,0,1,0,1,0,1,0,0,1,0,1,0,0,1,0
6413-XKKPU,0,-0.62591876415828,0.818877311162933,-0.327784110820259,1,1,1,1,0,0,1,0,0,1,0,0,0,1,0,0,0,1,0,0,0,0,1,0,1,0,1
9975-SKRNR,0,-1.27744458367877,-1.5242564590713,-0.999076138528303,1,0,0,1,0,0,0,1,1,0,1,0,1,0,1,0,1,0,1,0,0,0,0,0,0,1,0
3703-KBKZP,1,-0.66663912787831,0.322000008113263,-0.450559628169644,1,0,0,1,0,1,1,0,0,0,0,0,0,0,0,0,0,0,0,0,0,0,1,0,0,0,0
1449-XQEMT,0,-1.1960038562387,-1.49434411306831,-0.981748058499668,1,0,0,1,0,0,0,1,1,0,1,0,1,0,1,0,1,0,1,0,0,0,1,0,0,1,1
2626-URJFX,0,-1.15528349251868,-0.460706378964982,-0.907822275039925,1,1,1,1,0,1,0,0,0,0,0,0,0,0,0,0,0,0,0,0,0,0,1,0,1,0,1
4973-MGTON,0,1.57298087672336,0.652697611146321,1.62790494178733,0,1,0,1,0,0,0,0,0,1,0,1,0,1,0,1,0,1,0,1,0,1,1,1,0,0,0
3682-YEUWS,0,-0.910961310198492,-1.34145878905303,-0.89532839822947,1,1,1,1,0,1,0,1,1,0,1,0,1,0,1,0,1,0,1,0,0,0,1,0,0,1,0
1223-UNPKS,0,-0.503757672998189,-1.48603512806748,-0.830828207345813,1,1,1,1,0,0,0,1,1,0,1,0,1,0,1,0,1,0,1,0,0,1,0,0,0,1,0
2612-RRIDN,0,-1.15528349251868,0.539695415135025,-0.856941734318902,1,0,0,1,0,0,1,0,0,0,0,0,0,0,0,0,0,1,0,0,0,0,1,0,1,0,1
4735-ASGMA,0,-0.259435490678007,1.11633897419267,0.103033899267468,1,0,0,1,0,1,1,0,0,0,0,0,0,1,0,0,0,1,0,1,0,0,1,0,1,0,1
3446-QDSZF,0,-1.15528349251868,-0.307821054949698,-0.907049685484508,0,0,0,1,0,0,0,0,0,0,0,0,0,0,0,0,0,1,0,0,0,0,0,1,0,0,0
3669-LVWZB,0,-1.11456312879864,-0.457382784964649,-0.872349377452644,1,0,0,0,1,0,0,0,0,0,0,1,0,0,0,0,0,1,0,1,0,0,1,0,0,1,1
6892-EZDTG,0,-1.15528349251868,0.893658176170409,-0.846103406555769,0,1,0,1,0,1,1,0,0,0,0,1,0,0,0,0,0,1,0,0,0,0,1,0,1,0,1
5117-IFGPS,1,-0.137274399517916,0.649374017145989,0.033478765292655,1,1,0,1,0,1,1,0,0,0,0,0,0,0,0,0,0,0,0,1,0,0,1,0,1,0,0
7379-FNIUJ,0,-1.23672421995873,1.17782546319882,-0.919786376155238,1,0,0,1,0,0,1,0,0,1,0,1,0,0,0,0,0,1,0,1,0,0,0,0,1,0,0
1627-AFWVJ,0,-0.137274399517916,-1.50763848906964,-0.762729956532643,0,0,0,1,0,0,0,1,1,0,1,0,1,0,1,0,1,0,1,0,0,1,0,0,0,1,0
9725-SCPZG,0,-1.27744458367877,0.867069424167751,-0.967311670807022,1,0,1,1,0,0,1,0,0,0,0,0,0,0,0,0,0,1,0,1,0,0,1,0,1,0,1
5884-GCYMI,0,-1.27744458367877,0.154158511096484,-0.976781411357703,1,0,0,1,0,0,1,0,0,0,0,0,0,0,0,0,0,0,0,0,0,0,0,0,0,1,1
3217-FZDMN,1,-0.992402037638553,0.986718808179712,-0.67942272847141,0,0,0,1,0,0,1,0,0,0,0,0,0,1,0,0,0,1,0,1,0,0,1,1,0,0,1
4486-EFAEB,0,-0.788800219038401,-1.47440254906632,-0.896321727657863,1,0,0,1,0,0,0,1,1,0,1,0,1,0,1,0,1,0,1,0,0,0,1,0,1,0,0
0060-FUALY,0,1.084336512083,0.996689590180708,1.46382899420409,0,1,0,1,0,1,1,0,0,1,0,1,0,0,0,0,0,1,0,0,0,0,1,0,1,0,0
7853-GVUDZ,0,-1.27744458367877,-1.48271153406715,-0.998524288845862,0,1,1,1,0,0,0,1,1,0,1,0,1,0,1,0,1,0,1,0,0,0,1,1,0,0,1
7480-QNVZJ,1,0.717853238602722,1.02826373318387,1.11905538660251,1,0,0,1,0,1,1,0,0,0,0,0,0,0,0,0,0,1,0,1,0,0,1,0,1,0,1
6954-OOYZZ,0,-0.58519840043825,-0.678401785986744,-0.668341586848002,1,1,0,1,0,0,0,0,0,0,0,0,0,0,0,0,0,0,0,0,0,0,1,0,0,0,0
7088-FBAWU,0,-0.62591876415828,0.325323602113595,-0.47066903059778,0,1,1,1,0,0,0,0,0,1,0,1,0,0,0,0,0,1,0,1,0,0,0,0,0,1,0
8313-AFGBW,0,0.595692147442631,0.293749459110438,0.547758521352699,1,1,0,1,0,0,0,0,0,0,0,1,0,1,0,0,0,1,0,1,0,1,0,0,1,0,0
3943-KDREE,0,-0.259435490678007,0.338617978114924,-0.197326845891302,0,0,0,1,0,1,1,0,0,0,0,0,0,0,0,0,0,0,0,0,0,0,1,0,0,0,1
9239-ZBZZV,0,-1.07384276507861,-0.558752401974783,-0.872724635236703,0,0,0,0,1,0,0,0,0,0,0,0,0,1,0,0,0,1,0,1,0,0,1,0,1,0,1
3097-IDVPU,0,-0.544478036718219,-0.487295130967639,-0.605474871024369,1,1,1,1,0,1,0,0,0,0,0,0,0,0,0,0,0,0,0,0,0,0,0,1,0,0,0
4398-HSCJH,0,-1.1960038562387,-0.0386099409227863,-0.938703783269301,0,0,0,1,0,1,0,0,0,0,0,0,0,0,0,1,0,1,0,0,0,0,1,0,1,0,1
2197-OMWGI,1,1.45081978556327,-0.390910904958005,0.60674021541195,0,1,1,0,1,0,0,0,0,0,0,1,0,1,0,0,0,1,0,1,0,1,1,0,1,0,0
2303-PJYHN,0,-1.23672421995873,-1.49268231606814,-0.984463158937276,0,1,0,1,0,0,0,1,1,0,1,0,1,0,1,0,1,0,1,0,0,0,0,0,0,0,0
9795-VOWON,0,-1.03312240135858,-1.34312058605319,-0.940822886049873,1,0,0,0,1,0,0,0,0,0,0,0,0,0,0,0,0,0,0,0,1,0,1,1,0,0,0
1237-WIYYZ,0,-0.58519840043825,-1.50265309806914,-0.835574114614802,0,0,0,1,0,0,0,1,1,0,1,0,1,0,1,0,1,0,1,0,0,0,1,0,0,1,0
1987-AUELQ,0,1.57298087672336,-1.31985542805087,-0.180219505735643,0,1,0,1,0,1,0,1,1,0,1,0,1,0,1,0,1,0,1,0,0,1,0,1,0,0,0
7852-LECYP,1,-0.788800219038401,0.965115447177552,-0.450714146080728,1,1,0,1,0,1,1,0,0,1,0,1,0,0,0,0,0,0,0,1,0,0,0,1,0,0,0
4430-UZIPO,0,-1.1960038562387,-0.927671336011662,-0.95943125734177,1,0,0,0,1,0,0,0,0,0,0,1,0,0,0,1,0,0,0,0,0,0,1,0,0,1,1
4822-LPTYJ,0,1.61370124044339,1.29581305021061,2.2357784039893,1,1,0,1,0,1,1,0,0,0,0,1,0,1,0,0,0,1,0,1,0,1,1,0,0,0,0
8165-CBKXO,0,1.36937905812321,-0.266276129945545,0.629763384163372,1,1,1,0,1,0,0,0,0,0,0,1,0,1,0,0,0,1,0,1,0,1,1,1,0,0,0
6527-PZFPV,0,-0.340876218118068,-1.46110817306499,-0.800079143040223,1,1,1,1,0,0,0,1,1,0,1,0,1,0,1,0,1,0,1,0,1,0,1,1,0,0,0
4855-SNKMY,0,-1.27744458367877,-0.686710770987574,-0.9879508489303,0,0,0,1,0,0,0,0,0,0,0,0,0,0,0,0,0,0,0,0,0,0,1,0,1,0,1
9593-CVZKR,0,0.962175420922904,-1.33979699205286,-0.39559539979856,0,1,1,1,0,1,0,1,1,0,1,0,1,0,1,0,1,0,1,0,0,1,1,0,0,1,0
8595-SIZNC,1,-0.422316945558128,-1.30157566104904,-0.765136021148084,0,1,0,1,0,1,0,1,1,0,1,0,1,0,1,0,1,0,1,0,1,0,0,0,0,0,0
8008-HAWED,0,-0.748079855318371,-0.46569176996548,-0.692755416799175,1,0,0,0,1,0,0,0,0,0,0,0,0,1,0,0,0,1,0,1,0,0,1,0,1,0,1
7124-UGSUR,1,1.16577723952306,1.31741641121277,1.82025766709883,0,1,0,1,0,1,1,0,0,0,0,1,0,1,0,0,0,1,0,1,1,0,1,1,0,0,1
1862-SKORY,1,0.310649601402418,-0.846243283003522,-0.284541169704214,0,1,0,0,1,0,0,0,0,0,0,1,0,0,0,0,0,1,0,0,0,0,1,0,1,0,1
5236-XMZJY,0,0.392090328842479,-0.16989190393591,0.112415343868959,0,0,0,1,0,0,0,0,0,1,0,1,0,1,0,0,0,0,0,0,0,0,0,0,0,0,0
4827-DPADN,0,1.61370124044339,0.616138077142666,1.66030955514025,0,1,1,1,0,1,0,0,0,1,0,0,0,1,0,1,0,1,0,1,0,1,1,0,0,0,0
2694-CIUMO,0,-0.829520582758432,0.491503302130207,-0.584372139167841,0,0,0,1,0,1,1,0,0,0,0,0,0,0,0,1,0,0,0,0,0,0,1,1,0,0,0
5846-ABOBJ,0,1.57298087672336,-1.33979699205286,-0.243373183394145,1,1,0,1,0,1,0,1,1,0,1,0,1,0,1,0,1,0,1,0,0,1,0,0,0,0,0
1439-LCGVL,0,-0.259435490678007,-1.5142856770703,-0.804516014487045,0,1,0,1,0,0,0,1,1,0,1,0,1,0,1,0,1,0,1,0,1,0,0,0,0,1,0
0909-SDHNU,0,-1.03312240135858,-1.16198471303509,-0.918263271031701,0,0,1,0,1,0,0,0,0,1,0,0,0,0,0,0,0,0,0,0,0,0,0,0,0,1,0
4647-XXZAM,0,-1.07384276507861,-0.640180454982923,-0.881510082181157,0,1,1,1,0,0,0,0,0,0,0,0,0,0,0,0,0,0,0,0,0,0,0,0,0,1,0
1502-XFCVR,0,1.04361614836296,1.38555008821958,1.70584819093524,0,0,0,1,0,0,1,0,0,1,0,1,0,1,0,0,0,1,0,1,1,0,1,0,1,0,1
7740-KKCXF,0,0.758573602322752,-1.15367572803426,-0.332198908279784,1,1,0,0,1,0,0,0,0,0,0,1,0,0,0,0,0,0,0,0,0,0,1,1,0,0,0
5360-XGYAZ,0,1.61370124044339,0.0295237360840249,1.05186216926854,1,1,1,0,1,0,0,0,0,1,0,1,0,1,0,1,0,1,0,1,0,1,1,0,0,0,0
9692-TUSXH,0,-0.58519840043825,1.03989631218503,-0.238936311947323,0,0,0,1,0,0,1,0,0,1,0,0,0,0,0,0,0,1,0,1,0,0,1,0,1,0,1
7912-SYRQT,0,-1.03312240135858,0.343603369115422,-0.763303880202381,0,0,0,1,0,1,1,0,0,0,0,0,0,0,0,0,0,0,0,0,0,0,1,0,0,0,1
3557-HTYWR,0,0.595692147442631,0.308705632111933,0.536125530046851,0,0,0,1,0,1,0,0,0,1,0,1,0,0,0,1,0,0,0,1,0,1,0,0,0,1,0
4816-JBHOV,1,-1.23672421995873,-0.666769206985581,-0.966053453531057,1,0,0,1,0,0,0,0,0,0,0,0,0,0,0,0,0,0,0,0,0,0,1,0,1,0,1
8920-NAVAY,1,1.20649760324309,1.52846463023387,2.10649106038712,1,0,0,1,0,1,1,0,0,0,0,1,0,1,0,1,0,1,0,1,1,0,1,0,0,0,0
1699-TLDLZ,0,-0.66663912787831,-1.49766770706864,-0.874291888334834,0,1,1,1,0,0,0,1,1,0,1,0,1,0,1,0,1,0,1,0,0,1,0,0,0,1,0
5600-PDUJF,0,-1.07384276507861,-0.507236694969633,-0.869369389167464,1,0,0,1,0,0,0,0,0,0,0,0,0,0,0,1,0,0,0,0,0,0,1,1,0,0,0
8292-TYSPY,0,-0.544478036718219,-0.32443902495136,-0.545411551587534,1,0,0,1,0,0,0,0,0,0,0,0,0,1,0,1,0,0,0,0,0,0,1,1,0,0,1
0567-XRHCU,0,1.4915401492833,-0.691696161988073,0.299404090267131,0,1,1,0,1,0,0,0,0,1,0,0,0,1,0,0,0,0,0,1,0,1,1,1,0,0,0
1867-BDVFH,0,-0.870240946478462,0.31867641411293,-0.639137701653246,1,1,1,1,0,1,1,0,0,0,0,0,0,0,0,0,0,0,0,0,0,0,1,0,1,0,1
2067-QYTCF,0,1.28793833068315,1.5417590062352,2.06236515977917,0,1,0,1,0,1,1,0,0,0,0,1,0,1,0,1,0,1,0,1,0,0,1,0,1,0,0
2359-QWQUL,0,0.269929237682388,1.32738719321377,0.818032421824807,0,1,0,1,0,0,1,0,0,1,0,0,0,1,0,1,0,1,0,1,1,0,1,1,0,0,1
9103-TCIHJ,0,-0.707359491598341,-0.301173866949034,-0.610176630318763,0,0,0,1,0,1,0,0,0,1,0,0,0,0,0,0,0,0,0,0,0,0,1,0,0,1,1
7407-SUJIZ,0,-0.300155854398037,-1.46775536106565,-0.768358823293537,1,0,0,1,0,0,0,1,1,0,1,0,1,0,1,0,1,0,1,0,0,0,0,0,0,1,0
9150-KPBJQ,0,-1.07384276507861,-1.49932950406881,-0.955833197412257,0,0,0,1,0,0,0,1,1,0,1,0,1,0,1,0,1,0,1,0,0,1,0,1,0,0,0
0052-DCKON,0,1.36937905812321,1.69630612725065,2.49887825858969,1,1,0,1,0,1,1,0,0,1,0,1,0,1,0,1,0,1,0,1,1,0,0,0,0,0,0
3654-ARMGP,0,1.16577723952306,0.793950356160442,1.34180399242283,0,0,0,1,0,1,0,0,0,0,0,1,0,1,0,1,0,1,0,1,0,1,0,1,0,0,0
9699-UBQFS,1,0.432810692562509,0.988380605179878,0.827722902248464,0,1,0,1,0,1,1,0,0,1,0,1,0,0,0,0,0,1,0,0,0,0,1,0,1,0,0
9367-TCUYN,0,-0.829520582758432,-1.48437333106731,-0.90870523453183,0,0,0,1,0,0,0,1,1,0,1,0,1,0,1,0,1,0,1,0,0,0,0,0,0,1,0
1261-FWTTE,1,-0.381596581838098,-1.00079040401897,-0.668164994949621,1,0,0,0,1,0,0,0,0,0,0,0,0,0,0,0,0,0,0,1,0,0,1,0,0,0,0
3528-HFRIQ,1,1.57298087672336,-0.41417606296033,0.65477321177158,1,1,0,0,1,0,0,0,0,0,0,1,0,1,0,0,0,1,0,1,0,0,1,0,0,0,0
0708-SJDIS,0,0.066327419082236,0.00792037508186511,-0.0549275538343291,0,0,0,1,0,1,0,0,0,0,0,0,0,0,0,1,0,1,0,0,0,0,0,0,0,1,0
4140-WJAWW,0,-1.11456312879864,-1.49268231606814,-0.959718219176639,0,0,0,1,0,0,0,1,1,0,1,0,1,0,1,0,1,0,1,0,0,0,0,1,0,0,1
2073-QBVBI,0,0.351369965122448,-0.974201652016314,-0.393034817272036,0,1,0,0,1,0,0,0,0,0,0,1,0,0,0,1,0,0,0,0,1,0,0,0,0,1,0
6928-ONTRW,0,1.61370124044339,-1.49766770706864,-0.398266352261573,0,1,1,1,0,0,0,1,1,0,1,0,1,0,1,0,1,0,1,0,0,1,0,1,0,0,0
3320-VEOYC,1,-0.748079855318371,1.02494013918353,-0.445283945205512,1,0,0,1,0,1,1,0,0,0,0,0,0,0,0,0,0,1,0,1,0,0,1,0,1,0,0
5231-FIQPA,0,0.351369965122448,-1.49268231606814,-0.649622845619617,0,0,0,1,0,0,0,1,1,0,1,0,1,0,1,0,1,0,1,0,0,1,1,0,0,1,0
6617-WLBQC,0,-0.381596581838098,0.567945964137848,-0.207966507768756,0,1,1,1,0,1,1,0,0,1,0,0,0,0,0,0,0,0,0,0,1,0,0,1,0,0,0
2599-CIPQE,0,1.57298087672336,1.48027251722905,2.42855053505945,1,1,1,1,0,0,1,0,0,1,0,1,0,1,0,1,0,1,0,1,0,1,0,1,0,0,0
6653-CBBOM,0,-1.27744458367877,0.184070857099474,-0.976384079586345,0,0,0,1,0,0,1,0,0,0,0,0,0,0,0,0,0,0,0,0,0,0,1,0,1,0,1
8774-GSBUN,0,1.61370124044339,-1.3082228490497,-0.214036854275603,1,1,0,1,0,1,0,1,1,0,1,0,1,0,1,0,1,0,1,0,0,1,0,0,0,1,0
7326-RIGQZ,0,-1.07384276507861,0.167452887097813,-0.84060698371866,1,1,1,1,0,0,1,0,0,0,0,0,0,0,0,0,0,0,0,0,0,0,1,0,1,0,0
1401-FTHFQ,0,-0.381596581838098,-1.48769692506765,-0.810829174854165,1,1,1,1,0,0,0,1,1,0,1,0,1,0,1,0,1,0,1,0,1,0,1,1,0,0,0
3247-ZVOUO,1,-0.910961310198492,0.690918942150142,-0.63138973211178,1,1,0,1,0,1,1,0,0,0,0,0,0,0,0,0,0,0,0,1,0,0,0,0,1,0,1
0254-FNMCI,0,1.61370124044339,1.50021408123104,2.35850977336409,0,0,0,1,0,0,1,0,0,1,0,1,0,1,0,1,0,1,0,1,0,1,1,0,1,0,0
1848-LBZHY,0,-1.03312240135858,-0.480647942966975,-0.850650647939079,0,1,0,1,0,0,0,0,0,1,0,0,0,0,0,0,0,0,0,0,0,0,1,0,0,0,0
6101-IMRMM,0,-1.07384276507861,0.988380605179878,-0.75337058591845,1,0,1,1,0,0,1,0,0,0,0,0,0,1,0,0,0,1,0,1,0,0,0,0,0,1,1
8118-TJAFG,0,-0.951681673918523,1.22103218520313,-0.607064198109798,1,1,1,1,0,0,1,0,0,0,0,1,0,0,0,1,0,1,0,1,0,0,1,0,1,0,0
5429-LWCMV,0,-0.829520582758432,0.810568326162103,-0.540533200394759,0,0,0,1,0,1,1,0,0,0,0,1,0,0,0,0,0,0,0,1,0,0,1,0,1,0,0
7298-IZWLY,0,-1.27744458367877,-1.50763848906964,-0.998855398655327,0,0,0,1,0,0,0,1,1,0,1,0,1,0,1,0,1,0,1,0,0,0,1,0,0,1,0
9758-MFWGD,1,0.636412511162661,-1.15866111903475,-0.394315108535298,0,1,1,0,1,0,0,0,0,0,0,1,0,0,0,0,0,0,0,0,1,0,0,0,0,0,0
3955-JBZZM,0,-0.503757672998189,0.466576347127715,-0.282819398694999,1,0,0,1,0,0,1,0,0,0,0,0,0,0,0,0,0,1,0,0,0,0,0,0,1,0,0
1268-ASBGA,1,-0.66663912787831,0.684271754149477,-0.400319233080252,0,1,0,1,0,1,1,0,0,0,0,0,0,0,0,0,0,0,0,1,0,0,1,1,0,0,1
8943-URTMR,0,-1.23672421995873,0.494826896130539,-0.940006148519861,0,0,0,1,0,0,1,0,0,0,0,0,0,0,0,0,0,1,0,0,0,0,1,0,0,1,1
4815-TUMEQ,0,-0.910961310198492,-1.51096208306997,-0.925658056776406,0,0,0,1,0,0,0,1,1,0,1,0,1,0,1,0,1,0,1,0,1,0,1,0,0,1,0
4713-LZDRV,1,-1.23672421995873,0.493165099130373,-0.921309481278773,0,0,0,1,0,0,1,0,0,0,0,0,0,0,0,0,0,0,0,1,0,0,1,0,1,0,1
9909-IDLEK,0,-0.503757672998189,1.06482326718752,-0.200969053795409,1,1,1,1,0,1,1,0,0,0,0,1,0,0,0,1,0,1,0,0,0,0,0,0,0,1,0
4092-OFQZS,0,-0.503757672998189,-1.46609356406549,-0.823102311791644,1,1,0,1,0,0,0,1,1,0,1,0,1,0,1,0,1,0,1,0,1,0,0,0,0,1,0
1561-BWHIN,0,-0.544478036718219,-1.49434411306831,-0.855330333246175,1,1,1,1,0,0,0,1,1,0,1,0,1,0,1,0,1,0,1,0,1,0,0,0,0,1,0
4325-NFSKC,1,-0.544478036718219,0.85876043916692,-0.274563727445688,1,0,0,1,0,1,1,0,0,1,0,0,0,0,0,0,0,1,0,0,0,0,1,0,1,0,1
9927-DSWDF,0,-0.422316945558128,1.32406359921343,-0.0447514456901244,1,1,0,1,0,0,1,0,0,1,0,1,0,0,0,1,0,1,0,1,0,0,1,0,1,0,0
9500-LTVBP,0,0.107047782802266,0.508121272131868,0.244572305819833,0,0,0,1,0,1,1,0,0,0,0,0,0,0,0,1,0,0,0,0,0,0,0,1,0,0,0
7252-NTGSS,0,-1.27744458367877,-0.651813033984086,-0.98748729519705,0,0,0,1,0,0,0,0,0,0,0,0,0,0,0,0,0,0,0,0,0,0,0,0,0,1,0
8149-AIQCG,0,0.269929237682388,0.278793286108943,0.198194858507525,1,0,0,1,0,1,1,0,0,0,0,0,0,0,0,0,0,0,0,0,0,0,1,1,0,0,0
1360-JYXKQ,1,0.880734693482843,1.14126592919516,1.39294942099143,0,1,0,1,0,0,1,0,0,0,0,0,0,1,0,1,0,1,0,1,1,0,1,0,1,0,0
2955-PSXOE,0,-1.27744458367877,-1.48104973706698,-0.998502214858565,0,0,0,1,0,0,0,1,1,0,1,0,1,0,1,0,1,0,1,0,0,0,1,0,0,0,1
7762-URZQH,0,1.36937905812321,1.37225571221825,2.07470451867854,1,1,0,1,0,1,1,0,0,1,0,0,0,1,0,0,0,1,0,1,0,1,1,1,0,0,1
0899-WZRSD,0,0.962175420922904,1.34899055421593,1.55071220820754,1,0,0,1,0,1,1,0,0,1,0,0,0,0,0,1,0,1,0,1,0,0,1,0,0,1,0
3255-GRXMG,0,-0.58519840043825,-0.635195063982425,-0.677546439551112,1,0,1,1,0,0,0,0,0,0,0,0,0,0,0,0,0,0,0,0,0,0,1,1,0,0,0
4828-FAZPK,0,-0.66663912787831,0.504797678131536,-0.447645861846358,0,1,1,1,0,1,1,0,0,0,0,1,0,0,0,0,0,0,0,0,0,0,1,1,0,0,0
6094-ZIVKX,0,1.45081978556327,-0.342718791953187,0.614995886661262,0,0,0,1,0,0,0,0,0,1,0,0,0,1,0,0,0,0,0,0,1,0,1,1,0,0,0
6925-BAYGL,1,0.840014329762813,-1.3181936310507,-0.444268541789821,0,1,0,1,0,1,0,1,1,0,1,0,1,0,1,0,1,0,1,0,0,1,0,1,0,0,0
3262-EIDHV,0,1.61370124044339,0.662668393147318,1.59461736894252,0,1,1,1,0,1,0,0,0,1,0,0,0,1,0,1,0,1,0,1,0,1,0,1,0,0,0
7354-OIJLX,0,-0.951681673918523,0.368530324117914,-0.68750180782234,1,0,0,1,0,1,1,0,0,0,0,0,0,0,0,0,0,0,0,0,0,0,1,0,1,0,0
1376-HHBDV,0,-0.0965540357978854,-0.530501852971959,-0.328976106134331,0,0,0,1,0,0,0,0,0,1,0,0,0,0,0,0,0,0,0,0,0,0,1,0,0,1,0
6907-NZZIJ,0,0.147768146522297,1.14292772619533,0.588794063738982,0,0,0,1,0,1,1,0,0,0,0,1,0,0,0,0,0,1,0,1,0,0,1,0,1,0,1
6133-OZILE,0,-0.58519840043825,-0.982510637017144,-0.739309456009864,0,0,0,0,1,0,0,0,0,0,0,0,0,1,0,1,0,0,0,0,0,0,1,0,1,0,0
4135-FRWKJ,1,0.921455057202873,0.381824700119243,0.826729572820071,0,1,1,1,0,1,0,0,0,1,0,0,0,1,0,1,0,1,0,0,1,0,0,0,1,0,0
2911-UREFD,0,0.269929237682388,-0.294526678948369,-0.0430738226555051,0,1,0,0,1,0,0,0,0,1,0,0,0,1,0,0,0,1,0,1,0,0,0,0,1,0,1
3744-ZRRDZ,0,-0.463037309278159,0.58456393413951,-0.189424358438752,1,0,0,1,0,1,1,0,0,0,0,1,0,0,0,0,0,0,0,0,0,0,1,0,1,0,1
5673-TIYIB,0,-1.23672421995873,-0.809683748999868,-0.973359943326571,1,0,0,0,1,0,0,0,0,0,0,1,0,1,0,1,0,0,0,0,0,0,1,1,0,0,1
6551-ZCOTS,1,0.0256070553622056,-1.32484081905137,-0.633133577108292,1,0,0,1,0,1,0,1,1,0,1,0,1,0,1,0,1,0,1,0,1,0,1,0,0,0,0
7191-ADRGF,0,0.473531056282539,-0.347704182953685,0.047915152985301,1,1,0,0,1,0,0,0,0,0,0,1,0,1,0,0,0,1,0,1,0,1,0,0,0,0,0
5018-LXQQG,0,-0.0965540357978854,0.0511270970861842,-0.158233814387209,0,1,1,1,0,0,0,0,0,1,0,0,0,0,0,1,0,0,0,1,0,0,0,0,0,0,0
6892-BOGQE,0,1.57298087672336,-1.45778457906466,-0.348202549070562,0,1,0,1,0,0,0,1,1,0,1,0,1,0,1,0,1,0,1,0,0,1,1,0,0,0,0
1602-IJQQE,0,-1.15528349251868,0.351912354116252,-0.858155803620271,0,0,0,1,0,1,1,0,0,0,0,0,0,0,0,0,0,0,0,0,0,0,0,0,1,0,1
4628-WQCQQ,0,0.107047782802266,0.677624566148813,0.330528412356781,1,0,1,1,0,0,1,0,0,0,0,0,0,1,0,0,0,1,0,0,1,0,1,0,1,0,1
1746-TGTWV,0,-1.27744458367877,0.351912354116252,-0.974154606869285,1,1,0,1,0,0,1,0,0,0,0,0,0,1,0,0,0,0,0,0,0,0,0,1,0,0,0
5995-SNNEW,1,-0.381596581838098,1.31907820821294,-0.0428530827825288,1,1,0,1,0,1,1,0,0,0,0,1,0,1,0,0,0,1,0,1,0,0,1,0,1,0,0
8050-WYBND,0,-0.422316945558128,-0.508898491969799,-0.552077895751417,0,0,1,0,1,0,0,0,0,0,0,0,0,1,0,0,0,1,0,1,1,0,1,1,0,0,0
2821-WARNZ,0,0.677132874882691,-1.50597669206947,-0.600684815780785,0,0,1,1,0,0,0,1,1,0,1,0,1,0,1,0,1,0,1,0,1,0,0,1,0,0,0
4879-GZLFH,0,0.392090328842479,0.91027614617207,0.703490501737436,0,1,1,1,0,0,1,0,0,0,0,0,0,1,0,0,0,1,0,1,0,0,1,0,1,0,0
1644-IRKSF,0,0.0256070553622056,0.965115447177552,0.371983360501719,0,1,1,1,0,0,1,0,0,0,0,0,0,1,0,0,0,1,0,1,1,0,1,0,1,0,1
8314-HTWVE,0,-1.03312240135858,-1.49268231606814,-0.943780800347755,0,1,1,1,0,0,0,1,1,0,1,0,1,0,1,0,1,0,1,0,0,1,0,0,0,1,0
9402-ROUMJ,0,1.41009942184324,1.17948726019898,1.94563791494933,0,1,1,1,0,1,1,0,0,1,0,0,0,1,0,1,0,0,0,1,1,0,1,0,0,0,0
2507-QZPQS,0,-0.707359491598341,1.02826373318387,-0.366788846375161,1,0,0,1,0,1,1,0,0,0,0,1,0,0,0,1,0,0,0,1,0,0,0,0,1,0,0
7159-NOKYQ,0,1.41009942184324,0.943512086175393,1.80401121244778,1,1,0,1,0,1,1,0,0,0,0,1,0,1,0,0,0,0,0,1,0,1,1,0,1,0,0
5707-ZMDJP,0,0.840014329762813,0.164129293097481,0.639122754777565,1,1,1,1,0,0,0,0,0,1,0,1,0,0,0,1,0,1,0,0,0,1,1,0,0,1,0
8779-YIQQA,0,-0.463037309278159,-1.49434411306831,-0.852858046668842,1,1,1,1,0,0,0,1,1,0,1,0,1,0,1,0,1,0,1,0,1,0,0,0,0,1,0
7136-IHZJA,0,0.310649601402418,0.218968594102963,0.249561026949096,0,1,1,1,0,0,0,0,0,1,0,1,0,0,0,1,0,0,0,1,0,0,1,0,0,1,0
8966-OIQHG,0,-0.422316945558128,-1.46276997006515,-0.8077167426452,0,1,1,1,0,0,0,1,1,0,1,0,1,0,1,0,1,0,1,0,1,0,0,0,0,0,0
7074-STDCN,0,0.269929237682388,-0.803036560999203,-0.347628625400823,1,0,0,0,1,0,0,0,0,0,0,0,0,0,0,1,0,0,0,1,0,0,1,0,1,0,0
3705-PSNGL,0,0.51425142000257,-1.47440254906632,-0.59664527610532,1,0,0,1,0,0,0,1,1,0,1,0,1,0,1,0,1,0,1,0,1,0,1,0,1,0,1
8739-QOTTN,0,-1.23672421995873,-1.47606434606648,-0.988944178358694,0,1,0,1,0,0,0,1,1,0,1,0,1,0,1,0,1,0,1,0,0,0,0,0,0,1,0
1399-OUPJN,0,1.00289578464293,-1.49600591006848,-0.445835794887953,0,1,1,1,0,0,0,1,1,0,1,0,1,0,1,0,1,0,1,0,0,1,0,0,0,0,0
0277-BKSQP,0,-0.992402037638553,-0.344380588953353,-0.797673078424782,1,1,1,1,0,0,0,0,0,0,0,0,0,0,0,0,0,1,0,0,0,0,1,0,1,0,0
6502-HCJTI,1,-1.03312240135858,0.995027793180542,-0.710260088726191,1,1,0,1,0,1,1,0,0,1,0,1,0,0,0,0,0,0,0,1,0,0,1,1,0,0,1
2606-RMDHZ,0,-1.07384276507861,-1.13871955503276,-0.915283282746522,1,0,0,0,1,0,0,0,0,0,0,1,0,0,0,0,0,0,0,0,0,0,1,1,0,0,1
5774-XZTQC,0,-1.03312240135858,-1.47274075206615,-0.940867034024468,0,1,1,1,0,0,0,1,1,0,1,0,1,0,1,0,1,0,1,0,0,0,0,0,0,1,0
2676-SSLTO,0,0.677132874882691,0.0461417060856861,0.404873601575179,1,0,0,1,0,1,0,0,0,0,0,0,0,0,0,1,0,1,0,0,0,1,1,0,0,0,0
6266-QHOJZ,0,1.32865869440318,0.833833484164428,1.57287449145436,0,0,0,1,0,1,1,0,0,1,0,1,0,0,0,1,0,0,0,0,1,0,1,0,1,0,0
7269-JISCY,0,0.921455057202873,-0.655136627984418,0.0797679166557725,0,0,0,1,0,0,0,0,0,0,0,0,0,0,0,0,0,0,0,0,1,0,0,0,0,0,0
0363-SVHYR,0,1.57298087672336,0.734125664154461,1.75792072697034,1,1,1,1,0,1,0,0,0,1,0,1,0,1,0,1,0,1,0,1,0,1,0,0,0,0,0
8547-NSBBO,0,0.107047782802266,1.06316147018735,0.495112061647866,1,0,0,1,0,1,1,0,0,1,0,1,0,1,0,1,0,0,0,0,0,0,1,0,0,1,0
8258-GSTJK,1,-1.1960038562387,0.406751655121735,-0.902458296126603,1,0,0,1,0,1,1,0,0,0,0,0,0,0,0,0,0,0,0,0,0,0,1,0,1,0,1
6861-OKBCE,0,-0.870240946478462,-1.48437333106731,-0.909698563960223,0,0,1,1,0,0,0,1,1,0,1,0,1,0,1,0,1,0,1,0,0,0,0,1,0,0,1
9940-RHLFB,0,-1.27744458367877,0.350250557116086,-0.974176680856583,0,0,0,1,0,0,1,0,0,0,0,0,0,1,0,0,0,0,0,0,0,0,0,0,1,0,1
6591-QGOYB,0,-0.62591876415828,1.39219727622025,-0.269221822519663,1,0,0,1,0,1,1,0,0,1,0,1,0,1,0,1,0,1,0,0,0,0,1,0,0,0,0
9070-BCKQP,0,1.61370124044339,1.50852306623187,2.47197006807388,0,1,0,1,0,1,1,0,0,1,0,0,0,1,0,1,0,1,0,1,0,1,1,1,0,0,0
6421-SZVEM,0,-0.177994763237946,0.601181904141171,0.017166088679711,0,1,1,1,0,0,1,0,0,1,0,0,0,0,0,0,0,0,0,1,1,0,1,0,0,0,0
1328-EUZHC,0,-0.58519840043825,-1.48437333106731,-0.843851859851411,0,1,0,1,0,0,0,1,1,0,1,0,1,0,1,0,1,0,1,0,0,1,0,0,0,1,0
2995-UPRYS,1,0.310649601402418,1.14458952319549,0.78595891828136,0,1,0,1,0,0,1,0,0,0,0,1,0,0,0,1,0,1,0,1,1,0,1,1,0,0,1
8878-RYUKI,0,0.799293966042782,-0.176539091936574,0.336311797028759,0,0,0,1,0,0,0,0,0,0,0,0,0,1,0,0,0,0,0,1,0,0,1,0,1,0,0
9633-DENPU,0,0.595692147442631,-0.204789640939399,0.194905834400179,0,1,0,1,0,0,0,0,0,0,0,1,0,0,0,0,0,1,0,0,0,0,1,0,0,0,0
7811-JIVPF,0,-0.381596581838098,-0.500589506968969,-0.530070130415686,0,0,0,1,0,0,0,0,0,0,0,0,0,1,0,0,0,0,0,0,0,0,0,1,0,0,0
7113-HIPFI,0,1.36937905812321,0.036170924084689,0.801344487427804,1,1,1,1,0,0,0,0,0,1,0,1,0,1,0,1,0,0,0,0,0,1,0,0,0,1,0
8541-QVFKM,0,-0.992402037638553,0.290425865110106,-0.728316610335647,0,0,0,1,0,1,1,0,0,0,0,0,0,0,0,0,0,0,0,0,0,0,1,0,1,0,0
6686-YPGHK,1,0.595692147442631,0.689257145149976,0.777173471336905,1,0,0,1,0,0,1,0,0,1,0,0,0,0,0,0,0,0,0,1,0,0,0,0,0,1,1
1383-EZRWL,0,-1.03312240135858,-1.48603512806748,-0.934642169606538,0,0,0,1,0,0,0,1,1,0,1,0,1,0,1,0,1,0,1,0,0,0,0,0,0,1,1
9258-CNWAC,0,1.57298087672336,1.6248488562435,2.59805668351791,0,1,1,1,0,1,1,0,0,1,0,1,0,1,0,1,0,1,0,1,0,1,0,1,0,0,0
5371-VYLSX,1,0.717853238602722,0.619461671142999,0.808695125197912,0,0,0,1,0,1,1,0,0,1,0,1,0,0,0,0,0,0,0,0,0,0,1,0,1,0,0
6374-AFWOX,0,0.5549717837226,0.0295237360840249,0.337834902152295,1,1,0,1,0,0,0,0,0,1,0,1,0,1,0,1,0,0,0,0,0,1,0,0,0,1,0
4759-TRPLW,0,-1.27744458367877,0.187394451099807,-0.97633993161175,1,0,0,1,0,0,1,0,0,0,0,0,0,0,0,0,0,0,0,0,0,0,0,0,1,0,1
5317-FLPJF,0,1.36937905812321,-0.113390805930262,0.843881060950325,0,0,0,0,1,0,0,0,0,1,0,0,0,1,0,1,0,1,0,1,0,1,1,0,0,0,0
7621-VPNET,0,0.392090328842479,0.702551521151305,0.639188976739458,0,1,0,1,0,1,1,0,0,0,0,0,0,1,0,1,0,0,0,0,0,0,1,1,0,0,0
6034-YMTOB,0,-1.11456312879864,0.361883136117249,-0.831071021206087,0,0,0,1,0,0,1,0,0,0,0,0,0,0,0,1,0,0,0,0,0,0,1,0,0,1,0
8563-IIOXK,0,-1.03312240135858,-0.498927709968802,-0.861157865892748,1,1,1,1,0,0,0,0,0,1,0,0,0,0,0,0,0,0,0,0,1,0,1,0,1,0,1
4903-CNOZC,0,-0.137274399517916,0.204012421101468,-0.140088996828562,1,0,0,1,0,1,0,0,0,0,0,1,0,1,0,0,0,0,0,1,1,0,0,1,0,0,0
4353-HYOJD,0,-0.218715126957977,-0.49560411596847,-0.417536943172398,0,1,1,1,0,0,0,0,0,0,0,1,0,0,0,0,0,0,0,0,0,0,0,0,0,1,0
8020-BWHYL,1,-0.707359491598341,0.350250557116086,-0.500844171233632,0,0,0,1,0,0,1,0,0,0,0,1,0,0,0,0,0,0,0,0,0,0,1,1,0,0,1
7267-FRMJW,0,-0.300155854398037,-1.48437333106731,-0.792838875206602,0,1,1,1,0,0,0,1,1,0,1,0,1,0,1,0,1,0,1,0,0,1,0,0,0,1,0
2982-VPSGI,0,-0.870240946478462,0.971762635178217,-0.531107607818674,0,1,0,1,0,1,1,0,0,0,0,0,0,0,0,0,0,1,0,1,0,0,1,0,1,0,1
4188-FRABG,0,1.00289578464293,1.27254789220828,1.6086784988511,1,1,0,1,0,1,1,0,0,1,0,1,0,1,0,1,0,1,0,0,0,0,1,0,1,0,0
8199-ZLLSA,0,1.41009942184324,1.78105777425912,2.43795405364824,1,0,0,1,0,1,1,0,0,1,0,1,0,1,0,1,0,1,0,1,1,0,1,0,0,0,1
4128-ETESU,1,0.595692147442631,1.16120749319715,1.08837254425881,0,1,0,1,0,1,1,0,0,0,0,0,0,1,0,0,0,1,0,1,0,0,0,0,1,0,0
0620-DLSLK,0,-0.788800219038401,0.569607761138015,-0.553181595116298,0,0,0,1,0,0,1,0,0,0,0,0,0,0,0,0,0,1,0,0,0,0,1,0,0,1,0
4625-EWPTF,0,-0.992402037638553,-1.14038135203293,-0.907447017255866,1,0,0,0,1,0,0,0,0,1,0,0,0,0,0,0,0,0,0,0,0,0,1,0,1,0,1
5980-NOPLP,0,0.473531056282539,1.04155810918519,0.919241653584413,0,1,0,1,0,1,1,0,0,0,0,0,0,0,0,0,0,1,0,1,0,0,1,0,1,0,1
3850-OKINF,0,1.57298087672336,0.0478035030858522,1.0642456761425,1,1,1,1,0,1,0,0,0,1,0,0,0,0,0,0,0,1,0,0,1,0,1,0,1,0,0
6892-XPFPU,1,-0.340876218118068,1.31243102021227,0.0670974479469364,1,1,0,1,0,1,1,0,0,0,0,1,0,1,0,0,0,1,0,1,0,0,1,0,1,0,1
8010-EZLOU,1,-0.707359491598341,0.513106663132367,-0.470028884966148,1,0,0,1,0,1,1,0,0,0,0,1,0,0,0,0,0,0,0,0,0,0,1,0,1,0,1
1156-ZFYDO,0,-1.27744458367877,-1.49600591006848,-0.998700880744243,0,0,0,1,0,0,0,1,1,0,1,0,1,0,1,0,1,0,1,0,0,0,0,0,1,0,0
3295-YVUSR,1,-1.23672421995873,0.260513519107116,-0.939299780926337,1,0,0,1,0,1,1,0,0,0,0,0,0,0,0,0,0,0,0,0,0,0,1,0,0,1,0
8016-NCFVO,1,0.921455057202873,1.71957128525297,1.8103464468022,1,0,0,1,0,1,1,0,0,1,0,1,0,1,0,1,0,1,0,1,0,0,1,0,1,0,0
4119-ZYPZY,1,1.57298087672336,1.39718266722074,2.35806829361814,1,0,0,1,0,1,1,0,0,0,0,1,0,0,0,1,0,1,0,1,0,1,1,0,1,0,0
5549-ZGHFB,0,0.717853238602722,-1.3231790220512,-0.450515480195049,1,1,1,1,0,1,0,1,1,0,1,0,1,0,1,0,1,0,1,0,0,1,0,0,0,1,0
7577-SWIFR,0,-1.27744458367877,0.813891920162435,-0.968018038400546,1,0,0,1,0,0,1,0,0,0,0,0,0,0,0,0,0,1,0,1,0,0,1,0,1,0,0
0303-WMMRN,0,-1.11456312879864,-1.51262388007014,-0.969430773587594,1,0,0,1,0,0,0,1,1,0,1,0,1,0,1,0,1,0,1,0,0,0,1,0,0,1,0
6408-OTUBZ,0,1.36937905812321,1.32240180221327,1.98539316607235,0,0,0,1,0,1,1,0,0,1,0,1,0,1,0,1,0,1,0,0,1,0,1,0,0,0,0
5204-HMGYF,0,0.677132874882691,0.745758243155624,0.910809390436721,0,1,1,1,0,0,0,0,0,1,0,1,0,1,0,1,0,1,0,1,1,0,1,0,0,1,0
1078-TDCRN,1,-1.1960038562387,-1.13041057003193,-0.970843508774642,0,1,0,0,1,0,0,0,0,0,0,1,0,0,0,0,0,0,0,0,0,0,1,0,1,0,0
3727-OVPRY,0,1.36937905812321,-1.29825206704871,-0.25048100730398,1,1,1,1,0,1,0,1,1,0,1,0,1,0,1,0,1,0,1,0,1,0,1,1,0,0,0
3797-FKOGQ,0,-0.870240946478462,0.712522303152301,-0.61309039664205,1,0,1,1,0,1,1,0,0,0,0,0,0,0,0,0,0,0,0,1,0,0,0,0,1,0,0
7622-NXQZR,0,-0.177994763237946,-1.15201393103409,-0.649446253721236,1,0,0,0,1,0,0,0,0,0,0,0,0,0,0,1,0,0,0,0,0,0,1,1,0,0,0
6196-HBOBZ,0,1.32865869440318,1.14957491419599,1.79489465569386,1,1,0,1,0,1,1,0,0,1,0,1,0,1,0,0,0,1,0,0,0,1,1,0,1,0,0
3970-XGJDU,0,1.20649760324309,-1.5142856770703,-0.5113513891873,0,0,0,1,0,0,0,1,1,0,1,0,1,0,1,0,1,0,1,0,0,1,1,1,0,0,0
7017-VFULY,0,-1.23672421995873,-1.48437333106731,-0.988370254688955,0,1,0,1,0,0,0,1,1,0,1,0,1,0,1,0,1,0,1,0,0,0,0,0,0,0,0
5562-YJQGT,0,-1.23672421995873,-1.47606434606648,-0.991924166643873,0,0,0,1,0,0,0,1,1,0,1,0,1,0,1,0,1,0,1,0,0,0,0,1,0,0,0
8807-OPMBM,0,0.921455057202873,-1.29991386404887,-0.394646218344762,0,1,1,1,0,1,0,1,1,0,1,0,1,0,1,0,1,0,1,0,0,1,1,1,0,0,0
5439-WIKXB,1,0.351369965122448,0.990042402180044,0.692917061821874,1,1,0,1,0,0,1,0,0,0,0,1,0,0,0,0,0,1,0,1,0,0,1,0,1,0,0
9874-QLCLH,0,-0.62591876415828,1.31076922321211,-0.237700168658656,0,1,1,1,0,1,1,0,0,1,0,0,0,1,0,0,0,1,0,1,0,0,1,0,1,0,1
8294-UIMBA,0,-0.0965540357978854,0.985057011179546,0.157247612070433,0,0,0,1,0,0,1,0,0,0,0,0,0,0,0,1,0,1,0,1,1,0,1,0,0,0,0
8109-YUOHE,0,-0.62591876415828,-0.287879490947705,-0.589360860297104,1,0,0,1,0,0,0,0,0,1,0,1,0,0,0,0,0,0,0,0,1,0,0,0,0,1,0
5840-NVDCG,0,-0.66663912787831,0.115937180092663,-0.515236410951682,0,1,1,1,0,0,0,0,0,1,0,1,0,0,0,1,0,0,0,1,0,1,0,0,0,0,0
8092-NLTGF,0,1.61370124044339,-1.32982621005186,-0.222645709321676,1,0,0,1,0,1,0,1,1,0,1,0,1,0,1,0,1,0,1,0,0,1,0,0,0,0,0
5928-QLDHB,0,-0.951681673918523,0.381824700119243,-0.705072701711249,1,0,0,1,0,1,1,0,0,0,0,0,0,0,0,0,0,0,0,0,0,0,1,0,1,0,0
9840-EFJQB,0,-1.27744458367877,0.31867641411293,-0.974596086615238,0,0,0,1,0,0,1,0,0,0,0,1,0,0,0,0,0,0,0,0,0,0,0,0,1,0,0
0696-UKTOX,0,-0.381596581838098,-0.352689573954184,-0.428000013151472,1,0,1,1,0,0,0,0,0,0,0,1,0,0,0,1,0,0,0,0,0,0,0,0,1,0,0
4801-KFYKL,0,-0.992402037638553,-1.50597669206947,-0.93713653017117,1,0,1,1,0,0,0,1,1,0,1,0,1,0,1,0,1,0,1,0,0,0,0,0,0,0,0
3472-OAOOR,0,-0.544478036718219,-0.990819622017975,-0.738029164746601,1,1,1,0,1,0,0,0,0,1,0,1,0,0,0,0,0,0,0,0,0,0,1,0,0,1,0
6135-OZQVA,0,-1.03312240135858,-0.369307543955845,-0.82890777045092,0,0,0,1,0,1,0,0,0,1,0,0,0,0,0,0,0,0,0,0,0,0,1,0,1,0,0
8062-YBDOE,1,-1.27744458367877,0.162467496097315,-0.976671041421215,1,0,0,1,0,0,1,0,0,0,0,0,0,0,0,0,0,0,0,0,0,0,1,0,1,0,1
2252-JHJGE,0,1.16577723952306,1.30412203521144,1.8019141836545,1,0,0,1,0,1,1,0,0,1,0,0,0,1,0,0,0,1,0,1,1,0,0,0,1,0,0
4188-PCPIG,0,1.00289578464293,0.18573265409964,0.813529328416092,0,1,0,1,0,0,0,0,0,1,0,1,0,0,0,1,0,1,0,0,0,1,1,1,0,0,0
6000-APYLU,0,-0.951681673918523,0.53304822713436,-0.692600898888091,1,0,0,1,0,0,1,0,0,0,0,0,0,0,0,0,0,0,0,1,0,0,1,0,1,0,1
7105-BENQF,0,-0.707359491598341,0.00293498408136655,-0.587683237262484,1,0,1,1,0,0,0,0,0,1,0,0,0,1,0,0,0,0,0,1,1,0,0,0,0,1,0
7721-DVEKZ,0,-1.27744458367877,-1.49932950406881,-0.998745028718839,0,0,0,1,0,0,0,1,1,0,1,0,1,0,1,0,1,0,1,0,0,0,0,0,0,1,0
3566-VVORZ,0,-0.829520582758432,-0.626886078981594,-0.784053428262148,0,1,0,1,0,0,0,0,0,0,0,0,0,0,0,0,0,0,0,0,0,0,0,0,0,0,0
9507-HSMMZ,0,0.880734693482843,-1.48769692506765,-0.499872915792536,1,0,0,1,0,0,0,1,1,0,1,0,1,0,1,0,1,0,1,0,0,1,0,0,0,1,0
2480-SQIOB,0,-1.15528349251868,-0.663445612985249,-0.932523066825967,1,1,1,1,0,0,0,0,0,0,0,0,0,0,0,0,0,0,0,0,0,0,0,0,1,0,0
0947-IDHRQ,0,-1.03312240135858,0.516430257132699,-0.774892723533633,0,0,0,1,0,0,1,0,0,0,0,0,0,0,0,0,0,1,0,0,0,0,1,0,0,1,1
7813-TKCVO,0,-0.503757672998189,-1.47606434606648,-0.833852343605587,0,1,0,1,0,0,0,1,1,0,1,0,1,0,1,0,1,0,1,0,1,0,0,0,0,1,0
0128-MKWSG,0,-0.259435490678007,-0.630209672981926,-0.50104283711931,0,0,1,0,1,0,0,0,0,1,0,0,0,0,0,1,0,0,0,1,0,0,0,0,0,1,0
3672-YITQD,1,0.147768146522297,0.642726829145324,0.326555094643209,1,1,0,1,0,1,1,0,0,0,0,0,0,0,0,0,0,0,0,1,0,0,1,0,1,0,1
4350-ZTLPI,0,0.840014329762813,1.46863993822789,1.51704937757867,0,1,0,1,0,1,1,0,0,0,0,1,0,1,0,1,0,1,0,1,1,0,1,0,0,0,0
9048-JVYVF,0,-1.1960038562387,0.152496714096318,-0.922942956338798,1,0,0,1,0,0,0,0,0,0,0,0,0,0,0,1,0,1,0,1,0,0,1,0,1,0,1
0361-HJRDX,0,1.45081978556327,-0.0136829859202947,0.996721348999074,0,0,0,0,1,0,0,0,0,1,0,1,0,1,0,1,0,1,0,1,0,1,0,1,0,0,0
5727-MYATE,0,1.61370124044339,0.865407627167585,1.81699071697878,1,1,1,1,0,1,0,0,0,1,0,1,0,1,0,1,0,1,0,1,0,1,1,1,0,0,0
3823-KYNQY,0,-0.829520582758432,-1.3231790220512,-0.883629184961729,1,0,0,1,0,1,0,1,1,0,1,0,1,0,1,0,1,0,1,0,1,0,0,1,0,0,0
8988-ECPJR,1,0.066327419082236,0.493165099130373,0.192654287695822,0,1,1,1,0,1,1,0,0,0,0,1,0,0,0,0,0,0,0,0,0,0,1,0,0,1,1
7570-WELNY,0,1.45081978556327,0.662668393147318,1.51389279739511,0,1,0,1,0,1,1,0,0,1,0,1,0,0,0,0,0,0,0,0,0,1,1,0,0,0,0
3021-VLNRJ,0,0.717853238602722,0.200688827101135,0.528112672657814,0,0,1,1,0,0,0,0,0,1,0,0,0,1,0,1,0,1,0,0,1,0,1,1,0,0,0
3776-EKTKM,1,-1.27744458367877,-0.940965712012991,-0.991328168986837,0,0,0,0,1,0,0,0,0,0,0,0,0,0,0,0,0,1,0,0,0,0,1,0,1,0,1
2080-CAZNM,1,0.351369965122448,1.31741641121277,0.81763509005345,0,0,0,1,0,1,1,0,0,0,0,1,0,1,0,0,0,1,0,1,0,0,1,0,1,0,0
1028-FFNJK,1,-0.0965540357978854,1.22103218520313,0.280663275051449,1,1,0,1,0,1,1,0,0,0,0,0,0,0,0,1,0,1,0,1,0,0,1,0,1,0,0
6907-FLBER,0,-1.27744458367877,-0.347704182953685,-0.983447755521585,1,0,0,1,0,1,0,0,0,0,0,1,0,0,0,0,0,0,0,0,0,0,0,0,1,0,0
3001-UNBTL,1,-0.137274399517916,1.30246023821128,0.301479045073108,1,1,1,1,0,1,1,0,0,0,0,0,0,1,0,0,0,1,0,1,0,0,1,0,1,0,0
5982-PSMKW,0,-0.381596581838098,0.875378409168581,-0.0369151801994679,0,1,1,1,0,1,0,0,0,1,0,1,0,1,0,1,0,1,0,1,0,1,1,1,0,0,0
3507-GASNP,0,1.12505687580303,-1.48935872206781,-0.482103356017949,1,0,1,1,0,0,0,1,1,0,1,0,1,0,1,0,1,0,1,0,0,1,0,0,0,1,0
7096-ZNBZI,0,1.61370124044339,-1.27332511204622,-0.162207132100782,0,1,0,1,0,1,0,1,1,0,1,0,1,0,1,0,1,0,1,0,0,1,0,1,0,0,0
1902-XBTFB,0,-0.422316945558128,0.818877311162933,-0.123798394202916,1,0,1,1,0,0,1,0,0,0,0,1,0,1,0,0,0,1,0,0,0,0,1,0,1,0,1
1676-MQAOA,0,1.61370124044339,0.343603369115422,1.34847033658671,1,0,0,1,0,0,0,0,0,1,0,1,0,1,0,1,0,1,0,0,0,1,1,0,0,0,0
0786-IVLAW,1,1.36937905812321,1.44038938922506,2.18827518332482,0,0,0,1,0,1,1,0,0,0,0,1,0,1,0,0,0,1,0,1,1,0,0,0,0,0,0
7566-DSRLQ,0,1.61370124044339,1.50852306623187,2.52388808619789,0,1,0,1,0,1,1,0,0,0,0,1,0,1,0,1,0,1,0,1,0,1,1,0,1,0,0
0643-OKLRP,1,0.595692147442631,0.518092054132865,0.681615180325491,0,1,0,1,0,1,1,0,0,1,0,0,0,0,0,0,0,0,0,0,0,0,0,0,1,0,1
7245-JMTTQ,0,0.758573602322752,1.55339158523636,1.51044925537668,0,0,0,1,0,1,1,0,0,0,0,1,0,1,0,1,0,1,0,1,1,0,1,0,1,0,0
6050-IJRHS,0,1.53226051300333,1.38721188521975,2.25820557508369,0,1,1,1,0,1,1,0,0,0,0,1,0,1,0,0,0,1,0,1,1,0,1,0,1,0,0
6202-JVYEU,0,-0.951681673918523,-1.49102051906798,-0.934752539543027,1,0,0,1,0,0,0,1,1,0,1,0,1,0,1,0,1,0,1,0,1,0,1,0,1,0,0
8591-TKMZH,0,1.084336512083,1.54009720923503,1.88656792494089,1,1,1,1,0,1,1,0,0,1,0,1,0,0,0,1,0,1,0,1,0,1,1,0,0,1,0
0734-OXWBT,0,-1.1960038562387,0.197365233100803,-0.907800201052628,1,0,1,1,0,0,0,0,0,0,0,0,0,0,0,1,0,1,0,1,0,0,0,0,0,1,0
4282-ACRXS,1,0.229208873962357,-1.32650261605153,-0.585475838532722,1,1,0,0,1,0,0,0,0,0,0,0,0,0,0,0,0,0,0,0,0,0,1,0,1,0,0
0365-TRTPY,0,0.188488510242327,0.878702003168914,0.485796839008268,0,0,0,1,0,1,1,0,0,1,0,1,0,1,0,0,0,0,0,0,0,0,0,0,0,0,0
7349-ALMUX,0,0.188488510242327,0.0278619390838584,0.0140757304580436,1,0,0,1,0,0,0,0,0,1,0,1,0,1,0,1,0,0,0,0,0,1,0,0,0,0,0
9381-NDKME,1,-0.340876218118068,-0.801374763999037,-0.595387058829355,0,1,0,0,1,0,0,0,0,0,0,0,0,1,0,0,0,0,0,1,0,0,1,1,0,0,1
6502-KUGLL,0,-0.748079855318371,-0.176539091936574,-0.662690646099811,0,1,1,1,0,0,0,0,0,1,0,1,0,0,0,1,0,0,0,0,0,0,0,0,0,0,0
1841-YSJGV,0,1.61370124044339,1.50187587823121,2.45925545139045,1,1,0,1,0,1,1,0,0,1,0,1,0,0,0,1,0,1,0,1,0,1,1,1,0,0,0
2794-XIMMO,0,0.840014329762813,-0.143303151933252,0.39836177532238,1,1,0,0,1,0,0,0,0,0,0,1,0,1,0,1,0,1,0,1,1,0,1,0,1,0,1
8382-SHQEH,0,-0.992402037638553,0.669315581147982,-0.669710174060455,0,1,0,1,0,1,1,0,0,0,0,0,0,0,0,0,0,0,0,1,0,0,1,0,1,0,1
3511-BFTJW,0,1.61370124044339,-0.87283203500618,0.212388432339897,1,1,1,0,1,0,0,0,0,1,0,1,0,1,0,0,0,0,0,0,0,1,0,1,0,0,0
7668-XCFYV,1,-0.62591876415828,0.923570522173399,-0.294562759937335,0,1,0,1,0,1,1,0,0,0,0,0,0,0,0,0,0,1,0,1,0,0,1,0,1,0,0
2983-ZANRP,0,-1.23672421995873,0.292087662110272,-0.943228950665314,0,1,1,1,0,0,1,0,0,0,0,1,0,0,0,0,0,0,0,0,0,0,1,0,0,0,1
7845-URHJN,0,-0.992402037638553,-1.48271153406715,-0.93843889542173,0,1,0,1,0,0,0,1,1,0,1,0,1,0,1,0,1,0,1,0,0,0,0,0,0,0,1
3034-ZBEQN,0,0.636412511162661,-0.999128607018805,-0.299065853346051,0,1,0,0,1,0,0,0,0,0,0,1,0,1,0,0,0,0,0,0,1,0,0,0,0,1,1
5018-HEKFO,0,-0.910961310198492,-1.33813519505269,-0.888154352357742,0,0,0,1,0,1,0,1,1,0,1,0,1,0,1,0,1,0,1,0,0,0,1,0,0,1,0
2923-ARZLG,0,-1.3181649473988,-1.49766770706864,-0.390463197751863,1,1,1,1,0,0,0,1,1,0,1,0,1,0,1,0,1,0,1,0,1,0,1,0,0,1,0
3976-NLDEZ,0,-1.27744458367877,-1.46775536106565,-0.998325622960184,1,0,0,1,0,0,0,1,1,0,1,0,1,0,1,0,1,0,1,0,0,0,0,0,0,1,0
2282-YGNOR,0,-0.137274399517916,-0.224731204941392,-0.241673486372228,0,0,0,1,0,0,0,0,0,1,0,0,0,1,0,1,0,0,0,0,1,0,0,1,0,0,0
5336-UFNZP,1,1.32865869440318,1.4187860282229,2.1039084038733,0,1,1,1,0,1,1,0,0,0,0,1,0,1,0,0,0,1,0,1,1,0,1,0,1,0,0
6854-EXGSF,0,-0.992402037638553,0.0245383450835263,-0.754385989334141,0,0,0,1,0,1,0,0,0,1,0,1,0,1,0,0,0,0,0,0,0,0,1,0,0,0,0
1241-EZFMJ,0,1.16577723952306,-1.30656105204954,-0.328159368604319,1,1,0,1,0,1,0,1,1,0,1,0,1,0,1,0,1,0,1,0,0,1,0,0,0,0,0
9233-PSYHO,1,0.51425142000257,1.17616366619865,0.961491265272066,0,0,0,1,0,1,1,0,0,0,0,0,0,1,0,0,0,1,0,1,1,0,1,0,0,0,0
5376-PCKNB,0,1.61370124044339,1.31907820821294,2.28557731933274,1,1,1,1,0,1,1,0,0,0,0,1,0,1,0,0,0,1,0,1,1,0,1,1,0,0,0
8044-BGWPI,0,-0.829520582758432,-1.44947559406383,-0.872305229478048,1,1,1,1,0,0,0,1,1,0,1,0,1,0,1,0,1,0,1,0,0,0,1,0,1,0,0
4060-LDNLU,0,-1.03312240135858,1.04488170318553,-0.725005512241003,1,0,0,1,0,1,1,0,0,0,0,0,0,0,0,0,0,1,0,1,0,0,0,0,1,0,0
3589-PPVKW,0,-0.951681673918523,-0.676739988986578,-0.853718932173449,1,0,0,1,0,0,0,0,0,0,0,0,0,0,0,0,0,0,0,0,0,0,1,0,0,1,0
8327-LZKAS,1,0.432810692562509,1.42210962222324,0.994204914447144,0,1,0,1,0,1,1,0,0,0,0,0,0,1,0,1,0,1,0,1,1,0,1,0,1,0,1
5887-IKKYO,0,1.04361614836296,0.983395214179379,1.44881868284171,1,1,1,1,0,1,1,0,0,0,0,0,0,1,0,1,0,0,0,1,0,1,0,0,0,0,0
1075-BGWOH,1,-0.66663912787831,1.129633350194,-0.306548935039945,1,1,0,1,0,1,1,0,0,0,0,0,0,1,0,0,0,1,0,1,0,0,1,0,1,0,1
1755-RMCXH,0,-1.23672421995873,-1.47772614306665,-0.989650545952217,1,1,1,1,0,0,0,1,1,0,1,0,1,0,1,0,1,0,1,0,0,0,0,0,0,1,0
0302-JOIVN,0,-0.992402037638553,1.20939960620197,-0.635296827863459,0,1,0,1,0,0,1,0,0,0,0,1,0,1,0,0,0,1,0,1,0,0,0,0,1,0,1
3858-XHYJO,0,0.310649601402418,1.36228493021726,0.859399074020555,0,1,0,1,0,1,1,0,0,1,0,0,0,1,0,0,0,1,0,1,1,0,0,0,0,0,0
4299-SIMNS,0,-0.951681673918523,0.544680806135523,-0.661101319014382,1,0,0,1,0,1,1,0,0,1,0,0,0,0,0,0,0,0,0,0,0,0,1,0,1,0,0
7025-IWFHT,0,0.351369965122448,0.823862702163431,0.639188976739458,1,0,0,1,0,0,1,0,0,0,0,1,0,0,0,1,0,1,0,0,1,0,1,0,1,0,0
6261-LHRTG,0,-0.259435490678007,-0.33274800995219,-0.386302251146261,0,0,0,1,0,0,0,0,0,0,0,1,0,1,0,0,0,0,0,0,0,0,1,1,0,0,0
7841-FCRQD,0,0.0256070553622056,-0.365983949955513,-0.187459773569264,0,1,0,1,0,0,0,0,0,0,0,1,0,0,0,1,0,0,0,0,1,0,1,1,0,0,0
2056-EVGZL,0,1.45081978556327,1.36228493021726,2.22531533401023,1,1,1,1,0,0,1,0,0,0,0,1,0,1,0,1,0,1,0,1,1,0,0,1,0,0,0
8777-MBMTS,1,1.32865869440318,1.36560852421759,1.9617519256766,0,1,0,1,0,0,1,0,0,0,0,1,0,1,0,1,0,1,0,1,0,1,1,1,0,0,0
7753-USQYQ,0,0.921455057202873,-0.0186683769207928,0.593959376766626,1,0,0,1,0,0,0,0,0,0,0,1,0,0,0,1,0,0,0,1,1,0,1,0,1,0,0
5366-IJEQJ,0,-0.503757672998189,0.795612153160608,-0.229775607218809,1,0,0,1,0,1,1,0,0,0,0,0,0,1,0,0,0,1,0,0,0,0,1,0,1,0,1
7661-CPURM,0,-0.544478036718219,0.762376213157285,-0.245448138200122,1,0,0,1,0,0,1,0,0,0,0,0,0,0,0,1,0,0,0,1,1,0,1,1,0,0,0
6233-HXJMX,0,0.51425142000257,0.815553717162601,0.843329211267884,0,0,0,1,0,1,1,0,0,0,0,0,0,1,0,0,0,0,0,1,0,0,1,1,0,0,0
5902-WBLSE,0,1.53226051300333,-1.48271153406715,-0.384403888238665,0,1,1,1,0,0,0,1,1,0,1,0,1,0,1,0,1,0,1,0,0,1,1,1,0,0,0
1981-INRFU,0,-1.23672421995873,0.498150490130871,-0.934796687517622,0,0,0,1,0,0,1,0,0,0,0,0,0,0,0,0,0,1,0,0,0,0,1,0,1,0,1
4971-PUYQO,0,-0.218715126957977,0.990042402180044,0.195435610095322,0,0,0,1,0,1,1,0,0,0,0,0,0,0,0,0,0,1,0,1,0,0,1,0,0,1,1
3239-TPHPZ,0,-0.829520582758432,-1.48603512806748,-0.890626638935076,0,1,0,1,0,0,0,1,1,0,1,0,1,0,1,0,1,0,1,0,0,1,1,0,1,0,0
5115-GZDEL,0,1.61370124044339,0.0810394430891746,1.0550408234394,1,0,1,0,1,0,0,0,0,1,0,1,0,1,0,1,0,1,0,1,0,1,0,1,0,0,0
3338-CVVEH,0,-0.829520582758432,0.990042402180044,-0.489321549864272,1,0,0,1,0,1,1,0,0,0,0,0,0,0,0,0,0,1,0,1,0,0,0,0,1,0,0
8485-GJCDN,1,-1.11456312879864,0.142525932095321,-0.86680880664094,0,0,0,1,0,0,1,0,0,0,0,0,0,0,0,0,0,0,0,0,0,0,1,0,0,1,1
2615-YVMYX,1,1.57298087672336,1.42044782522307,2.39795598866495,1,1,0,1,0,1,1,0,0,1,0,1,0,1,0,0,0,1,0,1,0,0,1,0,1,0,0
2851-STERV,1,0.107047782802266,0.273807895108445,0.0835867164582615,1,0,0,1,0,0,0,0,0,0,0,0,0,1,0,1,0,1,0,1,1,0,1,0,1,0,0
4393-GEADV,0,1.53226051300333,1.66140839024716,2.45479650595633,1,1,1,1,0,1,1,0,0,1,0,1,0,1,0,1,0,1,0,1,0,1,0,1,0,0,0
8486-AYEQH,0,-0.0558336720778551,0.375177512118578,-0.0238915276938697,0,0,0,1,0,1,1,0,0,0,0,0,0,0,0,0,0,0,0,0,0,0,1,0,1,0,0
1527-SXDPN,0,0.799293966042782,1.04654350018569,1.19567419651256,1,1,1,1,0,1,1,0,0,0,0,0,0,1,0,1,0,0,0,1,0,1,1,0,0,0,1
6029-WTIPC,1,0.188488510242327,1.20773780920181,0.645502137106578,1,0,0,1,0,1,1,0,0,0,0,0,0,1,0,0,0,1,0,1,0,0,1,0,1,0,1
8634-CILSZ,0,1.4915401492833,1.32738719321377,2.18021817796118,1,0,0,1,0,1,1,0,0,0,0,1,0,0,0,1,0,1,0,1,1,0,1,0,0,0,1
5419-JKZNQ,1,-0.0965540357978854,0.436664001124725,0.0306974428931543,1,1,0,1,0,1,1,0,0,0,0,0,0,0,0,0,0,0,0,0,0,0,0,0,0,1,0
2495-KZNFB,0,0.0256070553622056,0.860422236167086,0.312427742772729,0,0,0,1,0,1,1,0,0,1,0,0,0,0,0,0,0,0,0,1,0,0,1,0,1,0,0
1409-PHXTF,1,0.880734693482843,1.51849384823287,1.67578342023588,1,1,0,1,0,1,1,0,0,0,0,1,0,1,0,1,0,1,0,1,0,1,1,0,1,0,0
4560-WQAQW,0,1.084336512083,0.130893353094158,0.789821866058444,0,0,0,1,0,1,0,0,0,1,0,0,0,0,0,1,0,0,0,1,1,0,0,0,0,0,0
9591-YVTEB,1,0.921455057202873,-0.661783815985083,0.0870302584766909,1,0,0,0,1,0,0,0,0,1,0,1,0,0,0,0,0,1,0,0,0,0,1,0,1,0,0
9309-BZGNT,1,1.4915401492833,-1.16198471303509,-0.0651698839404266,1,1,0,0,1,0,0,0,0,0,0,0,0,1,0,0,0,0,0,0,1,0,1,1,0,0,0
4274-DRSQT,0,1.36937905812321,0.802259341161272,1.64150251796267,0,0,0,1,0,1,1,0,0,0,0,1,0,0,0,0,0,1,0,0,1,0,1,0,0,0,0
2027-DNKIV,0,0.188488510242327,-0.1998042499389,-0.0347960774188961,1,1,1,1,0,0,0,0,0,1,0,0,0,1,0,1,0,0,0,0,1,0,1,0,0,1,0
8075-GXIUB,1,-0.951681673918523,-1.49268231606814,-0.926563090255608,1,1,0,1,0,0,0,1,1,0,1,0,1,0,1,0,1,0,1,0,1,0,0,1,0,0,0
2885-HIJDH,0,1.4915401492833,0.735787461154627,1.72714958867745,1,1,1,1,0,1,0,0,0,1,0,0,0,1,0,1,0,1,0,1,0,1,0,0,0,0,0
5424-RLQLC,0,-0.910961310198492,-0.16989190393591,-0.725336622050468,1,0,0,1,0,0,0,0,0,0,0,1,0,0,0,0,0,1,0,0,0,0,1,0,0,1,0
6682-QJDGB,0,0.310649601402418,-0.316130039950529,-0.0630066331852596,1,0,1,1,0,0,0,0,0,1,0,1,0,0,0,0,0,0,0,0,0,0,1,0,0,1,1
6507-DTJZV,0,-0.788800219038401,0.0544506910865167,-0.64021932703083,1,0,1,1,0,0,0,0,0,0,0,0,0,0,0,0,0,1,0,1,0,0,0,1,0,0,0
8780-IXSTS,0,-1.07384276507861,0.842142469165259,-0.777276714161777,0,0,0,1,0,1,1,0,0,0,0,1,0,0,0,0,0,1,0,0,0,0,1,0,1,0,1
7673-BQGKU,0,1.4915401492833,-1.48271153406715,-0.416940945515363,0,1,1,1,0,0,0,1,1,0,1,0,1,0,1,0,1,0,1,0,0,1,0,0,0,0,0
6723-WSNTY,1,1.36937905812321,1.44038938922506,2.16326535571661,0,1,0,1,0,1,1,0,0,0,0,1,0,1,0,1,0,1,0,1,1,0,1,1,0,0,0
9530-EHPOH,0,-0.870240946478462,-0.365983949955513,-0.739000420187697,1,0,0,1,0,1,0,0,0,0,0,0,0,1,0,0,0,0,0,0,0,0,0,0,1,0,1
2725-IWWBA,0,0.5549717837226,-0.261290738945047,0.122812191886139,1,1,1,1,0,0,0,0,0,1,0,0,0,1,0,1,0,0,0,0,1,0,0,0,0,1,0
0345-HKJVM,0,-1.07384276507861,0.815553717162601,-0.752421404464652,0,0,0,1,0,0,1,0,0,0,0,0,0,0,0,0,0,1,0,1,0,0,0,0,1,0,1
1061-PNTHC,0,0.962175420922904,1.49024329923005,1.62070882192831,0,1,1,1,0,1,1,0,0,1,0,0,0,1,0,1,0,1,0,1,0,0,1,0,0,1,0
0394-YONDK,0,1.53226051300333,-1.31653183405053,-0.217105138509973,1,1,1,1,0,1,0,1,1,0,1,0,1,0,1,0,1,0,1,0,0,1,0,1,0,0,0
6574-MCOEH,0,0.0256070553622056,0.478208926128878,0.110141723177303,0,1,1,1,0,1,0,0,0,0,0,0,0,1,0,1,0,1,0,1,1,0,1,0,1,0,0
7399-QHBJS,0,1.61370124044339,0.0660832700876794,1.09415592893079,0,1,1,1,0,1,0,0,0,1,0,1,0,0,0,1,0,0,0,0,0,1,0,1,0,0,0
3049-SOLAY,0,-1.1960038562387,1.0116457631822,-0.878132762124621,0,1,0,1,0,1,1,0,0,0,0,0,0,0,0,0,0,1,0,1,0,0,1,0,1,0,1
0997-YTLNY,0,-0.544478036718219,-0.530501852971959,-0.586402945999222,0,0,1,1,0,0,0,0,0,0,0,0,0,0,0,1,0,0,0,0,0,0,0,0,0,1,0
3317-HRTNN,1,-1.11456312879864,-0.633533266982258,-0.920007116028214,0,0,0,0,1,0,0,0,0,0,0,0,0,0,0,0,0,1,0,1,0,0,0,0,1,0,1
9479-HYNYL,0,1.57298087672336,0.529724633134028,1.51124391891939,0,1,0,1,0,0,0,0,0,0,0,1,0,1,0,1,0,1,0,1,0,1,1,1,0,0,0
3235-ETOOB,0,-0.992402037638553,0.323661805113429,-0.738161608670387,1,1,0,1,0,0,1,0,0,1,0,0,0,0,0,0,0,0,0,0,0,0,1,0,1,0,1
9708-KFDBY,0,-1.27744458367877,-1.46941715806582,-0.998347696947481,1,0,0,1,0,0,0,1,1,0,1,0,1,0,1,0,1,0,1,0,0,0,0,1,0,0,0
8058-INTPH,0,-1.27744458367877,0.494826896130539,-0.97225624396169,0,0,0,1,0,0,1,0,0,0,0,0,0,0,0,0,0,1,0,0,0,0,1,0,1,0,1
3642-GKTCT,0,1.16577723952306,1.67304096924832,2.08013471955376,0,0,0,1,0,1,1,0,0,1,0,1,0,1,0,1,0,1,0,1,1,0,1,0,0,1,0
0774-RMNUW,0,1.57298087672336,-0.168230106935744,0.812646368924187,0,1,1,0,1,0,0,0,0,1,0,1,0,0,0,1,0,1,0,1,0,1,0,0,0,0,0
1334-PDUKM,0,1.45081978556327,0.720831288153132,1.53680559621004,0,1,0,1,0,1,1,0,0,0,0,1,0,1,0,0,0,0,0,0,1,0,0,1,0,0,0
0756-MPZRL,0,0.5549717837226,-1.03236454702213,-0.328490478413783,1,0,0,0,1,0,0,0,0,0,0,0,0,1,0,1,0,0,0,0,1,0,0,1,0,0,0
2242-MFOTG,0,0.0256070553622056,0.509783069132034,0.141884116911287,1,0,0,1,0,1,1,0,0,1,0,0,0,0,0,0,0,0,0,0,1,0,0,0,0,0,0
2927-CVULT,0,0.840014329762813,1.30578383221161,1.45003275214308,0,1,1,1,0,1,1,0,0,1,0,1,0,1,0,1,0,0,0,1,0,1,1,0,0,0,0
2144-BFDSO,1,0.717853238602722,1.46199275022722,1.39065372631247,0,1,0,1,0,1,1,0,0,1,0,1,0,1,0,0,0,1,0,1,0,0,0,0,0,0,0
8745-PVESG,0,1.00289578464293,-0.786418590997542,-0.0104484694296168,0,0,0,0,1,0,0,0,0,1,0,0,0,1,0,1,0,0,0,0,1,0,1,1,0,0,0
7647-GYYKX,0,0.880734693482843,-1.47606434606648,-0.525169705235613,0,1,1,1,0,0,0,1,1,0,1,0,1,0,1,0,1,0,1,0,0,1,1,0,0,0,0
5647-FXOTP,1,1.12505687580303,1.36727032121775,1.81860211805151,0,1,0,1,0,1,1,0,0,0,0,1,0,1,0,0,0,1,0,1,0,0,1,0,1,0,0
5569-OUICF,1,-0.177994763237946,1.21438499720247,0.234109235840759,0,1,0,1,0,1,1,0,0,0,0,0,0,0,0,1,0,1,0,1,0,0,1,1,0,0,1
8821-XNHVZ,0,-1.27744458367877,0.508121272131868,-0.972079652063309,0,1,1,1,0,0,1,0,0,0,0,0,0,0,0,0,0,1,0,0,0,0,1,0,0,1,1
2082-OJVTK,0,-0.137274399517916,0.812230123162269,0.18384676676407,1,1,1,1,0,1,1,0,0,0,0,0,0,1,0,0,0,0,0,1,0,0,1,0,1,0,1
9700-ISPUP,0,-0.910961310198492,0.0245383450835263,-0.73507125044872,0,1,1,1,0,0,0,0,0,0,0,1,0,0,0,1,0,0,0,1,0,0,1,0,1,0,0
9839-ETQOE,0,0.432810692562509,-0.808021951999701,-0.162935573681603,1,0,1,0,1,0,0,0,0,1,0,1,0,1,0,0,0,0,0,0,0,0,1,0,1,0,0
6078-VESFR,1,-0.788800219038401,0.189056248099973,-0.632559653438554,1,1,0,1,0,0,1,0,0,0,0,0,0,0,0,0,0,0,0,0,0,0,0,0,0,0,0
9027-TMATR,0,0.432810692562509,0.466576347127715,0.520232259192562,0,1,0,1,0,0,0,0,0,1,0,0,0,1,0,1,0,1,0,1,0,1,1,0,1,0,0
5940-NFXKV,0,-0.544478036718219,0.627770656143829,-0.360321168096957,1,1,1,1,0,1,1,0,0,0,0,0,0,0,0,0,0,0,0,1,0,0,1,0,1,0,1
1941-HOSAM,0,-1.27744458367877,0.842142469165259,-0.967642780616486,1,1,1,1,0,0,1,0,0,0,0,0,0,0,0,0,0,1,0,1,0,0,1,0,1,0,0
9110-HSGTV,0,1.4915401492833,0.587887528139842,1.44513232696301,0,0,0,1,0,0,0,0,0,1,0,0,0,1,0,1,0,1,0,1,0,1,1,1,0,0,0
0704-VCUMB,0,1.16577723952306,-1.47938794006682,-0.442855806602773,0,1,0,1,0,0,0,1,1,0,1,0,1,0,1,0,1,0,1,0,0,1,0,1,0,0,0
6171-ZTVYB,0,0.432810692562509,0.0494653000860182,0.276116033668138,1,1,0,1,0,1,0,0,0,1,0,1,0,0,0,1,0,0,0,0,0,0,0,0,0,0,0
8053-WWDRO,0,-1.07384276507861,-1.50431489506931,-0.942831618893957,0,1,0,1,0,0,0,1,1,0,1,0,1,0,1,0,1,0,1,0,0,0,0,0,0,0,1
9564-KCLHR,0,-1.27744458367877,-0.449073799963819,-0.98479426874674,1,0,0,1,0,0,0,0,0,0,0,0,0,0,0,1,0,0,0,0,0,0,0,0,0,1,1
1935-IMVBB,0,0.962175420922904,0.82884809316393,1.17920700198853,1,1,0,1,0,0,1,0,0,0,0,0,0,0,0,0,0,1,0,1,0,0,0,0,0,1,0
2535-PBCGC,0,1.53226051300333,-0.00703579791963009,0.981402001814522,0,1,0,0,1,0,0,0,0,1,0,1,0,1,0,1,0,1,0,1,0,1,0,0,0,0,0
2082-CEFLT,0,-1.27744458367877,-0.636856860982591,-0.987288629311372,1,0,0,1,0,0,0,0,0,0,0,0,0,0,0,0,0,0,0,0,0,0,1,0,1,0,1
1470-PSXNM,0,0.677132874882691,0.960130056177054,0.988134567940298,1,1,1,1,0,1,1,0,0,0,0,1,0,1,0,0,0,1,0,0,1,0,1,0,1,0,0
1213-NGCUN,0,-1.07384276507861,-0.502251303969135,-0.889390495646409,0,0,0,1,0,0,0,0,0,0,0,0,0,0,0,1,0,0,0,0,0,0,1,0,0,0,1
2498-XLDZR,0,-0.0151133083578247,0.293749459110438,0.0154222436831985,0,1,1,1,0,0,0,0,0,1,0,1,0,1,0,1,0,0,0,1,0,1,0,0,0,1,0
9866-OCCKE,1,1.61370124044339,1.49522869023054,2.55768336075055,0,1,0,1,0,1,1,0,0,1,0,0,0,1,0,1,0,1,0,1,0,1,1,0,0,1,0
5338-YHWYT,0,0.188488510242327,-0.11006721192993,0.00902078736688758,1,0,1,1,0,0,0,0,0,1,0,1,0,0,0,1,0,0,0,0,0,1,0,1,0,0,0
7718-UPSKJ,0,1.4915401492833,1.38388829121942,2.19414686394598,0,1,0,1,0,0,1,0,0,1,0,1,0,0,0,1,0,1,0,1,1,0,1,1,0,0,0
8731-WBBMB,0,-0.259435490678007,0.569607761138015,-0.0897823797772773,0,1,0,1,0,0,0,0,0,0,0,1,0,1,0,1,0,1,0,1,0,0,0,0,0,0,0
1448-CYWKC,0,1.04361614836296,1.34400516321543,1.74096790472576,0,1,1,1,0,1,1,0,0,0,0,1,0,1,0,0,0,1,0,1,1,0,1,1,0,0,0
7901-IIDQV,0,-0.340876218118068,-0.337733400952688,-0.458991891317336,1,0,0,1,0,1,0,0,0,0,0,0,0,0,0,1,0,0,0,0,1,0,0,0,0,0,0
2690-DVRVK,0,-1.11456312879864,-1.46941715806582,-0.963514944991831,1,1,1,1,0,0,0,1,1,0,1,0,1,0,1,0,1,0,1,0,1,0,0,0,1,0,0
5688-KZTSN,0,-0.707359491598341,-1.48769692506765,-0.880251864905193,1,1,1,1,0,0,0,1,1,0,1,0,1,0,1,0,1,0,1,0,0,0,1,0,1,0,1
1270-XKUCC,0,-0.0965540357978854,-1.49766770706864,-0.742863367964781,0,1,1,1,0,0,0,1,1,0,1,0,1,0,1,0,1,0,1,0,0,1,0,0,0,1,0
0334-ZFJSR,0,0.921455057202873,0.0428181120853536,0.521026922735276,0,1,0,1,0,1,0,0,0,1,0,1,0,0,0,1,0,0,0,0,1,0,1,1,0,0,0
2894-QOJRX,0,-0.300155854398037,-1.02239376502113,-0.630837882429339,0,1,0,0,1,0,0,0,0,0,0,0,0,0,0,0,0,1,0,0,0,0,1,0,0,0,1
5747-PMBSQ,1,-0.910961310198492,0.921908725173233,-0.595033875032593,1,1,0,1,0,0,1,0,0,0,0,1,0,1,0,1,0,1,0,0,0,0,1,0,0,1,1
5583-EJXRD,0,0.473531056282539,-0.356013167954516,0.0411825868595257,1,1,1,0,1,0,0,0,0,1,0,1,0,1,0,1,0,0,0,1,0,1,1,1,0,0,0
4565-EVZMJ,0,0.595692147442631,-0.194818858938402,0.234484493624819,0,0,0,1,0,0,0,0,0,1,0,1,0,0,0,1,0,0,0,0,1,0,1,0,0,1,0
3143-JQEGI,0,-0.788800219038401,0.783979574159444,-0.467578672376112,0,1,1,1,0,0,1,0,0,0,0,0,0,0,0,0,0,1,0,1,0,0,0,0,1,0,1
6386-SZZKH,0,0.677132874882691,1.43540399822456,1.32942048554886,0,1,1,1,0,1,1,0,0,0,0,1,0,1,0,1,0,1,0,1,0,1,1,0,0,0,1
3327-YBAKM,0,1.28793833068315,1.06814686118785,1.78023752812824,0,1,0,1,0,0,1,0,0,1,0,0,0,0,0,1,0,1,0,1,1,0,1,0,0,1,0
9441-QHEVC,0,-1.27744458367877,-1.51760927107064,-0.998987842579112,1,0,0,1,0,0,0,1,1,0,1,0,1,0,1,0,1,0,1,0,0,0,0,0,0,1,0
6705-LNMDD,0,-0.503757672998189,-0.490618724967972,-0.56459384654917,1,0,0,1,0,0,0,0,0,0,0,0,0,0,0,1,0,0,0,0,0,0,0,0,0,1,0
2580-ASVVY,0,0.188488510242327,-0.643504048983255,-0.304098722449909,0,1,0,0,1,0,0,0,0,1,0,0,0,0,0,1,0,1,0,0,0,1,0,0,1,0,0
3370-GQEAL,0,-0.0965540357978854,0.68759534814981,0.100671982626622,1,1,1,1,0,1,1,0,0,0,0,0,0,0,0,0,0,1,0,0,0,0,0,0,1,0,0
5032-USPKF,0,0.229208873962357,0.642726829145324,0.399862806458618,0,0,0,1,0,1,0,0,0,1,0,1,0,1,0,0,0,1,0,1,1,0,0,0,0,0,0
2982-IHMFT,1,-1.27744458367877,0.322000008113263,-0.974551938640643,0,0,0,1,0,1,1,0,0,0,0,0,0,0,0,0,0,0,0,0,0,0,1,0,0,1,1
3521-SYVOR,0,0.188488510242327,-0.000388609918965505,0.0279381944809513,0,0,0,1,0,0,0,0,0,0,0,0,0,0,0,0,0,1,0,1,0,0,1,0,1,0,1
4254-QPEDE,0,0.799293966042782,0.0494653000860182,0.462751596269549,0,1,0,0,1,0,0,0,0,1,0,1,0,1,0,1,0,1,0,1,0,1,0,1,0,0,0
6283-GITPX,0,1.57298087672336,0.403428061121403,1.43074008724496,1,0,1,1,0,0,0,0,0,1,0,1,0,1,0,1,0,1,0,0,0,1,1,1,0,0,0
9526-JAWYF,0,-0.259435490678007,0.832171687164262,0.0235675449960219,1,0,0,1,0,0,1,0,0,0,0,1,0,1,0,0,0,1,0,0,0,0,0,0,1,0,1
0771-CHWSK,0,1.36937905812321,0.326985399113761,1.11097630725158,1,0,0,1,0,1,0,0,0,1,0,1,0,1,0,0,0,0,0,1,0,1,1,1,0,0,0
9788-HNGUT,0,1.61370124044339,1.73452745825447,2.78683342288719,1,1,0,1,0,1,1,0,0,1,0,1,0,1,0,1,0,1,0,1,0,1,1,1,0,0,0
9495-REDIY,0,-0.300155854398037,-0.801374763999037,-0.578941938292625,1,0,1,0,1,0,0,0,0,1,0,0,0,0,0,0,0,1,0,0,1,0,1,1,0,0,0
5375-XLDOF,0,1.4915401492833,1.64811401424583,2.37687533079572,1,1,1,1,0,1,1,0,0,1,0,1,0,1,0,1,0,1,0,1,0,1,1,0,0,0,0
1172-VIYBP,0,0.840014329762813,0.164129293097481,0.619896311841334,1,1,1,1,0,1,0,0,0,1,0,1,0,0,0,0,0,0,0,1,0,1,0,0,0,0,0
5649-VUKMC,0,-0.829520582758432,1.0216165451832,-0.515103967027897,0,0,0,1,0,0,1,0,0,0,0,0,0,1,0,0,0,1,0,1,1,0,0,0,0,1,1
6559-PDZLR,0,-0.259435490678007,1.12630975619367,0.112614009754637,1,0,0,1,0,0,1,0,0,0,0,0,0,1,0,1,0,1,0,1,0,0,1,0,1,0,0
8992-OBVDG,0,-0.463037309278159,-0.103420023929265,-0.392173931767429,1,0,0,1,0,0,0,0,0,0,0,0,0,1,0,0,0,0,0,1,0,0,0,0,0,1,0
4273-MBHYA,0,-1.27744458367877,0.817215514162767,-0.967973890425951,0,0,1,1,0,0,1,0,0,0,0,0,0,0,0,0,0,1,0,1,0,0,1,0,1,0,0
4724-WXVWF,0,0.636412511162661,1.01829295118287,0.955089808955755,1,0,0,1,0,1,1,0,0,1,0,0,0,0,0,1,0,0,0,1,0,0,1,0,1,0,0
5701-GUXDC,0,-0.259435490678007,-0.97586344901648,-0.575388026337708,0,1,0,0,1,0,0,0,0,1,0,0,0,1,0,0,0,0,0,0,1,0,0,1,0,0,0
1460-UZPRJ,0,1.12505687580303,-1.48935872206781,-0.451972363356692,1,1,0,1,0,0,0,1,1,0,1,0,1,0,1,0,1,0,1,0,0,1,0,0,0,1,0
6082-GLJIX,0,-0.58519840043825,-1.51262388007014,-0.861135791905451,1,0,0,1,0,0,0,1,1,0,1,0,1,0,1,0,1,0,1,0,0,0,0,0,0,1,0
5143-EGQFK,1,-0.910961310198492,-1.16697010403558,-0.878772907756252,0,0,0,0,1,0,0,0,0,0,0,0,0,0,0,1,0,0,0,0,0,0,1,0,1,0,1
4919-IKATY,0,-1.11456312879864,0.656021205146653,-0.807098671000867,1,1,1,1,0,1,1,0,0,1,0,0,0,1,0,0,0,0,0,0,0,0,1,0,1,0,1
2495-TTHBQ,0,-1.15528349251868,-1.47440254906632,-0.970004697257332,0,0,1,1,0,0,0,1,1,0,1,0,1,0,1,0,1,0,1,0,1,0,1,0,0,1,0
0485-ZBSLN,0,1.32865869440318,-1.32982621005186,-0.250238193443706,1,1,1,1,0,1,0,1,1,0,1,0,1,0,1,0,1,0,1,0,0,1,0,1,0,0,0
3810-PJUHR,0,1.53226051300333,-1.30988464604987,-0.250216119456409,1,1,1,1,0,1,0,1,1,0,1,0,1,0,1,0,1,0,1,0,0,1,0,0,0,1,0
9050-QLROH,0,-0.58519840043825,0.862084033167252,-0.302266581504206,1,0,0,1,0,1,1,0,0,0,0,0,0,1,0,0,0,0,0,1,0,0,1,1,0,0,1
0847-HGRML,0,1.20649760324309,-1.48769692506765,-0.45552627531161,1,0,1,1,0,0,0,1,1,0,1,0,1,0,1,0,1,0,1,0,0,1,0,0,0,0,0
8232-CTLKO,0,1.36937905812321,-0.166568309935578,0.757086142896067,0,1,1,1,0,0,0,0,0,1,0,0,0,0,0,0,0,1,0,0,0,1,1,0,1,0,0
9227-YBAXE,0,1.32865869440318,0.589549325140008,1.29494091738997,0,1,1,1,0,1,0,0,0,1,0,1,0,0,0,1,0,1,0,1,0,1,1,0,0,0,0
6168-WFVVF,1,-1.1960038562387,0.184070857099474,-0.903451625554996,0,0,0,1,0,0,1,0,0,0,0,0,0,0,0,0,0,0,0,0,0,0,1,0,1,0,1
9860-LISIZ,0,0.066327419082236,-1.47606434606648,-0.710215940751595,0,0,0,1,0,0,0,1,1,0,1,0,1,0,1,0,1,0,1,0,0,0,0,0,0,1,0
0112-QAWRZ,0,-0.66663912787831,0.865407627167585,-0.370718016114138,1,1,1,1,0,1,1,0,0,0,0,0,0,1,0,0,0,1,0,0,0,0,1,0,0,0,0
0877-SDMBN,0,0.880734693482843,1.30246023821128,1.48210625568653,0,0,0,1,0,1,1,0,0,1,0,0,0,1,0,0,0,1,0,1,1,0,1,0,0,0,1
2786-GCDPI,1,0.717853238602722,1.3356961782146,1.29814164554813,0,0,0,1,0,1,1,0,0,0,0,0,0,1,0,1,0,1,0,1,0,0,1,0,1,0,0
4043-MKDTV,0,1.57298087672336,1.34566696021559,2.21173983182219,1,1,0,1,0,0,1,0,0,0,0,1,0,1,0,1,0,1,0,1,0,1,1,0,1,0,0
8065-YKXKD,0,-0.910961310198492,0.331970790114259,-0.654390826875904,0,0,0,1,0,1,1,0,0,0,0,0,0,0,0,0,0,0,0,0,0,0,1,0,1,0,1
9637-EIHEQ,0,-1.27744458367877,-0.464029972965314,-0.984992934632419,0,0,0,1,0,0,0,0,0,0,0,0,0,0,0,1,0,0,0,0,0,0,1,0,1,0,1
9229-RQABD,0,-0.58519840043825,-1.36306215005519,-0.820011953569977,1,0,0,1,0,1,0,1,1,0,1,0,1,0,1,0,1,0,1,0,1,0,0,0,0,1,0
8313-KTIHG,0,-1.15528349251868,-0.115052602930428,-0.897315057086256,1,0,0,1,0,0,0,0,0,0,0,0,0,0,0,1,0,1,0,0,0,0,1,0,1,0,0
5320-BRKGK,0,1.04361614836296,0.366868527117748,0.942044082462859,0,1,1,1,0,1,0,0,0,1,0,0,0,1,0,1,0,1,0,0,0,1,0,0,0,1,0
6284-KMNUF,0,0.962175420922904,1.10470639519151,1.31944304329034,0,1,0,1,0,1,1,0,0,1,0,0,0,0,0,0,0,1,0,1,1,0,1,0,1,0,0
9689-PTNPG,0,-1.23672421995873,0.514768460132533,-0.943604208449374,1,0,0,1,0,0,1,0,0,0,0,0,0,0,0,0,0,1,0,0,0,0,1,0,1,0,1
9465-RWMXL,0,-0.0151133083578247,0.469899941128048,0.0733002383775686,1,1,0,1,0,1,1,0,0,0,0,0,0,1,0,0,0,0,0,0,0,0,1,0,1,0,1
6229-UOLQL,0,0.962175420922904,-0.424146844961327,0.266204813371505,1,1,1,0,1,0,0,0,0,1,0,1,0,0,0,1,0,1,0,0,1,0,1,0,0,1,0
2362-IBOOY,0,0.147768146522297,0.664330190147484,0.339159341390152,1,0,0,1,0,1,1,0,0,0,0,0,0,0,0,0,0,0,0,1,0,0,1,0,1,0,1
3137-LUPIX,0,-1.15528349251868,-0.0120211889201282,-0.895725730000827,0,0,0,1,0,1,0,0,0,0,0,0,0,0,0,1,0,1,0,0,0,0,1,0,0,1,0
0843-WTBXE,0,0.840014329762813,0.68759534814981,0.986854276677036,1,0,0,1,0,1,1,0,0,0,0,0,0,0,0,0,0,1,0,0,0,0,0,0,0,0,1
6143-JQKEA,0,-0.910961310198492,-0.630209672981926,-0.814846640542333,1,0,0,1,0,0,0,0,0,0,0,0,0,0,0,0,0,0,0,0,0,0,1,1,0,0,0
8676-OOQEJ,0,-1.15528349251868,-1.13871955503276,-0.955148903806031,1,0,0,0,1,0,0,0,0,0,0,0,0,0,0,1,0,0,0,0,0,0,0,0,1,0,0
5515-IDEJJ,0,-1.27744458367877,-1.49102051906798,-0.99863465878235,1,1,1,1,0,0,0,1,1,0,1,0,1,0,1,0,1,0,1,0,0,0,0,0,0,1,1
9701-CDXHR,0,0.758573602322752,0.145849526095653,0.603804375101366,0,1,0,1,0,0,1,0,0,0,0,0,0,0,0,0,0,0,0,0,0,0,0,0,0,1,0
7450-NWRTR,1,-0.829520582758432,1.15289850819632,-0.477578188621936,1,0,0,1,0,1,1,0,0,0,0,0,0,1,0,0,0,1,0,1,0,0,1,0,1,0,1
8124-NZVGJ,0,-1.07384276507861,-0.515545679970464,-0.894577882661351,0,0,0,0,1,0,0,0,0,0,0,0,0,0,0,1,0,1,0,1,1,0,1,0,0,1,0
2162-FRZAA,0,1.24721796696312,-0.844581486003356,0.0499459598166826,1,1,1,0,1,0,0,0,0,0,0,1,0,1,0,1,0,0,0,0,0,1,0,0,0,0,0
5376-DEQCP,0,-1.27744458367877,0.194041639100471,-0.97625163566256,0,0,0,1,0,0,1,0,0,0,0,0,0,0,0,0,0,0,0,0,0,0,1,0,1,0,1
5118-MUEYH,0,0.636412511162661,1.3406815692151,1.23686425680993,0,1,0,1,0,1,1,0,0,0,0,1,0,0,0,1,0,1,0,1,0,0,1,1,0,0,0
9095-HFAFX,0,-1.11456312879864,0.539695415135025,-0.835419596703719,0,0,0,1,0,0,1,0,0,0,0,0,0,0,0,0,0,1,0,0,0,0,1,1,0,0,1
5627-TVBPP,0,0.107047782802266,-1.48437333106731,-0.722886409460431,0,0,1,1,0,0,0,1,1,0,1,0,1,0,1,0,1,0,1,0,1,0,1,1,0,0,0
2379-ENZGV,0,-1.07384276507861,0.667653784147816,-0.776305458720681,1,0,0,1,0,0,1,0,0,0,0,1,0,0,0,0,0,1,0,0,0,0,1,0,1,0,1
3936-QQFLL,0,-1.23672421995873,-1.49600591006848,-0.990069951710872,1,0,0,1,0,0,0,1,1,0,1,0,1,0,1,0,1,0,1,0,0,0,0,0,0,1,0
2589-AYCRP,0,0.717853238602722,-1.49600591006848,-0.570774562992504,0,0,0,1,0,0,0,1,1,0,1,0,1,0,1,0,1,0,1,0,1,0,0,0,0,0,0
4067-HLYQI,0,0.0256070553622056,0.187394451099807,0.0548243110094574,0,0,0,1,0,0,1,0,0,0,0,0,0,0,0,0,0,0,0,0,0,0,1,0,0,0,0
5124-EOGYE,0,-0.0558336720778551,-1.47274075206615,-0.725513213948849,1,0,0,1,0,0,0,1,1,0,1,0,1,0,1,0,1,0,1,0,0,1,0,0,0,1,0
5057-RKGLH,0,-0.951681673918523,-1.47606434606648,-0.923053326275286,0,1,1,1,0,0,0,1,1,0,1,0,1,0,1,0,1,0,1,0,0,1,0,0,0,1,0
0292-WEGCH,0,0.880734693482843,0.712522303152301,0.989856338949513,0,1,1,1,0,1,0,0,0,0,0,1,0,1,0,1,0,1,0,1,0,0,1,0,1,0,0
8910-ICHIU,0,0.5549717837226,1.0266019361837,1.05172972534475,0,0,0,1,0,0,1,0,0,1,0,1,0,1,0,0,0,1,0,0,1,0,1,1,0,0,0
4097-YODCF,0,0.066327419082236,1.29747484721078,0.524867796525063,1,0,1,1,0,1,1,0,0,1,0,1,0,0,0,0,0,1,0,1,1,0,1,0,1,0,0
9715-WZCLW,0,1.57298087672336,1.07811764318885,2.04333738272862,1,1,1,1,0,1,1,0,0,1,0,0,0,0,0,0,0,1,0,1,0,1,1,0,1,0,0
9786-YWNHU,0,1.24721796696312,-0.0402717379229526,0.76476789047564,0,1,1,1,0,0,0,0,0,1,0,1,0,1,0,1,0,0,0,0,0,1,0,0,0,1,0
6407-GSJNL,0,0.758573602322752,-1.3231790220512,-0.43879419294001,0,0,0,1,0,1,0,1,1,0,1,0,1,0,1,0,1,0,1,0,0,1,0,0,0,0,0
6005-OBZPH,1,-0.259435490678007,0.810568326162103,-0.0018837623581386,0,0,0,1,0,1,1,0,0,0,0,1,0,0,0,0,0,1,0,0,0,0,1,0,1,0,1
4049-ZPALD,0,1.28793833068315,1.13794233519483,1.80736645851702,0,1,0,1,0,0,1,0,0,1,0,0,0,1,0,0,0,1,0,1,0,1,1,0,0,0,0
7932-WPTDS,1,-1.27744458367877,-1.3281644130517,-0.996471408027183,0,1,0,0,1,0,0,0,0,0,0,0,0,0,0,0,0,0,0,0,0,0,1,0,1,0,1
3733-UOCWF,1,1.16577723952306,0.690918942150142,1.31112115007913,1,1,0,1,0,1,1,0,0,0,0,1,0,0,0,1,0,0,0,0,1,0,1,0,0,0,0
6833-JMZYP,0,-0.707359491598341,0.971762635178217,-0.342794422182644,0,0,0,1,0,0,1,0,0,0,0,0,0,1,0,0,0,1,0,1,0,0,1,1,0,0,0
2722-VOJQL,0,1.28793833068315,1.35896133621692,2.04015872855776,1,0,0,1,0,1,1,0,0,0,0,1,0,0,0,1,0,1,0,1,1,0,1,1,0,0,1
1310-QRITU,0,-0.58519840043825,-0.480647942966975,-0.604216653748405,0,0,0,1,0,1,0,0,0,0,0,0,0,0,0,0,0,0,0,0,0,0,1,0,1,0,0
8961-QDZZJ,0,1.00289578464293,1.00499857518154,1.43652347191693,0,1,1,1,0,0,1,0,0,0,0,1,0,0,0,0,0,1,0,1,1,0,1,0,1,0,0
9715-SBVSU,0,-0.748079855318371,-0.111729008930096,-0.64737129891526,1,1,1,1,0,0,0,0,0,1,0,1,0,0,0,0,0,0,0,1,0,1,1,0,0,0,0
8490-BXHEO,1,-0.58519840043825,0.524739242133529,-0.384205222352986,1,0,0,1,0,1,1,0,0,0,0,1,0,0,0,0,0,0,0,0,0,0,1,1,0,0,0
7173-TETGO,1,1.61370124044339,0.456605565126718,1.46585980103548,0,1,0,1,0,1,1,0,0,1,0,0,0,0,0,0,0,0,0,0,0,1,0,0,0,0,0
7929-SKFGK,0,1.53226051300333,1.64645221724566,2.63227136382923,1,1,0,1,0,1,1,0,0,1,0,1,0,1,0,1,0,1,0,1,0,1,0,1,0,0,0
2300-RQGOI,0,0.229208873962357,-1.48603512806748,-0.680062874103041,0,0,0,1,0,0,0,1,1,0,1,0,1,0,1,0,1,0,1,0,0,1,0,0,0,1,0
3563-SVYLG,0,1.45081978556327,-0.0701840839259427,0.924406966612057,1,1,1,1,0,0,0,0,0,1,0,1,0,1,0,1,0,0,0,0,0,1,0,1,0,0,0
5228-EXCET,0,-0.788800219038401,0.534710024134526,-0.562099485984538,1,0,0,1,0,0,1,0,0,0,0,0,0,0,0,0,0,0,0,1,0,0,1,0,1,0,1
6435-VWCCY,1,1.32865869440318,0.928555913173897,1.62750761001598,1,1,0,1,0,1,1,0,0,1,0,1,0,0,0,0,0,1,0,0,0,1,1,1,0,0,0
4998-IKFSE,0,-0.0965540357978854,1.18613444819965,0.359798519513431,0,0,0,1,0,1,1,0,0,0,0,0,0,1,0,0,0,1,0,1,0,0,0,0,1,0,0
8630-QSGXK,0,0.758573602322752,0.346926963115754,0.714902753170308,1,1,0,1,0,1,0,0,0,0,0,0,0,0,0,1,0,1,0,1,0,1,1,0,0,0,0
2455-USLMV,0,-0.0558336720778551,0.664330190147484,0.146343062345407,0,0,0,1,0,1,1,0,0,1,0,0,0,1,0,0,0,0,0,0,0,0,1,1,0,0,0
7394-FKDNK,0,-0.951681673918523,0.820539108163099,-0.630793734454744,0,1,0,1,0,0,1,0,0,0,0,0,0,0,0,0,0,1,0,1,0,0,0,0,1,0,1
9488-FVZCC,0,1.61370124044339,0.489841505130041,1.49210577193235,0,1,1,1,0,1,0,0,0,1,0,1,0,1,0,1,0,0,0,1,0,1,1,0,0,0,0
6331-LWDTQ,0,-0.910961310198492,0.245557346105621,-0.656774817504048,1,0,0,1,0,1,0,0,0,0,0,0,0,0,0,0,0,1,0,1,0,0,1,1,0,0,1
5995-WWKKG,0,0.188488510242327,-1.49434411306831,-0.700569608302534,0,0,0,1,0,0,0,1,1,0,1,0,1,0,1,0,1,0,1,0,1,0,1,0,1,0,0
1597-FZREH,0,-1.23672421995873,0.386810091119741,-0.936430162577646,0,0,0,1,0,0,0,0,0,0,0,0,0,1,0,1,0,1,0,1,0,0,0,0,1,0,1
7879-CGSFV,0,0.921455057202873,1.20109062120114,1.44369751778866,1,0,0,1,0,0,1,0,0,1,0,1,0,0,0,0,0,1,0,1,1,0,1,0,0,1,0
9921-EZKBY,0,0.0256070553622056,1.01496935718254,0.43849228422946,1,0,1,1,0,1,1,0,0,1,0,0,0,1,0,0,0,0,0,1,0,0,1,0,0,0,0
7432-FFVAR,0,0.5549717837226,0.870393018168083,0.862952985975472,0,1,1,1,0,0,1,0,0,0,0,0,0,1,0,1,0,0,0,1,1,0,0,0,0,0,0
7246-ZGQDF,0,-1.27744458367877,-0.341056994953021,-0.983359459572395,0,0,1,1,0,0,0,0,0,1,0,0,0,0,0,1,0,0,0,0,0,0,0,0,1,0,0
7000-WCEVQ,1,-0.503757672998189,-0.105081820929431,-0.48896836606751,0,0,0,1,0,1,0,0,0,0,0,0,0,0,0,0,0,0,0,1,0,0,1,0,0,1,1
0727-IWKVK,0,-0.951681673918523,0.50313588113137,-0.67997457815385,1,1,0,1,0,0,1,0,0,0,0,1,0,1,0,0,0,0,0,0,0,0,1,0,1,0,1
5959-BELXA,1,-0.0151133083578247,1.04321990618536,0.32551761724022,1,0,0,1,0,1,1,0,0,0,0,0,0,0,0,0,0,1,0,1,0,0,1,1,0,0,1
4456-RHSNB,0,-0.544478036718219,-0.503913100969301,-0.582319258349162,0,1,1,1,0,0,0,0,0,0,0,0,0,1,0,0,0,0,0,0,0,0,1,0,0,0,0
3512-IZIKN,0,1.53226051300333,0.0178911570828618,1.09391311507051,0,1,0,1,0,1,0,0,0,1,0,0,0,1,0,1,0,0,0,0,0,1,0,1,0,0,1
2481-SBOYW,0,1.16577723952306,-1.32151722505103,-0.345928928378906,0,0,1,1,0,1,0,1,1,0,1,0,1,0,1,0,1,0,1,0,0,1,1,1,0,0,0
7109-MFBYV,0,-0.259435490678007,-0.641842251983089,-0.463009357005504,1,0,0,1,0,0,0,0,0,0,0,0,0,0,0,0,0,0,0,0,0,0,0,0,1,0,0
1833-TCXKK,0,0.51425142000257,1.4287568102239,1.14823719780997,1,1,0,1,0,1,1,0,0,0,0,1,0,1,0,0,0,1,0,1,0,0,1,0,0,0,0
1832-PEUTS,0,1.20649760324309,0.808906529161936,1.38171376145693,1,1,1,1,0,1,1,0,0,0,0,0,0,1,0,0,0,1,0,0,0,1,1,1,0,0,0
6141-OOXUQ,0,-1.27744458367877,-1.49932950406881,-0.998745028718839,1,0,0,1,0,0,0,1,1,0,1,0,1,0,1,0,1,0,1,0,0,0,0,0,0,1,1
8660-BUETV,0,-1.1960038562387,-0.665107409985415,-0.94205902933854,0,0,0,1,0,0,0,0,0,0,0,0,0,0,0,0,0,0,0,0,0,0,0,0,0,1,0
0580-PIQHM,0,0.351369965122448,1.22435577920347,0.727838109726716,0,1,1,1,0,1,1,0,0,1,0,1,0,1,0,0,0,0,0,1,1,0,1,0,0,0,0
5696-CEIQJ,0,1.41009942184324,1.27587148620862,2.03680348248852,1,1,1,1,0,0,1,0,0,0,0,1,0,1,0,1,0,1,0,1,0,1,0,0,0,0,0
7503-ZGUZJ,0,-1.27744458367877,0.661006596147152,-0.970048845231927,1,0,0,1,0,1,1,0,0,0,0,0,0,0,0,0,0,1,0,0,0,0,1,0,0,1,1
1696-HXOWK,0,1.57298087672336,1.0266019361837,2.01978443828205,0,1,0,1,0,1,1,0,0,1,0,1,0,0,0,0,0,1,0,0,1,0,0,0,0,1,0
3026-ATZYV,0,0.188488510242327,0.343603369115422,0.166386242811649,0,1,1,1,0,0,0,0,0,1,0,1,0,0,0,0,0,1,0,1,1,0,0,0,0,0,0
4012-YCFAI,0,1.12505687580303,-0.113390805930262,0.655280913479425,1,1,0,1,0,0,0,0,0,1,0,1,0,0,0,1,0,0,0,0,0,1,1,0,0,1,0
2506-TNFCO,1,-1.27744458367877,0.159143902096982,-0.97671518939581,0,1,0,1,0,0,1,0,0,0,0,0,0,0,0,0,0,0,0,0,0,0,1,0,1,0,1
9970-QBCDA,0,-1.07384276507861,-1.49766770706864,-0.950226404638661,0,0,0,1,0,0,0,1,1,0,1,0,1,0,1,0,1,0,1,0,0,0,0,1,0,0,0
8718-PTMEZ,0,-0.788800219038401,-1.12043978803093,-0.854116263944806,0,0,0,0,1,0,0,0,0,0,0,1,0,0,0,0,0,0,0,0,0,0,1,0,1,0,1
9496-IVVRP,0,-0.870240946478462,-0.457382784964649,-0.750611337506247,0,1,1,1,0,0,0,0,0,1,0,0,0,0,0,0,0,0,0,0,0,0,0,0,0,0,0
2207-OBZNX,0,-1.03312240135858,-0.457382784964649,-0.851114201672329,1,0,0,1,0,0,0,0,0,1,0,0,0,0,0,0,0,0,0,0,0,0,1,0,0,1,1
2657-VPXTA,0,-0.910961310198492,0.800597544161106,-0.597086755851272,0,1,1,1,0,0,1,0,0,0,0,0,0,0,0,0,0,1,0,1,0,0,1,0,1,0,0
6551-VLJMV,0,0.066327419082236,-1.48603512806748,-0.707655358225071,1,1,0,1,0,0,0,1,1,0,1,0,1,0,1,0,1,0,1,0,0,1,0,1,0,0,0
1221-GHZEP,0,1.20649760324309,0.0112439690821972,0.690842107015898,0,0,0,1,0,0,0,0,0,1,0,0,0,0,0,1,0,0,0,1,0,1,1,0,0,1,0
9289-LBQVU,0,1.28793833068315,0.179085466098976,0.970718191962472,1,1,0,1,0,1,0,0,0,0,0,1,0,0,0,1,0,0,0,1,1,0,1,0,0,1,0
6142-VSJQO,0,-1.27744458367877,-0.678401785986744,-0.987840478993812,0,1,1,1,0,0,0,0,0,0,0,0,0,0,0,0,0,0,0,0,0,0,1,0,0,0,1
3458-IDMFK,0,-0.300155854398037,-1.46276997006515,-0.786945120598136,1,0,0,1,0,0,0,1,1,0,1,0,1,0,1,0,1,0,1,0,0,1,1,0,0,1,0
6933-FHBZC,0,-0.259435490678007,-0.289541287947871,-0.321713764313413,0,0,0,1,0,0,0,0,0,0,0,1,0,1,0,0,0,0,0,0,1,0,1,0,0,1,0
0221-NAUXK,0,-0.910961310198492,-1.48935872206781,-0.910515301490235,1,0,1,1,0,0,0,1,1,0,1,0,1,0,1,0,1,0,1,0,1,0,1,0,0,0,0
9770-KXGQU,0,0.840014329762813,1.1246479591935,1.33765408281088,0,0,0,1,0,1,1,0,0,1,0,1,0,1,0,0,0,1,0,0,1,0,0,0,0,1,0
6437-UKHMV,0,-1.03312240135858,0.496488693130705,-0.748690900611354,0,0,0,1,0,0,1,0,0,0,0,0,0,0,0,0,0,1,0,0,0,0,1,0,1,0,1
6538-POCHL,0,0.0256070553622056,0.47322353512838,0.130184903643546,1,0,0,1,0,0,1,0,0,0,0,1,0,1,0,0,0,0,0,0,0,0,1,1,0,0,0
6726-NNFWD,1,1.57298087672336,0.820539108163099,1.83361242941389,0,1,0,1,0,0,1,0,0,0,0,1,0,1,0,0,0,0,0,1,0,1,0,1,0,0,0
3002-WQZWT,0,-0.137274399517916,0.313691023112432,-0.127440602107024,0,0,0,1,0,1,1,0,0,0,0,0,0,0,0,0,0,0,0,0,0,0,1,0,1,0,0
4277-UDIEF,0,-0.340876218118068,0.539695415135025,-0.158079296476126,1,1,1,1,0,1,0,0,0,1,0,0,0,0,0,1,0,1,0,1,0,0,0,0,0,0,0
1208-NBVFH,0,-0.503757672998189,-0.503913100969301,-0.592517440480664,1,1,1,1,0,0,0,0,0,0,0,0,0,1,0,0,0,0,0,0,0,0,1,0,1,0,0
4912-PIGUY,0,-1.27744458367877,0.659344799146985,-0.970070919219225,0,0,0,1,0,1,1,0,0,0,0,0,0,0,0,0,0,1,0,0,0,0,1,0,1,0,0
1114-CENIM,0,0.880734693482843,-0.32443902495136,0.357922230593133,1,0,1,1,0,1,0,0,0,0,0,1,0,0,0,0,0,0,0,0,0,0,1,1,0,0,1
6060-DRTNL,1,-1.11456312879864,0.667653784147816,-0.823963197296252,0,0,0,1,0,0,1,0,0,0,0,0,0,1,0,0,0,1,0,0,0,0,1,0,0,1,1
2725-TTRIQ,0,1.61370124044339,0.646050423145657,1.63552046740501,0,1,1,1,0,1,0,0,0,1,0,0,0,1,0,1,0,1,0,1,0,1,1,0,0,0,0
3374-TTZTK,0,0.799293966042782,1.38056469721908,1.41497926031445,1,1,0,1,0,0,1,0,0,1,0,1,0,1,0,1,0,1,0,1,0,1,1,0,1,0,0
8990-ZXLSU,0,-0.951681673918523,0.142525932095321,-0.719796051238764,0,0,0,1,0,0,1,0,0,0,0,0,0,0,0,0,0,0,0,0,0,0,0,0,1,0,0
2275-RBYQS,0,-1.27744458367877,-0.643504048983255,-0.987376925260562,0,0,0,1,0,0,0,0,0,0,0,0,0,0,0,0,0,0,0,0,0,0,1,0,0,1,0
8473-VUVJN,1,-1.27744458367877,0.295411256110605,-0.974905122437405,1,0,0,1,0,1,1,0,0,0,0,0,0,0,0,0,0,0,0,0,0,0,1,0,1,0,1
6289-CPNLD,0,0.0256070553622056,0.303720241111435,0.0543607572762074,1,1,1,1,0,0,0,0,0,0,0,0,0,1,0,1,0,1,0,1,1,0,1,0,0,1,1
5536-SLHPM,0,0.921455057202873,0.431678610124226,0.960762823691244,0,1,0,1,0,1,1,0,0,0,0,0,0,1,0,0,0,0,0,0,0,0,1,0,1,0,1
4419-UJMUS,0,1.4915401492833,1.14957491419599,2.01956369840908,1,1,1,1,0,1,1,0,0,0,0,0,0,0,0,1,0,1,0,1,0,1,1,0,1,0,0
7794-JASDG,0,-1.27744458367877,-0.46569176996548,-0.985015008619716,1,0,0,1,0,0,0,0,0,1,0,0,0,0,0,0,0,0,0,0,0,0,1,0,0,1,0
7609-YBPXG,0,0.880734693482843,0.742434649155291,1.08307478730738,1,0,0,1,0,1,0,0,0,1,0,0,0,1,0,1,0,1,0,1,0,1,0,0,0,0,0
5519-TEEUH,0,0.0256070553622056,-1.48271153406715,-0.70626469702532,1,0,1,1,0,0,0,1,1,0,1,0,1,0,1,0,1,0,1,0,1,0,1,0,0,1,0
7856-GANIL,1,0.51425142000257,1.12797155319383,0.990628928504929,1,1,0,1,0,1,1,0,0,0,0,1,0,1,0,1,0,1,0,0,1,0,1,0,0,0,0
0804-XBFBV,0,-0.870240946478462,-1.31487003705037,-0.865683033288761,0,0,1,0,1,0,0,0,0,0,0,0,0,0,0,0,0,0,0,0,0,0,0,0,1,0,0
2676-OXPPQ,0,-1.07384276507861,-0.301173866949034,-0.859237428997855,1,0,0,1,0,0,0,0,0,1,0,1,0,0,0,0,0,0,0,0,0,0,1,0,0,0,0
3703-TTEPD,0,-0.463037309278159,0.0195529540830278,-0.378576355592092,1,0,0,1,0,0,0,0,0,1,0,0,0,1,0,0,0,1,0,0,0,0,0,0,0,0,0
2799-TSLAG,0,1.32865869440318,-1.31154644305004,-0.235470695941596,0,1,1,1,0,1,0,1,1,0,1,0,1,0,1,0,1,0,1,0,0,1,1,0,0,0,0
0196-VULGZ,1,-1.07384276507861,0.651035814146155,-0.797761374373972,0,1,0,1,0,1,1,0,0,0,0,0,0,0,0,0,0,0,0,1,0,0,1,0,1,0,1
8837-VVWLQ,0,-0.992402037638553,0.670977378148148,-0.712335043532167,0,0,0,1,0,0,1,0,0,1,0,0,0,0,0,0,0,1,0,0,0,0,0,0,1,0,1
2696-NARTR,0,-0.870240946478462,0.302058444111269,-0.59849949103832,1,0,0,1,0,0,1,0,0,0,0,0,0,0,0,1,0,0,0,0,0,0,1,0,1,0,1
2208-NKVVH,0,0.432810692562509,-1.34644418005352,-0.531527013577329,1,1,1,1,0,1,0,1,1,0,1,0,1,0,1,0,1,0,1,0,0,1,0,0,0,1,0
7614-QVWQL,0,0.677132874882691,-0.430794032961991,0.114490298674935,1,1,1,0,1,0,0,0,0,0,0,1,0,0,0,0,0,1,0,1,1,0,1,0,0,0,1
1976-CFOCS,1,-1.27744458367877,-0.623562484981262,-0.987112037412991,0,1,0,1,0,0,0,0,0,0,0,0,0,0,0,0,0,0,0,0,0,0,0,0,1,0,1
4631-OACRM,1,-0.707359491598341,0.486517911129709,-0.497025371431143,1,0,0,1,0,0,1,0,0,0,0,0,0,0,0,0,0,0,0,1,0,0,1,0,1,0,1
7139-JZFVG,0,1.12505687580303,-0.141641354933086,0.623604741707335,1,1,1,1,0,0,0,0,0,1,0,1,0,1,0,0,0,0,0,0,0,1,0,0,0,0,0
4987-GQWPO,0,-0.62591876415828,-1.3181936310507,-0.838421658976195,1,0,0,0,1,0,0,0,0,0,0,0,0,0,0,0,0,0,0,0,0,0,0,1,0,0,0
3755-JBMNH,1,-0.66663912787831,0.233924767104458,-0.491860058403499,1,1,0,1,0,0,1,0,0,0,0,0,0,0,0,0,0,0,0,0,0,0,1,0,0,0,1
1757-TCATG,0,0.107047782802266,-1.48603512806748,-0.67774510543679,1,1,1,1,0,0,0,1,1,0,1,0,1,0,1,0,1,0,1,0,1,0,0,0,0,0,0
6345-ULYRW,1,0.473531056282539,0.785641371159611,0.720045992210654,1,1,0,1,0,1,1,0,0,0,0,1,0,0,0,0,0,0,0,1,1,0,0,0,0,1,1
4776-XSKYQ,0,-0.829520582758432,-1.14702854003359,-0.844580301432233,0,1,1,0,1,0,0,0,0,0,0,0,0,0,0,1,0,0,0,0,1,0,0,1,0,0,0
8048-DSDFQ,0,-1.27744458367877,-1.48104973706698,-0.998502214858565,1,0,0,1,0,0,0,1,1,0,1,0,1,0,1,0,1,0,1,0,0,0,0,0,0,1,0
5753-QQWPW,0,-0.177994763237946,-0.16158291893508,-0.276903570099236,0,0,0,1,0,0,0,0,0,1,0,1,0,0,0,1,0,0,0,0,1,0,1,0,1,0,0
6010-DDPPW,0,1.53226051300333,-1.31653183405053,-0.150574140794934,1,1,0,1,0,1,0,1,1,0,1,0,1,0,1,0,1,0,1,0,0,1,0,0,0,0,0
1809-DMJHQ,0,-1.11456312879864,-0.623562484981262,-0.90954404604914,0,0,1,1,0,0,0,0,0,0,0,0,0,0,0,0,0,0,0,0,0,0,0,0,0,1,1
6693-FRIRW,0,-0.58519840043825,1.21438499720247,-0.215118479653187,1,0,0,1,0,0,1,0,0,0,0,1,0,1,0,0,0,1,0,1,0,0,0,1,0,0,0
6586-MYGKD,0,1.53226051300333,0.405089858121569,1.32791945441262,1,1,0,1,0,1,0,0,0,1,0,0,0,0,0,1,0,1,0,1,0,1,1,1,0,0,0
3173-NVMPX,0,-0.951681673918523,-0.314468242950363,-0.786150457055422,0,1,1,1,0,1,0,0,0,0,0,1,0,0,0,0,0,0,0,0,0,0,1,0,0,1,0
0248-PGHBZ,1,1.41009942184324,0.920246928173067,1.70364079220548,0,0,0,1,0,0,1,0,0,1,0,1,0,0,0,1,0,1,0,0,0,1,1,0,0,0,0
0623-GDISB,0,-1.27744458367877,-0.542134431973122,-0.986030412035407,0,0,0,1,0,0,0,0,0,1,0,0,0,0,0,0,0,0,0,0,0,0,1,0,0,0,0
2892-GESUL,0,-0.58519840043825,-1.50930028606981,-0.870892494291,0,1,1,1,0,0,0,1,1,0,1,0,1,0,1,0,1,0,1,0,0,1,0,0,0,1,0
6923-EFPNL,0,-1.15528349251868,-0.432455829962157,-0.918638528815761,1,0,0,1,0,1,0,0,0,0,0,0,0,0,0,0,0,0,0,0,0,0,0,1,0,0,1
7472-EQOAV,1,1.57298087672336,0.729140273153963,1.72063776242465,1,1,1,1,0,0,1,0,0,1,0,1,0,1,0,0,0,0,0,0,1,0,1,0,0,0,0
9574-RKJIF,0,-0.0965540357978854,0.985057011179546,0.2458084491085,1,1,1,1,0,1,1,0,0,1,0,1,0,0,0,0,0,1,0,0,0,0,1,0,1,0,1
2043-WVTQJ,0,-1.27744458367877,-0.301173866949034,-0.982829683877252,1,1,0,1,0,0,0,0,0,1,0,0,0,1,0,0,0,0,0,0,0,0,0,0,0,1,0
8034-RYTVV,0,0.921455057202873,0.647712220145823,1.01890570623319,0,0,0,1,0,1,1,0,0,1,0,0,0,1,0,0,0,0,0,0,1,0,1,1,0,0,0
3863-QSTYI,0,1.084336512083,-0.00371220391929756,0.641705411291387,1,0,0,1,0,0,0,0,0,0,0,0,0,1,0,1,0,1,0,0,0,0,1,0,1,0,0
2619-WFQWU,0,-1.27744458367877,0.179085466098976,-0.976450301548238,0,0,0,1,0,0,1,0,0,0,0,0,0,0,0,0,0,0,0,0,0,0,1,0,0,1,1
5044-LRQAQ,0,-1.03312240135858,0.147511323095819,-0.796591453047198,0,1,0,1,0,0,1,0,0,0,0,0,0,0,0,0,0,0,0,0,0,0,1,0,0,0,0
1716-LSAMB,0,0.51425142000257,-0.336071603952522,0.119986721512043,1,1,1,1,0,0,0,0,0,1,0,0,0,0,0,1,0,0,0,0,0,1,0,0,0,0,0
1333-PBMXB,0,0.880734693482843,-1.32982621005186,-0.414888064696684,0,1,1,1,0,1,0,1,1,0,1,0,1,0,1,0,1,0,1,0,1,0,1,0,0,0,0
6546-OPBBH,0,0.758573602322752,-1.35641496205452,-0.470426216737506,1,1,1,1,0,1,0,1,1,0,1,0,1,0,1,0,1,0,1,0,1,0,1,0,0,1,0
5985-BEHZK,1,1.61370124044339,1.33735797521476,2.33813548308839,0,1,0,1,0,1,1,0,0,0,0,1,0,1,0,0,0,1,0,1,1,0,0,1,0,0,0
9127-QRZMH,0,0.473531056282539,-0.163244715935246,0.142171078746156,1,1,0,1,0,0,0,0,0,1,0,1,0,0,0,1,0,0,0,0,1,0,1,0,0,0,0
5919-VCZYM,0,-1.23672421995873,-1.48603512806748,-0.988568920574634,1,0,0,1,0,0,0,1,1,0,1,0,1,0,1,0,1,0,1,0,0,0,0,0,0,1,0
9644-KVCNC,0,1.36937905812321,0.91027614617207,1.66657856753277,0,0,0,1,0,1,1,0,0,0,0,0,0,1,0,0,0,1,0,0,1,0,1,0,0,0,0
2137-DQMEV,0,1.45081978556327,-0.663445612985249,0.309800938284312,1,1,1,0,1,0,0,0,0,1,0,1,0,0,0,0,0,1,0,0,1,0,0,0,0,1,0
8174-LNWMW,0,-0.0558336720778551,-1.45778457906466,-0.703086042854463,0,0,0,1,0,0,0,1,1,0,1,0,1,0,1,0,1,0,1,0,0,1,0,1,0,0,0
9279-CJEOJ,1,-0.463037309278159,1.01829295118287,-0.113379472198437,0,0,0,1,0,1,1,0,0,0,0,0,0,0,0,0,0,1,0,1,0,0,1,0,0,0,0
7964-VEXDG,0,-0.463037309278159,0.518092054132865,-0.236066693598632,1,0,1,1,0,1,1,0,0,1,0,0,0,0,0,0,0,0,0,0,0,0,0,0,1,0,0
2404-JIBFC,0,0.921455057202873,0.675962769148646,1.04897047693255,0,1,1,1,0,1,0,0,0,1,0,0,0,1,0,1,0,1,0,1,0,1,1,0,0,0,0
0778-NELLA,0,-0.951681673918523,-0.999128607018805,-0.876697952950276,1,0,0,0,1,0,0,0,0,0,0,0,0,0,0,0,0,1,0,0,0,0,1,1,0,0,1
8029-XYPWT,1,1.57298087672336,1.67137917224815,2.53174642567585,1,1,0,1,0,1,1,0,0,1,0,1,0,1,0,1,0,1,0,1,0,1,1,0,0,0,0
4614-NUVZD,0,-1.27744458367877,0.543019009135357,-0.971616098330059,0,0,0,1,0,0,1,0,0,0,0,0,0,0,0,0,0,0,0,1,0,0,1,0,1,0,1
4632-PAOYU,0,-0.422316945558128,-1.48935872206781,-0.816038635856405,1,1,1,1,0,0,0,1,1,0,1,0,1,0,1,0,1,0,1,0,1,0,0,0,0,1,0
3803-KMQFW,0,-1.27744458367877,-1.46941715806582,-0.998347696947481,0,1,1,1,0,0,0,1,1,0,1,0,1,0,1,0,1,0,1,0,0,0,0,0,0,1,1
6804-GDMOI,0,1.16577723952306,1.39053547922008,1.83058829315412,0,0,0,1,0,1,1,0,0,0,0,0,0,1,0,1,0,1,0,1,0,1,1,0,1,0,1
2990-OGYTD,0,1.41009942184324,0.710860506152135,1.5901804974957,0,1,0,1,0,1,0,0,0,0,0,1,0,1,0,1,0,1,0,1,0,1,0,0,0,0,0
6646-JPPHA,1,-0.748079855318371,0.468238144127881,-0.546603546901606,0,0,0,1,0,0,1,0,0,1,0,1,0,0,0,0,0,0,0,0,0,0,0,0,1,0,0
9572-MTILT,0,1.084336512083,1.39552087022058,1.75310859773946,1,1,0,1,0,1,1,0,0,1,0,1,0,1,0,1,0,1,0,0,0,0,1,0,1,0,1
7658-UYUQS,1,-0.463037309278159,0.724154882153464,-0.187481847556561,1,1,0,1,0,0,1,0,0,0,0,0,0,1,0,0,0,1,0,0,0,0,0,0,0,0,0
7880-XSOJX,0,-1.15528349251868,-0.743211868993223,-0.942787470919362,1,0,0,0,1,0,0,0,0,1,0,1,0,0,0,1,0,0,0,0,0,0,0,0,0,1,0
9611-CTWIH,0,-1.1960038562387,0.820539108163099,-0.901266300812531,0,0,0,1,0,0,1,0,0,0,0,0,0,0,0,0,0,1,0,1,0,0,1,0,1,0,1
4589-IUAJB,0,1.53226051300333,-1.34644418005352,-0.246242801742836,1,1,0,1,0,1,0,1,1,0,1,0,1,0,1,0,1,0,1,0,0,1,0,0,0,0,0
0329-GTIAJ,0,-1.1960038562387,1.10138280119117,-0.868221541827988,0,0,0,1,0,0,1,0,0,0,0,1,0,0,0,1,0,1,0,1,0,0,1,0,1,0,1
8746-BFOAJ,1,-0.463037309278159,-1.47107895506598,-0.817782480852917,1,0,0,1,0,0,0,1,1,0,1,0,1,0,1,0,1,0,1,0,1,0,0,0,0,0,0
8457-XIGKN,0,-0.503757672998189,-1.50099130106898,-0.850187094205829,1,0,0,1,0,0,0,1,1,0,1,0,1,0,1,0,1,0,1,0,0,0,1,1,0,0,0
6072-NUQCB,0,-0.422316945558128,-1.47938794006682,-0.791867619765506,1,1,1,1,0,0,0,1,1,0,1,0,1,0,1,0,1,0,1,0,1,0,0,0,0,0,0
6629-CZTTH,0,-1.27744458367877,-0.301173866949034,-0.982829683877252,1,0,0,1,0,0,0,0,0,0,0,0,0,0,0,0,0,0,0,1,0,0,1,0,0,1,1
8838-GPHZP,0,1.24721796696312,-1.46775536106565,-0.434070359658319,0,0,0,1,0,0,0,1,1,0,1,0,1,0,1,0,1,0,1,0,0,1,1,0,0,1,0
8750-QWZAJ,0,1.53226051300333,-1.49434411306831,-0.398729905994823,0,1,1,1,0,0,0,1,1,0,1,0,1,0,1,0,1,0,1,0,0,1,0,0,0,0,0
5364-EVNIB,0,-0.788800219038401,0.499812287131037,-0.577661647029363,1,0,0,1,0,0,1,0,0,0,0,1,0,1,0,0,0,0,0,0,0,0,1,0,1,0,1
6918-UMQCG,0,-1.11456312879864,0.513106663132367,-0.837781513344564,0,0,0,1,0,0,1,0,0,0,0,0,0,0,0,0,0,1,0,0,0,0,0,0,1,0,0
0675-NCDYU,0,1.61370124044339,1.71624769125264,2.76425173388172,0,1,1,1,0,1,1,0,0,1,0,1,0,1,0,1,0,1,0,1,0,1,1,1,0,0,0
6339-DKLMK,0,-0.788800219038401,-1.10049822402894,-0.835265078792635,0,0,0,0,1,0,0,0,0,0,0,1,0,0,0,0,0,0,0,0,0,0,1,0,1,0,0
1346-PJWTK,0,1.16577723952306,0.976748026178715,1.52307557611092,1,1,0,1,0,0,1,0,0,0,0,1,0,1,0,1,0,0,0,1,0,0,0,1,0,0,0
5088-QZLRL,0,-1.27744458367877,-1.46609356406549,-0.998303548972886,1,0,0,1,0,0,0,1,1,0,1,0,1,0,1,0,1,0,1,0,0,0,0,0,1,0,0
8023-QHAIO,1,0.962175420922904,0.401766264121236,0.880236918029512,0,1,0,1,0,1,1,0,0,0,0,0,0,0,0,1,0,0,0,0,0,0,1,0,0,0,0
4397-FRLTA,0,-1.15528349251868,-1.48271153406715,-0.97011506719382,0,0,0,1,0,0,0,1,1,0,1,0,1,0,1,0,1,0,1,0,0,0,0,0,0,1,0
3057-VJJQE,0,0.107047782802266,-0.316130039950529,-0.157968926539638,1,0,0,1,0,1,0,0,0,1,0,0,0,0,0,0,0,0,0,0,0,1,0,0,0,1,0
5087-SUURX,0,-0.58519840043825,-0.854552268004353,-0.711694897900536,0,1,0,0,1,0,0,0,0,0,0,0,0,1,0,0,0,1,0,0,0,0,1,0,1,0,1
2302-OUZXB,0,1.61370124044339,0.577916746138846,1.54623118878613,1,1,0,1,0,1,0,0,0,0,0,1,0,1,0,0,0,1,0,1,0,1,0,0,0,0,0
8133-ANHHJ,1,0.677132874882691,1.27088609520812,1.2733525578129,0,0,0,1,0,1,1,0,0,1,0,1,0,1,0,1,0,0,0,1,1,0,0,0,0,0,0
2270-CHBFN,0,0.473531056282539,1.00832216918187,0.785230476700538,0,1,0,1,0,1,1,0,0,1,0,1,0,1,0,1,0,0,0,0,0,0,1,1,0,0,0
0013-EXCHZ,1,-1.1960038562387,0.63607964114466,-0.889368421659112,0,1,0,1,0,0,1,0,0,0,0,0,0,0,0,1,0,1,0,0,0,0,1,0,0,1,1
5982-FPVQN,0,0.188488510242327,1.00998396618204,0.552261614761414,0,1,1,1,0,1,1,0,0,0,0,1,0,1,0,0,0,0,0,1,0,0,1,0,1,0,0
9107-UKCKY,0,1.16577723952306,0.499812287131037,1.16236454968044,1,1,0,1,0,1,0,0,0,0,0,1,0,1,0,0,0,1,0,1,1,0,1,0,1,0,0
4654-ULTTN,0,1.53226051300333,0.333632587114425,1.33939792780739,1,1,0,1,0,1,0,0,0,1,0,0,0,1,0,1,0,0,0,1,0,1,1,1,0,0,0
5550-VFRLC,1,-1.27744458367877,0.169114684097979,-0.976582745472024,0,0,0,1,0,0,1,0,0,0,0,0,0,0,0,0,0,0,0,0,0,0,1,0,1,0,1
5546-BYZSM,0,0.351369965122448,-1.47274075206615,-0.665008414766061,0,0,0,1,0,0,0,1,1,0,1,0,1,0,1,0,1,0,1,0,0,0,0,0,1,0,0
1492-KGETH,0,1.53226051300333,0.45162017412622,1.3968565167431,1,1,1,1,0,1,0,0,0,1,0,1,0,1,0,1,0,0,0,1,1,0,0,0,0,0,0
4929-BSTRX,0,-1.27744458367877,-0.372631137956177,-0.983778865331049,0,0,0,1,0,0,0,0,0,0,0,0,0,0,0,0,0,1,0,0,0,0,1,0,0,1,1
4163-HFTUK,0,0.758573602322752,-1.51760927107064,-0.562496817755895,1,0,0,1,0,0,0,1,1,0,1,0,1,0,1,0,1,0,1,0,1,0,0,0,1,0,0
8215-NGSPE,0,0.392090328842479,-1.48769692506765,-0.639424663488115,0,1,1,1,0,0,0,1,1,0,1,0,1,0,1,0,1,0,1,0,0,1,0,0,0,1,0
2225-ZRGSG,0,1.53226051300333,0.968439041177884,1.89709721688186,0,1,1,1,0,1,1,0,0,1,0,1,0,1,0,1,0,0,0,0,0,1,0,0,0,0,1
8859-YSTWS,0,0.636412511162661,-1.48935872206781,-0.563953700917539,1,0,0,1,0,0,0,1,1,0,1,0,1,0,1,0,1,0,1,0,1,0,0,0,0,0,0
5271-YNWVR,0,1.45081978556327,1.60823088624184,2.46084477847588,1,1,1,1,0,1,1,0,0,1,0,1,0,1,0,1,0,1,0,1,0,1,1,0,1,0,1
7601-DHFWZ,0,0.636412511162661,-1.35475316505436,-0.485127492277723,0,0,0,1,0,1,0,1,1,0,1,0,1,0,1,0,1,0,1,0,0,1,0,1,0,0,0
2657-ALMWY,1,-0.259435490678007,0.670977378148148,-0.0495194269464112,0,1,0,1,0,0,1,0,0,0,0,1,0,0,0,0,0,0,0,1,0,0,0,0,1,0,1
6330-JKLPC,0,-0.870240946478462,0.523077445133363,-0.611456921582025,1,1,0,1,0,1,1,0,0,0,0,1,0,0,0,0,0,0,0,0,0,0,1,0,0,0,1
4667-OHGKG,0,-1.27744458367877,-1.51096208306997,-0.998899546629922,1,0,0,1,0,0,0,1,1,0,1,0,1,0,1,0,1,0,1,0,0,0,1,0,0,1,1
1998-VHJHK,0,-0.218715126957977,-1.51594747407047,-0.786084235093529,0,0,0,1,0,0,0,1,1,0,1,0,1,0,1,0,1,0,1,0,1,0,0,0,0,1,0
1707-HABPF,1,0.5549717837226,0.882025597169246,0.814279843984211,0,0,0,1,0,0,1,0,0,0,0,1,0,1,0,0,0,1,0,0,1,0,1,0,0,0,0
1660-HSOOQ,0,-1.27744458367877,-0.502251303969135,-0.985500636340264,1,0,0,1,0,0,0,0,0,0,0,0,0,1,0,0,0,0,0,0,0,0,1,0,0,1,1
7253-UVNDW,0,0.5549717837226,-0.346042385953519,0.078686291278189,0,0,0,1,0,0,0,0,0,0,0,0,0,1,0,1,0,0,0,0,0,1,0,1,0,0,1
0487-VVUVK,0,-0.300155854398037,-1.51594747407047,-0.7965693790599,1,1,1,1,0,0,0,1,1,0,1,0,1,0,1,0,1,0,1,0,0,0,1,0,0,1,0
7228-OMTPN,0,-1.15528349251868,0.787303168159777,-0.843785637889518,1,0,0,1,0,0,1,0,0,0,0,0,0,0,0,0,0,1,0,1,0,0,1,0,1,0,1
5063-IUOKK,0,-0.788800219038401,-1.49600591006848,-0.890096863239933,1,0,0,1,0,0,0,1,1,0,1,0,1,0,1,0,1,0,1,0,0,1,0,0,0,1,0
4508-OEBEY,0,-0.0558336720778551,0.356897745116751,0.0629254643476854,1,1,0,1,0,0,0,0,0,1,0,1,0,1,0,1,0,0,0,1,1,0,1,1,0,0,0
0027-KWYKW,0,-0.381596581838098,0.631094250144161,-0.190704649702014,0,1,1,1,0,1,1,0,0,0,0,0,0,0,0,0,0,1,0,0,0,0,1,0,1,0,0
2308-STERM,0,-1.23672421995873,-1.50763848906964,-0.980467767236406,0,0,0,1,0,0,0,1,1,0,1,0,1,0,1,0,1,0,1,0,0,0,0,0,0,1,0
5982-XMDEX,0,1.32865869440318,-1.27166331504605,-0.25754468323922,0,0,0,1,0,1,0,1,1,0,1,0,1,0,1,0,1,0,1,0,0,1,0,0,0,0,0
6284-AHOOQ,1,-0.422316945558128,0.855436845166588,-0.163928903109996,1,0,0,1,0,1,1,0,0,0,0,0,0,0,0,1,0,1,0,0,0,0,1,0,0,0,1
6051-PTVNS,0,0.921455057202873,-1.51594747407047,-0.566779171291634,0,1,1,1,0,0,0,1,1,0,1,0,1,0,1,0,1,0,1,0,1,0,0,1,0,0,0
2344-JMOGN,0,-0.951681673918523,1.00001318418104,-0.614238243981526,1,1,0,1,0,0,1,0,0,0,0,1,0,1,0,1,0,1,0,0,0,0,1,0,0,1,1
3799-ISUZQ,0,-1.03312240135858,0.172438278098311,-0.773656580244967,1,1,1,1,0,0,1,0,0,0,0,0,0,0,0,0,0,0,0,0,0,0,1,0,0,0,1
2877-VDUER,0,0.107047782802266,-0.793065778998206,-0.396588729226953,0,1,1,0,1,0,0,0,0,0,0,0,0,0,0,1,0,1,0,0,1,0,0,0,0,1,0
9152-AMKAK,0,-1.07384276507861,0.514768460132533,-0.789593999073851,1,0,0,1,0,0,0,0,0,1,0,0,0,1,0,1,0,1,0,1,0,1,1,0,0,1,0
1794-HBQTJ,0,-1.27744458367877,-0.537149040972623,-0.985964190073514,0,0,0,1,0,0,0,0,0,1,0,0,0,0,0,0,0,0,0,0,0,0,1,1,0,0,1
9432-VOFYX,0,-0.62591876415828,0.200688827101135,-0.474554052362161,1,0,0,1,0,0,1,0,0,0,0,0,0,0,0,0,0,0,0,0,0,0,1,0,1,0,0
8049-WJCLQ,0,-0.910961310198492,-0.151612136934083,-0.758646268882582,1,1,1,1,0,0,0,0,0,0,0,0,0,1,0,0,0,1,0,0,0,0,0,0,0,1,0
6586-PSJOX,0,-0.707359491598341,-0.317791836950695,-0.625738791363588,1,0,1,1,0,0,0,0,0,0,0,0,0,1,0,1,0,0,0,0,1,0,0,1,0,0,0
2460-FPSYH,1,0.310649601402418,-0.297850272948702,-0.0761848036019411,0,0,0,0,1,0,0,0,0,1,0,1,0,0,0,0,0,1,0,1,0,0,1,0,1,0,1
9705-ZJBCG,0,-0.788800219038401,-0.352689573954184,-0.697920729826819,0,1,1,1,0,0,0,0,0,1,0,0,0,0,0,1,0,0,0,0,1,0,0,0,0,0,0
4818-DRBQT,0,-0.137274399517916,0.511444866132201,-0.00735811120794939,1,1,0,1,0,1,1,0,0,0,0,1,0,0,0,0,0,0,0,0,0,0,1,0,0,0,1
1320-HTRDR,0,-1.1960038562387,0.356897745116751,-0.910029673769688,0,0,0,1,0,1,1,0,0,0,0,0,0,0,0,0,0,0,0,0,0,0,1,0,1,0,1
6847-KJLTS,1,1.04361614836296,1.18447265119948,1.53100013755076,0,1,0,1,0,1,1,0,0,0,0,0,0,0,0,1,0,1,0,1,0,0,1,0,0,0,0
9670-BPNXF,0,0.51425142000257,-0.073507677926275,0.227155929842008,0,0,0,1,0,0,0,0,0,1,0,1,0,0,0,1,0,0,0,0,1,0,1,1,0,0,0
3913-FCUUW,0,1.61370124044339,0.189056248099973,1.27313181793992,0,1,1,1,0,1,0,0,0,1,0,1,0,1,0,1,0,0,0,0,0,1,1,0,0,0,0
3301-VKTGC,0,1.45081978556327,0.689257145149976,1.50751341506609,1,1,1,1,0,1,1,0,0,1,0,1,0,0,0,0,0,0,0,0,1,0,1,0,0,0,0
1493-AMTIE,0,-1.27744458367877,-1.48104973706698,-0.998502214858565,1,0,0,1,0,0,0,1,1,0,1,0,1,0,1,0,1,0,1,0,0,0,1,0,0,0,1
9555-SAHUZ,0,0.229208873962357,-0.341056994953021,-0.0908860791421585,0,1,1,1,0,0,0,0,0,1,0,1,0,0,0,0,0,0,0,0,0,0,0,0,1,0,0
0816-TSPHQ,0,-1.23672421995873,-1.46276997006515,-0.987906700955705,1,0,0,1,0,0,0,1,1,0,1,0,1,0,1,0,1,0,1,0,0,0,0,0,0,1,0
9932-WBWIK,0,-0.870240946478462,-1.47606434606648,-0.912391590410533,1,0,0,1,0,0,0,1,1,0,1,0,1,0,1,0,1,0,1,0,0,0,0,0,0,1,0
4619-EVPHY,1,-0.503757672998189,0.872054815168249,-0.186488518128168,0,1,0,1,0,0,1,0,0,0,0,0,0,0,0,0,0,1,0,1,1,0,1,0,0,0,0
5286-YHCVC,0,1.61370124044339,1.3307107872141,2.29047774451282,1,1,0,1,0,1,1,0,0,0,0,1,0,1,0,0,0,1,0,1,0,1,1,0,0,0,0
6424-ELEYH,0,-1.1960038562387,0.331970790114259,-0.906100504030711,0,1,0,1,0,1,1,0,0,0,0,0,0,0,0,0,0,0,0,0,0,0,1,1,0,0,1
4391-RESHN,0,-0.381596581838098,1.30578383221161,0.0830790147504161,1,0,0,1,0,1,1,0,0,0,0,0,0,1,0,1,0,1,0,1,0,0,1,0,0,1,1
9115-YQHGA,0,0.310649601402418,-0.454059190964317,-0.0834471454228593,1,0,0,1,0,0,0,0,0,0,0,0,0,0,0,1,0,0,0,0,0,0,1,0,1,0,0
4462-CYWMH,1,1.20649760324309,0.832171687164262,1.47791219809998,1,1,0,1,0,1,1,0,0,0,0,1,0,0,0,0,0,0,0,1,0,0,1,0,0,0,0
8963-MQVYN,0,-0.422316945558128,-1.46941715806582,-0.799990847091032,0,0,1,1,0,0,0,1,1,0,1,0,1,0,1,0,1,0,1,0,0,0,1,0,1,0,0
2458-EOMRE,0,-0.870240946478462,-0.0236537679212913,-0.683396046184982,0,0,0,1,0,0,0,0,0,1,0,0,0,1,0,0,0,0,0,1,0,0,0,0,0,0,0
9334-GWGOW,1,-1.03312240135858,0.335294384114591,-0.793192059003364,1,1,0,1,0,1,1,0,0,0,0,0,0,0,0,0,0,0,0,0,0,0,1,0,1,0,0
6821-BUXUX,0,-0.788800219038401,1.05983787618702,-0.457998561888943,0,0,0,1,0,1,1,0,0,1,0,1,0,0,0,0,0,1,0,0,0,0,1,0,1,0,1
5028-HTLJB,1,-1.27744458367877,-1.48603512806748,-0.998568436820457,1,0,0,1,0,0,0,1,1,0,1,0,1,0,1,0,1,0,1,0,0,0,0,0,0,1,1
9801-GDWGV,0,0.269929237682388,1.28584226820961,0.756048665493079,0,0,0,1,0,1,1,0,0,0,0,1,0,1,0,0,0,1,0,1,0,0,1,0,1,0,1
6542-LWGXJ,0,-1.1960038562387,-1.32151722505103,-0.972874315606023,1,1,0,0,1,0,0,0,0,0,0,0,0,0,0,0,0,0,0,0,0,0,0,0,0,1,0
5567-GZKQY,0,1.04361614836296,-1.47772614306665,-0.507885773181574,1,0,0,1,0,0,0,1,1,0,1,0,1,0,1,0,1,0,1,0,0,1,0,1,0,0,0
1222-LRYKO,0,-1.07384276507861,-1.27664870604655,-0.926165758484251,1,0,1,1,0,1,0,1,1,0,1,0,1,0,1,0,1,0,1,0,0,0,0,0,0,1,0
2320-JRSDE,0,-1.27744458367877,-1.49102051906798,-0.99863465878235,0,1,1,1,0,0,0,1,1,0,1,0,1,0,1,0,1,0,1,0,0,0,1,0,1,0,1
2087-QAREY,0,-0.422316945558128,-0.334409806952356,-0.487025855185319,0,1,0,1,0,0,0,0,0,0,0,1,0,1,0,0,0,0,0,0,0,0,1,0,0,1,0
0601-WZHJF,0,-0.748079855318371,-0.611929905980099,-0.712644079354334,1,1,0,0,1,0,0,0,0,0,0,0,0,0,0,0,0,1,0,1,0,0,0,0,1,0,1
4423-JWZJN,0,1.28793833068315,0.847127860165757,1.4777356062016,1,1,1,1,0,1,1,0,0,0,0,0,0,1,0,0,0,0,0,1,1,0,0,1,0,0,0
5143-WMWOG,0,-1.27744458367877,-1.48935872206781,-0.998612584795053,1,0,0,1,0,0,0,1,1,0,1,0,1,0,1,0,1,0,1,0,0,0,0,0,1,0,1
6490-FGZAT,0,-1.07384276507861,-1.46609356406549,-0.959166369494199,1,0,0,1,0,0,0,1,1,0,1,0,1,0,1,0,1,0,1,0,0,0,0,0,0,1,0
5393-RXQSZ,0,-1.27744458367877,0.493165099130373,-0.972278317948987,1,0,0,1,0,0,1,0,0,0,0,0,0,0,0,0,0,0,0,1,0,0,0,0,1,0,1
7452-FOLON,0,0.269929237682388,-1.30656105204954,-0.58428384321865,1,0,1,1,0,1,0,1,1,0,1,0,1,0,1,0,1,0,1,0,1,0,0,0,0,0,0
2320-TZRRH,0,-0.503757672998189,-1.50431489506931,-0.829437546146062,0,0,0,1,0,0,0,1,1,0,1,0,1,0,1,0,1,0,1,0,1,0,0,0,0,1,0
0231-LXVAP,0,-1.27744458367877,0.37019212111808,-0.973911793009012,1,0,0,1,0,0,1,0,0,0,0,0,0,0,0,1,0,0,0,0,0,0,1,0,1,0,1
9444-JTXHZ,0,-1.27744458367877,0.380162903119077,-0.973779349085226,1,1,0,1,0,0,1,0,0,0,0,0,0,1,0,0,0,0,0,0,0,0,0,0,1,0,1
4942-VZZOM,0,1.28793833068315,0.0461417060856861,0.931779678369464,1,1,0,1,0,1,0,0,0,1,0,0,0,0,0,0,0,1,0,0,1,0,1,1,0,0,0
5510-BOIUJ,0,-1.27744458367877,-1.51262388007014,-0.99892162061722,1,0,1,1,0,0,0,1,1,0,1,0,1,0,1,0,1,0,1,0,0,0,0,0,0,1,1
7502-BNYGS,0,0.5549717837226,0.144187729095487,0.391187729450652,0,1,0,1,0,0,0,0,0,0,0,1,0,0,0,0,0,1,0,1,0,0,1,1,0,0,0
4291-HYEBC,1,-0.177994763237946,-0.852890471004187,-0.523293416315315,0,1,1,0,1,0,0,0,0,0,0,1,0,0,0,0,0,0,0,1,1,0,1,0,1,0,0
6147-CBCRA,0,0.0256070553622056,-1.48603512806748,-0.711871489798917,0,1,0,1,0,0,0,1,1,0,1,0,1,0,1,0,1,0,1,0,0,0,0,0,0,1,0
6047-SUHPR,0,0.269929237682388,-0.164906512935412,0.0273421968239155,1,1,1,1,0,0,0,0,0,1,0,1,0,1,0,0,0,0,0,0,1,0,0,0,1,0,0
4471-KXAUH,0,0.392090328842479,0.649374017145989,0.576785814649075,0,1,0,1,0,1,1,0,0,0,0,0,0,1,0,1,0,0,0,0,0,0,1,0,1,0,1
9752-ZNQUT,0,-1.27744458367877,-0.537149040972623,-0.985964190073514,0,0,0,1,0,0,0,0,0,0,0,1,0,0,0,0,0,0,0,0,0,0,1,0,1,0,0
7638-QVMVY,0,-1.03312240135858,0.47322353512838,-0.776548272580955,0,0,0,1,0,0,1,0,0,0,0,0,0,0,0,0,0,1,0,0,0,0,1,0,1,0,1
1576-PFZIW,1,1.53226051300333,1.34899055421593,2.30893159789363,1,1,0,1,0,0,1,0,0,1,0,1,0,1,0,0,0,1,0,1,0,1,0,1,0,0,0
5666-MBJPT,0,1.32865869440318,-1.3181936310507,-0.245867543958777,1,0,0,1,0,1,0,1,1,0,1,0,1,0,1,0,1,0,1,0,0,1,1,0,0,0,0
7312-XSBAT,0,-1.27744458367877,-0.498927709968802,-0.985456488365669,1,0,0,1,0,0,0,0,0,1,0,0,0,0,0,0,0,0,0,0,0,0,0,0,1,0,0
3096-GKWEB,0,-0.58519840043825,0.996689590180708,-0.260480523549804,1,1,0,1,0,1,1,0,0,0,0,0,0,0,0,0,0,1,0,1,0,0,1,0,1,0,0
2371-JQHZZ,0,-0.340876218118068,0.938526695174894,-0.014951562838332,1,1,0,1,0,1,1,0,0,0,0,0,0,0,0,0,0,1,0,1,0,0,1,0,1,0,0
0674-GCDXG,0,1.24721796696312,0.23724836110479,0.970055972343544,1,0,0,1,0,1,0,0,0,1,0,0,0,1,0,1,0,0,0,1,0,1,1,0,0,0,0
1121-QSIVB,0,0.473531056282539,0.425031422123562,0.525000240448849,0,0,1,1,0,1,0,0,0,0,0,1,0,0,0,0,0,1,0,1,1,0,1,0,0,1,0
4396-KLSEH,0,-1.15528349251868,-1.49268231606814,-0.979606881731799,1,0,0,1,0,0,0,1,1,0,1,0,1,0,1,0,1,0,1,0,0,0,1,0,1,0,0
3244-DCJWY,0,-1.27744458367877,0.182409060099308,-0.976406153573643,0,0,0,1,0,0,1,0,0,0,0,0,0,0,0,0,0,0,0,0,0,0,1,0,1,0,1
2824-MYYBN,0,0.188488510242327,1.01330756018237,0.455709994321607,0,1,1,1,0,1,1,0,0,0,0,0,0,0,0,0,0,1,0,1,0,0,1,0,1,0,0
0875-CABNR,1,-0.910961310198492,0.659344799146985,-0.625297311617636,0,0,0,1,0,0,1,0,0,0,0,0,0,1,0,0,0,0,0,1,0,0,1,1,0,0,1
6345-HOVES,0,0.066327419082236,-1.31985542805087,-0.630970326353125,1,0,0,0,1,0,0,0,0,0,0,0,0,0,0,0,0,0,0,0,0,0,1,0,0,0,0
8318-LCNBW,0,0.107047782802266,-0.385925513957506,-0.154966864267161,1,1,0,0,1,0,0,0,0,1,0,0,0,1,0,0,0,1,0,1,1,0,0,1,0,0,0
6469-QJKZW,0,-1.15528349251868,-1.48271153406715,-0.967068856946748,0,1,0,1,0,0,0,1,1,0,1,0,1,0,1,0,1,0,1,0,0,0,0,0,1,0,0
0147-ESWWR,1,0.269929237682388,1.2127232002023,0.736049633001432,0,1,0,1,0,1,1,0,0,0,0,0,0,0,0,1,0,1,0,1,0,0,1,0,1,0,0
1217-VASWC,1,0.432810692562509,1.18945804219998,0.892708720852669,1,1,0,1,0,0,1,0,0,0,0,1,0,1,0,0,0,1,0,1,1,0,1,0,0,0,0
7812-FZHPE,0,-0.62591876415828,-1.35142957105402,-0.826457557860883,0,1,1,1,0,1,0,1,1,0,1,0,1,0,1,0,1,0,1,0,0,0,0,0,0,1,1
6370-ZVHDV,0,1.16577723952306,-1.31154644305004,-0.320963248745293,0,1,0,1,0,1,0,1,1,0,1,0,1,0,1,0,1,0,1,0,0,1,0,0,0,0,0
5915-DGNVC,0,0.677132874882691,0.233924767104458,0.525419646207504,0,1,0,1,0,1,0,0,0,1,0,1,0,1,0,0,0,0,0,1,1,0,0,0,1,0,0
6260-XLACS,0,-1.15528349251868,-1.49766770706864,-0.955413791653603,1,0,0,1,0,0,0,1,1,0,1,0,1,0,1,0,1,0,1,0,1,0,0,0,0,1,0
3566-CAAYU,0,1.28793833068315,-0.49560411596847,0.409884396691739,0,1,1,0,1,0,0,0,0,0,0,1,0,1,0,1,0,0,0,1,0,1,0,0,1,0,0
4983-CCWMC,0,-1.1960038562387,0.160805699097148,-0.91585720641626,1,0,0,1,0,0,1,0,0,0,0,0,0,0,0,0,0,0,0,0,0,0,1,0,0,1,0
9103-CXVOK,0,-1.27744458367877,-1.49600591006848,-0.998700880744243,1,1,1,1,0,0,0,1,1,0,1,0,1,0,1,0,1,0,1,0,0,0,0,0,1,0,0
2896-TBNBE,0,0.310649601402418,0.53304822713436,0.375625568405827,1,1,0,1,0,0,1,0,0,0,0,1,0,1,0,0,0,0,0,0,1,0,0,0,1,0,0
4797-AXPXK,0,-1.27744458367877,-0.158259324934747,-0.980931320969656,0,0,1,1,0,0,0,0,0,1,0,1,0,0,0,1,0,0,0,0,0,0,1,0,1,0,1
5229-PRWKT,0,-0.992402037638553,0.724154882153464,-0.720612788768776,1,0,0,1,0,1,1,0,0,0,0,0,0,0,0,0,0,0,0,1,0,0,1,0,1,0,1
6982-UQZLY,1,-1.27744458367877,-1.45944637606482,-0.998215253023696,0,1,0,1,0,0,0,1,1,0,1,0,1,0,1,0,1,0,1,0,0,0,1,0,0,1,1
2522-WLNSF,1,0.066327419082236,-0.0186683769207928,-0.077531316827096,0,1,0,1,0,0,0,0,0,0,0,0,0,1,0,1,0,1,0,0,1,0,0,0,0,0,0
3841-CONLJ,0,-1.27744458367877,-0.989157825017809,-0.991968314618468,0,1,0,0,1,0,0,0,0,0,0,0,0,0,0,0,0,0,0,1,0,0,0,0,1,0,0
5057-LCOUI,0,0.269929237682388,-0.46569176996548,-0.119427744717986,0,0,0,0,1,0,0,0,0,0,0,0,0,1,0,0,0,1,0,1,0,0,1,0,1,0,1
0193-ESZXP,1,1.04361614836296,1.35397594521643,1.73218245778131,0,1,0,1,0,0,1,0,0,1,0,1,0,0,0,1,0,1,0,1,1,0,1,1,0,0,1
4475-NVTLU,0,0.51425142000257,-1.5142856770703,-0.608454859309549,1,1,1,1,0,0,0,1,1,0,1,0,1,0,1,0,1,0,1,0,0,1,0,0,1,0,0
4369-HTUIF,1,-1.07384276507861,0.677624566148813,-0.785090905665136,1,0,0,1,0,0,1,0,0,1,0,0,0,0,0,0,0,1,0,0,0,0,1,0,0,0,1
9386-LDCZR,0,0.432810692562509,0.860422236167086,0.706536711984509,1,0,0,1,0,0,1,0,0,1,0,1,0,1,0,1,0,0,0,0,1,0,1,1,0,0,0
9585-KKMFD,0,0.351369965122448,-1.48769692506765,-0.619006225237813,1,1,1,1,0,0,0,1,1,0,1,0,1,0,1,0,1,0,1,0,0,1,1,0,0,1,0
5399-ZIMKF,0,-1.11456312879864,0.328647196113927,-0.838046401192136,1,0,0,1,0,0,1,0,0,0,0,1,0,0,0,0,0,0,0,0,0,0,1,0,1,0,0
0336-KXKFK,0,1.61370124044339,-0.11837619693076,0.930786348941071,1,0,0,0,1,0,0,0,0,1,0,0,0,1,0,1,0,1,0,1,0,1,1,1,0,0,0
5619-XZZKR,0,-1.15528349251868,-1.48935872206781,-0.977311187052846,1,0,0,1,0,0,0,1,1,0,1,0,1,0,1,0,1,0,1,0,1,0,0,0,0,1,0
3948-FVVRP,0,-0.951681673918523,-0.331086212952024,-0.807518076759522,1,1,1,1,0,0,0,0,0,0,0,1,0,0,0,1,0,0,0,0,0,0,0,0,0,1,0
5327-XOKKY,1,1.61370124044339,0.28876406810994,1.34522546045396,1,1,0,1,0,1,0,0,0,0,0,0,0,1,0,0,0,1,0,1,0,1,1,1,0,0,0
0983-TATYJ,0,0.0256070553622056,-0.442426611963154,-0.230901380570988,0,1,0,1,0,0,0,0,0,0,0,0,0,0,0,1,0,0,0,0,1,0,1,0,0,1,0
1813-JYWTO,0,1.61370124044339,0.521415648133197,1.52561408465014,0,1,0,1,0,1,1,0,0,1,0,0,0,0,0,0,0,0,0,0,0,1,0,0,0,0,0
0156-FVPTA,0,-0.422316945558128,-0.351027776954017,-0.498526402567381,1,1,0,1,0,0,0,0,0,1,0,0,0,0,0,1,0,0,0,0,0,0,1,0,1,0,1
1984-FCOWB,0,1.53226051300333,1.48691970522971,2.3807382785728,0,1,0,1,0,1,1,0,0,0,0,1,0,1,0,1,0,1,0,1,1,0,1,0,1,0,1
0654-HMSHN,0,-0.463037309278159,1.31741641121277,-0.0547288879486506,1,1,1,1,0,1,1,0,0,0,0,1,0,1,0,0,0,1,0,1,0,0,0,0,1,0,1
6719-OXYBR,0,-0.707359491598341,0.682609957149311,-0.468881037626672,1,0,0,1,0,0,1,0,0,0,0,0,0,1,0,0,0,1,0,0,0,0,0,0,1,0,0
3312-ZWLGF,1,-0.137274399517916,0.483194317129376,0.058554814862756,1,1,0,1,0,1,1,0,0,0,0,0,0,0,0,1,0,0,0,0,0,0,1,0,1,0,0
6476-YHMGA,0,-0.707359491598341,0.390133685120074,-0.497246111304119,0,1,1,1,0,0,0,0,0,0,0,1,0,1,0,1,0,1,0,1,0,0,0,0,0,0,0
5287-QWLKY,1,1.57298087672336,1.3406815692151,2.32491316469711,1,1,1,1,0,1,1,0,0,1,0,1,0,0,0,0,0,1,0,1,0,0,1,1,0,0,1
0795-XCCTE,1,1.61370124044339,-1.3082228490497,-0.208628727387685,1,0,0,1,0,1,0,1,1,0,1,0,1,0,1,0,1,0,1,0,0,1,0,0,0,0,0
0168-XZKBB,0,-0.544478036718219,0.734125664154461,-0.316769191158745,0,1,0,1,0,1,1,0,0,0,0,0,0,0,0,0,0,1,0,0,0,0,1,0,1,0,0
3785-NRHYR,0,-1.27744458367877,-1.49932950406881,-0.998745028718839,1,0,0,1,0,0,0,1,1,0,1,0,1,0,1,0,1,0,1,0,0,0,0,0,0,1,0
5196-SGOAK,0,-1.27744458367877,0.363544933117415,-0.974000088958202,0,0,0,1,0,0,1,0,0,0,0,1,0,0,0,0,0,0,0,0,0,0,1,0,1,0,1
4537-DKTAL,0,-1.23672421995873,-0.638518657982757,-0.970159215168415,0,0,0,1,0,0,0,0,0,0,0,0,0,0,0,0,0,0,0,0,0,0,0,0,1,0,0
7072-MBHEV,1,-0.870240946478462,0.443311189125389,-0.625606347439802,0,1,1,1,0,1,1,0,0,0,0,0,0,1,0,0,0,0,0,0,0,0,1,1,0,0,0
5602-BVFMK,0,-0.829520582758432,-1.51096208306997,-0.906431613840175,0,0,0,1,0,0,0,1,1,0,1,0,1,0,1,0,1,0,1,0,1,0,0,0,0,1,0
6297-NOOPG,0,1.53226051300333,1.52015564523304,2.41495295888412,0,1,0,1,0,1,1,0,0,0,0,1,0,1,0,1,0,1,0,1,0,1,1,0,1,0,0
1891-UAWWU,1,-0.503757672998189,0.865407627167585,-0.146093121373516,0,1,0,1,0,1,1,0,0,0,0,0,0,1,0,0,0,1,0,0,0,0,0,0,1,0,1
8204-TIFGJ,0,-0.381596581838098,-1.47772614306665,-0.799659737281568,0,0,0,1,0,0,0,1,1,0,1,0,1,0,1,0,1,0,1,0,0,0,1,0,0,0,0
8050-DVOJX,1,0.677132874882691,0.551327994136187,0.785384994611621,1,0,0,1,0,1,0,0,0,1,0,1,0,1,0,1,0,0,0,1,0,1,0,1,0,0,0
6108-OQZDQ,0,-1.15528349251868,1.10304459819134,-0.837671143408076,0,1,1,1,0,1,1,0,0,0,0,1,0,0,0,0,0,1,0,1,0,0,1,0,1,0,1
0363-QJVFX,0,-0.0151133083578247,1.44205118622523,0.508135714153464,1,0,0,1,0,1,1,0,0,1,0,1,0,0,0,1,0,1,0,1,0,0,1,1,0,0,1
8903-XEBGX,0,-1.23672421995873,-0.314468242950363,-0.959453331329068,1,0,1,1,0,0,0,0,0,0,0,0,0,0,0,0,0,0,0,1,0,0,1,0,1,0,0
8169-SAEJD,1,1.4915401492833,-0.27292331794621,0.737594812112265,1,1,0,0,1,0,0,0,0,1,0,1,0,0,0,0,0,1,0,1,0,1,0,1,0,0,0
9840-DVNDC,0,-1.07384276507861,0.523077445133363,-0.802992909363509,1,0,0,1,0,0,1,0,0,0,0,0,0,0,0,0,0,1,0,0,0,0,1,1,0,0,1
1089-XZWHH,0,-0.340876218118068,-1.49766770706864,-0.789307037238982,0,1,1,1,0,0,0,1,1,0,1,0,1,0,1,0,1,0,1,0,0,1,1,0,0,1,0
2325-WINES,0,-0.0151133083578247,1.30578383221161,0.501049964230927,0,0,0,1,0,1,1,0,0,0,0,1,0,1,0,0,0,1,0,1,1,0,1,1,0,0,0
6064-ZATLR,0,-0.218715126957977,-0.395896295958503,-0.345796484455121,0,0,0,1,0,0,0,0,0,1,0,1,0,0,0,0,0,0,0,0,0,1,0,0,0,0,0
3096-JRDSO,1,-0.218715126957977,1.31409281721244,0.25863343572842,0,1,0,1,0,1,1,0,0,1,0,0,0,0,0,1,0,1,0,1,0,0,1,0,0,0,1
7824-PANSQ,0,1.04361614836296,0.528062836133862,1.11492755097785,1,0,0,1,0,1,1,0,0,0,0,0,0,0,0,1,0,0,0,0,0,0,0,0,0,0,0
8042-JVNFH,0,-1.27744458367877,0.218968594102963,-0.975920525853095,1,0,0,1,0,0,1,0,0,0,0,0,0,0,0,0,0,0,0,0,0,0,1,0,0,1,1
9648-BCHKM,0,-0.58519840043825,-1.3331498040522,-0.799328627472103,0,1,1,1,0,1,0,1,1,0,1,0,1,0,1,0,1,0,1,0,0,1,1,1,0,0,0
2888-ADFAO,0,0.595692147442631,-1.44449020306333,-0.547486506393511,0,1,1,1,0,0,0,1,1,0,1,0,1,0,1,0,1,0,1,0,0,1,1,0,0,0,0
8707-HOEDG,0,1.53226051300333,1.51018486323204,2.38747084469858,0,1,1,1,0,1,1,0,0,0,0,1,0,1,0,1,0,1,0,1,0,1,1,0,1,0,0
3374-LXDEV,0,-0.788800219038401,0.818877311162933,-0.507510515397514,0,0,0,1,0,1,1,0,0,0,0,1,0,1,0,1,0,0,0,0,0,0,0,0,1,0,1
4072-IPYLT,0,0.147768146522297,-0.455720987964483,-0.206134366823053,0,1,1,1,0,0,0,0,0,1,0,0,0,0,0,0,0,0,0,0,0,0,0,1,0,0,0
7167-PCEYD,0,1.41009942184324,-1.49434411306831,-0.428507714859318,1,0,0,1,0,0,0,1,1,0,1,0,1,0,1,0,1,0,1,0,0,1,1,0,0,1,0
4936-YPJNK,0,-0.910961310198492,-1.49102051906798,-0.919366970396583,0,0,0,1,0,0,0,1,1,0,1,0,1,0,1,0,1,0,1,0,0,0,1,0,0,1,0
1580-BMCMR,1,-0.544478036718219,0.749081837155956,-0.284585317678809,1,0,0,1,0,0,1,0,0,1,0,0,0,0,0,0,0,0,0,1,0,0,1,0,1,0,0
4817-KEQSP,0,1.57298087672336,-1.49268231606814,-0.421863444682733,0,1,1,1,0,0,0,1,1,0,1,0,1,0,1,0,1,0,1,0,0,1,0,0,0,0,0
6408-WHTEF,0,1.61370124044339,0.818877311162933,1.80769756832648,1,1,1,1,0,1,0,0,0,1,0,1,0,1,0,1,0,1,0,1,0,1,1,0,0,1,0
9251-AWQGT,0,0.636412511162661,-1.48769692506765,-0.594239211489879,0,1,1,1,0,0,0,1,1,0,1,0,1,0,1,0,1,0,1,0,0,1,0,0,0,1,0
8749-CLJXC,0,-1.27744458367877,-1.48603512806748,-0.998568436820457,1,0,0,1,0,0,0,1,1,0,1,0,1,0,1,0,1,0,1,0,0,0,0,0,0,1,0
7989-VCQOH,0,-0.58519840043825,0.6144762801425,-0.296130013035466,1,1,1,1,0,0,0,0,0,1,0,0,0,1,0,1,0,1,0,1,0,0,0,0,1,0,0
5049-GLYVG,0,-1.27744458367877,-1.46775536106565,-0.998325622960184,1,0,0,1,0,0,0,1,1,0,1,0,1,0,1,0,1,0,1,0,0,0,0,0,0,1,1
4199-QHJNM,1,1.41009942184324,1.26756250120779,2.07839087455724,1,1,0,1,0,1,1,0,0,0,0,1,0,0,0,1,0,1,0,1,0,1,0,0,0,0,0
8882-TLVRW,0,1.4915401492833,-0.852890471004187,0.219672848148113,1,1,1,0,1,0,0,0,0,1,0,0,0,1,0,1,0,0,0,0,0,1,0,0,0,1,0
5883-GTGVD,0,-0.544478036718219,1.16951647819798,-0.154591606483101,1,0,0,1,0,1,1,0,0,0,0,1,0,0,0,0,0,1,0,1,0,0,1,0,1,0,1
5135-GRQJV,1,1.61370124044339,1.65309940524633,2.67096706356196,1,1,0,1,0,1,1,0,0,1,0,1,0,1,0,1,0,1,0,1,0,1,1,0,0,1,0
2384-OVPSA,1,0.229208873962357,-1.48104973706698,-0.682535160680375,0,0,0,1,0,0,0,1,1,0,1,0,1,0,1,0,1,0,1,0,0,1,0,0,0,1,0
1371-WEPDS,1,0.310649601402418,-0.297850272948702,0.000610598206492955,1,1,0,1,0,0,0,0,0,0,0,0,0,0,0,0,0,0,0,1,1,0,0,0,1,0,0
3580-GICBM,0,1.16577723952306,-1.34810597705369,-0.369393576876281,0,1,1,1,0,1,0,1,1,0,1,0,1,0,1,0,1,0,1,0,0,1,1,0,0,1,0
4817-QRJSX,0,-0.910961310198492,0.539695415135025,-0.646267599550378,0,0,0,1,0,1,1,0,0,0,0,1,0,0,0,0,0,0,0,0,0,0,1,1,0,0,1
9730-DRTMJ,0,-0.0151133083578247,0.26716070710778,0.0225742155676288,1,1,0,1,0,1,0,0,0,1,0,0,0,0,0,1,0,1,0,0,1,0,1,1,0,0,0
4686-UXDML,0,-0.463037309278159,1.16619288419765,-0.127749637929191,0,0,0,1,0,1,1,0,0,0,0,1,0,0,0,0,0,1,0,1,0,0,1,1,0,0,0
3349-ANQNH,1,1.084336512083,1.15456030519649,1.5928955979333,0,0,0,1,0,1,1,0,0,0,0,0,0,1,0,0,0,1,0,1,1,0,1,0,1,0,0
2398-YPMUR,1,-0.788800219038401,0.179085466098976,-0.602693548624869,0,1,0,1,0,0,1,0,0,0,0,0,0,0,0,0,0,0,0,0,0,0,1,0,1,0,1
0932-YIXYU,0,0.595692147442631,-1.47938794006682,-0.552784263344941,0,0,0,1,0,0,0,1,1,0,1,0,1,0,1,0,1,0,1,0,0,1,0,1,0,0,0
7480-SPLEF,0,1.4915401492833,-1.28828128504771,-0.214279668135877,1,1,1,1,0,1,0,1,1,0,1,0,1,0,1,0,1,0,1,0,0,1,1,0,0,0,0
7636-XUHWW,0,-1.23672421995873,-1.49102051906798,-0.992542238288206,1,0,0,1,0,0,0,1,1,0,1,0,1,0,1,0,1,0,1,0,0,0,1,1,0,0,0
1431-CYWMH,0,-0.422316945558128,-1.5192710680708,-0.806966227077081,0,1,1,1,0,0,0,1,1,0,1,0,1,0,1,0,1,0,1,0,0,0,0,0,0,0,0
5937-EORGB,1,-0.707359491598341,1.05485248518652,-0.392769929424464,1,1,0,1,0,1,1,0,0,1,0,0,0,1,0,0,0,1,0,0,0,0,1,0,1,0,0
6349-JDHQP,0,0.840014329762813,-1.49268231606814,-0.544042964375082,0,0,0,1,0,0,0,1,1,0,1,0,1,0,1,0,1,0,1,0,0,1,0,1,0,0,0
5539-HIVAK,1,-0.177994763237946,-1.29825206704871,-0.683109084350113,0,1,0,1,0,1,0,1,1,0,1,0,1,0,1,0,1,0,1,0,0,0,0,0,0,1,0
5847-MXBEO,0,-0.422316945558128,-1.47772614306665,-0.797673078424782,1,0,0,1,0,0,0,1,1,0,1,0,1,0,1,0,1,0,1,0,1,0,0,0,0,1,0
9985-MWVIX,0,-1.27744458367877,0.179085466098976,-0.976450301548238,0,0,0,1,0,0,1,0,0,0,0,0,0,0,0,0,0,0,0,0,0,0,1,0,0,1,1
4583-PARNH,1,-0.66663912787831,0.890334582170076,-0.327519222972688,1,1,0,1,0,0,1,0,0,0,0,0,0,1,0,1,0,0,0,1,0,0,1,0,1,0,0
1116-FRYVH,0,0.636412511162661,-0.84291968900319,-0.13388620639793,0,1,1,0,1,0,0,0,0,1,0,1,0,0,0,1,0,0,0,0,0,1,0,0,0,1,0
1421-HCERK,1,-0.0965540357978854,1.36062313321709,0.397280149944796,1,1,0,1,0,1,1,0,0,1,0,1,0,1,0,1,0,1,0,0,0,0,1,0,0,0,0
9633-XQABV,0,-1.1960038562387,0.182409060099308,-0.90601220808152,0,0,0,1,0,0,1,0,0,0,0,0,0,0,0,0,0,0,0,0,0,0,1,0,1,0,0
0716-BQNDX,1,1.00289578464293,0.963453650177386,1.47614627911617,1,0,0,1,0,1,1,0,0,1,0,0,0,0,0,1,0,0,0,1,0,1,0,0,1,0,0
1265-XTECC,1,1.45081978556327,1.05651428218669,1.89835543415782,0,1,0,1,0,1,1,0,0,1,0,1,0,0,0,0,0,0,0,1,1,0,1,1,0,0,1
1183-CANVH,0,-0.381596581838098,-0.158259324934747,-0.412680665966921,0,1,0,1,0,0,0,0,0,0,0,0,0,0,0,1,0,1,0,0,1,0,0,0,0,0,0
1972-XMUWV,0,1.32865869440318,-0.164906512935412,0.67382306280943,0,1,0,1,0,0,0,0,0,0,0,0,0,0,0,1,0,1,0,0,0,1,1,1,0,0,0
8679-LZBMD,0,0.473531056282539,0.860422236167086,0.747086626650244,1,1,0,1,0,0,1,0,0,0,0,0,0,0,0,0,0,1,0,1,1,0,1,0,0,0,0
3407-JMJQQ,0,1.57298087672336,1.47030173522805,2.37510941181191,0,1,1,1,0,1,1,0,0,1,0,1,0,1,0,0,0,1,0,1,0,1,1,0,0,0,0
6252-DFGTK,0,0.188488510242327,0.110951789092165,0.0871185544258813,0,1,0,1,0,1,0,0,0,1,0,0,0,1,0,1,0,0,0,0,1,0,0,1,0,0,0
1539-LNKHM,0,-0.829520582758432,-1.47440254906632,-0.889721605455874,0,0,0,1,0,0,0,1,1,0,1,0,1,0,1,0,1,0,1,0,0,0,0,0,0,1,0
8645-KOMJQ,0,1.4915401492833,0.571269558138181,1.46548454325142,1,1,1,1,0,1,0,0,0,0,0,1,0,1,0,1,0,1,0,1,0,1,1,0,0,0,0
0289-IVARM,0,0.107047782802266,-0.13997955793292,-0.132142361401418,0,0,0,1,0,0,0,0,0,1,0,1,0,1,0,0,0,0,0,0,0,0,0,0,1,0,0
9761-XUJWD,0,-1.11456312879864,0.0278619390838584,-0.857361140077557,1,0,0,1,0,0,0,0,0,0,0,1,0,0,0,1,0,0,0,1,0,0,1,0,0,0,0
4057-FKCZK,0,1.04361614836296,0.589549325140008,1.12406618171907,1,1,1,1,0,1,1,0,0,0,0,0,0,0,0,0,0,1,0,0,0,1,0,0,0,0,0
4291-TPNFG,0,1.61370124044339,0.582902137139344,1.6328715889293,1,1,0,1,0,1,0,0,0,1,0,1,0,1,0,1,0,0,0,1,0,1,1,0,0,0,0
6087-YPWHO,0,1.61370124044339,0.112613586092331,1.11552354863489,1,1,0,1,0,1,0,0,0,1,0,1,0,1,0,1,0,0,0,0,0,1,0,0,0,1,0
3090-QFUVD,0,-1.27744458367877,-1.47772614306665,-0.998458066883969,0,0,0,1,0,0,0,1,1,0,1,0,1,0,1,0,1,0,1,0,0,0,0,1,0,0,0
2237-ZFSMY,0,0.269929237682388,1.02327834218337,0.622898374113811,0,0,0,1,0,0,1,0,0,1,0,0,0,1,0,1,0,1,0,0,1,0,1,0,1,0,1
1722-LDZJS,0,0.840014329762813,-1.48104973706698,-0.535853515087663,1,1,1,1,0,0,0,1,1,0,1,0,1,0,1,0,1,0,1,0,1,0,0,1,0,0,0
1818-ESQMW,0,-0.218715126957977,0.812230123162269,0.0448910167255266,0,0,0,1,0,0,1,0,0,0,0,0,0,1,0,1,0,0,0,1,0,0,1,0,1,0,0
4871-JTKJF,1,-1.27744458367877,0.162467496097315,-0.976671041421215,0,0,0,1,0,0,1,0,0,0,0,0,0,0,0,0,0,0,0,0,0,0,1,0,1,0,1
1415-YFWLT,1,-1.27744458367877,0.815553717162601,-0.967995964413248,0,0,0,1,0,0,1,0,0,0,0,0,0,0,0,0,0,1,0,1,0,0,1,0,1,0,1
7401-RUBNK,0,-0.58519840043825,0.333632587114425,-0.372550157059841,0,1,0,1,0,0,1,0,0,1,0,0,0,0,0,0,0,0,0,0,0,0,0,0,1,0,0
0506-YLVKJ,0,0.5549717837226,-1.48104973706698,-0.602384512802702,1,1,1,1,0,0,0,1,1,0,1,0,1,0,1,0,1,0,1,0,0,1,1,0,0,1,0
8661-BOYNW,0,1.61370124044339,0.652697611146321,1.68403909148519,0,1,0,1,0,1,0,0,0,1,0,0,0,1,0,1,0,1,0,1,0,1,1,1,0,0,0
6711-VTNRE,0,0.147768146522297,0.757390822156787,0.351498700289524,0,0,0,1,0,0,1,0,0,0,0,0,0,1,0,1,0,0,0,1,0,0,1,0,1,0,1
4815-GBTCD,0,-1.15528349251868,-1.31653183405053,-0.963294205118854,0,1,0,0,1,0,0,0,0,0,0,0,0,0,0,0,0,0,0,0,0,0,1,0,1,0,0
2805-AUFQN,0,-0.300155854398037,-1.49434411306831,-0.797628930450186,0,0,0,1,0,0,0,1,1,0,1,0,1,0,1,0,1,0,1,0,0,1,0,1,0,0,0
0980-PVMRC,0,0.310649601402418,-0.462368175965148,-0.108324529107282,0,1,1,0,1,0,0,0,0,0,0,1,0,0,0,0,0,1,0,1,0,0,1,0,1,0,0
7233-DRTRF,0,1.24721796696312,1.25094453120612,1.83749745117827,1,1,0,1,0,1,1,0,0,0,0,1,0,1,0,0,0,1,0,1,0,0,1,0,1,0,0
3500-RMZLT,1,-0.707359491598341,1.04820529718586,-0.377538878189104,0,0,0,1,0,0,1,0,0,1,0,0,0,1,0,1,0,0,0,1,0,0,1,0,0,1,1
3873-NFTGI,0,-0.748079855318371,-0.307821054949698,-0.668562326720979,1,0,0,1,0,1,0,0,0,0,0,1,0,0,0,0,0,0,0,0,0,0,1,1,0,0,0
1162-ECVII,1,1.61370124044339,1.49522869023054,2.49461797904124,1,1,0,1,0,1,1,0,0,0,0,1,0,1,0,1,0,1,0,1,0,1,1,0,0,0,0
7048-GXDAY,0,0.269929237682388,1.38388829121942,0.776445029756084,1,0,0,1,0,1,1,0,0,1,0,1,0,0,0,0,0,1,0,1,0,0,1,0,1,0,0
8571-ZCMCX,0,0.595692147442631,-0.158259324934747,0.214882792904529,0,1,1,0,1,0,0,0,0,1,0,1,0,1,0,0,0,1,0,1,0,1,1,1,0,0,0
1169-WCVAK,0,-0.544478036718219,0.79893574716094,-0.269111452583175,1,1,0,1,0,1,1,0,0,1,0,1,0,0,0,1,0,0,0,0,0,0,1,1,0,0,0
4548-SDBKE,0,-1.11456312879864,0.679286363148979,-0.797805522348567,0,0,0,1,0,1,1,0,0,0,0,0,0,0,0,0,0,1,0,0,0,0,1,0,1,0,1
8066-POXGX,0,-0.788800219038401,-0.985834231017476,-0.810475991057403,0,0,0,0,1,0,0,0,0,0,0,0,0,0,0,0,0,0,0,1,0,0,1,0,1,0,1
7129-CAKJW,0,-0.62591876415828,0.508121272131868,-0.41334288558585,0,0,0,1,0,1,1,0,0,0,0,0,0,1,0,0,0,0,0,0,0,0,0,0,0,0,0
8695-ARGXZ,1,0.066327419082236,0.358559542116917,0.0633448701063403,1,1,0,1,0,1,1,0,0,0,0,0,0,0,0,0,0,0,0,0,0,0,1,0,1,0,0
3570-YUEKJ,0,0.392090328842479,-0.505574897969467,-0.090047267624849,0,0,0,1,0,0,0,0,0,0,0,1,0,0,0,0,0,0,0,0,0,0,1,0,1,0,0
4143-OOBWZ,0,-1.11456312879864,0.549666197136021,-0.823632087486787,1,1,0,1,0,1,1,0,0,0,0,1,0,0,0,0,0,0,0,0,0,0,1,0,1,0,1
1555-HAPSU,0,1.57298087672336,-1.35807675905469,-0.273018548334854,0,1,1,1,0,1,0,1,1,0,1,0,1,0,1,0,1,0,1,0,0,1,0,1,0,0,0
1697-NVVGY,1,-0.544478036718219,0.0544506910865167,-0.439655078444618,1,1,0,1,0,0,0,0,0,1,0,0,0,1,0,0,0,1,0,0,0,0,0,0,0,0,0
7854-EKTJL,0,-1.23672421995873,-1.50099130106898,-0.991593056834408,0,0,1,1,0,0,0,1,1,0,1,0,1,0,1,0,1,0,1,0,0,0,1,0,1,0,1
8464-EETCQ,0,1.00289578464293,-1.52758005307163,-0.524286745743708,1,0,0,1,0,0,0,1,1,0,1,0,1,0,1,0,1,0,1,0,0,1,0,1,0,0,0
2419-FSORS,0,1.61370124044339,1.45036017122606,2.40058279315337,1,1,0,1,0,1,1,0,0,0,0,1,0,1,0,1,0,1,0,1,0,1,1,0,1,0,0
8132-YPVBX,0,-1.07384276507861,0.704213318151471,-0.780234628459659,0,0,0,1,0,0,1,0,0,0,0,1,0,0,0,0,0,0,0,1,0,0,1,0,0,1,0
9102-IAYHT,0,-0.62591876415828,0.68759534814981,-0.366568106502185,0,1,1,1,0,1,1,0,0,0,0,0,0,0,0,0,0,0,0,1,0,0,1,0,1,0,1
6754-LZUKA,0,1.16577723952306,0.536371821134693,1.1701787411838,1,1,0,1,0,1,0,0,0,0,0,1,0,1,0,0,0,1,0,1,0,1,0,0,0,0,0
3422-LYEPQ,0,-1.27744458367877,0.2073360151018,-0.976075043764179,1,1,1,1,0,0,1,0,0,0,0,0,0,0,0,0,0,0,0,0,0,0,1,0,1,0,1
8099-MZPUJ,0,0.636412511162661,1.56336236723736,1.39584111332741,1,1,1,1,0,1,1,0,0,1,0,1,0,1,0,1,0,1,0,1,0,1,0,1,0,0,0
0787-LHDYT,0,-0.66663912787831,-1.46775536106565,-0.861621419625998,1,0,0,1,0,0,0,1,1,0,1,0,1,0,1,0,1,0,1,0,0,0,1,1,0,0,0
2642-DTVCO,1,-0.951681673918523,0.67430097214848,-0.677855475373278,1,0,0,1,0,1,1,0,0,0,0,0,0,0,0,0,0,0,0,1,0,0,1,0,1,0,1
0374-IOEGQ,0,-1.1960038562387,-0.670092800985913,-0.953250540898436,0,0,0,1,0,0,0,0,0,0,0,0,0,0,0,0,0,0,0,0,0,0,0,0,1,0,0
4361-JEIVL,0,-1.27744458367877,-0.676739988986578,-0.987818405006515,1,0,1,1,0,0,0,0,0,0,0,0,0,0,0,0,0,0,0,0,0,0,1,0,1,0,1
3197-NNYNB,0,1.32865869440318,1.3406815692151,1.92040734746815,1,0,0,1,0,1,1,0,0,0,0,1,0,1,0,0,0,1,0,1,0,1,0,1,0,0,0
3396-DKDEL,0,1.53226051300333,1.67470276624849,2.63478779838116,0,1,1,1,0,1,1,0,0,1,0,1,0,1,0,1,0,1,0,1,0,1,1,1,0,0,0
1752-OZXFY,0,1.12505687580303,-0.164906512935412,0.56475549157187,1,1,0,1,0,0,0,0,0,1,0,0,0,0,0,0,0,1,0,0,1,0,1,0,0,1,0
9066-QRSDU,0,1.4915401492833,-1.27831050304671,-0.228848499752309,0,1,0,1,0,1,0,1,1,0,1,0,1,0,1,0,1,0,1,0,1,0,1,0,1,0,0
9112-WSNPU,1,0.107047782802266,0.192379842100305,0.0605193997322444,0,0,0,1,0,0,1,0,0,0,0,0,0,0,0,0,0,0,0,0,0,0,0,0,1,0,0
9867-NNXLC,0,-0.422316945558128,-1.48603512806748,-0.799836329179949,0,0,0,1,0,0,0,1,1,0,1,0,1,0,1,0,1,0,1,0,0,0,1,0,0,1,0
5321-NTRKC,0,1.36937905812321,0.501474084131204,1.30370429034713,1,1,1,1,0,1,0,0,0,0,0,1,0,1,0,0,0,1,0,1,0,1,0,0,0,0,0
1363-TXLSL,1,-1.27744458367877,0.184070857099474,-0.976384079586345,1,1,0,1,0,0,1,0,0,0,0,0,0,0,0,0,0,0,0,0,0,0,1,0,1,0,1
9507-EXLTT,0,-1.27744458367877,0.484856114129542,-0.972388687885475,0,1,0,1,0,0,1,0,0,0,0,0,0,0,0,0,0,1,0,0,0,0,1,0,0,0,1
3161-GETRM,0,0.066327419082236,0.840480672165093,0.359842667488026,1,1,1,1,0,1,1,0,0,0,0,0,0,1,0,0,0,0,0,1,0,0,1,1,0,0,0
0402-OAMEN,0,1.61370124044339,-1.33979699205286,-0.252887071919421,0,1,1,1,0,1,0,1,1,0,1,0,1,0,1,0,1,0,1,0,0,1,0,0,0,0,0
6933-VLYFX,0,-0.0558336720778551,-0.159921121934913,-0.19121235140986,1,1,1,0,1,0,0,0,0,1,0,0,0,1,0,1,0,1,0,1,1,0,0,0,1,0,0
6754-WKSHP,0,-0.0965540357978854,-1.30988464604987,-0.688097805479376,1,0,1,1,0,1,0,1,1,0,1,0,1,0,1,0,1,0,1,0,1,0,0,0,0,0,0
9846-GKXAS,0,-0.951681673918523,0.865407627167585,-0.649931881441784,0,0,0,1,0,0,1,0,0,0,0,0,0,0,0,0,0,1,0,1,0,0,1,0,0,0,1
6017-PPLPX,0,-0.503757672998189,0.189056248099973,-0.358025473418004,1,1,1,1,0,0,1,0,0,0,0,0,0,0,0,0,0,0,0,0,0,0,1,0,1,0,1
4976-LNFVV,1,-0.544478036718219,-1.01242298302014,-0.752620070350331,1,1,0,0,1,0,0,0,0,0,0,1,0,1,0,0,0,0,0,0,0,0,1,1,0,0,0
5055-MGMGF,0,1.32865869440318,1.33901977221493,2.0453902635473,0,1,0,1,0,1,1,0,0,1,0,0,0,1,0,0,0,1,0,1,0,0,1,0,1,0,0
4641-FROLU,0,-0.0965540357978854,-1.51096208306997,-0.741251966892055,0,1,1,1,0,0,0,1,1,0,1,0,1,0,1,0,1,0,1,0,0,1,0,0,0,1,0
2862-JVEOY,0,-1.07384276507861,-1.51594747407047,-0.952500025330316,1,0,0,1,0,0,0,1,1,0,1,0,1,0,1,0,1,0,1,0,1,0,0,0,0,1,0
2969-QWUBZ,0,-1.23672421995873,-0.44408840896332,-0.964684866318605,0,0,0,0,1,0,0,0,0,0,0,1,0,0,0,0,0,1,0,1,0,0,0,0,1,0,0
9822-BIIGN,0,0.840014329762813,0.235586564104624,0.682520213804694,1,1,1,1,0,1,0,0,0,1,0,0,0,0,0,1,0,0,0,1,0,0,0,0,1,0,0
2077-MPJQO,1,-1.03312240135858,0.353574151116419,-0.772089327146835,1,1,0,1,0,1,1,0,0,0,0,0,0,0,0,0,0,0,0,0,0,0,1,0,1,0,0
1534-OULXE,0,1.16577723952306,-0.500589506968969,0.29997801393687,0,1,1,1,0,0,0,0,0,1,0,0,0,0,0,0,0,0,0,0,1,0,1,0,0,0,0
7136-RVDTZ,1,1.53226051300333,-0.648489439983754,0.433768450947769,1,0,0,0,1,0,0,0,0,0,0,0,0,0,0,0,0,1,0,1,1,0,1,0,1,0,1
2971-SGAFL,0,-0.788800219038401,0.464914550127549,-0.567993240593004,0,0,0,1,0,1,0,0,0,1,0,0,0,1,0,0,0,1,0,1,0,0,1,0,1,0,0
1480-IVEVR,1,0.107047782802266,0.559636979137018,0.235455749065915,1,1,0,1,0,1,1,0,0,0,0,0,0,1,0,0,0,0,0,0,1,0,1,0,0,0,0
2905-KFQUV,0,-1.23672421995873,0.187394451099807,-0.939079041053361,0,1,0,1,0,0,1,0,0,0,0,0,0,0,0,0,0,0,0,0,0,0,1,1,0,0,0
4581-SSPWD,0,-1.1960038562387,0.366868527117748,-0.898683644298709,0,0,0,1,0,1,1,0,0,0,0,0,0,0,0,0,0,0,0,0,0,0,1,0,1,0,1
3370-HXOPH,0,-1.1960038562387,0.376839309118744,-0.893694923169446,0,0,0,1,0,1,1,0,0,0,0,0,0,0,0,0,0,0,0,0,0,0,0,0,1,0,0
9391-YZEJW,0,1.20649760324309,0.971762635178217,1.53426708767081,0,0,0,1,0,1,1,0,0,0,0,0,0,0,0,0,0,1,0,1,1,0,1,0,0,0,0
9958-MEKUC,0,1.61370124044339,1.30246023821128,2.31149218042015,1,1,1,1,0,1,1,0,0,1,0,1,0,1,0,1,0,0,0,1,0,1,0,1,0,0,0
0281-CNTZX,0,1.24721796696312,-1.48935872206781,-0.462280915424683,1,1,0,1,0,0,0,1,1,0,1,0,1,0,1,0,1,0,1,0,0,1,1,0,0,0,0
6927-WTFIV,1,-0.503757672998189,0.217306797102796,-0.394116442649619,1,0,0,1,0,0,1,0,0,0,0,0,0,0,0,0,0,0,0,0,0,0,0,1,0,0,1
4118-CEVPF,1,0.107047782802266,1.53012642723403,0.686228643670694,0,0,0,1,0,1,1,0,0,1,0,1,0,1,0,1,0,1,0,1,1,0,1,0,0,0,0
3398-ZOUAA,1,-0.463037309278159,0.144187729095487,-0.356347850383385,1,1,0,1,0,0,1,0,0,0,0,0,0,0,0,0,0,0,0,0,0,0,1,0,1,0,1
9114-VEPUF,0,1.20649760324309,1.04155810918519,1.64209851561971,1,1,0,1,0,1,1,0,0,1,0,1,0,0,0,0,0,0,0,1,1,0,0,0,1,0,0
7876-BEUTG,0,-0.707359491598341,-0.530501852971959,-0.689510540666424,0,0,0,1,0,1,0,0,0,0,0,0,0,0,0,0,0,0,0,0,0,0,1,0,0,1,0
2338-BQEZT,0,0.921455057202873,-0.472338957966145,0.243181644620083,0,0,0,1,0,0,0,0,0,1,0,0,0,0,0,0,0,0,0,0,0,0,1,1,0,0,0
9873-MNDKV,0,-0.870240946478462,-0.668431003985747,-0.798931295700746,0,0,0,1,0,0,0,0,0,0,0,0,0,0,0,0,0,0,0,0,0,0,1,0,0,1,0
0378-NHQXU,0,-0.62591876415828,0.780655980159112,-0.362572714801315,0,1,1,1,0,1,1,0,0,0,0,0,0,1,0,0,0,1,0,0,0,0,0,0,1,0,1
8241-JUIQO,0,1.16577723952306,-1.50597669206947,-0.417448647223208,0,0,0,1,0,0,0,1,1,0,1,0,1,0,1,0,1,0,1,0,1,0,0,0,0,0,0
2194-IIQOF,0,1.57298087672336,0.815553717162601,1.81303947325251,0,1,0,1,0,1,0,0,0,1,0,1,0,1,0,1,0,1,0,1,0,1,0,1,0,0,0
4512-ZUIYL,0,-1.23672421995873,0.174100075098477,-0.939851630608778,0,0,0,1,0,0,1,0,0,0,0,0,0,0,0,0,0,0,0,0,0,0,0,0,0,0,1
9631-RXVJM,0,0.107047782802266,-1.51262388007014,-0.708140985945618,1,0,0,1,0,0,0,1,1,0,1,0,1,0,1,0,1,0,1,0,0,1,0,0,0,1,0
9584-EXCDZ,0,-0.62591876415828,0.190718045100139,-0.492831313844594,0,0,0,1,0,0,1,0,0,0,0,0,0,0,0,0,0,0,0,0,0,0,0,0,0,0,0
7969-AULMZ,0,-0.463037309278159,1.08310303418935,-0.0717037841805234,0,0,0,1,0,1,1,0,0,0,0,0,0,0,0,0,0,1,0,1,0,0,1,0,1,0,1
5093-FEGLU,0,0.595692147442631,-1.49932950406881,-0.600574445844297,0,1,0,1,0,0,0,1,1,0,1,0,1,0,1,0,1,0,1,0,0,1,0,0,0,0,0
2621-UDNLU,0,-1.1960038562387,-1.45944637606482,-0.975633564018226,0,1,0,1,0,0,0,1,1,0,1,0,1,0,1,0,1,0,1,0,0,0,0,0,0,1,0
7526-IVLYU,0,-1.1960038562387,-1.49932950406881,-0.977244965090953,1,0,0,1,0,0,0,1,1,0,1,0,1,0,1,0,1,0,1,0,0,0,1,0,0,1,0
2428-HYUNX,1,0.473531056282539,-1.50930028606981,-0.633376390968566,1,1,0,1,0,0,0,1,1,0,1,0,1,0,1,0,1,0,1,0,0,1,1,1,0,0,0
9214-EKVXR,0,-1.27744458367877,-0.690034364987907,-0.987994996904896,0,0,0,1,0,0,0,0,0,0,0,0,0,0,0,0,0,0,0,0,0,0,1,0,0,1,0
3410-MHHUM,0,0.473531056282539,0.985057011179546,0.88888992105018,0,1,1,1,0,1,1,0,0,0,0,1,0,1,0,0,0,0,0,1,1,0,0,0,1,0,0
0568-ONFPC,0,-1.11456312879864,-1.29160487904804,-0.94782034002322,1,1,1,1,0,1,0,1,1,0,1,0,1,0,1,0,1,0,1,0,0,0,1,0,0,0,1
0733-VUNUW,0,-0.340876218118068,-0.3028356639492,-0.389105647533059,1,0,0,1,0,1,0,0,0,1,0,0,0,0,0,0,0,0,0,0,0,0,1,0,0,0,1
4550-EVXNY,0,-1.27744458367877,0.162467496097315,-0.976671041421215,0,0,1,1,0,0,1,0,0,0,0,0,0,0,0,0,0,0,0,0,0,0,1,0,1,0,1
2122-YWVYA,0,-0.58519840043825,0.353574151116419,-0.398001464414001,0,0,0,1,0,0,1,0,0,1,0,0,0,0,0,0,0,0,0,0,0,0,1,0,1,0,0
2968-SSGAA,0,-0.910961310198492,1.19111983920014,-0.539363279067985,0,0,0,1,0,1,1,0,0,0,0,0,0,1,0,0,0,1,0,1,0,0,1,0,1,0,1
2296-DKZFP,0,1.32865869440318,0.2073360151018,0.928998355969963,0,1,0,1,0,0,0,0,0,1,0,1,0,1,0,0,0,0,0,1,0,1,0,0,0,0,0
4844-JJWUY,1,-1.27744458367877,0.705875115151637,-0.969452847574891,0,0,0,1,0,0,1,0,0,0,0,1,0,0,0,0,0,0,0,1,0,0,1,0,1,0,1
6777-TGHTM,0,0.840014329762813,1.40216805822124,1.54676096448127,0,0,0,1,0,1,1,0,0,1,0,0,0,1,0,0,0,1,0,1,1,0,1,1,0,0,1
8909-BOLNL,0,-1.1960038562387,-1.44781379706366,-0.984441084949978,1,0,0,1,0,0,0,1,1,0,1,0,1,0,1,0,1,0,1,0,1,0,0,0,0,1,0
6603-YRDCJ,0,0.0256070553622056,-0.123361587931259,-0.116337386496319,1,1,0,1,0,0,0,0,0,1,0,1,0,0,0,1,0,0,0,0,0,1,1,0,0,1,0
3538-WZPHD,0,-1.1960038562387,-1.16863190103575,-0.97234453991088,1,0,0,0,1,0,0,0,0,0,0,1,0,0,0,0,0,0,0,0,0,0,1,0,1,0,1
3229-USWAR,0,0.066327419082236,0.504797678131536,0.196627605409394,0,0,0,1,0,0,0,0,0,1,0,0,0,1,0,1,0,1,0,1,1,0,1,0,0,0,0
2138-VFAPZ,0,-0.748079855318371,-1.49766770706864,-0.891023970706433,0,1,1,1,0,0,0,1,1,0,1,0,1,0,1,0,1,0,1,0,0,1,1,0,0,1,0
6131-JLWZM,0,-0.788800219038401,-1.47772614306665,-0.885836583691492,0,0,0,1,0,0,0,1,1,0,1,0,1,0,1,0,1,0,1,0,0,0,1,0,0,1,0
4785-QRJHC,1,0.5549717837226,-0.16158291893508,0.236073820710248,1,1,0,0,1,0,0,0,0,0,0,1,0,1,0,1,0,1,0,1,1,0,1,0,0,0,1
0269-XFESX,0,-0.381596581838098,-1.34312058605319,-0.769683262531394,1,1,1,1,0,1,0,1,1,0,1,0,1,0,1,0,1,0,1,0,1,0,0,0,0,1,0
1709-EJDOX,0,0.595692147442631,-1.49600591006848,-0.588499974792496,0,1,1,1,0,0,0,1,1,0,1,0,1,0,1,0,1,0,1,0,0,1,0,0,0,1,0
4316-XCSLJ,0,-0.62591876415828,-0.480647942966975,-0.633575056854245,1,0,1,1,0,0,0,0,0,1,0,0,0,0,0,0,0,0,0,0,0,0,1,0,0,1,0
8610-WFCJF,0,0.677132874882691,1.02494013918353,1.10439825903688,0,1,1,1,0,1,1,0,0,0,0,0,0,0,0,0,0,1,0,1,0,0,1,0,1,0,1
9693-XMUOB,1,1.084336512083,-0.482309739967141,0.315893358778456,1,1,0,0,1,0,0,0,0,0,0,1,0,0,0,0,0,1,0,1,0,0,1,0,1,0,0
0383-CLDDA,0,1.4915401492833,0.684271754149477,1.59616254805335,0,0,0,1,0,1,0,0,0,1,0,0,0,1,0,1,0,1,0,1,0,1,1,1,0,0,0
4905-JEFDW,0,-0.870240946478462,-0.769800620995881,-0.799659737281568,1,0,0,0,1,0,0,0,0,0,0,0,0,1,0,0,0,1,0,0,1,0,1,0,1,0,1
2709-UQGNP,0,-0.910961310198492,-0.43577942396249,-0.775863978974729,1,0,0,1,0,0,0,0,0,1,0,0,0,0,0,0,0,0,0,0,0,0,1,0,0,1,0
3549-ZTMNH,0,-0.829520582758432,-1.35475316505436,-0.888375092230719,1,1,1,1,0,1,0,1,1,0,1,0,1,0,1,0,1,0,1,0,0,1,1,0,0,0,0
7881-INRLC,0,0.51425142000257,1.19942882420097,1.08519389008795,1,0,0,1,0,1,1,0,0,0,0,1,0,0,0,0,0,1,0,1,0,0,1,1,0,0,1
8033-ATFAS,0,0.269929237682388,-0.163244715935246,0.0263047194209272,0,1,1,1,0,0,0,0,0,0,0,0,0,1,0,0,0,1,0,0,0,0,1,0,0,1,0
1635-NZATJ,1,1.57298087672336,-1.30656105204954,-0.217325878382949,1,1,0,1,0,1,0,1,1,0,1,0,1,0,1,0,1,0,1,0,0,1,0,1,0,0,0
0562-HKHML,0,1.57298087672336,-1.35807675905469,-0.289397446909691,1,1,1,1,0,1,0,1,1,0,1,0,1,0,1,0,1,0,1,0,0,1,0,1,0,0,0
8277-RVRSV,0,0.0256070553622056,-1.34976777405386,-0.654103865041035,0,1,1,1,0,1,0,1,1,0,1,0,1,0,1,0,1,0,1,0,1,0,0,1,0,0,0
9943-VSZUV,1,1.41009942184324,0.363544933117415,1.2268426665768,1,0,0,1,0,1,1,0,0,0,0,0,0,0,0,0,0,0,0,0,0,0,1,0,0,1,0
0117-LFRMW,0,0.188488510242327,-0.816330937000532,-0.367804249790852,1,1,1,0,1,0,0,0,0,1,0,1,0,1,0,0,0,0,0,0,0,0,0,0,0,0,1
6172-FECYY,0,0.677132874882691,0.656021205146653,0.871009991339105,1,1,1,1,0,1,1,0,0,0,0,0,0,0,0,0,0,1,0,0,0,0,0,0,1,0,1
7054-ENNGU,0,-0.951681673918523,-0.462368175965148,-0.801425656265378,0,1,0,1,0,0,0,0,0,0,0,1,0,0,0,0,0,0,0,0,0,0,0,0,0,1,0
1455-HFBXA,0,0.799293966042782,0.891996379170242,1.03565986259208,1,1,0,1,0,1,1,0,0,1,0,0,0,1,0,1,0,0,0,0,0,1,1,1,0,0,0
9402-CXWPL,0,1.53226051300333,1.1346187411945,2.01168328494383,0,0,0,1,0,1,1,0,0,0,0,1,0,0,0,0,0,1,0,1,1,0,0,0,1,0,0
1628-BIZYP,0,-1.27744458367877,0.672639175148314,-0.969894327320844,1,0,0,1,0,0,1,0,0,0,0,1,0,0,0,0,0,0,0,1,0,0,1,0,1,0,0
1965-AKTSX,1,-0.748079855318371,0.471561738128214,-0.520975647649065,0,0,0,1,0,1,1,0,0,0,0,1,0,0,0,0,0,0,0,0,0,0,1,0,1,0,1
0082-LDZUE,0,-1.27744458367877,-0.68006358298691,-0.98786255298111,1,0,0,1,0,0,0,0,0,0,0,0,0,0,0,0,0,0,0,0,0,0,1,0,0,1,0
4786-UKSNZ,0,-1.27744458367877,-1.48104973706698,-0.998502214858565,1,0,0,1,0,0,0,1,1,0,1,0,1,0,1,0,1,0,1,0,0,0,0,0,0,1,1
5343-SGUBI,0,0.799293966042782,0.513106663132367,0.889883250478574,0,0,0,1,0,1,1,0,0,0,0,1,0,0,0,0,0,0,0,0,1,0,1,0,0,1,0
0856-NAOES,0,-1.07384276507861,-0.128346978931757,-0.824603342927883,1,0,0,1,0,0,0,0,0,0,0,0,0,1,0,0,0,1,0,0,0,0,0,0,0,1,0
1976-AZZPJ,0,-1.03312240135858,-1.01574657702047,-0.894136402915398,1,1,0,0,1,0,0,0,0,1,0,1,0,0,0,0,0,0,0,0,0,0,0,0,0,1,0
7248-VZQLC,1,0.595692147442631,0.679286363148979,0.744967523869672,0,0,0,1,0,1,1,0,0,0,0,1,0,1,0,0,0,0,0,0,0,0,1,0,0,0,1
6156-UZDLF,0,-0.259435490678007,0.744096446155458,-0.00345101545626998,0,0,0,1,0,0,1,0,0,1,0,0,0,1,0,1,0,0,0,0,1,0,1,1,0,0,0
3099-OONVS,0,-0.300155854398037,-0.347704182953685,-0.434909171175629,1,1,1,1,0,0,0,0,0,1,0,0,0,0,0,1,0,0,0,0,0,0,0,0,1,0,0
9500-WBGRP,0,1.4915401492833,-1.51760927107064,-0.447248530075,1,0,0,1,0,0,0,1,1,0,1,0,1,0,1,0,1,0,1,0,0,1,1,0,0,1,0
5183-KLYEM,0,1.61370124044339,1.59493651024051,2.60944686096348,0,0,0,1,0,1,1,0,0,1,0,1,0,1,0,1,0,1,0,1,0,1,1,1,0,0,0
5144-PQCDZ,0,-1.15528349251868,-1.48935872206781,-0.98126243077912,1,0,0,1,0,0,0,1,1,0,1,0,1,0,1,0,1,0,1,0,0,0,1,0,0,1,0
8514-VZHEB,0,1.084336512083,-1.50431489506931,-0.500667579335251,1,1,1,1,0,0,0,1,1,0,1,0,1,0,1,0,1,0,1,0,0,1,0,0,0,1,0
6625-IUTTT,0,1.41009942184324,0.0262001420836924,0.918115880232235,1,0,0,1,0,0,0,0,0,1,0,0,0,1,0,0,0,0,0,1,0,1,0,0,0,0,0
9355-NPPFS,1,-0.259435490678007,0.466576347127715,-0.121767587371535,0,0,0,1,0,0,1,0,0,0,0,0,0,0,0,0,0,0,0,1,0,0,1,0,1,0,0
0068-FIGTF,0,-0.218715126957977,0.446634783125722,-0.0896057878788965,0,0,0,1,0,0,0,0,0,0,0,1,0,1,0,1,0,1,0,1,1,0,0,0,0,1,0
5965-GGPRW,0,1.61370124044339,1.34566696021559,2.35213039103508,1,1,1,1,0,1,1,0,0,1,0,0,0,1,0,0,0,1,0,1,0,1,0,0,0,0,0
8035-PWSEV,0,-1.07384276507861,0.813891920162435,-0.792397395460649,0,0,0,1,0,0,1,0,0,0,0,0,0,1,0,1,0,0,0,1,0,0,1,0,1,0,0
2236-HILPA,0,1.20649760324309,-1.46609356406549,-0.469499109271006,1,1,1,1,0,0,0,1,1,0,1,0,1,0,1,0,1,0,1,0,0,1,0,1,0,0,0
1840-BIUOG,0,-0.503757672998189,0.130893353094158,-0.382196489508903,1,0,0,1,0,1,0,0,0,0,0,1,0,0,0,1,0,1,0,0,1,0,1,0,1,0,0
1356-MKYSK,0,-1.07384276507861,0.461590956127217,-0.794052944507971,1,0,0,1,0,0,0,0,0,1,0,0,0,1,0,1,0,1,0,1,0,0,0,1,0,0,0
6080-LNESI,0,0.758573602322752,-1.32982621005186,-0.462369211373873,1,0,0,1,0,1,0,1,1,0,1,0,1,0,1,0,1,0,1,0,0,1,0,0,0,1,0
1830-IPXVJ,0,1.16577723952306,-1.49600591006848,-0.428375270935532,0,1,1,1,0,0,0,1,1,0,1,0,1,0,1,0,1,0,1,0,0,1,0,1,0,0,0
5828-DWPIL,1,1.20649760324309,0.808906529161936,1.47294555095801,1,1,0,1,0,1,1,0,0,1,0,1,0,1,0,0,0,0,0,0,0,0,1,0,1,0,0
8398-TBIYD,0,1.61370124044339,0.662668393147318,1.72319834495118,0,0,0,1,0,1,1,0,0,1,0,0,0,0,0,1,0,0,0,0,0,1,1,0,0,0,0
0011-IGKFF,1,-0.788800219038401,1.10470639519151,-0.460934402199527,1,1,0,1,0,0,1,0,0,0,0,1,0,1,0,0,0,1,0,1,0,0,1,0,1,0,1
4192-GORJT,0,-1.11456312879864,0.986718808179712,-0.787519044267875,1,1,0,1,0,0,1,0,0,0,0,0,0,1,0,0,0,1,0,1,0,0,1,0,1,0,1
6496-SLWHQ,1,-1.1960038562387,1.33735797521476,-0.877426394531097,1,0,0,1,0,1,1,0,0,0,0,1,0,1,0,0,0,1,0,1,0,0,1,0,1,0,1
9912-GVSEQ,1,-0.259435490678007,0.966777244177718,0.0439859832463241,0,1,0,1,0,1,1,0,0,0,0,1,0,1,0,0,0,0,0,1,0,0,1,0,1,0,1
2931-FSOHN,1,-0.788800219038401,-0.16158291893508,-0.659379548005167,1,0,0,1,0,0,0,0,0,0,0,1,0,0,0,0,0,1,0,0,0,0,1,0,1,0,0
9418-RUKPH,0,0.229208873962357,-1.48935872206781,-0.673484825888349,0,1,1,1,0,0,0,1,1,0,1,0,1,0,1,0,1,0,1,0,0,1,1,0,0,1,0
5383-MMTWC,1,-0.992402037638553,0.639403235144992,-0.736616429559554,0,1,0,1,0,1,1,0,0,0,0,0,0,0,0,0,0,0,0,1,0,0,1,0,1,0,1
9971-ZWPBF,1,0.066327419082236,1.46697814122772,0.593032269300126,1,1,1,1,0,1,1,0,0,0,0,1,0,1,0,1,0,1,0,1,0,0,1,0,1,0,0
4712-AUQZO,0,-0.58519840043825,-1.03568814102246,-0.764451727541857,1,0,0,0,1,0,0,0,0,1,0,0,0,1,0,0,0,0,0,0,0,0,0,0,0,1,0
9711-FJTBX,0,0.962175420922904,0.700889724151138,1.10894550042019,1,1,1,1,0,0,1,0,0,0,0,1,0,1,0,1,0,0,0,0,1,0,1,0,0,1,0
2908-ZTPNF,0,0.147768146522297,-0.994143216018307,-0.447976971655822,0,0,0,0,1,0,0,0,0,0,0,1,0,0,0,1,0,0,0,0,0,0,1,0,0,0,0
7240-ETPTR,0,-0.951681673918523,-0.532163649972125,-0.812197762066618,0,1,0,0,1,0,0,0,0,0,0,0,0,1,0,0,0,1,0,1,0,0,1,0,1,0,1
2202-CUYXZ,0,-1.27744458367877,0.667653784147816,-0.969960549282737,1,0,0,1,0,0,1,0,0,0,0,0,0,1,0,0,0,1,0,0,0,0,1,0,1,0,1
5995-OIGLP,0,-0.829520582758432,-0.269599723945878,-0.718317094089823,1,0,0,1,0,0,0,0,0,1,0,0,0,0,0,1,0,0,0,0,0,0,0,0,0,1,1
8421-WZOOW,1,1.00289578464293,1.01496935718254,1.45049630587633,0,1,1,1,0,0,1,0,0,0,0,1,0,1,0,1,0,1,0,0,0,0,1,1,0,0,0
6261-RCVNS,0,0.392090328842479,0.303720241111435,0.387898705343306,0,0,0,1,0,0,0,0,0,1,0,1,0,1,0,1,0,0,0,1,1,0,0,1,0,0,1
7951-QKZPL,0,0.0256070553622056,-1.33813519505269,-0.680592649798184,0,1,1,1,0,1,0,1,1,0,1,0,1,0,1,0,1,0,1,0,0,1,1,0,0,1,1
1414-YADCW,0,1.53226051300333,0.659344799146985,1.51175162062724,1,1,0,1,0,0,1,0,0,1,0,1,0,0,0,1,0,0,0,0,0,1,0,0,0,0,0
8756-RDDLT,0,1.45081978556327,-0.65846022198475,0.354699428447679,0,0,0,0,1,0,0,0,0,0,0,1,0,0,0,1,0,0,0,1,0,0,0,0,1,0,0
2862-PFNIK,0,-1.27744458367877,-1.33148800705203,-0.996515556001779,1,0,1,0,1,0,0,0,0,0,0,0,0,0,0,0,0,0,0,0,0,0,1,0,1,0,0
5816-QVHRX,0,0.188488510242327,1.18114905719915,0.556036266589308,0,0,0,1,0,1,1,0,0,0,0,0,0,0,0,1,0,1,0,1,0,0,0,1,0,0,0
4430-YHXGG,0,-1.15528349251868,-1.30656105204954,-0.970247511117606,0,0,1,1,0,1,0,1,1,0,1,0,1,0,1,0,1,0,1,0,0,0,1,0,0,1,0
6888-SBYAI,0,-1.27744458367877,-0.467353566965646,-0.985037082607014,1,0,0,1,0,0,0,0,0,1,0,0,0,0,0,0,0,0,0,0,0,0,1,0,0,1,0
7395-XWZOY,0,-0.503757672998189,-0.32443902495136,-0.492853387831892,1,0,0,0,1,0,0,0,0,1,0,1,0,1,0,1,0,1,0,0,0,0,1,1,0,0,0
7169-YWAMK,0,1.61370124044339,0.120922571093162,1.13611857878357,1,1,1,1,0,0,0,0,0,1,0,1,0,0,0,1,0,1,0,0,0,1,0,0,0,0,0
3640-PHQXK,0,-0.0558336720778551,0.835495281164595,0.231769393187211,0,0,0,1,0,1,1,0,0,0,0,0,0,1,0,0,0,0,0,1,0,0,1,0,1,0,1
6877-LGWXO,1,-0.58519840043825,0.458267362126884,-0.379348945147509,1,1,0,1,0,0,1,0,0,0,0,0,0,0,0,0,0,0,0,1,0,0,0,0,1,0,1
6859-RKMZJ,0,-0.870240946478462,-0.322777227951194,-0.738934198225804,1,1,0,1,0,0,0,0,0,0,0,0,0,0,0,0,0,1,0,0,0,0,1,0,0,0,0
2729-VNVAP,0,0.0256070553622056,-1.49434411306831,-0.724277070660182,0,1,1,1,0,0,0,1,1,0,1,0,1,0,1,0,1,0,1,0,0,1,0,1,0,0,0
2957-JIRMN,1,1.20649760324309,0.654359408146487,1.18194417641344,0,0,0,1,0,1,1,0,0,0,0,0,0,0,0,0,0,1,0,0,1,0,0,0,1,0,0
2049-BAFNW,0,-1.27744458367877,-0.959245479014819,-0.991570982847111,0,0,0,0,1,0,0,0,0,0,0,0,0,1,0,1,0,0,0,0,0,0,0,0,0,1,0
3842-QTGDL,0,-0.66663912787831,0.531386430134194,-0.424092917399793,1,1,0,1,0,0,1,0,0,1,0,1,0,0,0,0,0,0,0,0,0,0,0,0,0,0,0
7163-OCEQI,0,-0.422316945558128,0.461590956127217,-0.272908178398366,1,1,1,1,0,1,0,0,0,0,0,0,0,1,0,1,0,1,0,1,1,0,1,0,0,1,0
9782-LGXMC,0,0.677132874882691,-0.100096429928933,0.327680867995388,0,1,1,1,0,0,0,0,0,1,0,0,0,1,0,1,0,0,0,0,0,0,0,0,0,0,0
5975-BAICR,0,0.147768146522297,-0.035286346922454,-0.0412416817098022,1,1,1,1,0,0,0,0,0,1,0,0,0,1,0,0,0,0,0,1,1,0,1,1,0,0,0
8019-ENHXU,0,0.392090328842479,1.15289850819632,0.819445157011855,1,1,0,1,0,1,1,0,0,0,0,1,0,1,0,1,0,0,0,1,0,0,1,0,1,0,1
5167-GBFRE,1,-1.15528349251868,-1.31487003705037,-0.962168431766676,1,0,0,0,1,0,0,0,0,0,0,0,0,0,0,0,0,0,0,0,0,0,1,0,0,0,1
9033-EOXWV,0,-0.829520582758432,0.308705632111933,-0.622162805421373,0,0,0,1,0,1,0,0,0,0,0,0,0,0,0,1,0,1,0,1,1,0,0,0,0,1,1
4673-KKSLS,0,-0.0558336720778551,0.759052619156953,0.195281092184239,0,0,0,1,0,0,1,0,0,1,0,0,0,1,0,1,0,0,0,0,0,0,0,0,1,0,0
4853-OITSN,0,-1.11456312879864,0.810568326162103,-0.824978600711942,1,1,0,1,0,1,1,0,0,1,0,0,0,0,0,0,0,0,0,1,0,0,1,0,1,0,0
9800-OUIGR,0,1.36937905812321,-1.48769692506765,-0.400738638838907,1,1,1,1,0,0,0,1,1,0,1,0,1,0,1,0,1,0,1,0,0,1,0,1,0,0,0
1324-NLTJE,1,-0.707359491598341,-0.32443902495136,-0.673175790066182,0,0,0,1,0,1,0,0,0,0,0,0,0,0,0,1,0,0,0,0,0,0,0,1,0,0,1
2324-EFHVG,0,1.28793833068315,1.31741641121277,1.94724931602206,1,0,0,1,0,1,1,0,0,0,0,1,0,1,0,0,0,1,0,1,0,1,1,0,0,0,0
7094-MSZAO,0,-0.910961310198492,-1.48603512806748,-0.910956781236188,1,1,1,1,0,0,0,1,1,0,1,0,1,0,1,0,1,0,1,0,0,0,1,1,0,0,0
1522-VVDMG,0,-1.03312240135858,0.830509890164096,-0.738647236390935,1,1,1,1,0,0,1,0,0,0,0,1,0,0,0,1,0,1,0,0,0,0,1,0,1,0,1
6907-CQGPN,0,-0.137274399517916,-1.01242298302014,-0.56384333098105,1,0,0,0,1,0,0,0,0,0,0,1,0,0,0,1,0,0,0,0,0,0,0,0,1,0,0
0780-XNZFN,0,1.00289578464293,-1.46609356406549,-0.510490503682693,1,0,0,1,0,0,0,1,1,0,1,0,1,0,1,0,1,0,1,0,0,1,0,0,0,0,0
0239-OXEXL,0,0.5549717837226,0.647712220145823,0.691217364799957,0,0,0,1,0,1,1,0,0,1,0,1,0,0,0,0,0,0,0,0,0,0,0,0,0,1,0
2675-IJRGJ,0,0.840014329762813,-1.49932950406881,-0.575652914185279,1,0,0,1,0,0,0,1,1,0,1,0,1,0,1,0,1,0,1,0,0,1,0,0,0,0,0
7049-GKVZY,0,-0.62591876415828,0.501474084131204,-0.394933180179632,0,0,0,1,0,0,0,0,0,1,0,1,0,0,0,1,0,1,0,1,1,0,0,1,0,0,0
8577-QSOCG,0,0.229208873962357,-1.48104973706698,-0.678054141258957,0,1,1,1,0,0,0,1,1,0,1,0,1,0,1,0,1,0,1,0,0,1,1,0,0,1,0
3721-CNZHX,0,-0.707359491598341,-1.49434411306831,-0.872945375109679,1,0,0,1,0,0,0,1,1,0,1,0,1,0,1,0,1,0,1,0,1,0,0,0,0,1,0
0212-ISBBF,0,-0.422316945558128,-0.478986145966809,-0.522300086886922,0,0,0,0,1,0,0,0,0,0,0,1,0,0,0,0,0,1,0,1,0,0,1,0,1,0,0
9185-TQCVP,0,-0.748079855318371,0.677624566148813,-0.50448637913774,1,1,0,1,0,1,1,0,0,0,0,0,0,0,0,0,0,0,0,1,0,0,1,0,1,0,1
3585-YNADK,0,1.00289578464293,0.326985399113761,0.921382830352283,0,1,0,1,0,1,0,0,0,0,0,1,0,1,0,1,0,1,0,0,1,0,0,0,0,0,0
5271-DBYSJ,1,-0.870240946478462,0.478208926128878,-0.642007320001937,1,0,0,1,0,0,1,0,0,0,0,0,0,0,0,0,0,0,0,1,0,0,1,1,0,0,0
1099-GODLO,0,-1.27744458367877,-1.47606434606648,-0.998435992896672,0,1,1,1,0,0,0,1,1,0,1,0,1,0,1,0,1,0,1,0,0,1,0,0,0,1,0
6828-HMKWP,0,-0.829520582758432,-1.45279918806416,-0.891730338299957,1,1,1,1,0,0,0,1,1,0,1,0,1,0,1,0,1,0,1,0,0,1,0,0,0,0,0
5567-WSELE,1,-1.1960038562387,0.99170419918021,-0.884004442745789,1,1,0,1,0,1,1,0,0,0,0,0,0,0,0,0,0,1,0,1,0,0,1,0,1,0,1
1472-TNCWL,0,0.147768146522297,0.995027793180542,0.543277501931281,1,0,1,1,0,0,1,0,0,0,0,1,0,0,0,0,0,1,0,1,0,0,1,0,1,0,0
8063-RJYNF,0,-0.66663912787831,0.980071620179047,-0.352595272542789,1,0,0,1,0,0,1,0,0,1,0,0,0,0,0,0,0,1,0,1,0,0,1,0,1,0,1
0687-ZVTHB,0,1.32865869440318,0.255528128106618,1.04716040997414,1,1,1,1,0,1,0,0,0,1,0,1,0,1,0,0,0,0,0,1,1,0,0,1,0,0,1
2080-GKCWQ,0,-1.23672421995873,0.338617978114924,-0.940425554278516,1,0,0,1,0,0,1,0,0,0,0,1,0,0,0,0,0,0,0,0,0,0,0,0,1,0,0
9661-ACXBS,0,0.392090328842479,1.34400516321543,0.935421886273572,0,0,0,1,0,1,1,0,0,1,0,0,0,1,0,0,0,1,0,1,0,0,1,0,1,0,1
2193-SFWQW,0,1.61370124044339,1.56834775823786,2.53903084148406,1,1,1,1,0,0,1,0,0,1,0,1,0,1,0,1,0,1,0,1,0,1,0,0,0,0,0
5656-JAMLX,0,1.20649760324309,-1.49268231606814,-0.453959022213478,1,0,0,1,0,0,0,1,1,0,1,0,1,0,1,0,1,0,1,0,0,1,0,0,0,0,0
3462-BJQQA,0,-1.07384276507861,0.830509890164096,-0.763436324126167,0,0,0,1,0,1,1,0,0,0,0,1,0,0,0,0,0,1,0,0,0,0,1,0,1,0,0
0442-TDYUO,0,0.636412511162661,-1.48603512806748,-0.550047088920036,1,1,0,1,0,0,0,1,1,0,1,0,1,0,1,0,1,0,1,0,0,1,1,0,0,1,0
6733-LRIZX,0,0.107047782802266,1.46863993822789,0.769756611604904,1,0,0,1,0,1,1,0,0,1,0,0,0,1,0,1,0,1,0,1,0,1,1,0,1,0,0
9503-XJUME,0,0.799293966042782,-1.49932950406881,-0.597550309584522,1,0,1,1,0,0,0,1,1,0,1,0,1,0,1,0,1,0,1,0,1,0,0,1,0,0,0
4367-NHWMM,0,-1.27744458367877,-1.32484081905137,-0.996427260052588,0,0,0,0,1,0,0,0,0,0,0,0,0,0,0,0,0,0,0,0,0,0,1,0,0,1,0
3727-RJMEO,0,-1.07384276507861,0.601181904141171,-0.804229052652176,1,1,0,1,0,1,1,0,0,0,0,0,0,0,0,0,0,1,0,0,0,0,1,0,1,0,1
3779-OSWCF,0,1.57298087672336,0.945173883175559,1.86491334340192,0,1,0,1,0,1,0,0,0,1,0,1,0,1,0,1,0,1,0,1,0,1,0,1,0,0,0
6736-DHUQI,0,1.41009942184324,0.66599198714765,1.46411595603896,0,1,1,1,0,0,1,0,0,1,0,1,0,1,0,0,0,0,0,0,1,0,0,0,0,0,0
3915-ODIYG,1,1.12505687580303,0.232262970104292,0.923855116929617,1,0,0,1,0,1,0,0,0,1,0,1,0,0,0,0,0,0,0,1,1,0,1,0,1,0,0
1360-RCYRT,0,-0.381596581838098,-1.14370494603326,-0.707765728161559,1,1,1,0,1,0,0,0,0,0,0,0,0,0,0,1,0,0,0,0,0,0,1,0,0,0,0
2724-FJDYW,0,0.269929237682388,-0.329424415951858,-0.0398289465227544,1,0,1,0,1,0,0,0,0,0,0,0,0,1,0,1,0,1,0,1,1,0,0,0,0,0,0
4451-RWASJ,0,-0.707359491598341,-1.50431489506931,-0.901575336634698,1,1,1,1,0,0,0,1,1,0,1,0,1,0,1,0,1,0,1,0,1,0,1,0,0,1,0
6646-VRFOL,1,0.840014329762813,1.29913664421094,1.41431704069552,1,1,0,1,0,1,1,0,0,0,0,1,0,1,0,0,0,1,0,1,0,0,1,0,1,0,1
3460-TJBWI,0,-0.340876218118068,-1.34810597705369,-0.738536866454447,1,1,1,1,0,1,0,1,1,0,1,0,1,0,1,0,1,0,1,0,0,1,0,0,0,1,0
5917-HBSDW,0,0.188488510242327,-1.50930028606981,-0.705558329431797,0,1,1,1,0,0,0,1,1,0,1,0,1,0,1,0,1,0,1,0,0,0,0,0,1,0,0
5685-IIXLY,0,-1.11456312879864,0.626108859143663,-0.828973992412812,0,1,1,1,0,0,1,0,0,0,0,1,0,0,0,0,0,0,0,1,0,0,1,0,1,0,1
5671-UUNXD,1,0.717853238602722,1.19278163620031,1.28374940583008,0,1,0,1,0,1,1,0,0,0,0,0,0,0,0,1,0,1,0,1,1,0,1,0,1,0,0
0956-ACVZC,0,0.880734693482843,0.975086229178549,1.2268647405641,0,0,0,1,0,0,1,0,0,0,0,0,0,1,0,0,0,1,0,1,1,0,1,1,0,0,0
2325-NBPZG,0,-1.1960038562387,0.325323602113595,-0.904268363085008,0,0,0,1,0,0,1,0,0,1,0,0,0,0,0,0,0,0,0,0,0,0,1,0,1,0,0
4250-ZBWLV,0,1.45081978556327,1.45202196822623,2.16088136508847,1,0,0,1,0,1,1,0,0,0,0,1,0,1,0,1,0,1,0,1,1,0,0,0,1,0,1
4482-FTFFX,0,-1.11456312879864,-0.286217693947539,-0.878750833768954,1,0,0,1,0,0,0,0,0,0,0,0,0,1,0,1,0,0,0,0,0,0,0,0,1,0,0
8859-DZTGQ,0,0.0256070553622056,-1.47606434606648,-0.702909450956082,1,0,0,1,0,0,0,1,1,0,1,0,1,0,1,0,1,0,1,0,0,1,0,0,0,1,0
0440-MOGPM,0,0.351369965122448,0.524739242133529,0.433525637087495,0,0,0,1,0,1,0,0,0,0,0,1,0,1,0,0,0,1,0,1,1,0,1,0,1,0,0
0020-JDNXP,0,0.066327419082236,-0.116714399930594,-0.127462676094322,0,1,1,0,1,0,0,0,0,1,0,0,0,1,0,1,0,1,0,1,1,0,0,0,0,1,0
3752-CQSJI,0,-0.788800219038401,-1.47274075206615,-0.895063510381899,0,1,1,1,0,0,0,1,1,0,1,0,1,0,1,0,1,0,1,0,0,0,1,0,0,1,0
5025-GOOKI,0,-0.503757672998189,-1.5242564590713,-0.853939672046425,0,0,0,1,0,0,0,1,1,0,1,0,1,0,1,0,1,0,1,0,0,0,1,1,0,0,0
4698-KVLLG,1,0.758573602322752,-1.50099130106898,-0.580111859619399,0,0,0,1,0,0,0,1,1,0,1,0,1,0,1,0,1,0,1,0,0,1,0,1,0,0,0
5095-AESKG,0,-1.1960038562387,0.88867278516991,-0.90016260144765,0,1,0,1,0,1,1,0,0,0,0,1,0,0,0,0,0,0,0,1,0,0,1,1,0,0,1
2887-JPYLU,0,0.351369965122448,-0.65015123698392,-0.194258561656932,0,0,1,1,0,0,0,0,0,0,0,0,0,0,0,0,0,0,0,0,0,0,0,0,0,0,0
4770-QAZXN,0,-0.788800219038401,-1.50597669206947,-0.904952656691234,0,0,0,1,0,0,0,1,1,0,1,0,1,0,1,0,1,0,1,0,0,0,0,1,0,0,0
4896-CPRPF,0,0.107047782802266,-1.30656105204954,-0.65015262131476,1,1,1,1,0,1,0,1,1,0,1,0,1,0,1,0,1,0,1,0,0,1,0,0,0,0,0
1871-MOWRM,0,-0.829520582758432,0.534710024134526,-0.624899979846278,1,1,0,1,0,0,1,0,0,1,0,0,0,0,0,1,0,0,0,0,0,0,0,0,0,0,1
9714-EDSUC,0,-1.15528349251868,1.00167498118121,-0.848244583323638,1,0,0,1,0,0,1,0,0,1,0,1,0,0,0,1,0,0,0,1,0,0,1,0,0,1,0
2027-OAQQC,0,0.432810692562509,-0.522192867971128,-0.0908198571802658,0,0,0,0,1,0,0,0,0,0,0,0,0,1,0,0,0,1,0,1,0,0,1,0,0,0,1
0282-NVSJS,1,-0.829520582758432,-1.17860268303675,-0.850297464142317,0,1,1,0,1,0,0,0,0,0,0,0,0,0,0,1,0,0,0,0,0,0,1,0,0,1,0
9090-SGQXL,1,1.45081978556327,1.34732875721576,2.21522752181522,1,1,0,1,0,1,1,0,0,0,0,1,0,1,0,0,0,1,0,1,0,0,1,0,1,0,1
6595-YGXIT,1,-0.300155854398037,0.803921138161438,0.00409828819951739,1,0,0,1,0,1,1,0,0,0,0,1,0,0,0,0,0,1,0,0,0,0,1,0,1,0,1
7353-YOWFP,0,-1.03312240135858,-1.47938794006682,-0.950402996537042,0,0,0,1,0,0,0,1,1,0,1,0,1,0,1,0,1,0,1,0,1,0,0,0,0,1,0
9835-ZIITK,1,1.36937905812321,1.5317882242342,2.30003578101269,1,1,0,1,0,1,1,0,0,0,0,1,0,1,0,1,0,1,0,1,1,0,1,0,1,0,1
8008-ESFLK,0,0.840014329762813,1.52015564523304,1.56883495177889,0,1,0,1,0,0,1,0,0,1,0,1,0,1,0,1,0,1,0,1,1,0,0,0,1,0,0
7537-CBQUZ,1,1.24721796696312,1.48359611122938,2.09682265395076,1,0,0,1,0,1,1,0,0,1,0,1,0,1,0,0,0,1,0,1,0,0,1,0,0,0,0
1555-DJEQW,0,1.53226051300333,1.64312862324533,2.40252530403556,0,1,1,1,0,1,1,0,0,1,0,1,0,1,0,1,0,1,0,1,0,1,1,0,0,0,1
5649-TJHOV,1,-0.218715126957977,-0.939303915012825,-0.551813007903845,1,1,0,0,1,0,0,0,0,0,0,0,0,0,0,0,0,0,0,1,0,0,0,0,0,0,1
0519-XUZJU,0,-1.27744458367877,0.199027030100969,-0.976185413700667,0,0,0,1,0,0,1,0,0,0,0,0,0,0,0,0,0,0,0,0,0,0,0,0,0,1,1
3363-EWLGO,0,-1.11456312879864,-1.48935872206781,-0.959033925570413,0,0,0,1,0,0,0,1,1,0,1,0,1,0,1,0,1,0,1,0,0,0,0,0,0,1,0
4750-UKWJK,1,0.188488510242327,-1.50099130106898,-0.68611114662259,0,1,0,1,0,0,0,1,1,0,1,0,1,0,1,0,1,0,1,0,1,0,0,0,0,1,0
6338-AVWCY,0,-1.1960038562387,-0.817992734000698,-0.949696628943518,1,0,0,0,1,0,0,0,0,0,0,0,0,1,0,0,0,1,0,0,0,0,1,0,0,1,1
1689-YQBYY,0,-0.829520582758432,0.393457279120406,-0.61317869259124,0,0,1,1,0,1,1,0,0,0,0,0,0,0,0,0,0,0,0,0,0,0,1,0,1,0,0
4487-ZYJZK,0,0.229208873962357,-1.50099130106898,-0.670526911590467,0,1,1,1,0,0,0,1,1,0,1,0,1,0,1,0,1,0,1,0,1,0,0,1,0,0,0
2959-FENLU,0,-0.951681673918523,0.682609957149311,-0.662447832239537,0,0,0,1,0,0,1,0,0,0,0,0,0,1,0,0,0,0,0,1,0,0,1,1,0,0,0
0708-LGSMF,0,-0.788800219038401,0.036170924084689,-0.60909500494118,1,1,0,1,0,1,0,0,0,1,0,0,0,0,0,0,0,0,0,1,0,0,1,0,1,0,0
9253-QXKBE,1,-0.137274399517916,0.986718808179712,0.164112622119994,1,1,0,1,0,1,1,0,0,0,0,0,0,0,0,0,0,1,0,1,0,0,1,0,1,0,1
7634-HLQJR,0,0.595692147442631,-1.48603512806748,-0.558567648016918,0,1,1,1,0,0,0,1,1,0,1,0,1,0,1,0,1,0,1,0,0,1,0,1,0,0,0
0487-RPVUM,0,1.16577723952306,1.15123671119616,1.61658098630365,1,1,0,1,0,1,1,0,0,1,0,0,0,1,0,1,0,1,0,0,0,0,0,0,0,0,0
4079-ULGFR,0,-0.66663912787831,-1.48769692506765,-0.885704139767706,1,0,0,1,0,0,0,1,1,0,1,0,1,0,1,0,1,0,1,0,0,0,0,0,0,1,0
2516-XSJKX,0,0.351369965122448,0.454943768126552,0.372844246006326,0,1,1,1,0,0,0,0,0,1,0,1,0,0,0,1,0,1,0,1,0,1,0,0,1,0,0
0057-QBUQH,0,0.432810692562509,-1.3181936310507,-0.534970555595758,0,0,1,1,0,1,0,1,1,0,1,0,1,0,1,0,1,0,1,0,0,1,1,0,1,0,0
9445-SZLCH,0,0.147768146522297,1.08310303418935,0.519172707802276,0,1,1,1,0,1,1,0,0,0,0,1,0,1,0,0,0,1,0,0,0,0,1,0,0,0,1
6599-SFQVE,0,-1.07384276507861,-0.32443902495136,-0.85714040020458,0,0,0,1,0,0,0,0,0,0,0,0,0,0,0,0,0,0,0,1,0,0,1,0,1,0,0
8331-ZXFOE,0,1.04361614836296,0.210659609102132,0.890589618072097,0,0,0,1,0,1,0,0,0,1,0,1,0,1,0,1,0,0,0,0,1,0,1,1,0,0,0
4003-FUSHP,0,-0.544478036718219,-0.106743617929597,-0.524794447451554,1,0,0,1,0,0,0,0,0,0,0,0,0,0,0,1,0,1,0,0,0,0,1,1,0,0,0
0356-ERHVT,0,-0.870240946478462,-0.626886078981594,-0.777011826314205,1,1,0,1,0,0,0,0,0,0,0,0,0,0,0,0,0,0,0,0,0,0,1,0,0,0,0
7325-ENZFI,0,0.269929237682388,-0.8130073430002,-0.287631527925881,0,0,0,0,1,0,0,0,0,1,0,1,0,0,0,1,0,0,0,0,1,0,1,0,0,0,0
4884-ZTHVF,1,-0.992402037638553,0.742434649155291,-0.692380159015115,0,0,0,1,0,0,1,0,0,0,0,1,0,0,0,0,0,1,0,0,0,0,1,0,1,0,0
3920-HIHMQ,0,-0.259435490678007,-0.507236694969633,-0.448661265262048,0,0,1,1,0,1,0,0,0,0,0,0,0,0,0,0,0,0,0,0,0,0,1,0,0,1,0
3055-OYMSE,1,0.840014329762813,0.300396647111103,0.760198575105032,0,0,0,1,0,0,1,0,0,0,0,1,0,0,0,0,0,0,0,0,0,0,1,1,0,0,0
0613-WUXUM,0,1.53226051300333,-1.5142856770703,-0.388730389748999,0,1,1,1,0,0,0,1,1,0,1,0,1,0,1,0,1,0,1,0,0,1,1,0,0,1,0
7568-PODML,0,-1.27744458367877,-0.646827642983588,-0.987421073235157,1,0,0,0,1,0,0,0,0,0,0,0,0,0,0,0,0,1,0,1,0,0,1,0,0,1,1
4458-KVRBJ,0,1.084336512083,-1.32151722505103,-0.340564949465584,1,0,0,1,0,1,0,1,1,0,1,0,1,0,1,0,1,0,1,0,0,1,0,0,0,1,0
5349-IECLD,0,-1.23672421995873,1.00333677818137,-0.928792562972668,1,0,0,1,0,0,1,0,0,0,0,0,0,1,0,0,0,1,0,1,0,0,0,0,1,0,1
1397-XKKWR,0,-1.03312240135858,-0.979187043016812,-0.890516268998588,1,0,0,0,1,0,0,0,0,1,0,0,0,1,0,0,0,0,0,0,1,0,0,0,0,1,0
3945-GFWQL,0,-0.829520582758432,-0.671754597986079,-0.795244939822043,0,0,1,1,0,0,0,0,0,0,0,0,0,0,0,0,0,0,0,0,0,0,1,0,1,0,1
8097-OMULG,0,1.084336512083,0.398442670120904,0.997736752414764,1,1,1,1,0,0,0,0,0,0,0,1,0,1,0,1,0,1,0,1,1,0,0,1,0,0,0
6013-BHCAW,0,1.16577723952306,0.539695415135025,1.18944933209463,1,1,1,1,0,1,0,0,0,0,0,0,0,1,0,1,0,1,0,1,0,1,1,0,0,0,0
0401-WDBXM,0,1.61370124044339,1.35563774221659,2.32233050818329,1,1,1,1,0,1,1,0,0,1,0,0,0,1,0,0,0,1,0,1,0,1,1,0,0,0,0
3387-PLKUI,0,-0.788800219038401,-1.52758005307163,-0.896498319556244,0,1,1,1,0,0,0,1,1,0,1,0,1,0,1,0,1,0,1,0,0,0,0,0,0,1,0
6096-EGVTU,0,1.28793833068315,-1.32484081905137,-0.303039171059623,0,1,1,1,0,1,0,1,1,0,1,0,1,0,1,0,1,0,1,0,1,0,0,0,0,1,0
3797-VTIDR,0,-1.27744458367877,-1.37303293205618,-0.997067405684219,1,1,0,0,1,0,0,0,0,0,0,0,0,0,0,0,0,0,0,0,0,0,1,0,1,0,1
5081-NWSUP,0,-0.910961310198492,0.00459678108153305,-0.704763665889082,0,0,0,1,0,0,0,0,0,0,0,1,0,0,0,1,0,0,0,1,1,0,0,0,0,1,0
2580-ATZSQ,0,1.32865869440318,-0.113390805930262,0.702916578067698,0,1,1,1,0,0,0,0,0,1,0,1,0,1,0,0,0,0,0,0,1,0,0,0,0,0,0
8085-MSNLK,0,1.20649760324309,1.6348196382445,2.03499341553012,0,1,0,1,0,1,1,0,0,1,0,1,0,1,0,1,0,1,0,1,0,1,0,0,0,1,0
9691-HKOVS,0,0.921455057202873,0.843804266165425,1.16331373113424,0,1,0,1,0,1,0,0,0,1,0,1,0,1,0,1,0,1,0,1,1,0,1,0,1,0,0
9881-VCZEP,0,-0.300155854398037,-0.35435137095435,-0.40126841453405,0,1,0,1,0,1,0,0,0,0,0,1,0,0,0,0,0,0,0,0,0,0,0,0,1,0,0
9526-BIHHD,0,-1.27744458367877,-1.16530830703542,-0.994308157272016,1,0,0,0,1,0,0,0,0,1,0,0,0,0,0,0,0,0,0,0,0,0,0,0,0,1,1
8757-TFHHJ,0,-1.27744458367877,-0.497265912968636,-0.985434414378371,1,0,0,1,0,0,0,0,0,1,0,0,0,0,0,0,0,0,0,0,0,0,1,1,0,0,0
4523-WXCEF,0,1.084336512083,1.20773780920181,1.65907341185158,0,1,0,1,0,1,1,0,0,0,0,1,0,0,0,0,0,1,0,1,0,0,0,0,1,0,1
1468-DEFNC,1,1.28793833068315,-1.34145878905303,-0.323722497157497,1,1,1,1,0,1,0,1,1,0,1,0,1,0,1,0,1,0,1,0,0,1,1,0,0,0,0
5119-KEPFY,0,0.147768146522297,1.00499857518154,0.511380590286215,1,1,0,1,0,1,1,0,0,0,0,0,0,0,0,0,0,1,0,1,0,0,1,0,0,0,0
8364-TRMMK,0,-1.1960038562387,-0.469015363965812,-0.940624220164194,0,0,0,1,0,1,0,0,0,0,0,0,0,0,0,0,0,0,0,0,0,0,1,0,0,1,1
0916-KNFAJ,0,1.16577723952306,0.170776481098145,0.858582336490542,1,1,0,1,0,1,0,0,0,1,0,0,0,1,0,0,0,0,0,1,0,1,1,0,0,1,0
8319-QBEHW,0,-0.259435490678007,-0.824639922001362,-0.555455215807953,1,0,1,0,1,0,0,0,0,0,0,1,0,0,0,0,0,1,0,0,1,0,1,0,0,0,0
3063-QFSZL,0,-1.27744458367877,-0.311144648950031,-0.982962127801037,0,0,0,1,0,0,0,0,0,0,0,0,0,0,0,0,0,0,0,1,0,0,1,0,1,0,1
8775-LHDJH,1,-1.27744458367877,0.85876043916692,-0.96742204074351,0,1,0,1,0,1,1,0,0,0,0,1,0,0,0,0,0,1,0,0,0,0,1,0,1,0,1
9625-QNLUX,0,1.45081978556327,1.27919508020895,2.11578420903942,1,1,1,1,0,0,1,0,0,1,0,1,0,1,0,0,0,1,0,1,0,1,1,1,0,0,0
3097-NQYSN,1,-1.23672421995873,0.734125664154461,-0.938394747447135,1,1,0,1,0,1,1,0,0,0,0,0,0,0,0,0,0,1,0,0,0,0,1,0,0,1,1
4024-CSNBY,0,1.61370124044339,0.980071620179047,2.01660578411119,0,1,0,1,0,1,1,0,0,1,0,1,0,1,0,1,0,0,0,0,0,1,1,0,0,0,0
7110-BDTWG,0,1.57298087672336,-0.588664747977773,0.433393193163709,0,1,0,0,1,0,0,0,0,0,0,0,0,1,0,1,0,0,0,1,0,1,1,0,1,0,0
7493-GVFIO,0,1.00289578464293,-1.46941715806582,-0.45431220601024,1,0,0,1,0,0,0,1,1,0,1,0,1,0,1,0,1,0,1,0,0,1,0,1,0,0,0
0690-SRQID,0,-1.15528349251868,-1.49932950406881,-0.977598148887715,1,0,0,1,0,0,0,1,1,0,1,0,1,0,1,0,1,0,1,0,0,0,1,0,0,1,0
9605-WGJVW,1,-1.27744458367877,0.180747263099142,-0.976428227560941,0,0,0,1,0,0,1,0,0,0,0,0,0,0,0,0,0,0,0,0,0,0,1,0,1,0,0
9114-DPSIA,0,1.61370124044339,0.539695415135025,1.53108843349996,1,1,1,1,0,1,0,0,0,1,0,1,0,1,0,1,0,0,0,1,0,1,0,1,0,0,0
4700-UBQMV,0,-0.463037309278159,0.37019212111808,-0.323236869436949,1,1,1,1,0,1,0,0,0,1,0,0,0,0,0,0,0,1,0,1,1,0,1,0,0,0,0
7711-GQBZC,0,1.57298087672336,-1.33148800705203,-0.208098951692542,0,1,1,1,0,1,0,1,1,0,1,0,1,0,1,0,1,0,1,0,0,1,0,0,0,0,0
3565-UNOCC,1,-0.137274399517916,1.139604132195,0.296203362108976,0,1,0,1,0,1,1,0,0,0,0,0,0,1,0,0,0,1,0,1,0,0,1,0,0,0,1
4627-MIHJH,1,1.4915401492833,1.51184666023221,2.28935197116064,0,0,0,1,0,1,1,0,0,1,0,0,0,1,0,1,0,1,0,1,0,1,0,1,0,0,0
9795-NREXC,0,1.28793833068315,0.672639175148314,1.41383141297498,0,1,0,1,0,1,0,0,0,1,0,0,0,1,0,1,0,1,0,1,0,1,1,1,0,0,0
8573-CGOCC,0,-0.66663912787831,-1.49600591006848,-0.877227728645418,1,0,0,1,0,0,0,1,1,0,1,0,1,0,1,0,1,0,1,0,0,0,0,1,0,0,0
7356-AYNJP,0,-1.15528349251868,-1.35807675905469,-0.964375830496438,0,0,0,1,0,1,0,1,1,0,1,0,1,0,1,0,1,0,1,0,1,0,0,0,1,0,0
9249-FXSCK,0,0.799293966042782,1.54508260023553,1.60457273721375,0,0,0,1,0,1,1,0,0,1,0,1,0,0,0,1,0,1,0,1,1,0,1,1,0,0,1
5493-SDRDQ,0,-1.23672421995873,-0.321115430951027,-0.957378376523091,1,0,0,1,0,0,0,0,0,1,0,0,0,1,0,0,0,0,0,0,0,0,1,0,0,1,1
6286-SUUWT,0,-1.27744458367877,-1.48935872206781,-0.998612584795053,1,0,0,1,0,0,0,1,1,0,1,0,1,0,1,0,1,0,1,0,0,0,0,0,0,1,0
4819-HJPIW,0,-0.58519840043825,-1.31653183405053,-0.796922562856662,1,0,0,0,1,0,0,0,0,0,0,0,0,0,0,0,0,0,0,0,0,0,0,0,0,1,0
8654-DHAOW,0,-1.23672421995873,-0.352689573954184,-0.962543689550735,0,0,0,1,0,1,0,0,0,0,0,1,0,0,0,0,0,0,0,0,0,0,0,0,0,1,0
5438-QMDDL,0,-0.544478036718219,-0.164906512935412,-0.508172735016443,0,1,0,1,0,0,0,0,0,0,0,1,0,0,0,0,0,0,0,1,0,0,1,0,0,1,0
9812-GHVRI,0,0.310649601402418,0.634417844144493,0.551996726913843,0,0,0,1,0,1,1,0,0,0,0,0,0,0,0,0,0,0,0,1,0,0,0,0,0,0,0
5553-AOINX,1,1.36937905812321,1.33403438121443,2.03501548951741,0,1,1,1,0,1,1,0,0,0,0,1,0,1,0,0,0,1,0,1,1,0,1,0,1,0,0
1228-ZLNBX,0,-0.463037309278159,0.350250557116086,-0.313987868759244,1,0,0,1,0,1,1,0,0,0,0,0,0,0,0,0,0,0,0,0,0,0,0,0,0,1,0
4226-KKDON,0,-0.992402037638553,0.0627596760873474,-0.77743123207286,1,0,0,1,0,0,0,0,0,0,0,1,0,0,0,1,0,1,0,0,0,0,1,0,1,0,0
3831-YCPUO,0,1.61370124044339,1.48691970522971,2.46035915075533,0,1,1,1,0,0,1,0,0,1,0,1,0,1,0,1,0,1,0,1,0,1,1,1,0,0,0
7445-WMRBW,0,0.636412511162661,0.302058444111269,0.573695456427407,0,0,0,1,0,1,0,0,0,0,0,1,0,1,0,1,0,1,0,0,1,0,1,0,0,0,0
3308-DGHKL,0,1.4915401492833,-1.51096208306997,-0.368201581562209,1,0,0,1,0,0,0,1,1,0,1,0,1,0,1,0,1,0,1,0,0,1,1,0,0,0,0
9924-JPRMC,0,1.61370124044339,1.77607238325862,2.76597350489093,1,0,0,1,0,1,1,0,0,1,0,1,0,1,0,1,0,1,0,1,0,1,1,0,1,0,0
0080-EMYVY,0,-0.748079855318371,-0.442426611963154,-0.686089072635292,0,0,0,1,0,0,0,0,0,0,0,1,0,0,0,0,0,0,0,0,1,0,0,1,0,0,0
6218-KNUBD,0,-1.07384276507861,-0.176539091936574,-0.849546948574198,1,0,0,1,0,0,0,0,0,0,0,1,0,0,0,0,0,1,0,0,0,0,0,0,1,0,0
7337-CINUD,0,-0.992402037638553,-1.50431489506931,-0.937070308209277,0,1,1,1,0,0,0,1,1,0,1,0,1,0,1,0,1,0,1,0,0,1,0,0,0,0,0
7609-NRNCA,0,-0.62591876415828,-1.50265309806914,-0.883430519076051,0,0,0,1,0,0,0,1,1,0,1,0,1,0,1,0,1,0,1,0,1,0,0,0,0,1,0
0623-EJQEG,0,1.32865869440318,0.956806462176721,1.67203084239528,1,0,0,1,0,1,1,0,0,1,0,0,0,0,0,1,0,0,0,1,1,0,0,0,1,0,0
7153-CHRBV,0,1.00289578464293,-0.181524482937073,0.438139100432698,0,1,1,1,0,0,0,0,0,1,0,0,0,1,0,1,0,0,0,0,1,0,1,0,0,1,0
0871-URUWO,0,-0.788800219038401,1.24595914020563,-0.407449130977384,1,1,0,1,0,1,1,0,0,0,0,0,0,1,0,0,0,1,0,1,0,0,1,1,0,0,1
9190-MFJLN,1,-0.544478036718219,1.03491092118453,-0.22251326539789,1,0,0,1,0,0,1,0,0,0,0,0,0,1,0,0,0,1,0,1,0,0,1,1,0,0,1
6198-PNNSZ,0,0.962175420922904,1.49689048723071,1.68986662413177,0,1,0,1,0,1,1,0,0,1,0,1,0,1,0,0,0,1,0,1,1,0,0,0,0,0,0
3317-VLGQT,0,-0.748079855318371,0.443311189125389,-0.511903238869741,0,1,0,1,0,0,1,0,0,0,0,0,0,0,0,0,0,0,0,1,0,0,1,0,1,0,0
4132-POCZS,0,0.799293966042782,-0.826301719001529,-0.115233687131438,1,1,0,0,1,0,0,0,0,1,0,0,0,0,0,0,0,0,0,1,0,0,1,0,1,0,0
5614-DNZCE,0,1.04361614836296,0.00459678108153305,0.668194196048535,0,0,0,1,0,0,0,0,0,1,0,1,0,1,0,1,0,0,0,0,0,1,1,1,0,0,0
1095-JUDTC,1,0.595692147442631,1.0066603721817,0.981247483903439,0,0,0,1,0,1,1,0,0,0,0,1,0,0,0,1,0,1,0,0,0,0,1,0,1,0,1
3896-RCYYE,0,1.41009942184324,-0.377616528956676,0.572702126999014,0,0,0,0,1,0,0,0,0,0,0,0,0,1,0,1,0,1,0,1,0,0,1,1,0,0,0
9638-JIQYA,0,-1.23672421995873,-1.32484081905137,-0.985478562352967,1,0,0,0,1,0,0,0,0,0,0,0,0,0,0,0,0,0,0,0,0,0,1,1,0,0,0
3258-SANFR,1,-1.07384276507861,-0.666769206985581,-0.885350955970944,1,0,0,1,0,0,0,0,0,0,0,0,0,0,0,0,0,0,0,0,0,0,0,1,0,0,0
3726-TBHQT,0,1.57298087672336,1.63648143524467,2.60207414920608,1,1,1,1,0,1,1,0,0,1,0,1,0,1,0,1,0,1,0,1,0,1,1,0,0,0,0
3190-ITQXP,0,0.5549717837226,-1.47938794006682,-0.614348613918014,0,1,1,1,0,0,0,1,1,0,1,0,1,0,1,0,1,0,1,0,0,1,0,0,0,0,0
0870-VEMYL,0,-1.11456312879864,-0.36266035595518,-0.89272366772835,0,0,0,1,0,0,0,0,0,1,0,0,0,0,0,1,0,0,0,0,0,0,0,1,0,0,1
4833-QTJNO,1,1.41009942184324,0.634417844144493,1.45992189845242,1,1,0,1,0,1,1,0,0,1,0,1,0,0,0,0,0,0,0,0,0,0,0,0,0,0,0
3039-MJSLN,0,-1.1960038562387,-1.48104973706698,-0.985081230581609,1,0,1,1,0,0,0,1,1,0,1,0,1,0,1,0,1,0,1,0,0,0,0,0,0,0,0
0178-CIIKR,0,-1.1960038562387,-1.48935872206781,-0.981814280461561,0,0,0,1,0,0,0,1,1,0,1,0,1,0,1,0,1,0,1,0,0,0,0,0,0,1,0
5385-SUIRI,1,0.799293966042782,1.31076922321211,1.45089363764769,1,1,0,1,0,1,1,0,0,1,0,0,0,1,0,0,0,1,0,1,0,0,1,0,1,0,1
3982-XWFZQ,0,0.392090328842479,-0.482309739967141,-0.0345532635586221,0,1,0,1,0,1,0,0,0,0,0,0,0,0,0,0,0,0,0,0,0,0,1,0,1,0,1
5774-QPLTF,0,0.717853238602722,-1.47606434606648,-0.592892698264724,1,1,1,1,0,0,0,1,1,0,1,0,1,0,1,0,1,0,1,0,1,0,1,0,0,1,0
2322-VCZHZ,1,-0.381596581838098,0.838818875164927,-0.11382095194439,1,1,0,1,0,0,1,0,0,1,0,1,0,0,0,0,0,0,0,1,0,0,1,0,1,0,0
5010-IPEAQ,0,1.41009942184324,-0.351027776954017,0.592480419617685,0,1,1,0,1,0,0,0,0,1,0,1,0,1,0,1,0,1,0,0,0,1,0,1,0,0,0
4009-ALQFH,0,-0.300155854398037,1.15456030519649,0.0384674864219181,0,0,0,1,0,0,1,0,0,0,0,1,0,1,0,0,0,1,0,1,0,0,1,0,1,0,1
6383-ZTSIW,1,0.269929237682388,1.14126592919516,0.704616275089615,0,1,0,1,0,0,1,0,0,1,0,1,0,0,0,0,0,1,0,1,1,0,0,0,0,1,0
8990-YOZLV,0,1.4915401492833,0.071068661088178,1.01363002326905,0,0,0,1,0,1,0,0,0,1,0,1,0,0,0,1,0,0,0,0,0,1,1,0,0,1,0
3069-SSVSN,0,-1.27744458367877,-1.29326667604821,-0.996007854293933,0,0,0,0,1,0,0,0,0,0,0,0,0,0,0,0,0,0,0,0,1,0,0,0,0,1,0
5222-IMUKT,0,-0.0151133083578247,0.873716612168415,0.260288984775742,1,0,0,1,0,0,1,0,0,0,0,0,0,0,0,0,0,1,0,1,0,0,0,0,1,0,0
3627-FCRDW,0,-0.951681673918523,0.2073360151018,-0.710502902586464,0,0,0,1,0,0,1,0,0,0,0,0,0,0,0,0,0,0,0,0,0,0,0,0,1,0,1
7562-GSUHK,0,-0.66663912787831,0.945173883175559,-0.312663429521387,0,0,0,1,0,0,1,0,0,0,0,1,0,1,0,0,0,0,0,1,0,0,1,1,0,0,1
6685-XSHHU,0,1.12505687580303,-1.45612278206449,-0.446498014506881,1,1,1,1,0,0,0,1,1,0,1,0,1,0,1,0,1,0,1,0,0,1,1,0,0,0,0
8901-UPRHR,0,1.61370124044339,1.47694892322872,2.39702888119845,0,1,1,1,0,1,1,0,0,0,0,1,0,1,0,1,0,1,0,1,0,1,1,0,0,0,0
4903-UYAVB,0,-1.11456312879864,-1.50930028606981,-0.951771583749495,1,1,0,1,0,0,0,1,1,0,1,0,1,0,1,0,1,0,1,0,0,0,0,0,0,1,1
0118-JPNOY,1,-0.259435490678007,0.699227927150972,-0.0389680610181469,0,0,0,1,0,0,1,0,0,1,0,0,0,0,0,0,0,1,0,0,0,0,1,1,0,0,0
6776-TLWOI,0,-1.1960038562387,-1.49268231606814,-0.978922588125572,1,0,0,1,0,0,0,1,1,0,1,0,1,0,1,0,1,0,1,0,0,0,0,0,0,1,1
3845-FXCYS,0,-1.23672421995873,-1.49932950406881,-0.993645937653088,1,0,0,1,0,0,0,1,1,0,1,0,1,0,1,0,1,0,1,0,0,0,1,0,1,0,0
5857-XRECV,0,-1.23672421995873,-1.47107895506598,-0.990533505444122,0,0,1,1,0,0,0,1,1,0,1,0,1,0,1,0,1,0,1,0,1,0,0,0,0,0,0
0725-CXOTM,0,0.147768146522297,0.827186296163764,0.470698231696694,0,0,0,1,0,1,0,0,0,1,0,0,0,1,0,1,0,1,0,1,1,0,1,1,0,0,0
4343-EJVQB,0,-1.03312240135858,0.31867641411293,-0.771846513286562,1,0,0,1,0,0,1,0,0,1,0,0,0,0,0,0,0,0,0,0,0,0,0,0,0,1,0
9000-PLFUZ,1,1.12505687580303,-0.508898491969799,0.276204329617329,0,1,0,0,1,0,0,0,0,0,0,1,0,0,0,0,0,1,0,1,0,1,1,1,0,0,0
3427-GGZZI,0,-0.544478036718219,0.808906529161936,-0.291869733487025,0,1,0,1,0,1,1,0,0,0,0,1,0,0,0,0,0,0,0,1,0,0,1,0,1,0,0
7779-ORAEL,1,0.51425142000257,0.345265166115588,0.529083928098909,1,1,0,1,0,1,0,0,0,1,0,0,0,1,0,1,0,0,0,1,0,1,0,1,0,0,0
0644-OQMDK,1,-1.15528349251868,0.195703436100637,-0.877691282378669,1,0,0,1,0,0,1,0,0,0,0,0,0,0,0,0,0,0,0,0,0,0,1,0,1,0,0
4077-CROMM,0,-0.0558336720778551,1.31076922321211,0.424497376282767,0,1,1,1,0,1,1,0,0,0,0,0,0,1,0,1,0,1,0,1,0,0,1,0,1,0,1
3154-CFSZG,0,0.595692147442631,0.840480672165093,0.819069899227795,1,1,1,1,0,0,1,0,0,1,0,0,0,1,0,0,0,0,0,1,0,0,0,0,1,0,0
2868-MZAGQ,0,-1.27744458367877,0.48153252012921,-0.972432835860071,1,0,0,1,0,0,1,0,0,0,0,0,0,0,0,0,0,0,0,1,0,0,1,0,1,0,1
4847-QNOKA,0,-1.27744458367877,-0.660122018984916,-0.987597665133538,0,0,0,1,0,0,0,0,0,0,0,0,0,0,0,0,0,0,0,0,0,0,1,0,0,0,1
2220-IAHLS,0,-1.27744458367877,-1.50763848906964,-0.998855398655327,0,0,0,1,0,0,0,1,1,0,1,0,1,0,1,0,1,0,1,0,0,0,0,1,0,0,0
1658-XUHBX,1,1.084336512083,0.797273950160774,1.35390053746193,0,1,1,1,0,1,1,0,0,0,0,0,0,1,0,0,0,0,0,1,0,0,1,1,0,0,0
6379-RXJRQ,0,-0.910961310198492,0.177423669098809,-0.716197991309251,1,1,0,1,0,0,1,0,0,0,0,0,0,0,0,0,0,0,0,0,0,0,1,0,1,0,1
2378-HTWFW,1,0.107047782802266,0.872054815168249,0.396706226275058,1,0,0,1,0,1,1,0,0,1,0,0,0,0,0,0,0,0,0,1,0,0,0,1,0,0,0
8650-RHRKE,0,-1.15528349251868,-1.16697010403558,-0.955104755831436,1,0,0,0,1,0,0,0,0,0,0,0,0,1,0,0,0,0,0,0,0,0,1,0,1,0,1
4377-VDHYI,0,-0.0151133083578247,0.865407627167585,0.327548424071602,1,1,1,1,0,0,1,0,0,1,0,1,0,0,0,0,0,0,0,1,1,0,1,0,1,0,0
0475-RIJEP,0,0.432810692562509,0.435002204124559,0.47853449718735,1,0,0,1,0,1,1,0,0,0,0,1,0,0,0,0,0,0,0,0,0,0,1,0,1,0,1
1260-TTRXI,0,-1.15528349251868,-0.347704182953685,-0.921199111342285,1,0,0,1,0,0,0,0,0,0,0,0,0,0,0,0,0,0,0,1,0,0,0,0,1,0,1
3719-TDVQB,1,0.880734693482843,-1.52259466207113,-0.552210339675203,0,1,0,1,0,0,0,1,1,0,1,0,1,0,1,0,1,0,1,0,0,1,1,0,0,1,0
6328-ZPBGN,1,-0.870240946478462,1.00998396618204,-0.566977837177313,0,0,0,1,0,1,1,0,0,0,0,0,0,0,0,0,0,1,0,1,0,0,1,0,0,0,1
0201-MIBOL,1,1.36937905812321,1.25094453120612,1.84977058811575,0,0,0,1,0,1,1,0,0,1,0,0,0,0,0,0,0,1,0,1,0,1,1,0,0,0,0
4937-QPZPO,0,1.16577723952306,1.16785468119782,1.74800950667371,1,1,1,1,0,1,1,0,0,0,0,0,0,1,0,0,0,1,0,1,1,0,1,0,1,0,0
2925-VDZHY,0,1.61370124044339,0.795612153160608,1.86279424062135,1,1,1,1,0,1,0,0,0,1,0,1,0,1,0,1,0,1,0,1,0,1,0,1,0,0,0
6981-TDRFT,0,0.473531056282539,-0.347704182953685,0.0155326136196867,1,1,1,0,1,0,0,0,0,0,0,0,0,1,0,1,0,1,0,1,1,0,1,0,1,0,0
3413-CSSTH,0,0.351369965122448,-0.301173866949034,-0.019587100170833,1,0,0,1,0,1,0,0,0,0,0,0,0,1,0,0,0,0,0,0,0,0,1,0,0,0,0
8033-VCZGH,0,0.717853238602722,1.30246023821128,1.3020928892744,1,1,0,1,0,1,1,0,0,1,0,0,0,1,0,0,0,1,0,1,1,0,1,0,1,0,0
4789-KWMXN,0,0.595692147442631,1.5317882242342,1.32173873796929,1,1,0,1,0,1,1,0,0,1,0,0,0,1,0,1,0,1,0,1,1,0,1,1,0,0,1
0224-NIJLP,0,-0.992402037638553,-1.48271153406715,-0.934355207771669,1,1,1,1,0,0,0,1,1,0,1,0,1,0,1,0,1,0,1,0,0,1,0,0,0,1,0
7542-CYDDM,0,-0.58519840043825,-1.48603512806748,-0.849149616802841,1,0,0,1,0,0,0,1,1,0,1,0,1,0,1,0,1,0,1,0,0,0,0,0,0,1,0
4718-WXBGI,0,1.61370124044339,0.903628958171406,1.91292426577425,1,1,1,1,0,1,0,0,0,1,0,1,0,1,0,1,0,1,0,1,0,1,1,1,0,0,0
2867-UIMSS,0,-1.27744458367877,0.523077445133363,-0.97188098617763,1,0,0,1,0,0,1,0,0,0,0,0,0,0,0,0,0,0,0,1,0,0,0,0,1,0,1
8495-PRWFH,1,0.392090328842479,-0.3028356639492,0.0617334690336137,0,0,0,1,0,1,0,0,0,0,0,0,0,1,0,0,0,0,0,0,0,0,0,0,1,0,0
0439-IFYUN,1,-0.58519840043825,0.330308993114093,-0.435880426616724,0,0,0,1,0,0,1,0,0,0,0,1,0,0,0,0,0,0,0,0,0,0,1,0,1,0,0
5716-LIBJC,0,-0.788800219038401,1.30910742621194,-0.433893767759938,0,0,1,1,0,1,1,0,0,0,0,1,0,1,0,0,0,1,0,1,1,0,1,1,0,0,0
2868-LLSKM,0,1.45081978556327,0.627770656143829,1.52375986971714,0,1,1,1,0,1,1,0,0,0,0,1,0,0,0,1,0,0,0,0,1,0,1,0,0,0,0
8111-RKSPX,0,-1.15528349251868,0.247219143105787,-0.872525969351025,1,0,0,1,0,1,1,0,0,0,0,0,0,0,0,0,0,0,0,0,0,0,1,0,0,0,1
2988-QRAJY,0,1.4915401492833,1.50519947223154,2.27310551650959,1,0,0,1,0,1,1,0,0,1,0,1,0,1,0,0,0,1,0,1,0,1,1,1,0,0,0
1585-MQSSU,0,-0.62591876415828,-0.440764814962988,-0.609867594496597,1,0,0,1,0,0,0,0,0,0,0,0,0,0,0,1,0,0,0,0,0,0,0,0,0,1,1
0071-NDAFP,0,-0.300155854398037,-1.30489925504937,-0.729022977929171,1,1,1,1,0,1,0,1,1,0,1,0,1,0,1,0,1,0,1,0,0,1,0,1,0,0,0
2856-NNASM,1,0.432810692562509,0.823862702163431,0.695256904475423,1,0,0,1,0,0,1,0,0,0,0,0,0,0,0,0,0,1,0,1,0,0,1,0,0,1,1
7328-ZJAJO,0,1.084336512083,-1.50431489506931,-0.467644894338005,0,1,1,1,0,0,0,1,1,0,1,0,1,0,1,0,1,0,1,0,0,1,0,1,0,0,0
6458-CYIDZ,1,-1.11456312879864,0.529724633134028,-0.841953496943815,0,0,0,1,0,0,1,0,0,1,0,1,0,0,0,0,0,0,0,0,0,0,0,0,1,0,0
8559-CIZFV,0,-0.463037309278159,0.423369625123396,-0.290015518554025,1,1,1,1,0,1,0,0,0,1,0,1,0,0,0,1,0,1,0,0,1,0,0,0,0,1,1
1090-PYKCI,0,1.4915401492833,1.3406815692151,2.1865975602902,0,1,1,1,0,1,1,0,0,1,0,1,0,1,0,1,0,1,0,0,1,0,1,1,0,0,0
3058-WQDRE,0,-0.788800219038401,-1.31653183405053,-0.860915052032474,1,0,0,0,1,0,0,0,0,0,0,0,0,0,0,0,0,0,0,0,0,0,1,0,0,0,0
7547-EKNFS,0,0.392090328842479,1.01330756018237,0.740552726410147,1,1,0,1,0,1,1,0,0,0,0,1,0,1,0,0,0,1,0,0,0,0,1,0,0,0,1
2279-AXJJK,0,0.799293966042782,1.0266019361837,1.23900543357779,1,1,0,1,0,1,1,0,0,0,0,1,0,0,0,1,0,0,0,1,0,0,1,1,0,0,0
6769-DYBQN,1,0.5549717837226,0.672639175148314,0.744989597856969,1,0,0,1,0,0,1,0,0,1,0,0,0,0,0,0,0,0,0,1,0,0,0,0,1,0,1
0909-SELIE,0,1.16577723952306,0.53304822713436,1.13854671738631,1,1,0,1,0,1,0,0,0,1,0,1,0,1,0,1,0,0,0,1,0,1,1,0,0,0,0
3417-TSCIC,0,-0.137274399517916,-1.32650261605153,-0.659511991928953,1,0,0,0,1,0,0,0,0,0,0,0,0,0,0,0,0,0,0,0,1,0,1,0,0,1,0
1042-HFUCW,0,-0.300155854398037,-0.33274800995219,-0.448352229439882,0,0,1,1,0,0,0,0,0,0,0,1,0,0,0,1,0,0,0,0,1,0,1,1,0,0,0
4439-JMPMT,0,-1.11456312879864,0.697566130150806,-0.799505219370484,0,1,1,1,0,0,1,0,0,0,0,0,0,0,0,1,0,1,0,0,0,0,1,0,1,0,1
6537-OTKMY,0,-0.707359491598341,-0.46569176996548,-0.703593744562308,1,0,0,0,1,0,0,0,0,0,0,0,0,1,0,0,0,1,0,1,1,0,0,0,1,0,0
8999-EXMNO,0,-0.544478036718219,-1.48271153406715,-0.836258408221028,0,1,1,1,0,0,0,1,1,0,1,0,1,0,1,0,1,0,1,0,0,1,0,0,0,1,0
6725-TPKJO,0,0.473531056282539,-1.48603512806748,-0.634259350460471,1,0,0,1,0,0,0,1,1,0,1,0,1,0,1,0,1,0,1,0,0,1,0,0,0,1,0
2446-BEGGB,1,-1.07384276507861,1.11301538019234,-0.759926560145844,0,0,0,1,0,1,1,0,0,0,0,1,0,0,0,0,0,1,0,1,0,0,1,0,1,0,1
7162-WPHPM,0,1.04361614836296,0.227277579103793,0.860149589588674,1,1,1,1,0,1,0,0,0,1,0,1,0,1,0,1,0,0,0,0,0,1,0,1,0,0,0
1599-MMYRQ,0,1.20649760324309,0.55465158813652,1.1924955423417,1,1,1,1,0,0,1,0,0,1,0,1,0,0,0,0,0,0,0,0,1,0,1,1,0,0,0
8821-KVZKQ,0,1.53226051300333,-0.211436828940063,0.808452311337638,0,1,1,0,1,0,0,0,0,0,0,1,0,1,0,1,0,1,0,1,1,0,1,0,0,0,0
1496-GGSUK,1,-1.27744458367877,-1.29825206704871,-0.996074076255826,0,0,0,0,1,0,0,0,0,0,0,0,0,0,0,0,0,0,0,0,0,0,1,0,0,1,1
6434-TTGJP,0,-0.910961310198492,-0.367645746955679,-0.777409158085563,1,1,1,0,1,0,0,0,0,1,0,1,0,1,0,1,0,0,0,1,0,1,0,1,0,0,0
0042-JVWOJ,0,-0.259435490678007,-1.50099130106898,-0.799107887599127,1,0,0,1,0,0,0,1,1,0,1,0,1,0,1,0,1,0,1,0,1,0,1,0,0,0,0
0130-SXOUN,0,1.36937905812321,0.818877311162933,1.63126018785657,1,0,0,1,0,1,1,0,0,0,0,1,0,0,0,0,0,0,0,1,0,0,0,1,0,0,0
2575-GFSOE,0,-1.03312240135858,0.140864135095155,-0.783634022503493,0,1,1,1,0,0,1,0,0,0,0,0,0,0,0,0,0,0,0,0,0,0,1,0,1,0,1
2330-PQGDQ,0,0.758573602322752,0.646050423145657,0.890832431932371,1,1,1,1,0,1,1,0,0,0,0,1,0,0,0,1,0,0,0,0,1,0,0,0,0,0,0
1452-UZOSF,0,1.61370124044339,1.37391750921842,2.32513390457009,1,1,1,1,0,1,1,0,0,1,0,1,0,1,0,1,0,1,0,0,0,1,1,1,0,0,0
2097-YVPKN,0,1.32865869440318,-1.29659027004854,-0.276881496111939,1,0,0,1,0,1,0,1,1,0,1,0,1,0,1,0,1,0,1,0,0,1,0,0,0,1,0
2842-JTCCU,0,-1.23672421995873,-0.621900687981096,-0.971947208139523,1,0,0,1,0,0,0,0,0,0,0,0,0,0,0,0,0,0,0,0,0,0,0,0,0,0,1
8597-CTXVJ,0,1.53226051300333,0.00625857808169908,1.00197495797591,1,0,1,1,0,1,0,0,0,1,0,1,0,0,0,1,0,0,0,0,1,0,0,0,0,0,0
6631-HMANX,0,1.61370124044339,0.68759534814981,1.74189501219226,1,1,0,1,0,1,0,0,0,0,0,1,0,1,0,1,0,1,0,1,0,1,1,1,0,0,0
9962-BFPDU,0,-1.27744458367877,-1.48603512806748,-0.998568436820457,0,1,1,1,0,0,0,1,1,0,1,0,1,0,1,0,1,0,1,0,0,0,0,0,0,1,0
3296-SILRA,1,-1.27744458367877,0.386810091119741,-0.973691053136035,0,1,0,1,0,0,1,0,0,0,0,1,0,0,0,0,0,0,0,0,0,0,1,0,0,1,1
9681-OXGVC,0,-1.11456312879864,1.18779624519981,-0.78049951630723,0,0,0,1,0,1,1,0,0,0,0,0,0,1,0,0,0,1,0,1,0,0,1,0,1,0,1
6394-HHHZM,0,-1.1960038562387,-1.46443176706532,-0.982035020334537,1,0,0,1,0,0,0,1,1,0,1,0,1,0,1,0,1,0,1,0,0,0,0,0,0,1,0
5995-LFTLE,0,1.04361614836296,-1.31154644305004,-0.356524442281766,1,0,0,1,0,1,0,1,1,0,1,0,1,0,1,0,1,0,1,0,0,1,1,1,0,0,0
5180-UCIIQ,1,-0.422316945558128,-0.82131632800103,-0.618829633339432,1,1,1,0,1,0,0,0,0,1,0,0,0,0,0,0,0,0,0,1,0,0,0,0,0,1,1
1932-UEDCX,1,0.0256070553622056,1.19111983920014,0.436329033474293,1,1,0,1,0,1,1,0,0,0,0,1,0,0,0,0,0,1,0,1,0,0,1,0,0,0,0
7153-OANIO,0,-1.27744458367877,0.172438278098311,-0.976538597497429,1,0,0,1,0,0,1,0,0,0,0,0,0,0,0,0,0,0,0,0,0,0,0,0,1,0,1
5188-HGMLP,1,0.880734693482843,0.307043835111767,0.722805240622857,1,1,0,1,0,1,1,0,0,0,0,0,0,0,0,0,0,0,0,0,0,0,0,0,0,0,0
0665-XHDJU,0,1.61370124044339,1.15123671119616,2.20906887935918,1,1,0,1,0,1,1,0,0,0,0,1,0,0,0,0,0,1,0,1,0,1,1,0,1,0,0
6521-YYTYI,0,-1.27744458367877,0.948497477175891,-0.966230045429438,1,0,1,1,0,1,1,0,0,0,0,0,0,0,0,0,0,1,0,1,0,0,1,0,1,0,1
8878-HMWBV,0,-1.1960038562387,-0.518869273970796,-0.932787954673538,1,0,0,1,0,0,0,0,0,0,0,0,0,1,0,0,0,0,0,0,0,0,1,0,1,0,1
8265-HKSOW,0,1.61370124044339,1.4187860282229,2.37356423270107,0,1,1,1,0,1,1,0,0,1,0,1,0,1,0,1,0,0,0,1,0,1,0,1,0,0,0
3544-FBCAS,0,1.61370124044339,0.626108859143663,1.62349014432781,0,1,1,1,0,1,0,0,0,1,0,1,0,1,0,0,0,1,0,1,0,1,1,1,0,0,0
5331-RGMTT,1,0.880734693482843,1.139604132195,1.33052418491374,1,1,0,1,0,1,1,0,0,0,0,0,0,1,0,0,0,1,0,1,0,0,1,1,0,0,0
4759-PXTAN,0,1.084336512083,0.509783069132034,1.06453263797737,0,1,0,1,0,1,0,0,0,0,0,1,0,0,0,1,0,1,0,1,1,0,1,0,1,0,0
7054-DMVAS,0,0.880734693482843,0.0178911570828618,0.543454093829662,1,0,0,1,0,0,0,0,0,1,0,1,0,0,0,0,0,1,0,0,0,1,1,0,0,0,0
3428-MMGUB,0,1.12505687580303,0.823862702163431,1.30204874129981,1,0,0,1,0,1,1,0,0,0,0,0,0,1,0,0,0,1,0,0,0,1,1,0,1,0,0
6549-BTYPG,0,1.12505687580303,-0.131670572932089,0.583430084825659,0,1,0,0,1,0,0,0,0,0,0,1,0,1,0,1,0,1,0,1,0,1,0,1,0,0,0
7823-JSOAG,0,-1.1960038562387,0.323661805113429,-0.911420334969438,1,0,0,1,0,1,1,0,0,0,0,0,0,0,0,0,0,0,0,0,0,0,0,0,1,0,0
3705-RHRFR,0,1.4915401492833,1.14292772619533,2.02790766560758,0,1,0,1,0,1,1,0,0,1,0,0,0,0,0,0,0,1,0,1,0,1,0,0,0,0,0
9374-YOLBJ,0,-1.27744458367877,-1.51262388007014,-0.99892162061722,0,1,1,1,0,0,0,1,1,0,1,0,1,0,1,0,1,0,1,0,0,0,0,0,1,0,0
9074-KGVOX,0,0.717853238602722,-0.841257892003024,-0.115035021245759,1,1,1,0,1,0,0,0,0,1,0,0,0,0,0,0,0,1,0,0,0,0,1,1,0,0,0
6128-DAFVY,0,0.962175420922904,-0.661783815985083,0.124953368654009,0,0,0,0,1,0,0,0,0,0,0,0,0,0,0,0,0,1,0,1,0,0,1,1,0,0,0
9933-QRGTX,0,1.12505687580303,1.07811764318885,1.47005385862203,0,1,0,1,0,0,1,0,0,1,0,0,0,0,0,1,0,1,0,1,0,1,1,0,1,0,0
4476-OSWTN,1,1.4915401492833,1.5218174422332,2.35228490894616,1,1,0,1,0,1,1,0,0,1,0,0,0,1,0,1,0,1,0,1,1,0,1,0,0,1,0
3751-KTZEL,0,-1.27744458367877,-0.987496028017643,-0.99194624063117,0,0,0,0,1,0,0,0,0,0,0,0,0,0,0,0,0,0,0,1,0,0,0,0,0,1,1
1977-STDKI,1,-1.27744458367877,0.273807895108445,-0.975192084272274,0,0,0,1,0,0,1,0,0,0,0,1,0,0,0,0,0,0,0,0,0,0,1,0,1,0,1
5066-GFJMM,0,-1.1960038562387,-1.49102051906798,-0.987222407349479,0,1,0,1,0,0,0,1,1,0,1,0,1,0,1,0,1,0,1,0,0,0,1,0,0,1,0
2661-GKBTK,0,1.12505687580303,0.405089858121569,0.998641785893967,1,1,1,1,0,0,0,0,0,0,0,1,0,0,0,1,0,1,0,1,0,1,0,0,0,0,0
0458-HEUZG,0,-0.788800219038401,-0.97586344901648,-0.808577628149808,0,0,0,0,1,0,0,0,0,0,0,0,0,1,0,1,0,0,0,0,0,1,0,0,0,1,0
7268-WNTCP,0,1.20649760324309,-1.47274075206615,-0.434666357315355,1,1,1,1,0,0,0,1,1,0,1,0,1,0,1,0,1,0,1,0,0,1,0,0,0,0,0
0824-VWDPO,0,0.51425142000257,1.06316147018735,0.953964035603576,0,0,0,1,0,1,1,0,0,1,0,1,0,0,0,0,0,0,0,1,1,0,0,0,0,0,0
8409-WQJUX,0,-0.300155854398037,-0.351027776954017,-0.379128205274533,0,0,0,0,1,0,0,0,0,0,0,0,0,1,0,1,0,1,0,1,1,0,0,0,1,0,0
2578-JQPHZ,0,0.473531056282539,1.17450186919848,0.925532739964236,1,0,0,1,0,0,1,0,0,0,0,0,0,1,0,1,0,1,0,1,0,1,0,0,0,0,0
3278-FSIXX,0,-1.23672421995873,-0.648489439983754,-0.974662308577131,0,0,0,1,0,0,0,0,0,0,0,0,0,0,0,0,0,0,0,0,0,0,1,0,0,1,0
5813-UECBU,1,0.0256070553622056,0.634417844144493,0.191771328203917,1,0,0,1,0,1,1,0,0,0,0,1,0,1,0,0,0,0,0,0,0,0,1,1,0,0,1
0328-GRPMV,0,-1.27744458367877,0.177423669098809,-0.976472375535536,0,0,0,1,0,0,1,0,0,0,0,0,0,0,0,0,0,0,0,0,0,0,1,0,1,0,1
9746-UGFAC,0,-0.422316945558128,-1.45944637606482,-0.80846725821332,0,0,0,1,0,0,0,1,1,0,1,0,1,0,1,0,1,0,1,0,1,0,0,0,0,0,0
2946-KIQSP,0,0.107047782802266,-1.04067353202296,-0.488306146448581,0,0,0,0,1,0,0,0,0,0,0,0,0,1,0,1,0,0,0,0,0,0,1,0,0,1,0
0625-AFOHS,0,-0.137274399517916,-1.48104973706698,-0.760721223688559,0,1,1,1,0,0,0,1,1,0,1,0,1,0,1,0,1,0,1,0,0,1,0,0,0,1,0
6726-WEXXK,1,-0.218715126957977,0.702551521151305,-0.0272909217377039,1,1,0,1,0,1,1,0,0,1,0,0,0,1,0,0,0,0,0,0,1,0,1,0,1,0,0
4636-OLWOE,0,0.880734693482843,-0.125023384931425,0.441979974222485,1,0,1,1,0,0,0,0,0,0,0,1,0,1,0,1,0,0,0,0,1,0,1,0,1,0,0
4342-HENTK,1,-1.23672421995873,0.195703436100637,-0.944575463890469,0,0,0,1,0,0,1,0,0,0,0,0,0,0,0,0,0,0,0,0,0,0,1,0,1,0,1
4685-ERGHK,0,1.00289578464293,0.735787461154627,1.17315872946898,1,0,0,1,0,1,1,0,0,0,0,0,0,0,0,0,0,1,0,0,1,0,1,0,1,0,0
0885-HMGPY,0,1.20649760324309,0.154158511096484,0.863350317746829,1,0,0,1,0,1,0,0,0,1,0,1,0,1,0,1,0,0,0,0,0,1,0,0,0,0,0
5003-OKNNK,0,-0.707359491598341,-1.47606434606648,-0.859104985074069,0,1,1,1,0,0,0,1,1,0,1,0,1,0,1,0,1,0,1,0,1,0,0,1,0,0,0
4195-SMMNX,0,-1.23672421995873,-1.47606434606648,-0.992762978161183,1,0,0,1,0,0,0,1,1,0,1,0,1,0,1,0,1,0,1,0,0,0,0,0,0,1,1
7208-PSIHR,0,1.53226051300333,1.31409281721244,2.1661570480526,0,1,0,1,0,1,1,0,0,0,0,0,0,1,0,1,0,1,0,1,0,1,1,0,0,0,0
4012-ZTHBR,0,-0.463037309278159,-0.65846022198475,-0.59849949103832,0,1,1,1,0,0,0,0,0,0,0,0,0,0,0,0,0,0,0,0,0,0,1,0,1,0,0
0489-WMEMG,0,-0.381596581838098,-0.508898491969799,-0.513249752094896,0,0,1,1,0,0,0,0,0,0,0,0,0,0,0,1,0,0,0,0,1,0,1,0,1,0,0
7435-ZNUYY,0,-1.07384276507861,-1.46775536106565,-0.955943567348746,1,0,0,1,0,0,0,1,1,0,1,0,1,0,1,0,1,0,1,0,1,0,0,0,0,1,0
1354-YZFNB,0,-1.15528349251868,-1.50265309806914,-0.977046299205274,1,1,1,1,0,0,0,1,1,0,1,0,1,0,1,0,1,0,1,0,0,1,0,1,0,0,0
6956-SMUCM,0,-1.1960038562387,1.13794233519483,-0.880538826740062,0,0,0,1,0,0,1,0,0,1,0,0,0,1,0,0,0,1,0,1,0,0,1,1,0,0,1
2985-FMWYF,0,-0.381596581838098,0.955144665176555,0.0263267934082249,0,0,0,1,0,1,1,0,0,0,0,0,0,0,0,0,0,1,0,1,0,0,1,0,1,0,0
2812-ENYMO,0,-0.259435490678007,-0.339395197952855,-0.405749433955467,1,0,0,0,1,0,0,0,0,1,0,0,0,0,0,1,0,1,0,1,1,0,0,1,0,0,0
2717-HVIZY,0,-0.992402037638553,-1.48603512806748,-0.935194019288979,0,0,1,1,0,0,0,1,1,0,1,0,1,0,1,0,1,0,1,0,0,0,0,0,0,1,0
3223-WZWJM,0,-0.259435490678007,0.637741438144826,-0.0122364624007244,1,0,0,1,0,1,1,0,0,0,0,0,0,0,0,0,0,0,0,1,0,0,1,0,1,0,1
3422-GALYP,0,-1.23672421995873,0.488179708129875,-0.943339320601802,1,0,0,1,0,1,1,0,0,0,0,1,0,0,0,0,0,0,0,0,0,0,1,0,1,0,0
9053-JZFKV,0,1.41009942184324,1.70960050325197,2.41506332882061,1,0,0,1,0,1,1,0,0,1,0,1,0,1,0,1,0,1,0,1,0,1,0,1,0,0,1
2530-ENDWQ,0,1.57298087672336,0.96179185317722,1.89987853928136,0,1,0,1,0,1,1,0,0,0,0,0,0,0,0,0,0,1,0,1,0,1,1,0,0,0,1
2890-WFBHU,0,1.084336512083,0.501474084131204,1.10554610637636,0,0,0,1,0,1,0,0,0,1,0,1,0,1,0,1,0,0,0,1,1,0,0,1,0,0,0
0327-WFZSY,0,0.269929237682388,1.17117827519815,0.68589753386123,1,1,1,1,0,1,1,0,0,0,0,0,0,1,0,0,0,1,0,1,1,0,0,0,1,0,0
7977-HXJKU,0,-0.463037309278159,-1.50099130106898,-0.83215264658367,1,0,1,1,0,0,0,1,1,0,1,0,1,0,1,0,1,0,1,0,0,1,0,0,0,1,0
6615-ZGEDR,0,-1.27744458367877,-1.49766770706864,-0.998722954731541,1,0,0,1,0,0,0,1,1,0,1,0,1,0,1,0,1,0,1,0,0,0,0,0,0,1,1
7033-CLAMM,0,0.636412511162661,-1.48104973706698,-0.55391003669712,0,1,1,1,0,0,0,1,1,0,1,0,1,0,1,0,1,0,1,0,0,1,0,0,0,0,0
4023-RTIQM,1,-0.0558336720778551,-0.477324348966643,-0.309837959147291,0,1,0,0,1,0,0,0,0,1,0,1,0,1,0,0,0,0,0,1,1,0,1,1,0,0,0
0864-FVJNJ,0,1.28793833068315,1.61487807424251,2.18127772935147,0,1,1,1,0,1,1,0,0,1,0,1,0,1,0,1,0,1,0,1,1,0,0,0,1,0,0
7356-IWLFW,0,0.5549717837226,0.506459475131702,0.656826092590259,1,1,1,1,0,1,1,0,0,0,0,1,0,0,0,0,0,0,0,0,0,0,1,0,0,0,0
9541-PWTWO,0,0.799293966042782,0.538033618134859,0.861783064648698,0,0,0,1,0,1,0,0,0,0,0,0,0,1,0,1,0,1,0,1,0,1,1,0,0,0,0
3967-VQOGC,0,1.41009942184324,-1.32484081905137,-0.26562376259015,0,1,1,1,0,1,0,1,1,0,1,0,1,0,1,0,1,0,1,0,0,1,1,0,0,1,0
7872-RDDLZ,1,1.41009942184324,-0.327762618951692,0.63731268781916,0,0,0,1,0,1,0,0,0,0,0,1,0,0,0,0,0,0,0,0,0,0,0,0,1,0,0
9250-WYPLL,0,-1.11456312879864,0.358559542116917,-0.824802008813561,0,0,0,1,0,1,1,0,0,0,0,0,0,0,0,0,0,0,0,0,0,0,0,0,1,0,1
6308-CQRBU,0,1.57298087672336,1.47861072022888,2.39537333215112,0,1,0,1,0,1,1,0,0,0,0,1,0,1,0,1,0,1,0,1,0,1,0,0,1,0,0
2754-XBHTB,0,-0.951681673918523,0.428355016123894,-0.692137345154841,0,0,0,1,0,0,1,0,0,0,0,0,0,0,0,0,0,1,0,0,0,0,1,0,0,0,1
1597-LHYNC,1,-0.259435490678007,1.00499857518154,0.0950431158657283,0,0,0,1,0,1,1,0,0,1,0,1,0,0,0,0,0,0,0,1,0,0,1,0,1,0,1
0186-CAERR,0,1.57298087672336,1.71292409725231,2.66107791725263,1,0,0,1,0,1,1,0,0,1,0,1,0,1,0,1,0,1,0,1,1,0,1,0,0,0,0
3043-SUDUA,0,-0.0151133083578247,-1.49102051906798,-0.74184796454909,0,0,0,1,0,0,0,1,1,0,1,0,1,0,1,0,1,0,1,0,0,0,0,0,0,0,0
5442-BHQNG,0,-1.23672421995873,0.18573265409964,-0.945944051102922,0,0,0,1,0,0,1,0,0,0,0,0,0,0,0,0,0,0,0,0,0,0,0,0,1,0,0
2169-RRLFW,0,1.57298087672336,-1.30157566104904,-0.173795975432034,0,1,0,1,0,1,0,1,1,0,1,0,1,0,1,0,1,0,1,0,0,1,0,1,0,0,0
5872-OEQNH,0,1.12505687580303,-0.675078191986411,0.21720056157078,0,0,0,0,1,0,0,0,0,1,0,0,0,1,0,0,0,0,0,1,1,0,1,0,1,0,0
3162-KKZXO,1,0.921455057202873,1.17616366619865,1.38087494993962,0,0,0,1,0,1,1,0,0,0,0,0,0,1,0,0,0,1,0,1,1,0,1,0,1,0,0
7055-VKGDA,0,0.880734693482843,1.35065235121609,1.48402669258142,1,0,0,1,0,0,1,0,0,1,0,1,0,0,0,1,0,1,0,1,1,0,1,1,0,0,1
0754-UKWQP,0,-1.23672421995873,1.03324912418436,-0.920139559952,1,0,0,1,0,0,1,0,0,0,0,0,0,1,0,0,0,1,0,1,0,0,1,0,1,0,1
8873-GLDMH,0,-1.07384276507861,0.302058444111269,-0.830254283676075,0,0,0,1,0,1,1,0,0,0,0,0,0,0,0,0,0,0,0,0,0,0,1,0,0,1,0
5696-JVVQY,0,0.636412511162661,0.177423669098809,0.422267903565707,0,1,1,1,0,0,0,0,0,1,0,1,0,1,0,0,0,0,0,1,0,1,1,1,0,0,0
8946-BFWSG,0,1.24721796696312,-1.3132082400502,-0.312950391356256,1,1,1,1,0,1,0,1,1,0,1,0,1,0,1,0,1,0,1,0,0,1,0,0,0,1,0
7493-TPUWZ,0,-1.27744458367877,0.478208926128878,-0.972476983834666,1,0,0,1,0,1,1,0,0,0,0,1,0,0,0,0,0,0,0,0,0,0,1,0,1,0,1
0547-HURJB,0,-0.829520582758432,-1.45279918806416,-0.90331918163121,1,0,1,1,0,0,0,1,1,0,1,0,1,0,1,0,1,0,1,0,0,0,0,1,0,0,0
8904-OPDCK,1,0.880734693482843,-1.3231790220512,-0.404910622438158,1,1,0,0,1,0,0,0,0,0,0,0,0,0,0,0,0,0,0,0,0,0,1,0,0,0,0
8845-LWKGE,0,-0.0965540357978854,-0.00869759491979612,-0.131016588049239,0,1,1,1,0,0,0,0,0,0,0,0,0,1,0,1,0,1,0,0,1,0,1,0,1,0,0
1577-HKTFG,0,-0.0965540357978854,-1.49932950406881,-0.717875614343871,0,1,0,1,0,0,0,1,1,0,1,0,1,0,1,0,1,0,1,0,0,0,0,0,0,0,1
8752-STIVR,0,-1.15528349251868,0.47322353512838,-0.87358552074131,0,0,0,1,0,0,1,0,0,0,0,0,0,0,0,0,0,1,0,0,0,0,1,0,1,0,1
0691-NIKRI,0,0.310649601402418,1.36893211821792,0.906482888926387,0,0,0,1,0,1,1,0,0,0,0,0,0,1,0,1,0,1,0,1,1,0,1,1,0,0,0
5022-JNQEQ,0,-0.951681673918523,0.368530324117914,-0.721561970222574,0,1,1,1,0,0,1,0,0,0,0,0,0,0,0,1,0,0,0,0,0,0,1,0,1,0,0
4558-FANTW,0,-0.62591876415828,0.900305364171073,-0.312332319711923,0,1,1,1,0,0,1,0,0,1,0,0,0,0,0,1,0,1,0,0,0,0,0,0,1,0,1
3249-VHRIP,0,1.20649760324309,-0.703328740989236,0.206075271972777,0,0,0,0,1,0,0,0,0,0,0,1,0,1,0,0,0,0,0,1,0,1,1,1,0,0,0
3736-BLEPA,0,-0.177994763237946,0.88036380016908,0.0890610653080723,1,0,0,1,0,0,1,0,0,0,0,1,0,0,0,1,0,1,0,0,1,0,1,0,0,0,0
4701-LKOZD,0,1.53226051300333,0.830509890164096,1.80356973270183,0,0,0,1,0,1,0,0,0,1,0,1,0,1,0,1,0,1,0,1,0,1,0,1,0,0,0
6603-QWSPR,0,0.5549717837226,1.31741641121277,1.15768486437335,0,0,0,1,0,0,1,0,0,0,0,1,0,1,0,1,0,1,0,1,0,1,1,0,0,0,0
9921-QFQUL,0,-0.381596581838098,0.843804266165425,-0.104616099241281,0,1,0,1,0,1,1,0,0,0,0,0,0,1,0,0,0,0,0,1,0,0,0,0,0,1,0
1929-ZCBHE,0,0.595692147442631,-0.8130073430002,-0.215052257691294,1,1,1,0,1,0,0,0,0,1,0,0,0,1,0,1,0,0,0,0,1,0,0,0,1,0,0
4378-MYPGO,0,1.45081978556327,1.34566696021559,2.15938033395223,1,1,1,1,0,0,1,0,0,1,0,1,0,1,0,0,0,1,0,1,0,1,1,0,0,0,0
8651-ENBZX,1,1.12505687580303,1.37059391521809,1.8363275298515,0,0,0,1,0,1,1,0,0,0,0,0,0,1,0,1,0,1,0,1,1,0,1,0,1,0,1
4129-LYCOI,0,1.41009942184324,1.30412203521144,2.10017790002,0,0,1,1,0,1,1,0,0,0,0,1,0,0,0,1,0,1,0,1,0,1,1,0,1,0,0
7798-JVXYM,0,-0.748079855318371,0.162467496097315,-0.60064066780619,0,0,0,1,0,0,0,0,0,0,0,0,0,0,0,1,0,1,0,1,0,0,1,0,1,0,0
8647-SDTWQ,0,1.00289578464293,0.317014617112764,0.766600031421343,1,1,1,1,0,1,1,0,0,0,0,0,0,0,0,0,0,0,0,0,0,0,1,0,1,0,0
2696-ECXKC,0,0.921455057202873,1.20109062120114,1.39802643806988,0,1,1,1,0,1,1,0,0,1,0,0,0,0,0,0,0,1,0,1,1,0,0,0,0,1,0
2081-KJSQF,0,-1.27744458367877,-1.47938794006682,-0.998480140871267,1,0,0,1,0,0,0,1,1,0,1,0,1,0,1,0,1,0,1,0,0,0,1,0,0,1,0
7623-TRNQN,0,-1.27744458367877,-0.493942318968304,-0.985390266403776,1,0,1,1,0,0,0,0,0,0,0,0,0,0,0,1,0,0,0,0,0,0,1,0,0,1,1
3323-CPBWR,0,-0.381596581838098,1.06814686118785,-0.0867361695302054,1,0,0,1,0,1,1,0,0,0,0,0,0,1,0,1,0,1,0,0,0,0,1,1,0,0,0
9330-IJWIO,0,-0.788800219038401,1.18281085419931,-0.407515352939277,0,0,0,1,0,1,1,0,0,1,0,0,0,0,0,0,0,1,0,1,0,0,1,0,1,0,1
3384-CTMSF,0,0.595692147442631,1.30744562921177,1.25964461170107,1,1,0,1,0,1,1,0,0,0,0,1,0,1,0,0,0,1,0,1,0,0,1,0,1,0,0
0902-RFHOF,0,0.229208873962357,-1.48437333106731,-0.685095743206899,1,0,0,1,0,0,0,1,1,0,1,0,1,0,1,0,1,0,1,0,1,0,0,0,0,1,0
9286-DOJGF,1,0.229208873962357,0.338617978114924,0.25956054319492,0,1,0,1,0,1,1,0,0,0,0,0,0,0,0,0,0,0,0,0,0,0,1,0,0,0,1
6048-QBXKL,1,-1.23672421995873,-0.27292331794621,-0.955215125767924,0,0,0,1,0,1,0,0,0,0,0,1,0,0,0,0,0,0,0,0,0,0,1,1,0,0,0
9661-MHUMO,1,-1.27744458367877,-0.515545679970464,-0.985677228238645,1,1,1,1,0,0,0,0,0,0,0,0,0,0,0,1,0,0,0,0,0,0,1,1,0,0,1
7718-RXDGG,0,-0.707359491598341,0.127569759093826,-0.517995659363885,1,1,0,1,0,0,1,0,0,0,0,0,0,0,0,0,0,0,0,0,0,0,1,0,0,0,0
1025-FALIX,0,-0.259435490678007,0.142525932095321,-0.205847404988184,0,0,0,1,0,0,1,0,0,0,0,0,0,0,0,0,0,0,0,0,0,0,1,1,0,0,0
3451-VAWLI,0,0.107047782802266,-1.49766770706864,-0.684963299283113,0,1,1,1,0,0,0,1,1,0,1,0,1,0,1,0,1,0,1,0,0,1,0,1,0,0,0
3407-QGWLG,0,-1.1960038562387,-1.48603512806748,-0.97411045889469,1,0,1,1,0,0,0,1,1,0,1,0,1,0,1,0,1,0,1,0,0,0,1,0,0,1,0
1842-EZJMK,0,0.717853238602722,1.29415125321044,1.23134575998552,1,1,1,1,0,1,1,0,0,0,0,1,0,0,0,1,0,1,0,1,0,0,0,0,1,0,1
2347-WKKAE,0,0.392090328842479,0.985057011179546,0.764944482374021,1,1,0,1,0,1,1,0,0,1,0,0,0,1,0,0,0,0,0,1,0,0,1,0,1,0,0
8735-DCXNF,0,-0.910961310198492,-0.326100821951526,-0.756284352241737,1,1,0,1,0,0,0,0,0,1,0,0,0,0,0,1,0,0,0,0,0,0,1,1,0,0,0
3214-IYUUQ,0,1.16577723952306,0.96179185317722,1.57996024137689,0,1,0,1,0,0,1,0,0,1,0,1,0,0,0,1,0,0,0,1,1,0,0,0,0,0,0
1936-UAFEH,0,1.45081978556327,1.51184666023221,2.20626548297238,0,0,0,1,0,1,1,0,0,1,0,1,0,0,0,1,0,1,0,1,0,1,0,1,0,0,0
3587-PMCOY,0,-0.910961310198492,1.1346187411945,-0.537266250274711,1,0,0,1,0,0,1,0,0,1,0,0,0,1,0,0,0,1,0,1,1,0,1,0,1,0,0
8079-XRJRS,0,1.32865869440318,0.830509890164096,1.53974143652062,1,1,0,1,0,1,1,0,0,1,0,1,0,1,0,0,0,0,0,0,1,0,0,0,1,0,1
1027-LKKQQ,0,1.61370124044339,0.521415648133197,1.59150493673355,0,1,1,1,0,0,0,0,0,1,0,0,0,1,0,1,0,1,0,1,0,1,1,0,0,0,0
7148-XZPHA,0,0.921455057202873,0.486517911129709,0.863769723505484,1,1,1,1,0,0,1,0,0,0,0,1,0,0,0,1,0,0,0,0,0,0,0,0,1,0,0
8073-IJDCM,0,-1.27744458367877,-1.47772614306665,-0.998458066883969,0,0,0,1,0,0,0,1,1,0,1,0,1,0,1,0,1,0,1,0,0,0,1,0,0,1,1
5309-TAIKL,0,-1.03312240135858,-0.0651986929254444,-0.822749127994882,0,0,0,1,0,0,0,0,0,0,0,0,0,1,0,1,0,0,0,1,0,0,0,0,0,0,0
6856-RAURS,0,-1.23672421995873,0.336956181114758,-0.94735678628997,0,0,0,1,0,1,1,0,0,0,0,0,0,0,0,0,0,0,0,0,0,0,1,0,0,1,0
8778-LMWTJ,0,-0.951681673918523,0.335294384114591,-0.694764149643258,0,0,0,1,0,0,1,0,0,1,0,0,0,0,0,0,0,0,0,0,0,0,1,0,1,0,0
9717-IOAAF,0,-0.218715126957977,-1.29326667604821,-0.659291252055977,1,0,1,1,0,1,0,1,1,0,1,0,1,0,1,0,1,0,1,0,0,1,1,1,0,0,0
8884-ADFVN,1,-1.03312240135858,1.23598835820463,-0.698009025776009,1,1,0,1,0,1,1,0,0,0,0,0,0,1,0,0,0,1,0,1,0,0,1,0,1,0,1
2845-KDHVX,0,1.28793833068315,0.117598977092829,0.925731405849915,0,1,0,1,0,0,0,0,0,0,0,1,0,1,0,1,0,0,0,1,0,1,1,0,0,1,0
0848-SOMKO,0,1.53226051300333,-0.543796228973288,0.512506363638394,1,0,0,0,1,0,0,0,0,1,0,0,0,1,0,1,0,0,0,1,0,1,0,0,0,0,0
2720-WGKHP,1,-1.23672421995873,0.971762635178217,-0.927203235887239,1,0,0,1,0,1,1,0,0,0,0,0,0,0,0,0,0,1,0,1,0,0,1,0,1,0,1
6734-FQAJX,1,1.41009942184324,1.33901977221493,2.1587401883206,1,0,0,1,0,0,1,0,0,1,0,1,0,0,0,1,0,1,0,1,0,1,1,0,1,0,0
2869-ADAWR,0,0.51425142000257,0.815553717162601,0.765937811802415,0,0,0,1,0,1,1,0,0,0,0,1,0,0,0,0,0,1,0,0,0,0,1,1,0,0,1
1535-VTJOQ,0,-0.340876218118068,-1.31653183405053,-0.763281806215083,0,0,0,1,0,1,0,1,1,0,1,0,1,0,1,0,1,0,1,0,0,1,0,1,0,0,0
6368-TZZDT,0,-1.15528349251868,-1.50431489506931,-0.964662792331307,1,1,1,1,0,0,0,1,1,0,1,0,1,0,1,0,1,0,1,0,0,1,0,1,0,0,0
0943-ZQPXH,0,0.473531056282539,0.936864898174728,0.812756738860675,1,1,1,1,0,0,1,0,0,0,0,0,0,1,0,0,0,1,0,1,0,0,1,0,0,0,0
1293-BSEUN,0,1.61370124044339,-1.46443176706532,-0.353014678301444,0,1,1,1,0,0,0,1,1,0,1,0,1,0,1,0,1,0,1,0,0,1,1,0,0,1,0
9894-EZEWG,0,-1.27744458367877,0.317014617112764,-0.974618160602535,0,0,0,1,0,0,1,0,0,0,0,1,0,0,0,0,0,0,0,0,0,0,1,1,0,0,1
1302-TPUBN,0,1.36937905812321,-1.50930028606981,-0.459632036948968,1,0,0,1,0,0,0,1,1,0,1,0,1,0,1,0,1,0,1,0,0,1,0,0,0,0,0
7851-FLGGQ,0,-1.27744458367877,-0.668431003985747,-0.987708035070026,1,0,0,0,1,0,0,0,0,0,0,1,0,0,0,1,0,0,0,1,0,0,1,0,0,1,1
0637-UBJRP,0,-0.788800219038401,0.641065032145158,-0.523867339985053,1,1,1,1,0,0,1,0,0,1,0,0,0,0,0,0,0,0,0,1,0,0,0,0,1,0,1
0940-OUQEC,0,-0.910961310198492,0.529724633134028,-0.659180882119489,1,0,0,1,0,1,1,0,0,0,0,1,0,0,0,0,0,0,0,0,0,0,1,0,0,0,1
2378-VTKDH,1,1.32865869440318,1.3157546142126,1.89687647700888,1,1,0,1,0,1,1,0,0,0,0,1,0,1,0,0,0,1,0,1,0,0,1,0,1,0,0
0927-CNGRH,0,-1.27744458367877,-1.50265309806914,-0.998789176693434,1,0,1,1,0,0,0,1,1,0,1,0,1,0,1,0,1,0,1,0,0,0,0,0,0,1,0
8608-OZTLB,0,0.229208873962357,0.308705632111933,0.22973858635583,1,1,1,1,0,0,0,0,0,1,0,1,0,1,0,1,0,1,0,0,1,0,0,0,1,0,0
2335-GSODA,0,-0.381596581838098,-0.819654531000864,-0.628740853636065,1,0,1,0,1,0,0,0,0,1,0,0,0,1,0,1,0,0,0,0,0,1,0,0,0,1,0
1952-DVVSW,0,-0.910961310198492,-1.48437333106731,-0.926011240573167,0,1,0,1,0,0,0,1,1,0,1,0,1,0,1,0,1,0,1,0,1,0,0,0,0,1,0
0702-PGIBZ,0,-1.15528349251868,1.2276793732038,-0.846478664339828,1,0,1,1,0,1,1,0,0,0,0,1,0,0,0,0,0,1,0,1,0,0,1,0,1,0,1
6656-GULJQ,0,1.61370124044339,0.624447062143497,1.68264843028544,1,1,1,1,0,1,0,0,0,1,0,0,0,1,0,1,0,1,0,1,0,1,1,1,0,0,0
9853-JFZDU,0,0.107047782802266,-0.262952535945213,-0.185782150534644,0,1,0,1,0,0,0,0,0,0,0,1,0,0,0,1,0,0,0,0,0,0,0,0,1,0,0
1963-VAUKV,0,-1.27744458367877,-1.47440254906632,-0.998413918909374,0,0,0,1,0,0,0,1,1,0,1,0,1,0,1,0,1,0,1,0,0,0,0,0,0,1,1
3777-XROBG,0,1.04361614836296,-1.50265309806914,-0.53077649800921,0,1,1,1,0,0,0,1,1,0,1,0,1,0,1,0,1,0,1,0,0,1,0,1,0,0,0
6994-FGRHH,0,1.53226051300333,1.37557930621859,2.29268514324258,1,1,1,1,0,0,1,0,0,0,0,1,0,1,0,1,0,1,0,1,1,0,1,0,1,0,0
4000-VGMQP,0,0.229208873962357,0.471561738128214,0.256337741049467,1,1,1,1,0,1,0,0,0,0,0,1,0,1,0,0,0,1,0,1,1,0,0,1,0,0,0
3999-WRNGR,0,1.12505687580303,-0.498927709968802,0.347679900487035,0,1,1,0,1,0,0,0,0,0,0,1,0,0,0,0,0,1,0,1,0,0,1,0,1,0,0
3466-RITXD,0,-0.259435490678007,0.918585131172901,0.0299690013123329,1,0,0,1,0,1,1,0,0,1,0,1,0,0,0,0,0,1,0,0,0,0,1,1,0,0,0
2680-XKKNJ,0,-0.992402037638553,-0.218084016940727,-0.800255734938603,0,0,0,1,0,0,0,0,0,1,0,1,0,0,0,1,0,0,0,0,1,0,0,0,0,0,0
3058-HJCUY,0,0.351369965122448,1.25759171920679,0.852688581882077,1,1,1,1,0,1,1,0,0,0,0,0,0,1,0,1,0,1,0,1,1,0,1,0,1,0,1
2974-GGUXS,1,0.147768146522297,0.903628958171406,0.449926609649629,0,1,0,1,0,1,1,0,0,0,0,1,0,0,0,0,0,1,0,0,0,0,1,1,0,0,0
7994-XIRTR,1,0.880734693482843,0.0162293600826957,0.550981323498152,1,0,0,1,0,0,0,0,0,0,0,0,0,1,0,1,0,0,0,1,1,0,0,0,0,0,0
3259-FDWOY,0,1.57298087672336,1.37059391521809,2.40243700808636,1,1,1,1,0,1,1,0,0,0,0,1,0,1,0,0,0,1,0,1,0,1,1,0,0,0,1
2101-RANCD,0,0.921455057202873,0.277131489108777,0.82246929327163,0,0,0,1,0,1,1,0,0,0,0,0,0,0,0,0,0,0,0,0,0,0,1,0,1,0,0
7921-BEPCI,0,1.61370124044339,-0.166568309935578,0.875491010760522,0,0,0,1,0,1,0,0,0,1,0,1,0,0,0,0,0,0,0,0,0,1,0,0,0,0,0
0807-ZABDG,0,-1.1960038562387,-0.321115430951027,-0.939145263015254,0,0,1,1,0,0,0,0,0,1,0,0,0,0,0,1,0,0,0,0,0,0,1,0,0,1,1
8510-TMWYB,0,0.880734693482843,-0.164906512935412,0.425821815520624,0,1,1,1,0,1,0,0,0,0,0,1,0,1,0,0,0,0,0,0,0,1,1,0,0,0,0
3258-ZKPAI,0,1.61370124044339,1.7228948792533,2.6733952021647,1,1,1,1,0,1,1,0,0,1,0,1,0,1,0,1,0,1,0,1,0,1,1,0,0,0,0
1428-IEDPR,0,0.799293966042782,1.48027251722905,1.52287691022524,1,0,0,1,0,1,1,0,0,1,0,0,0,1,0,1,0,1,0,1,0,1,1,0,1,0,0
5298-GSTLM,1,1.12505687580303,1.2177085912028,1.71942369312328,0,0,0,1,0,1,1,0,0,1,0,0,0,0,0,0,0,1,0,1,1,0,1,0,0,0,0
4450-YOOHP,0,0.269929237682388,-0.469015363965812,-0.166224597788949,0,0,0,0,1,0,0,0,0,0,0,0,0,1,0,0,0,1,0,1,0,0,1,1,0,0,0
6728-CZFEI,0,-0.707359491598341,-0.286217693947539,-0.596005130473689,0,0,0,1,0,0,0,0,0,0,0,0,0,0,0,0,0,1,0,0,1,0,0,0,0,1,0
5748-RNCJT,0,1.4915401492833,1.38721188521975,2.23692625132878,1,0,0,1,0,1,1,0,0,0,0,0,0,1,0,1,0,1,0,1,0,1,1,0,0,0,1
3653-NCRDJ,0,0.432810692562509,-1.5142856770703,-0.664721452931192,1,1,1,1,0,0,0,1,1,0,1,0,1,0,1,0,1,0,1,0,1,0,1,0,0,1,0
6121-TNHBO,1,1.24721796696312,0.606167295141669,1.30728027628935,0,0,0,1,0,1,0,0,0,1,0,1,0,1,0,1,0,1,0,0,1,0,0,0,0,0,0
5119-NZPTV,1,-1.23672421995873,0.177423669098809,-0.944884499712636,1,1,0,1,0,0,1,0,0,0,0,0,0,0,0,0,0,0,0,0,0,0,0,0,1,0,0
6519-ZHPXP,0,1.61370124044339,1.44703657722573,2.38298982527716,0,1,1,1,0,0,1,0,0,1,0,1,0,1,0,1,0,1,0,1,0,1,1,0,0,0,0
7739-LAXOG,0,-0.0151133083578247,0.873716612168415,0.296931803689797,0,1,1,1,0,1,1,0,0,0,0,0,0,1,0,0,0,0,0,1,0,0,1,0,0,0,1
3472-QPRCH,0,0.310649601402418,-1.3132082400502,-0.562894149527253,1,1,1,1,0,1,0,1,1,0,1,0,1,0,1,0,1,0,1,0,0,1,0,1,0,0,0
8224-UAXBZ,0,1.04361614836296,-0.645165845983421,0.11398259696709,0,1,0,0,1,0,0,0,0,1,0,1,0,0,0,0,0,1,0,0,1,0,1,0,1,0,0
9610-WCESF,0,1.41009942184324,-0.693357958988239,0.359930963437216,1,0,0,0,1,0,0,0,0,1,0,0,0,0,0,1,0,1,0,0,0,1,0,0,1,0,0
9776-CLUJA,1,0.758573602322752,0.423369625123396,0.67344780502537,0,1,0,1,0,1,1,0,0,1,0,0,0,0,0,0,0,0,0,0,0,0,1,0,1,0,1
2486-WYVVE,0,-0.0558336720778551,0.483194317129376,0.0892155832191556,1,1,0,1,0,1,0,0,0,0,0,0,0,1,0,1,0,1,0,1,1,0,1,0,0,1,0
3865-ZYKAD,1,1.4915401492833,0.669315581147982,1.54682718644316,1,1,0,1,0,1,1,0,0,1,0,1,0,0,0,0,0,0,0,0,0,0,1,1,0,0,0
1422-DGUBX,0,-0.0151133083578247,0.48153252012921,0.148881570884633,1,1,0,1,0,1,1,0,0,0,0,0,0,0,0,1,0,0,0,0,1,0,1,0,1,0,0
2999-AANRQ,0,-0.463037309278159,0.208997812101966,-0.334229715111166,0,0,0,1,0,0,0,0,0,1,0,1,0,0,0,1,0,1,0,0,0,1,0,1,0,0,0
8668-KNZTI,0,0.799293966042782,-0.365983949955513,0.224595347315484,1,0,0,1,0,0,0,0,0,1,0,0,0,1,0,0,0,0,0,0,1,0,0,0,1,0,0
0480-KYJVA,0,1.61370124044339,-1.34644418005352,-0.219599499074604,0,1,1,1,0,1,0,1,1,0,1,0,1,0,1,0,1,0,1,0,0,1,0,1,0,0,0
6034-ZRYCV,0,1.61370124044339,-0.351027776954017,0.730884319973788,0,1,0,0,1,0,0,0,0,0,0,1,0,1,0,0,0,1,0,1,0,1,1,0,1,0,1
9746-YKGXB,0,0.799293966042782,-0.681725379987076,-0.00256805596436502,1,1,1,0,1,0,0,0,0,1,0,0,0,1,0,0,0,0,0,1,1,0,0,0,0,0,0
3926-YZVVX,0,0.351369965122448,-0.488956927967806,-0.111635627201925,0,0,0,1,0,0,0,0,0,0,0,0,0,0,0,1,0,0,0,0,1,0,0,0,0,0,0
6000-UKLWI,0,0.351369965122448,-1.48271153406715,-0.653198831561832,1,0,0,1,0,0,0,1,1,0,1,0,1,0,1,0,1,0,1,0,0,1,0,0,0,1,0
2079-FBMZK,0,-1.07384276507861,0.149173120095986,-0.822704980020287,0,0,0,1,0,0,1,0,0,0,0,0,0,0,0,0,0,0,0,0,0,0,1,0,0,1,1
6332-FBZRI,0,1.41009942184324,0.152496714096318,1.04689552212657,1,1,1,1,0,1,0,0,0,1,0,1,0,1,0,1,0,0,0,0,1,0,1,1,0,0,0
2096-XOTMO,0,-0.66663912787831,-1.50930028606981,-0.885615843818516,0,1,1,1,0,0,0,1,1,0,1,0,1,0,1,0,1,0,1,0,0,0,0,0,0,1,0
3266-FTKHB,0,-0.62591876415828,-1.51594747407047,-0.855793886979425,1,0,0,1,0,0,0,1,1,0,1,0,1,0,1,0,1,0,1,0,0,1,0,0,0,1,0
8221-EQDGL,0,0.107047782802266,-0.125023384931425,-0.0668695809623438,1,1,0,1,0,0,0,0,0,1,0,1,0,1,0,0,0,0,0,0,0,0,0,0,0,1,0
2346-LOCWC,0,1.04361614836296,-1.47107895506598,-0.48144113639902,0,1,1,1,0,0,0,1,1,0,1,0,1,0,1,0,1,0,1,0,0,1,0,1,0,0,0
6608-QQLVK,0,-1.27744458367877,-0.474000754966311,-0.985125378556205,1,0,0,1,0,0,0,0,0,0,0,0,0,1,0,0,0,0,0,0,0,0,1,0,1,0,1
0298-XACET,0,0.799293966042782,-0.483971536967307,0.120119165435829,1,1,1,0,1,0,0,0,0,0,0,1,0,1,0,1,0,1,0,0,0,1,0,0,0,1,0
7560-QJAVJ,0,1.53226051300333,0.493165099130373,1.46020886028728,0,0,0,1,0,0,0,0,0,1,0,0,0,1,0,1,0,1,0,1,0,1,0,0,0,0,0
2995-YWTCD,0,-0.544478036718219,-1.32484081905137,-0.80094002854483,0,1,1,1,0,1,0,1,1,0,1,0,1,0,1,0,1,0,1,0,0,1,1,0,0,0,0
3551-HUAZH,1,-1.27744458367877,0.320338211113097,-0.97457401262794,1,0,0,1,0,1,1,0,0,0,0,0,0,0,0,0,0,0,0,0,0,0,1,0,1,0,1
9137-UIYPG,0,0.107047782802266,1.40050626122108,0.650976485956389,0,1,1,1,0,0,1,0,0,1,0,0,0,1,0,1,0,1,0,1,0,0,1,0,1,0,0
2809-ZMYOQ,0,-0.0151133083578247,1.21604679420264,0.464870699050121,0,0,0,1,0,1,1,0,0,0,0,0,0,1,0,0,0,1,0,1,0,0,1,0,1,0,0
5084-OOVCJ,0,-0.62591876415828,-0.312806445950197,-0.601037999577547,0,1,1,1,0,0,0,0,0,1,0,0,0,0,0,1,0,0,0,0,0,0,1,1,0,0,0
0254-WWRKD,0,1.41009942184324,-0.472338957966145,0.507628012445619,0,1,1,1,0,0,0,0,0,0,0,1,0,0,0,0,0,0,0,0,1,0,0,1,0,0,0
7727-SHVZV,0,-0.951681673918523,-1.50431489506931,-0.941043625922849,0,0,0,1,0,0,0,1,1,0,1,0,1,0,1,0,1,0,1,0,0,0,0,0,0,0,0
6302-JGYRJ,0,-0.0558336720778551,0.488179708129875,0.134997032874428,1,0,1,1,0,1,0,0,0,0,0,1,0,0,0,1,0,1,0,1,1,0,1,0,0,1,1
5339-PXDVH,0,-1.15528349251868,0.860422236167086,-0.84497763320359,1,0,0,1,0,1,1,0,0,1,0,0,0,0,0,0,0,1,0,0,0,0,0,0,1,0,0
2205-LPVGL,1,1.04361614836296,0.833833484164428,1.25549470208912,1,1,1,1,0,1,1,0,0,1,0,1,0,0,0,1,0,0,0,0,1,0,1,0,0,0,0
8782-NUUOL,0,1.12505687580303,0.47322353512838,1.11216830256565,1,0,0,1,0,0,0,0,0,1,0,0,0,1,0,1,0,1,0,1,1,0,0,0,0,1,0
3685-YLCMQ,0,1.04361614836296,1.3257253962136,1.73840732219924,1,0,0,1,0,1,1,0,0,0,0,0,0,1,0,1,0,1,0,1,1,0,1,0,1,0,1
7601-WFVZV,0,-1.27744458367877,-1.50265309806914,-0.998789176693434,1,0,0,1,0,0,0,1,1,0,1,0,1,0,1,0,1,0,1,0,0,0,0,0,0,1,0
4609-KNNWG,0,-0.218715126957977,-1.49102051906798,-0.764562097478346,0,1,1,1,0,0,0,1,1,0,1,0,1,0,1,0,1,0,1,0,0,1,0,0,0,1,0
4868-AADLV,1,1.36937905812321,1.71126230025214,2.46360402688808,1,1,1,1,0,1,1,0,0,1,0,1,0,1,0,1,0,1,0,1,1,0,1,0,1,0,0
9529-OFXHY,0,-0.707359491598341,0.764038010157451,-0.459013965304634,1,0,0,1,0,1,1,0,0,1,0,0,0,0,0,0,0,1,0,0,0,0,1,0,0,0,0
8634-MPHTR,1,0.595692147442631,1.17284007219832,1.14304981079502,1,1,0,1,0,1,1,0,0,0,0,0,0,1,0,0,0,1,0,1,0,0,1,0,1,0,1
2669-QVCRG,0,0.351369965122448,0.549666197136021,0.401187245696476,0,0,0,1,0,1,1,0,0,1,0,0,0,0,0,0,0,0,0,0,0,0,1,1,0,0,0
2478-EEWWM,0,1.084336512083,-0.68006358298691,0.169896006791971,1,1,0,0,1,0,0,0,0,0,0,0,0,0,0,0,0,1,0,1,0,0,1,0,1,0,0
9174-IHETN,0,0.717853238602722,0.18573265409964,0.552592724570879,0,0,1,1,0,0,1,0,0,0,0,0,0,0,0,0,0,0,0,0,0,1,0,1,0,0,0
2233-TXSIU,0,-0.62591876415828,-0.675078191986411,-0.657701924970548,1,1,1,0,1,0,0,0,0,1,0,0,0,1,0,0,0,1,0,0,1,0,0,1,0,0,0
9644-UMGQA,0,-1.07384276507861,-0.518869273970796,-0.876896618835954,1,1,1,1,0,0,0,0,0,1,0,0,0,0,0,0,0,0,0,0,0,0,1,0,1,0,0
3256-EZDBI,1,0.758573602322752,-1.17361729203625,-0.363146638471053,1,1,0,0,1,0,0,0,0,0,0,1,0,0,0,0,0,0,0,0,0,0,1,1,0,0,0
8761-NSOBC,0,0.473531056282539,1.18945804219998,0.934274038934095,1,0,0,1,0,0,1,0,0,0,0,1,0,0,0,1,0,1,0,1,0,0,0,0,1,0,1
0419-YAAPX,0,0.677132874882691,0.682609957149311,0.890037768389657,1,1,0,1,0,0,1,0,0,0,0,1,0,0,0,0,0,1,0,0,0,0,1,1,0,0,0
8413-VONUO,0,-1.23672421995873,1.0266019361837,-0.933560544228955,1,0,0,1,0,0,1,0,0,0,0,1,0,0,0,0,0,1,0,1,0,0,0,0,1,0,1
0872-CASZJ,0,1.084336512083,0.144187729095487,0.801278265465911,1,1,0,1,0,1,0,0,0,1,0,0,0,0,0,1,0,0,0,1,1,0,1,0,0,1,0
4726-DLWQN,1,0.717853238602722,0.18573265409964,0.517715824640633,1,0,0,1,0,1,0,0,0,1,0,1,0,0,0,0,0,1,0,0,0,0,1,0,0,0,0
8164-OCKUJ,0,1.084336512083,-1.46775536106565,-0.439677152431916,0,1,1,1,0,0,0,1,1,0,1,0,1,0,1,0,1,0,1,0,0,1,0,0,0,1,0
3094-JOJAI,0,-0.58519840043825,0.312029226112266,-0.395087698090715,1,0,0,1,0,1,1,0,0,0,0,0,0,0,0,0,0,0,0,0,0,0,0,0,0,1,0
9494-MRNYX,0,-0.910961310198492,0.341941572115256,-0.66028458148437,1,0,0,1,0,1,1,0,0,0,0,0,0,0,0,0,0,0,0,0,0,0,0,0,1,0,0
2599-CZABP,0,-0.748079855318371,-0.670092800985913,-0.724321218634777,1,1,0,1,0,0,0,0,0,0,0,0,0,0,0,0,0,0,0,0,1,0,0,0,1,0,0
7945-PRBVF,0,0.107047782802266,-1.43950481206283,-0.695978218944628,1,0,0,1,0,0,0,1,1,0,1,0,1,0,1,0,1,0,1,0,0,1,0,0,0,0,0
4544-RXFMG,0,-0.992402037638553,-0.708314131989734,-0.854888853500223,1,1,1,1,0,0,0,0,0,0,0,0,0,0,0,0,0,0,0,0,1,0,1,0,0,1,0
0859-YGKFW,0,-0.58519840043825,-1.48603512806748,-0.854712261601842,1,1,1,1,0,0,0,1,1,0,1,0,1,0,1,0,1,0,1,0,1,0,0,0,0,0,0
1150-FTQGN,0,1.12505687580303,0.976748026178715,1.55837188179982,0,1,1,1,0,1,1,0,0,1,0,1,0,0,0,0,0,1,0,0,1,0,0,0,0,0,0
9223-UCPVT,0,-1.27744458367877,0.985057011179546,-0.965744417708891,0,0,0,1,0,0,1,0,0,0,0,0,0,1,0,0,0,1,0,1,0,0,0,0,1,0,1
7196-LIWRH,0,-1.07384276507861,-1.50265309806914,-0.952477951343019,0,0,0,1,0,0,0,1,1,0,1,0,1,0,1,0,1,0,1,0,0,1,0,0,0,1,0
5448-VWNAM,0,-0.544478036718219,0.37019212111808,-0.400120567194573,0,0,1,1,0,1,0,0,0,1,0,1,0,0,0,1,0,1,0,0,0,0,1,0,0,1,0
1177-XZBJL,0,0.840014329762813,-0.0203301739209588,0.534028501253577,1,1,1,1,0,1,0,0,0,1,0,1,0,0,0,1,0,0,0,0,1,0,0,0,0,0,0
3518-FSTWG,1,1.61370124044339,1.48858150222988,2.489408518039,1,1,0,1,0,1,1,0,0,1,0,1,0,1,0,0,0,1,0,1,0,1,1,0,0,0,0
9330-VOFSZ,0,1.12505687580303,1.53012642723403,1.92431444321983,0,1,0,1,0,1,1,0,0,0,0,1,0,1,0,1,0,1,0,1,0,1,1,1,0,0,0
4351-QLCSU,0,-1.27744458367877,-0.32443902495136,-0.983138719699418,0,0,0,1,0,0,0,0,0,0,0,0,0,0,0,0,0,1,0,0,0,0,1,1,0,0,1
0939-EREMR,0,-0.788800219038401,-0.375954731956509,-0.690393500158329,0,0,1,1,0,0,0,0,0,0,0,0,0,1,0,1,0,0,0,0,0,0,0,0,0,1,0
9389-ACWBI,0,-1.11456312879864,0.172438278098311,-0.86596999512363,0,1,1,1,0,0,1,0,0,0,0,0,0,0,0,0,0,0,0,0,0,0,0,1,0,0,0
5419-JPRRN,0,-1.27744458367877,1.21937038820297,-0.962631985499926,1,0,0,1,0,1,1,0,0,0,0,0,0,1,0,0,0,1,0,1,0,0,1,0,1,0,1
3644-QXEHN,0,-0.788800219038401,1.07147045518818,-0.418287458740518,1,1,1,1,0,0,1,0,0,0,0,0,0,1,0,0,0,1,0,1,0,0,0,0,1,0,0
2911-IJORQ,0,0.188488510242327,0.85876043916692,0.475355843016492,1,0,0,1,0,1,0,0,0,1,0,1,0,1,0,1,0,1,0,1,1,0,1,0,0,0,0
5921-NGYRH,0,1.28793833068315,0.292087662110272,1.09578940399081,1,1,0,1,0,0,1,0,0,1,0,0,0,0,0,0,0,0,0,0,0,0,1,0,0,1,0
2100-BDNSN,0,-1.11456312879864,0.105966398091666,-0.852769750719651,0,1,0,1,0,1,0,0,0,0,0,0,0,1,0,1,0,1,0,0,0,0,0,0,0,0,1
5998-DZLYR,0,1.16577723952306,0.983395214179379,1.51033888544019,0,1,0,1,0,1,1,0,0,0,0,1,0,0,0,1,0,0,0,1,0,1,1,0,0,0,0
0488-GSLFR,0,-1.27744458367877,0.157482105096816,-0.976737263383107,0,0,0,1,0,0,1,0,0,0,0,0,0,0,0,0,0,0,0,0,0,0,1,0,1,0,1
9318-NKNFC,0,-1.27744458367877,-1.52591825607147,-0.999098212515601,1,0,0,1,0,0,0,1,1,0,1,0,1,0,1,0,1,0,1,0,0,0,1,0,0,1,1
3985-HOYPM,0,-0.259435490678007,-1.50763848906964,-0.775400425241479,1,0,0,1,0,0,0,1,1,0,1,0,1,0,1,0,1,0,1,0,1,0,0,0,0,1,0
9728-FTTVZ,0,-1.27744458367877,0.147511323095819,-0.976869707306893,0,0,0,1,0,0,1,0,0,0,0,0,0,0,0,0,0,0,0,0,0,0,1,0,1,0,1
9548-LERKT,0,-0.340876218118068,-1.49600591006848,-0.794119166469864,1,1,0,1,0,0,0,1,1,0,1,0,1,0,1,0,1,0,1,0,0,1,0,0,0,1,0
6576-FBXOJ,0,-0.62591876415828,-0.337733400952688,-0.594724839210427,1,1,0,0,1,0,0,0,0,0,0,0,0,1,0,1,0,1,0,1,1,0,0,0,1,0,0
4310-KEDTB,0,-0.259435490678007,-1.16198471303509,-0.660196285535179,0,0,1,0,1,0,0,0,0,0,0,0,0,1,0,0,0,0,0,0,0,0,1,0,0,1,0
7254-IQWOZ,0,-1.27744458367877,0.162467496097315,-0.976671041421215,1,0,0,1,0,0,1,0,0,0,0,0,0,0,0,0,0,0,0,0,0,0,1,0,1,0,1
2474-BRUCM,1,0.310649601402418,1.2326647642043,0.796598580158814,1,1,0,1,0,1,1,0,0,1,0,0,0,0,0,0,0,1,0,1,0,0,0,0,1,0,1
4062-HBMOS,0,0.799293966042782,1.27254789220828,1.36103043535906,1,0,0,1,0,1,1,0,0,0,0,1,0,1,0,0,0,1,0,1,0,0,1,0,1,0,0
0742-NXBGR,0,-1.27744458367877,0.582902137139344,-0.971086322634916,0,0,0,1,0,0,1,0,0,0,0,1,0,1,0,0,0,0,0,0,0,0,1,0,1,0,1
2676-ISHSF,0,-1.27744458367877,-1.47772614306665,-0.998458066883969,1,0,0,1,0,0,0,1,1,0,1,0,1,0,1,0,1,0,1,0,0,0,0,0,0,1,0
9236-NDUCW,0,-0.463037309278159,-0.985834231017476,-0.667304109445014,0,0,0,0,1,0,0,0,0,1,0,0,0,0,0,1,0,0,0,0,0,1,0,0,0,1,0
4753-PADAS,0,1.41009942184324,1.36062313321709,2.00212524844395,0,1,0,1,0,1,1,0,0,0,0,1,0,1,0,0,0,1,0,1,1,0,1,0,0,0,0
6103-QCKFX,0,0.473531056282539,-0.282894099947206,0.0607622135925184,0,1,1,1,0,0,0,0,0,1,0,0,0,0,0,1,0,0,0,0,0,0,0,0,0,0,0
7781-EWARA,0,1.53226051300333,-0.146626745933584,0.819732118846724,1,1,1,0,1,0,0,0,0,0,0,1,0,1,0,1,0,1,0,1,1,0,0,0,1,0,0
6110-OHIHY,0,-1.1960038562387,0.48153252012921,-0.889280125709921,1,0,0,1,0,0,1,0,0,0,0,0,0,0,0,0,0,1,0,0,0,0,0,0,1,0,1
7018-FPXHH,0,0.962175420922904,-0.164906512935412,0.518974041916597,1,1,1,1,0,0,0,0,0,1,0,1,0,1,0,0,0,0,0,0,0,1,1,0,0,0,0
5889-LFOLL,0,-0.788800219038401,0.659344799146985,-0.515081893040599,0,0,0,1,0,1,1,0,0,0,0,0,0,0,0,0,0,0,0,1,0,0,1,0,1,0,1
5708-EVONK,0,1.04361614836296,0.951821071176223,1.3922872013725,0,1,1,1,0,1,1,0,0,1,0,1,0,0,0,0,0,0,0,1,0,0,1,0,0,0,1
8708-XPXHZ,0,0.392090328842479,0.978409823178881,0.840746554754062,0,1,1,1,0,1,1,0,0,0,0,0,0,0,0,0,0,1,0,1,0,0,1,0,1,0,1
0616-ATFGB,1,-1.27744458367877,-1.31985542805087,-0.996361038090695,1,1,0,0,1,0,0,0,0,0,0,0,0,0,0,0,0,0,0,0,0,0,0,0,1,0,1
0572-ZJKLT,0,0.5549717837226,1.15954569619699,1.03671941398237,0,1,1,1,0,1,1,0,0,1,0,0,0,1,0,1,0,0,0,1,0,1,0,0,0,1,0
5135-RDDQL,0,1.24721796696312,-0.469015363965812,0.414696525922622,0,1,1,1,0,0,0,0,0,1,0,0,0,0,0,0,0,0,0,0,0,1,1,0,0,0,0
1353-LJWEM,0,-0.870240946478462,-0.128346978931757,-0.703461300638522,1,0,0,1,0,0,0,0,0,0,0,1,0,1,0,1,0,0,0,0,0,0,1,0,1,0,0
1794-SWWKL,0,-0.707359491598341,-0.16989190393591,-0.624613018011409,1,1,1,1,0,1,0,0,0,0,0,0,0,1,0,1,0,0,0,0,0,0,1,0,0,0,0
6166-YIPFO,0,1.61370124044339,-0.00205040691913153,1.08786484255096,1,1,0,0,1,0,0,0,0,1,0,1,0,1,0,1,0,1,0,1,0,1,1,0,1,0,0
7016-BPGEU,0,-0.137274399517916,-1.3181936310507,-0.692711268824579,0,0,0,0,1,0,0,0,0,0,0,0,0,0,0,0,0,0,0,0,0,0,1,1,0,0,1
6876-ADESB,0,-1.27744458367877,-0.52551646197146,-0.985809672162431,1,0,1,1,0,0,0,0,0,0,0,0,0,1,0,0,0,0,0,0,0,0,0,0,1,0,1
9332-GYWLO,0,-1.07384276507861,-0.329424415951858,-0.850650647939079,0,1,1,1,0,0,0,0,0,0,0,0,0,0,0,0,0,1,0,0,0,0,0,0,1,0,0
1963-SVUCV,0,-1.27744458367877,-0.646827642983588,-0.987421073235157,1,0,0,1,0,0,0,0,0,0,0,0,0,0,0,0,0,0,0,0,0,0,0,0,1,0,1
4184-VODJZ,0,1.24721796696312,0.883687394169412,1.53757818576546,1,1,1,1,0,1,1,0,0,0,0,1,0,0,0,0,0,0,0,1,1,0,1,0,1,0,0
0220-EBGCE,0,-1.23672421995873,0.700889724151138,-0.933560544228955,1,0,0,1,0,0,1,0,0,0,0,0,0,1,0,0,0,0,0,1,0,0,1,0,1,0,1
1092-WPIVQ,0,-0.58519840043825,-1.3181936310507,-0.818268108573465,0,1,1,1,0,1,0,1,1,0,1,0,1,0,1,0,1,0,1,0,0,1,0,0,0,1,0
7233-IOQNP,0,0.432810692562509,-1.02239376502113,-0.342838570157239,0,1,0,0,1,0,0,0,0,1,0,0,0,0,0,1,0,0,0,0,0,0,0,0,0,0,0
2834-JKOOW,0,-0.707359491598341,-0.626886078981594,-0.701275975896058,0,0,0,0,1,0,0,0,0,1,0,1,0,1,0,1,0,0,0,0,1,0,0,0,0,1,0
2754-VDLTR,0,-0.910961310198492,1.0116457631822,-0.596667350092617,1,0,1,1,0,1,1,0,0,0,0,0,0,0,0,0,0,1,0,1,0,0,0,0,1,0,1
2400-FEQME,0,0.921455057202873,-1.47107895506598,-0.487379038982081,1,1,1,1,0,0,0,1,1,0,1,0,1,0,1,0,1,0,1,0,0,1,0,0,0,1,0
3190-XFANI,0,0.677132874882691,1.19111983920014,1.23072768834119,1,0,1,1,0,1,1,0,0,0,0,0,0,0,0,1,0,1,0,1,1,0,1,0,0,0,1
7551-DACSP,0,-1.07384276507861,-0.314468242950363,-0.864270298101713,1,1,1,1,0,0,0,0,0,0,0,1,0,1,0,0,0,0,0,0,0,0,1,0,0,1,1
4957-SREEC,0,1.53226051300333,-1.47606434606648,-0.363698488153494,1,1,1,1,0,0,0,1,1,0,1,0,1,0,1,0,1,0,1,0,0,1,0,1,0,0,0
7235-NXZCP,1,-1.23672421995873,0.335294384114591,-0.938372673459837,1,0,0,1,0,1,1,0,0,0,0,0,0,0,0,0,0,0,0,0,0,0,1,0,0,1,1
0230-UBYPQ,1,1.24721796696312,-0.952598291014154,0.0074976822433516,1,1,0,0,1,0,0,0,0,1,0,0,0,0,0,1,0,0,0,0,1,0,0,0,0,0,0
4923-ADWXJ,0,-0.300155854398037,0.034509127084523,-0.265888650437722,0,0,0,1,0,0,0,0,0,0,0,1,0,0,0,1,0,0,0,1,0,0,1,0,0,0,0
1763-KUAAW,1,-0.58519840043825,-1.47606434606648,-0.844249191622768,0,0,0,1,0,0,0,1,1,0,1,0,1,0,1,0,1,0,1,0,1,0,0,0,0,0,0
1104-TNLZA,1,-0.177994763237946,1.36394672721742,0.31613617263873,1,1,0,1,0,1,1,0,0,0,0,1,0,0,0,1,0,1,0,1,0,0,1,0,1,0,0
5195-KPUNQ,1,0.840014329762813,1.06316147018735,1.29116626556208,0,0,0,1,0,0,1,0,0,1,0,1,0,0,0,1,0,0,0,1,1,0,1,0,0,1,0
0520-FDVVT,0,0.107047782802266,1.24928273420596,0.593429601071483,1,0,0,1,0,0,1,0,0,0,0,1,0,1,0,0,0,1,0,1,1,0,1,0,0,0,1
3439-GVUSX,0,-1.27744458367877,-1.34145878905303,-0.996647999925564,1,0,0,0,1,0,0,0,0,0,0,0,0,0,0,0,0,0,0,0,0,0,0,0,0,1,0
1444-VVSGW,0,1.53226051300333,1.69132073625015,2.51066576780662,1,1,0,1,0,1,1,0,0,1,0,1,0,1,0,1,0,1,0,1,1,0,0,1,0,0,1
5712-PTIWW,0,-1.23672421995873,0.501474084131204,-0.940116518456349,1,0,0,1,0,0,1,0,0,0,0,0,0,1,0,1,0,0,0,0,0,0,1,0,1,0,1
5949-HGVJL,0,-0.259435490678007,0.275469692108611,-0.14234054353292,0,1,0,1,0,0,0,0,0,0,0,1,0,0,0,1,0,1,0,1,0,0,1,0,1,0,0
5203-XEHAX,0,0.066327419082236,-0.0136829859202947,-0.101040113299066,0,0,0,1,0,0,0,0,0,1,0,1,0,0,0,0,0,0,0,1,1,0,0,0,1,0,0
1635-HDGFT,0,-0.544478036718219,-1.47107895506598,-0.831468352977444,0,0,1,1,0,0,0,1,1,0,1,0,1,0,1,0,1,0,1,0,0,1,0,0,0,1,0
3315-TOTBP,0,-0.707359491598341,0.373515715118412,-0.508172735016443,1,0,0,1,0,1,1,0,0,0,0,0,0,0,0,0,0,0,0,0,0,0,1,0,0,1,1
8050-XGRVL,0,1.20649760324309,-0.33274800995219,0.504802542071523,0,1,1,1,0,0,0,0,0,1,0,0,0,1,0,0,0,0,0,0,1,0,0,1,0,0,0
6661-HBGWL,1,0.392090328842479,1.32904899021393,0.901295501911445,0,0,0,1,0,1,1,0,0,0,0,1,0,1,0,0,0,1,0,1,0,0,1,0,0,0,1
1518-VOWAV,0,-0.951681673918523,0.328647196113927,-0.696817030461937,0,0,0,1,0,0,0,0,0,1,0,1,0,0,0,0,0,1,0,1,0,0,1,0,1,0,1
9828-QHFBK,0,-0.340876218118068,-0.452397393964151,-0.444224393815226,1,0,0,1,0,0,0,0,0,1,0,0,0,0,0,0,0,0,0,0,0,0,1,0,1,0,0
3908-MKIMJ,1,1.45081978556327,-0.758168041994718,0.301898450831763,1,1,0,0,1,0,0,0,0,1,0,1,0,1,0,0,0,0,0,0,0,1,1,0,1,0,0
5012-YSPJJ,0,-0.0558336720778551,-0.346042385953519,-0.28030296414307,1,1,1,1,0,0,0,0,0,0,0,0,0,1,0,1,0,0,0,0,0,0,0,0,0,1,0
5909-ECHUI,0,-1.27744458367877,-0.282894099947206,-0.982586870016978,0,0,0,1,0,0,0,0,0,0,0,0,0,0,0,0,0,0,0,1,0,0,1,0,1,0,1
1309-BXVOQ,0,-0.463037309278159,1.37391750921842,-0.0141127513210224,1,1,0,1,0,1,1,0,0,0,0,0,0,1,0,1,0,1,0,1,0,0,1,0,1,0,1
6728-VOIFY,0,1.24721796696312,1.03823451518486,1.68991077210636,0,1,0,1,0,0,1,0,0,0,0,1,0,0,0,0,0,1,0,1,1,0,1,0,1,0,0
9317-WZPGV,1,-1.23672421995873,0.498150490130871,-0.937048234221979,0,0,0,1,0,0,1,0,0,0,0,0,0,0,0,0,0,0,0,1,0,0,1,0,0,0,1
4891-NLUBA,0,1.16577723952306,-0.11006721192993,0.648636643302841,0,1,1,0,1,0,0,0,0,0,0,1,0,1,0,1,0,1,0,1,0,1,1,0,0,0,0
2856-HYAPG,0,-1.27744458367877,0.129231556093992,-0.977112521167167,0,0,0,1,0,0,1,0,0,0,0,0,0,0,0,0,0,0,0,0,0,0,0,0,1,0,1
8969-PRHFK,0,-0.58519840043825,-1.49932950406881,-0.825861560203847,1,0,0,1,0,0,0,1,1,0,1,0,1,0,1,0,1,0,1,0,1,0,0,0,0,1,0
0661-KQHNK,0,-1.07384276507861,-1.52093286507097,-0.960843992528818,0,1,1,1,0,0,0,1,1,0,1,0,1,0,1,0,1,0,1,0,1,0,0,1,0,0,0
8709-KRDVL,0,0.0256070553622056,1.17117827519815,0.458557538683,0,0,0,1,0,1,1,0,0,0,0,1,0,0,0,0,0,1,0,1,0,0,1,0,1,0,0
4488-PSYCG,0,-0.66663912787831,-1.47938794006682,-0.862857562914665,1,0,0,1,0,0,0,1,1,0,1,0,1,0,1,0,1,0,1,0,0,0,0,0,0,0,1
1427-VERSM,0,0.962175420922904,1.12797155319383,1.49554931395078,0,1,0,1,0,0,1,0,0,0,0,0,0,1,0,1,0,1,0,1,0,0,1,0,1,0,0
9801-NOSHQ,0,-0.381596581838098,-1.49434411306831,-0.801933357973223,1,0,1,1,0,0,0,1,1,0,1,0,1,0,1,0,1,0,1,0,1,0,0,0,0,1,0
6339-YPSAH,0,-0.951681673918523,0.300396647111103,-0.696485920652473,1,0,0,1,0,0,1,0,0,0,0,0,0,1,0,0,0,0,0,0,0,0,1,0,1,0,0
3621-CEOVK,1,-0.748079855318371,1.17782546319882,-0.402681149721098,0,1,0,1,0,1,1,0,0,0,0,1,0,0,0,0,0,1,0,1,0,0,1,0,1,0,1
6906-ANDWJ,0,-0.707359491598341,0.336956181114758,-0.518591657020921,1,1,1,1,0,1,1,0,0,0,0,0,0,0,0,0,0,0,0,0,0,0,1,0,0,0,1
2159-TURXX,0,-1.11456312879864,-1.48603512806748,-0.965236716001045,1,0,0,1,0,0,0,1,1,0,1,0,1,0,1,0,1,0,1,0,0,0,0,1,0,0,0
1548-FEHVL,0,1.16577723952306,1.37724110321875,1.80710157066945,1,1,0,1,0,1,1,0,0,1,0,1,0,0,0,0,0,1,0,1,0,0,1,0,1,0,0
3795-CAWEX,0,1.53226051300333,1.72123308225314,2.5916552272016,1,1,1,1,0,1,1,0,0,1,0,1,0,1,0,1,0,1,0,1,0,1,1,1,0,0,0
6215-NQCPY,0,-0.707359491598341,1.16120749319715,-0.315731713755757,1,0,0,1,0,1,1,0,0,1,0,0,0,0,0,0,0,1,0,1,0,0,1,0,1,0,0
5647-URDKA,0,-0.992402037638553,-1.49766770706864,-0.949917368816494,1,1,1,1,0,0,0,1,1,0,1,0,1,0,1,0,1,0,1,0,0,1,0,0,0,1,0
2229-DPMBI,0,-0.992402037638553,-1.50431489506931,-0.93583416492061,0,1,1,1,0,0,0,1,1,0,1,0,1,0,1,0,1,0,1,0,0,1,0,0,0,1,0
9626-WEQRM,0,-1.15528349251868,-1.18358807403725,-0.958835259684734,0,0,0,0,1,0,0,0,0,1,0,0,0,0,0,0,0,0,0,0,0,0,1,0,0,1,0
2188-SXWVT,0,0.066327419082236,-0.32443902495136,-0.175164562644487,0,0,0,1,0,0,0,0,0,1,0,1,0,0,0,0,0,0,0,0,1,0,0,0,0,1,0
6258-PVZWJ,0,1.45081978556327,0.865407627167585,1.77516051104978,1,1,0,1,0,1,0,0,0,1,0,1,0,1,0,1,0,1,0,1,0,1,1,1,0,0,0
1094-BKOSX,0,0.51425142000257,-0.457382784964649,-0.00768922101741375,0,1,1,0,1,0,0,0,0,0,0,1,0,1,0,1,0,0,0,1,1,0,0,0,0,0,0
6969-MVBAI,1,-0.951681673918523,0.842142469165259,-0.646819449232819,0,0,0,1,0,1,1,0,0,0,0,0,0,1,0,0,0,1,0,0,0,0,1,0,1,0,0
2978-XXSOG,0,-0.422316945558128,-0.189833467937904,-0.454025244175371,0,0,0,1,0,1,0,0,0,1,0,0,0,0,0,1,0,0,0,0,0,0,1,0,0,1,0
2342-CKIAO,0,-1.23672421995873,-1.47772614306665,-0.989231140193563,0,0,0,1,0,0,0,1,1,0,1,0,1,0,1,0,1,0,1,0,0,0,0,0,0,1,0
6953-PBDIN,0,1.53226051300333,0.272146098108279,1.31721357057328,1,1,0,1,0,1,0,0,0,0,0,1,0,1,0,1,0,1,0,0,0,1,0,0,0,0,0
3898-BSJYF,0,-0.910961310198492,0.292087662110272,-0.70134219785795,0,0,1,1,0,1,0,0,0,1,0,0,0,1,0,1,0,0,0,1,1,0,0,1,0,0,0
3938-YFPXD,0,1.61370124044339,0.649374017145989,1.64017807872481,1,0,0,1,0,1,0,0,0,1,0,0,0,1,0,1,0,1,0,1,0,1,0,1,0,0,0
7696-AMHOD,0,0.677132874882691,0.439987595125057,0.680886738744669,0,1,1,1,0,0,0,0,0,0,0,1,0,1,0,0,0,1,0,1,1,0,0,1,0,0,0
2453-SAFNS,1,0.880734693482843,0.243895549105454,0.70819226103183,0,0,0,1,0,1,0,0,0,0,0,1,0,0,0,1,0,1,0,0,1,0,0,0,0,1,0
9558-IHEZX,0,1.57298087672336,1.39552087022058,2.20798725398159,0,0,0,1,0,1,1,0,0,1,0,1,0,1,0,0,0,1,0,1,0,1,1,1,0,0,0
9617-UDPEU,0,-0.422316945558128,-1.51262388007014,-0.825287636534109,0,0,0,1,0,0,0,1,1,0,1,0,1,0,1,0,1,0,1,0,1,0,1,0,0,1,0
6340-DACFT,0,0.717853238602722,-1.46941715806582,-0.534926407621163,0,1,1,1,0,0,0,1,1,0,1,0,1,0,1,0,1,0,1,0,0,1,0,1,0,0,0
4955-VCWBI,0,0.432810692562509,-1.48769692506765,-0.646311747524974,0,1,1,1,0,0,0,1,1,0,1,0,1,0,1,0,1,0,1,0,1,0,0,0,0,1,0
6813-GZQCG,0,0.51425142000257,-1.3331498040522,-0.490314879292665,0,1,1,1,0,1,0,1,1,0,1,0,1,0,1,0,1,0,1,0,0,1,1,1,0,0,0
7426-GSWPO,1,1.28793833068315,1.28750406520978,1.8836762326049,1,0,0,1,0,1,1,0,0,1,0,1,0,0,0,0,0,1,0,1,0,0,1,0,0,0,0
3389-KTRXV,0,-0.381596581838098,-1.35973855605485,-0.731208302671636,0,1,1,1,0,1,0,1,1,0,1,0,1,0,1,0,1,0,1,0,0,1,0,0,0,1,0
3118-UHVVQ,0,1.45081978556327,-1.29492847304837,-0.163531571338639,0,1,0,1,0,1,0,1,1,0,1,0,1,0,1,0,1,0,1,0,0,1,0,1,0,0,0
1031-IIDEO,0,-1.27744458367877,0.202350624101301,-0.976141265726072,0,0,0,1,0,0,1,0,0,0,0,0,0,0,0,0,0,0,0,0,0,0,1,0,1,0,1
5832-XKAES,0,-1.23672421995873,0.167452887097813,-0.947952783947006,1,0,0,1,0,0,1,0,0,0,0,0,0,0,0,0,0,0,0,0,0,0,1,1,0,0,1
3205-MXZRA,0,-0.259435490678007,-0.176539091936574,-0.342110128576417,1,0,0,1,0,0,0,0,0,0,0,0,0,0,0,1,0,1,0,0,1,0,0,1,0,0,0
4701-AHWMW,0,0.921455057202873,-0.339395197952855,0.307439021643467,1,1,0,0,1,0,0,0,0,0,0,0,0,1,0,1,0,1,0,1,0,0,1,0,0,0,1
8317-BVKSO,0,-0.748079855318371,-1.48603512806748,-0.875285217763228,1,0,0,1,0,0,0,1,1,0,1,0,1,0,1,0,1,0,1,0,0,0,1,0,1,0,0
5702-KVQRD,0,1.57298087672336,0.591211122140174,1.56757673450293,1,1,0,1,0,0,0,0,0,1,0,0,0,1,0,1,0,1,0,1,0,1,1,0,1,0,0
0083-PIVIK,0,1.28793833068315,0.548004400135855,1.45054045385093,1,0,0,1,0,1,0,0,0,1,0,1,0,1,0,1,0,1,0,0,1,0,0,0,1,0,0
9210-IAHGH,0,-1.03312240135858,0.199027030100969,-0.808401036251427,0,0,0,1,0,0,0,0,0,0,0,0,0,0,0,1,0,1,0,1,0,0,1,1,0,0,1
6169-PGNCD,0,1.00289578464293,0.317014617112764,0.831939033822311,0,0,0,1,0,0,0,0,0,1,0,1,0,1,0,1,0,1,0,0,0,1,1,1,0,0,0
0023-XUOPT,0,-0.788800219038401,0.975086229178549,-0.47075732654697,0,1,0,1,0,1,1,0,0,0,0,1,0,1,0,0,0,1,0,0,0,0,0,0,1,0,1
4592-IWTJI,0,-1.1960038562387,-1.16530830703542,-0.966936413022962,0,1,1,0,1,0,0,0,0,1,0,0,0,0,0,0,0,0,0,0,0,0,0,1,0,0,1
4909-JOUPP,1,1.61370124044339,1.49356689323038,2.47958559369156,1,1,0,1,0,1,1,0,0,0,0,1,0,1,0,1,0,1,0,1,0,1,0,1,0,0,0
4657-FWVFY,0,0.310649601402418,1.04986709418602,0.721149691575536,0,1,1,1,0,1,1,0,0,0,0,1,0,1,0,0,0,1,0,0,0,0,1,1,0,0,0
2257-BOVXD,0,-0.748079855318371,0.0610978790871809,-0.574990694566351,1,1,0,1,0,1,0,0,0,0,0,0,0,0,0,1,0,1,0,0,0,0,1,1,0,0,0
7729-JTEEC,0,-1.23672421995873,-0.673416394986245,-0.967664854603784,1,1,1,1,0,0,0,0,0,0,0,0,0,0,0,0,0,0,0,0,0,0,1,0,1,0,0
7632-MNYOY,1,1.36937905812321,1.53345002123437,2.27367944017932,1,0,0,1,0,1,1,0,0,0,0,1,0,1,0,1,0,1,0,1,1,0,0,1,0,0,1
6518-LGAOV,0,0.229208873962357,1.33735797521476,0.770153943376261,0,1,0,1,0,1,1,0,0,0,0,0,0,1,0,1,0,1,0,1,0,0,1,0,1,0,1
7242-QZLXF,0,-1.27744458367877,-1.31154644305004,-0.996250668154207,1,0,1,0,1,0,0,0,0,0,0,0,0,0,0,0,0,0,0,0,0,0,1,0,1,0,1
4576-CSAJH,0,-0.422316945558128,-0.319453633950861,-0.480712694818199,1,0,0,1,0,0,0,0,0,0,0,1,0,0,0,1,0,0,0,0,1,0,1,1,0,0,1
1000-AJSLD,0,-1.27744458367877,-1.48437333106731,-0.99854636283316,1,0,0,1,0,0,0,1,1,0,1,0,1,0,1,0,1,0,1,0,0,0,1,0,0,1,1
9696-RMYBA,0,-1.11456312879864,0.509783069132034,-0.831468352977444,1,0,0,1,0,0,1,0,0,0,0,0,0,0,0,0,0,1,0,0,0,0,1,0,0,1,0
8690-UPCZI,0,-0.137274399517916,0.142525932095321,-0.14280409726617,1,1,1,1,0,1,0,0,0,1,0,0,0,0,0,1,0,1,0,0,1,0,0,0,0,0,0
1062-LHZOD,0,-1.27744458367877,0.170776481098145,-0.976560671484726,1,1,1,1,0,0,1,0,0,0,0,0,0,0,0,0,0,0,0,0,0,0,1,0,0,1,1
9770-LXDBK,0,-1.1960038562387,-1.47440254906632,-0.979540659769906,0,0,0,1,0,0,0,1,1,0,1,0,1,0,1,0,1,0,1,0,0,0,0,0,0,1,0
4086-WITJG,0,1.57298087672336,-1.49766770706864,-0.433010808268033,1,1,1,1,0,0,0,1,1,0,1,0,1,0,1,0,1,0,1,0,0,1,0,1,0,0,0
8344-WFMFH,0,-0.951681673918523,-0.487295130967639,-0.793721834698507,1,0,1,1,0,0,0,0,0,0,0,1,0,0,0,0,0,0,0,0,0,0,1,0,1,0,0
9600-NAXZN,0,0.432810692562509,1.2177085912028,0.991600183946025,1,0,0,1,0,1,1,0,0,0,0,1,0,0,0,0,0,1,0,1,0,0,1,0,1,0,1
8822-KNBHV,0,0.636412511162661,0.621123468143165,0.708986924574545,0,0,0,1,0,1,0,0,0,1,0,1,0,1,0,0,0,1,0,1,1,0,1,1,0,0,0
8404-FYDIB,0,-0.259435490678007,0.727478476153797,-0.0323017168542645,1,0,0,1,0,1,1,0,0,1,0,1,0,0,0,0,0,0,0,0,0,0,1,1,0,0,0
2791-SFVEW,0,-0.951681673918523,-1.48271153406715,-0.902281704228222,0,0,0,1,0,0,0,1,1,0,1,0,1,0,1,0,1,0,1,0,0,0,0,0,0,0,0
6457-USBER,0,-1.27744458367877,0.53304822713436,-0.971748542253844,1,0,0,1,0,0,1,0,0,0,0,0,0,0,0,0,0,0,0,1,0,0,1,0,1,0,1
6762-NSODU,0,0.5549717837226,-1.50763848906964,-0.584416287142436,0,1,1,1,0,0,0,1,1,0,1,0,1,0,1,0,1,0,1,0,0,1,0,1,0,0,0
4662-EKDPQ,0,-1.23672421995873,-0.0901256479279362,-0.955193051780626,1,0,0,1,0,1,0,0,0,0,0,0,0,0,0,0,0,0,0,1,0,0,0,0,0,0,1
9248-OJYKK,1,-1.27744458367877,0.388471888119907,-0.973668979148738,1,0,0,1,0,1,1,0,0,0,0,0,0,0,0,0,0,0,0,0,0,0,1,0,1,0,1
9888-ZCUMM,0,1.28793833068315,-0.156597527934581,0.690268183346159,1,1,1,0,1,0,0,0,0,1,0,0,0,1,0,1,0,1,0,1,0,1,1,0,0,0,0
3398-FSHON,1,-0.829520582758432,0.882025597169246,-0.524220523781815,0,0,0,1,0,1,1,0,0,0,0,1,0,0,0,0,0,1,0,0,0,0,1,0,1,0,1
3319-DWOEP,1,-1.07384276507861,1.02992553018403,-0.754121101486569,1,1,0,1,0,0,1,0,0,0,0,0,0,1,0,0,0,1,0,1,0,0,1,0,1,0,1
1074-WVEVG,0,1.084336512083,-1.47606434606648,-0.448065267605013,0,1,0,1,0,0,0,1,1,0,1,0,1,0,1,0,1,0,1,0,1,0,0,0,0,1,0
9979-RGMZT,0,-1.03312240135858,0.973424432178383,-0.727764760653206,0,0,0,1,0,0,1,0,0,0,0,1,0,0,0,0,0,1,0,1,1,0,1,0,0,1,0
6437-UDQJM,1,1.61370124044339,0.642726829145324,1.69869621905081,0,1,0,1,0,1,0,0,0,1,0,1,0,1,0,0,0,1,0,1,0,1,1,1,0,0,0
1226-IENZN,1,-0.66663912787831,0.464914550127549,-0.469587405220196,1,0,0,1,0,0,1,0,0,0,0,0,0,0,0,0,0,0,0,1,0,0,1,0,1,0,0
2108-GLPQB,0,-0.300155854398037,-0.306159257949532,-0.387008618739785,1,1,0,1,0,1,0,0,0,0,0,0,0,1,0,0,0,0,0,0,0,0,0,1,0,0,0
9259-PACGQ,0,0.066327419082236,-0.0701840839259427,-0.00309783165950792,0,1,0,1,0,1,0,0,0,1,0,1,0,0,0,1,0,0,0,0,0,0,0,0,1,0,1
4415-IJZTP,0,-1.27744458367877,0.323661805113429,-0.974529864653345,0,0,0,1,0,1,1,0,0,0,0,0,0,0,0,0,0,0,0,0,0,0,1,0,1,0,1
1465-VINDH,0,-0.910961310198492,1.24097374920513,-0.535544479265497,0,1,1,1,0,1,1,0,0,0,0,1,0,1,0,0,0,1,0,1,0,0,1,1,0,0,1
5474-LAMUQ,0,-0.340876218118068,-1.48437333106731,-0.771714069362776,1,1,0,1,0,0,0,1,1,0,1,0,1,0,1,0,1,0,1,0,1,0,0,0,0,1,0
3468-DRVQJ,0,-0.910961310198492,0.184070857099474,-0.708913575501035,0,1,1,1,0,1,0,0,0,1,0,1,0,0,0,0,0,1,0,0,1,0,0,0,1,0,0
1122-YJBCS,0,1.4915401492833,-0.369307543955845,0.67214543977481,1,1,0,1,0,0,0,0,0,1,0,1,0,0,0,0,0,0,0,0,1,0,1,1,0,0,0
4990-ALDGW,0,1.00289578464293,-1.46276997006515,-0.51349256595517,1,0,0,1,0,0,0,1,1,0,1,0,1,0,1,0,1,0,1,0,0,1,0,0,0,1,0
4816-OKWNX,0,0.717853238602722,1.28418047120945,1.30434443597876,1,1,1,1,0,0,1,0,0,0,0,1,0,1,0,1,0,1,0,1,1,0,1,0,0,0,0
3315-IKYZQ,0,-0.177994763237946,-0.464029972965314,-0.395175994039905,1,1,1,0,1,0,0,0,0,1,0,0,0,1,0,1,0,1,0,0,1,0,0,0,0,1,0
2810-FTLEM,0,-0.66663912787831,-0.485633333967473,-0.670902169374527,0,0,0,1,0,0,0,0,0,1,0,0,0,0,0,0,0,0,0,0,0,0,1,0,1,0,1
4747-LCAQL,0,-0.300155854398037,0.47322353512838,-0.167725628925188,1,0,0,1,0,0,0,0,0,1,0,1,0,0,0,1,0,1,0,1,0,0,1,0,0,1,0
3411-WLRSQ,1,-1.1960038562387,0.326985399113761,-0.901884372456864,0,1,0,1,0,0,1,0,0,0,0,1,0,0,0,0,0,0,0,0,0,0,1,0,0,0,0
0898-XCGTF,0,1.16577723952306,1.05485248518652,1.49740352888378,1,1,0,1,0,1,1,0,0,0,0,0,0,0,0,0,0,1,0,1,1,0,1,0,0,0,0
8006-PYCSW,0,-1.23672421995873,-1.48437333106731,-0.989849211837896,0,0,0,1,0,0,0,1,1,0,1,0,1,0,1,0,1,0,1,0,0,0,0,0,0,1,0
8249-THVEC,0,0.758573602322752,-1.50763848906964,-0.566933689202718,1,1,1,1,0,0,0,1,1,0,1,0,1,0,1,0,1,0,1,0,1,0,0,0,0,1,0
8722-PRFDV,0,1.57298087672336,0.425031422123562,1.4535425161234,0,1,1,1,0,0,0,0,0,1,0,0,0,1,0,0,0,1,0,1,0,1,0,1,0,0,0
2164-SOQXL,0,-0.503757672998189,-1.48603512806748,-0.8281572548828,0,1,1,1,0,0,0,1,1,0,1,0,1,0,1,0,1,0,1,0,0,0,0,0,0,1,0
4020-KIUDI,0,-1.07384276507861,-1.49268231606814,-0.946120643001303,1,1,1,1,0,0,0,1,1,0,1,0,1,0,1,0,1,0,1,0,0,0,0,1,0,0,0
5850-BDWCY,0,-1.07384276507861,-1.48104973706698,-0.952831135139781,0,0,0,1,0,0,0,1,1,0,1,0,1,0,1,0,1,0,1,0,0,0,0,0,0,1,0
2038-YSEZE,0,-0.137274399517916,0.0893484280900052,-0.212270935291793,0,0,0,1,0,1,0,0,0,1,0,1,0,0,0,1,0,0,0,0,0,0,0,0,0,1,0
0827-ITJPH,0,0.147768146522297,-1.53588903807246,-0.703240560765546,1,0,0,1,0,0,0,1,1,0,1,0,1,0,1,0,1,0,1,0,0,1,1,1,0,0,0
8799-OXZMD,0,-0.177994763237946,-1.16364651003525,-0.658342070602179,0,0,0,0,1,0,0,0,0,0,0,0,0,1,0,0,0,0,0,0,0,0,1,0,0,1,0
1925-TIBLE,0,-1.03312240135858,0.722493085153298,-0.750258153709485,0,1,0,1,0,1,1,0,0,0,0,0,0,0,0,0,0,1,0,0,0,0,1,0,1,0,1
1705-GUHPV,0,1.24721796696312,-1.34810597705369,-0.293017580826502,0,0,0,1,0,1,0,1,1,0,1,0,1,0,1,0,1,0,1,0,0,1,0,0,0,1,0
4779-ZGICK,0,0.636412511162661,-1.36970933805585,-0.489409845813462,1,1,1,1,0,1,0,1,1,0,1,0,1,0,1,0,1,0,1,0,0,1,0,0,0,1,0
0048-PIHNL,0,0.677132874882691,-1.47274075206615,-0.609691002598216,0,1,0,1,0,0,0,1,1,0,1,0,1,0,1,0,1,0,1,0,1,0,0,0,0,0,0
0818-OCPZO,1,-0.218715126957977,0.55465158813652,-0.0705780108283444,1,0,0,1,0,1,1,0,0,0,0,1,0,0,0,0,0,0,0,0,0,0,1,0,1,0,1
3967-KXAPS,0,1.61370124044339,0.915261537172568,1.95927963909927,1,1,0,1,0,1,0,0,0,1,0,1,0,1,0,1,0,1,0,1,0,1,0,1,0,0,0
1447-GIQMR,0,-1.27744458367877,0.145849526095653,-0.976891781294191,1,1,0,1,0,0,1,0,0,0,0,0,0,0,0,0,0,0,0,0,0,0,1,0,1,0,1
3704-IEAXF,0,1.61370124044339,-0.369307543955845,0.66313925295738,0,1,1,0,1,0,0,0,0,0,0,1,0,0,0,1,0,1,0,1,0,1,0,1,0,0,0
6810-VCAEX,0,0.595692147442631,-0.834610704002359,-0.213352560669376,0,0,0,0,1,0,0,0,0,1,0,1,0,0,0,1,0,0,0,0,1,0,0,1,0,0,0
0674-EYYZV,0,-1.27744458367877,-0.336071603952522,-0.983293237610502,0,0,0,1,0,0,0,0,0,0,0,0,0,0,0,0,0,1,0,0,0,0,1,0,1,0,0
4480-MBMLB,0,0.147768146522297,1.3307107872141,0.708368852930211,0,0,0,1,0,1,1,0,0,0,0,1,0,1,0,0,0,1,0,1,1,0,1,0,0,0,0
1395-OFUWC,0,0.432810692562509,-1.17860268303675,-0.467026822693672,1,1,1,0,1,0,0,0,0,0,0,1,0,0,0,0,0,0,0,0,0,0,0,1,0,0,0
0822-QGCXA,1,-0.218715126957977,0.634417844144493,0.0124864033726145,0,1,0,1,0,1,0,0,0,0,0,1,0,1,0,1,0,1,0,1,0,0,0,0,1,0,0
0872-NXJYS,0,-0.951681673918523,0.491503302130207,-0.688053657504781,0,0,0,1,0,0,1,0,0,0,0,0,0,0,0,0,0,0,0,1,0,0,1,0,1,0,1
2832-KJCRD,0,0.229208873962357,1.29248945621028,0.753421861004662,0,0,0,1,0,1,1,0,0,0,0,0,0,1,0,1,0,1,0,1,0,0,1,0,1,0,0
3588-WSTTJ,1,0.107047782802266,1.139604132195,0.561863799235881,0,0,0,1,0,1,1,0,0,1,0,0,0,0,0,0,0,1,0,1,0,0,1,0,1,0,0
4075-WKNIU,0,-1.3181649473988,0.285440474109607,-0.390463197751863,0,1,1,1,0,1,0,0,0,0,0,1,0,1,0,1,0,1,0,0,0,1,0,0,0,1,0
5090-EMGTC,0,1.084336512083,1.17284007219832,1.65684393913452,0,1,0,1,0,0,1,0,0,0,0,1,0,0,0,1,0,1,0,1,0,1,1,0,0,1,0
2346-CZYIL,0,-0.218715126957977,-1.47606434606648,-0.772729472778466,1,0,0,1,0,0,0,1,1,0,1,0,1,0,1,0,1,0,1,0,0,1,0,1,0,0,0
3798-EPWRR,1,-1.23672421995873,-0.691696161988073,-0.969850179346249,0,0,0,1,0,0,0,0,0,0,0,0,0,0,0,0,0,0,0,0,0,0,0,0,1,0,0
6258-NGCNG,0,-1.03312240135858,-1.37137113505602,-0.931044109677026,1,0,0,1,0,1,0,1,1,0,1,0,1,0,1,0,1,0,1,0,0,0,0,0,0,1,0
4186-ZBUEW,0,0.147768146522297,0.197365233100803,0.101554942118527,0,0,0,1,0,1,0,0,0,0,0,1,0,0,0,1,0,0,0,1,1,0,1,0,0,1,0
5274-XHAKY,0,0.351369965122448,0.981733417179213,0.711525433113771,0,1,1,1,0,1,1,0,0,1,0,1,0,0,0,0,0,1,0,0,0,0,1,0,0,0,0
1442-BQPVU,0,-0.788800219038401,-1.18358807403725,-0.849745614459877,0,0,0,0,1,0,0,0,0,0,0,1,0,0,0,0,0,0,0,0,0,0,0,0,1,0,0
3978-YNKDD,0,-0.544478036718219,-1.45944637606482,-0.80102832449402,1,0,1,1,0,0,0,1,1,0,1,0,1,0,1,0,1,0,1,0,0,1,0,1,0,0,0
4940-KHCWD,0,1.12505687580303,-0.899420787008838,0.00299458883463619,0,1,0,0,1,0,0,0,0,1,0,1,0,0,0,1,0,0,0,0,0,1,0,0,0,0,0
9412-ARGBX,0,0.636412511162661,1.0216165451832,1.03568193657938,0,0,1,1,0,0,1,0,0,0,0,1,0,1,0,1,0,1,0,0,0,1,1,0,0,1,1
1389-CXMLU,1,-1.1960038562387,0.873716612168415,-0.879788311171943,1,0,0,1,0,1,1,0,0,0,0,0,0,1,0,0,0,1,0,0,0,0,0,0,1,0,1
9589-ABEPT,0,1.4915401492833,0.920246928173067,1.84478186698649,1,1,0,1,0,1,1,0,0,0,0,1,0,0,0,1,0,1,0,0,0,1,1,0,0,1,0
9388-ZEYVT,0,0.432810692562509,-0.685048973987408,-0.15479027236878,1,0,0,0,1,0,0,0,0,0,0,0,0,1,0,1,0,0,0,1,1,0,0,0,1,0,0
0305-SQECB,0,-0.870240946478462,-0.95426008801432,-0.829680360006336,0,0,1,0,1,0,0,0,0,1,0,0,0,0,0,1,0,0,0,0,1,0,1,0,0,1,0
7605-SNLQG,0,0.51425142000257,-0.482309739967141,-0.0266507761060727,0,1,0,1,0,0,0,0,0,0,0,0,0,1,0,0,0,0,0,0,0,0,1,1,0,0,0
4670-TABXH,0,1.61370124044339,1.49522869023054,2.41797709514389,1,1,0,1,0,1,1,0,0,0,0,1,0,1,0,1,0,1,0,1,0,1,1,1,0,0,0
5561-NWEVX,1,-1.23672421995873,0.479870723129044,-0.931110331638919,0,1,0,1,0,1,1,0,0,0,0,0,0,1,0,0,0,0,0,0,0,0,0,0,1,0,1
0064-SUDOG,0,-0.829520582758432,-1.47772614306665,-0.908307902760473,0,1,1,1,0,0,0,1,1,0,1,0,1,0,1,0,1,0,1,0,0,1,0,0,0,0,0
8561-NMTBD,0,1.41009942184324,1.58164213423918,2.2544309232558,0,1,1,1,0,1,1,0,0,0,0,1,0,1,0,1,0,1,0,1,1,0,1,1,0,0,0
5161-XEUVX,0,0.188488510242327,0.981733417179213,0.520519221027431,1,1,0,1,0,1,1,0,0,0,0,0,0,1,0,1,0,1,0,0,0,1,0,0,0,1,0
8292-FRFZQ,0,0.269929237682388,-0.784756793997376,-0.256507205836231,0,0,0,0,1,0,0,0,0,1,0,1,0,0,0,1,0,0,0,0,1,0,0,0,0,0,0
8591-NXRCV,0,0.351369965122448,0.328647196113927,0.357039271101228,0,0,0,1,0,1,0,0,0,1,0,0,0,1,0,1,0,0,0,1,0,0,1,0,0,0,0
7895-VONWT,0,-0.300155854398037,-0.548781619973786,-0.436233610413486,0,0,0,0,1,0,0,0,0,0,0,0,0,1,0,0,0,1,0,1,0,0,1,0,1,0,0
4526-RMTLL,0,-0.992402037638553,0.378501106118911,-0.722312485790693,1,1,1,1,0,1,0,0,0,1,0,1,0,0,0,1,0,0,0,1,0,1,1,1,0,0,0
6253-GNHWH,0,1.57298087672336,0.210659609102132,1.29928949288761,0,1,1,1,0,1,0,0,0,1,0,1,0,1,0,1,0,0,0,0,0,1,0,0,0,1,0
4566-NECEV,0,-1.11456312879864,1.05651428218669,-0.78663608477597,1,0,0,1,0,1,1,0,0,0,0,1,0,1,0,0,0,0,0,1,0,0,0,0,1,0,0
8080-POTJR,0,-0.0965540357978854,0.483194317129376,0.0640953856744595,0,0,0,1,0,1,0,0,0,1,0,0,0,1,0,0,0,1,0,1,1,0,1,1,0,0,0
6906-MPARY,0,0.310649601402418,0.825524499163597,0.532527470117338,1,0,0,1,0,0,1,0,0,0,0,1,0,0,0,1,0,0,0,1,1,0,1,1,0,0,0
3662-FXJFO,0,0.880734693482843,-1.47107895506598,-0.550179532843821,0,0,0,1,0,0,0,1,1,0,1,0,1,0,1,0,1,0,1,0,0,1,1,0,0,1,0
8107-RZLNV,0,1.61370124044339,1.38056469721908,2.33252869031479,1,1,0,1,0,1,1,0,0,0,0,1,0,1,0,0,0,1,0,1,0,1,1,0,0,0,0
0516-OOHAR,0,-0.177994763237946,1.18281085419931,0.228281703194187,1,1,1,1,0,0,1,0,0,0,0,1,0,1,0,0,0,1,0,1,1,0,0,0,0,0,0
2027-CWDNU,0,-0.58519840043825,0.692580739150308,-0.300390292583908,1,1,1,1,0,0,1,0,0,0,0,0,0,0,0,1,0,0,0,1,0,0,1,0,1,0,0
2737-WFVYW,0,-1.23672421995873,-0.648489439983754,-0.969673587447868,0,0,0,0,1,0,0,0,0,0,0,0,0,0,0,0,0,1,0,1,0,0,1,0,1,0,1
9912-OMZDS,0,1.084336512083,1.37557930621859,1.7545654809011,0,1,1,1,0,1,1,0,0,0,0,1,0,1,0,0,0,1,0,1,1,0,1,0,1,0,0
3733-ZEECP,0,-0.422316945558128,-0.454059190964317,-0.463119726941992,1,1,1,1,0,0,0,0,0,0,0,0,0,0,0,1,0,0,0,0,0,0,1,0,1,0,0
7878-RTCZG,0,-1.27744458367877,-1.49102051906798,-0.99863465878235,0,0,0,1,0,0,0,1,1,0,1,0,1,0,1,0,1,0,1,0,0,0,0,0,0,1,0
2452-MRMZF,1,1.61370124044339,-1.29825206704871,-0.15209724591847,0,1,0,1,0,1,0,1,1,0,1,0,1,0,1,0,1,0,1,0,0,1,1,1,0,0,0
2272-QAGFO,1,-0.748079855318371,0.317014617112764,-0.523447934226399,0,0,0,1,0,1,1,0,0,0,0,0,0,0,0,0,0,0,0,0,0,0,1,0,1,0,1
7103-IPXPJ,0,0.717853238602722,1.15123671119616,1.22635703885626,1,1,0,1,0,1,1,0,0,0,0,0,0,0,0,1,0,1,0,1,1,0,0,0,1,0,0
4342-HFXWS,0,0.636412511162661,0.164129293097481,0.327460128122411,0,1,1,1,0,0,0,0,0,1,0,0,0,1,0,1,0,1,0,0,1,0,0,0,0,0,0
3545-CNWRG,0,0.677132874882691,1.11633897419267,1.15106266818406,0,1,1,1,0,1,1,0,0,0,0,1,0,0,0,0,0,1,0,1,0,0,1,0,1,0,0
1785-BPHTP,0,-0.177994763237946,0.68759534814981,0.00352436452977928,1,1,1,1,0,0,1,0,0,0,0,0,0,1,0,0,0,1,0,0,0,0,0,0,1,0,0
4989-LIXVT,1,1.45081978556327,1.03491092118453,1.86361097815136,1,0,0,1,0,1,1,0,0,0,0,1,0,1,0,0,0,0,0,1,0,0,1,0,1,0,0
7315-WYOAW,0,-0.788800219038401,1.19610523020064,-0.42764682935471,1,0,0,1,0,1,1,0,0,0,0,0,0,0,0,1,0,1,0,1,0,0,0,0,1,0,0
1173-XZPYF,0,-0.870240946478462,0.812230123162269,-0.570222713310064,0,0,0,1,0,1,1,0,0,0,0,0,0,1,0,0,0,1,0,0,0,0,1,0,1,0,0
9850-OWRHQ,0,-1.1960038562387,0.310367429112099,-0.906762723649639,0,1,0,1,0,1,1,0,0,0,0,0,0,0,0,0,0,0,0,0,0,0,1,1,0,0,1
3768-NLUBH,1,1.00289578464293,1.19111983920014,1.52938873647804,1,1,0,1,0,1,1,0,0,0,0,0,0,1,0,0,0,1,0,1,0,0,0,0,1,0,1
8676-TRMJS,0,-1.1960038562387,0.34027977511509,-0.915106690848141,1,0,0,1,0,1,1,0,0,0,0,0,0,0,0,0,0,0,0,0,0,0,0,0,0,1,1
2509-TFPJU,0,1.61370124044339,-1.29659027004854,-0.184413563322191,1,1,0,1,0,1,0,1,1,0,1,0,1,0,1,0,1,0,1,0,0,1,0,1,0,0,0
9530-GRMJG,0,1.53226051300333,0.642726829145324,1.63249633114524,1,1,1,1,0,1,0,0,0,0,0,1,0,1,0,1,0,1,0,1,0,1,1,0,1,0,0
6898-RBTLU,0,0.677132874882691,0.483194317129376,0.715432528865451,0,1,1,1,0,1,0,0,0,0,0,1,0,0,0,1,0,1,0,1,0,1,0,0,0,0,0
5481-NTDOH,1,1.41009942184324,1.40549165222158,2.14584897973878,0,1,0,1,0,1,1,0,0,1,0,0,0,1,0,0,0,1,0,1,1,0,1,1,0,0,0
2068-WWXQZ,0,0.5549717837226,-1.48603512806748,-0.609205374877668,1,0,0,1,0,0,0,1,1,0,1,0,1,0,1,0,1,0,1,0,0,1,0,0,0,0,0
7359-SSBJK,1,1.28793833068315,0.180747263099142,0.970850635886258,0,0,0,1,0,0,0,0,0,1,0,1,0,0,0,1,0,1,0,0,0,1,1,1,0,0,1
2061-VVFST,0,0.188488510242327,-1.50431489506931,-0.651940614285868,0,1,0,1,0,0,0,1,1,0,1,0,1,0,1,0,1,0,1,0,0,0,0,0,0,0,0
0685-MLYYM,1,-1.23672421995873,0.199027030100969,-0.939056967066063,0,0,0,1,0,0,1,0,0,0,0,0,0,0,0,0,0,0,0,0,0,0,0,0,1,0,1
0749-IRGQE,1,-0.788800219038401,-0.646827642983588,-0.774120133978217,0,1,0,0,1,0,0,0,0,0,0,0,0,0,0,0,0,1,0,1,0,0,0,0,1,0,0
2380-DAMQP,0,1.61370124044339,1.67470276624849,2.67880332905262,0,1,0,1,0,1,1,0,0,1,0,1,0,1,0,1,0,1,0,1,0,1,0,0,1,0,0
2256-YLYLP,0,1.45081978556327,0.272146098108279,1.17933944591232,1,1,1,1,0,0,0,0,0,0,0,0,0,1,0,1,0,1,0,1,0,1,1,0,0,0,0
1272-ILHFG,0,-0.707359491598341,-1.49932950406881,-0.860561868235712,1,1,1,1,0,0,0,1,1,0,1,0,1,0,1,0,1,0,1,0,1,0,0,0,0,1,0
0164-XAIRP,0,-0.340876218118068,-1.50265309806914,-0.799836329179949,0,0,0,1,0,0,0,1,1,0,1,0,1,0,1,0,1,0,1,0,0,1,1,0,0,0,0
5666-CYCYZ,0,-0.340876218118068,0.823862702163431,-0.00996284170906906,0,0,0,1,0,1,1,0,0,0,0,0,0,0,0,1,0,0,0,1,0,0,1,0,1,0,0
4011-ARPHK,0,-0.218715126957977,-0.478986145966809,-0.384337666276772,1,0,0,1,0,0,0,0,0,1,0,0,0,0,0,0,0,0,0,0,0,0,0,0,0,1,0
8182-PNAGI,0,-0.829520582758432,-0.482309739967141,-0.74529150656752,1,0,0,1,0,0,0,0,0,0,0,0,0,0,0,1,0,0,0,0,0,0,0,0,0,0,1
6365-HITVU,0,1.57298087672336,0.74742004015579,1.78657276248266,0,1,1,1,0,0,0,0,0,1,0,1,0,1,0,1,0,1,0,1,0,1,0,1,0,0,0
7558-IMLMT,0,1.41009942184324,-1.46110817306499,-0.384094852416498,1,1,1,1,0,0,0,1,1,0,1,0,1,0,1,0,1,0,1,0,0,1,1,0,0,1,0
9488-FYQAU,0,1.24721796696312,1.47861072022888,2.01291942823249,0,1,0,1,0,1,1,0,0,0,0,1,0,1,0,1,0,1,0,1,0,1,1,0,0,0,0
3590-TCXTB,0,-1.27744458367877,-1.47606434606648,-0.998435992896672,1,0,0,1,0,0,0,1,1,0,1,0,1,0,1,0,1,0,1,0,0,0,0,0,0,1,0
6994-KERXL,0,-1.15528349251868,-0.294526678948369,-0.902127186317138,1,0,0,1,0,0,0,0,0,0,0,0,0,0,0,0,0,0,0,1,0,0,1,0,1,0,0
7957-RYHQD,1,0.310649601402418,0.479870723129044,0.420259170721623,0,0,0,1,0,0,1,0,0,1,0,1,0,0,0,0,0,0,0,0,0,0,1,1,0,0,1
2180-DXNEG,0,-0.829520582758432,1.03823451518486,-0.538524467550676,0,0,0,1,0,0,1,0,0,0,0,0,0,1,0,0,0,1,0,1,0,0,1,0,1,0,1
1960-UOTYM,0,0.799293966042782,0.479870723129044,0.765694997942141,1,1,1,1,0,0,0,0,0,1,0,1,0,1,0,0,0,1,0,1,0,1,0,0,1,0,0
2740-JFBOK,0,-0.910961310198492,-1.35475316505436,-0.90740286928127,1,0,0,1,0,1,0,1,1,0,1,0,1,0,1,0,1,0,1,0,0,0,1,0,1,0,0
6500-JVEGC,0,1.45081978556327,1.21604679420264,2.13183199780479,1,0,0,1,0,1,1,0,0,1,0,1,0,1,0,0,0,1,0,0,1,0,0,0,0,0,0
5515-AKOAJ,0,0.880734693482843,1.17450186919848,1.39462704402604,0,0,0,1,0,1,1,0,0,0,0,0,0,0,0,1,0,1,0,1,0,0,1,0,1,0,1
8976-OQHGT,0,-1.15528349251868,-0.274585114946376,-0.903628217453377,0,1,1,1,0,0,0,0,0,0,0,1,0,0,0,1,0,0,0,0,0,0,0,0,0,1,1
5245-VDBUR,0,0.799293966042782,-0.974201652016314,-0.142583357393194,0,1,0,0,1,0,0,0,0,1,0,0,0,1,0,0,0,0,0,0,1,0,0,0,0,1,0
6230-BSUXY,1,-1.27744458367877,0.672639175148314,-0.969894327320844,0,0,0,1,0,0,1,0,0,0,0,0,0,1,0,0,0,0,0,1,0,0,1,0,1,0,1
8469-SNFFH,0,1.53226051300333,0.486517911129709,1.43347726166986,1,1,0,1,0,1,0,0,0,1,0,1,0,1,0,1,0,1,0,0,1,0,0,0,0,0,0
2144-ESWKO,0,0.432810692562509,-0.982510637017144,-0.36122620157616,1,0,0,0,1,0,0,0,0,1,0,0,0,1,0,0,0,0,0,0,1,0,1,1,0,0,0
1241-FPMOF,0,0.799293966042782,-1.49932950406881,-0.554881292138215,1,0,0,1,0,0,0,1,1,0,1,0,1,0,1,0,1,0,1,0,0,1,0,0,0,1,0
9928-BZVLZ,0,-0.829520582758432,-0.49560411596847,-0.763679137986441,0,0,0,0,1,0,0,0,0,1,0,0,0,1,0,1,0,0,0,1,0,1,0,0,0,1,0
4114-QMKVN,0,0.962175420922904,0.132555150094324,0.677001716980288,0,1,1,1,0,1,0,0,0,1,0,1,0,0,0,0,0,0,0,1,1,0,0,0,0,0,0
2775-SEFEE,0,-1.3181649473988,-0.0951110389284346,-0.390463197751863,1,0,1,1,0,1,0,0,0,1,0,1,0,0,0,1,0,0,0,0,0,1,1,0,0,0,0
9003-CPATH,0,0.392090328842479,0.50313588113137,0.455378884512143,1,0,0,1,0,1,1,0,0,0,0,0,0,1,0,0,0,0,0,0,0,0,0,0,1,0,0
1754-GKYPY,1,-0.422316945558128,0.830509890164096,-0.151435026299541,1,1,0,1,0,0,1,0,0,0,0,0,0,0,0,0,0,1,0,1,0,0,1,0,0,0,0
5294-CDGWY,0,0.758573602322752,-0.181524482937073,0.323486810408839,1,1,1,0,1,0,0,0,0,1,0,1,0,1,0,0,0,1,0,1,1,0,0,0,1,0,1
7956-XQWGU,0,-0.218715126957977,-1.50763848906964,-0.804229052652176,1,0,0,1,0,0,0,1,1,0,1,0,1,0,1,0,1,0,1,0,0,0,1,1,0,0,0
1591-MQJTP,1,0.758573602322752,0.960130056177054,1.12896660689914,1,1,0,1,0,1,1,0,0,1,0,0,0,1,0,0,0,0,0,1,1,0,1,0,0,0,0
5295-PCJOO,0,-1.15528349251868,-0.510560288969965,-0.926011240573167,1,0,1,1,0,0,0,0,0,1,0,0,0,0,0,0,0,0,0,0,0,0,1,0,1,0,1
2369-FEVNO,0,-1.27744458367877,-1.49102051906798,-0.99863465878235,1,0,0,1,0,0,0,1,1,0,1,0,1,0,1,0,1,0,1,0,0,0,1,0,0,1,0
9863-JZAIC,0,0.107047782802266,-0.32443902495136,-0.119803002502046,1,0,0,1,0,0,0,0,0,0,0,0,0,0,0,0,0,1,0,0,0,0,0,0,0,1,1
7471-MQPOS,1,1.57298087672336,0.270484301108113,1.26163127055786,1,1,1,1,0,1,0,0,0,0,0,1,0,1,0,1,0,0,0,1,1,0,1,0,0,0,0
7660-HDPJV,0,-1.27744458367877,0.147511323095819,-0.976869707306893,0,0,0,1,0,0,1,0,0,0,0,0,0,0,0,0,0,0,0,0,0,0,1,0,1,0,1
5115-SQAAU,0,1.4915401492833,-1.30157566104904,-0.268647898849925,0,1,1,1,0,1,0,1,1,0,1,0,1,0,1,0,1,0,1,0,0,1,1,0,0,0,0
9845-QOMAD,0,-0.748079855318371,-1.49600591006848,-0.870848346316405,1,1,1,1,0,0,0,1,1,0,1,0,1,0,1,0,1,0,1,0,1,0,0,0,0,1,0
7672-VFMXZ,0,1.00289578464293,-0.301173866949034,0.392777056536081,1,1,0,1,0,0,0,0,0,1,0,0,0,0,0,1,0,0,0,0,0,0,0,0,1,0,0
9739-JLPQJ,0,1.61370124044339,1.75280722525629,2.82025343965579,0,1,1,1,0,1,1,0,0,1,0,1,0,1,0,1,0,1,0,1,0,1,0,1,0,0,0
9916-AYHTC,0,0.636412511162661,-1.49268231606814,-0.603024658434333,1,0,0,1,0,0,0,1,1,0,1,0,1,0,1,0,1,0,1,0,0,1,0,1,0,0,0
3855-ONCAR,0,-1.15528349251868,0.469899941128048,-0.875086551877549,0,1,1,1,0,0,1,0,0,0,0,0,0,0,0,0,0,1,0,0,0,0,1,0,0,1,0
1488-SYSFC,0,-0.0558336720778551,-1.46609356406549,-0.697479250080866,1,1,1,1,0,0,0,1,1,0,1,0,1,0,1,0,1,0,1,0,0,0,1,0,1,0,0
7931-PXHFC,0,0.229208873962357,-0.0818166629271056,0.0321764000420953,1,0,0,1,0,0,0,0,0,0,0,0,0,1,0,1,0,0,0,1,1,0,1,0,0,1,1
3990-QYKBE,1,0.188488510242327,0.921908725173233,0.526015643864539,1,1,0,1,0,1,1,0,0,0,0,0,0,0,0,0,0,1,0,1,0,0,1,0,1,0,1
0970-QXPXW,0,-1.27744458367877,-1.49932950406881,-0.998745028718839,0,0,0,1,0,0,0,1,1,0,1,0,1,0,1,0,1,0,1,0,0,0,0,0,0,1,0
3259-KNMRR,1,1.00289578464293,0.498150490130871,0.951955302759492,1,0,0,1,0,1,0,0,0,0,0,1,0,1,0,0,0,1,0,1,0,1,1,0,0,0,0
6120-RJKLU,1,1.20649760324309,0.504797678131536,1.12040189982766,0,1,0,1,0,0,0,0,0,1,0,0,0,1,0,1,0,1,0,1,0,1,1,1,0,0,0
9572-WUKSB,0,-1.1960038562387,-1.15866111903475,-0.966693599162688,1,1,0,0,1,0,0,0,0,0,0,0,0,0,0,1,0,0,0,0,0,0,1,0,1,0,0
5893-KCLGT,0,1.61370124044339,-1.49600591006848,-0.315621343819269,0,0,1,1,0,0,0,1,1,0,1,0,1,0,1,0,1,0,1,0,0,1,1,0,0,1,0
0076-LVEPS,0,-0.137274399517916,-0.656798424984584,-0.458903595368146,1,0,1,0,1,0,0,0,0,1,0,1,0,1,0,1,0,0,0,0,0,0,1,0,0,1,0
3640-JQGJG,0,-0.788800219038401,-0.663445612985249,-0.760544631790178,1,1,1,1,0,0,0,0,0,0,0,0,0,0,0,0,0,0,0,0,0,0,0,0,0,0,0
4919-MOAVT,0,-1.1960038562387,0.162467496097315,-0.910250413642664,1,0,1,1,0,0,1,0,0,0,0,0,0,0,0,0,0,0,0,0,0,0,0,0,1,0,1
1596-OQSPS,0,-0.870240946478462,-0.454059190964317,-0.772928138664145,0,0,0,1,0,0,0,0,0,0,0,1,0,0,0,0,0,0,0,0,0,0,0,0,1,0,0
9867-XOBQA,0,-0.463037309278159,-0.385925513957506,-0.48506127031583,0,0,1,0,1,0,0,0,0,1,0,1,0,1,0,1,0,1,0,0,0,1,0,0,0,1,0
9546-KDTRB,0,-0.544478036718219,-1.33148800705203,-0.801756766074842,0,0,0,1,0,1,0,1,1,0,1,0,1,0,1,0,1,0,1,0,0,0,0,0,0,0,0
3090-HAWSU,0,1.16577723952306,1.55671517923669,2.02821670142974,1,0,0,1,0,1,1,0,0,1,0,0,0,1,0,1,0,1,0,1,0,1,1,1,0,0,1
9820-RMCQV,0,-0.870240946478462,-0.53881083797279,-0.786238753004612,0,0,0,1,0,0,0,0,0,1,0,0,0,0,0,0,0,0,0,0,0,0,0,1,0,0,1
3174-RKMOW,0,0.107047782802266,1.50187587823121,0.662432885363856,1,1,1,1,0,1,1,0,0,0,0,1,0,1,0,1,0,1,0,1,0,0,1,0,1,0,0
1760-CAZHT,0,-0.300155854398037,-1.46110817306499,-0.804251126639473,1,0,1,1,0,0,0,1,1,0,1,0,1,0,1,0,1,0,1,0,0,0,0,0,0,1,0
7839-QRKXN,0,-1.27744458367877,-1.48104973706698,-0.998502214858565,0,0,0,1,0,0,0,1,1,0,1,0,1,0,1,0,1,0,1,0,0,0,1,0,0,1,1
8441-SHIPE,0,1.41009942184324,-1.30157566104904,-0.217016842560782,0,0,0,1,0,1,0,1,1,0,1,0,1,0,1,0,1,0,1,0,0,1,1,0,0,0,0
5204-QZXPU,0,-0.544478036718219,-0.834610704002359,-0.683660934032554,1,0,0,0,1,0,0,0,0,0,0,0,0,1,0,0,0,1,0,0,0,0,1,0,1,0,1
4597-ELFTS,0,0.962175420922904,-1.32484081905137,-0.418486124626196,1,0,0,1,0,1,0,1,1,0,1,0,1,0,1,0,1,0,1,0,1,0,0,0,1,0,1
1320-GVNHT,0,1.61370124044339,1.45036017122606,2.4216634510226,1,1,1,1,0,1,1,0,0,1,0,1,0,1,0,0,0,1,0,1,0,1,1,1,0,0,0
1047-RNXZV,0,0.432810692562509,-1.50265309806914,-0.620617626310539,1,0,0,1,0,0,0,1,1,0,1,0,1,0,1,0,1,0,1,0,0,1,0,0,0,1,0
3541-ZNUHK,0,0.921455057202873,0.675962769148646,1.02380613141326,0,1,1,1,0,1,1,0,0,1,0,1,0,0,0,0,0,0,0,0,0,0,1,0,1,0,0
8450-JOVAH,0,-1.23672421995873,-0.267937926945711,-0.957290080573901,1,1,1,1,0,1,0,0,0,1,0,0,0,0,0,0,0,0,0,0,0,0,0,0,0,1,1
8725-JEDFD,0,-0.218715126957977,0.142525932095321,-0.21573655129752,1,0,0,1,0,0,1,0,0,0,0,0,0,0,0,0,0,0,0,0,0,0,1,0,0,1,0
7562-UXTPG,0,-0.788800219038401,0.179085466098976,-0.615960014990741,0,0,0,1,0,0,1,0,0,0,0,0,0,0,0,0,0,0,0,0,0,0,1,0,0,1,0
8071-SBTRN,0,1.53226051300333,1.5417590062352,2.40855150256781,0,0,0,1,0,1,1,0,0,1,0,1,0,1,0,0,0,1,0,1,0,1,1,0,0,1,0
1113-IUJYX,0,-0.748079855318371,1.36893211821792,-0.411908076411504,0,1,0,1,0,0,1,0,0,1,0,1,0,0,0,1,0,1,0,1,1,0,0,0,0,1,1
6668-CNMFP,0,-0.544478036718219,0.817215514162767,-0.262709996266864,0,1,1,1,0,1,1,0,0,0,0,0,0,0,0,1,0,0,0,1,1,0,1,0,0,0,0
5626-MGTUK,0,-0.503757672998189,0.808906529161936,-0.177769293145607,0,0,0,1,0,1,1,0,0,1,0,0,0,0,0,0,0,1,0,0,0,0,1,0,0,0,0
5681-LLOEI,0,0.432810692562509,0.88036380016908,0.76459129857726,1,1,1,1,0,1,1,0,0,1,0,0,0,1,0,1,0,0,0,0,1,0,1,1,0,0,0
8212-DJRCH,0,-1.11456312879864,0.850451454166089,-0.815597156110452,1,1,1,1,0,0,1,0,0,1,0,0,0,1,0,0,0,0,0,1,0,0,1,0,0,1,0
4323-OHFOW,1,1.53226051300333,1.35563774221659,2.16918118431237,0,1,0,1,0,1,1,0,0,0,0,1,0,0,0,1,0,1,0,1,1,0,1,0,0,0,0
4933-BSAIP,0,0.310649601402418,-1.51760927107064,-0.663021755909275,0,1,0,1,0,0,0,1,1,0,1,0,1,0,1,0,1,0,1,0,0,1,0,0,0,1,0
2030-BTZRO,0,-1.07384276507861,-1.47440254906632,-0.959916885062318,1,1,1,1,0,0,0,1,1,0,1,0,1,0,1,0,1,0,1,0,0,1,1,1,0,0,0
1116-DXXDF,0,0.269929237682388,1.18613444819965,0.670953444460738,1,0,0,1,0,0,1,0,0,1,0,0,0,1,0,0,0,1,0,1,0,1,1,0,1,0,0
9274-CNFMO,1,-1.15528349251868,0.338617978114924,-0.871135308151274,1,1,0,1,0,1,1,0,0,0,0,0,0,0,0,0,0,0,0,0,0,0,0,0,1,0,1
7758-XKCBS,0,-0.707359491598341,-1.16530830703542,-0.81394160706313,1,0,0,0,1,0,0,0,0,0,0,0,0,0,0,1,0,0,0,0,0,0,1,0,1,0,1
8992-JQYUN,0,-1.27744458367877,-0.478986145966809,-0.985191600518097,1,1,0,0,1,0,0,0,0,0,0,0,0,1,0,0,0,1,0,1,0,0,1,0,1,0,1
6563-VNPMN,1,0.51425142000257,0.69590433315064,0.66053452245626,0,0,0,1,0,0,1,0,0,1,0,1,0,0,0,1,0,0,0,0,0,0,1,0,0,0,0
0617-AQNWT,0,1.28793833068315,-0.562075995975115,0.382137394658626,0,1,0,0,1,0,0,0,0,1,0,0,0,1,0,1,0,0,0,1,0,1,0,0,1,0,1
2267-WTPYD,1,1.00289578464293,0.971762635178217,1.39376615852144,0,1,0,1,0,1,1,0,0,0,0,1,0,1,0,0,0,0,0,1,0,0,0,1,0,0,0
0270-THENM,0,1.61370124044339,0.169114684097979,1.24516407603383,1,1,1,1,0,1,0,0,0,1,0,1,0,1,0,1,0,0,0,0,0,1,0,0,0,0,0
2446-PLQVO,0,-1.27744458367877,0.184070857099474,-0.976384079586345,1,0,0,1,0,0,1,0,0,0,0,0,0,0,0,0,0,0,0,0,0,0,1,0,1,0,1
4707-MAXGU,0,1.61370124044339,-1.29326667604821,-0.180881725354572,1,1,0,1,0,1,0,1,1,0,1,0,1,0,1,0,1,0,1,0,0,1,0,1,0,0,0
2710-WYVXG,0,-1.1960038562387,0.210659609102132,-0.913230401927843,0,0,0,1,0,0,0,0,0,1,0,1,0,0,0,1,0,0,0,1,0,1,0,0,0,1,0
3005-NFMTA,1,0.921455057202873,1.13129514719416,1.47270273709774,1,0,0,1,0,1,1,0,0,1,0,0,0,0,0,0,0,1,0,1,0,0,1,0,1,0,1
6300-BWMJX,0,1.084336512083,0.950159274176057,1.37061054584623,0,1,0,1,0,1,1,0,0,0,0,0,0,1,0,1,0,1,0,0,0,0,0,0,1,0,0
8784-CGILN,0,-0.58519840043825,1.16619288419765,-0.222932671156545,0,0,0,1,0,1,1,0,0,0,0,0,0,0,0,1,0,1,0,1,0,0,1,0,0,0,1
5389-FFVKB,1,-0.0151133083578247,0.516430257132699,0.0887961774605008,1,1,0,1,0,0,1,0,0,0,0,0,0,0,0,0,0,0,0,1,0,0,1,1,0,0,1
7009-LGECI,0,-1.15528349251868,-0.472338957966145,-0.903385403593103,0,0,0,1,0,0,0,0,0,1,0,0,0,0,0,0,0,0,0,0,0,0,1,0,0,0,0
8444-WRIDW,1,1.36937905812321,0.521415648133197,1.29902460504003,0,0,0,1,0,1,1,0,0,0,0,1,0,0,0,0,0,0,0,0,0,0,1,1,0,0,1
5022-KVDQT,0,-0.218715126957977,0.549666197136021,-0.00402493912600809,1,0,0,1,0,1,1,0,0,0,0,0,0,1,0,0,0,0,0,0,0,0,1,0,1,0,0
7976-CICYS,0,-1.15528349251868,-1.46443176706532,-0.970446177003285,1,0,0,1,0,0,0,1,1,0,1,0,1,0,1,0,1,0,1,0,0,0,1,1,0,0,0
1036-GUDCL,0,1.12505687580303,0.474885332128546,1.05137654154799,1,1,1,1,0,0,0,0,0,1,0,1,0,0,0,1,0,1,0,1,0,0,1,1,0,0,0
2005-DWQZJ,0,-0.992402037638553,-1.5192710680708,-0.91837364096819,0,1,1,1,0,0,0,1,1,0,1,0,1,0,1,0,1,0,1,0,0,1,0,0,0,1,0
8148-WOCMK,0,-0.992402037638553,-1.50099130106898,-0.952235137482745,1,1,1,1,0,0,0,1,1,0,1,0,1,0,1,0,1,0,1,0,0,1,0,1,0,0,0
7815-PDTHL,0,0.107047782802266,-1.48104973706698,-0.705271367596927,1,0,0,1,0,0,0,1,1,0,1,0,1,0,1,0,1,0,1,0,0,1,1,0,0,1,0
9451-LPGOO,0,-1.03312240135858,0.732463867154295,-0.733548145325184,1,0,0,1,0,1,1,0,0,0,0,0,0,0,0,0,0,0,0,1,0,0,1,0,1,0,1
9173-IVZVP,0,0.840014329762813,-1.45778457906466,-0.501462242877965,0,1,1,1,0,0,0,1,1,0,1,0,1,0,1,0,1,0,1,0,0,1,0,0,0,1,0
9129-UXERG,1,-0.58519840043825,1.29082765921011,-0.209953166625543,0,0,0,1,0,1,1,0,0,0,0,1,0,0,0,1,0,1,0,1,0,0,1,1,0,0,0
3635-JBPSG,0,-0.707359491598341,-0.862861253005184,-0.741207818917459,0,0,0,0,1,0,0,0,0,0,0,1,0,0,0,0,0,0,0,1,0,1,1,0,0,1,0
7964-ZRKKG,0,1.41009942184324,0.785641371159611,1.55241190522946,1,1,0,1,0,1,1,0,0,0,0,1,0,0,0,0,0,1,0,0,1,0,1,0,0,0,0
5868-YWPDW,1,-1.07384276507861,0.646050423145657,-0.778225895615575,1,1,0,1,0,0,1,0,0,0,0,1,0,0,0,0,0,0,0,1,0,0,1,0,1,0,1
6229-LSCKB,1,-1.07384276507861,0.496488693130705,-0.787739784140851,1,0,0,1,0,0,1,0,0,0,0,0,0,0,0,0,0,1,0,0,0,0,1,0,1,0,0
2025-JKFWI,0,-0.788800219038401,1.13794233519483,-0.432745920420462,1,0,0,1,0,1,1,0,0,0,0,0,0,0,0,1,0,1,0,1,0,0,1,0,0,1,1
4078-SAYYN,0,-0.870240946478462,1.19610523020064,-0.50865836273699,0,0,0,1,0,1,1,0,0,0,0,0,0,1,0,0,0,1,0,1,0,0,1,0,1,0,1
1724-IQWNM,0,-1.27744458367877,-1.51096208306997,-0.998899546629922,1,0,1,1,0,0,0,1,1,0,1,0,1,0,1,0,1,0,1,0,0,0,1,0,0,1,0
8217-QYOHV,0,-1.11456312879864,-0.299512069948868,-0.88956708754479,1,0,0,1,0,0,0,0,0,1,0,0,0,0,0,1,0,0,0,0,0,0,1,0,0,1,0
5546-QUERU,0,-0.788800219038401,-1.48935872206781,-0.893959811017017,1,0,0,1,0,0,0,1,1,0,1,0,1,0,1,0,1,0,1,0,1,0,1,0,0,1,0
9940-HPQPG,0,-0.951681673918523,0.896981770170741,-0.625186941681148,0,1,0,1,0,1,1,0,0,1,0,1,0,1,0,0,0,0,0,0,0,0,0,0,0,0,1
6897-UUBNU,0,-0.137274399517916,0.827186296163764,0.15086822974142,1,0,0,1,0,0,1,0,0,0,0,1,0,0,0,1,0,1,0,0,0,0,0,0,0,1,0
6127-IYJOZ,1,-1.27744458367877,-0.62854787598176,-0.987178259374884,1,0,0,1,0,0,0,0,0,0,0,0,0,0,0,0,0,0,0,0,0,0,1,0,0,1,0
6618-RYATB,0,-1.27744458367877,0.491503302130207,-0.972300391936285,0,0,0,1,0,1,1,0,0,0,0,0,0,1,0,0,0,0,0,0,0,0,1,0,0,1,1
8930-XOTDP,0,-0.58519840043825,-0.292864881948203,-0.529385836809459,0,1,1,1,0,0,0,0,0,0,0,0,0,0,0,0,0,1,0,0,0,0,0,0,0,1,0
5916-QEWPT,0,-1.23672421995873,0.140864135095155,-0.942169399275028,0,1,0,1,0,0,0,0,0,0,0,0,0,1,0,0,0,1,0,1,0,0,0,1,0,0,0
5060-TQUQN,0,-0.0965540357978854,0.624447062143497,0.127271137320259,1,1,1,1,0,1,1,0,0,0,0,1,0,0,0,1,0,0,0,0,0,0,1,0,0,0,0
0531-XBKMM,0,1.36937905812321,0.0311855330841909,0.92577555382451,1,0,1,1,0,1,0,0,0,1,0,1,0,0,0,1,0,0,0,0,0,1,0,0,0,0,0
8465-SBRXP,0,0.229208873962357,1.00167498118121,0.589081025573851,1,1,1,1,0,1,1,0,0,0,0,0,0,1,0,1,0,1,0,0,0,1,1,0,0,0,0
2408-PSJVE,0,0.473531056282539,-0.0951110389284346,0.283488745425544,1,1,1,1,0,0,0,0,0,0,0,1,0,1,0,1,0,0,0,0,0,0,1,0,0,1,0
9079-YEXQJ,0,0.880734693482843,1.54009720923503,1.64801434421547,0,0,0,1,0,1,1,0,0,0,0,1,0,1,0,1,0,1,0,1,0,0,0,0,1,0,1
9700-ZCLOT,0,-1.23672421995873,-1.48769692506765,-0.992983718034159,1,0,0,1,0,0,0,1,1,0,1,0,1,0,1,0,1,0,1,0,0,0,0,0,0,1,0
8738-JOKAR,0,0.392090328842479,0.0976574130908359,0.265034892044731,0,0,0,1,0,0,0,0,0,1,0,1,0,0,0,1,0,0,0,1,1,0,1,0,0,1,0
4534-WGCIR,0,1.04361614836296,-1.31653183405053,-0.340829837313155,0,1,1,1,0,1,0,1,1,0,1,0,1,0,1,0,1,0,1,0,0,1,0,1,0,0,0
1930-WNXSB,0,1.04361614836296,0.933541304174396,1.3346520205384,1,1,1,1,0,0,1,0,0,0,0,1,0,0,0,0,0,1,0,1,0,0,1,0,1,0,0
2685-SREOM,0,-0.300155854398037,0.808906529161936,0.038180524587049,0,1,1,1,0,1,1,0,0,0,0,0,0,1,0,0,0,0,0,1,0,0,1,0,1,0,1
3508-CFVZL,0,1.57298087672336,1.54674439723569,2.51819299747511,0,0,0,1,0,1,1,0,0,1,0,1,0,1,0,1,0,1,0,1,0,1,0,0,0,1,0
0402-CQAJN,0,0.188488510242327,1.23432656120446,0.55778011158582,0,0,0,1,0,1,1,0,0,0,0,1,0,1,0,0,0,1,0,1,0,0,1,0,0,0,1
6692-UDPJC,0,-0.748079855318371,0.893658176170409,-0.433054956242628,0,1,1,1,0,1,1,0,0,0,0,0,0,0,0,1,0,1,0,0,0,0,1,0,1,0,1
1273-MTETI,1,-1.15528349251868,0.800597544161106,-0.842990974346804,0,0,0,1,0,1,1,0,0,0,0,0,0,1,0,0,0,0,0,1,0,0,1,0,1,0,1
0657-DOGUM,0,0.636412511162661,-0.138317760932754,0.310507305877836,0,1,0,1,0,1,0,0,0,1,0,0,0,0,0,1,0,0,0,0,1,0,1,0,0,0,0
5480-HPRRX,1,-1.1960038562387,-1.31154644305004,-0.973095055478999,0,0,0,0,1,0,0,0,0,0,0,0,0,0,0,0,0,0,0,0,0,0,0,0,1,0,1
8792-AOROI,0,-0.992402037638553,0.0245383450835263,-0.758271011098523,0,1,0,1,0,0,0,0,0,1,0,0,0,0,0,1,0,0,0,1,0,1,0,0,0,1,0
0295-PPHDO,0,-1.27744458367877,1.01995474818303,-0.965280863975641,1,0,0,1,0,1,1,0,0,0,0,0,0,0,0,0,0,1,0,1,0,0,1,0,1,0,1
5146-YYFRZ,0,1.41009942184324,-1.48935872206781,-0.428309048973639,1,0,0,1,0,0,0,1,1,0,1,0,1,0,1,0,1,0,1,0,0,1,0,0,0,0,0
1195-OIYEJ,0,-0.788800219038401,0.875378409168581,-0.506031558248573,1,0,0,1,0,0,1,0,0,0,0,0,0,0,0,0,0,1,0,1,0,0,1,0,1,0,1
5906-CVLHP,0,0.51425142000257,-0.352689573954184,0.0167246089337585,0,1,1,1,0,0,0,0,0,0,0,1,0,0,0,1,0,0,0,0,1,0,1,1,0,0,1
3452-SRFEG,0,0.677132874882691,0.326985399113761,0.635039067127504,1,0,0,1,0,1,1,0,0,0,0,0,0,0,0,0,0,0,0,0,0,0,1,0,0,0,0
4070-OKWVH,0,0.799293966042782,0.99170419918021,1.21136880148117,0,1,0,1,0,1,1,0,0,0,0,1,0,1,0,0,0,1,0,0,0,0,0,0,0,0,0
5297-MDOIR,0,1.24721796696312,0.544680806135523,1.29909082700193,0,1,0,1,0,0,1,0,0,1,0,0,0,1,0,0,0,0,0,0,1,0,1,1,0,0,0
6369-MCAKO,0,1.45081978556327,0.80724473216177,1.72348530678605,0,1,1,1,0,1,0,0,0,1,0,1,0,1,0,1,0,1,0,1,0,1,1,0,0,0,0
4926-UMJZD,0,-0.0558336720778551,-0.51720747697063,-0.345840632429716,0,1,0,1,0,0,0,0,0,0,0,0,0,0,0,1,0,0,0,0,0,0,1,0,0,1,0
6848-HJTXY,0,1.28793833068315,-1.50597669206947,-0.473847684768637,0,1,0,1,0,0,0,1,1,0,1,0,1,0,1,0,1,0,1,0,0,1,0,1,0,0,0
6341-AEVKX,0,1.20649760324309,1.31409281721244,1.91237241609181,0,1,0,1,0,0,1,0,0,1,0,0,0,1,0,1,0,1,0,1,1,0,1,0,1,0,0
4501-EQDRN,0,-1.27744458367877,0.164129293097481,-0.976648967433917,0,0,0,1,0,0,1,0,0,0,0,0,0,0,0,0,0,0,0,0,0,0,0,0,0,0,1
2990-HWIML,0,-1.07384276507861,0.822200905163265,-0.754319767372248,0,0,0,1,0,0,1,0,0,0,0,0,0,0,0,0,0,1,0,1,0,0,1,0,1,0,1
0682-USIXD,0,-0.463037309278159,0.707536912151803,-0.204412595813839,0,1,0,1,0,0,1,0,0,0,0,0,0,0,0,1,0,1,0,0,0,0,1,0,1,0,0
6976-BWGLQ,0,1.61370124044339,-1.31487003705037,-0.21834128179864,0,1,1,1,0,1,0,1,1,0,1,0,1,0,1,0,1,0,1,0,0,1,0,0,0,0,0
7078-NVFAM,0,-0.0151133083578247,-0.98417243401731,-0.543402818743451,0,1,1,0,1,0,0,0,0,1,0,1,0,0,0,0,0,0,0,0,0,0,1,0,1,0,0
8065-QBYTO,1,1.57298087672336,1.15954569619699,2.16295631989444,0,0,0,1,0,1,1,0,0,1,0,1,0,0,0,1,0,1,0,0,1,0,1,1,0,0,0
2133-TSRRM,0,0.066327419082236,1.34899055421593,0.621022085193513,0,0,1,1,0,0,1,0,0,1,0,1,0,1,0,0,0,1,0,1,0,0,1,0,0,0,0
7384-GHBPI,0,-1.1960038562387,-0.98417243401731,-0.963382501068045,1,1,0,0,1,0,0,0,0,0,0,0,0,0,0,0,0,0,0,1,0,0,1,0,1,0,1
7603-USHJS,0,-0.829520582758432,0.298734850110937,-0.622714655103814,1,0,1,1,0,1,1,0,0,0,0,0,0,0,0,0,0,0,0,0,0,0,1,1,0,0,1
7234-FECYN,1,-0.992402037638553,1.21604679420264,-0.662845164010894,0,0,0,1,0,1,1,0,0,0,0,0,0,1,0,0,0,1,0,1,0,0,0,0,1,0,1
2511-ALLCS,0,0.107047782802266,-1.34478238305336,-0.644700346452247,0,1,1,1,0,1,0,1,1,0,1,0,1,0,1,0,1,0,1,0,0,1,0,0,0,0,0
3191-CSNMG,0,-1.1960038562387,0.529724633134028,-0.901707780558483,0,1,1,1,0,0,1,0,0,0,0,0,0,0,0,0,0,1,0,0,0,0,1,0,1,0,0
7952-OBOYL,0,-1.1960038562387,0.833833484164428,-0.899500381828721,1,0,0,1,0,0,1,0,0,0,0,0,0,1,0,1,0,1,0,0,0,0,1,0,0,1,0
7470-DYNOE,0,0.840014329762813,-0.121699790931092,0.475024733207028,1,0,0,1,0,0,0,0,0,0,0,0,0,1,0,0,0,0,0,1,1,0,1,0,1,0,0
7853-OETYL,0,-1.15528349251868,-1.18691166803758,-0.950204330651363,0,1,0,0,1,0,0,0,0,1,0,0,0,0,0,0,0,0,0,0,0,0,1,0,1,0,0
1545-ACTAS,0,0.636412511162661,1.16120749319715,1.18991288582788,0,1,1,1,0,0,1,0,0,1,0,0,0,1,0,0,0,1,0,1,1,0,1,0,0,0,0
5876-HZVZM,0,-1.07384276507861,-0.294526678948369,-0.846125480543066,0,1,1,1,0,0,0,0,0,1,0,1,0,0,0,0,0,0,0,0,0,0,0,1,0,0,1
1400-MMYXY,1,-1.1960038562387,1.36727032121775,-0.859678908743807,1,1,0,1,0,1,1,0,0,0,0,1,0,1,0,0,0,1,0,1,0,0,1,0,1,0,1
5126-RCXYW,0,0.880734693482843,-0.623562484981262,0.0627488724493045,1,1,1,0,1,0,0,0,0,0,0,0,0,1,0,1,0,0,0,1,0,1,0,1,0,0,0
3085-QUOZK,0,-1.27744458367877,-0.691696161988073,-0.988017070892193,0,0,0,1,0,0,0,0,0,0,0,0,0,0,0,0,0,0,0,0,0,0,0,0,0,1,1
2363-BJLSL,0,1.20649760324309,0.519753851133031,1.19165673082439,1,0,0,1,0,0,0,0,0,0,0,1,0,1,0,1,0,1,0,1,0,0,1,0,0,0,0
1956-YIFGE,0,-0.422316945558128,1.17284007219832,-0.0846170667496334,1,1,1,1,0,0,1,0,0,0,0,1,0,1,0,0,0,1,0,1,1,0,1,0,0,1,0
3926-CUQZX,0,-1.27744458367877,-0.653474830984252,-0.987509369184348,1,0,0,1,0,0,0,0,0,0,0,0,0,0,0,0,0,0,0,0,0,0,1,0,0,0,1
7921-LMDFQ,1,0.758573602322752,0.971762635178217,1.15836915797957,1,0,0,1,0,0,1,0,0,0,0,0,0,1,0,0,0,1,0,1,1,0,1,0,0,0,0
2925-MXLSX,0,-0.0965540357978854,0.139202338094989,-0.107375347653484,0,0,0,1,0,1,0,0,0,0,0,1,0,1,0,0,0,1,0,0,1,0,1,1,0,0,0
5820-PTRYM,1,0.962175420922904,0.122584368093328,0.76467959452645,0,1,0,1,0,1,0,0,0,1,0,1,0,1,0,1,0,0,0,0,1,0,1,1,0,0,0
9609-BENEA,0,0.107047782802266,0.140864135095155,0.0705409899653656,1,1,0,1,0,1,0,0,0,0,0,1,0,0,0,1,0,1,0,0,1,0,1,0,1,0,0
6211-WHMYA,1,1.28793833068315,-0.695019755988405,0.207090675388468,0,0,0,0,1,0,0,0,0,0,0,1,0,0,0,1,0,1,0,0,0,0,1,0,1,0,0
4459-BBGHE,0,-0.0965540357978854,-0.673416394986245,-0.430052893970151,1,0,1,0,1,0,0,0,0,0,0,0,0,0,0,0,0,1,0,1,0,0,1,0,1,0,0
9945-PSVIP,0,-0.300155854398037,-1.53090364707197,-0.838046401192136,0,1,1,1,0,0,0,1,1,0,1,0,1,0,1,0,1,0,1,0,0,1,1,0,0,1,0
1041-RXHRA,0,0.351369965122448,0.182409060099308,0.258765879652206,0,0,0,1,0,0,1,0,0,0,0,0,0,0,0,0,0,0,0,0,0,0,0,0,0,0,1
1750-CSKKM,0,-0.951681673918523,-0.312806445950197,-0.808864589984677,1,0,1,1,0,0,0,0,0,0,0,0,0,0,0,0,0,1,0,0,0,0,0,0,1,0,1
9108-EJFJP,0,-1.27744458367877,-0.372631137956177,-0.983778865331049,0,1,0,1,0,0,0,0,0,1,0,1,0,0,0,0,0,0,0,0,0,0,1,0,0,1,0
0530-IJVDB,0,1.53226051300333,1.65642299924666,2.47254399174362,1,0,1,1,0,1,1,0,0,1,0,1,0,1,0,1,0,1,0,1,0,1,1,0,1,0,0
0508-SQWPL,0,1.00289578464293,-1.48437333106731,-0.527222586054292,0,1,1,1,0,0,0,1,1,0,1,0,1,0,1,0,1,0,1,0,0,1,1,0,0,0,0
2215-ZAFGX,0,-0.951681673918523,0.689257145149976,-0.657900590856226,1,0,0,1,0,1,1,0,0,0,0,0,0,0,0,0,0,1,0,0,0,0,1,0,1,0,0
8213-TAZPM,0,1.4915401492833,1.46199275022722,2.30060970468242,0,1,1,1,0,1,1,0,0,0,0,1,0,1,0,1,0,1,0,1,1,0,1,0,0,0,0
7142-HVGBG,1,0.432810692562509,1.27088609520812,0.941403936831228,1,1,0,1,0,1,1,0,0,0,0,1,0,1,0,0,0,1,0,1,0,0,1,0,1,0,1
1304-SEGFY,0,1.61370124044339,1.09972100419101,2.0128752802579,0,1,0,1,0,1,1,0,0,0,0,0,0,1,0,0,0,1,0,1,0,1,1,0,1,0,0
7242-EDTYC,0,0.473531056282539,-1.50265309806914,-0.645428788033069,1,0,1,1,0,0,0,1,1,0,1,0,1,0,1,0,1,0,1,0,0,1,0,0,0,0,0
2904-GGUAZ,0,1.61370124044339,0.641065032145158,1.66452568671409,0,1,0,1,0,1,1,0,0,1,0,1,0,0,0,0,0,0,0,0,0,1,1,0,0,0,0
8267-ZNYVZ,0,0.0256070553622056,1.29581305021061,0.476415394406778,0,1,0,1,0,0,1,0,0,1,0,0,0,1,0,1,0,1,0,1,1,0,1,0,1,0,1
5136-GFPMB,0,0.880734693482843,0.818877311162933,1.1423655171888,1,0,0,1,0,1,1,0,0,0,0,0,0,1,0,0,0,0,0,1,0,0,0,1,0,0,0
2595-KIWPV,0,-0.218715126957977,-1.49766770706864,-0.782574471113207,1,0,1,1,0,0,0,1,1,0,1,0,1,0,1,0,1,0,1,0,0,1,0,1,0,0,0
5243-SAOTC,0,0.880734693482843,0.501474084131204,0.894585009772967,1,0,0,1,0,1,1,0,0,0,0,1,0,0,0,0,0,0,0,0,0,0,1,0,0,0,0
9398-MMQTO,0,-1.1960038562387,0.322000008113263,-0.909808933896711,1,0,0,1,0,0,1,0,0,0,0,1,0,0,0,0,0,0,0,0,0,0,0,1,0,0,0
7619-PLRLP,0,0.840014329762813,0.310367429112099,0.685191166267706,0,1,0,1,0,1,0,0,0,1,0,1,0,1,0,0,0,0,0,1,1,0,0,0,0,0,0
6457-GIRWB,0,-1.27744458367877,0.152496714096318,-0.976803485345,1,0,0,1,0,0,1,0,0,0,0,0,0,0,0,0,0,0,0,0,0,0,1,0,1,0,1
6508-NJYRO,0,-0.707359491598341,-1.52758005307163,-0.877205654658121,1,1,0,1,0,0,0,1,1,0,1,0,1,0,1,0,1,0,1,0,1,0,0,0,0,1,0
1450-SKCVI,0,0.962175420922904,0.302058444111269,0.799490272494803,0,0,0,1,0,0,1,0,0,0,0,1,0,0,0,0,0,0,0,0,0,0,1,0,1,0,1
4710-NKCAW,0,-1.11456312879864,-0.0120211889201282,-0.867515174234464,1,1,1,1,0,1,0,0,0,1,0,1,0,0,0,1,0,0,0,0,0,0,0,1,0,0,0
5306-BVTKJ,0,0.636412511162661,-0.297850272948702,0.16303099674241,1,1,1,1,0,0,0,0,0,0,0,1,0,1,0,0,0,0,0,0,1,0,1,1,0,0,0
0357-NVCRI,0,-0.300155854398037,-1.48603512806748,-0.79917410956102,0,0,1,1,0,0,0,1,1,0,1,0,1,0,1,0,1,0,1,0,0,0,0,1,0,0,0
5570-PTWEH,0,-1.1960038562387,0.345265166115588,-0.911729370791605,0,1,0,1,0,1,1,0,0,0,0,0,0,0,0,0,0,0,0,0,0,0,1,1,0,0,1
2371-KFUOG,0,1.04361614836296,1.14292772619533,1.51826344688004,1,0,0,1,0,0,1,0,0,1,0,1,0,0,0,0,0,1,0,1,1,0,0,0,0,0,0
0463-ZSDNT,0,-0.910961310198492,-0.266276129945545,-0.785245423576219,1,0,0,1,0,0,0,0,0,0,0,0,0,0,0,0,0,0,0,1,0,0,1,0,0,0,0
6502-MJQAE,0,-1.27744458367877,0.160805699097148,-0.976693115408512,1,0,0,1,0,0,1,0,0,0,0,0,0,0,0,0,0,0,0,0,0,0,1,0,1,0,1
6257-DTAYD,0,1.57298087672336,1.30910742621194,2.244210667137,1,1,0,1,0,1,1,0,0,0,0,1,0,0,0,1,0,1,0,1,0,1,1,1,0,0,0
4616-ULAOA,0,1.32865869440318,1.53012642723403,2.19149798547027,0,1,1,1,0,1,1,0,0,0,0,1,0,1,0,1,0,1,0,1,0,1,1,1,0,0,0
7693-LCKZL,0,-1.11456312879864,0.511444866132201,-0.8374504035351,1,1,1,1,0,1,1,0,0,0,0,1,0,0,0,0,0,0,0,0,0,0,1,0,1,0,1
7746-AWNQW,0,-0.177994763237946,-0.964230870015317,-0.58298147796809,0,0,0,0,1,0,0,0,0,0,0,0,0,1,0,1,0,0,0,0,0,0,1,0,0,1,0
5996-EBTKM,0,1.41009942184324,0.170776481098145,1.03040625361525,0,1,1,1,0,1,0,0,0,0,0,0,0,1,0,1,0,0,0,1,0,1,1,0,0,0,0
2758-RNWXS,0,0.107047782802266,0.812230123162269,0.427962992288494,1,0,0,1,0,0,1,0,0,1,0,0,0,0,0,1,0,0,0,1,1,0,1,0,1,0,0
2314-TNDJQ,0,1.61370124044339,-0.3028356639492,0.705543382556115,0,1,1,0,1,0,0,0,0,1,0,1,0,1,0,1,0,0,0,1,0,1,0,1,0,0,0
2405-LBMUW,0,1.16577723952306,-0.467353566965646,0.356200459583918,0,1,1,0,1,0,0,0,0,1,0,1,0,0,0,1,0,0,0,1,1,0,1,0,0,0,0
3454-JFUBC,1,1.45081978556327,-1.48769692506765,-0.391114380377143,1,0,0,1,0,0,0,1,1,0,1,0,1,0,1,0,1,0,1,0,0,1,1,1,0,0,0
0032-PGELS,0,-1.27744458367877,-1.13871955503276,-0.993954973475254,0,1,1,0,1,0,0,0,0,1,0,0,0,0,0,0,0,0,0,0,0,0,0,0,0,0,1
9039-ZVJDC,0,-1.1960038562387,-1.51760927107064,-0.983999605204026,1,0,0,1,0,0,0,1,1,0,1,0,1,0,1,0,1,0,1,0,0,0,1,0,0,1,0
6797-LNAQX,0,1.53226051300333,1.1146771771925,2.02091021163423,1,1,1,1,0,1,1,0,0,0,0,1,0,0,0,0,0,1,0,1,0,1,0,0,0,0,1
9013-AQORL,0,0.636412511162661,-0.638518657982757,-0.0766262833478936,0,0,1,0,1,0,0,0,0,0,0,1,0,1,0,0,0,0,0,1,0,0,0,1,0,0,0
2898-MRKPI,0,1.45081978556327,1.20607601220164,1.98161851424446,1,1,1,1,0,1,1,0,0,0,0,1,0,0,0,0,0,1,0,1,1,0,1,1,0,0,0
2750-BJLSB,0,0.595692147442631,1.29415125321044,1.081043980476,0,0,0,1,0,0,1,0,0,1,0,0,0,1,0,1,0,1,0,1,1,0,1,0,1,0,0
3648-GZPHF,0,-0.0151133083578247,-0.947612900013656,-0.499254844148203,1,1,1,0,1,0,0,0,0,0,0,0,0,1,0,1,0,0,0,0,1,0,1,0,0,1,0
2075-RMJIK,0,-1.11456312879864,-0.510560288969965,-0.904753990805556,0,1,1,1,0,0,0,0,0,1,0,0,0,0,0,0,0,0,0,0,0,0,1,0,0,1,0
9588-YRFHY,0,0.677132874882691,-1.49102051906798,-0.555962917515799,1,0,0,1,0,0,0,1,1,0,1,0,1,0,1,0,1,0,1,0,0,1,1,1,0,0,0
6394-MFYNG,0,0.636412511162661,1.41712423122274,1.25353011721963,0,0,0,1,0,1,1,0,0,0,0,1,0,1,0,0,0,1,0,1,0,0,1,0,0,0,1
1564-NTYXF,1,-0.788800219038401,0.572931355138347,-0.509784136089169,0,0,0,1,0,1,1,0,0,0,0,0,0,0,0,0,0,0,0,1,0,0,1,0,1,0,1
9364-YKUVW,0,-0.707359491598341,-1.49434411306831,-0.870826272329107,1,0,0,1,0,0,0,1,1,0,1,0,1,0,1,0,1,0,1,0,0,0,1,0,0,1,0
5392-AKEMH,0,-0.829520582758432,-0.655136627984418,-0.776482050619063,0,0,0,1,0,0,0,0,0,0,0,0,0,0,0,0,0,0,0,0,0,0,1,0,1,0,0
2451-YMUXS,1,1.41009942184324,-0.00703579791963009,0.868912962545831,1,0,0,1,0,1,0,0,0,1,0,1,0,0,0,1,0,0,0,0,0,1,1,0,0,0,0
3914-FDRHP,0,-0.951681673918523,0.714184100152467,-0.667259961470419,1,0,0,1,0,0,1,0,0,0,0,0,0,0,0,1,0,1,0,0,0,0,0,0,1,0,0
3078-ZKNTS,0,-0.788800219038401,-1.49600591006848,-0.898507052400328,0,1,1,1,0,0,0,1,1,0,1,0,1,0,1,0,1,0,1,0,0,1,1,0,0,0,0
1024-KPRBB,0,0.229208873962357,0.808906529161936,0.468005205246384,0,0,0,1,0,0,1,0,0,0,0,0,0,0,0,0,0,1,0,1,1,0,1,0,0,1,0
4690-PKDQG,1,0.392090328842479,1.02327834218337,0.727860183714013,0,1,0,1,0,1,1,0,0,0,0,1,0,1,0,0,0,1,0,0,0,0,1,0,1,0,0
8155-IBNHG,0,-0.340876218118068,0.353574151116419,-0.235779731763763,0,1,0,1,0,1,1,0,0,0,0,0,0,0,0,0,0,0,0,0,0,0,1,1,0,0,1
0886-QGENL,1,-0.218715126957977,1.2127232002023,0.208613780512004,0,1,0,1,0,0,1,0,0,1,0,0,0,1,0,0,0,1,0,1,0,0,1,0,1,0,1
9547-ITEFG,0,-0.951681673918523,1.25759171920679,-0.611081663797966,1,1,1,1,0,1,1,0,0,0,0,1,0,1,0,0,0,1,0,1,0,0,1,1,0,0,0
1264-FUHCX,0,0.677132874882691,-0.28123230294704,0.220158475868661,0,1,0,0,1,0,0,0,0,0,0,1,0,0,0,1,0,1,0,1,1,0,1,1,0,0,0
7789-CRUVC,1,1.16577723952306,0.978409823178881,1.59530166254874,0,1,0,1,0,1,1,0,0,1,0,1,0,1,0,1,0,0,0,0,0,0,1,1,0,0,0
6598-KELSS,0,0.717853238602722,-0.721608507991063,-0.0326107526764312,1,0,1,0,1,0,0,0,0,1,0,1,0,0,0,0,0,1,0,0,1,0,1,0,0,0,0
8739-WWKDU,1,-0.300155854398037,0.822200905163265,-0.0378643616532657,1,0,0,1,0,1,1,0,0,0,0,1,0,0,0,0,0,1,0,0,0,0,1,0,1,0,1
8685-WHQPW,1,-0.422316945558128,0.320338211113097,-0.260171487727637,0,0,0,1,0,1,1,0,0,0,0,0,0,0,0,0,0,0,0,0,0,0,1,0,0,0,1
4745-LSPLO,0,-1.27744458367877,-1.47107895506598,-0.998369770934779,1,0,0,1,0,0,0,1,1,0,1,0,1,0,1,0,1,0,1,0,0,0,0,0,0,1,1
8083-YTZES,0,-1.15528349251868,0.31867641411293,-0.890273455138314,1,0,0,1,0,1,1,0,0,0,0,0,0,0,0,0,0,0,0,0,0,0,1,0,1,0,1
7240-FQLHE,1,-0.58519840043825,1.16286929019732,-0.196752922221563,0,1,0,1,0,1,1,0,0,0,0,0,0,0,0,1,0,1,0,1,0,0,0,0,0,0,1
6664-FPDAC,1,0.962175420922904,1.56834775823786,1.82639423556757,0,0,0,1,0,1,1,0,0,0,0,1,0,1,0,1,0,1,0,1,1,0,1,0,1,0,1
9972-VAFJJ,1,0.840014329762813,0.971762635178217,1.1432264026934,0,1,0,1,0,0,1,0,0,0,0,1,0,1,0,1,0,1,0,0,1,0,1,0,1,0,0
0422-UXFAP,0,0.758573602322752,1.13295694419433,1.17682301136039,0,1,0,1,0,1,1,0,0,0,0,0,0,1,0,0,0,1,0,1,1,0,1,0,1,0,0
1904-WAJAA,0,-0.340876218118068,-0.0136829859202947,-0.319307699697972,0,1,1,1,0,1,0,0,0,1,0,1,0,1,0,0,0,0,0,0,0,1,0,0,1,0,0
5130-YPIRV,0,1.20649760324309,0.240571955105122,0.88396742188281,0,1,0,1,0,0,0,0,0,1,0,1,0,1,0,0,0,1,0,0,0,1,1,1,0,0,0
2843-CQMEG,0,-0.340876218118068,-0.500589506968969,-0.469587405220196,1,0,0,1,0,0,0,0,0,0,0,1,0,0,0,0,0,0,0,0,0,0,1,0,0,1,0
6439-PKTRR,0,1.53226051300333,0.529724633134028,1.47279103304693,0,1,1,1,0,1,0,0,0,1,0,1,0,1,0,1,0,1,0,0,0,1,0,0,1,0,0
5351-QESIO,0,-1.27744458367877,-1.34810597705369,-0.996736295874755,1,0,1,0,1,0,0,0,0,0,0,0,0,0,0,0,0,0,0,0,0,0,0,0,0,1,0
0786-VSSUD,1,-0.66663912787831,-0.856214065004519,-0.707280100441011,1,0,0,0,1,0,0,0,0,0,0,1,0,0,0,0,0,1,0,0,0,0,1,0,0,1,1
5568-DMXZS,0,-0.992402037638553,0.0228765480833603,-0.762641660583452,0,0,0,1,0,0,0,0,0,0,0,1,0,0,0,1,0,1,0,0,0,0,1,0,1,0,0
8468-FZTOE,0,1.61370124044339,0.31867641411293,1.30478591572471,0,1,1,1,0,0,0,0,0,1,0,1,0,1,0,1,0,0,0,1,0,1,1,0,1,0,0
6633-SYEUS,0,-0.381596581838098,0.612814483142334,-0.11020081802758,0,0,0,1,0,0,1,0,0,0,0,1,0,1,0,1,0,0,0,0,0,0,0,0,0,0,0
6447-GORXK,0,-0.0558336720778551,-1.32151722505103,-0.659004290221108,1,0,1,0,1,0,0,0,0,0,0,0,0,0,0,0,0,0,0,0,0,0,0,1,0,0,0
6967-PEJLL,0,0.188488510242327,-0.816330937000532,-0.334008975238189,1,1,1,0,1,0,0,0,0,1,0,0,0,1,0,1,0,0,0,0,1,0,1,0,1,0,0
3976-BWUCK,0,-0.0965540357978854,0.975086229178549,0.230687767809628,0,1,0,1,0,1,1,0,0,0,0,1,0,0,0,1,0,1,0,0,0,0,1,1,0,0,1
5981-ZVXOT,1,0.107047782802266,1.44869837422589,0.637599649654029,0,0,0,1,0,1,1,0,0,1,0,1,0,1,0,0,0,1,0,1,1,0,1,0,1,0,0
1684-FLBGS,0,-0.381596581838098,0.157482105096816,-0.278051417438712,0,1,1,1,0,1,0,0,0,0,0,1,0,0,0,1,0,1,0,0,0,0,1,1,0,0,0
1389-WNUIB,0,-0.503757672998189,0.373515715118412,-0.306019159344802,0,1,1,1,0,1,0,0,0,1,0,0,0,0,0,0,0,1,0,1,1,0,0,0,0,0,0
0376-OIWME,0,0.147768146522297,0.958468259176887,0.478622793136541,1,1,0,1,0,0,1,0,0,1,0,0,0,0,0,0,0,1,0,1,0,0,1,0,1,0,0
3585-ISXZP,0,-0.992402037638553,1.0266019361837,-0.66390471540118,0,0,0,1,0,1,1,0,0,0,0,0,0,0,0,0,0,1,0,1,0,0,0,0,0,0,1
0218-QNVAS,0,1.57298087672336,1.18945804219998,2.13315643704265,1,1,1,1,0,1,1,0,0,0,0,1,0,0,0,0,0,1,0,1,1,0,0,0,0,0,0
6583-QGCSI,1,0.717853238602722,0.774008792158448,0.920676462758759,0,1,0,1,0,1,1,0,0,0,0,1,0,0,0,0,0,1,0,0,0,0,1,0,1,0,1
0804-YGEQV,0,0.432810692562509,-1.33979699205286,-0.568964496034099,0,1,1,1,0,1,0,1,1,0,1,0,1,0,1,0,1,0,1,0,1,0,1,0,0,0,0
7164-BPTUT,0,1.00289578464293,0.823862702163431,1.20543089889811,1,0,1,1,0,1,0,0,0,1,0,1,0,1,0,1,0,1,0,1,0,1,0,0,0,1,0
4174-LPGTI,0,0.351369965122448,0.0577742850868488,0.197201529079132,0,1,1,1,0,0,0,0,0,0,0,1,0,0,0,1,0,0,0,1,1,0,1,0,0,0,1
2523-EWWZL,0,-0.218715126957977,0.376839309118744,-0.083226405549883,0,1,0,1,0,0,1,0,0,0,0,1,0,0,0,0,0,0,0,0,0,0,1,0,1,0,0
0928-XUTSN,0,-0.788800219038401,0.523077445133363,-0.560730898772085,0,0,0,1,0,0,1,0,0,0,0,0,0,0,0,0,0,0,0,1,0,0,1,0,1,0,0
2108-XWMPY,0,-1.1960038562387,-0.974201652016314,-0.960247994871782,1,0,0,0,1,0,0,0,0,1,0,1,0,0,0,0,0,0,0,0,0,0,1,0,0,1,1
0052-YNYOT,0,1.41009942184324,-1.46941715806582,-0.414336215014243,0,0,0,1,0,0,0,1,1,0,1,0,1,0,1,0,1,0,1,0,1,0,0,0,1,0,0
6304-IJFSQ,0,-1.1960038562387,-0.493942318968304,-0.949983590778387,1,0,0,1,0,0,0,0,0,0,0,1,0,0,0,0,0,0,0,0,0,0,1,0,0,1,1
9586-JGQKH,0,1.28793833068315,1.35065235121609,1.99232439808381,0,1,0,1,0,1,1,0,0,0,0,1,0,0,0,1,0,1,0,1,0,1,1,0,0,0,0
4501-VCPFK,0,-0.259435490678007,-0.964230870015317,-0.556007065490394,1,0,0,0,1,0,0,0,0,0,0,0,0,1,0,1,0,0,0,0,0,0,0,0,1,0,0
6075-SLNIL,0,0.229208873962357,1.00832216918187,0.622169932532989,1,0,0,1,0,1,1,0,0,0,0,1,0,1,0,0,0,0,0,1,0,0,1,1,0,0,0
9347-AERRL,0,-0.381596581838098,-1.51096208306997,-0.792772653244709,1,1,0,1,0,0,0,1,1,0,1,0,1,0,1,0,1,0,1,0,1,0,0,1,0,0,0
0093-XWZFY,0,0.310649601402418,1.3207400052131,0.774767406721464,1,0,0,1,0,1,1,0,0,0,0,1,0,1,0,0,0,1,0,1,0,0,1,1,0,0,1
2274-XUATA,1,1.61370124044339,-0.0552279109244475,1.06115531792084,1,1,0,0,1,0,0,0,0,1,0,1,0,1,0,1,0,1,0,1,0,1,1,0,0,0,0
1980-KXVPM,1,-1.1960038562387,0.341941572115256,-0.894290920826482,0,0,0,1,0,1,1,0,0,0,0,0,0,0,0,0,0,0,0,0,0,0,1,1,0,0,1
7703-ZEKEF,0,-0.381596581838098,0.539695415135025,-0.161059284761305,1,0,0,1,0,1,1,0,0,0,0,0,0,1,0,0,0,0,0,0,0,0,1,0,1,0,1
0723-DRCLG,1,-1.27744458367877,0.322000008113263,-0.974551938640643,0,1,0,1,0,1,1,0,0,0,0,0,0,0,0,0,0,0,0,0,0,0,1,0,1,0,1
5482-NUPNA,0,-1.15528349251868,-0.144964948933418,-0.887271392865837,0,0,0,1,0,0,0,0,0,1,0,1,0,0,0,1,0,0,0,0,0,0,1,0,0,1,1
6691-CCIHA,0,1.20649760324309,0.670977378148148,1.26644339978874,0,1,0,1,0,1,0,0,0,1,0,1,0,0,0,1,0,1,0,1,0,1,1,0,1,0,0
1685-BQULA,0,0.310649601402418,0.951821071176223,0.650954411969091,0,0,0,1,0,1,1,0,0,0,0,1,0,1,0,0,0,1,0,0,0,0,1,0,0,0,0
9053-EJUNL,0,0.351369965122448,0.812230123162269,0.602104678079449,1,0,0,1,0,1,1,0,0,0,0,1,0,0,0,0,0,1,0,0,0,0,1,0,1,0,0
0666-UXTJO,1,0.066327419082236,0.679286363148979,0.261591350026301,1,1,0,1,0,0,1,0,0,0,0,0,0,1,0,0,0,1,0,0,0,0,1,1,0,0,0
1471-GIQKQ,0,-1.27744458367877,-0.492280521968138,-0.985368192416478,0,0,0,1,0,0,0,0,0,0,0,1,0,0,0,0,0,0,0,0,0,0,0,0,1,0,0
4807-IZYOZ,0,0.758573602322752,-1.46609356406549,-0.556779655045811,0,0,0,1,0,0,0,1,1,0,1,0,1,0,1,0,1,0,1,0,0,1,0,0,0,0,0
1122-JWTJW,0,-1.27744458367877,0.195703436100637,-0.976229561675262,1,1,1,1,0,0,1,0,0,0,0,0,0,0,0,0,0,0,0,0,0,0,1,0,0,1,1
9710-NJERN,0,0.269929237682388,-1.48271153406715,-0.642757835570056,0,0,0,1,0,0,0,1,1,0,1,0,1,0,1,0,1,0,1,0,0,1,0,0,0,1,0
9837-FWLCH,0,-0.829520582758432,-1.5142856770703,-0.901906446444162,1,1,1,1,0,0,0,1,1,0,1,0,1,0,1,0,1,0,1,0,0,0,1,0,1,0,0
1699-HPSBG,0,-0.829520582758432,-0.164906512935412,-0.68611114662259,1,0,0,1,0,0,0,0,0,0,0,0,0,0,0,1,0,1,0,0,1,0,1,0,1,0,1
7203-OYKCT,0,1.61370124044339,1.3356961782146,2.32323554166249,1,0,0,1,0,1,1,0,0,0,0,1,0,1,0,0,0,1,0,1,1,0,1,0,1,0,0
1035-IPQPU,1,1.24721796696312,1.28750406520978,1.85310376019769,0,1,0,1,0,1,1,0,0,0,0,1,0,1,0,0,0,1,0,1,0,0,1,0,1,0,0
7398-LXGYX,0,0.473531056282539,0.66599198714765,0.593539971007971,1,1,0,1,0,1,1,0,0,1,0,0,0,1,0,0,0,0,0,0,0,0,1,1,0,0,0
2823-LKABH,0,-0.58519840043825,1.0066603721817,-0.26599902037421,0,0,0,1,0,1,1,0,0,0,0,0,0,1,0,1,0,0,0,1,0,0,1,0,0,0,0
8775-CEBBJ,0,-0.951681673918523,-0.683387176987242,-0.829349250196872,0,0,0,1,0,0,0,0,0,0,0,0,0,0,0,0,0,0,0,0,0,0,1,0,0,0,1
0550-DCXLH,0,-0.788800219038401,0.285440474109607,-0.596159648384772,1,0,0,1,0,0,0,0,0,0,0,1,0,0,0,1,0,1,0,1,0,0,0,0,0,1,0
9281-CEDRU,0,1.45081978556327,-0.0219919709211253,0.902531645200112,0,1,0,1,0,0,0,0,0,0,0,1,0,0,0,1,0,1,0,0,0,1,0,0,0,0,0
2235-DWLJU,1,-1.07384276507861,-0.676739988986578,-0.891288858554005,0,0,0,0,1,0,0,0,0,0,0,0,0,0,0,0,0,1,0,1,0,0,1,0,1,0,0
0871-OPBXW,0,-1.23672421995873,-1.48603512806748,-0.99009202569817,0,0,0,1,0,0,0,1,1,0,1,0,1,0,1,0,1,0,1,0,0,0,1,0,0,1,0
3605-JISKB,1,0.921455057202873,-0.158259324934747,0.456570879826214,1,1,0,1,0,1,0,0,0,1,0,1,0,0,0,0,0,0,0,0,1,0,0,1,0,0,0
6894-LFHLY,1,-1.27744458367877,0.365206730117582,-0.973978014970904,1,0,0,1,0,1,1,0,0,0,0,0,0,0,0,0,0,0,0,0,0,0,1,0,1,0,1
9767-FFLEM,0,0.229208873962357,0.157482105096816,0.151574597334943,1,0,0,1,0,0,1,0,0,0,0,0,0,0,0,0,0,0,0,0,0,0,1,1,0,0,0
0639-TSIQW,0,1.41009942184324,1.26922429820795,2.03271979483846,0,0,0,1,0,1,1,0,0,1,0,1,0,1,0,0,0,1,0,0,0,0,1,1,0,0,1
8456-QDAVC,0,-0.544478036718219,0.463252753127383,-0.347363737553252,1,0,0,1,0,0,1,0,0,0,0,0,0,0,0,0,0,1,0,0,0,0,1,0,0,0,0
7750-EYXWZ,0,-0.829520582758432,-0.136655963932588,-0.679268210560326,0,0,0,0,1,0,0,0,0,0,0,1,0,1,0,1,0,1,0,1,1,0,0,0,1,0,0
2569-WGERO,0,1.61370124044339,-1.44947559406383,-0.380783754321855,0,0,0,1,0,0,0,1,1,0,1,0,1,0,1,0,1,0,1,0,0,1,1,0,0,0,0
6840-RESVB,0,-0.340876218118068,0.66599198714765,-0.128654671408393,1,1,1,1,0,1,0,0,0,1,0,0,0,1,0,1,0,1,0,1,1,0,1,0,0,1,0
2234-XADUH,0,1.61370124044339,1.27753328320878,2.24315111574671,0,1,1,1,0,1,1,0,0,0,0,1,0,1,0,0,0,1,0,1,1,0,1,1,0,0,0
4801-JZAZL,0,-0.870240946478462,-1.16863190103575,-0.854469447741568,0,1,1,0,1,0,0,0,0,1,0,0,0,0,0,0,0,0,0,0,0,0,1,0,1,0,0
8361-LTMKD,1,-1.15528349251868,0.320338211113097,-0.872062415617774,1,1,0,1,0,1,1,0,0,0,0,0,0,0,0,0,0,0,0,0,0,0,1,0,0,1,1
3186-AJIEK,0,1.36937905812321,1.35896133621692,2.01428801544494,1,0,0,1,0,0,1,0,0,1,0,0,0,1,0,1,0,1,0,1,0,1,1,0,0,0,0
