customerID,SeniorCitizen,tenure,MonthlyCharges,TotalCharges,gender_Male,Partner_Yes,Dependents_Yes,PhoneService_Yes,MultipleLines_No phone service,MultipleLines_Yes,InternetService_Fiber optic,InternetService_No,OnlineSecurity_No internet service,OnlineSecurity_Yes,OnlineBackup_No internet service,OnlineBackup_Yes,DeviceProtection_No internet service,DeviceProtection_Yes,TechSupport_No internet service,TechSupport_Yes,StreamingTV_No internet service,StreamingTV_Yes,StreamingMovies_No internet service,StreamingMovies_Yes,Contract_One year,Contract_Two year,PaperlessBilling_Yes,PaymentMethod_Credit card (automatic),PaymentMethod_Electronic check,PaymentMethod_Mailed check,Churn
4950-BDEUX,0,0.1023712383613841,-0.5219756496159262,-0.2632890631964203,1,0,0,0,1,0,0,0,0,0,0,0,0,1,0,0,0,1,0,1,0,0,0,0,1,0,0
7993-NQLJE,0,-0.7117434584104956,0.3374778078243394,-0.5048144831572396,1,1,1,1,0,0,1,0,0,1,0,0,0,0,0,0,0,0,0,0,0,0,0,0,0,1,0
7321-ZNSLA,0,-0.7931549280876836,-0.8090131942822701,-0.7512134391325384,1,1,1,0,1,0,0,0,0,1,0,1,0,0,0,1,0,0,0,0,0,1,0,0,0,1,0
4922-CVPDX,0,-0.2639803751859618,0.2843841579438598,-0.1736994214167345,0,1,0,1,0,0,0,0,0,0,0,1,0,1,0,0,0,1,0,1,0,1,1,1,0,0,0
2903-YYTBW,0,-1.2816237461508113,-0.6762790695810708,-0.99085091270937,1,1,1,1,0,0,0,0,0,0,0,0,0,0,0,0,0,0,0,0,0,0,0,0,1,0,0
8414-OOEEL,0,1.3642490183577978,0.48348534499565887,1.2709747139024437,1,0,1,1,0,0,0,0,0,0,0,1,0,1,0,1,0,1,0,1,0,1,1,1,0,0,0
8562-GHPPI,0,-1.2816237461508113,-1.497571466169742,-1.0017175808497631,0,0,0,1,0,0,0,1,1,0,1,0,1,0,1,0,1,0,1,0,0,0,0,1,0,0,0
8017-UVSZU,0,0.30589991255435406,-0.27641751891870747,0.03415030374133098,0,1,0,1,0,1,0,0,0,0,0,1,0,0,0,0,0,0,0,0,0,0,0,1,0,0,0
1972-XMUWV,0,1.3235432835192036,-0.17023021915774814,0.6616070891730831,0,1,0,1,0,0,0,0,0,0,0,0,0,0,0,1,0,1,0,0,0,1,1,1,0,0,0
2054-PJOCK,0,1.1200146093262338,0.5183280527297236,1.1177217638255048,0,0,0,1,0,1,0,0,0,0,0,0,0,1,0,1,0,1,0,1,1,0,0,1,0,0,0
8250-ZNGGW,1,-1.1188008067964355,-0.1669118660402181,-0.8840282719595658,0,0,0,1,0,0,0,0,0,1,0,1,0,0,0,1,0,0,0,0,0,0,0,1,0,0,0
2075-RMJIK,0,-1.1188008067964355,-0.5153389433808665,-0.9083081405722422,0,1,1,1,0,0,0,0,0,1,0,0,0,0,0,0,0,0,0,0,0,0,1,0,0,1,0
6629-LADHQ,0,-1.2409180113122174,-0.46390447005915153,-0.9563849147691331,0,0,0,1,0,0,0,0,0,1,0,0,0,0,0,0,0,0,0,0,0,0,0,0,0,1,0
1810-MVMAI,0,-0.10115743583158582,0.08860132400959055,-0.1322085066988697,1,1,1,1,0,1,0,0,0,1,0,1,0,1,0,1,0,0,0,0,0,0,0,0,1,0,0
0396-YCHWO,0,0.14307697319997809,1.0111034906829266,0.5149619514401006,1,1,0,1,0,1,1,0,0,0,0,0,0,0,0,0,0,1,0,1,0,0,1,0,1,0,0
1303-SRDOK,0,0.9164859351332638,0.1367174442137754,0.676710660244983,0,1,1,1,0,0,1,0,0,0,0,0,0,0,0,0,0,0,0,0,0,1,1,1,0,0,0
2455-USLMV,0,-0.06045170099299184,0.6576988836659831,0.13702142880371965,0,0,0,1,0,1,1,0,0,1,0,0,0,1,0,0,0,0,0,0,0,0,1,1,0,0,0
5697-GOMBF,1,-0.1825689055087738,-0.9633166142474143,-0.5829227765784898,0,1,1,0,1,0,0,0,0,0,0,0,0,0,0,0,0,1,0,0,0,0,1,0,1,0,0
7469-LKBCI,0,-0.6710377235719016,-1.5257774676687466,-0.8669269901790279,1,0,0,1,0,0,0,1,1,0,1,0,1,0,1,0,1,0,1,0,0,1,0,1,0,0,0
7787-BNTZM,0,-1.0780950719578415,-1.4859572302583868,-0.9531139378945502,1,0,0,1,0,0,0,1,1,0,1,0,1,0,1,0,1,0,1,0,0,0,0,0,0,0,0
6726-WEXXK,1,-0.22327464034736777,0.695859944517578,-0.03565980673634629,1,1,0,1,0,1,1,0,0,1,0,0,0,1,0,0,0,0,0,0,1,0,1,0,1,0,0
5995-LFTLE,0,1.0386031396490458,-1.3150620447055927,-0.36308678716859677,1,0,0,1,0,1,0,1,1,0,1,0,1,0,1,0,1,0,1,0,0,1,1,1,0,0,0
2984-TBYKU,0,1.6084834273893616,1.326347036848275,2.384665504670697,1,1,1,1,0,1,1,0,0,1,0,1,0,1,0,1,0,0,0,1,0,1,1,1,0,0,0
7746-AWNQW,0,-0.1825689055087738,-0.9682941439237093,-0.5883012284863612,0,0,0,0,1,0,0,0,0,0,0,0,0,1,0,1,0,0,0,0,0,0,1,0,0,1,0
4851-BQDNX,0,0.30589991255435406,0.667653943018573,0.462911708690864,1,1,1,1,0,0,1,0,0,0,0,0,0,1,0,0,0,1,0,0,1,0,1,0,1,0,0
4745-LSPLO,0,-1.2816237461508113,-1.4743429943470319,-1.001410240740742,1,0,0,1,0,0,0,1,1,0,1,0,1,0,1,0,1,0,1,0,0,0,0,0,0,1,1
6941-PMGEP,0,-1.1188008067964355,0.5000771105833088,-0.8292997796888584,0,0,0,1,0,0,1,0,0,0,0,0,0,0,0,0,0,0,0,1,0,0,1,0,1,0,1
9728-FTTVZ,0,-1.2816237461508113,0.14169497389007057,-0.9800281502988372,0,0,0,1,0,0,1,0,0,0,0,0,0,0,0,0,0,0,0,0,0,0,1,0,1,0,1
7145-FEJWU,0,-0.8338606629262776,1.3396204493183947,-0.4503274724007632,0,0,1,1,0,1,1,0,0,0,0,1,0,1,0,0,0,1,0,1,0,0,1,0,1,0,0
0306-JAELE,0,-1.1188008067964355,1.034331962505636,-0.811342336176047,1,0,0,1,0,0,1,0,0,0,0,0,0,0,0,1,0,1,0,1,0,0,1,0,1,0,1
9435-JMLSX,0,1.5677776925507676,0.7024966507526377,1.644085606254205,1,1,0,1,0,0,0,0,0,1,0,1,0,1,0,1,0,1,0,1,0,1,1,0,0,0,0
5835-BEQEU,0,-1.2002122764736234,0.39886734049864436,-0.9101302283614394,1,0,0,1,0,1,1,0,0,0,0,0,0,0,0,0,0,0,0,0,0,0,1,0,1,0,1
1577-HKTFG,0,-0.10115743583158582,-1.5025489958460367,-0.7224551860741241,0,1,0,1,0,0,0,1,1,0,1,0,1,0,1,0,1,0,1,0,0,0,0,0,0,0,1
9621-OUPYD,0,-0.30468611002455576,-1.4842980536996218,-0.787413713402252,0,1,0,1,0,0,0,1,1,0,1,0,1,0,1,0,1,0,1,0,1,0,1,0,0,0,0
2207-RYYRL,0,0.7943687306174818,-1.3399496930870676,-0.42600369805822663,1,1,1,1,0,1,0,1,1,0,1,0,1,0,1,0,1,0,1,0,0,1,0,0,0,1,0
0691-IFBQW,1,0.5501343215859179,1.495583045842304,1.1299056038617032,0,0,0,1,0,1,1,0,0,1,0,1,0,1,0,0,0,1,0,1,1,0,1,0,1,0,1
8270-RKSAP,0,-0.9559778674420595,0.18483356441796028,-0.7478985565280951,1,0,0,1,0,0,1,0,0,0,0,0,0,0,0,0,0,0,0,0,0,0,1,0,1,0,0
0168-XZKBB,0,-0.5489205190561197,0.7273842991341125,-0.32354967742950963,0,1,0,1,0,1,1,0,0,0,0,0,0,0,0,0,0,1,0,0,0,0,1,0,1,0,0
6789-HJBWG,0,-0.8338606629262776,-0.5153389433808665,-0.7418615186723211,0,0,0,1,0,0,0,0,0,0,0,1,0,0,0,0,0,0,0,0,0,0,1,0,1,0,0
7856-GANIL,1,0.5094285867473239,1.1206091435614158,0.9766746066496946,1,1,0,1,0,1,1,0,0,0,0,1,0,1,0,1,0,1,0,0,1,0,1,0,0,0,0
8123-QBNAZ,0,0.14307697319997809,1.313073624378155,0.6074932771204181,0,1,1,1,0,1,1,0,0,1,0,0,0,1,0,0,0,1,0,1,0,0,1,1,0,0,0
6075-SLNIL,0,0.22448844287716607,1.0011484313303363,0.610237385236679,1,0,0,1,0,1,1,0,0,0,0,1,0,1,0,0,0,0,0,1,0,0,1,1,0,0,0
3373-YZZYM,0,-1.2816237461508113,-1.5174815848749215,-1.0019810152289244,1,1,1,1,0,0,0,1,1,0,1,0,1,0,1,0,1,0,1,0,0,0,0,0,0,1,0
1455-UGQVH,0,-0.9152721326034655,1.113972437326356,-0.5547792037381181,1,1,0,1,0,1,1,0,0,0,0,0,0,1,0,0,0,1,0,1,0,0,1,0,1,0,1
3640-JQGJG,0,-0.7931549280876836,-0.6679831867872458,-0.7648900739839826,1,1,1,1,0,0,0,0,0,0,0,0,0,0,0,0,0,0,0,0,0,0,0,0,0,0,0
3230-WYKIR,0,-0.5896262538947137,0.5664441729339085,-0.384556689070222,1,0,0,1,0,1,0,0,0,0,0,0,0,1,0,1,0,1,0,1,1,0,1,1,0,0,1
2580-ASVVY,0,0.18378270803857208,-0.6480730680820658,-0.3109487329596397,0,1,0,0,1,0,0,0,0,1,0,0,0,0,0,1,0,1,0,0,0,1,0,0,1,0,0
2739-CCZMB,0,-1.1188008067964355,-1.4793205240233267,-0.956845924932665,1,0,1,1,0,0,0,1,1,0,1,0,1,0,1,0,1,0,1,0,0,0,0,1,0,0,0
4503-BDXBD,0,-0.8745663977648716,0.33250027814804467,-0.6523596883523557,1,0,0,1,0,0,1,0,0,0,0,1,0,0,0,0,0,0,0,0,0,0,0,0,1,0,1
9974-JFBHQ,0,1.2828375486806096,1.135541732590301,1.6990994857690038,1,0,1,1,0,0,1,0,0,0,0,1,0,0,0,1,0,1,0,1,0,0,1,1,0,0,0
4727-MCYZG,0,-1.2816237461508113,-0.3112602266527725,-0.9860212824247508,1,0,0,1,0,0,0,0,0,0,0,0,0,0,0,0,0,0,0,1,0,0,0,0,0,1,0
3990-QYKBE,1,0.18378270803857208,0.9148712502745568,0.5146107056012194,1,1,0,1,0,1,1,0,0,0,0,0,0,0,0,0,0,1,0,1,0,0,1,0,1,0,1
6891-JPYFF,0,0.631545791263106,1.3379612727596297,1.1837779344001371,0,1,1,1,0,1,1,0,0,1,0,1,0,0,0,0,0,1,0,1,0,0,1,1,0,0,0
1626-ERCMM,1,-0.5082147842175256,0.9828974891839214,-0.17635571807327502,1,1,0,1,0,1,1,0,0,0,0,0,0,0,0,0,0,1,0,1,0,0,1,0,1,0,1
8663-UPDGF,0,-0.2639803751859618,0.15165003324266044,-0.22008582501400878,0,0,0,1,0,1,0,0,0,1,0,1,0,0,0,0,0,1,0,0,0,0,1,0,0,0,0
0839-QNXME,0,-0.10115743583158582,-1.5108448786398618,-0.756416268120969,0,0,0,1,0,0,0,1,1,0,1,0,1,0,1,0,1,0,1,0,0,1,0,1,0,0,0
8990-YOZLV,0,1.4863662228735797,0.06537285218688103,0.9995494919068453,0,0,0,1,0,1,0,0,0,1,0,1,0,0,0,1,0,0,0,0,0,1,1,0,0,1,0
1187-WILMM,0,1.2421318138420157,0.8120023036311275,1.4472781721559735,1,1,1,1,0,1,0,0,0,1,0,1,0,1,0,1,0,1,0,1,0,1,1,1,0,0,0
4903-UYAVB,0,-1.1188008067964355,-1.5125040551986266,-0.9550677428733279,1,1,0,1,0,0,0,1,1,0,1,0,1,0,1,0,1,0,1,0,0,0,0,0,0,1,1
4884-LEVMQ,0,0.26519417771576004,-1.4760021709057967,-0.6635556494667001,1,1,0,1,0,0,0,1,1,0,1,0,1,0,1,0,1,0,1,0,0,1,1,0,0,0,0
0702-PGIBZ,0,-1.1595065416350294,1.2201597370873154,-0.850352577156812,1,0,1,1,0,1,1,0,0,0,0,1,0,0,0,0,0,1,0,1,0,0,1,0,1,0,1
3716-LRGXK,0,1.1200146093262338,1.2019087949409006,1.6535253381741426,1,1,0,1,0,1,1,0,0,0,0,0,0,1,0,0,0,1,0,1,0,1,0,1,0,0,0
5449-FIBXJ,0,-0.5489205190561197,1.273253386967795,-0.1267202904663479,1,1,1,1,0,1,1,0,0,0,0,0,0,1,0,1,0,1,0,1,0,0,0,0,1,0,1
6688-UZPWD,0,-0.8745663977648716,1.2301147964399053,-0.5075366384085704,0,1,0,1,0,1,1,0,0,0,0,1,0,0,0,0,0,1,0,1,0,0,1,0,1,0,1
1254-IZEYF,1,-0.06045170099299184,1.1620885575305409,0.3887110252271693,0,0,0,1,0,1,1,0,0,0,0,1,0,0,0,0,0,1,0,1,0,0,1,0,1,0,1
0215-BQKGS,0,-0.10115743583158582,0.642766294637098,0.06027421300813474,1,0,0,1,0,0,1,0,0,1,0,1,0,1,0,0,0,0,0,0,0,0,1,1,0,0,0
3785-KTYSH,0,0.8350744654560759,-1.3382905165283026,-0.4488566304504474,1,0,0,1,0,1,0,1,1,0,1,0,1,0,1,0,1,0,1,0,0,1,0,0,0,1,0
8481-YYXWG,0,-1.1188008067964355,0.8103431270723621,-0.8076981605976526,0,0,0,1,0,0,1,0,0,0,0,1,0,0,0,1,0,0,0,1,0,0,1,0,1,0,1
0549-CYCQN,1,0.7536629957788878,0.4868036981131887,0.7347101293902735,1,0,0,1,0,1,1,0,0,0,0,1,0,0,0,0,0,0,0,0,1,0,1,0,0,0,0
2194-IIQOF,0,1.5677776925507676,0.8086839505135972,1.794572495349953,0,1,0,1,0,1,0,0,0,1,0,1,0,1,0,1,0,1,0,1,0,1,0,1,0,0,0
2481-SBOYW,0,1.1607203441648277,-1.3250171040581826,-0.3525494120021549,0,0,1,1,0,1,0,1,1,0,1,0,1,0,1,0,1,0,1,0,0,1,1,1,0,0,0
3488-PGMQJ,1,-0.9966836022806536,0.31756768911915967,-0.74410071089519,1,0,0,1,0,0,1,0,0,0,0,1,0,0,0,0,0,0,0,0,0,0,1,0,1,0,1
8735-DCXNF,0,-0.9152721326034655,-0.3311703453579522,-0.7606531710524758,1,1,0,1,0,0,0,0,0,1,0,0,0,0,0,1,0,0,0,0,0,0,1,1,0,0,0
7176-WIONM,0,-0.8338606629262776,-0.5004063543519814,-0.7394467035300115,0,1,0,0,1,0,0,0,0,0,0,0,0,1,0,0,0,1,0,1,0,0,1,0,0,0,0
8548-AWOFC,0,1.3642490183577978,-0.03583691789778363,0.8619928402549192,1,1,0,1,0,1,0,0,0,0,0,0,0,0,0,1,0,0,0,1,0,0,0,0,1,0,0
6620-HVDUJ,0,-0.3453918448631497,-0.14866092389380306,-0.37783911240161533,1,0,0,1,0,0,0,0,0,1,0,1,0,0,0,1,0,0,0,0,0,0,0,0,0,0,0
8976-OQHGT,0,-1.1595065416350294,-0.2797358720362375,-0.9071885444608078,0,1,1,1,0,0,0,0,0,0,0,1,0,0,0,1,0,0,0,0,0,0,0,0,0,1,1
4951-UKAAQ,0,-1.1595065416350294,0.7970697146022425,-0.8544577628987383,0,0,0,1,0,1,1,0,0,0,0,1,0,0,0,0,0,0,0,1,0,0,1,0,1,0,1
6693-DJWTY,0,0.1023712383613841,-0.30960105009400735,-0.12507382559659136,0,0,1,1,0,0,0,0,0,1,0,1,0,0,0,0,0,0,0,0,1,0,0,1,0,0,0
6563-VNPMN,1,0.5094285867473239,0.689223238282518,0.6483914644851706,0,0,0,1,0,0,1,0,0,1,0,1,0,0,0,1,0,0,0,0,0,0,1,0,0,0,0
6333-YDVLT,0,1.3235432835192036,1.495583045842304,2.123865469301261,1,0,0,1,0,1,1,0,0,1,0,0,0,1,0,1,0,1,0,1,1,0,1,1,0,0,0
6551-GNYDG,0,-0.7524491932490895,0.5299422886410788,-0.5042656615339874,0,1,1,1,0,0,1,0,0,0,0,0,0,0,0,0,0,0,0,1,0,0,1,0,0,0,0
2405-LBMUW,0,1.1607203441648277,-0.4722003528529765,0.3457273156940585,0,1,1,0,1,0,0,0,0,1,0,1,0,0,0,1,0,0,0,1,1,0,1,0,0,0,0
9541-ZPSEA,0,1.4456604880349857,0.5116913464946635,1.3495879232170855,1,1,1,1,0,0,1,0,0,1,0,0,0,1,0,0,0,0,0,0,0,1,0,1,0,0,0
6543-JXSOO,0,-0.38609757970174374,-0.2382564580671127,-0.4471662598508307,0,1,1,1,0,0,0,0,0,1,0,1,0,0,0,1,0,0,0,0,1,0,1,0,0,1,0
6968-GMKPR,0,0.9164859351332638,0.5515115839050234,0.9695179726824861,0,0,0,1,0,0,1,0,0,0,0,1,0,1,0,0,0,0,0,0,0,0,1,0,1,0,0
4195-PNGZS,0,1.4863662228735797,-1.3432680462045974,-0.2560226649045615,1,1,1,1,0,1,0,1,1,0,1,0,1,0,1,0,1,0,1,0,0,1,0,0,0,0,0
4646-QZXTF,0,-1.0373893371192475,0.5415565245524336,-0.7557137764432061,0,1,0,1,0,0,0,0,0,1,0,0,0,1,0,1,0,1,0,1,0,0,0,0,0,0,0
7564-GHCVB,0,1.6084834273893616,0.4685527559667738,1.5056947457349357,0,1,1,1,0,1,1,0,0,1,0,0,0,0,0,0,0,0,0,0,0,1,0,0,0,0,0
1534-OULXE,0,1.1607203441648277,-0.5053838840282764,0.2898133687171265,0,1,1,1,0,0,0,0,0,1,0,0,0,0,0,0,0,0,0,0,1,0,1,0,0,0,0
8348-JLBUG,1,1.2828375486806096,0.5100321699358986,1.1926468918318922,1,1,0,1,0,0,1,0,0,1,0,0,0,1,0,0,0,0,0,0,1,0,0,1,0,0,0
8290-YWKHZ,1,-0.019745966154397852,0.9380997220972668,0.27646602683963345,0,1,0,1,0,1,1,0,0,0,0,0,0,0,0,0,0,1,0,1,0,0,1,0,1,0,1
6618-RYATB,0,-1.2816237461508113,0.4851445215544238,-0.9754839072583089,0,0,0,1,0,1,1,0,0,0,0,0,0,1,0,0,0,0,0,0,0,0,1,0,0,1,1
0641-EVBOJ,0,-1.2002122764736234,0.5763992322864984,-0.9162770305418638,1,0,0,1,0,0,1,0,0,1,0,0,0,0,0,1,0,0,0,0,0,0,1,0,0,1,0
3039-MJSLN,0,-1.2002122764736234,-1.4842980536996218,-0.9881946160528295,1,0,1,1,0,0,0,1,1,0,1,0,1,0,1,0,1,0,1,0,0,0,0,0,0,0,0
8661-BOYNW,0,1.6084834273893616,0.6460846477546283,1.6662799526985235,0,1,0,1,0,1,0,0,0,1,0,0,0,1,0,1,0,1,0,1,0,1,1,1,0,0,0
4310-KEDTB,0,-0.2639803751859618,-1.1657361544167435,-0.6650923500118062,0,0,1,0,1,0,0,0,0,0,0,0,0,1,0,0,0,0,0,0,0,0,1,0,0,1,0
1116-DXXDF,0,0.26519417771576004,1.1786803231181906,0.6587532167321717,1,0,0,1,0,0,1,0,0,1,0,0,0,1,0,0,0,1,0,1,0,1,1,0,1,0,0
8605-ITULD,0,-1.2816237461508113,-1.5058673489635668,-1.0018273451744135,0,0,0,1,0,0,0,1,1,0,1,0,1,0,1,0,1,0,1,0,0,0,0,0,0,1,0
8566-YPRGL,0,-1.2816237461508113,-1.5075265255223318,-1.0018492980393439,0,0,0,1,0,0,0,1,1,0,1,0,1,0,1,0,1,0,1,0,0,0,1,0,0,1,0
4355-CVPVS,0,0.9571916699718578,0.7954105380434776,1.1708257440913856,0,1,1,1,0,0,1,0,0,0,0,0,0,0,0,0,0,1,0,1,1,0,0,0,0,0,0
8327-LZKAS,1,0.428017117070136,1.4142833944628193,0.9802309707683685,0,1,0,1,0,1,1,0,0,0,0,0,0,1,0,1,0,1,0,1,1,0,1,0,1,0,1
2080-SRCDE,0,-1.2816237461508113,-1.3117436915880627,-0.9992588599775934,0,0,1,1,0,1,0,1,1,0,1,0,1,0,1,0,1,0,1,0,0,0,0,0,0,1,0
4903-CNOZC,0,-0.1418631706701798,0.1981069768880804,-0.14783894652909185,1,0,0,1,0,1,0,0,0,0,0,1,0,1,0,0,0,0,0,1,1,0,0,1,0,0,0
7314-OXENN,0,-1.2409180113122174,0.5664441729339085,-0.9293389851752657,1,0,0,1,0,1,1,0,0,0,0,1,0,0,0,0,0,0,0,0,0,0,1,0,1,0,1
6869-FGJJC,0,1.4456604880349857,0.4868036981131887,1.3874785680864161,1,0,0,1,0,0,1,0,0,0,0,1,0,1,0,0,0,0,0,0,1,0,0,1,0,0,0
9350-VLHMB,0,1.4049547531963917,0.8169798333074222,1.787745154356696,1,1,1,1,0,1,1,0,0,0,0,1,0,0,0,0,0,0,0,1,0,0,1,0,0,0,0
2995-YWTCD,0,-0.5489205190561197,-1.3283354571757127,-0.8050638168060421,0,1,1,1,0,1,0,1,1,0,1,0,1,0,1,0,1,0,1,0,0,1,1,0,0,0,0
8165-CBKXO,0,1.3642490183577978,-0.2714399892424126,0.6177891707726292,1,1,1,0,1,0,0,0,0,0,0,1,0,1,0,0,0,1,0,1,0,1,1,1,0,0,0
7853-OETYL,0,-1.1595065416350294,-1.1906238027982183,-0.9535090894632918,0,1,0,0,1,0,0,0,0,1,0,0,0,0,0,0,0,0,0,0,0,0,1,0,1,0,0
3352-RICWQ,0,-0.9559778674420595,-1.4992306427285067,-0.9179234954116203,0,1,1,1,0,0,0,1,1,0,1,0,1,0,1,0,1,0,1,0,0,1,0,0,0,1,0
6646-VRFOL,1,0.8350744654560759,1.2915043291142099,1.3980378961177882,1,1,0,1,0,1,1,0,0,0,0,1,0,1,0,0,0,1,0,1,0,0,1,0,1,0,1
9391-TTOYH,0,-0.38609757970174374,-1.5075265255223318,-0.8039661735595378,0,0,0,1,0,0,0,1,1,0,1,0,1,0,1,0,1,0,1,0,0,0,1,0,0,1,0
9101-BWFSS,0,0.7129572609402939,1.4474669256381192,1.4530078699027262,0,1,0,1,0,1,1,0,0,1,0,1,0,0,0,1,0,1,0,1,1,0,0,0,1,0,1
2080-GKCWQ,0,-1.2409180113122174,0.33250027814804467,-0.9437839702992631,1,0,0,1,0,0,1,0,0,0,0,1,0,0,0,0,0,0,0,0,0,0,0,0,1,0,0
1074-WVEVG,0,1.0793088744876398,-1.4793205240233267,-0.4541253180336683,0,1,0,1,0,0,0,1,1,0,1,0,1,0,1,0,1,0,1,0,1,0,0,0,0,1,0
0459-SPZHJ,0,1.2421318138420157,0.6162194696968583,1.3758655025384001,1,1,1,1,0,1,0,0,0,1,0,1,0,1,0,0,0,1,0,1,0,1,0,1,0,0,0
8851-RAGOV,0,-0.30468611002455576,0.2030845065643751,-0.20355531772165308,0,1,0,1,0,0,0,0,0,1,0,1,0,0,0,1,0,0,0,1,0,0,1,0,0,1,0
9921-ZVRHG,0,-0.7524491932490895,0.5150096996121938,-0.5397414912610083,0,0,0,1,0,1,1,0,0,0,0,0,0,1,0,0,0,0,0,0,0,0,1,0,1,0,1
9253-VIFJQ,0,1.3235432835192036,0.07035038186317573,0.8817284658270675,1,1,0,1,0,1,0,0,0,1,0,1,0,1,0,0,0,0,0,0,1,0,0,1,0,0,0
8169-SAEJD,1,1.4863662228735797,-0.2780766954774726,0.7250289159561051,1,1,0,0,1,0,0,0,0,1,0,1,0,0,0,0,0,1,0,1,0,1,0,1,0,0,0
1396-QWFBJ,0,-0.4675090493789317,0.3026351000902746,-0.3229789029413274,0,1,1,1,0,0,1,0,0,0,0,1,0,0,0,0,0,0,0,0,0,0,1,0,0,0,1
5681-LLOEI,0,0.428017117070136,0.873391836305432,0.7518772697656018,1,1,1,1,0,1,1,0,0,1,0,0,0,1,0,1,0,0,0,0,1,0,1,1,0,0,0
8752-GHJFU,1,1.5677776925507676,0.8982794846869069,1.8808692073901256,1,1,0,1,0,1,1,0,0,1,0,1,0,1,0,1,0,0,0,0,1,0,1,0,1,0,0
9862-KJTYK,0,-0.5489205190561197,-1.3134028681468275,-0.7618605786236307,1,0,1,0,1,0,0,0,0,0,0,0,0,0,0,0,0,0,0,0,0,0,1,1,0,0,0
0362-RAOQO,0,0.30589991255435406,-1.5025489958460367,-0.6458835931979799,0,0,0,1,0,0,0,1,1,0,1,0,1,0,1,0,1,0,1,0,0,1,0,1,0,0,0
8931-GJJIQ,0,-0.9559778674420595,0.6095827634617982,-0.6577161873952969,0,0,0,1,0,1,1,0,0,0,0,0,0,0,0,0,0,0,0,1,0,0,1,0,1,0,1
2239-JALAW,0,1.0386031396490458,1.27159421040903,1.631682237568706,1,0,0,1,0,1,1,0,0,0,0,1,0,1,0,0,0,1,0,1,1,0,1,0,0,0,1
2654-VBVPB,0,-1.2816237461508113,-1.4942531130522119,-1.001673675119903,0,0,0,1,0,0,0,1,1,0,1,0,1,0,1,0,1,0,1,0,0,0,0,0,0,0,0
9746-MDMBK,0,0.590840056424512,1.6100662283970886,1.3244079871422758,1,1,1,1,0,1,1,0,0,1,0,1,0,1,0,1,0,1,0,1,1,0,1,0,0,0,0
5641-DMBFJ,0,1.0386031396490458,0.642766294637098,1.1481703874835356,0,1,0,1,0,1,0,0,0,1,0,0,0,1,0,1,0,1,0,1,0,1,1,0,1,0,0
3352-ALMCK,0,0.30589991255435406,1.2516840917038503,0.7933023258886761,1,0,0,1,0,1,1,0,0,0,0,1,0,1,0,0,0,1,0,1,0,0,1,0,0,1,0
1921-KYSAY,0,0.346605647392948,0.12178485518489039,0.25277888558006945,0,0,0,1,0,1,0,0,0,0,0,0,0,1,0,1,0,0,0,1,1,0,1,0,1,0,0
8402-EIVQS,0,1.4049547531963917,1.1936129121470758,1.9458277347182535,1,1,0,1,0,0,1,0,0,1,0,1,0,0,0,0,0,1,0,1,1,0,1,1,0,0,0
0380-NEAVX,1,0.06166550352279012,1.1587702044130104,0.45742349245834224,1,0,0,1,0,0,1,0,0,0,0,1,0,1,0,0,0,1,0,1,1,0,1,0,1,0,0
9039-ZVJDC,0,-1.2002122764736234,-1.5207999379924515,-0.9871189256712551,1,0,0,1,0,0,0,1,1,0,1,0,1,0,1,0,1,0,1,0,0,0,1,0,0,1,0
8261-GWDBQ,1,1.1200146093262338,1.696343409452868,2.03045602902374,0,1,0,1,0,1,1,0,0,1,0,1,0,1,0,1,0,1,0,1,0,1,1,0,0,0,0
4145-UQXUQ,1,-0.9966836022806536,0.9015978378044367,-0.6899210402477348,0,0,0,1,0,0,1,0,0,0,0,0,0,1,0,0,0,1,0,1,0,0,1,0,1,0,1
6906-ANDWJ,0,-0.7117434584104956,0.33084110158927976,-0.5242647214852969,1,1,1,1,0,1,1,0,0,0,0,0,0,0,0,0,0,0,0,0,0,0,1,0,0,0,1
6999-CHVCF,0,1.4456604880349857,1.233433149557435,2.1285633823962997,1,0,0,1,0,1,1,0,0,1,0,1,0,1,0,0,0,0,0,1,0,1,1,0,0,0,0
1635-NZATJ,1,1.5677776925507676,-1.3100845150292975,-0.22465202091946684,1,1,0,1,0,1,0,1,1,0,1,0,1,0,1,0,1,0,1,0,0,1,0,1,0,0,0
1867-TJHTS,0,1.0386031396490458,0.4934404043482487,0.9771356168132265,0,0,0,1,0,1,1,0,0,1,0,0,0,0,0,0,0,0,0,0,0,0,1,0,0,0,0
9137-NOQKA,1,-1.2409180113122174,-1.5174815848749215,-0.994077983854093,1,0,0,1,0,0,0,1,1,0,1,0,1,0,1,0,1,0,1,0,0,0,0,0,1,0,0
1670-SVOWZ,0,-0.7524491932490895,0.8202981864249524,-0.4798760285966606,0,1,1,1,0,0,1,0,0,0,0,1,0,0,0,1,0,0,0,1,0,0,1,1,0,0,1
6892-BOGQE,0,1.5677776925507676,-1.461069581876912,-0.35481055708995385,0,1,0,1,0,0,0,1,1,0,1,0,1,0,1,0,1,0,1,0,0,1,1,0,0,0,0
6615-NGGZJ,0,-0.7524491932490895,1.1819986762357204,-0.3889033563263793,1,0,0,1,0,1,1,0,0,0,0,1,0,0,0,0,0,1,0,1,0,0,1,0,1,0,1
7351-MHQVU,0,-1.0780950719578415,-0.46390447005915153,-0.8753568903121813,0,0,0,0,1,0,0,0,0,1,0,1,0,0,0,1,0,0,0,1,0,0,0,1,0,0,0
3466-BYAVD,0,-0.7117434584104956,0.15165003324266044,-0.5400049256401693,1,1,1,1,0,0,0,0,0,0,0,1,0,1,0,1,0,0,0,1,0,0,1,0,0,1,0
1573-LGXBA,0,0.9978974048104517,1.0824480827098208,1.4474318422104844,1,1,1,1,0,0,1,0,0,0,0,1,0,1,0,0,0,1,0,1,1,0,1,1,0,0,0
5993-JSUWV,0,1.3642490183577978,-0.1254324520710933,0.7534798289054979,0,0,0,1,0,0,0,0,0,1,0,1,0,1,0,0,0,0,0,0,0,1,1,0,0,0,0
1891-FZYSA,1,1.4863662228735797,0.8302532457775423,1.6867839285432247,1,1,0,1,0,1,1,0,0,0,0,1,0,0,0,0,0,1,0,0,0,0,1,0,1,0,1
3067-SVMTC,0,1.4456604880349857,-0.29964599074141746,0.6794328154963141,0,1,0,1,0,0,0,0,0,1,0,0,0,0,0,1,0,0,0,0,1,0,0,0,0,0,0
1004-NOZNR,1,0.9571916699718578,0.9911933719777464,1.3009184216670824,1,0,1,1,0,0,1,0,0,1,0,0,0,0,0,0,0,1,0,1,1,0,0,1,0,0,0
7028-DVOIQ,1,0.1023712383613841,1.1322233794727707,0.4805398592297241,1,0,0,1,0,1,1,0,0,0,0,0,0,1,0,0,0,1,0,1,0,0,1,0,1,0,1
4580-TMHJU,0,0.428017117070136,-0.29135010794759253,0.0869249910332607,0,1,1,1,0,0,0,0,0,0,0,0,0,0,0,0,0,1,0,0,0,0,0,0,1,0,1
7036-ZZKBD,0,-0.06045170099299184,0.04878108659923111,-0.12360298364627556,1,1,0,1,0,0,0,0,0,0,0,0,0,1,0,1,0,0,0,1,0,0,1,1,0,0,0
5844-QVTAT,0,0.020959768684196134,-0.21502798624440272,-0.1518782736762278,0,1,1,1,0,0,0,0,0,1,0,1,0,1,0,0,0,0,0,0,1,0,1,0,0,1,0
3428-XZMAZ,0,-1.2816237461508113,0.14667250356636527,-0.9799622917040468,1,0,0,1,0,0,1,0,0,0,0,0,0,0,0,0,0,0,0,0,0,0,1,0,1,0,1
2578-JQPHZ,0,0.46872285190873,1.1670660872068355,0.9119356079708676,1,0,0,1,0,0,1,0,0,0,0,0,0,1,0,1,0,1,0,1,0,1,0,0,0,0,0
2550-AEVRU,0,0.9978974048104517,-0.38094564212090193,0.3300310172690462,0,1,1,1,0,0,0,0,0,1,0,1,0,0,0,0,0,0,0,0,1,0,0,0,1,0,0
8597-CTXVJ,0,1.5270719577121736,0.0006649663950462456,0.9879583792237594,1,0,1,1,0,1,0,0,0,1,0,1,0,0,0,1,0,0,0,0,1,0,0,0,0,0,0
9708-KFDBY,0,-1.2816237461508113,-1.472683817788267,-1.0013882878758118,1,0,0,1,0,0,0,1,1,0,1,0,1,0,1,0,1,0,1,0,0,0,0,1,0,0,0
1335-MXCSE,0,0.9164859351332638,-0.3212152860053623,0.3594039505455029,1,1,1,1,0,0,0,0,0,0,0,0,0,1,0,1,0,0,0,0,0,1,1,1,0,0,0
9253-QXKBE,1,-0.1418631706701798,0.9795791360663916,0.15469348507243982,1,1,0,1,0,1,1,0,0,0,0,0,0,0,0,0,0,1,0,1,0,0,1,0,1,0,1
5478-JJVZK,0,0.020959768684196134,-0.13372833486491825,-0.11743422860092108,0,0,0,1,0,1,0,0,0,1,0,1,0,0,0,0,0,0,0,0,0,0,1,0,0,1,0
9274-CNFMO,1,-1.1595065416350294,0.33250027814804467,-0.8748739272837194,1,1,0,1,0,1,1,0,0,0,0,0,0,0,0,0,0,0,0,0,0,0,0,0,1,0,1
2996-XAUVF,0,1.5270719577121736,-0.82560495986992,0.21883975639815456,1,0,0,0,1,0,0,0,0,0,0,0,0,0,0,1,0,0,0,1,0,1,1,0,0,1,0
4163-KIUHY,0,0.1023712383613841,-1.3051069853530026,-0.6147105249972561,1,0,0,1,0,1,0,1,1,0,1,0,1,0,1,0,1,0,1,0,0,0,1,0,1,0,0
5365-LLFYV,0,-1.2409180113122174,-0.6331404790531808,-0.9640464646297336,0,0,0,1,0,0,0,0,0,0,0,0,0,0,0,0,0,0,0,0,0,0,1,0,0,1,0
8337-UPOAQ,1,-0.9152721326034655,0.8252757161012472,-0.6089808272505034,1,1,0,1,0,1,1,0,0,0,0,0,0,1,0,0,0,0,0,1,0,0,1,0,1,0,1
1866-OBPNR,0,-1.2816237461508113,0.32088604223668943,-0.9776572408863877,1,1,1,1,0,0,1,0,0,0,0,1,0,0,0,0,0,0,0,0,0,0,0,1,0,0,0
6265-FRMTQ,0,-0.06045170099299184,-1.477661347464562,-0.7429811147837556,1,0,0,1,0,0,0,1,1,0,1,0,1,0,1,0,1,0,1,0,0,1,0,0,0,0,0
6741-EGCBI,1,-0.10115743583158582,0.8485041879239571,0.12931597321325897,1,0,0,1,0,1,1,0,0,1,0,0,0,0,0,0,0,0,0,1,0,0,1,1,0,0,0
4250-WAROZ,1,1.1200146093262338,0.9397588986560317,1.5249474082786223,1,1,1,1,0,1,1,0,0,1,0,1,0,0,0,0,0,0,0,1,0,0,1,0,1,0,0
1266-NZYUI,0,1.6084834273893616,0.06371367562811567,1.078974957223901,0,1,1,1,0,1,0,0,0,1,0,0,0,1,0,1,0,0,0,0,0,1,0,0,0,0,0
7976-CICYS,0,-1.1595065416350294,-1.4677062881119718,-0.9736398666041817,1,0,0,1,0,0,0,1,1,0,1,0,1,0,1,0,1,0,1,0,0,0,1,1,0,0,0
8120-JDCAM,0,-1.1595065416350294,0.15330920980142534,-0.8853234909904409,1,1,1,1,0,0,1,0,0,0,0,0,0,0,0,0,0,0,0,0,0,0,1,0,0,1,0
4009-ALQFH,0,-0.30468611002455576,1.1471559685016557,0.029737777890383576,0,0,0,1,0,0,1,0,0,0,0,1,0,1,0,0,0,1,0,1,0,0,1,0,1,0,1
6586-MYGKD,0,1.5270719577121736,0.39886734049864436,1.312114382781427,1,1,0,1,0,1,0,0,0,1,0,0,0,0,0,1,0,1,0,1,0,1,1,1,0,0,0
8262-COGGB,0,-1.2816237461508113,-1.4760021709057967,-1.0014321936056723,1,0,0,1,0,0,0,1,1,0,1,0,1,0,1,0,1,0,1,0,0,0,1,0,0,1,0
9967-ATRFS,0,-0.5489205190561197,-1.4942531130522119,-0.8490354052610068,0,0,0,1,0,0,0,1,1,0,1,0,1,0,1,0,1,0,1,0,0,0,0,0,0,1,0
7551-JOHTI,0,-1.2816237461508113,-1.5075265255223318,-1.0018492980393439,0,0,0,1,0,0,0,1,1,0,1,0,1,0,1,0,1,0,1,0,0,0,0,0,0,1,1
0064-SUDOG,0,-0.8338606629262776,-1.480979700582092,-0.9118425518259863,0,1,1,1,0,0,0,1,1,0,1,0,1,0,1,0,1,0,1,0,0,1,0,0,0,0,0
3976-HXHCE,0,1.6084834273893616,-1.5141632317573919,-0.3892326493003306,1,0,0,1,0,0,0,1,1,0,1,0,1,0,1,0,1,0,1,0,0,1,0,0,0,0,0
2342-CKIAO,0,-1.2409180113122174,-1.480979700582092,-0.992321754659686,0,0,0,1,0,0,0,1,1,0,1,0,1,0,1,0,1,0,1,0,0,0,0,0,0,1,0
7682-AZNDK,0,0.06166550352279012,0.8269348926600121,0.3470444875898638,1,1,1,1,0,0,1,0,0,0,0,1,0,1,0,0,0,1,0,0,0,0,1,0,1,0,0
3891-NLXJB,0,0.18378270803857208,-0.8090131942822701,-0.3997480716018424,1,0,0,0,1,0,0,0,0,1,0,1,0,0,0,1,0,0,0,0,0,1,1,0,0,1,0
2205-LPVGL,1,1.0386031396490458,0.8269348926600121,1.2400870329458107,1,1,1,1,0,1,1,0,0,1,0,1,0,0,0,1,0,0,0,0,1,0,1,0,0,0,0
3566-HJGPK,0,-1.2816237461508113,-0.6430955384057709,-0.9904118554107683,1,0,0,1,0,0,0,0,0,0,0,0,0,0,0,0,0,0,0,0,0,0,1,0,0,1,0
3878-AVSOQ,1,-1.2816237461508113,0.20972121279943517,-0.9791280828367035,0,0,0,1,0,0,1,0,0,0,0,0,0,0,0,0,0,0,0,0,0,0,1,0,1,0,0
7767-UXAGJ,0,-1.2816237461508113,-0.4804962356468015,-0.9882604746476199,1,0,0,1,0,1,0,0,0,0,0,0,0,0,0,0,0,0,0,0,0,0,1,0,1,0,1
6087-YPWHO,0,1.6084834273893616,0.10685226615600583,1.1008839164241278,1,1,0,1,0,1,0,0,0,1,0,1,0,1,0,1,0,0,0,0,0,1,0,0,0,1,0
0282-NVSJS,1,-0.8338606629262776,-1.1823279200043932,-0.8541504227897171,0,1,1,0,1,0,0,0,0,0,0,0,0,0,0,1,0,0,0,0,0,0,1,0,0,1,0
0883-EIBTI,0,-1.2409180113122174,-1.5075265255223318,-0.9965586575911927,0,0,0,1,0,0,0,1,1,0,1,0,1,0,1,0,1,0,1,0,0,0,0,0,0,1,1
5093-FEGLU,0,0.590840056424512,-1.5025489958460367,-0.6057976618356408,0,1,0,1,0,0,0,1,1,0,1,0,1,0,1,0,1,0,1,0,0,1,0,0,0,0,0
7593-JNWRU,0,-1.0780950719578415,-0.6746198930223056,-0.895904771886743,1,1,1,1,0,0,0,0,0,0,0,0,0,0,0,0,0,0,0,0,0,0,1,0,0,0,1
5110-CHOPY,0,1.1200146093262338,-0.37596811244460704,0.41083951307669725,0,0,0,0,1,0,0,0,0,1,0,0,0,1,0,0,0,1,0,1,0,1,0,0,1,0,0
6407-UTSLV,1,-1.2409180113122174,0.6261745290494481,-0.9385372355809724,0,0,0,1,0,0,1,0,0,0,0,1,0,0,0,0,0,1,0,0,0,0,1,0,0,0,0
3720-DBRWL,0,0.7536629957788878,0.6278337056082129,0.8806527754454934,1,1,0,1,0,0,0,0,0,1,0,1,0,1,0,1,0,1,0,1,0,1,1,1,0,0,0
9802-CAQUT,0,1.6084834273893616,1.4806504568134191,2.452543763034526,0,1,1,1,0,1,1,0,0,1,0,1,0,1,0,0,0,1,0,1,0,1,0,1,0,0,0
9225-BZLNZ,0,1.6084834273893616,0.6742906492536329,1.6604185377621903,1,1,0,1,0,1,0,0,0,1,0,1,0,1,0,0,0,1,0,1,0,1,1,0,1,0,0
1207-BLKSA,0,0.7943687306174818,-1.3897249898500175,-0.4593500998870291,0,1,1,1,0,1,0,1,1,0,1,0,1,0,1,0,1,0,1,0,0,1,0,0,0,1,0
3779-OSWCF,0,1.5677776925507676,0.9380997220972668,1.8461617279356577,0,1,0,1,0,1,0,0,0,1,0,1,0,1,0,1,0,1,0,1,0,1,0,1,0,0,0
9891-NQDBD,0,-0.1825689055087738,-1.3067661619117676,-0.7152765992419855,0,1,0,1,0,1,0,1,1,0,1,0,1,0,1,0,1,0,1,0,1,0,0,0,0,1,0
5227-JSCFE,1,1.5677776925507676,-0.6165487134655309,0.4619238297690101,1,1,0,0,1,0,0,0,0,1,0,1,0,1,0,1,0,0,0,0,0,1,0,1,0,0,0
9938-TKDGL,0,1.4456604880349857,1.1488151450604207,1.91722315171435,1,1,1,1,0,0,1,0,0,1,0,0,0,0,0,1,0,1,0,1,0,1,1,0,1,0,0
7465-ZZRVX,0,-1.2816237461508113,0.17985603474166512,-0.9795232344054451,1,0,0,1,0,0,1,0,0,0,0,0,0,0,0,0,0,0,0,0,0,0,1,0,1,0,0
1173-XZPYF,0,-0.8745663977648716,0.8053655973960674,-0.5756124725567708,0,0,0,1,0,1,1,0,0,0,0,0,0,1,0,0,0,1,0,0,0,0,1,0,1,0,0
8824-RWFXJ,0,-1.2002122764736234,-0.29135010794759253,-0.9365834306021945,1,1,1,1,0,0,0,0,0,0,0,1,0,1,0,0,0,0,0,0,0,0,1,0,0,1,1
8715-KKTFG,0,1.1607203441648277,1.273253386967795,1.8515182269785995,0,1,0,1,0,1,1,0,0,0,0,0,0,1,0,1,0,1,0,1,1,0,1,0,0,0,0
8185-UPYBR,0,-1.0780950719578415,0.3507512202944595,-0.818103818574514,1,1,0,1,0,1,1,0,0,0,0,0,0,0,0,0,0,0,0,0,0,0,1,0,1,0,1
5619-PTMIK,0,0.5501343215859179,-0.39255987803225695,0.06958222773849183,0,1,0,1,0,1,0,0,0,1,0,0,0,0,0,0,0,0,0,0,0,0,0,0,1,0,0
9174-IHETN,0,0.7129572609402939,0.17985603474166512,0.5410419549770442,0,0,1,1,0,0,1,0,0,0,0,0,0,0,0,0,0,0,0,0,0,1,0,1,0,0,0
6305-YLBMM,0,1.4863662228735797,1.29814103534927,2.178023187083786,1,0,0,1,0,0,1,0,0,0,0,1,0,1,0,1,0,1,0,1,1,0,1,0,0,0,1
7037-MTYVW,0,0.22448844287716607,0.6792681789299281,0.4371609981278717,1,1,1,1,0,1,0,0,0,1,0,0,0,1,0,1,0,1,0,1,0,1,1,0,0,0,0
9306-CPCBC,0,-1.2002122764736234,0.3092718063253347,-0.9180771654661309,0,0,0,1,0,1,1,0,0,0,0,0,0,0,0,0,0,0,0,0,0,0,1,0,1,0,1
6818-WOBHJ,1,1.4456604880349857,0.8186390098661871,1.679956587549968,0,1,0,1,0,1,1,0,0,0,0,1,0,0,0,0,0,0,0,1,0,0,1,0,0,0,1
1760-CAZHT,0,-0.30468611002455576,-1.464387934994442,-0.8083567465455552,1,0,1,1,0,0,0,1,1,0,1,0,1,0,1,0,1,0,1,0,0,0,0,0,0,1,0
7240-FQLHE,1,-0.5896262538947137,1.1554518512954808,-0.20419195080462563,0,1,0,1,0,1,1,0,0,0,0,0,0,0,0,1,0,1,0,1,0,0,0,0,0,0,1
3834-XUIFC,0,-1.0373893371192475,0.6726314726948681,-0.745856940089597,1,0,0,1,0,1,1,0,0,0,0,0,0,0,0,0,0,0,0,1,0,0,1,0,0,1,1
8316-BBQAY,0,1.3235432835192036,-0.16525268948145297,0.71117665818522,0,0,0,0,1,0,0,0,0,1,0,0,0,1,0,1,0,1,0,1,0,1,0,1,0,0,0
5602-BVFMK,0,-0.8338606629262776,-1.5141632317573919,-0.9099765583069288,0,0,0,1,0,0,0,1,1,0,1,0,1,0,1,0,1,0,1,0,1,0,0,0,0,1,0
6366-ZGQGL,0,-1.2816237461508113,-1.3316538102932427,-0.9995222943567544,1,0,0,0,1,0,0,0,0,0,0,0,0,0,0,0,0,0,0,0,0,0,0,0,0,0,1
2023-VQFDL,0,-0.5896262538947137,-1.5241182911099815,-0.8572677296097895,1,0,0,1,0,0,0,1,1,0,1,0,1,0,1,0,1,0,1,0,0,0,0,0,1,0,0
9795-NREXC,0,1.2828375486806096,0.665994766459808,1.397554933089326,0,1,0,1,0,1,0,0,0,1,0,0,0,1,0,1,0,1,0,1,0,1,1,1,0,0,0
8404-FYDIB,0,-0.2639803751859618,0.7207475928990529,-0.04064310707547604,1,0,0,1,0,1,1,0,0,1,0,1,0,0,0,0,0,0,0,0,0,0,1,1,0,0,0
9565-DJPIB,0,-1.1595065416350294,0.8186390098661871,-0.84986961412835,0,0,1,1,0,1,1,0,0,0,0,1,0,0,0,0,0,1,0,0,0,0,0,0,0,1,1
7688-AWMDX,0,1.5677776925507676,-0.3461029343868372,0.6484353702150307,1,1,0,1,0,0,0,0,0,1,0,0,0,0,0,1,0,0,0,0,0,1,0,0,0,0,0
8624-GIOUT,0,0.6722515261016999,-0.17188939571651304,0.27791491592501927,0,0,0,1,0,1,0,0,0,1,0,1,0,0,0,0,0,0,0,0,0,0,1,1,0,0,1
9451-LPGOO,0,-1.0373893371192475,0.7257251225753476,-0.738041720174486,1,0,0,1,0,1,1,0,0,0,0,0,0,0,0,0,0,0,0,1,0,0,1,0,1,0,1
4118-CEVPF,1,0.1023712383613841,1.522129870782544,0.6739445992637922,0,0,0,1,0,1,1,0,0,1,0,1,0,1,0,1,0,1,0,1,1,0,1,0,0,0,0
1363-TXLSL,1,-1.2816237461508113,0.1781968581829002,-0.9795451872703751,1,1,0,1,0,0,1,0,0,0,0,0,0,0,0,0,0,0,0,0,0,0,1,0,1,0,1
0345-HKJVM,0,-1.0780950719578415,0.8086839505135972,-0.7568114196897106,0,0,0,1,0,0,1,0,0,0,0,0,0,0,0,0,0,1,0,1,0,0,0,0,1,0,1
4607-CHPCA,0,-0.30468611002455576,0.8451858348064274,-0.05388068462831866,1,1,1,1,0,0,1,0,0,0,0,0,0,0,0,0,0,1,0,1,1,0,1,0,1,0,1
0939-EREMR,0,-0.7931549280876836,-0.38094564212090193,-0.6951238692361655,0,0,1,1,0,0,0,0,0,0,0,0,0,1,0,1,0,0,0,0,0,0,0,0,0,1,0
5707-ORNDZ,1,-0.9559778674420595,-0.3444437578280723,-0.7934946569878862,1,0,0,1,0,1,0,0,0,1,0,0,0,0,0,0,0,0,0,0,0,0,0,0,1,0,1
8125-QPFJD,0,1.6084834273893616,0.6626764133422782,1.6526033178470791,0,1,0,1,0,1,0,0,0,1,0,0,0,1,0,1,0,1,0,1,0,1,1,0,0,0,0
7163-OCEQI,0,-0.4268033145403377,0.45527934349665417,-0.2799293348134264,1,1,1,1,0,1,0,0,0,0,0,0,0,1,0,1,0,1,0,1,1,0,1,0,0,1,0
0454-OKRCT,0,0.020959768684196134,0.5199872292884885,0.1535738889610053,1,0,0,1,0,0,1,0,0,0,0,1,0,0,0,1,0,0,0,0,0,1,0,0,0,0,0
1986-PHGZF,1,-0.5896262538947137,-0.21668716280316785,-0.5867645279412551,1,0,0,1,0,1,0,0,0,1,0,1,0,0,0,0,0,0,0,0,0,0,1,1,0,0,0
9086-YJYXS,0,0.06166550352279012,0.40716322329246935,0.1986650735274045,1,1,1,1,0,1,0,0,0,0,0,0,0,1,0,0,0,1,0,1,1,0,0,0,0,0,0
8780-IXSTS,0,-1.0780950719578415,0.8352307754538371,-0.7815303456009887,0,0,0,1,0,1,1,0,0,0,0,1,0,0,0,0,0,1,0,0,0,0,1,0,1,0,1
0835-DUUIQ,0,-0.3453918448631497,-1.456092052200617,-0.7770300082903209,0,0,1,1,0,0,0,1,1,0,1,0,1,0,1,0,1,0,1,0,1,0,0,0,0,0,0
0236-HFWSV,0,-0.7117434584104956,0.9430772517735615,-0.37612678893706847,1,0,0,1,0,1,1,0,0,0,0,0,0,0,0,0,0,1,0,1,0,0,1,0,1,0,1
4191-XOVOM,0,1.2421318138420157,1.342938802435925,1.9370685416111488,1,0,0,1,0,1,1,0,0,0,0,1,0,0,0,1,0,1,0,1,0,0,0,0,1,0,0
3223-DWFIO,1,-1.1595065416350294,0.14667250356636527,-0.8955315731829314,1,0,0,1,0,0,1,0,0,0,0,0,0,0,0,0,0,0,0,0,0,0,0,0,1,0,0
8016-ZMGMO,1,1.3642490183577978,0.19644780032931503,1.0702157641167962,0,1,0,1,0,1,0,0,0,0,0,1,0,1,0,0,0,1,0,0,1,0,1,0,0,0,0
1552-TKMXS,0,0.387311382231542,-1.4793205240233267,-0.6284749713084208,0,1,0,1,0,0,0,1,1,0,1,0,1,0,1,0,1,0,1,0,0,0,0,1,0,0,0
1251-STYSZ,1,-1.1595065416350294,0.5083729933771337,-0.8770692137767281,0,0,0,1,0,1,1,0,0,1,0,0,0,0,0,0,0,0,0,0,0,0,1,0,1,0,0
7714-YXSMB,0,-0.2639803751859618,1.1803394996769556,0.13111610813752608,0,0,0,1,0,1,1,0,0,0,0,0,0,1,0,0,0,1,0,1,0,0,1,0,0,0,0
9738-QLWTP,0,0.26519417771576004,0.5631258198163787,0.40324382181088697,1,0,0,1,0,0,1,0,0,0,0,0,0,1,0,1,0,0,0,0,1,0,0,0,1,0,0
8285-ABVLB,0,1.5270719577121736,-1.4959122896109767,-0.42718915276445135,0,1,0,1,0,0,0,1,1,0,1,0,1,0,1,0,1,0,1,0,0,1,0,1,0,0,0
8806-EAGWC,0,-1.2002122764736234,-0.32453363912289235,-0.9405349462896102,1,0,0,1,0,0,0,0,0,0,0,0,0,0,0,0,0,1,0,0,0,0,0,0,0,1,1
0843-WTBXE,0,0.8350744654560759,0.680927355488693,0.9729206667466496,1,0,0,1,0,1,1,0,0,0,0,0,0,0,0,0,0,1,0,0,0,0,0,0,0,0,1
9588-OZDMQ,0,-1.2409180113122174,-0.6613464805521857,-0.9710055228125712,0,1,0,1,0,0,0,0,0,0,0,0,0,0,0,0,0,0,0,0,0,0,1,0,1,0,0
8468-FZTOE,0,1.6084834273893616,0.3125901594428645,1.2891077803346953,0,1,1,1,0,0,0,0,0,1,0,1,0,1,0,1,0,0,0,1,0,1,1,0,1,0,0
5275-PMFUT,0,1.6084834273893616,-0.004312563281248919,1.0618297697135028,1,1,1,0,1,0,0,0,0,1,0,1,0,1,0,1,0,1,0,1,0,1,1,1,0,0,0
9822-OAOVB,0,-1.2816237461508113,-0.31457857977030224,-0.9860651881546112,0,0,0,1,0,0,0,0,0,0,0,0,0,0,0,0,0,0,0,1,0,0,1,0,1,0,0
6339-RZCBJ,0,0.631545791263106,0.46357522629047915,0.6454936863143992,1,0,0,1,0,0,0,0,0,0,0,1,0,1,0,1,0,1,0,1,0,1,0,1,0,0,0
7860-UXCRM,0,1.2421318138420157,0.31756768911915967,1.041984379816704,1,1,1,1,0,0,0,0,0,1,0,1,0,1,0,1,0,1,0,0,0,1,0,1,0,0,0
7010-BRBUU,0,1.6084834273893616,-1.3548822821159523,-0.24880017234256277,1,1,1,1,0,1,0,1,1,0,1,0,1,0,1,0,1,0,1,0,0,1,0,1,0,0,0
9102-OXKFY,0,1.0793088744876398,-0.3577171702981922,0.35775748567574633,1,0,0,1,0,1,0,0,0,0,0,0,0,1,0,0,0,0,0,0,0,1,0,1,0,0,0
1430-SFQSA,0,-0.1418631706701798,-0.9732716736000042,-0.5394780568818474,1,0,0,0,1,0,0,0,0,1,0,0,0,0,0,1,0,0,0,0,1,0,0,0,0,1,0
7153-CHRBV,0,0.9978974048104517,-0.18682198474539805,0.42721635031454214,0,1,1,1,0,0,0,0,0,1,0,0,0,1,0,1,0,0,0,0,1,0,1,0,0,1,0
6647-ZEDXT,0,-0.10115743583158582,1.510515634871189,0.45035466995085416,0,0,0,1,0,1,1,0,0,0,0,1,0,1,0,1,0,1,0,1,1,0,0,1,0,0,0
7459-IMVYU,0,0.22448844287716607,0.16658262227154547,0.15640580853698668,1,0,0,1,0,1,0,0,0,1,0,1,0,1,0,1,0,0,0,0,0,0,0,0,1,0,0
7998-ZLXWN,0,-0.7117434584104956,-1.4760021709057967,-0.8651707609846209,0,1,0,1,0,0,0,1,1,0,1,0,1,0,1,0,1,0,1,0,0,0,0,1,0,0,0
2674-MLXMN,1,1.5677776925507676,1.152133498177951,2.041542225813434,0,0,0,1,0,1,1,0,0,0,0,1,0,0,0,0,0,1,0,1,0,0,1,1,0,0,0
2645-QTLMB,0,-1.0373893371192475,0.9729424298313315,-0.7166815825975111,1,0,0,1,0,0,1,0,0,0,0,1,0,0,0,0,0,1,0,1,0,0,1,0,1,0,1
3721-WKIIL,0,-0.22327464034736777,-1.5042081724048018,-0.7640339122517091,0,0,0,1,0,0,0,1,1,0,1,0,1,0,1,0,1,0,1,0,0,1,1,0,0,1,0
4933-BSAIP,0,0.30589991255435406,-1.5207999379924515,-0.6679023167228574,0,1,0,1,0,0,0,1,1,0,1,0,1,0,1,0,1,0,1,0,0,1,0,0,0,1,0
4844-JJWUY,1,-1.2816237461508113,0.6991782976351079,-0.9726519876823277,0,0,0,1,0,0,1,0,0,0,0,1,0,0,0,0,0,0,0,1,0,0,1,0,1,0,1
9614-RMGHA,0,1.3235432835192036,0.8933019550106117,1.5979626370360922,1,1,0,1,0,1,1,0,0,0,0,1,0,0,0,0,0,1,0,0,0,0,1,0,0,0,1
4614-NUVZD,0,-1.2816237461508113,0.5365789948761385,-0.9748033684454763,0,0,0,1,0,0,1,0,0,0,0,0,0,0,0,0,0,0,0,1,0,0,1,0,1,0,1
4855-SNKMY,0,-1.2816237461508113,-0.6912116586099555,-0.9910484884937409,0,0,0,1,0,0,0,0,0,0,0,0,0,0,0,0,0,0,0,0,0,0,1,0,1,0,1
5066-GFJMM,0,-1.2002122764736234,-1.4942531130522119,-0.990324043951048,0,1,0,1,0,0,0,1,1,0,1,0,1,0,1,0,1,0,1,0,0,0,1,0,0,1,0
3565-UNOCC,1,-0.1418631706701798,1.1322233794727707,0.28605942881408153,0,1,0,1,0,1,1,0,0,0,0,0,0,1,0,0,0,1,0,1,0,0,1,0,0,0,1
3721-CNZHX,0,-0.7117434584104956,-1.497571466169742,-0.8766740622079866,1,0,0,1,0,0,0,1,1,0,1,0,1,0,1,0,1,0,1,0,1,0,0,0,0,1,0
3486-HOOGQ,0,1.5270719577121736,0.49012205123071895,1.5112268676973177,0,1,1,1,0,1,0,0,0,1,0,1,0,1,0,1,0,1,0,0,0,1,0,0,0,0,0
9912-GVSEQ,1,-0.2639803751859618,0.9596690173612115,0.03522599412290538,0,1,0,1,0,1,1,0,0,0,0,1,0,1,0,0,0,0,0,1,0,0,1,0,1,0,1
8547-NSBBO,0,0.1023712383613841,1.0559012577695812,0.4838766946990973,1,0,0,1,0,1,1,0,0,1,0,1,0,1,0,1,0,0,0,0,0,0,1,0,0,1,0
2256-YLYLP,0,1.4456604880349857,0.266133215797445,1.16434964893701,1,1,1,1,0,0,0,0,0,0,0,0,0,1,0,1,0,1,0,1,0,1,1,0,0,0,0
6358-LYNGM,0,-1.2816237461508113,0.33084110158927976,-0.9775255236968071,1,0,0,1,0,1,1,0,0,0,0,0,0,0,0,0,0,0,0,0,0,0,1,0,1,0,1
8203-XJZRC,0,-1.2816237461508113,-1.4826388771408567,-1.0015200050653925,1,0,0,1,0,0,0,1,1,0,1,0,1,0,1,0,1,0,1,0,0,0,0,0,0,1,0
6670-MFRPK,0,1.4863662228735797,0.473530285643069,1.3695650303034648,1,1,1,1,0,1,1,0,0,0,0,0,0,1,0,0,0,0,0,0,0,1,1,1,0,0,0
1336-EZFZY,0,-1.1595065416350294,-1.4892755833759168,-0.9738374423885524,0,0,0,1,0,0,0,1,1,0,1,0,1,0,1,0,1,0,1,0,0,0,0,0,0,1,0
9518-IMLHK,0,-0.06045170099299184,0.24954145020979507,-0.0636936152520676,1,0,0,1,0,0,0,0,0,1,0,1,0,1,0,1,0,1,0,0,0,0,1,0,0,0,0
3424-NMNBO,1,1.0386031396490458,1.457421984990709,1.7500520852717363,1,1,0,1,0,1,1,0,0,1,0,1,0,1,0,0,0,1,0,1,1,0,1,0,1,0,1
3227-WLKLI,0,1.3235432835192036,0.8833468956580218,1.6081048606337924,0,1,1,1,0,1,0,0,0,1,0,1,0,1,0,1,0,1,0,1,0,1,0,0,0,0,0
0743-HNPFG,0,0.7536629957788878,0.1599459160364854,0.5537307109066347,0,1,1,1,0,0,0,0,0,1,0,1,0,0,0,1,0,0,0,1,1,0,1,1,0,0,0
6569-KTMDU,0,-1.2816237461508113,-1.5207999379924515,-1.0020249209587846,0,0,0,1,0,0,0,1,1,0,1,0,1,0,1,0,1,0,1,0,0,0,0,0,0,1,0
0680-DFNNY,0,-0.7117434584104956,1.2002496183821352,-0.35004678540012496,1,1,0,1,0,1,1,0,0,0,0,0,0,1,0,0,0,1,0,1,0,0,1,0,1,0,1
1834-ABKHQ,0,0.7943687306174818,-0.46390447005915153,0.13581402123256484,0,1,1,1,0,0,0,0,0,0,0,0,0,1,0,0,0,0,0,0,1,0,1,0,0,0,0
2672-DZUOY,0,-1.2816237461508113,-1.3200395743818876,-0.9993686243022438,1,0,0,0,1,0,0,0,0,0,0,0,0,0,0,0,0,0,0,0,0,0,1,0,1,0,1
7521-YXVZY,0,-1.2002122764736234,-1.4925939364934466,-0.9848138748535961,1,0,1,1,0,0,0,1,1,0,1,0,1,0,1,0,1,0,1,0,0,0,0,0,0,1,0
4522-AKYLR,1,-0.7931549280876836,-0.33614787503424737,-0.6893283128946225,0,0,0,1,0,0,0,0,0,0,0,1,0,1,0,0,0,0,0,0,0,0,1,0,1,0,0
3494-JCHRQ,0,-1.2816237461508113,0.16990097538907525,-0.9796549515950255,1,0,0,1,0,0,1,0,0,0,0,0,0,0,0,0,0,0,0,0,0,0,1,0,1,0,1
6060-DRTNL,1,-1.1188008067964355,0.6610172367835129,-0.8279606549281231,0,0,0,1,0,0,1,0,0,0,0,0,0,1,0,0,0,1,0,0,0,0,1,0,0,1,1
7175-NTIXE,0,-0.30468611002455576,0.37232051555840456,-0.13539167211373235,0,0,0,1,0,0,0,0,0,1,0,0,0,0,0,1,0,1,0,1,0,0,1,1,0,0,0
7519-JTWQH,0,1.4863662228735797,1.512174811429954,2.262958821498293,0,0,0,1,0,1,1,0,0,0,0,1,0,1,0,1,0,1,0,1,0,1,1,0,0,0,0
5172-MIGPM,0,-1.1595065416350294,0.020575085100225963,-0.9062665241337442,1,0,0,1,0,1,0,0,0,0,0,0,0,0,0,1,0,0,0,1,0,0,0,0,0,1,0
9770-LXDBK,0,-1.2002122764736234,-1.477661347464562,-0.9826844469553776,0,0,0,1,0,0,0,1,1,0,1,0,1,0,1,0,1,0,1,0,0,0,0,0,0,1,0
6180-YBIQI,0,-1.1188008067964355,-1.3482455758808924,-0.9664173740421831,1,0,0,0,1,0,0,0,0,0,0,0,0,0,0,0,0,0,0,0,0,0,0,0,0,1,0
3904-UKFRE,0,-1.1595065416350294,0.5033954637008385,-0.8628218044371015,1,0,0,1,0,1,1,0,0,1,0,0,0,0,0,0,0,0,0,0,0,0,1,0,1,0,0
1226-IENZN,1,-0.6710377235719016,0.458597696614184,-0.47552936134050333,1,0,0,1,0,0,1,0,0,0,0,0,0,0,0,0,0,0,0,1,0,0,1,0,1,0,0
3021-VLNRJ,0,0.7129572609402939,0.19478862377055015,0.5166962277695776,0,0,1,1,0,0,0,0,0,1,0,0,0,1,0,1,0,1,0,0,1,0,1,1,0,0,0
7746-QYVCO,0,-0.6710377235719016,-0.30130516730018236,-0.6337875646215019,1,1,1,1,0,0,0,0,0,1,0,1,0,0,0,0,0,0,0,0,1,0,1,0,0,1,0
0701-RFGFI,0,0.6722515261016999,1.0111034906829266,1.0153775075214382,0,1,1,1,0,1,1,0,0,0,0,0,0,0,0,0,0,1,0,1,0,0,1,0,0,0,0
0696-UKTOX,0,-0.38609757970174374,-0.3577171702981922,-0.434170163812219,1,0,1,1,0,0,0,0,0,0,0,1,0,0,0,1,0,0,0,0,0,0,0,0,1,0,0
0434-CSFON,0,0.590840056424512,1.1803394996769556,1.0562756948861909,0,1,0,1,0,1,1,0,0,0,0,0,0,1,0,0,0,1,0,1,0,0,1,0,1,0,0
7639-SUPCW,0,-0.4268033145403377,-0.5352490620860464,-0.5473810882566787,0,0,0,1,0,0,0,0,0,1,0,0,0,0,0,0,0,0,0,0,0,0,1,1,0,0,1
0864-FVJNJ,0,1.2828375486806096,1.6067478752795583,2.1607901881136677,0,1,1,1,0,1,1,0,0,1,0,1,0,1,0,1,0,1,0,1,1,0,0,0,1,0,0
1208-NBVFH,0,-0.5082147842175256,-0.5087022371458064,-0.5977848661361589,1,1,1,1,0,0,0,0,0,0,0,0,0,1,0,0,0,0,0,0,0,0,1,0,1,0,0
2330-PQGDQ,0,0.7536629957788878,0.6394479415195682,0.8774257043007704,1,1,1,1,0,1,1,0,0,0,0,1,0,0,0,1,0,0,0,0,1,0,0,0,0,0,0
3677-TNKIO,0,-0.7524491932490895,0.2014253300056102,-0.6091125444400839,0,0,0,1,0,0,1,0,0,0,0,0,0,0,0,0,0,0,0,0,0,0,1,1,0,0,1
9060-HJJRW,0,0.7536629957788878,-0.28305422515376755,0.2753683835931291,0,0,0,0,1,0,0,0,0,0,0,1,0,1,0,0,0,1,0,1,1,0,1,1,0,0,0
3391-JSQEW,0,0.30589991255435406,-0.49045129499939155,-0.10661146619038805,1,1,0,1,0,0,0,0,0,0,0,1,0,0,0,0,0,0,0,0,0,0,1,0,0,1,0
6108-OQZDQ,0,-1.1595065416350294,1.095721495179941,-0.8415933840497073,0,1,1,1,0,1,1,0,0,0,0,1,0,0,0,0,0,1,0,1,0,0,1,0,1,0,1
8348-HFYIV,0,-1.2409180113122174,-0.5203164730571613,-0.9707420884334103,1,0,0,0,1,0,0,0,0,0,0,0,0,1,0,0,0,1,0,1,0,0,1,0,1,0,1
3537-HPKQT,0,0.9164859351332638,0.42541416543888416,0.862783143392402,0,1,0,1,0,1,1,0,0,0,0,1,0,0,0,0,0,0,0,0,0,0,1,1,0,0,0
0440-EKDCF,0,1.2014260790034217,-0.15861598324639314,0.6374589377499872,1,1,0,1,0,0,0,0,0,0,0,1,0,1,0,1,0,0,0,0,0,1,1,1,0,0,0
3620-MWJNE,0,-1.2409180113122174,-0.3477621109456021,-0.9720812131941454,1,0,0,1,0,0,0,0,0,1,0,0,0,0,0,1,0,0,0,0,0,0,1,0,0,1,0
3577-AMVUX,0,-1.2816237461508113,-0.3278519922404224,-0.9862408110740517,1,0,0,1,0,0,0,0,0,0,0,0,0,1,0,1,0,0,0,0,0,0,0,0,0,1,0
8999-BOHSE,1,-0.8745663977648716,0.8219573629837174,-0.5504105836170307,0,0,0,1,0,0,1,0,0,0,0,0,0,0,0,0,0,1,0,1,0,0,0,0,0,0,1
6435-SRWBJ,0,-1.1188008067964355,0.5913318213153833,-0.8269947288711993,0,0,0,1,0,1,1,0,0,0,0,0,0,1,0,1,0,0,0,0,0,0,1,0,1,0,0
7798-JVXYM,0,-0.7524491932490895,0.1566275629189556,-0.6058635204304309,0,0,0,1,0,0,0,0,0,0,0,0,0,0,0,1,0,1,0,1,0,0,1,0,1,0,0
4686-GEFRM,0,1.5270719577121736,1.1206091435614158,2.001039190017423,1,1,0,1,0,1,1,0,0,0,0,1,0,1,0,1,0,0,0,1,0,1,1,0,0,0,0
9153-BTBVV,0,1.5677776925507676,-1.3250171040581826,-0.2407434709132208,0,1,0,1,0,1,0,1,1,0,1,0,1,0,1,0,1,0,1,0,0,1,0,0,0,0,0
1125-SNVCK,1,0.6722515261016999,-0.7011667179625456,-0.08573429164187506,0,0,0,1,0,0,0,0,0,0,0,0,0,0,0,0,0,0,0,0,0,0,0,0,0,1,0
5474-LAMUQ,0,-0.3453918448631497,-1.4876164068171518,-0.7759982236386067,1,1,0,1,0,0,0,1,1,0,1,0,1,0,1,0,1,0,1,0,1,0,0,0,0,1,0
0303-UNCIP,0,0.346605647392948,0.0023241429538111433,0.10119435323781739,1,0,0,1,0,1,0,0,0,0,0,0,0,1,0,0,0,0,0,1,1,0,0,0,0,1,0
1442-BQPVU,0,-0.7931549280876836,-1.1873054496806883,-0.8536016011664649,0,0,0,0,1,0,0,0,0,0,0,1,0,0,0,0,0,0,0,0,0,0,0,0,1,0,0
7252-NTGSS,0,-1.2816237461508113,-0.6563689508758908,-0.990587478330209,0,0,0,1,0,0,0,0,0,0,0,0,0,0,0,0,0,0,0,0,0,0,0,0,0,1,0
2453-SAFNS,1,0.8757802002946699,0.23792721429843983,0.695787699869229,0,0,0,1,0,1,0,0,0,0,0,1,0,0,0,1,0,1,0,0,1,0,0,0,0,1,0
3799-ISUZQ,0,-1.0373893371192475,0.16658262227154547,-0.7779300757524544,1,1,1,1,0,0,1,0,0,0,0,0,0,0,0,0,0,0,0,0,0,0,1,0,0,0,1
4737-AQCPU,0,1.6084834273893616,0.23792721429843983,1.1921858816683604,1,1,1,1,0,1,0,0,0,1,0,1,0,1,0,1,0,0,0,0,0,1,0,1,0,0,0
3957-LXOLK,1,-0.1825689055087738,1.3678264508173998,0.37371721847991973,0,0,0,1,0,1,1,0,0,0,0,1,0,1,0,0,0,1,0,1,0,0,1,0,1,0,1
7284-BUYEC,0,-1.1188008067964355,-0.46390447005915153,-0.9096911710628377,0,0,0,0,1,0,0,0,0,0,0,1,0,0,0,0,0,1,0,1,0,0,1,1,0,0,0
1342-JPNKI,0,-0.9152721326034655,0.7008374741938728,-0.6441932225983632,1,0,0,1,0,1,1,0,0,0,0,0,0,0,0,0,0,1,0,0,0,0,1,0,0,0,1
7472-EQOAV,1,1.5677776925507676,0.7224067694578178,1.7026778027526082,1,1,1,1,0,0,1,0,0,1,0,1,0,1,0,0,0,0,0,0,1,0,1,0,0,0,0
5472-CVMDX,0,1.4456604880349857,-0.8637660207215148,0.18347369099578403,0,0,0,0,1,0,0,0,0,1,0,0,0,1,0,1,0,0,0,0,0,1,0,0,0,1,0
4537-DKTAL,0,-1.2409180113122174,-0.6430955384057709,-0.9733544793600906,0,0,0,1,0,0,0,0,0,0,0,0,0,0,0,0,0,0,0,0,0,0,0,0,1,0,0
0442-ZXKVS,1,0.8757802002946699,1.681410820423983,1.8131885248106672,0,1,0,1,0,1,1,0,0,1,0,1,0,1,0,1,0,1,0,1,1,0,1,0,0,0,0
1794-SWWKL,0,-0.7117434584104956,-0.17520774883404305,-0.6297043317445057,1,1,1,1,0,1,0,0,0,0,0,0,0,1,0,1,0,0,0,0,0,0,1,0,0,0,0
0975-VOOVL,0,-1.2002122764736234,-1.185646273121923,-0.967163771449806,0,0,0,0,1,0,0,0,0,0,0,1,0,0,0,0,0,0,0,0,0,0,0,0,0,1,0
6435-VWCCY,1,1.3235432835192036,0.9215079565096169,1.61005866561257,1,1,0,1,0,1,1,0,0,1,0,1,0,0,0,0,0,1,0,0,0,1,1,1,0,0,0
5003-OKNNK,0,-0.7117434584104956,-1.4793205240233267,-0.8629096158968219,0,1,1,1,0,0,0,1,1,0,1,0,1,0,1,0,1,0,1,0,1,0,0,1,0,0,0
8294-UIMBA,0,-0.10115743583158582,0.9779199595076267,0.14786614407918264,0,0,0,1,0,0,1,0,0,0,0,0,0,0,0,1,0,1,0,1,1,0,1,0,0,0,0
9067-YGSCA,0,1.5270719577121736,-1.290174396324118,-0.19534494623780044,0,0,0,1,0,1,0,1,1,0,1,0,1,0,1,0,1,0,1,0,1,0,0,1,0,0,0
5148-HKFIR,0,-0.5082147842175256,-1.5008898192872717,-0.8317365476960981,0,0,0,1,0,0,0,1,1,0,1,0,1,0,1,0,1,0,1,0,0,1,0,0,0,1,0
5261-QSHQM,0,-1.1595065416350294,-1.3432680462045974,-0.9723885533031668,0,0,0,0,1,0,0,0,0,0,0,0,0,0,0,0,0,0,0,0,0,0,1,0,1,0,1
6741-QRLUP,0,1.2421318138420157,0.5100321699358986,1.1828339612081435,0,0,0,1,0,1,0,0,0,1,0,1,0,1,0,1,0,0,0,1,0,1,1,1,0,0,0
2379-ENZGV,0,-1.0780950719578415,0.6610172367835129,-0.7805644195440649,1,0,0,1,0,0,1,0,0,0,0,1,0,0,0,0,0,1,0,0,0,0,1,0,1,0,1
4291-HYEBC,1,-0.1825689055087738,-0.8571293144864547,-0.5289406817154055,0,1,1,0,1,0,0,0,0,0,0,1,0,0,0,0,0,0,0,1,1,0,1,0,1,0,0
3556-BVQGL,0,-0.5082147842175256,-1.4909347599346818,-0.8275655033593815,0,1,0,1,0,0,0,1,1,0,1,0,1,0,1,0,1,0,1,0,1,0,1,0,0,1,0
4957-TREIR,0,-1.2002122764736234,-0.017585975751368575,-0.9245093548906466,1,0,0,1,0,0,0,0,0,1,0,0,0,0,0,1,0,1,0,0,0,0,1,1,0,0,0
8182-PNAGI,0,-0.8338606629262776,-0.4871329418818615,-0.7497206443172924,1,0,0,1,0,0,0,0,0,0,0,0,0,0,0,1,0,0,0,0,0,0,0,0,0,0,1
8722-NGNBH,0,-1.1188008067964355,-0.8272641364286849,-0.9123035619895181,1,0,0,0,1,0,0,0,0,1,0,0,0,1,0,1,0,0,0,0,0,0,0,0,0,1,1
6064-PUPMC,0,-0.38609757970174374,-0.2565074002135275,-0.3854787093972857,1,1,1,1,0,0,0,0,0,1,0,0,0,0,0,1,0,0,0,0,1,0,0,1,0,0,0
0214-JHPFW,0,1.5270719577121736,-0.23659728150834783,0.7630732308799463,0,1,0,0,1,0,0,0,0,0,0,1,0,1,0,1,0,1,0,1,0,1,0,0,0,0,0
0687-ZVTHB,0,1.3235432835192036,0.24954145020979507,1.032895893735648,1,1,1,1,0,1,0,0,0,1,0,1,0,1,0,0,0,0,0,1,1,0,0,1,0,0,1
4827-DPADN,0,1.6084834273893616,0.6095827634617982,1.6426806228986797,0,1,1,1,0,1,0,0,0,1,0,0,0,1,0,1,0,1,0,1,0,1,1,0,0,0,0
8665-UTDHZ,0,-1.2816237461508113,-1.1524627419466233,-0.9971513849443052,1,1,1,0,1,0,0,0,0,0,0,1,0,0,0,0,0,0,0,0,0,0,0,0,1,0,1
7758-UJWYS,0,0.06166550352279012,-0.8090131942822701,-0.4282867960109557,1,1,1,0,1,0,0,0,0,0,0,0,0,0,0,1,0,1,0,0,0,1,1,0,1,0,0
7969-AULMZ,0,-0.4675090493789317,1.0758113764747608,-0.07982897097568167,0,0,0,1,0,1,1,0,0,0,0,0,0,0,0,0,0,1,0,1,0,0,1,0,1,0,1
6668-CNMFP,0,-0.5489205190561197,0.8103431270723621,-0.2697871112157262,0,1,1,1,0,1,1,0,0,0,0,0,0,0,0,1,0,0,0,1,1,0,1,0,0,0,0
3181-VTHOE,0,1.5270719577121736,-0.46058611694162177,0.5856282236500514,1,1,0,0,1,0,0,0,0,0,0,1,0,1,0,1,0,0,0,1,1,0,1,0,0,0,0
4007-NHVHI,1,0.9571916699718578,1.059219610887111,1.2813145132845143,0,0,0,1,0,1,1,0,0,1,0,1,0,0,0,0,0,0,0,1,0,0,1,0,1,0,0
6629-CZTTH,0,-1.2816237461508113,-0.3062826969764773,-0.9859554238299607,1,0,0,1,0,0,0,0,0,0,0,0,0,0,0,0,0,0,0,1,0,0,1,0,0,1,1
9555-SAHUZ,0,0.22448844287716607,-0.3461029343868372,-0.09890601059992737,0,1,1,1,0,0,0,0,0,1,0,1,0,0,0,0,0,0,0,0,0,0,0,0,1,0,0
2592-HODOV,0,-0.7931549280876836,-1.5141632317573919,-0.896409687780135,1,0,0,1,0,0,0,1,1,0,1,0,1,0,1,0,1,0,1,0,1,0,0,1,0,0,0
4433-JCGCG,1,0.5501343215859179,1.1969312652646056,1.0443991949590137,1,1,0,1,0,1,1,0,0,0,0,0,0,1,0,0,0,1,0,1,0,0,1,0,1,0,1
8904-OPDCK,1,0.8757802002946699,-1.3266762806169474,-0.41120746709534783,1,1,0,0,1,0,0,0,0,0,0,0,0,0,0,0,0,0,0,0,0,0,1,0,0,0,0
1996-DBMUS,1,0.631545791263106,0.18981109409425545,0.5460691610460343,0,1,0,1,0,0,1,0,0,0,0,0,0,0,0,0,0,0,0,0,0,0,1,0,0,0,0
6369-MCAKO,0,1.4456604880349857,0.8003880677197722,1.7055097223285893,0,1,1,1,0,1,0,0,0,1,0,1,0,1,0,1,0,1,0,1,0,1,1,0,0,0,0
4070-OKWVH,0,0.7943687306174818,0.9845566657426863,1.1962032559505664,0,1,0,1,0,1,1,0,0,0,0,1,0,1,0,0,0,1,0,0,0,0,0,0,0,0,0
4443-EMBNA,0,1.5677776925507676,-1.3333129868520075,-0.20390656356053444,0,1,0,1,0,1,0,1,1,0,1,0,1,0,1,0,1,0,1,0,0,1,0,0,0,0,0
2856-HYAPG,0,-1.2816237461508113,0.12344403174365576,-0.980269631813068,0,0,0,1,0,0,1,0,0,0,0,0,0,0,0,0,0,0,0,0,0,0,0,0,1,0,1
5148-ORICT,0,1.2828375486806096,0.3125901594428645,1.0793042501978523,0,1,0,1,0,0,0,0,0,1,0,1,0,1,0,1,0,0,0,1,0,1,1,0,0,1,0
0842-IWYCP,0,0.5501343215859179,-0.6630056571109506,-0.05813954042475549,0,0,0,1,0,0,0,0,0,0,0,0,0,0,0,0,0,0,0,0,0,0,0,0,0,0,0
7321-PKUYW,0,-0.8745663977648716,0.8368899520126024,-0.5766442572084849,0,0,0,1,0,1,1,0,0,0,0,0,0,0,0,1,0,1,0,0,0,0,0,0,1,0,1
7470-DYNOE,0,0.8350744654560759,-0.1270916286298582,0.46389958761271793,1,0,0,1,0,0,0,0,0,0,0,0,0,1,0,0,0,0,0,1,1,0,1,0,1,0,0
0871-OPBXW,0,-1.2409180113122174,-1.4892755833759168,-0.9931779163919593,0,0,0,1,0,0,0,1,1,0,1,0,1,0,1,0,1,0,1,0,0,0,1,0,0,1,0
3768-NLUBH,1,0.9978974048104517,1.1836578527944854,1.5124781809983325,1,1,0,1,0,1,1,0,0,0,0,0,0,1,0,0,0,1,0,1,0,0,0,0,1,0,1
9619-GSATL,0,0.428017117070136,-0.31457857977030224,0.06275488674523463,0,0,0,1,0,0,0,0,0,0,0,1,0,0,0,1,0,0,0,0,1,0,0,0,1,0,0
6725-TPKJO,0,0.46872285190873,-1.4892755833759168,-0.6392977337189538,1,0,0,1,0,0,0,1,1,0,1,0,1,0,1,0,1,0,1,0,0,1,0,0,0,1,0
1866-DIOQZ,0,1.5677776925507676,0.06205449906935077,1.0483946163762892,0,1,0,0,1,0,0,0,0,1,0,1,0,1,0,1,0,1,0,1,1,0,0,0,0,0,0
4459-BBGHE,0,-0.10115743583158582,-0.6779382461398357,-0.43621178025071716,1,0,1,0,1,0,0,0,0,0,0,0,0,0,0,0,0,1,0,1,0,0,1,0,1,0,0
4092-OFQZS,0,-0.5082147842175256,-1.469365464670737,-0.8271044931958497,1,1,0,1,0,0,0,1,1,0,1,0,1,0,1,0,1,0,1,0,1,0,0,0,0,1,0
0859-YGKFW,0,-0.5896262538947137,-1.4892755833759168,-0.8585409957757345,1,1,1,1,0,0,0,1,1,0,1,0,1,0,1,0,1,0,1,0,1,0,0,0,0,0,0
8910-LEDAG,1,0.06166550352279012,0.219676272152025,0.05533481839886512,1,1,0,1,0,0,1,0,0,0,0,0,0,0,0,0,0,0,0,0,0,0,0,1,0,0,0
5762-TJXGK,0,0.7943687306174818,-0.20507292689181286,0.32368663930425107,0,0,0,0,1,0,0,0,0,1,0,1,0,1,0,0,0,1,0,1,0,1,1,0,0,0,0
0786-IVLAW,1,1.3642490183577978,1.4325343366092342,2.1677492462965056,0,0,0,1,0,1,1,0,0,0,0,1,0,1,0,0,0,1,0,1,1,0,0,0,0,0,0
4021-RQSNY,1,-0.1418631706701798,1.113972437326356,0.30858306823235104,1,1,0,1,0,1,1,0,0,0,0,0,0,1,0,0,0,1,0,1,0,0,1,0,1,0,1
9170-GYZJC,0,0.346605647392948,0.49675875746577897,0.4499814712470425,0,1,1,1,0,1,0,0,0,1,0,1,0,1,0,1,0,0,0,1,0,0,0,1,0,0,1
2882-WDTBA,0,1.4863662228735797,0.35904710308828447,1.3552956680989081,1,1,1,1,0,0,0,0,0,1,0,1,0,1,0,1,0,1,0,0,0,1,1,0,0,0,0
3536-IQCTX,1,-0.019745966154397852,0.6759498258123978,0.15796446194702274,1,1,0,1,0,1,1,0,0,0,0,0,0,0,0,0,0,0,0,1,0,0,0,0,1,0,1
5895-QSXOD,0,-0.9559778674420595,0.16990097538907525,-0.7217307415314311,1,0,0,1,0,0,1,0,0,0,0,0,0,0,0,0,0,0,0,0,0,0,0,0,0,1,0
1142-WACZW,0,-1.2409180113122174,-1.1640769778579783,-0.977218183587786,1,0,0,0,1,0,0,0,0,0,0,0,0,0,0,1,0,0,0,0,0,0,0,0,0,0,1
8327-WKMIE,0,0.18378270803857208,-1.4859572302583868,-0.6654216429857576,1,0,0,1,0,0,0,1,1,0,1,0,1,0,1,0,1,0,1,0,1,0,0,1,0,0,0
2483-XSSMZ,0,0.26519417771576004,-0.5667734167025811,-0.18217322727974813,0,0,0,1,0,0,0,0,0,1,0,0,0,0,0,0,0,0,0,0,1,0,1,0,1,0,0
5229-PRWKT,0,-0.9966836022806536,0.7174292397815226,-0.7251773413254549,1,0,0,1,0,1,1,0,0,0,0,0,0,0,0,0,0,0,0,1,0,0,1,0,1,0,1
2690-DVRVK,0,-1.1188008067964355,-1.472683817788267,-0.9667466670161344,1,1,1,1,0,0,0,1,1,0,1,0,1,0,1,0,1,0,1,0,1,0,0,0,1,0,0
1853-ARAAQ,0,-0.2639803751859618,-0.48381458876433153,-0.44951521639835,0,0,0,0,1,0,0,0,0,0,0,0,0,1,0,0,0,1,0,1,0,0,1,1,0,0,0
2796-UUZZO,0,1.2421318138420157,0.5100321699358986,1.1393672886465709,1,1,1,1,0,0,1,0,0,0,0,1,0,1,0,0,0,0,0,0,0,0,1,1,0,0,0
6847-KJLTS,1,1.0386031396490458,1.1770211465594258,1.514080740138229,0,1,0,1,0,1,1,0,0,0,0,0,0,0,0,1,0,1,0,1,0,0,1,0,0,0,0
2569-WGERO,0,1.6084834273893616,-1.452773699083087,-0.3872129857267625,0,0,0,1,0,0,0,1,1,0,1,0,1,0,1,0,1,0,1,0,0,1,1,0,0,0,0
7359-SSBJK,1,1.2828375486806096,0.17487850506537042,0.9570048396723364,0,0,0,1,0,0,0,0,0,1,0,1,0,0,0,1,0,1,0,0,0,1,1,1,0,0,1
0023-UYUPN,1,0.7129572609402939,-1.3183803978231226,-0.4368703661986198,0,1,0,1,0,1,0,1,1,0,1,0,1,0,1,0,1,0,1,0,1,0,0,0,1,0,0
2680-XKKNJ,0,-0.9966836022806536,-0.2233238690382277,-0.8043832779932094,0,0,0,1,0,0,0,0,0,1,0,1,0,0,0,1,0,0,0,0,1,0,0,0,0,0,0
8945-GRKHX,0,-1.2816237461508113,0.45527934349665417,-0.9758790588270506,0,0,1,1,0,0,1,0,0,0,0,0,0,0,0,0,0,0,0,1,0,0,0,0,1,0,1
9620-ENEJV,0,-1.0780950719578415,0.18649274097672516,-0.819882000633851,0,0,0,1,0,0,1,0,0,0,0,0,0,0,0,0,0,0,0,0,0,0,0,1,0,0,0
9227-YBAXE,0,1.3235432835192036,0.5830359385215584,1.2793168025758768,0,1,1,1,0,1,0,0,0,1,0,1,0,0,0,1,0,1,0,1,0,1,1,0,0,0,0
9705-ZJBCG,0,-0.7931549280876836,-0.3577171702981922,-0.7026097961773252,0,1,1,1,0,0,0,0,0,1,0,0,0,0,0,1,0,0,0,0,1,0,0,0,0,0,0
6599-RCLCJ,0,0.590840056424512,1.4806504568134191,1.2395601641874887,1,1,0,1,0,1,1,0,0,0,0,1,0,1,0,1,0,1,0,1,0,0,1,0,1,0,1
1260-TTRXI,0,-1.1595065416350294,-0.3527396406218973,-0.9246630249451571,1,0,0,1,0,0,0,0,0,0,0,0,0,0,0,0,0,0,0,1,0,0,0,0,1,0,1
6407-GSJNL,0,0.7536629957788878,-1.3266762806169474,-0.4449051147630317,0,0,0,1,0,1,0,1,1,0,1,0,1,0,1,0,1,0,1,0,0,1,0,0,0,0,0
5337-IIWKZ,0,0.06166550352279012,-0.6663240102284806,-0.37702685639920214,1,1,1,0,1,0,0,0,0,0,0,0,0,1,0,1,0,1,0,0,0,0,1,0,1,0,0
2207-QPJED,1,0.18378270803857208,0.8319124223363072,0.46998053119835204,0,1,0,1,0,0,1,0,0,0,0,0,0,1,0,1,0,1,0,0,0,0,0,0,1,0,0
4813-HQMGZ,0,-0.9966836022806536,0.8402083051301322,-0.6838620495270308,0,1,0,1,0,1,1,0,0,0,0,0,0,0,0,1,0,0,0,1,0,0,1,0,1,0,0
0089-IIQKO,0,0.26519417771576004,1.1620885575305409,0.6436935513901321,0,1,1,1,0,1,1,0,0,0,0,0,0,0,0,1,0,1,0,1,0,0,1,1,0,0,0
8654-DHAOW,0,-1.2409180113122174,-0.3577171702981922,-0.9657807409592104,0,0,0,1,0,1,0,0,0,0,0,1,0,0,0,0,0,0,0,0,0,0,0,0,0,1,0
8739-QOTTN,0,-1.2409180113122174,-1.4793205240233267,-0.9920363674155949,0,1,0,1,0,0,0,1,1,0,1,0,1,0,1,0,1,0,1,0,0,0,0,0,0,1,0
6171-ZTVYB,0,0.428017117070136,0.04380355692293595,0.2660823217277022,1,1,0,1,0,1,0,0,0,1,0,1,0,0,0,1,0,0,0,0,0,0,0,0,0,0,0
0107-YHINA,0,-1.2816237461508113,1.1554518512954808,-0.9666149498265538,1,0,1,1,0,1,1,0,0,0,0,0,0,1,0,0,0,1,0,1,0,0,1,0,1,0,1
4713-ZBURT,0,0.5094285867473239,1.1537926747367158,1.024334276412914,1,0,1,1,0,1,1,0,0,0,0,0,0,1,0,0,0,1,0,1,0,1,0,0,0,0,0
0812-WUPTB,1,-1.2816237461508113,0.19644780032931503,-0.9793037057561442,1,1,0,1,0,0,1,0,0,0,0,0,0,0,0,0,0,0,0,0,0,0,0,0,0,1,1
2103-ZRXFN,0,-1.2816237461508113,-0.4705411762942116,-0.9881287574580393,1,0,0,1,0,1,0,0,0,0,0,0,0,0,0,0,0,0,0,0,0,0,0,0,0,1,0
3370-GQEAL,0,-0.10115743583158582,0.680927355488693,0.09160095126336912,1,1,1,1,0,1,1,0,0,0,0,0,0,0,0,0,0,1,0,0,0,0,0,0,1,0,0
1282-IHQAC,1,1.5270719577121736,-0.6928708351687206,0.3118759979718641,1,0,0,0,1,0,0,0,0,0,0,1,0,1,0,0,0,1,0,0,1,0,1,1,0,0,0
5074-FBGHB,0,1.2828375486806096,1.3180511540544502,2.014606060544217,1,0,0,1,0,1,1,0,0,0,0,0,0,1,0,1,0,1,0,1,1,0,1,1,0,0,0
1092-WPIVQ,0,-0.5896262538947137,-1.3216987509406526,-0.8222968157761605,0,1,1,1,0,1,0,1,1,0,1,0,1,0,1,0,1,0,1,0,0,1,0,0,0,1,0
7696-CFTAT,0,0.18378270803857208,-1.497571466169742,-0.6916114108473516,1,1,1,1,0,0,0,1,1,0,1,0,1,0,1,0,1,0,1,0,0,1,0,0,0,0,0
6115-ZTBFQ,0,1.6084834273893616,0.018915908541461066,1.1496192765689213,0,1,0,0,1,0,0,0,0,1,0,1,0,1,0,1,0,1,0,1,0,1,0,0,0,0,0
2959-EEXWB,0,0.5094285867473239,-0.4655636466179167,0.014282960979602072,0,1,1,0,1,0,0,0,0,1,0,0,0,0,0,0,0,1,0,1,0,0,1,0,0,0,0
3050-RLLXC,0,0.9571916699718578,0.5415565245524336,1.0182094270974194,0,1,1,1,0,1,0,0,0,1,0,1,0,1,0,1,0,1,0,0,0,1,0,1,0,0,0
5216-WASFJ,1,-0.06045170099299184,0.6610172367835129,0.14580257477575453,0,1,0,1,0,1,1,0,0,0,0,0,0,0,0,0,0,0,0,1,0,0,1,0,1,0,0
4636-TVXVG,0,1.2014260790034217,-1.4925939364934466,-0.46387239006262704,1,1,1,1,0,0,0,1,1,0,1,0,1,0,1,0,1,0,1,0,1,0,0,0,0,0,0
9309-BZGNT,1,1.4863662228735797,-1.1657361544167435,-0.07333092295637579,1,1,0,0,1,0,0,0,0,0,0,0,0,1,0,0,0,0,0,0,1,0,1,1,0,0,0
2495-TTHBQ,0,-1.1595065416350294,-1.477661347464562,-0.97320080930558,0,0,1,1,0,0,0,1,1,0,1,0,1,0,1,0,1,0,1,0,1,0,1,0,0,1,0
1764-VUUMT,0,1.3642490183577978,-1.4925939364934466,-0.45320329770660467,1,0,1,1,0,0,0,1,1,0,1,0,1,0,1,0,1,0,1,0,0,1,0,1,0,0,0
9489-DEDVP,0,1.5270719577121736,0.14169497389007057,1.128829913480129,0,1,1,1,0,1,0,0,0,1,0,1,0,0,0,0,0,1,0,0,0,1,1,1,0,0,0
8999-XXGNS,1,1.6084834273893616,1.3545530383472797,2.3395304143744378,0,1,0,1,0,1,1,0,0,0,0,1,0,1,0,0,0,1,0,1,1,0,1,1,0,0,0
9150-HEPMB,0,0.9571916699718578,-0.4058332905023768,0.31541040922560803,1,0,0,1,0,0,0,0,0,1,0,0,0,1,0,0,0,0,0,0,1,0,0,0,0,1,0
5649-VUKMC,0,-0.8338606629262776,1.0144218438004564,-0.520796168826343,0,0,0,1,0,0,1,0,0,0,0,0,0,1,0,0,0,1,0,1,1,0,0,0,0,1,1
0519-XUZJU,0,-1.2816237461508113,0.19312944721178524,-0.9793476114860044,0,0,0,1,0,0,1,0,0,0,0,0,0,0,0,0,0,0,0,0,0,0,0,0,0,1,1
4361-BKAXE,0,0.346605647392948,1.6449089361311533,0.9773990511923873,0,0,0,1,0,1,1,0,0,1,0,1,0,1,0,1,0,1,0,1,0,0,1,0,0,0,1
2853-CWQFQ,0,-1.2816237461508113,-0.1785261019515731,-0.9842650532303439,1,0,1,1,0,0,0,0,0,0,0,0,0,0,0,1,0,0,0,1,0,0,1,0,0,1,0
0956-SYCWG,0,-0.7931549280876836,-1.5025489958460367,-0.9029296886643707,0,0,0,1,0,0,0,1,1,0,1,0,1,0,1,0,1,0,1,0,1,0,0,0,1,0,0
8436-BJUMM,0,-0.2639803751859618,0.6245153524906832,-0.10129887287730699,1,1,1,1,0,1,1,0,0,0,0,0,0,0,0,0,0,1,0,0,0,0,1,0,1,0,1
8652-YHIYU,0,-0.6710377235719016,0.48348534499565887,-0.4553546784697532,0,0,1,1,0,1,1,0,0,0,0,0,0,0,0,1,0,0,0,0,1,0,1,1,0,0,0
9261-WDCAF,0,-1.2002122764736234,-0.34112540471054226,-0.9273851801964881,1,0,0,1,0,0,0,0,0,0,0,0,0,0,0,0,0,0,0,1,0,0,0,0,0,1,0
0556-FJEGU,0,1.0386031396490458,0.17156015194784016,0.7673101338114529,1,0,0,1,0,0,0,0,0,0,0,1,0,1,0,1,0,1,0,0,0,1,0,0,0,0,0
3219-JQRSL,1,1.6084834273893616,0.8020472442785371,1.7786566682756397,0,1,0,1,0,1,0,0,0,1,0,1,0,1,0,1,0,1,0,1,0,1,0,1,0,0,0
6922-NCEDI,0,0.9571916699718578,-1.4511145225243218,-0.4665725924490277,1,0,1,1,0,0,0,1,1,0,1,0,1,0,1,0,1,0,1,0,1,0,1,0,0,1,0
7254-IQWOZ,0,-1.2816237461508113,0.1566275629189556,-0.9798305745144662,1,0,0,1,0,0,1,0,0,0,0,0,0,0,0,0,0,0,0,0,0,0,1,0,1,0,1
7841-FCRQD,0,0.020959768684196134,-0.3709905827683121,-0.19494979466905893,0,1,0,1,0,0,0,0,0,0,0,1,0,0,0,1,0,0,0,0,1,0,1,1,0,0,0
7852-LECYP,1,-0.7931549280876836,0.9580098408024466,-0.4567596618252788,1,1,0,1,0,1,1,0,0,1,0,1,0,0,0,0,0,0,0,1,0,0,0,1,0,0,0
4685-ERGHK,0,0.9978974048104517,0.7290434756928779,1.1582028467565855,1,0,0,1,0,1,1,0,0,0,0,0,0,0,0,0,0,1,0,0,1,0,1,0,1,0,0
7401-RUBNK,0,-0.5896262538947137,0.3275227484717495,-0.37902456710784005,0,1,0,1,0,0,1,0,0,1,0,0,0,0,0,0,0,0,0,0,0,0,0,0,1,0,0
1723-HKXJQ,0,0.387311382231542,1.2218189136460804,0.8658784973475444,1,0,0,1,0,1,1,0,0,0,0,1,0,0,0,0,0,1,0,1,0,0,1,0,1,0,1
9730-DRTMJ,0,-0.019745966154397852,0.2611556861211498,0.013931715140720797,1,1,0,1,0,1,0,0,0,1,0,0,0,0,0,1,0,1,0,0,1,0,1,1,0,0,0
4803-LBYPN,0,0.06166550352279012,-1.464387934994442,-0.7312143791812288,1,1,1,1,0,0,0,1,1,0,1,0,1,0,1,0,1,0,1,0,0,0,0,0,0,1,0
8984-EYLLL,0,1.2828375486806096,1.3379612727596297,1.985452655917061,1,1,0,1,0,1,1,0,0,0,0,1,0,0,0,1,0,1,0,1,0,1,1,0,1,0,0
7625-XCQRH,0,-0.8745663977648716,0.38393475146975936,-0.6425028519987465,0,0,0,1,0,1,1,0,0,0,0,0,0,0,0,0,0,0,0,0,0,0,1,0,1,0,1
2040-VZIKE,0,0.6722515261016999,1.1919537355883103,1.1178534810150855,0,1,0,1,0,1,1,0,0,1,0,0,0,0,0,0,0,1,0,1,0,0,1,0,0,1,0
0461-CVKMU,0,-0.38609757970174374,0.6261745290494481,-0.176092283694114,0,1,1,1,0,0,1,0,0,0,0,1,0,1,0,1,0,0,0,0,0,0,0,0,1,0,1
5791-KAJFD,0,0.9571916699718578,0.12676238486118555,0.6615192777133628,0,1,1,1,0,1,0,0,0,1,0,0,0,1,0,0,0,0,0,1,1,0,1,0,0,0,0
9467-ROOLM,0,-0.30468611002455576,-1.5224591145512167,-0.8078737835170934,0,0,0,1,0,0,0,1,1,0,1,0,1,0,1,0,1,0,1,0,0,0,0,0,0,1,0
2761-XECQW,1,-0.9966836022806536,-0.7160993069914304,-0.8473450346613901,1,1,0,0,1,0,0,0,0,0,0,1,0,1,0,0,0,0,0,1,0,0,1,0,0,1,0
9259-PACGQ,0,0.06166550352279012,-0.07565715530814353,-0.011599466772970647,0,1,0,1,0,1,0,0,0,1,0,1,0,0,0,1,0,0,0,0,0,0,0,0,1,0,1
1222-LRYKO,0,-1.0780950719578415,-1.2802193369715278,-0.9296024195544267,1,0,1,1,0,1,0,1,1,0,1,0,1,0,1,0,1,0,1,0,0,0,0,0,0,1,0
4391-RESHN,0,-0.38609757970174374,1.29814103534927,0.07410451791408967,1,0,0,1,0,1,1,0,0,0,0,0,0,1,0,1,0,1,0,1,0,0,1,0,0,1,1
4139-SUGLD,0,-0.06045170099299184,-0.9799083798350643,-0.5373266761186988,1,1,1,0,1,0,0,0,0,1,0,0,0,0,0,1,0,0,0,0,0,0,0,0,0,0,1
0953-LGOVU,0,-0.8338606629262776,-0.9765900267175343,-0.820628398041474,1,1,1,0,1,0,0,0,0,0,0,1,0,0,0,1,0,0,0,0,0,0,0,0,0,1,0
0793-TWELN,0,-1.1595065416350294,0.505054640259604,-0.86997843840431,0,0,0,1,0,1,1,0,0,1,0,0,0,0,0,0,0,0,0,0,0,0,1,0,1,0,0
7549-MYGPK,0,1.2421318138420157,1.1819986762357204,1.718483865502271,0,1,1,1,0,1,1,0,0,1,0,1,0,1,0,0,0,1,0,0,0,0,1,0,1,0,1
2640-LYMOV,0,-1.2409180113122174,-1.5025489958460367,-0.99337549217633,1,0,0,1,0,0,0,1,1,0,1,0,1,0,1,0,1,0,1,0,0,0,1,0,0,1,0
8229-BUJHX,0,1.5677776925507676,-1.4743429943470319,-0.3514078630257903,0,1,1,1,0,0,0,1,1,0,1,0,1,0,1,0,1,0,1,0,0,1,0,0,0,0,0
2672-TGEFF,0,0.18378270803857208,0.7920921849259474,0.4562819434819777,0,1,1,1,0,1,1,0,0,0,0,1,0,0,0,0,0,1,0,0,0,0,1,0,1,0,0
1612-EOHDH,0,-1.2816237461508113,-0.6563689508758908,-0.990587478330209,0,0,0,1,0,0,0,0,0,0,0,0,0,0,0,0,0,0,0,0,0,0,0,0,1,0,1
5119-NZPTV,1,-1.2409180113122174,0.17156015194784016,-0.9482184490151407,1,1,0,1,0,0,1,0,0,0,0,0,0,0,0,0,0,0,0,0,0,0,0,0,1,0,0
5445-UTODQ,0,-1.0373893371192475,0.5365789948761385,-0.7572285241233822,0,1,0,1,0,0,1,0,0,0,0,0,0,0,0,0,0,1,0,0,0,0,1,0,1,0,1
7524-VRLPL,1,1.4863662228735797,0.3042942766490395,1.1984863539032955,1,0,0,1,0,1,0,0,0,1,0,0,0,1,0,1,0,0,0,1,0,1,0,1,0,0,0
4013-TLDHQ,0,-0.5489205190561197,0.44200593102653407,-0.3557984360118078,1,0,0,1,0,0,1,0,0,0,0,1,0,1,0,0,0,0,0,0,0,0,1,0,1,0,1
7825-ECJRF,0,-0.5489205190561197,1.3827590398462843,-0.16107652408193435,0,0,0,1,0,0,1,0,0,1,0,0,0,1,0,1,0,1,0,1,0,0,1,0,1,0,1
5980-BDHPY,0,1.6084834273893616,0.7356801819279375,1.7249599606566468,1,1,0,1,0,1,0,0,0,1,0,1,0,1,0,1,0,1,0,1,0,1,1,0,0,0,0
8949-JTMAY,0,-0.1418631706701798,1.1172907904438856,0.2774319528965572,0,0,0,1,0,1,1,0,0,0,0,0,0,1,0,0,0,1,0,1,0,0,1,1,0,0,1
7675-OZCZG,1,-1.2002122764736234,-0.6613464805521857,-0.9546067327097961,0,0,0,1,0,0,0,0,0,0,0,0,0,0,0,0,0,0,0,0,0,0,0,0,1,0,1
9496-IVVRP,0,-0.8745663977648716,-0.4622452935003867,-0.7550112847654433,0,1,1,1,0,0,0,0,0,1,0,0,0,0,0,0,0,0,0,0,0,0,0,0,0,0,0
2045-BMBTJ,1,0.020959768684196134,-0.18184445506910288,-0.18294157755230117,0,0,0,0,1,0,0,0,0,1,0,1,0,1,0,0,0,1,0,1,0,0,1,0,0,0,0
8152-VETUR,0,1.6084834273893616,1.0874256123861161,2.005781008842322,0,1,0,1,0,1,1,0,0,0,0,1,0,0,0,0,0,1,0,1,0,1,1,1,0,0,0
4785-NKHCX,1,-1.1188008067964355,-1.4892755833759168,-0.9690736706987235,1,0,0,1,0,0,0,1,1,0,1,0,1,0,1,0,1,0,1,0,0,0,0,0,0,0,0
3445-HXXGF,1,1.0386031396490458,-0.6513914211995958,0.15361779469086545,1,1,0,0,1,0,0,0,0,0,0,1,0,1,0,0,0,0,0,1,0,0,1,0,1,0,1
6257-DTAYD,0,1.5677776925507676,1.3014593884668002,2.223377806029346,1,1,0,1,0,1,1,0,0,0,0,1,0,0,0,1,0,1,0,1,0,1,1,1,0,0,0
7511-YMXVQ,0,-0.9559778674420595,-0.6480730680820658,-0.8265337187076675,1,0,0,0,1,0,0,0,0,0,0,0,0,0,0,0,0,1,0,1,0,0,1,0,1,0,1
0248-IPDFW,0,-1.2816237461508113,-0.49211047155815646,-0.9884141447021304,0,0,0,1,0,1,0,0,0,0,0,0,0,0,0,0,0,0,0,0,0,0,1,0,1,0,0
9667-TKTVZ,0,-1.2409180113122174,-0.35108046406313215,-0.9590192585607435,0,0,0,1,0,1,0,0,0,0,0,0,0,0,0,1,0,0,0,0,0,0,1,0,0,1,0
2085-JVGAD,0,0.18378270803857208,-1.4793205240233267,-0.7041025909925711,1,1,0,1,0,0,0,1,1,0,1,0,1,0,1,0,1,0,1,0,0,0,0,0,0,0,0
7551-DACSP,0,-1.0780950719578415,-0.3195561094465974,-0.8680465862904623,1,1,1,1,0,0,0,0,0,0,0,1,0,1,0,0,0,0,0,0,0,0,1,0,0,1,1
7964-YESJC,0,-0.3453918448631497,0.045462733481700844,-0.3257230110575883,0,1,0,1,0,1,0,0,0,1,0,1,0,1,0,0,0,0,0,0,0,0,0,0,0,1,0
7609-YBPXG,0,0.8757802002946699,0.7356801819279375,1.0686132049768997,1,0,0,1,0,1,0,0,0,1,0,0,0,1,0,1,0,1,0,1,0,1,0,0,0,0,0
9801-NOSHQ,0,-0.38609757970174374,-1.497571466169742,-0.806051695727896,1,0,1,1,0,0,0,1,1,0,1,0,1,0,1,0,1,0,1,0,1,0,0,0,0,1,0
6877-LGWXO,1,-0.5896262538947137,0.4519609903791239,-0.38578604950630685,1,1,0,1,0,0,1,0,0,0,0,0,0,0,0,0,0,0,0,1,0,0,0,0,1,0,1
6166-YIPFO,0,1.6084834273893616,-0.007630916398778715,1.0733769766667287,1,1,0,0,1,0,0,0,0,1,0,1,0,1,0,1,0,1,0,1,0,1,1,0,1,0,0
9677-AVKED,0,0.8350744654560759,0.6527213539896879,0.943284299091032,0,0,1,1,0,1,0,0,0,0,0,1,0,1,0,1,0,1,0,1,1,0,1,0,1,0,0
6427-FEFIG,0,-0.3453918448631497,0.4536201669378888,-0.19962575489916745,0,1,1,1,0,1,0,0,0,1,0,0,0,1,0,0,0,1,0,1,0,1,0,1,0,0,0
7622-FWGEW,1,0.9571916699718578,0.6875640617237531,1.1077990688771053,1,1,0,1,0,0,0,0,0,1,0,1,0,1,0,1,0,1,0,1,0,1,1,0,0,0,0
0320-JDNQG,0,-0.38609757970174374,1.1587702044130104,0.013163364868167745,1,1,1,1,0,0,1,0,0,1,0,0,0,0,0,1,0,1,0,1,0,0,1,0,1,0,1
3261-CQXOL,0,1.5677776925507676,-1.3100845150292975,-0.2142463629426056,0,1,1,1,0,1,0,1,1,0,1,0,1,0,1,0,1,0,1,0,0,1,0,0,0,0,0
7568-PODML,0,-1.2816237461508113,-0.6513914211995958,-0.9905216197354186,1,0,0,0,1,0,0,0,0,0,0,0,0,0,0,0,0,1,0,1,0,0,1,0,0,1,1
8685-WHQPW,1,-0.4268033145403377,0.31424933600162985,-0.2672625317487662,0,0,0,1,0,1,1,0,0,0,0,0,0,0,0,0,0,0,0,0,0,0,1,0,0,0,1
7493-GVFIO,0,0.9978974048104517,-1.472683817788267,-0.460337978808883,1,0,0,1,0,0,0,1,1,0,1,0,1,0,1,0,1,0,1,0,0,1,0,1,0,0,0
8039-EQPIM,0,1.4863662228735797,-0.1552976301288631,0.7701859591172944,1,1,0,0,1,0,0,0,0,1,0,0,0,1,0,1,0,1,0,1,0,1,0,0,0,0,0
6771-XWBDM,0,0.9978974048104517,1.313073624378155,1.5894010197133583,0,1,0,1,0,1,1,0,0,0,0,1,0,1,0,0,0,1,0,1,0,0,1,1,0,0,1
4381-MHQDC,0,0.590840056424512,0.0023241429538111433,0.25403019888108436,0,0,0,1,0,1,0,0,0,1,0,0,0,1,0,1,0,0,0,0,0,1,1,0,0,1,0
5688-KZTSN,0,-0.7117434584104956,-1.4909347599346818,-0.8839404604998454,1,1,1,1,0,0,0,1,1,0,1,0,1,0,1,0,1,0,1,0,0,0,1,0,1,0,1
3689-MOZGR,0,-0.1418631706701798,-1.1192792107713234,-0.6037560453971426,0,0,0,0,1,0,0,0,0,0,0,0,0,0,0,1,0,0,0,0,0,0,1,0,1,0,0
6765-MBQNU,0,-0.2639803751859618,-1.2918335728828827,-0.7100737702535549,0,1,0,1,0,1,0,1,1,0,1,0,1,0,1,0,1,0,1,0,1,0,0,0,0,1,0
5124-EOGYE,0,-0.06045170099299184,-1.4760021709057967,-0.7300508773399342,1,0,0,1,0,0,0,1,1,0,1,0,1,0,1,0,1,0,1,0,0,1,0,0,0,1,0
5288-AHOUP,1,-0.8745663977648716,0.450301813820359,-0.6265870249244333,1,0,0,1,0,0,1,0,0,0,0,0,0,0,0,0,0,0,0,1,0,0,1,0,1,0,0
8434-PNQZX,0,0.387311382231542,0.44864263726159415,0.470704975741045,0,0,0,1,0,1,0,0,0,0,0,0,0,1,0,1,0,1,0,1,0,1,1,1,0,0,0
5010-IPEAQ,0,1.4049547531963917,-0.3560579937394271,0.5807107819057118,0,1,1,0,1,0,0,0,0,1,0,1,0,1,0,1,0,1,0,0,0,1,0,1,0,0,0
1932-UEDCX,1,0.020959768684196134,1.1836578527944854,0.425416215390275,1,1,0,1,0,1,1,0,0,0,0,1,0,0,0,0,0,1,0,1,0,0,1,0,0,0,0
1226-JZNKR,0,-0.9966836022806536,-1.497571466169742,-0.9401397947208686,0,1,1,1,0,0,0,1,1,0,1,0,1,0,1,0,1,0,1,0,1,0,0,0,1,0,0
8098-LLAZX,1,-1.1595065416350294,1.0127626672416914,-0.8365003193859271,0,0,0,1,0,1,1,0,0,0,0,0,0,0,0,0,0,1,0,1,0,0,1,0,1,0,1
0230-WEQUW,0,1.3642490183577978,-0.27641751891870747,0.65326500049965,1,1,0,0,1,0,0,0,0,1,0,1,0,1,0,1,0,1,0,0,0,1,1,0,0,0,0
3143-ILDAL,0,0.9571916699718578,0.9795791360663916,1.2395821170524188,1,0,0,1,0,1,1,0,0,0,0,1,0,0,0,1,0,0,0,1,0,0,1,0,1,0,1
4795-KTRTH,1,-1.1188008067964355,0.5332606417586087,-0.8472352703367396,0,1,0,1,0,1,1,0,0,0,0,1,0,0,0,0,0,0,0,0,0,0,1,0,1,0,1
6330-JKLPC,0,-0.8745663977648716,0.5166688761709587,-0.6166204242461737,1,1,0,1,0,1,1,0,0,0,0,1,0,0,0,0,0,0,0,0,0,0,1,0,0,0,1
2235-DWLJU,1,-1.0780950719578415,-0.6812565992573657,-0.8949168929648891,0,0,0,0,1,0,0,0,0,0,0,0,0,0,0,0,0,1,0,1,0,0,1,0,1,0,0
6479-SZPLM,0,0.14307697319997809,-1.5091857020810966,-0.679142183567062,1,1,1,1,0,0,0,1,1,0,1,0,1,0,1,0,1,0,1,0,0,1,0,1,0,0,0
0318-QUUOB,0,-1.2816237461508113,0.5183280527297236,-0.9750448499597072,1,1,0,1,0,0,1,0,0,0,0,0,0,0,0,0,0,1,0,0,0,0,1,0,1,0,1
2896-TBNBE,0,0.30589991255435406,0.5266239355235486,0.3650458368325353,1,1,0,1,0,0,1,0,0,0,0,1,0,1,0,0,0,0,0,0,1,0,0,0,1,0,0
7080-TNUWP,0,1.5270719577121736,0.9978300782128064,1.8886405215753765,1,1,0,1,0,1,1,0,0,0,0,1,0,1,0,0,0,1,0,0,1,0,1,0,0,0,0
0723-FDLAY,0,0.46872285190873,0.6742906492536329,0.6159231772535717,1,0,0,1,0,1,0,0,0,0,0,1,0,1,0,1,0,1,0,1,1,0,1,0,0,0,0
9095-HFAFX,0,-1.1188008067964355,0.5332606417586087,-0.8393541918268383,0,0,0,1,0,0,1,0,0,0,0,0,0,0,0,0,0,1,0,0,0,0,1,1,0,0,1
7609-NRNCA,0,-0.6303319887333076,-1.5058673489635668,-0.887101673049778,0,0,0,1,0,0,0,1,1,0,1,0,1,0,1,0,1,0,1,0,1,0,0,0,0,1,0
8749-TZYEC,0,1.6084834273893616,-1.3316538102932427,-0.18748582059282928,1,1,0,1,0,1,0,1,1,0,1,0,1,0,1,0,1,0,1,0,0,1,0,1,0,0,0
5092-STPKP,0,-0.3453918448631497,-0.28471340171253245,-0.40398497453334914,0,0,0,1,0,0,0,0,0,1,0,0,0,0,0,1,0,0,0,0,0,0,0,1,0,0,0
9851-QXEEQ,0,0.346605647392948,1.319710330613215,0.8979077272805416,1,0,0,1,0,1,1,0,0,0,0,1,0,1,0,0,0,1,0,1,0,0,1,0,1,0,1
2160-GPFXD,0,0.8757802002946699,0.02389343821775623,0.555574751560762,1,1,1,1,0,1,0,0,0,1,0,1,0,0,0,1,0,0,0,0,0,1,1,1,0,0,0
4116-IQRFR,0,-1.1595065416350294,-1.3548822821159523,-0.9783158268342903,1,1,1,1,0,1,0,1,1,0,1,0,1,0,1,0,1,0,1,0,1,0,0,1,0,0,0
0811-GSDTP,0,-0.7931549280876836,-1.1541219185053884,-0.8426032158364912,0,0,1,0,1,0,0,0,0,0,0,1,0,0,0,0,0,0,0,0,0,0,0,0,1,0,0
4625-XMOYM,0,1.6084834273893616,-1.2835376900890578,-0.13754305287688093,0,1,1,1,0,1,0,1,1,0,1,0,1,0,1,0,1,0,1,0,0,1,1,0,0,0,0
0594-UFTUL,0,-0.7931549280876836,-1.4959122896109767,-0.8997684761144383,1,1,1,1,0,0,0,1,1,0,1,0,1,0,1,0,1,0,1,0,0,0,1,0,0,1,0
2480-JZOSN,0,-1.2816237461508113,-1.469365464670737,-1.0013443821459518,0,1,0,1,0,0,0,1,1,0,1,0,1,0,1,0,1,0,1,0,0,0,1,0,0,1,0
8405-IGQFX,0,1.2421318138420157,0.8335715988950722,1.5435853906042662,0,0,0,1,0,0,1,0,0,0,0,0,0,1,0,1,0,1,0,0,1,0,1,1,0,0,0
4423-YLHDV,0,-0.4675090493789317,1.309755271260625,-0.04437509411359086,0,1,0,1,0,1,1,0,0,1,0,0,0,1,0,0,0,1,0,1,0,0,1,0,0,0,1
7030-FZTFM,0,1.6084834273893616,1.5254482239000742,2.468130297134888,1,1,1,1,0,1,1,0,0,0,0,1,0,1,0,1,0,1,0,1,0,1,0,1,0,0,0
4361-FEBGN,0,0.631545791263106,-1.4859572302583868,-0.5788395437014936,1,0,0,1,0,0,0,1,1,0,1,0,1,0,1,0,1,0,1,0,0,1,0,1,0,0,0
5902-WBLSE,0,1.5270719577121736,-1.4859572302583868,-0.39081325557529684,0,1,1,1,0,0,0,1,1,0,1,0,1,0,1,0,1,0,1,0,0,1,1,1,0,0,0
9848-JQJTX,0,1.6084834273893616,1.1936129121470758,2.2645394277732596,1,0,0,1,0,1,1,0,0,0,0,1,0,1,0,0,0,1,0,1,0,1,1,0,0,0,0
8096-LOIST,0,-0.5489205190561197,-0.2896909313888274,-0.530345665070931,0,0,0,1,0,0,0,0,0,0,0,0,0,0,0,0,0,0,0,1,0,0,1,0,1,0,0
6352-TWCAU,0,0.1023712383613841,0.7141108866639929,0.31953754783246446,0,0,0,1,0,1,1,0,0,0,0,0,0,0,0,0,0,1,0,0,0,0,1,0,1,0,1
1642-HMARX,0,1.4456604880349857,0.888324425334317,1.8104005109645458,0,1,0,1,0,1,0,0,0,1,0,1,0,1,0,1,0,1,0,1,0,1,1,0,1,0,0
2038-OEQZH,0,-1.1595065416350294,0.7008374741938728,-0.8751373616628805,1,0,0,1,0,0,1,0,0,0,0,0,0,1,0,0,0,0,0,1,0,0,0,0,1,0,0
8679-LZBMD,0,0.46872285190873,0.8534817176002523,0.7344686478760426,1,1,0,1,0,0,1,0,0,0,0,0,0,0,0,0,0,1,0,1,1,0,1,0,0,0,0
5073-WXOYN,0,1.1200146093262338,-0.4688819997354467,0.3187911504248416,0,0,0,0,1,0,0,0,0,0,0,1,0,0,0,0,0,1,0,1,0,0,1,0,1,0,1
9392-XBGTD,0,-0.22327464034736777,-1.4710246412295018,-0.7549454261706532,1,0,1,1,0,0,0,1,1,0,1,0,1,0,1,0,1,0,1,0,0,1,0,0,0,1,0
4826-DXMUP,0,0.1023712383613841,0.23792721429843983,0.08510290324406343,1,0,1,1,0,0,0,0,0,0,0,0,0,0,0,1,0,1,0,1,1,0,1,0,0,1,0
2623-DRYAM,0,1.5270719577121736,1.2218189136460804,2.09341684564323,0,1,0,1,0,1,1,0,0,0,0,0,0,1,0,0,0,1,0,1,1,0,1,0,1,0,0
5916-QEWPT,0,-1.2409180113122174,0.13505826765501053,-0.94551824662874,0,1,0,1,0,0,0,0,0,0,0,0,0,1,0,0,0,1,0,1,0,0,0,1,0,0,0
4770-UEZOX,0,-1.2409180113122174,0.3258635719129846,-0.9468354185245451,1,0,0,1,0,0,1,0,0,0,0,1,0,0,0,0,0,0,0,0,0,0,1,0,1,0,0
2380-DAMQP,0,1.6084834273893616,1.6664782313950985,2.6555858107729033,0,1,0,1,0,1,1,0,0,1,0,1,0,1,0,1,0,1,0,1,0,1,0,0,1,0,0
5377-NDTOU,0,1.5677776925507676,0.866755130070372,1.7529059577126476,0,1,1,1,0,1,0,0,0,1,0,1,0,1,0,1,0,1,0,1,0,1,0,0,0,1,0
3838-OZURD,0,1.3642490183577978,1.3296653899658049,2.1214945598888115,1,1,0,1,0,1,1,0,0,0,0,1,0,1,0,0,0,1,0,1,0,0,1,1,0,0,1
3657-COGMW,1,0.7943687306174818,1.4325343366092342,1.5533763683630852,0,0,0,1,0,1,1,0,0,1,0,1,0,1,0,0,0,1,0,1,0,0,0,1,0,0,0
7691-KGKGP,0,0.8350744654560759,0.0023241429538111433,0.4664900256744683,1,1,1,1,0,0,0,0,0,0,0,1,0,0,0,1,0,1,0,0,0,0,0,1,0,0,0
5321-NTRKC,0,1.3642490183577978,0.4950995809070136,1.288032089953121,1,1,1,1,0,1,0,0,0,0,0,1,0,1,0,0,0,1,0,1,0,1,0,0,0,0,0
9099-FTUHS,0,-0.38609757970174374,-0.34942128750436724,-0.46191858508384925,0,0,0,1,0,1,0,0,0,1,0,0,0,0,0,0,0,0,0,0,0,0,0,0,1,0,0
6110-OHIHY,0,-1.2002122764736234,0.4751894622018339,-0.8929191822562511,1,0,0,1,0,0,1,0,0,0,0,0,0,0,0,0,0,1,0,0,0,0,0,0,1,0,1
4816-LXZYW,0,-0.38609757970174374,0.47187110908430413,-0.2741337784718834,0,0,0,1,0,1,1,0,0,0,0,1,0,0,0,0,0,0,0,0,0,0,1,0,1,0,1
9693-XMUOB,1,1.0793088744876398,-0.4871329418818615,0.3056413843317192,1,1,0,0,1,0,0,0,0,0,0,1,0,0,0,0,0,1,0,1,0,0,1,0,1,0,0
3170-GWYKC,0,1.1200146093262338,1.32800621340704,1.7278796916923482,0,0,0,1,0,0,1,0,0,1,0,0,0,1,0,1,0,1,0,1,0,0,1,0,0,0,0
3086-RUCRN,0,1.3642490183577978,1.266616680732735,1.8851719689164228,0,0,0,1,0,1,1,0,0,1,0,1,0,1,0,1,0,0,0,1,0,0,1,0,0,0,0
4957-TIALW,0,-0.7117434584104956,0.02223426165899086,-0.5669630437743165,0,0,1,1,0,0,0,0,0,1,0,1,0,1,0,1,0,0,0,0,1,0,0,1,0,0,0
1215-FIGMP,0,1.1200146093262338,0.8285940692187774,1.3827587021264474,1,0,0,1,0,1,1,0,0,0,0,1,0,0,0,0,0,1,0,0,0,0,1,0,0,0,0
6603-QWSPR,0,0.5501343215859179,1.309755271260625,1.1428138884405943,0,0,0,1,0,0,1,0,0,0,0,1,0,1,0,1,0,1,0,1,0,1,1,0,0,0,0
2869-ADAWR,0,0.5094285867473239,0.8086839505135972,0.7532163945263369,0,0,0,1,0,1,1,0,0,0,0,1,0,0,0,0,0,1,0,0,0,0,1,1,0,0,1
5583-EJXRD,0,0.46872285190873,-0.3610355234157222,0.03243798027678414,1,1,1,0,1,0,0,0,0,1,0,1,0,1,0,1,0,0,0,1,0,1,1,1,0,0,0
8631-WUXGY,0,0.5501343215859179,1.1571110278542456,0.9175994471228299,0,0,1,1,0,0,1,0,0,0,0,1,0,1,0,0,0,1,0,1,0,0,1,0,1,0,0
3372-CDXFJ,0,-0.7931549280876836,-1.3416088696458326,-0.8595508275625187,1,1,1,1,0,1,0,1,1,0,1,0,1,0,1,0,1,0,1,0,1,0,0,0,0,0,0
5375-XLDOF,0,1.4863662228735797,1.6399314064548582,2.35531452425917,1,1,1,1,0,1,1,0,0,1,0,1,0,1,0,1,0,1,0,1,0,1,1,0,0,0,0
3551-HUAZH,1,-1.2816237461508113,0.31424933600162985,-0.977745052346108,1,0,0,1,0,1,1,0,0,0,0,0,0,0,0,0,0,0,0,0,0,0,1,0,1,0,1
8357-EQXFO,0,-1.0373893371192475,1.0094443141241611,-0.7202379467161852,0,0,0,1,0,0,1,0,0,0,0,0,0,1,0,0,0,1,0,1,0,0,1,0,1,0,1
0114-IGABW,0,1.5677776925507676,-0.2216646924794628,0.8098767389108918,0,1,0,0,1,0,0,0,0,0,0,1,0,1,0,1,0,1,0,1,0,1,0,0,0,0,0
7552-KEYGT,0,-0.22327464034736777,-1.5058673489635668,-0.78185963857494,1,1,0,1,0,0,0,1,1,0,1,0,1,0,1,0,1,0,1,0,0,1,0,0,0,0,0
8659-HDIYE,1,1.2828375486806096,0.32254521879545484,1.1275127415843238,0,0,0,1,0,1,0,0,0,0,0,1,0,1,0,1,0,0,0,1,0,0,0,1,0,0,0
5930-GBIWP,0,1.4863662228735797,0.5498524073462585,1.4277840280980563,1,0,0,1,0,1,0,0,0,1,0,1,0,1,0,1,0,0,0,1,0,1,1,1,0,0,0
7310-EGVHZ,0,-1.2816237461508113,-1.4842980536996218,-1.0015419579303226,1,0,0,1,0,0,0,1,1,0,1,0,1,0,1,0,1,0,1,0,0,0,0,0,0,0,0
6289-CPNLD,0,0.020959768684196134,0.29765757041397994,0.04554384064004635,1,1,1,1,0,0,0,0,0,0,0,0,0,1,0,1,0,1,0,1,1,0,1,0,0,1,1
0375-HVGXO,0,-1.2816237461508113,-1.003136851657774,-0.9951756271005974,0,0,0,0,1,0,0,0,0,0,0,0,0,0,0,0,0,1,0,0,0,0,1,0,1,0,1
4716-HHKQH,1,-0.5082147842175256,1.3976916288751695,-0.05675650993415996,1,1,0,1,0,1,1,0,0,0,0,1,0,0,0,1,0,1,0,1,0,0,0,0,1,0,0
1583-IHQZE,0,-0.8338606629262776,1.5934744628094386,-0.40242632112331295,1,0,0,1,0,1,1,0,0,0,0,1,0,1,0,1,0,1,0,1,0,0,1,0,0,1,1
3898-BSJYF,0,-0.9152721326034655,0.2860433345026247,-0.7060124902414888,0,0,1,1,0,1,0,0,0,1,0,0,0,1,0,1,0,0,0,1,1,0,0,1,0,0,0
6689-VRRTK,1,0.46872285190873,1.488946339607244,1.123561225896908,0,0,0,1,0,1,1,0,0,1,0,1,0,1,0,0,0,1,0,1,1,0,1,1,0,0,0
6339-DKLMK,0,-0.7931549280876836,-1.1043466217424387,-0.8392005217723277,0,0,0,0,1,0,0,0,0,0,0,1,0,0,0,0,0,0,0,0,0,0,1,0,1,0,0
0621-TSSMU,0,0.9571916699718578,-1.4925939364934466,-0.5157031041625629,1,1,0,1,0,0,0,1,1,0,1,0,1,0,1,0,1,0,1,0,1,0,0,1,0,0,0
0754-UKWQP,0,-1.2409180113122174,1.026036079711811,-0.9236092874285131,1,0,0,1,0,0,1,0,0,0,0,0,0,1,0,0,0,1,0,1,0,0,1,0,1,0,1
5935-FCCNB,1,-0.6303319887333076,0.9712832532725666,-0.30434092061568335,0,0,0,1,0,1,1,0,0,0,0,0,0,0,0,0,0,1,0,1,0,0,1,0,1,0,0
2433-KMEAS,0,-0.4268033145403377,-0.3477621109456021,-0.5154396697834018,1,0,0,1,0,1,0,0,0,1,0,0,0,0,0,0,0,0,0,0,0,0,1,0,1,0,1
7245-JMTTQ,0,0.7536629957788878,1.5453583426052537,1.4936426228883177,0,0,0,1,0,1,1,0,0,0,0,1,0,1,0,1,0,1,0,1,1,0,1,0,1,0,0
2676-OXPPQ,0,-1.0780950719578415,-0.3062826969764773,-0.8630413330864024,1,0,0,1,0,0,0,0,0,1,0,1,0,0,0,0,0,0,0,0,0,0,1,0,0,0,0
6356-ELRKD,0,-1.2816237461508113,1.0177401969179862,-0.9684370376157511,0,0,0,1,0,0,1,0,0,1,0,0,0,0,0,0,0,1,0,1,0,0,1,0,1,0,1
2688-BHGOG,1,-0.9559778674420595,0.4851445215544238,-0.6949262934517947,1,0,0,1,0,0,1,0,0,0,0,0,0,0,0,0,0,0,0,1,0,0,1,0,1,0,0
2692-BUCFV,1,-0.1418631706701798,1.2118638542934905,0.2841934352950241,1,0,0,1,0,0,1,0,0,0,0,1,0,1,0,0,0,1,0,1,0,0,1,0,0,0,0
2082-CEFLT,0,-1.2816237461508113,-0.6414363618470058,-0.9903899025458383,1,0,0,1,0,0,0,0,0,0,0,0,0,0,0,0,0,0,0,0,0,0,1,0,1,0,1
9782-LGXMC,0,0.6722515261016999,-0.10552233336591335,0.31736421420438593,0,1,1,1,0,0,0,0,0,1,0,0,0,1,0,1,0,0,0,0,0,0,0,0,0,0,0
4608-LCIMN,0,-0.9966836022806536,-0.6729607164635407,-0.848332913583244,1,1,1,1,0,0,0,0,0,0,0,0,0,0,0,0,0,0,0,0,0,0,0,0,0,0,0
0872-NXJYS,0,-0.9559778674420595,0.4851445215544238,-0.6927968655535762,0,0,0,1,0,0,1,0,0,0,0,0,0,0,0,0,0,0,0,1,0,0,1,0,1,0,1
5651-CRHKQ,0,0.346605647392948,0.7058150038701679,0.4556233575340751,0,1,0,1,0,0,1,0,0,0,0,1,0,1,0,1,0,0,0,0,1,0,1,0,0,0,0
3683-QKIUE,0,-1.0780950719578415,-0.4688819997354467,-0.8839404604998454,0,0,0,1,0,0,0,0,0,0,0,0,0,0,0,1,0,0,0,0,0,0,1,0,0,0,1
5136-KCKGI,0,0.020959768684196134,1.2865267994379153,0.5118007388901682,0,1,1,1,0,1,1,0,0,1,0,0,0,1,0,0,0,1,0,1,1,0,1,0,0,1,1
5804-JMYIO,0,0.26519417771576004,-1.4992306427285067,-0.677627435886886,0,1,1,1,0,0,0,1,1,0,1,0,1,0,1,0,1,0,1,0,0,1,0,0,0,1,0
9058-CBREO,1,-1.2816237461508113,-0.4771778825292717,-0.9882165689177596,0,0,0,1,0,1,0,0,0,0,0,0,0,0,0,0,0,0,0,0,0,0,0,0,0,1,1
0550-DCXLH,0,-0.7931549280876836,0.2794066282675646,-0.6014070888496234,1,0,0,1,0,0,0,0,0,0,0,1,0,0,0,1,0,1,0,1,0,0,0,0,0,1,0
9809-IMGCQ,1,-0.4268033145403377,1.0542420812108162,-0.0958765152395755,1,0,0,1,0,1,1,0,0,0,0,0,0,0,0,0,0,1,0,1,0,0,1,0,1,0,1
3162-KKZXO,1,0.9164859351332638,1.1687252637656007,1.364779305748706,0,0,0,1,0,1,1,0,0,0,0,0,0,1,0,0,0,1,0,1,1,0,1,0,1,0,0
6357-JJPQT,0,-1.2002122764736234,0.5166688761709587,-0.9083959520319627,0,0,0,1,0,0,1,0,0,0,0,0,0,0,0,0,0,1,0,0,0,0,1,0,1,0,0
8672-OAUPW,0,0.7536629957788878,-0.5667734167025811,0.024337373117582047,1,0,1,1,0,0,0,0,0,0,0,0,0,0,0,1,0,0,0,0,1,0,0,1,0,0,0
8668-KNZTI,0,0.7943687306174818,-0.3709905827683121,0.21484433498087874,1,0,0,1,0,0,0,0,0,1,0,0,0,1,0,0,0,0,0,0,1,0,0,0,1,0,0
5640-CAXOA,0,-0.10115743583158582,-0.8156499005173299,-0.4892279490568777,0,0,0,0,1,0,0,0,0,0,0,0,0,0,0,1,0,0,0,1,1,0,1,1,0,0,0
3472-QPRCH,0,0.30589991255435406,-1.3167212212643575,-0.5683241213999818,1,1,1,1,0,1,0,1,1,0,1,0,1,0,1,0,1,0,1,0,0,1,0,1,0,0,0
9185-TQCVP,0,-0.7524491932490895,0.6709722961361032,-0.5102368407949711,1,1,0,1,0,1,1,0,0,0,0,0,0,0,0,0,0,0,0,1,0,0,1,0,1,0,1
2887-JPYLU,0,0.346605647392948,-0.6547097743171256,-0.20171127706752573,0,0,1,1,0,0,0,0,0,0,0,0,0,0,0,0,0,0,0,0,0,0,0,0,0,0,0
9839-ETQOE,0,0.428017117070136,-0.8123315473998,-0.17056016173173208,1,0,1,0,1,0,0,0,0,1,0,1,0,1,0,0,0,0,0,0,0,0,1,0,1,0,0
0078-XZMHT,0,1.6084834273893616,0.6709722961361032,1.7627627940662567,1,1,0,1,0,1,0,0,0,0,0,1,0,1,0,1,0,1,0,1,0,1,1,0,0,0,0
3315-IKYZQ,0,-0.1825689055087738,-0.4688819997354467,-0.4015262536611794,1,1,1,0,1,0,0,0,0,1,0,0,0,1,0,1,0,1,0,0,1,0,0,0,0,1,0
8883-ANODQ,0,1.4456604880349857,0.6460846477546283,1.5127416153774937,0,1,1,1,0,1,1,0,0,0,0,1,0,1,0,0,0,0,0,0,0,1,1,1,0,0,0
2272-JKMSI,0,1.2014260790034217,1.522129870782544,1.9931581115075216,0,1,1,1,0,1,1,0,0,0,0,1,0,1,0,1,0,1,0,1,1,0,1,0,1,0,0
4361-JEIVL,0,-1.2816237461508113,-0.6812565992573657,-0.9909167713041603,1,0,1,1,0,0,0,0,0,0,0,0,0,0,0,0,0,0,0,0,0,0,1,0,1,0,1
3009-JWMPU,0,1.2014260790034217,1.0559012577695812,1.6789906614930439,1,0,0,1,0,1,1,0,0,0,0,0,0,1,0,0,0,1,0,1,1,0,1,0,1,0,1
1897-RCFUM,0,0.26519417771576004,-1.3515639289984223,-0.6088491100609229,0,1,1,1,0,1,0,1,1,0,1,0,1,0,1,0,1,0,1,0,1,0,1,0,0,1,0
5032-MIYKT,0,-1.2816237461508113,0.19147027065302033,-0.9793695643509346,0,0,0,1,0,0,1,0,0,0,0,0,0,0,0,0,0,0,0,0,0,0,1,0,0,1,0
1597-FZREH,0,-1.2409180113122174,0.38061639835222955,-0.9398105017469173,0,0,0,1,0,0,0,0,0,0,0,0,0,1,0,1,0,1,0,1,0,0,0,0,1,0,1
2530-ENDWQ,0,1.5677776925507676,0.9546914876849167,1.8809350659849162,0,1,0,1,0,1,1,0,0,0,0,0,0,0,0,0,0,1,0,1,0,1,1,0,0,0,1
8364-TRMMK,0,-1.2002122764736234,-0.47385952941174164,-0.9439815460836338,0,0,0,1,0,1,0,0,0,0,0,0,0,0,0,0,0,0,0,0,0,0,1,0,0,1,1
3696-XRIEN,0,0.7129572609402939,0.5830359385215584,0.8244534412244701,0,0,0,1,0,1,0,0,0,1,0,0,0,1,0,1,0,1,0,1,1,0,1,1,0,0,0
8200-KLNYW,0,-0.4675090493789317,0.5299422886410788,-0.25744960112501714,0,1,0,1,0,0,0,0,0,1,0,0,0,1,0,1,0,1,0,1,1,0,0,0,0,1,0
5568-DMXZS,0,-0.9966836022806536,0.01725673198269617,-0.7669755961523409,0,0,0,1,0,0,0,0,0,0,0,1,0,0,0,1,0,1,0,0,0,0,1,0,1,0,0
9102-IAYHT,0,-0.6303319887333076,0.680927355488693,-0.37307534071178644,0,1,1,1,0,1,1,0,0,0,0,0,0,0,0,0,0,0,0,1,0,0,1,0,1,0,1
4584-LBNMK,1,0.5094285867473239,-1.3349721634107725,-0.4948039767491199,1,1,0,1,0,1,0,1,1,0,1,0,1,0,1,0,1,0,1,0,1,0,0,1,0,0,0
2626-URJFX,0,-1.1595065416350294,-0.4655636466179167,-0.9113595887975244,1,1,1,1,0,1,0,0,0,0,0,0,0,0,0,0,0,0,0,0,0,0,1,0,1,0,1
3813-DHBBB,0,1.4049547531963917,-0.46390447005915153,0.5358171731236835,1,1,0,0,1,0,0,0,0,1,0,1,0,0,0,1,0,0,0,1,0,1,1,0,0,0,0
3815-SLMEF,0,-1.2002122764736234,-1.018069440686659,-0.9492282808019248,0,0,0,0,1,0,0,0,0,1,0,0,0,0,0,1,0,0,0,0,0,0,0,0,0,1,1
5998-DZLYR,0,1.1607203441648277,0.9762607829488613,1.4935328585636674,0,1,0,1,0,1,1,0,0,0,0,1,0,0,0,1,0,0,0,1,0,1,1,0,0,0,0
0083-PIVIK,0,1.2828375486806096,0.5415565245524336,1.4340625474680613,1,0,0,1,0,1,0,0,0,1,0,1,0,1,0,1,0,1,0,0,1,0,0,0,1,0,0
8022-BECSI,0,-0.4268033145403377,-1.5042081724048018,-0.824909206702841,1,0,0,1,0,0,0,1,1,0,1,0,1,0,1,0,1,0,1,0,1,0,0,0,0,1,0
6994-KERXL,0,-1.1595065416350294,-0.29964599074141746,-0.9056957496455619,1,0,0,1,0,0,0,0,0,0,0,0,0,0,0,0,0,0,0,1,0,0,1,0,1,0,0
1309-XGFSN,1,0.7943687306174818,0.5282831120823135,0.7807452871486664,1,1,1,1,0,1,0,0,0,0,0,1,0,1,0,0,0,1,0,1,1,0,1,0,1,0,0
5628-RKIFK,1,0.6722515261016999,1.2151822074110203,1.2157852114682042,0,0,0,1,0,1,1,0,0,1,0,0,0,0,0,0,0,1,0,1,0,0,0,1,0,0,0
4350-ZTLPI,0,0.8350744654560759,1.4607403381082393,1.5002065295024138,0,1,0,1,0,1,1,0,0,0,0,1,0,1,0,1,0,1,0,1,1,0,1,0,0,0,0
8884-MRNSU,0,-0.6303319887333076,-1.4942531130522119,-0.8656317711481527,1,1,1,1,0,0,0,1,1,0,1,0,1,0,1,0,1,0,1,0,1,0,0,0,0,0,0
5397-TUPSH,1,1.3235432835192036,0.1997661534468453,0.9895828912285857,1,1,0,1,0,0,1,0,0,0,0,0,0,0,0,0,0,0,0,0,1,0,1,0,0,0,0
2874-YXVVA,0,0.06166550352279012,1.3329837430833347,0.5854745535955408,0,0,0,1,0,0,1,0,0,0,0,1,0,1,0,1,0,1,0,1,0,0,1,0,1,0,0
5567-WSELE,1,-1.2002122764736234,0.9845566657426863,-0.8876724475379603,1,1,0,1,0,1,1,0,0,0,0,0,0,0,0,0,0,1,0,1,0,0,1,0,1,0,1
0310-VQXAM,0,-0.9559778674420595,-1.4959122896109767,-0.9319074703720859,1,0,0,1,0,0,0,1,1,0,1,0,1,0,1,0,1,0,1,0,0,0,0,0,0,1,0
7136-RVDTZ,1,1.5270719577121736,-0.6530505977583607,0.42286968305838485,1,0,0,0,1,0,0,0,0,0,0,0,0,0,0,0,0,1,0,1,1,0,1,0,1,0,1
6007-TCTST,0,1.6084834273893616,1.6880475266590431,2.711258276235604,0,1,1,1,0,1,1,0,0,1,0,1,0,1,0,1,0,1,0,1,0,1,1,0,0,0,0
2292-XQWSV,0,0.30589991255435406,-0.1536384535700982,0.06462088026429204,1,1,1,0,1,0,0,0,0,0,0,1,0,1,0,1,0,1,0,1,1,0,0,0,0,1,0
8331-ZXFOE,0,1.0386031396490458,0.20474368312314,0.8771842227865393,0,0,0,1,0,1,0,0,0,1,0,1,0,1,0,1,0,0,0,0,1,0,1,1,0,0,0
4592-IWTJI,0,-1.2002122764736234,-1.1690545075342733,-0.9701493610802979,0,1,1,0,1,0,0,0,0,1,0,0,0,0,0,0,0,0,0,0,0,0,0,1,0,0,1
7794-JASDG,0,-1.2816237461508113,-0.4705411762942116,-0.9881287574580393,1,0,0,1,0,0,0,0,0,1,0,0,0,0,0,0,0,0,0,0,0,0,1,0,0,1,0
5939-SXWHM,0,0.631545791263106,-1.2818785135302928,-0.4637626257379766,1,1,1,1,0,1,0,1,1,0,1,0,1,0,1,0,1,0,1,0,0,1,0,0,0,0,0
8929-KSWIH,0,-0.30468611002455576,1.1405192622665956,0.0931596046734054,1,0,0,1,0,0,1,0,0,0,0,0,0,1,0,1,0,1,0,1,0,1,0,0,0,0,0
6386-SZZKH,0,0.6722515261016999,1.4275568069329394,1.3136071775966727,0,1,1,1,0,1,1,0,0,0,0,1,0,1,0,1,0,1,0,1,0,1,1,0,0,0,1
4116-TZAQJ,0,-0.9559778674420595,0.3092718063253347,-0.7295679143114723,0,0,0,1,0,0,1,0,0,1,0,0,0,0,0,0,0,0,0,0,0,0,1,1,0,0,1
8903-WMRNW,0,-0.7117434584104956,1.2218189136460804,-0.27744866107632654,0,1,0,1,0,0,1,0,0,1,0,0,0,1,0,0,0,1,0,1,0,0,0,0,1,0,0
0771-CHWSK,0,1.3642490183577978,0.32088604223668943,1.0963616262485298,1,0,0,1,0,1,0,0,0,1,0,1,0,1,0,0,0,0,0,1,0,1,1,1,0,0,0
1448-CYWKC,0,1.0386031396490458,1.336302096200865,1.7228963913532183,0,1,1,1,0,1,1,0,0,0,0,1,0,1,0,0,0,1,0,1,1,0,1,1,0,0,0
7100-FQPRV,0,0.428017117070136,0.23129050806338025,0.38287156315576604,1,1,1,1,0,1,0,0,0,1,0,0,0,0,0,1,0,0,0,1,1,0,1,1,0,0,0
6718-BDGHG,0,0.428017117070136,-0.0026533867224840216,0.2664555204315136,0,1,0,1,0,1,0,0,0,0,0,0,0,0,0,1,0,1,0,0,1,0,1,0,0,0,0
2452-SNHFZ,0,0.590840056424512,0.3490920437356946,0.5460911139109643,0,0,0,1,0,0,1,0,0,1,0,0,0,0,0,0,0,0,0,0,0,0,0,1,0,0,0
5035-PGZXH,0,0.9571916699718578,1.3893957460813444,1.5863495714880758,0,0,0,1,0,1,1,0,0,0,0,1,0,1,0,0,0,1,0,1,1,0,1,0,1,0,0
1814-WFGVS,0,1.6084834273893616,-0.5319307089685164,0.5381441768062728,1,1,1,0,1,0,0,0,0,1,0,0,0,1,0,1,0,1,0,0,0,1,0,0,0,1,0
5146-CBVOE,0,-0.6710377235719016,0.3374778078243394,-0.47790027075295277,0,0,0,1,0,0,1,0,0,0,0,1,0,0,0,0,0,0,0,0,0,0,0,0,0,0,0
9281-CEDRU,0,1.4456604880349857,-0.027541035103958902,0.8890607227137165,0,1,0,1,0,0,0,0,0,0,0,1,0,0,0,1,0,1,0,0,0,1,0,0,0,0,0
0422-OHQHQ,0,-0.7117434584104956,-1.472683817788267,-0.8804719078408917,0,1,1,1,0,0,0,1,1,0,1,0,1,0,1,0,1,0,1,0,1,0,0,0,0,1,0
3745-HRPHI,0,1.3642490183577978,-0.34112540471054226,0.5842451931594559,1,1,1,0,1,0,0,0,0,0,0,0,0,1,0,1,0,1,0,1,0,1,0,0,0,0,0
4086-YQSNZ,1,-1.2002122764736234,0.5133505230534289,-0.912040127610357,0,1,0,1,0,0,1,0,0,0,0,0,0,0,0,0,0,1,0,0,0,0,1,0,1,0,1
9680-NIAUV,0,1.6084834273893616,1.4856279864897142,2.5588175821610784,0,1,1,1,0,1,1,0,0,1,0,1,0,1,0,0,0,1,0,1,0,1,0,1,0,0,0
2346-CZYIL,0,-0.22327464034736777,-1.4793205240233267,-0.7770080554253908,1,0,0,1,0,0,0,1,1,0,1,0,1,0,1,0,1,0,1,0,0,1,0,1,0,0,0
1465-WCZVT,0,-1.2002122764736234,-1.5025489958460367,-0.9837820902018819,0,1,1,1,0,0,0,1,1,0,1,0,1,0,1,0,1,0,1,0,0,0,0,0,0,1,0
6298-QDFNH,0,-0.4268033145403377,0.4785078153193637,-0.25068811872655034,1,0,0,1,0,1,1,0,0,0,0,1,0,0,0,0,0,0,0,0,0,0,1,0,1,0,1
3969-JQABI,0,1.0386031396490458,0.010620025747636104,0.6543187380162941,0,1,0,1,0,0,0,0,0,1,0,1,0,0,0,0,0,1,0,0,0,0,1,1,0,0,0
2560-QTSBS,0,1.6084834273893616,-1.3814291070561924,-0.2977550611366572,0,1,1,1,0,1,0,1,1,0,1,0,1,0,1,0,1,0,1,0,1,0,1,0,0,0,0
2325-WINES,0,-0.019745966154397852,1.29814103534927,0.48978201536529065,0,0,0,1,0,1,1,0,0,0,0,1,0,1,0,0,0,1,0,1,1,0,1,1,0,0,0
0002-ORFBO,0,-0.9559778674420595,0.02223426165899086,-0.7499182201016632,0,1,1,1,0,0,0,0,0,0,0,1,0,0,0,1,0,1,0,0,1,0,1,0,0,1,0
3272-VUHPV,0,-0.9966836022806536,-0.2863725782712976,-0.8341294099734776,0,1,1,1,0,0,0,0,0,0,0,1,0,0,0,1,0,0,0,0,0,0,0,0,0,0,0
3164-AALRN,0,-1.1188008067964355,0.16824179883031035,-0.8578824098278319,1,0,0,1,0,0,0,0,0,0,0,0,0,1,0,0,0,1,0,1,1,0,1,0,0,1,1
9710-NJERN,0,0.26519417771576004,-1.4859572302583868,-0.6477495867170373,0,0,0,1,0,0,0,1,1,0,1,0,1,0,1,0,1,0,1,0,0,1,0,0,0,1,0
7567-ECMCM,0,-0.3453918448631497,0.4950995809070136,-0.13185726085998833,1,0,0,1,0,0,1,0,0,0,0,0,0,0,0,0,0,0,0,1,0,0,1,1,0,0,0
0269-XFESX,0,-0.38609757970174374,-1.3465863993221274,-0.7739785600650387,1,1,1,1,0,1,0,1,1,0,1,0,1,0,1,0,1,0,1,0,1,0,0,0,0,1,0
1200-TUZHR,1,-0.9966836022806536,0.6726314726948681,-0.7049367998599145,0,0,0,1,0,1,1,0,0,0,0,0,0,0,0,0,0,0,0,1,0,0,0,0,1,0,0
7753-USQYQ,0,0.9164859351332638,-0.024222681986428636,0.5821816238560278,1,0,0,1,0,0,0,0,0,0,0,1,0,0,0,1,0,0,0,1,1,0,1,0,1,0,0
6416-TVAIH,0,-1.2816237461508113,0.11846650206736059,-0.9803354904078583,1,1,1,1,0,0,1,0,0,0,0,0,0,0,0,0,0,0,0,0,0,0,1,0,1,0,1
1183-CANVH,0,-0.38609757970174374,-0.16359351292268806,-0.4189348755507385,0,1,0,1,0,0,0,0,0,0,0,0,0,0,0,1,0,1,0,0,1,0,0,0,0,0,0
6892-EZDTG,0,-1.1595065416350294,0.8866652487755522,-0.8499793784530005,0,1,0,1,0,1,1,0,0,0,0,1,0,0,0,0,0,1,0,0,0,0,1,0,1,0,1
0956-ACVZC,0,0.8757802002946699,0.9679649001550363,1.2116141671314875,0,0,0,1,0,0,1,0,0,0,0,0,0,1,0,0,0,1,0,1,1,0,1,1,0,0,0
9776-OJUZI,1,1.3235432835192036,1.0127626672416914,1.7219743710261548,0,0,0,1,0,1,1,0,0,0,0,1,0,1,0,0,0,1,0,0,0,0,1,0,0,0,0
1696-MZVAU,0,0.26519417771576004,-1.3167212212643575,-0.594294360612275,1,1,1,0,1,0,0,0,0,0,0,0,0,0,0,0,0,0,0,0,1,0,1,1,0,0,0
3584-WKTTW,0,0.7536629957788878,1.5470175191640188,1.5011505026944079,1,1,0,1,0,1,1,0,0,1,0,0,0,1,0,1,0,1,0,1,1,0,1,0,1,0,0
3688-FTHLT,0,-0.6710377235719016,-0.06238374283802364,-0.541914824889087,0,0,0,1,0,1,0,0,0,0,0,0,0,0,0,0,0,0,0,1,0,0,1,0,0,0,0
5982-FPVQN,0,0.18378270803857208,1.0028076078891015,0.540712662003093,0,1,1,1,0,1,1,0,0,0,0,1,0,1,0,0,0,0,0,1,0,0,1,0,1,0,0
8295-KMENE,0,1.0793088744876398,0.38227557491099445,0.9739085456685035,0,1,1,1,0,1,0,0,0,1,0,0,0,1,0,1,0,1,0,0,0,1,1,0,0,1,0
8552-OBVRU,1,0.631545791263106,1.313073624378155,1.2147534268164901,0,1,1,1,0,0,1,0,0,1,0,0,0,1,0,1,0,1,0,1,0,0,1,0,1,0,0
5458-CQJTA,0,1.3235432835192036,0.3275227484717495,1.1059111224931177,1,1,1,1,0,0,0,0,0,1,0,0,0,0,0,1,0,1,0,1,0,1,1,0,0,0,1
8194-PEEBY,0,-0.3453918448631497,-1.4942531130522119,-0.7761738465580474,0,1,1,1,0,0,0,1,1,0,1,0,1,0,1,0,1,0,1,0,1,0,0,0,0,1,0
7797-EJMDP,0,-0.9966836022806536,0.03716685068787588,-0.758172497315376,0,0,0,1,0,0,0,0,0,1,0,0,0,0,0,1,0,0,0,1,0,0,0,0,0,0,0
5175-WLYXL,0,-0.4268033145403377,0.4619160497317138,-0.30780947327463715,1,0,0,1,0,1,1,0,0,0,0,1,0,0,0,0,0,0,0,0,0,0,1,0,0,1,0
7143-BQIBA,0,-0.9152721326034655,-0.08893056777826343,-0.7412907441841389,1,0,0,1,0,0,0,0,0,1,0,0,0,0,0,1,0,1,0,0,0,0,0,0,0,0,0
3571-RFHAR,0,1.3235432835192036,1.4673770443432994,2.0371736056923466,1,0,0,1,0,1,1,0,0,0,0,1,0,1,0,1,0,1,0,1,0,0,1,0,1,0,1
9921-QFQUL,0,-0.38609757970174374,0.8368899520126024,-0.11256069258644166,0,1,0,1,0,1,1,0,0,0,0,0,0,1,0,0,0,0,0,1,0,0,0,0,0,1,0
5447-VYTKW,0,-0.22327464034736777,-0.38094564212090193,-0.3687506263205592,1,0,0,1,0,0,0,0,0,1,0,0,0,0,0,1,0,0,0,0,0,0,0,0,0,1,0
7244-KXYZN,0,-0.3453918448631497,-1.4760021709057967,-0.7788740489444482,0,0,0,1,0,0,0,1,1,0,1,0,1,0,1,0,1,0,1,0,1,0,0,1,0,0,0
1794-HBQTJ,0,-1.2816237461508113,-0.5418857683211062,-0.9890727306500331,0,0,0,1,0,0,0,0,0,1,0,0,0,0,0,0,0,0,0,0,0,0,1,1,0,0,1
6211-WWLTF,0,1.2421318138420157,1.1537926747367158,1.7689974077064012,1,1,0,1,0,0,1,0,0,1,0,0,0,1,0,0,0,1,0,1,0,1,0,1,0,0,0
7139-JZFVG,0,1.1200146093262338,-0.14700174733503815,0.6116643214571347,1,1,1,1,0,0,0,0,0,1,0,1,0,1,0,0,0,0,0,0,0,1,0,0,0,0,0
7605-BDWDC,0,-0.06045170099299184,-0.5004063543519814,-0.342999915757567,0,0,0,0,1,0,0,0,0,1,0,1,0,0,0,1,0,0,0,1,0,1,1,0,0,0,0
3704-IEAXF,0,1.6084834273893616,-0.37430893588584213,0.6509819025469209,0,1,1,0,1,0,0,0,0,0,0,1,0,0,0,1,0,1,0,1,0,1,0,1,0,0,0
6072-NUQCB,0,-0.4268033145403377,-1.4826388771408567,-0.7960411893197763,1,1,1,1,0,0,0,1,1,0,1,0,1,0,1,0,1,0,1,0,1,0,0,0,0,0,0
7351-KYHQH,1,-1.0373893371192475,0.0006649663950462456,-0.7936702799073269,0,0,0,1,0,0,0,0,0,0,0,1,0,1,0,0,0,1,0,0,0,0,1,0,1,0,0
7396-VJUZB,0,-1.1595065416350294,-0.6530505977583607,-0.9422033640242969,1,1,1,1,0,0,0,0,0,0,0,0,0,0,0,0,0,0,0,0,0,0,0,0,0,1,0
1814-DKOLC,0,-1.1188008067964355,-1.3100845150292975,-0.9512479443754928,0,0,0,1,0,1,0,1,1,0,1,0,1,0,1,0,1,0,1,0,0,0,0,0,0,1,0
6288-LBEAR,0,-0.38609757970174374,0.4702119325255387,-0.22724245898121717,0,0,0,1,0,0,1,0,0,0,0,1,0,0,0,1,0,0,0,0,0,0,1,0,0,1,0
8148-WOCMK,0,-0.9966836022806536,-1.5042081724048018,-0.9555287530368598,1,1,1,1,0,0,0,1,1,0,1,0,1,0,1,0,1,0,1,0,0,1,0,1,0,0,0
8990-ZXLSU,0,-0.9559778674420595,0.1367174442137754,-0.7243650853230417,0,0,0,1,0,0,1,0,0,0,0,0,0,0,0,0,0,0,0,0,0,0,0,0,1,0,0
6242-MBHPK,1,-0.38609757970174374,1.0011484313303363,0.01085831405050859,0,1,0,1,0,0,1,0,0,1,0,0,0,0,0,0,0,1,0,1,0,0,1,0,1,0,0
0270-THENM,0,1.6084834273893616,0.16326426915401518,1.2298130921585302,1,1,1,1,0,1,0,0,0,1,0,1,0,1,0,1,0,0,0,0,0,1,0,0,0,0,0
2115-BFTIW,0,-0.30468611002455576,0.1997661534468453,-0.2344429986782858,1,0,0,1,0,0,1,0,0,0,0,0,0,0,0,0,0,0,0,0,0,0,0,0,0,1,1
2533-TIBIX,0,-0.7117434584104956,-1.1524627419466233,-0.8042076550737687,1,1,1,0,1,0,0,0,0,1,0,0,0,0,0,0,0,0,0,0,0,0,1,0,0,0,0
4320-QMLLA,0,-1.0373893371192475,-0.33448869847548224,-0.8477840919599918,1,0,0,1,0,0,0,0,0,0,0,0,0,0,0,0,0,1,0,0,0,0,0,0,0,1,0
4929-BSTRX,0,-1.2816237461508113,-0.37762728900337217,-0.9868993970219543,0,0,0,1,0,0,0,0,0,0,0,0,0,0,0,0,0,1,0,0,0,0,1,0,0,1,1
3643-AHCFP,1,-1.0373893371192475,1.0177401969179862,-0.7275043450080442,1,1,0,1,0,1,1,0,0,0,0,0,0,0,0,0,0,1,0,1,0,0,1,0,0,0,1
1545-ACTAS,0,0.631545791263106,1.1537926747367158,1.1748650712385216,0,1,1,1,0,0,1,0,0,1,0,0,0,1,0,0,0,1,0,1,1,0,1,0,0,0,0
8213-TAZPM,0,1.4863662228735797,1.4541036318731793,2.279467375925719,0,1,1,1,0,1,1,0,0,0,0,1,0,1,0,1,0,1,0,1,1,0,1,0,0,0,0
4913-EHYUI,1,0.9571916699718578,1.31473280093692,1.5337724599805171,1,1,1,1,0,1,1,0,0,1,0,0,0,1,0,0,0,1,0,1,1,0,1,0,0,0,1
6161-UUUTA,1,-1.2002122764736234,0.49675875746577897,-0.8958608661568828,1,0,0,1,0,0,1,0,0,0,0,0,0,0,0,0,0,1,0,0,0,0,1,0,1,0,1
6873-UDNLD,0,0.30589991255435406,0.08362379433329585,0.1886545671192847,1,0,0,1,0,0,0,0,0,1,0,0,0,1,0,0,0,0,0,1,0,0,0,0,1,0,0
7196-LIWRH,0,-1.0780950719578415,-1.5058673489635668,-0.9557702345510908,0,0,0,1,0,0,0,1,1,0,1,0,1,0,1,0,1,0,1,0,0,1,0,0,0,1,0
6804-GDMOI,0,1.1607203441648277,1.3827590398462843,1.8120250229693722,0,0,0,1,0,1,1,0,0,0,0,0,0,1,0,1,0,1,0,1,0,1,1,0,1,0,1
4826-XTSOH,1,-1.2816237461508113,0.7008374741938728,-0.9726300348173976,1,1,0,1,0,1,1,0,0,0,0,0,0,0,0,0,0,1,0,0,0,0,1,0,1,0,1
2039-JONDJ,0,-0.22327464034736777,-0.31457857977030224,-0.36163789808321095,1,0,0,1,0,0,0,0,0,1,0,1,0,0,0,0,0,0,0,0,1,0,0,0,0,0,0
5129-HHMZC,0,0.428017117070136,0.7141108866639929,0.5589993984898556,0,1,0,1,0,1,0,0,0,1,0,1,0,0,0,1,0,1,0,1,0,1,0,1,0,0,0
7000-WCEVQ,1,-0.5082147842175256,-0.11049986304220827,-0.4948039767491199,0,0,0,1,0,1,0,0,0,0,0,0,0,0,0,0,0,0,0,1,0,0,1,0,0,1,1
6198-RTPMF,0,-0.6303319887333076,0.9181896033920867,-0.316832100760903,0,1,0,1,0,1,1,0,0,0,0,0,0,0,0,0,0,1,0,1,0,0,0,0,1,0,0
3453-RTHJQ,0,-1.0780950719578415,0.13837662077254032,-0.8194209904703191,1,0,0,1,0,0,1,0,0,0,0,0,0,0,0,0,0,0,0,0,0,0,1,0,1,0,0
2073-QBVBI,0,0.346605647392948,-0.9782492032762992,-0.39939682576296087,0,1,0,0,1,0,0,0,0,0,0,1,0,0,0,1,0,0,0,0,1,0,0,0,0,1,0
1285-OKIPP,0,-1.2816237461508113,0.49675875746577897,-0.9753302372037984,1,0,0,1,0,0,1,0,0,0,0,0,0,0,0,0,0,0,0,1,0,0,0,0,1,0,1
7665-TOALD,0,-1.2816237461508113,0.15496838636019022,-0.9798525273793964,0,0,0,1,0,0,1,0,0,0,0,0,0,0,0,0,0,0,0,0,0,0,1,0,1,0,1
3058-WQDRE,0,-0.7931549280876836,-1.3200395743818876,-0.8647097508210891,1,0,0,0,1,0,0,0,0,0,0,0,0,0,0,0,0,0,0,0,0,0,1,0,0,0,0
6769-DCQLI,0,0.7943687306174818,1.3296653899658049,1.372287185554796,1,0,0,1,0,0,1,0,0,0,0,1,0,1,0,1,0,1,0,1,1,0,1,0,0,0,1
4130-MZLCC,0,-1.1188008067964355,-0.4771778825292717,-0.902951641529301,0,0,0,1,0,0,0,0,0,0,0,1,0,0,0,0,0,0,0,0,0,0,0,0,0,0,0
1951-IEYXM,0,1.6084834273893616,0.8518225410414869,1.817930343635566,1,1,1,1,0,1,0,0,0,1,0,1,0,1,0,1,0,1,0,1,0,1,1,1,0,0,0
9881-VCZEP,0,-0.30468611002455576,-0.3593763468569571,-0.4075852443818835,0,1,0,1,0,1,0,0,0,0,0,1,0,0,0,0,0,0,0,0,0,0,0,0,1,0,0
6408-OTUBZ,0,1.3642490183577978,1.31473280093692,1.965980464724074,0,0,0,1,0,1,1,0,0,1,0,1,0,1,0,1,0,1,0,0,1,0,1,0,0,0,0
8626-XHBIE,0,0.9571916699718578,-1.3316538102932427,-0.38510551069347415,1,0,1,1,0,1,0,1,1,0,1,0,1,0,1,0,1,0,1,0,0,1,1,0,0,1,0
3440-JPSCL,0,-1.0780950719578415,1.1620885575305409,-0.7699611857828327,0,0,0,1,0,0,1,0,0,0,0,0,0,1,0,1,0,1,0,1,0,0,1,0,0,1,1
7131-ZQZNK,0,1.1200146093262338,-0.168571042598983,0.5658925980779029,0,1,1,0,1,0,0,0,0,1,0,0,0,1,0,1,0,1,0,1,0,1,0,1,0,0,0
7064-FRRSW,1,0.631545791263106,1.1305642029140057,1.0726305792591058,1,0,0,1,0,1,1,0,0,0,0,1,0,0,0,0,0,1,0,1,1,0,1,0,1,0,0
0285-INHLN,0,-0.22327464034736777,-0.3378070515930122,-0.34730267728386405,1,1,1,1,0,0,0,0,0,1,0,1,0,0,0,0,0,0,0,0,0,0,1,1,0,0,0
1452-UZOSF,0,1.6084834273893616,1.3661672742586346,2.303857008863046,1,1,1,1,0,1,1,0,0,1,0,1,0,1,0,1,0,1,0,0,0,1,1,1,0,0,0
3038-PQIUY,0,0.22448844287716607,0.04048520380540615,0.09706721463096095,0,0,0,1,0,1,0,0,0,1,0,1,0,1,0,0,0,0,0,0,0,0,1,0,0,0,0
2656-TABEH,0,-1.1595065416350294,1.1703844403243657,-0.825919038489625,1,1,0,1,0,1,1,0,0,0,0,1,0,0,0,0,0,1,0,1,0,0,1,0,1,0,1
1354-YZFNB,0,-1.1595065416350294,-1.5058673489635668,-0.9802037732182777,1,1,1,1,0,0,0,1,1,0,1,0,1,0,1,0,1,0,1,0,0,1,0,1,0,0,0
5197-PYEPU,0,0.387311382231542,0.9795791360663916,0.7123621128914448,0,1,1,1,0,1,1,0,0,1,0,1,0,0,0,0,0,1,0,0,1,0,1,1,0,0,0
2379-GYFLQ,0,0.5501343215859179,0.9945117250952766,0.9315175634885051,1,0,0,1,0,1,1,0,0,0,0,1,0,1,0,0,0,1,0,0,1,0,1,1,0,0,0
8035-BUYVG,0,0.30589991255435406,-0.7492828381667302,-0.2567910151771145,1,1,0,0,1,0,0,0,0,1,0,1,0,1,0,0,0,0,0,0,1,0,1,0,1,0,1
6341-JVQGF,0,-0.06045170099299184,0.5382381714349038,0.10731920255331164,0,1,1,1,0,0,0,0,0,1,0,0,0,1,0,1,0,1,0,1,1,0,1,0,0,1,0
8800-ZKRFW,0,-0.10115743583158582,1.4126242179040545,0.41323237535407664,0,1,1,1,0,1,1,0,0,0,0,1,0,1,0,1,0,1,0,1,0,0,1,0,1,0,0
0708-LGSMF,0,-0.7931549280876836,0.03053014445281582,-0.6142714676986544,1,1,0,1,0,1,0,0,0,1,0,0,0,0,0,0,0,0,0,1,0,0,1,0,1,0,0
3082-WQRVY,1,-0.7524491932490895,-1.5025489958460367,-0.9100204640367889,1,1,0,1,0,0,0,1,1,0,1,0,1,0,1,0,1,0,1,0,1,0,0,0,0,1,0
4815-TUMEQ,0,-0.9152721326034655,-1.5141632317573919,-0.9290975036610348,0,0,0,1,0,0,0,1,1,0,1,0,1,0,1,0,1,0,1,0,1,0,1,0,0,1,0
3280-MRDOF,1,-0.10115743583158582,0.13837662077254032,-0.09106883781988628,1,0,0,1,0,1,0,0,0,0,0,0,0,1,0,1,0,1,0,0,0,1,1,1,0,0,0
2378-HTWFW,1,0.1023712383613841,0.8650959535116071,0.38601082284076854,1,0,0,1,0,1,1,0,0,1,0,0,0,0,0,0,0,0,0,1,0,0,0,1,0,0,0
1422-DGUBX,0,-0.019745966154397852,0.4751894622018339,0.13954600827067967,1,1,0,1,0,1,1,0,0,0,0,0,0,0,0,1,0,0,0,0,1,0,1,0,1,0,0
8433-WXGNA,0,-1.2409180113122174,0.35738792652951956,-0.927341274466628,1,0,0,1,0,0,1,0,0,1,0,0,0,0,0,0,0,0,0,0,0,0,1,0,1,0,1
2878-DHMIN,0,0.1023712383613841,-1.4942531130522119,-0.7179987544933164,1,1,1,1,0,0,0,1,1,0,1,0,1,0,1,0,1,0,1,0,1,0,0,0,1,0,0
7587-AOVVU,0,-0.22327464034736777,1.1886353824707805,0.21611760114682382,1,1,1,1,0,1,1,0,0,1,0,1,0,0,0,1,0,1,0,0,0,0,0,0,1,0,0
6181-AXXYF,0,1.6084834273893616,-1.3333129868520075,-0.19415949153157583,1,1,1,1,0,1,0,1,1,0,1,0,1,0,1,0,1,0,1,0,0,1,0,1,0,0,0
3308-MHOOC,0,-1.2816237461508113,-1.5174815848749215,-1.0019810152289244,1,0,1,1,0,0,0,1,1,0,1,0,1,0,1,0,1,0,1,0,0,0,1,0,0,1,0
3085-QUOZK,0,-1.2816237461508113,-0.6961891882862504,-0.9911143470885312,0,0,0,1,0,0,0,0,0,0,0,0,0,0,0,0,0,0,0,0,0,0,0,0,0,1,1
5223-UZAVK,0,1.2828375486806096,1.1737027934418955,1.8890356731441182,1,0,0,1,0,0,1,0,0,1,0,1,0,0,0,0,0,1,0,1,1,0,1,1,0,0,0
5939-XAIXZ,0,-0.5489205190561197,-0.29300928450635744,-0.5564695743377348,0,0,0,1,0,1,0,0,0,0,0,0,0,1,0,0,0,0,0,0,0,0,1,0,0,1,0
5295-PCJOO,0,-1.1595065416350294,-0.5153389433808665,-0.9294487494999162,1,0,1,1,0,0,0,0,0,1,0,0,0,0,0,0,0,0,0,0,0,0,1,0,1,0,1
6502-MJQAE,0,-1.2816237461508113,0.15496838636019022,-0.9798525273793964,1,0,0,1,0,0,1,0,0,0,0,0,0,0,0,0,0,0,0,0,0,0,1,0,1,0,1
0708-SJDIS,0,0.06166550352279012,0.0023241429538111433,-0.06314479362881542,0,0,0,1,0,1,0,0,0,0,0,0,0,0,0,1,0,1,0,0,0,0,0,0,0,1,0
2192-CKRLV,0,1.6084834273893616,-0.5219756496159262,0.5618313180658367,0,1,0,0,1,0,0,0,0,1,0,1,0,1,0,0,0,0,0,1,0,1,1,0,1,0,0
3795-CAWEX,0,1.5270719577121736,1.712935175040518,2.5689159000289186,1,1,1,1,0,1,1,0,0,1,0,1,0,1,0,1,0,1,0,1,0,1,1,1,0,0,0
5176-OLSKT,0,1.3642490183577978,0.06537285218688103,0.9083792438521933,0,1,0,1,0,1,0,0,0,1,0,1,0,1,0,0,0,0,0,0,0,1,0,0,0,0,0
5440-FLBQG,1,1.4863662228735797,1.4424893959618246,2.202698207265204,1,1,0,1,0,1,1,0,0,0,0,1,0,1,0,1,0,1,0,1,0,1,1,0,0,0,1
7105-BENQF,0,-0.7117434584104956,-0.0026533867224840216,-0.5929771887164698,1,0,1,1,0,0,0,0,0,1,0,0,0,1,0,0,0,0,0,1,1,0,0,0,0,1,0
8071-SBTRN,0,1.5270719577121736,1.533744106693899,2.3868168854338454,0,0,0,1,0,1,1,0,0,1,0,1,0,1,0,0,0,1,0,1,0,1,1,0,0,1,0
7996-MHXLW,0,1.3642490183577978,-1.3200395743818876,-0.2712140474361819,0,0,0,1,0,1,0,1,1,0,1,0,1,0,1,0,1,0,1,0,0,1,1,1,0,0,0
9490-DFPMD,1,0.387311382231542,0.6543805305484532,0.5444446490412078,0,0,0,1,0,1,1,0,0,0,0,0,0,0,0,0,0,1,0,0,0,0,1,0,1,0,1
3191-CSNMG,0,-1.2002122764736234,0.5233055824060188,-0.9052786452118903,0,1,1,1,0,0,1,0,0,0,0,0,0,0,0,0,0,1,0,0,0,0,1,0,1,0,0
7774-OJSXI,0,-0.06045170099299184,1.2782309166440902,0.3359363379352396,1,0,0,1,0,1,1,0,0,0,0,1,0,1,0,0,0,1,0,1,1,0,1,0,1,0,1
1708-PBBOA,0,0.387311382231542,-0.3378070515930122,0.020693197539187493,0,0,0,0,1,0,0,0,0,1,0,1,0,1,0,1,0,0,0,1,1,0,1,0,1,0,0
7938-OUHIO,0,-1.2002122764736234,1.1206091435614158,-0.8814817396276756,1,0,0,1,0,0,1,0,0,0,0,0,0,1,0,1,0,1,0,1,0,0,1,0,1,0,1
9639-BUJXT,0,1.2421318138420157,-1.4743429943470319,-0.4272769642241716,1,0,0,1,0,0,0,1,1,0,1,0,1,0,1,0,1,0,1,0,1,0,0,0,0,1,0
1215-EXRMO,0,0.7129572609402939,-1.472683817788267,-0.541651390509926,1,1,0,1,0,0,0,1,1,0,1,0,1,0,1,0,1,0,1,0,0,1,0,0,0,1,0
5875-YPQFJ,0,-1.2816237461508113,0.16492344571278056,-0.9797208101898158,1,0,0,1,0,0,1,0,0,0,0,0,0,0,0,0,0,0,0,0,0,0,1,0,1,0,1
3327-YBAKM,0,1.2828375486806096,1.0608787874458763,1.7619505380638436,0,1,0,1,0,0,1,0,0,1,0,0,0,0,0,1,0,1,0,1,1,0,1,0,0,1,0
3137-NYQQI,0,-0.6303319887333076,-0.004312563281248919,-0.4942551551258677,1,1,0,1,0,0,0,0,0,1,0,1,0,0,0,0,0,0,0,1,1,0,0,0,0,1,0
5306-BVTKJ,0,0.631545791263106,-0.3029643438589475,0.15361779469086545,1,1,1,1,0,0,0,0,0,0,0,1,0,1,0,0,0,0,0,0,1,0,1,1,0,0,0
8106-GWQOK,0,0.22448844287716607,-0.16359351292268806,-0.04747044806873324,1,1,0,0,1,0,0,0,0,1,0,1,0,0,0,1,0,1,0,1,0,1,1,0,0,0,0
6586-PSJOX,0,-0.7117434584104956,-0.3228744625641272,-0.6308239278559401,1,0,1,1,0,0,0,0,0,0,0,0,0,1,0,1,0,0,0,0,1,0,0,1,0,0,0
0369-ZGOVK,0,-0.1825689055087738,0.1815152113004305,-0.13572096508768366,0,1,1,1,0,0,1,0,0,0,0,0,0,0,0,0,0,0,0,0,1,0,1,0,0,0,0
2193-SFWQW,0,1.6084834273893616,1.560290931634139,2.516580270035591,1,1,1,1,0,0,1,0,0,1,0,1,0,1,0,1,0,1,0,1,0,1,0,0,0,0,0
5656-MJEFC,0,0.387311382231542,-0.5568183573499913,-0.11811476741375376,1,1,1,0,1,0,0,0,0,1,0,0,0,1,0,1,0,1,0,0,0,1,0,1,0,0,0
2002-MZHWP,0,-1.2816237461508113,-1.4743429943470319,-1.001410240740742,0,0,0,1,0,0,0,1,1,0,1,0,1,0,1,0,1,0,1,0,0,0,0,0,0,1,1
4911-BANWH,0,-0.06045170099299184,0.7174292397815226,0.17390224188626613,0,0,1,1,0,1,1,0,0,0,0,0,0,0,0,0,0,1,0,0,0,0,1,1,0,0,1
8919-FYFQZ,1,0.46872285190873,-1.1474852122703283,-0.4134247064532866,1,1,0,0,1,0,0,0,0,0,0,1,0,0,0,0,0,0,0,0,0,0,1,0,1,0,1
2450-ZKEED,0,-0.8745663977648716,-0.3693314062095472,-0.7243431324581115,0,0,0,1,0,0,0,0,0,0,0,0,0,1,0,1,0,0,0,0,1,0,0,0,0,0,0
6599-SFQVE,0,-1.0780950719578415,-0.3295111687991873,-0.8609558109180441,0,0,0,1,0,0,0,0,0,0,0,0,0,0,0,0,0,0,0,1,0,0,1,0,1,0,0
6500-JVEGC,0,1.4456604880349857,1.2085455011759603,2.111615770670272,1,0,0,1,0,1,1,0,0,1,0,1,0,1,0,0,0,1,0,0,1,0,0,0,0,0,0
1599-MMYRQ,0,1.2014260790034217,0.5481932307874936,1.177433556435342,1,1,1,1,0,0,1,0,0,1,0,1,0,0,0,0,0,0,0,0,1,0,1,1,0,0,0
5519-YLDGW,0,-0.4675090493789317,1.293163505672975,-0.020687952854026866,0,1,0,1,0,1,1,0,0,1,0,0,0,1,0,0,0,1,0,1,0,0,1,0,1,0,1
4075-WKNIU,0,-1.3223294809894055,0.2794066282675646,-0.3968393169986058,0,1,1,1,0,1,0,0,0,0,0,1,0,1,0,1,0,1,0,0,0,1,0,0,0,1,0
9965-YOKZB,1,-0.9559778674420595,0.6278337056082129,-0.6634897908719098,1,0,0,1,0,1,1,0,0,0,0,0,0,0,0,0,0,0,0,1,0,0,1,0,1,0,1
6993-YGFJV,0,1.4863662228735797,1.5802010503393187,2.4170898861724357,1,1,0,1,0,1,1,0,0,1,0,1,0,1,0,1,0,1,0,1,0,1,1,0,0,0,0
0750-EKNGL,0,-1.0373893371192475,-1.466047111553207,-0.9484599305293717,1,0,0,1,0,0,0,1,1,0,1,0,1,0,1,0,1,0,1,0,0,0,0,0,0,1,0
3199-NPKCN,0,1.4049547531963917,1.5370624598114289,2.2876338416797113,0,1,0,1,0,1,1,0,0,1,0,0,0,1,0,1,0,1,0,1,1,0,1,0,1,0,0
5906-CVLHP,0,0.5094285867473239,-0.3577171702981922,0.00811420593424769,0,1,1,1,0,0,0,0,0,0,0,1,0,0,0,1,0,0,0,0,1,0,1,1,0,0,1
7225-CBZPL,1,-0.6303319887333076,0.9911933719777464,-0.32376920607881055,1,1,0,1,0,1,1,0,0,0,0,0,0,0,0,0,0,1,0,1,0,0,1,0,1,0,0
1293-HHSHJ,0,0.1023712383613841,-1.4544328756418519,-0.6850694570981856,0,0,0,1,0,0,0,1,1,0,1,0,1,0,1,0,1,0,1,0,1,0,0,0,0,1,0
4140-MUHUG,1,-1.2002122764736234,0.7273842991341125,-0.9134012052360225,0,0,0,1,0,0,1,0,0,0,0,0,0,1,0,0,0,1,0,0,0,0,1,0,1,0,1
7858-GTZSP,0,-0.8338606629262776,0.7174292397815226,-0.5419806834838772,0,0,0,1,0,1,1,0,0,0,0,0,0,0,0,0,0,0,0,1,0,0,1,0,1,0,0
6345-HOVES,0,0.06166550352279012,-1.3233579274994176,-0.6360267568443707,1,0,0,0,1,0,0,0,0,0,0,0,0,0,0,0,0,0,0,0,0,0,1,0,0,0,0
5285-MVEHD,0,0.9571916699718578,1.3495755086709846,1.654074159797395,0,1,0,1,0,0,1,0,0,1,0,1,0,1,0,0,0,1,0,1,1,0,1,1,0,0,0
0187-QSXOE,1,-1.0373893371192475,0.7987288911610074,-0.7445836739236519,1,1,0,1,0,0,1,0,0,0,0,0,0,0,0,0,0,1,0,1,0,0,1,0,1,0,0
2712-SYWAY,0,-1.2816237461508113,-1.3017886322354726,-0.9991271427880131,0,0,0,1,0,1,0,1,1,0,1,0,1,0,1,0,1,0,1,0,0,0,1,0,1,0,0
9504-YAZWB,0,0.8350744654560759,-1.4826388771408567,-0.5500812906430794,0,0,0,1,0,0,0,1,1,0,1,0,1,0,1,0,1,0,1,0,0,1,0,0,0,1,0
7789-HKSBS,1,0.387311382231542,1.336302096200865,1.0088794595021322,0,1,0,1,0,1,1,0,0,1,0,0,0,1,0,0,0,1,0,1,1,0,1,0,0,0,0
0750-EBAIU,0,0.7943687306174818,0.873391836305432,1.069974282602565,1,0,0,1,0,0,1,0,0,1,0,0,0,1,0,0,0,1,0,0,1,0,0,0,1,0,0
6650-BWFRT,0,1.6084834273893616,1.7328452937456982,2.7345283130614964,0,1,0,1,0,1,1,0,0,1,0,1,0,1,0,1,0,1,0,1,0,1,1,1,0,0,0
2933-FILNV,0,-1.2409180113122174,-1.3449272227633626,-0.994363371098184,0,1,1,0,1,0,0,0,0,0,0,0,0,0,0,0,0,0,0,0,0,0,1,0,0,1,1
3420-YJLQT,0,-1.2409180113122174,0.4851445215544238,-0.9437839702992631,0,0,0,1,0,1,1,0,0,0,0,1,0,0,0,0,0,0,0,0,0,0,0,0,1,0,0
5811-IWXYM,0,0.7943687306174818,1.2052271480584305,1.3170757302556266,0,1,1,1,0,1,1,0,0,0,0,0,0,1,0,0,0,1,0,1,1,0,0,0,0,0,0
9575-IWCAZ,0,-1.0780950719578415,-1.3216987509406526,-0.9353321173011796,1,1,0,1,0,1,0,1,1,0,1,0,1,0,1,0,1,0,1,0,1,0,0,0,0,1,0
8513-OLYGY,0,1.6084834273893616,1.6880475266590431,2.647880355182442,1,1,0,1,0,1,1,0,0,1,0,1,0,1,0,1,0,1,0,1,0,1,0,1,0,0,0
3988-RQIXO,1,-1.2816237461508113,0.875051012864197,-0.9703249839997384,0,0,0,1,0,0,1,0,0,0,0,0,0,0,0,0,0,1,0,1,0,0,1,0,1,0,1
5013-SBUIH,0,0.7129572609402939,1.4839688099309494,1.4268620077709924,0,0,0,1,0,1,1,0,0,1,0,1,0,0,0,1,0,1,0,1,0,1,1,0,1,0,1
5680-LQOGP,0,1.4456604880349857,0.5813767619627935,1.4687700269225292,0,0,0,1,0,0,0,0,0,1,0,1,0,1,0,1,0,1,0,1,0,1,1,1,0,0,0
1447-GIQMR,0,-1.2816237461508113,0.14003579733130567,-0.9800501031637672,1,1,0,1,0,0,1,0,0,0,0,0,0,0,0,0,0,0,0,0,0,0,1,0,1,0,1
3043-TYBNO,0,-1.2002122764736234,-0.1420242176587432,-0.9239605332673944,1,0,0,1,0,0,0,0,0,0,0,0,0,0,0,1,0,0,0,1,0,0,0,0,0,1,0
1353-GHZOS,0,-0.4268033145403377,-0.17188939571651304,-0.40699251702877115,1,1,0,1,0,0,0,0,0,1,0,0,0,0,0,0,0,1,0,0,1,0,1,0,0,0,0
9488-FVZCC,0,1.6084834273893616,0.48348534499565887,1.4753997921314153,0,1,1,1,0,1,0,0,0,1,0,1,0,1,0,1,0,0,0,1,0,1,1,0,0,0,0
1813-JLKWR,0,1.2828375486806096,-1.497571466169742,-0.4235449771860568,0,1,1,1,0,0,0,1,1,0,1,0,1,0,1,0,1,0,1,0,1,0,0,0,0,0,0
7435-ZNUYY,0,-1.0780950719578415,-1.4710246412295018,-0.9592168343451145,1,0,0,1,0,0,0,1,1,0,1,0,1,0,1,0,1,0,1,0,1,0,0,0,0,1,0
2181-TIDSV,0,1.4456604880349857,-1.4925939364934466,-0.4382094909593551,1,1,1,1,0,0,0,1,1,0,1,0,1,0,1,0,1,0,1,0,0,1,1,0,0,0,0
9821-BESNZ,0,1.3642490183577978,1.30477774158433,2.0017855874250463,1,0,0,1,0,1,1,0,0,0,0,1,0,0,0,1,0,1,0,1,1,0,1,0,1,0,0
9885-CSMWE,1,-1.2816237461508113,0.44864263726159415,-0.975966870286771,0,0,0,1,0,0,1,0,0,0,0,0,0,0,0,0,0,1,0,0,0,0,0,0,1,0,1
2990-HWIML,0,-1.0780950719578415,0.8153206567486573,-0.758699366073698,0,0,0,1,0,0,1,0,0,0,0,0,0,0,0,0,0,1,0,1,0,0,1,0,1,0,1
2055-PDADH,1,-1.2002122764736234,0.1815152113004305,-0.9205358863383009,0,0,0,1,0,0,1,0,0,0,0,0,0,0,0,0,0,0,0,0,0,0,1,0,1,0,1
4374-YMUSQ,0,0.06166550352279012,1.702980115687928,0.7014954447510516,1,0,0,1,0,1,1,0,0,1,0,1,0,1,0,1,0,1,0,1,1,0,0,1,0,0,0
9933-QRGTX,0,1.1200146093262338,1.0708338467984662,1.4534688800662583,0,1,0,1,0,0,1,0,0,1,0,0,0,0,0,1,0,1,0,1,0,1,1,0,1,0,0
4572-DVCGN,0,-0.9152721326034655,0.5083729933771337,-0.6389684407450025,0,0,0,1,0,0,1,0,0,0,0,0,0,0,0,0,0,0,0,1,0,0,1,0,0,0,1
6770-UAYGJ,0,0.6722515261016999,-1.3167212212643575,-0.4784271395112748,0,1,1,1,0,1,0,1,1,0,1,0,1,0,1,0,1,0,1,0,0,1,0,0,0,1,0
7445-WMRBW,0,0.631545791263106,0.29599839385521454,0.5620288938502077,0,0,0,1,0,1,0,0,0,0,0,1,0,1,0,1,0,1,0,0,1,0,1,0,0,0,0
9796-MVYXX,1,-0.7524491932490895,-0.8372191957812748,-0.7064295946751604,0,0,0,0,1,0,0,0,0,1,0,0,0,1,0,1,0,0,0,0,0,1,0,0,0,1,0
6952-OMNWB,1,1.4456604880349857,0.5116913464946635,1.4436120437126492,1,1,0,1,0,1,1,0,0,0,0,0,0,1,0,0,0,0,0,0,0,0,1,1,0,0,0
7041-TXQJH,0,0.18378270803857208,-0.8206274301936248,-0.3611110293248889,0,0,0,0,1,0,0,0,0,0,0,0,0,1,0,0,0,0,0,1,0,0,1,1,0,0,0
3655-SNQYZ,0,1.4863662228735797,1.6034295221620285,2.45601231569348,0,1,1,1,0,1,1,0,0,1,0,1,0,1,0,1,0,1,0,1,0,1,0,1,0,0,0
0458-HEUZG,0,-0.7931549280876836,-0.9799083798350643,-0.8126595080718523,0,0,0,0,1,0,0,0,0,0,0,0,0,1,0,1,0,0,0,0,0,1,0,0,0,1,0
4801-KFYKL,0,-0.9966836022806536,-1.5091857020810966,-0.9405129934246802,1,0,1,1,0,0,0,1,1,0,1,0,1,0,1,0,1,0,1,0,0,0,0,0,0,0,0
5924-IFQTT,0,-0.7931549280876836,0.2611556861211498,-0.6020656747975259,1,1,1,1,0,1,0,0,0,0,0,1,0,1,0,1,0,1,0,0,0,0,1,0,1,0,0
7633-MVPUY,0,0.9978974048104517,-0.17188939571651304,0.5044026234087288,1,1,0,1,0,0,0,0,0,1,0,1,0,0,0,1,0,0,0,0,0,1,1,0,1,0,0
1775-KWJKQ,0,1.6084834273893616,0.8269348926600121,1.8710782296313067,1,1,1,1,0,1,0,0,0,1,0,1,0,1,0,1,0,1,0,1,0,1,0,1,0,0,0
2005-DWQZJ,0,-0.9966836022806536,-1.5224591145512167,-0.9218530582341061,0,1,1,1,0,0,0,1,1,0,1,0,1,0,1,0,1,0,1,0,0,1,0,0,0,1,0
7284-ZZLOH,0,0.5094285867473239,-0.3859231717971971,-0.002225593447823456,1,1,0,1,0,0,0,0,0,1,0,0,0,1,0,0,0,0,0,0,0,1,0,1,0,0,0
8706-HRADD,0,-0.4675090493789317,-0.7094626007563706,-0.5663044578264138,1,0,0,0,1,0,0,0,0,1,0,0,0,0,0,1,0,1,0,0,0,0,1,0,0,1,0
7074-STDCN,0,0.26519417771576004,-0.807354017723505,-0.3542397826017716,1,0,0,0,1,0,0,0,0,0,0,0,0,0,0,1,0,0,0,1,0,0,1,0,1,0,0
9578-FOMUK,0,-0.7117434584104956,-1.3316538102932427,-0.8680904920203224,1,0,1,1,0,1,0,1,1,0,1,0,1,0,1,0,1,0,1,0,0,0,1,0,1,0,0
0757-WCUUZ,0,0.8757802002946699,-0.05242868348543355,0.48637932130112715,1,1,1,1,0,1,0,0,0,0,0,0,0,1,0,0,0,0,0,1,0,1,0,1,0,0,0
3428-MMGUB,0,1.1200146093262338,0.8169798333074222,1.2863856250833645,1,0,0,1,0,1,1,0,0,0,0,0,0,1,0,0,0,1,0,0,0,1,1,0,1,0,0
2737-WFVYW,0,-1.2409180113122174,-0.6530505977583607,-0.9728715163316286,0,0,0,0,1,0,0,0,0,0,0,0,0,0,0,0,0,1,0,1,0,0,1,0,1,0,1
9469-WEJBT,0,0.18378270803857208,0.8435266582476619,0.49085770574686505,1,1,0,1,0,0,1,0,0,0,0,0,0,1,0,1,0,0,0,1,0,0,1,0,1,0,0
1202-KKGFU,0,-0.8338606629262776,-0.3560579937394271,-0.7072418506775736,0,1,0,1,0,0,0,0,0,1,0,0,0,0,0,1,0,0,0,0,0,0,0,0,0,0,0
1552-AAGRX,0,-0.10115743583158582,1.376122333611225,0.39979722201686335,0,0,0,1,0,1,1,0,0,1,0,0,0,0,0,1,0,1,0,1,0,0,0,0,0,0,0
1548-FEHVL,0,1.1607203441648277,1.3694856273761649,1.7886671746837595,1,1,0,1,0,1,1,0,0,1,0,1,0,0,0,0,0,1,0,1,0,0,1,0,1,0,0
8204-YJCLA,1,1.6084834273893616,-0.004312563281248919,1.067361891675885,1,1,1,0,1,0,0,0,0,1,0,1,0,1,0,1,0,1,0,1,0,1,1,0,0,0,0
6469-MRVET,0,-1.2816237461508113,-1.4842980536996218,-1.0015419579303226,1,1,1,1,0,0,0,1,1,0,1,0,1,0,1,0,1,0,1,0,1,0,1,0,1,0,0
4083-BFNYK,1,0.22448844287716607,0.9978300782128064,0.5663536082414348,0,1,0,1,0,1,1,0,0,1,0,1,0,0,0,0,0,0,0,1,1,0,0,1,0,0,0
4923-ADWXJ,0,-0.30468611002455576,0.028870967894050924,-0.2729483237656587,0,0,0,1,0,0,0,0,0,0,0,1,0,0,0,1,0,0,0,1,0,0,1,0,0,0,0
4565-NLZBV,0,1.5677776925507676,-1.3366313399695375,-0.2595570761583055,0,1,0,1,0,1,0,1,1,0,1,0,1,0,1,0,1,0,1,0,0,1,1,0,0,0,0
5260-UMPWX,0,-0.2639803751859618,-1.4826388771408567,-0.7935385627177464,0,1,1,1,0,0,0,1,1,0,1,0,1,0,1,0,1,0,1,0,0,0,1,1,0,0,0
5626-MGTUK,0,-0.5082147842175256,0.8020472442785371,-0.18531248696475064,0,0,0,1,0,1,1,0,0,1,0,0,0,0,0,0,0,1,0,0,0,0,1,0,0,0,0
1481-ZUWZA,0,-0.1825689055087738,0.9812383126251565,0.15721806453939985,1,0,0,1,0,1,1,0,0,1,0,1,0,0,0,0,0,0,0,1,0,0,1,1,0,0,1
1855-AGAWH,0,-0.06045170099299184,0.9580098408024466,0.2803297310673289,1,1,0,1,0,0,1,0,0,0,0,0,0,1,0,0,0,1,0,1,1,0,1,0,1,0,0
5959-BELXA,1,-0.019745966154397852,1.0359911390644014,0.31521283344123735,1,0,0,1,0,1,1,0,0,0,0,0,0,0,0,0,0,1,0,1,0,0,1,1,0,0,1
8066-POXGX,0,-0.7931549280876836,-0.9898634391876541,-0.8145474544558399,0,0,0,0,1,0,0,0,0,0,0,0,0,0,0,0,0,0,0,1,0,0,1,0,1,0,1
7610-TVOPG,0,-0.7117434584104956,-1.2802193369715278,-0.8441838221114576,1,0,0,1,0,1,0,1,1,0,1,0,1,0,1,0,1,0,1,0,0,0,1,0,1,0,0
0343-QLUZP,0,1.1200146093262338,-0.8405375488988048,0.05408350509785019,1,0,0,0,1,0,0,0,0,1,0,1,0,1,0,0,0,0,0,0,0,1,0,0,0,0,0
0925-VYDLG,0,-1.2002122764736234,0.34245533750063456,-0.9041590491004557,0,0,0,1,0,1,1,0,0,0,0,0,0,0,0,0,0,0,0,0,0,0,0,0,1,0,1
0931-MHTEM,0,0.8757802002946699,1.1654069106480704,1.3164390971726538,0,0,0,1,0,0,1,0,0,1,0,1,0,0,0,0,0,1,0,1,1,0,1,1,0,0,0
1407-DIGZV,0,-1.2002122764736234,-1.5207999379924515,-0.9875799358347871,0,1,1,1,0,0,0,1,1,0,1,0,1,0,1,0,1,0,1,0,0,1,0,0,0,1,0
3627-FCRDW,0,-0.9559778674420595,0.2014253300056102,-0.715122929187475,0,0,0,1,0,0,1,0,0,0,0,0,0,0,0,0,0,0,0,0,0,0,0,0,1,0,1
9874-QLCLH,0,-0.6303319887333076,1.303118565025565,-0.24491451524993738,0,1,1,1,0,1,1,0,0,1,0,0,0,1,0,0,0,1,0,1,0,0,1,0,1,0,1
3500-RMZLT,1,-0.7117434584104956,1.040968668740696,-0.38398591458203973,0,0,0,1,0,0,1,0,0,1,0,0,0,1,0,1,0,0,0,1,0,0,1,0,0,1,1
3129-AAQOU,0,-0.5489205190561197,-1.3051069853530026,-0.7970729739714904,0,1,1,1,0,1,0,1,1,0,1,0,1,0,1,0,1,0,1,0,0,1,0,0,0,1,0
4952-YSOGZ,0,-1.1595065416350294,0.697519121076343,-0.8429983674052328,0,1,1,1,0,1,1,0,0,0,0,0,0,0,0,0,0,0,0,1,0,0,1,0,1,0,1
5919-TMRGD,0,-1.2816237461508113,0.4785078153193637,-0.9755717187180294,0,0,1,1,0,0,1,0,0,0,0,0,0,0,0,0,0,1,0,0,0,0,1,0,1,0,1
7722-VJRQD,0,1.6084834273893616,-0.13206915830615312,0.9868826888421851,1,1,1,0,1,0,0,0,0,1,0,0,0,1,0,1,0,1,0,1,0,1,0,0,0,0,0
2519-TWKFS,0,-0.30468611002455576,-0.32619281568165726,-0.3667090098820611,1,1,1,1,0,1,0,0,0,0,0,0,0,0,0,1,0,0,0,0,1,0,1,0,0,1,0
5928-QLDHB,0,-0.9559778674420595,0.3756388686759344,-0.7097225244146735,1,0,0,1,0,1,1,0,0,0,0,0,0,0,0,0,0,0,0,0,0,0,1,0,1,0,0
2732-ISEZX,0,-1.1188008067964355,-1.4743429943470319,-0.9646172391179157,0,0,0,1,0,0,0,1,1,0,1,0,1,0,1,0,1,0,1,0,0,0,1,0,0,1,0
2683-JXWQQ,0,1.1607203441648277,-1.0396387359506039,-0.08083880276246577,1,1,1,0,1,0,0,0,0,1,0,0,0,1,0,0,0,0,0,0,0,0,0,0,0,0,0
5678-VFNEQ,0,1.5677776925507676,1.2998002119080347,2.243991546198698,0,1,0,1,0,1,1,0,0,1,0,0,0,1,0,0,0,1,0,1,1,0,1,1,0,0,0
7293-LSCDV,0,1.1200146093262338,-1.5158224083161567,-0.5260209506797039,0,1,1,1,0,0,0,1,1,0,1,0,1,0,1,0,1,0,1,0,0,1,1,1,0,0,0
0412-UCCNP,0,0.9164859351332638,-0.19014033786292786,0.3839692064022704,1,0,0,1,0,0,0,0,0,1,0,0,0,1,0,1,0,0,0,0,0,1,1,0,1,0,0
4667-QONEA,1,1.1200146093262338,0.3291819250305144,0.9461820772618036,0,1,1,1,0,0,0,0,0,1,0,1,0,1,0,1,0,0,0,1,1,0,1,1,0,0,0
6635-MYYYZ,0,-0.10115743583158582,0.6776090023711627,0.1005796730197749,0,0,0,1,0,0,0,0,0,1,0,1,0,1,0,1,0,1,0,1,1,0,0,0,0,0,1
9158-VCTQB,0,0.346605647392948,1.6150437580733834,1.007035418848005,0,1,0,1,0,1,1,0,0,1,0,1,0,1,0,1,0,1,0,1,0,0,1,0,0,0,1
1877-HKBQX,0,-0.8745663977648716,-0.34278458126930716,-0.7391393634209904,0,0,0,1,0,0,0,0,0,1,0,0,0,0,0,1,0,0,0,0,1,0,1,0,0,1,0
7657-DYEPJ,1,0.22448844287716607,0.1732193285066055,0.08606882930098719,1,0,0,1,0,0,0,0,0,0,0,1,0,1,0,1,0,1,0,0,1,0,1,1,0,0,1
3798-EPWRR,1,-1.2409180113122174,-0.6961891882862504,-0.9730471392510694,0,0,0,1,0,0,0,0,0,0,0,0,0,0,0,0,0,0,0,0,0,0,0,0,1,0,0
3133-PZNSR,0,1.6084834273893616,1.089084788944881,2.0593020935418744,1,1,1,1,0,1,1,0,0,1,0,1,0,0,0,1,0,0,0,1,0,1,1,1,0,0,0
0580-PIQHM,0,0.346605647392948,1.2168413839697851,0.7153257496570066,0,1,1,1,0,1,1,0,0,1,0,1,0,1,0,0,0,0,0,1,1,0,1,0,0,0,0
8149-RSOUN,0,-1.2816237461508113,0.9596690173612115,-0.9692053878883041,0,0,0,1,0,1,1,0,0,0,0,0,0,0,0,0,0,1,0,1,0,0,1,0,1,0,1
2410-CIYFZ,0,-1.2409180113122174,-1.477661347464562,-0.9915753572520629,1,0,1,1,0,0,0,1,1,0,1,0,1,0,1,0,1,0,1,0,0,0,0,0,0,1,0
6467-CHFZW,0,0.590840056424512,1.1421784388253606,1.0747380542923939,1,1,1,1,0,1,1,0,0,0,0,1,0,0,0,0,0,1,0,1,0,0,1,0,1,0,1
0094-OIFMO,1,-0.8745663977648716,0.9978300782128064,-0.5185350237385441,0,0,0,1,0,0,1,0,0,0,0,1,0,0,0,0,0,1,0,1,0,0,1,0,1,0,1
7365-BVCJH,0,-1.2816237461508113,-1.3449272227633626,-0.9996979172761952,1,0,0,0,1,0,0,0,0,0,0,0,0,0,0,0,0,0,0,0,0,0,1,0,1,0,0
1257-SXUXQ,0,-1.1188008067964355,-1.5091857020810966,-0.9726300348173976,1,1,1,1,0,0,0,1,1,0,1,0,1,0,1,0,1,0,1,0,0,0,0,0,0,1,0
4611-ANLQC,0,1.1200146093262338,-0.4937696481169216,0.2679044095168994,0,1,0,0,1,0,0,0,0,1,0,1,0,1,0,0,0,0,0,1,1,0,0,0,1,0,0
2817-LVCPP,0,0.7129572609402939,-1.5108448786398618,-0.5608381944588221,0,0,0,1,0,0,0,1,1,0,1,0,1,0,1,0,1,0,1,0,0,1,0,1,0,0,0
0880-FVFWF,0,0.9571916699718578,0.712451710105228,1.150804731275146,1,0,0,1,0,1,1,0,0,1,0,1,0,0,0,0,0,0,0,0,0,0,1,0,1,0,0
1193-RTSLK,0,0.22448844287716607,0.6294928821669784,0.4093247653965211,0,0,0,1,0,0,1,0,0,1,0,1,0,1,0,0,0,0,0,0,0,0,1,1,0,0,1
4176-FXYBO,0,0.8757802002946699,1.4806504568134191,1.6761587419170627,1,1,0,1,0,1,1,0,0,1,0,1,0,1,0,0,0,1,0,1,0,0,0,0,1,0,0
1899-VXWXM,0,0.631545791263106,1.3661672742586346,1.221229521970866,1,0,0,1,0,1,1,0,0,0,0,1,0,1,0,0,0,1,0,1,1,0,1,1,0,0,1
0697-ZMSWS,0,-1.1595065416350294,0.6875640617237531,-0.8616143968659468,1,0,0,1,0,1,1,0,0,0,0,0,0,0,0,0,0,0,0,1,0,0,1,0,1,0,1
1746-TGTWV,0,-1.2816237461508113,0.3457736906181643,-0.9773279479124364,1,1,0,1,0,0,1,0,0,0,0,0,0,1,0,0,0,0,0,0,0,0,0,1,0,0,0
6030-REHUX,1,-0.1825689055087738,1.5237890473413087,0.39650429227735023,0,1,0,1,0,1,1,0,0,0,0,1,0,1,0,1,0,1,0,1,0,0,1,0,1,0,0
5138-WVKYJ,0,-0.9152721326034655,1.1156316138851208,-0.5675996768572891,1,0,0,1,0,1,1,0,0,1,0,0,0,0,0,0,0,1,0,1,0,0,0,0,1,0,1
4685-TFLLS,0,-0.5896262538947137,-1.497571466169742,-0.8601216020507009,1,1,1,1,0,0,0,1,1,0,1,0,1,0,1,0,1,0,1,0,1,0,0,0,0,0,0
8466-PZBLH,0,1.4049547531963917,1.3163919774956847,2.01282787848488,1,1,1,1,0,1,1,0,0,1,0,0,0,0,0,1,0,1,0,1,0,1,0,0,0,0,0
2446-PLQVO,0,-1.2816237461508113,0.1781968581829002,-0.9795451872703751,1,0,0,1,0,0,1,0,0,0,0,0,0,0,0,0,0,0,0,0,0,0,1,0,1,0,1
7113-HIPFI,0,1.3642490183577978,0.03053014445281582,0.788428789874197,1,1,1,1,0,0,0,0,0,1,0,1,0,1,0,1,0,0,0,0,0,1,0,0,0,1,0
6439-LAJXL,0,-0.9559778674420595,0.13339909109624562,-0.7496767385874322,1,1,0,1,0,0,0,0,0,1,0,1,0,0,0,1,0,1,0,0,0,0,1,0,0,1,0
2898-MRKPI,0,1.4456604880349857,1.1985904418233704,1.9622265248210289,1,1,1,1,0,1,1,0,0,0,0,1,0,0,0,0,0,1,0,1,1,0,1,1,0,0,0
3585-YNADK,0,0.9978974048104517,0.32088604223668943,0.9078084693640109,0,1,0,1,0,1,0,0,0,0,0,1,0,1,0,1,0,1,0,0,1,0,0,0,0,0,0
6692-UDPJC,0,-0.7524491932490895,0.8866652487755522,-0.439197369881209,0,1,1,1,0,1,1,0,0,0,0,0,0,0,0,1,0,1,0,0,0,0,1,0,1,0,1
4868-AADLV,1,1.3642490183577978,1.702980115687928,2.441567330569483,1,1,1,1,0,1,1,0,0,1,0,1,0,1,0,1,0,1,0,1,1,0,1,0,1,0,0
1970-KKFWL,0,0.1023712383613841,-1.3814291070561924,-0.6604383426466278,0,0,0,1,0,1,0,1,1,0,1,0,1,0,1,0,1,0,1,0,0,1,0,0,0,0,0
7576-OYWBN,1,-1.2002122764736234,0.3690021624408743,-0.9086374335461934,1,0,0,1,0,1,1,0,0,0,0,0,0,0,0,0,0,0,0,0,0,0,1,0,1,0,1
0661-WCQNQ,0,-0.4268033145403377,-0.2880317548300625,-0.44306107410890433,1,1,0,1,0,0,0,0,0,1,0,0,0,0,0,1,0,0,0,0,1,0,1,1,0,0,0
5177-RVZNU,0,0.18378270803857208,-1.480979700582092,-0.6787470319983204,0,0,1,1,0,0,0,1,1,0,1,0,1,0,1,0,1,0,1,0,1,0,0,0,0,0,0
9717-IOAAF,0,-0.22327464034736777,-1.2968111025591778,-0.6641922825496727,1,0,1,1,0,1,0,1,1,0,1,0,1,0,1,0,1,0,1,0,0,1,1,1,0,0,0
4625-EWPTF,0,-0.9966836022806536,-1.1441668591527983,-0.910986390093713,1,0,0,0,1,0,0,0,0,1,0,0,0,0,0,0,0,0,0,0,0,0,1,0,1,0,1
3768-VHXQO,0,1.4049547531963917,-1.3299946337344775,-0.3151636830262164,1,1,0,1,0,1,0,1,1,0,1,0,1,0,1,0,1,0,1,0,0,1,0,1,0,0,0
4307-KTUMW,0,0.8350744654560759,0.9613281939199768,1.1976960507658123,1,1,0,1,0,1,1,0,0,1,0,0,0,1,0,0,0,0,0,1,0,0,0,0,1,0,1
8265-HKSOW,0,1.6084834273893616,1.4109650413452897,2.352021594519657,0,1,1,1,0,1,1,0,0,1,0,1,0,1,0,1,0,0,0,1,0,1,0,1,0,0,0
5442-UTCVD,0,-1.2002122764736234,0.8933019550106117,-0.8975512367564995,1,0,1,1,0,1,1,0,0,0,0,0,0,1,0,0,0,0,0,1,0,0,0,0,1,0,1
0311-QYWSS,0,-1.0780950719578415,-0.5136797668221014,-0.8722834892219692,0,0,0,1,0,0,0,0,0,1,0,0,0,0,0,0,0,0,0,0,0,0,1,0,1,0,0
3841-NFECX,1,1.5677776925507676,1.042627845299461,1.9606678714109926,0,1,0,1,0,1,1,0,0,1,0,1,0,1,0,1,0,0,0,0,0,1,1,1,0,0,0
8857-CUPFQ,0,1.2421318138420157,-1.5158224083161567,-0.46701164974762943,1,1,0,1,0,0,0,1,1,0,1,0,1,0,1,0,1,0,1,0,0,1,0,0,0,1,0
7055-VKGDA,0,0.8757802002946699,1.342938802435925,1.4673650435670034,1,0,0,1,0,0,1,0,0,1,0,1,0,0,0,1,0,1,0,1,1,0,1,1,0,0,1
0082-LDZUE,0,-1.2816237461508113,-0.6845749523748957,-0.9909606770340205,1,0,0,1,0,0,0,0,0,0,0,0,0,0,0,0,0,0,0,0,0,0,1,0,0,1,0
9500-IWPXQ,0,1.1607203441648277,0.48016699187812906,1.1060867454125587,0,1,1,1,0,1,0,0,0,1,0,1,0,1,0,1,0,0,0,1,1,0,1,0,1,0,0
4770-QAZXN,0,-0.7931549280876836,-1.5091857020810966,-0.908505716356613,0,0,0,1,0,0,0,1,1,0,1,0,1,0,1,0,1,0,1,0,0,0,0,1,0,0,0
9092-GDZKO,0,-0.4268033145403377,-1.3299946337344775,-0.7937800442319773,1,0,0,1,0,1,0,1,1,0,1,0,1,0,1,0,1,0,1,0,0,0,1,1,0,0,0
5144-PQCDZ,0,-1.1595065416350294,-1.4925939364934466,-0.9843967704199245,1,0,0,1,0,0,0,1,1,0,1,0,1,0,1,0,1,0,1,0,0,0,1,0,0,1,0
5989-OMNJE,0,-0.3453918448631497,-0.24323398774340765,-0.4098902951995426,0,1,1,0,1,0,0,0,0,1,0,1,0,1,0,0,0,1,0,1,1,0,0,0,1,0,0
4782-OSFXZ,1,1.5677776925507676,0.5896726447566184,1.5498200042444108,0,1,0,1,0,1,0,0,0,1,0,1,0,1,0,1,0,0,0,1,0,1,1,0,0,0,0
4853-RULSV,0,1.5270719577121736,1.296481858790505,2.1728203580953553,1,0,0,1,0,1,1,0,0,1,0,0,0,0,0,1,0,1,0,1,0,1,1,1,0,0,1
8922-LIEGH,1,-0.30468611002455576,0.8219573629837174,-0.04995112180583293,0,0,0,1,0,1,1,0,0,0,0,1,0,0,0,0,0,0,0,1,0,0,1,0,1,0,1
2091-GPPIQ,0,1.6084834273893616,0.46523440284924406,1.5054532642207046,0,1,1,1,0,1,0,0,0,0,0,1,0,0,0,1,0,1,0,1,0,1,1,0,1,0,0
8051-HJRLT,1,-1.2816237461508113,0.18649274097672516,-0.9794354229457246,0,0,0,1,0,0,1,0,0,0,0,0,0,0,0,0,0,0,0,0,0,0,1,0,1,0,1
1091-SOZGA,0,0.9571916699718578,1.1571110278542456,1.4111876622109103,0,1,1,1,0,1,1,0,0,0,0,0,0,1,0,0,0,1,0,1,1,0,1,1,0,0,0
0479-HMSWA,0,-0.2639803751859618,1.3445979789946898,0.1817613675312374,0,0,1,1,0,0,1,0,0,0,0,1,0,1,0,1,0,1,0,1,0,1,1,0,1,0,0
8627-ZYGSZ,0,0.590840056424512,0.46357522629047915,0.5923018945887979,1,1,0,1,0,1,1,0,0,0,0,1,0,0,0,0,0,0,0,0,1,0,1,0,1,0,0
3259-KNMRR,1,0.9978974048104517,0.4917812277894838,0.9382131872921817,1,0,0,1,0,1,0,0,0,0,0,1,0,1,0,0,0,1,0,1,0,1,1,0,0,0,0
6439-PKTRR,0,1.5270719577121736,0.5233055824060188,1.456191035317589,0,1,1,1,0,1,0,0,0,1,0,1,0,1,0,1,0,1,0,0,0,1,0,0,1,0,0
3520-FJGCV,0,1.6084834273893616,1.5818602268980835,2.5576540803197836,1,1,1,1,0,1,1,0,0,1,0,1,0,1,0,1,0,1,0,1,0,1,1,1,0,0,0
8040-MNRTF,0,-1.2816237461508113,0.20474368312314,-0.9791939414314939,0,0,0,1,0,0,1,0,0,0,0,0,0,0,0,0,0,0,0,0,0,0,0,0,0,1,0
4323-ELYYB,0,-0.7931549280876836,-1.4909347599346818,-0.9144549427526666,1,1,1,1,0,0,0,1,1,0,1,0,1,0,1,0,1,0,1,0,1,0,0,0,0,1,0
3927-NLNRY,0,0.8350744654560759,0.9729424298313315,1.1268980613662811,1,1,0,1,0,0,1,0,0,0,0,1,0,0,0,0,0,1,0,1,1,0,1,0,0,0,1
6047-SUHPR,0,0.26519417771576004,-0.17023021915774814,0.01867353396561951,1,1,1,1,0,0,0,0,0,1,0,1,0,1,0,0,0,0,0,0,1,0,0,0,1,0,0
5134-IKDAY,0,-1.2816237461508113,0.1616050925952503,-0.979764715919676,0,1,1,1,0,0,1,0,0,0,0,0,0,0,0,0,0,0,0,0,0,0,1,0,1,0,1
9076-AXYIK,1,1.2828375486806096,1.233433149557435,1.860343278680494,1,1,0,1,0,1,1,0,0,0,0,0,0,1,0,1,0,1,0,1,0,1,0,0,1,0,0
2573-GYRUU,1,0.631545791263106,0.866755130070372,0.9085987725014941,1,1,0,1,0,1,1,0,0,0,0,0,0,1,0,0,0,0,0,1,0,0,1,1,0,0,0
4729-XKASR,0,-1.2816237461508113,-1.3333129868520075,-0.9995442472216846,1,0,1,0,1,0,0,0,0,0,0,0,0,0,0,0,0,0,0,0,0,0,0,0,1,0,1
2868-MZAGQ,0,-1.2816237461508113,0.4751894622018339,-0.9756156244478895,1,0,0,1,0,0,1,0,0,0,0,0,0,0,0,0,0,0,0,1,0,0,1,0,1,0,1
7216-EWTRS,1,-1.2816237461508113,1.1902945590295455,-0.9661539396630219,0,1,0,1,0,1,1,0,0,0,0,0,0,1,0,0,0,1,0,1,0,0,1,0,1,0,1
6908-VVYHM,0,1.3235432835192036,0.8534817176002523,1.593637922644865,1,1,0,1,0,1,1,0,0,0,0,1,0,0,0,0,0,0,0,1,0,0,1,0,1,0,0
9714-EDSUC,0,-1.1595065416350294,0.9945117250952766,-0.852108806351219,1,0,0,1,0,0,1,0,0,1,0,1,0,0,0,1,0,0,0,1,0,0,1,0,0,1,0
3807-BPOMJ,0,0.9164859351332638,0.9895341954189815,1.3060992977905832,0,1,0,1,0,0,1,0,0,1,0,0,0,0,0,0,0,1,0,1,1,0,1,0,1,0,0
5724-BIDBU,0,0.6722515261016999,-0.3178969328878323,0.14604405628998535,1,1,0,1,0,1,0,0,0,1,0,0,0,0,0,0,0,0,0,0,1,0,1,0,1,0,0
2484-DGXPZ,0,-0.06045170099299184,-1.5058673489635668,-0.7210941084484587,0,1,1,1,0,0,0,1,1,0,1,0,1,0,1,0,1,0,1,0,0,0,1,0,0,1,1
1488-PBLJN,0,1.6084834273893616,1.7228902343931078,2.7117851449939265,0,1,1,1,0,1,1,0,0,1,0,1,0,1,0,1,0,1,0,1,0,1,1,0,0,0,0
9647-ERGBE,0,-0.10115743583158582,1.1654069106480704,0.3270234747736243,0,1,1,1,0,1,1,0,0,0,0,0,0,1,0,0,0,1,0,1,0,0,1,0,1,0,1
6034-ZRYCV,0,1.6084834273893616,-0.3560579937394271,0.7183552450173585,0,1,0,0,1,0,0,0,0,0,0,1,0,1,0,0,0,1,0,1,0,1,1,0,1,0,1
5141-ZUVBH,0,-0.9559778674420595,0.9314630158622067,-0.6283213012539102,0,0,1,1,0,0,1,0,0,1,0,0,0,1,0,1,0,0,0,1,0,0,0,0,0,0,0
9305-CDSKC,0,-0.9966836022806536,1.152133498177951,-0.650164401859347,0,0,0,1,0,1,1,0,0,0,0,0,0,1,0,0,0,1,0,1,0,0,1,0,1,0,1
9912-OMZDS,0,1.0793088744876398,1.3678264508173998,1.736419356150152,0,1,1,1,0,1,1,0,0,0,0,1,0,1,0,0,0,1,0,1,1,0,1,0,1,0,0
5572-ZDXHY,0,-0.4268033145403377,0.642766294637098,-0.19567423921175175,0,0,0,1,0,0,1,0,0,0,0,1,0,0,0,0,0,0,0,1,0,0,1,0,0,1,1
8920-NAVAY,1,1.2014260790034217,1.520470694223779,2.0864138817305324,1,0,0,1,0,1,1,0,0,0,0,1,0,1,0,1,0,1,0,1,1,0,1,0,0,0,0
1976-CFOCS,1,-1.2816237461508113,-0.6281629493768859,-0.9902142796263975,0,1,0,1,0,0,0,0,0,0,0,0,0,0,0,0,0,0,0,0,0,0,0,0,1,0,1
3765-JXVKY,0,-1.2816237461508113,0.3242043953542197,-0.9776133351565276,0,0,0,1,0,0,1,0,0,0,0,1,0,0,0,0,0,0,0,0,0,0,1,0,1,0,1
4817-KEQSP,0,1.5677776925507676,-1.4959122896109767,-0.42806726736165485,0,1,1,1,0,0,0,1,1,0,1,0,1,0,1,0,1,0,1,0,0,1,0,0,0,0,0
6510-UPNKS,0,-0.38609757970174374,-1.3316538102932427,-0.7402370066674947,0,0,0,1,0,1,0,1,1,0,1,0,1,0,1,0,1,0,1,0,1,0,0,1,0,0,0
0436-TWFFZ,0,1.4049547531963917,0.6742906492536329,1.4984503003080067,0,0,0,1,0,1,0,0,0,1,0,0,0,1,0,1,0,1,0,1,0,1,1,0,0,1,0
4795-UXVCJ,0,-0.2639803751859618,-1.497571466169742,-0.8096300127115004,1,0,0,1,0,0,0,1,1,0,1,0,1,0,1,0,1,0,1,0,1,0,0,1,0,0,0
1832-PEUTS,0,1.2014260790034217,0.8020472442785371,1.365613514616049,1,1,1,1,0,1,1,0,0,0,0,0,0,1,0,0,0,1,0,0,0,1,1,1,0,0,0
9818-XQCUV,0,-1.2409180113122174,-1.4793205240233267,-0.9905216197354186,0,0,0,1,0,0,0,1,1,0,1,0,1,0,1,0,1,0,1,0,0,0,0,0,0,1,0
8720-RQSBJ,1,-1.2816237461508113,-0.6945300117274855,-0.9910923942236011,1,0,0,1,0,0,0,0,0,0,0,0,0,0,0,0,0,0,0,0,0,0,0,0,1,0,0
6870-ECSHE,0,-1.2409180113122174,-1.4760021709057967,-0.995131721370737,0,0,0,1,0,0,0,1,1,0,1,0,1,0,1,0,1,0,1,0,1,0,0,0,0,1,0
3528-HFRIQ,1,1.5677776925507676,-0.41910670297249697,0.642661766738418,1,1,0,0,1,0,0,0,0,0,0,1,0,1,0,0,0,1,0,1,0,0,1,0,0,0,0
8844-TONUD,0,-0.7931549280876836,1.0525829046520514,-0.49985313568303996,1,1,1,1,0,0,1,0,0,0,0,0,0,1,0,0,0,1,0,1,0,0,1,0,0,1,1
5149-QYTTU,0,1.5677776925507676,1.0028076078891015,1.9623801948755397,0,1,1,1,0,1,1,0,0,1,0,1,0,1,0,1,0,0,0,0,1,0,1,1,0,0,0
9861-PDSZP,0,1.6084834273893616,1.4308751600504692,2.417133791902296,0,0,0,1,0,1,1,0,0,0,0,1,0,1,0,1,0,1,0,1,0,1,1,1,0,0,0
0376-OIWME,0,0.14307697319997809,0.9513731345673865,0.4674779045963222,1,1,0,1,0,0,1,0,0,1,0,0,0,0,0,0,0,1,0,1,0,0,1,0,1,0,0
1697-NVVGY,1,-0.5489205190561197,0.04878108659923111,-0.4457612764953051,1,1,0,1,0,0,0,0,0,1,0,0,0,1,0,0,0,1,0,0,0,0,0,0,0,0,0
0536-ESJEP,0,0.8757802002946699,0.3192268656779245,0.8298757988622014,1,1,0,1,0,0,0,0,0,1,0,1,0,0,0,0,0,1,0,1,0,1,1,0,0,0,0
1060-ENTOF,1,1.4049547531963917,1.342938802435925,2.0786206146803514,0,1,0,1,0,1,1,0,0,1,0,1,0,1,0,1,0,0,0,1,1,0,1,1,0,0,0
1150-FTQGN,0,1.1200146093262338,0.9696240767138018,1.5413022926515372,0,1,1,1,0,1,1,0,0,1,0,1,0,0,0,0,0,1,0,0,1,0,0,0,0,0,0
9830-ECLEN,0,1.0386031396490458,-0.4954288246756865,0.27157053796022396,1,1,1,0,1,0,0,0,0,1,0,1,0,1,0,0,0,1,0,0,1,0,0,0,0,1,0
1270-XKUCC,0,-0.10115743583158582,-1.5008898192872717,-0.7473058291749828,0,1,1,1,0,0,0,1,1,0,1,0,1,0,1,0,1,0,1,0,0,1,0,0,0,1,0
7921-BEPCI,0,1.6084834273893616,-0.17188939571651304,0.8621684631743597,0,0,0,1,0,1,0,0,0,1,0,1,0,0,0,0,0,0,0,0,0,1,0,0,0,0,0
6616-AALSR,0,1.3235432835192036,1.3064369181430948,1.9423811349242301,0,1,1,1,0,1,1,0,0,1,0,0,0,1,0,0,0,1,0,1,0,1,1,1,0,0,0
6941-KXRRV,1,0.631545791263106,-0.19843622065675282,0.21442723054720697,0,1,0,1,0,0,0,0,0,0,0,1,0,0,0,0,0,0,0,1,1,0,1,0,0,0,0
0722-TROQR,1,-1.1595065416350294,0.33084110158927976,-0.8691442295369667,0,0,0,1,0,1,1,0,0,0,0,0,0,0,0,0,0,0,0,0,0,0,1,0,1,0,1
6786-OBWQR,0,-1.1188008067964355,0.5282831120823135,-0.8540626113299968,0,1,1,1,0,0,1,0,0,0,0,0,0,0,0,0,0,1,0,0,0,0,1,0,1,0,0
1194-BHJYC,0,1.1607203441648277,-0.09224892089579345,0.6487207574591219,1,1,0,0,1,0,0,0,0,1,0,0,0,1,0,1,0,1,0,1,0,1,1,0,0,1,0
3914-FDRHP,0,-0.9559778674420595,0.7074741804289328,-0.6721172667894342,1,0,0,1,0,0,1,0,0,0,0,0,0,0,0,1,0,1,0,0,0,0,0,0,1,0,0
5192-EBGOV,1,-1.2816237461508113,0.689223238282518,-0.9727837048719084,0,0,0,1,0,1,1,0,0,0,0,0,0,0,0,0,0,1,0,0,0,0,1,0,1,0,1
2294-SALNE,0,-0.38609757970174374,0.7257251225753476,-0.15828851023581333,1,1,1,1,0,0,1,0,0,0,0,1,0,1,0,1,0,0,0,0,1,0,0,0,0,1,0
0970-QXPXW,0,-1.2816237461508113,-1.5025489958460367,-1.0017834394445535,0,0,0,1,0,0,0,1,1,0,1,0,1,0,1,0,1,0,1,0,0,0,0,0,0,1,0
8799-OXZMD,0,-0.1825689055087738,-1.1673953309755083,-0.6632483093576789,0,0,0,0,1,0,0,0,0,0,0,0,0,1,0,0,0,0,0,0,0,0,1,0,0,1,0
8272-ONJLV,0,-0.8338606629262776,1.0210585500355165,-0.49056707381761305,1,0,0,1,0,0,1,0,0,0,0,0,0,1,0,0,0,1,0,1,1,0,0,0,1,0,0
5787-KXGIY,0,1.6084834273893616,-1.5141632317573919,-0.43752895214652243,1,1,0,1,0,0,0,1,1,0,1,0,1,0,1,0,1,0,1,0,0,1,0,1,0,0,0
9399-APLBT,0,-1.2816237461508113,0.3242043953542197,-0.9776133351565276,0,1,1,1,0,0,1,0,0,0,0,1,0,0,0,0,0,0,0,0,0,0,1,0,1,0,1
0186-CAERR,0,1.5677776925507676,1.704639292246693,2.6379576602340427,1,0,0,1,0,1,1,0,0,1,0,1,0,1,0,1,0,1,0,1,1,0,1,0,0,0,0
2978-XXSOG,0,-0.4268033145403377,-0.19511786753922303,-0.46005259156479184,0,0,0,1,0,1,0,0,0,1,0,0,0,0,0,1,0,0,0,0,0,0,1,0,0,1,0
1488-SYSFC,0,-0.06045170099299184,-1.469365464670737,-0.7021707388787235,1,1,1,1,0,0,0,1,1,0,1,0,1,0,1,0,1,0,1,0,0,0,1,0,1,0,0
3174-AKMAS,0,0.5501343215859179,-0.024222681986428636,0.31093202477987036,0,1,0,1,0,0,0,0,0,0,0,1,0,0,0,1,0,1,0,0,0,1,1,1,0,0,0
6127-ISGTU,0,-0.6710377235719016,0.6643355899010431,-0.4052801935642243,0,1,0,1,0,1,1,0,0,0,0,0,0,0,0,0,0,1,0,0,0,0,1,0,1,0,1
3269-ATYWD,1,0.26519417771576004,1.0193993734767515,0.6400274229468075,1,0,0,1,0,1,1,0,0,0,0,0,0,0,0,0,0,1,0,1,0,0,1,0,0,0,1
4676-WLUHT,0,0.8757802002946699,-0.6215262431418258,0.057354481972433105,1,0,0,0,1,0,0,0,0,1,0,1,0,0,0,0,0,0,0,1,0,1,0,0,0,0,0
8257-RZAHR,0,-0.7524491932490895,-0.007630916398778715,-0.5972579973778368,0,1,0,1,0,1,0,0,0,1,0,0,0,0,0,0,0,1,0,0,0,0,1,0,0,0,1
0961-ZWLVI,0,0.6722515261016999,1.4690362209020642,1.3123997700255179,1,0,1,1,0,1,1,0,0,1,0,1,0,1,0,0,0,1,0,1,1,0,1,1,0,0,0
8007-YYPWD,0,-0.7117434584104956,-1.3233579274994176,-0.8483548664481741,0,0,0,1,0,1,0,1,1,0,1,0,1,0,1,0,1,0,1,0,0,1,0,0,0,0,0
9503-XJUME,0,0.7943687306174818,-1.5025489958460367,-0.6027901193402188,1,0,1,1,0,0,0,1,1,0,1,0,1,0,1,0,1,0,1,0,1,0,0,1,0,0,0
2587-YNLES,0,-1.0780950719578415,-1.4876164068171518,-0.9663515154473928,0,1,1,1,0,0,0,1,1,0,1,0,1,0,1,0,1,0,1,0,0,1,0,0,0,1,0
3049-SOLAY,0,-1.2002122764736234,1.0044667844478665,-0.8818329854665571,0,1,0,1,0,1,1,0,0,0,0,0,0,0,0,0,0,1,0,1,0,0,1,0,1,0,1
5868-YWPDW,1,-1.0780950719578415,0.6394479415195682,-0.7824743187929823,1,1,0,1,0,0,1,0,0,0,0,1,0,0,0,0,0,0,0,1,0,0,1,0,1,0,1
5393-RXQSZ,0,-1.2816237461508113,0.4868036981131887,-0.975461954393379,1,0,0,1,0,0,1,0,0,0,0,0,0,0,0,0,0,0,0,1,0,0,0,0,1,0,1
3800-LYTRK,0,-0.7524491932490895,-0.3062826969764773,-0.6612945043789011,0,0,0,1,0,0,0,0,0,1,0,0,0,0,0,1,0,0,0,0,1,0,0,0,0,1,0
8902-ZEOVF,0,0.590840056424512,-1.4892755833759168,-0.5926259428775884,1,1,1,1,0,0,0,1,1,0,1,0,1,0,1,0,1,0,1,0,1,0,0,0,0,1,0
7890-VYYWG,1,-1.2002122764736234,-0.9450656721009992,-0.9692712464830945,1,1,0,0,1,0,0,0,0,0,0,0,0,0,0,0,0,1,0,0,0,0,1,0,0,1,1
2607-FBDFF,0,-1.2816237461508113,-0.5286123558509863,-0.9888971077305924,1,0,0,1,0,0,0,0,0,0,0,0,0,0,0,1,0,0,0,0,0,0,0,1,0,0,0
1987-AUELQ,0,1.5677776925507676,-1.3233579274994176,-0.1877492549719903,0,1,0,1,0,1,0,1,1,0,1,0,1,0,1,0,1,0,1,0,0,1,0,1,0,0,0
4482-EWFMI,0,-1.2409180113122174,0.1582867394777205,-0.951050368591122,0,0,0,1,0,0,1,0,0,0,0,0,0,0,0,0,0,0,0,0,0,0,1,0,1,0,0
5546-QUERU,0,-0.7931549280876836,-1.4925939364934466,-0.8975731896214296,1,0,0,1,0,0,0,1,1,0,1,0,1,0,1,0,1,0,1,0,1,0,1,0,0,1,0
0292-WEGCH,0,0.8757802002946699,0.7058150038701679,0.9759062563771416,0,1,1,1,0,1,0,0,0,0,0,1,0,1,0,1,0,1,0,1,0,0,1,0,1,0,0
4324-AHJKS,0,-1.1188008067964355,-0.3029643438589475,-0.8785181028621138,0,0,0,1,0,0,0,0,0,1,0,0,0,1,0,0,0,0,0,0,0,0,0,1,0,0,0
0212-ISBBF,0,-0.4268033145403377,-0.48381458876433153,-0.5279528027935516,0,0,0,0,1,0,0,0,0,0,0,1,0,0,0,0,0,1,0,1,0,0,1,0,1,0,0
0011-IGKFF,1,-0.7931549280876836,1.097380671738706,-0.4669238382879092,1,1,0,1,0,0,1,0,0,0,0,1,0,1,0,0,0,1,0,1,0,0,1,0,1,0,1
0644-OQMDK,1,-1.1595065416350294,0.18981109409425545,-0.8813939281679554,1,0,0,1,0,0,1,0,0,0,0,0,0,0,0,0,0,0,0,0,0,0,1,0,1,0,0
7130-YXBRO,0,0.631545791263106,1.543699166046489,1.3232225324360511,1,1,0,1,0,1,1,0,0,1,0,1,0,1,0,0,0,1,0,1,0,0,1,0,0,0,0
8681-ICONS,0,-0.1418631706701798,-1.469365464670737,-0.7228942433727258,1,1,1,1,0,0,0,1,1,0,1,0,1,0,1,0,1,0,1,0,0,0,1,0,0,1,0
3387-PLKUI,0,-0.7931549280876836,-1.5307549973450416,-0.9000977690883896,0,1,1,1,0,0,0,1,1,0,1,0,1,0,1,0,1,0,1,0,0,0,0,0,0,1,0
1582-RAFML,0,-1.2816237461508113,-0.16027515980515805,-0.984023571716113,1,0,0,1,0,1,0,0,0,0,0,1,0,0,0,1,0,0,0,0,0,0,0,0,0,1,1
5117-ZSMHQ,0,1.5677776925507676,0.8285940692187774,1.7743978124792028,0,1,1,1,0,1,0,0,0,1,0,1,0,1,0,1,0,1,0,1,0,1,0,0,0,0,0
1841-YSJGV,0,1.6084834273893616,1.4939238692835393,2.4372426161782554,1,1,0,1,0,1,1,0,0,1,0,1,0,0,0,1,0,1,0,1,0,1,1,1,0,0,0
8060-HIWJJ,0,1.2828375486806096,0.7174292397815226,1.4626012718771746,1,0,0,1,0,1,0,0,0,0,0,1,0,1,0,1,0,1,0,1,0,1,0,1,0,0,0
5862-BRIXZ,0,0.5501343215859179,-0.1387058645412132,0.2599574724122079,1,0,0,0,1,0,0,0,0,1,0,0,0,1,0,1,0,1,0,1,0,1,1,0,0,0,0
8216-AZUUZ,0,0.387311382231542,1.1770211465594258,0.879138027765317,0,1,1,1,0,0,1,0,0,0,0,0,0,1,0,1,0,1,0,1,0,1,1,0,1,0,0
5956-YHHRX,1,-0.4675090493789317,1.3080960947018598,-0.012938591533706046,1,0,0,1,0,1,1,0,0,0,0,1,0,1,0,0,0,1,0,1,0,0,1,0,1,0,0
3196-NVXLZ,0,-0.30468611002455576,0.6527213539896879,-0.09363732301670645,0,0,0,1,0,1,1,0,0,0,0,0,0,0,0,0,0,1,0,0,0,0,1,0,0,1,0
1834-WULEG,0,-0.3453918448631497,-1.4826388771408567,-0.8173354683019609,1,1,1,1,0,0,0,1,1,0,1,0,1,0,1,0,1,0,1,0,1,0,0,0,0,1,0
4032-RMHCI,0,0.346605647392948,-0.9799083798350643,-0.3902863868169747,0,1,1,0,1,0,0,0,0,1,0,0,0,1,0,0,0,0,0,0,1,0,0,1,0,0,0
4872-VXRIL,0,0.9571916699718578,-0.009290092957543614,0.5989755655275445,1,0,0,1,0,1,0,0,0,1,0,1,0,0,0,1,0,0,0,0,1,0,1,0,0,0,0
3439-GVUSX,0,-1.2816237461508113,-1.3449272227633626,-0.9996979172761952,1,0,0,0,1,0,0,0,0,0,0,0,0,0,0,0,0,0,0,0,0,0,0,0,0,1,0
1334-FJSVR,0,-1.2816237461508113,-1.3499047524396575,-0.9997637758709854,1,0,0,0,1,0,0,0,0,0,0,0,0,0,0,0,0,0,0,0,0,0,1,0,1,0,1
6447-EGDIV,0,-0.06045170099299184,-1.459410405318147,-0.7104250160924362,0,0,0,1,0,0,0,1,1,0,1,0,1,0,1,0,1,0,1,0,1,0,0,0,0,1,0
5887-IKKYO,0,1.0386031396490458,0.9762607829488613,1.4323502240035142,1,1,1,1,0,1,1,0,0,0,0,0,0,1,0,1,0,0,0,1,0,1,0,0,0,0,0
9780-FKVVF,0,-1.0780950719578415,-0.191799514421693,-0.8625803229228706,1,0,0,1,0,0,0,0,0,1,0,0,0,0,0,0,0,0,0,1,0,0,1,0,0,0,0
6413-XKKPU,0,-0.6303319887333076,0.8120023036311275,-0.33450415702962316,1,1,1,1,0,0,1,0,0,1,0,0,0,1,0,0,0,1,0,0,0,0,1,0,1,0,1
3898-GUYTS,1,0.5094285867473239,1.065856317122171,0.9148772918714991,0,0,0,1,0,1,1,0,0,1,0,1,0,0,0,1,0,1,0,0,0,0,1,0,1,0,0
9845-PEEKO,1,1.0793088744876398,0.473530285643069,1.0050157552744372,0,0,0,1,0,1,1,0,0,0,0,1,0,0,0,0,0,0,0,0,0,1,1,1,0,0,0
5804-LEPIM,1,-1.2409180113122174,0.17985603474166512,-0.9493599979915052,0,0,0,1,0,0,1,0,0,0,0,0,0,0,0,0,0,0,0,0,0,0,1,0,1,0,1
8404-GFGCZ,0,-1.1595065416350294,0.02223426165899086,-0.9006026849817816,1,1,0,1,0,1,0,0,0,0,0,0,0,1,0,0,0,1,0,0,0,0,0,0,1,0,0
7801-KICAO,0,-0.5896262538947137,0.30595345320780487,-0.419549555768781,0,0,0,1,0,1,1,0,0,0,0,0,0,0,0,0,0,0,0,0,0,0,1,0,1,0,0
1763-KUAAW,1,-0.5896262538947137,-1.4793205240233267,-0.8481353377988733,0,0,0,1,0,0,0,1,1,0,1,0,1,0,1,0,1,0,1,0,1,0,0,0,0,0,0
2049-BAFNW,0,-1.2816237461508113,-0.9633166142474143,-0.9946487583422751,0,0,0,0,1,0,0,0,0,0,0,0,0,1,0,1,0,0,0,0,0,0,0,0,0,1,0
2347-WKKAE,0,0.387311382231542,0.9779199595076267,0.752228515604483,1,1,0,1,0,1,1,0,0,1,0,0,0,1,0,0,0,0,0,1,0,0,1,0,1,0,0
6331-EWIEB,0,-0.5082147842175256,0.6742906492536329,-0.24886603093735307,1,0,0,1,0,1,1,0,0,0,0,0,0,0,0,0,0,1,0,0,0,0,1,0,1,0,1
1170-SASML,0,1.4863662228735797,0.6792681789299281,1.5665919930509975,0,1,0,1,0,1,1,0,0,0,0,1,0,1,0,0,0,0,0,0,0,0,1,0,0,0,0
3518-PZXZQ,0,-1.2816237461508113,-0.3195561094465974,-0.9861310467494012,0,1,0,1,0,0,0,0,0,0,0,0,0,0,0,0,0,1,0,0,0,0,1,0,0,1,0
2243-FNMMI,0,-0.5082147842175256,-1.5108448786398618,-0.8280265135229133,1,0,0,1,0,0,0,1,1,0,1,0,1,0,1,0,1,0,1,0,0,0,0,0,0,1,0
5089-IFSDP,0,1.0386031396490458,1.4773321036958893,1.6873986087612673,0,1,0,1,0,1,1,0,0,1,0,1,0,1,0,0,0,1,0,1,0,1,1,0,0,0,1
4024-CSNBY,0,1.6084834273893616,0.9729424298313315,1.997021815735217,0,1,0,1,0,1,1,0,0,1,0,1,0,1,0,1,0,0,0,0,0,1,1,0,0,0,0
4456-RHSNB,0,-0.5489205190561197,-0.5087022371458064,-0.5876426425384585,0,1,1,1,0,0,0,0,0,0,0,0,0,1,0,0,0,0,0,0,0,0,1,0,0,0,0
9578-VRMNM,0,-0.6710377235719016,0.008960849188871207,-0.5523204828659484,0,0,0,1,0,1,0,0,0,0,0,0,0,1,0,0,0,0,0,1,0,0,1,1,0,0,1
5519-NPHVG,0,-0.8338606629262776,0.9712832532725666,-0.5511130752947936,0,0,0,1,0,1,1,0,0,0,0,0,0,0,0,0,0,1,0,1,0,0,1,0,1,0,1
1941-HOSAM,0,-1.2816237461508113,0.8352307754538371,-0.9708518527580606,1,1,1,1,0,0,1,0,0,0,0,0,0,0,0,0,0,1,0,1,0,0,1,0,1,0,0
0742-NXBGR,0,-1.2816237461508113,0.5763992322864984,-0.9742764996871541,0,0,0,1,0,0,1,0,0,0,0,1,0,1,0,0,0,0,0,0,0,0,1,0,1,0,1
0795-XCCTE,1,1.6084834273893616,-1.3117436915880627,-0.21600259213701256,1,0,0,1,0,1,0,1,1,0,1,0,1,0,1,0,1,0,1,0,0,1,0,0,0,0,0
3920-HIHMQ,0,-0.2639803751859618,-0.5120205902633365,-0.4547180453867806,0,0,1,1,0,1,0,0,0,0,0,0,0,0,0,0,0,0,0,0,0,0,1,0,0,1,0
4585-HETAI,0,-1.1595065416350294,0.2926800407376848,-0.8675197175321402,0,1,1,1,0,0,1,0,0,0,0,0,0,1,0,0,0,0,0,0,0,0,1,0,1,0,1
6840-RESVB,0,-0.3453918448631497,0.659358060224748,-0.13646736249530664,1,1,1,1,0,1,0,0,0,1,0,0,0,1,0,1,0,1,0,1,1,0,1,0,0,1,0
4893-GYUJU,0,0.7129572609402939,-1.5125040551986266,-0.5568647259064764,0,0,0,1,0,0,0,1,1,0,1,0,1,0,1,0,1,0,1,0,1,0,1,0,0,1,0
9134-WYRVP,0,0.7536629957788878,0.7107925335464625,0.8631124363663534,1,0,0,1,0,0,1,0,0,1,0,0,0,0,0,0,0,1,0,0,1,0,0,0,0,1,0
9958-MEKUC,0,1.6084834273893616,1.2948226822317401,2.290290138336252,1,1,1,1,0,1,1,0,0,1,0,1,0,1,0,1,0,0,0,1,0,1,0,1,0,0,0
8821-KVZKQ,0,1.5270719577121736,-0.21668716280316785,0.7954976123816848,0,1,1,0,1,0,0,0,0,0,0,1,0,1,0,1,0,1,0,1,1,0,1,0,0,0,0
7208-PSIHR,0,1.5270719577121736,1.3064369181430948,2.145752475636558,0,1,0,1,0,1,1,0,0,0,0,0,0,1,0,1,0,1,0,1,0,1,1,0,0,0,0
9402-ORRAH,1,-0.7117434584104956,0.881687719099257,-0.3955989801300559,0,0,0,1,0,0,1,0,0,0,0,0,0,0,0,0,0,1,0,1,0,0,1,0,1,0,0
6732-FZUGP,0,0.590840056424512,0.9945117250952766,1.0159482820096206,0,0,0,1,0,1,1,0,0,1,0,0,0,1,0,0,0,1,0,0,1,0,0,1,0,0,0
4006-HKYHO,0,1.2421318138420157,0.7224067694578178,1.3207638115638811,1,0,0,1,0,0,0,0,0,1,0,1,0,1,0,1,0,1,0,1,0,1,1,0,0,0,0
8869-LIHMK,0,1.2828375486806096,1.664819054836333,2.2096572654480418,0,0,0,1,0,1,1,0,0,1,0,1,0,1,0,1,0,1,0,1,0,1,1,0,0,0,0
6917-YACBP,1,1.0793088744876398,0.8236165395424823,1.4030431493218478,0,0,0,1,0,1,1,0,0,1,0,1,0,1,0,0,0,0,0,0,0,0,1,0,1,0,0
5701-SVCWR,0,-1.2816237461508113,-1.3582006352334823,-0.9998735401956359,0,0,1,1,0,1,0,1,1,0,1,0,1,0,1,0,1,0,1,0,0,0,0,0,0,1,0
7586-ZATGZ,0,0.30589991255435406,0.6626764133422782,0.4687950764921274,1,0,0,1,0,1,1,0,0,0,0,0,0,0,0,0,0,1,0,0,0,0,1,0,1,0,0
1073-XXCZD,0,0.9164859351332638,-1.3017886322354726,-0.37656584623567024,1,1,0,1,0,1,0,1,1,0,1,0,1,0,1,0,1,0,1,0,0,1,0,0,0,0,0
9602-WCXPI,0,0.7129572609402939,-1.4859572302583868,-0.576161294180023,1,0,0,1,0,0,0,1,1,0,1,0,1,0,1,0,1,0,1,0,1,0,0,1,0,0,0
5336-UFNZP,1,1.3235432835192036,1.4109650413452897,2.083845396533712,0,1,1,1,0,1,1,0,0,0,0,1,0,1,0,0,0,1,0,1,1,0,1,0,1,0,0
6484-LATFU,0,1.4456604880349857,-1.3399496930870676,-0.28271734865954745,1,0,0,1,0,1,0,1,1,0,1,0,1,0,1,0,1,0,1,0,0,1,0,0,0,1,0
3866-MDTUB,0,-1.2409180113122174,0.19312944721178524,-0.9459133981974815,0,0,0,1,0,0,0,0,0,1,0,0,0,0,0,0,0,1,0,1,0,0,1,0,1,0,1
2055-BFOCC,1,1.2421318138420157,0.6328112352845081,1.3295669104008463,1,1,0,1,0,0,0,0,0,1,0,1,0,1,0,1,0,1,0,1,1,0,1,0,0,0,0
0266-CLZKZ,0,1.4049547531963917,1.3512346852297499,1.9391321109145772,0,1,1,1,0,1,1,0,0,0,0,0,0,1,0,1,0,1,0,1,0,1,1,0,0,0,0
8651-ENBZX,1,1.1200146093262338,1.3628489211411048,1.817732767851195,0,0,0,1,0,1,1,0,0,0,0,0,0,1,0,1,0,1,0,1,1,0,1,0,1,0,1
2451-YMUXS,1,1.4049547531963917,-0.01260844607507388,0.8556265094251939,1,0,0,1,0,1,0,0,0,1,0,1,0,0,0,1,0,0,0,0,0,1,1,0,0,0,0
8085-MSNLK,0,1.2014260790034217,1.6266579939847385,2.01530855222198,0,1,0,1,0,1,1,0,0,1,0,1,0,1,0,1,0,1,0,1,0,1,0,0,0,1,0
8788-DOXSU,0,1.0793088744876398,-0.11879574583603324,0.5901724666905794,1,0,0,1,0,0,0,0,0,0,0,0,0,1,0,0,0,0,0,1,1,0,1,0,0,0,0
3606-SBKRY,0,-0.06045170099299184,-0.4937696481169216,-0.3415510266721811,1,0,0,0,1,0,0,0,0,0,0,0,0,1,0,0,0,1,0,1,1,0,1,0,1,0,0
6048-UWKAL,1,1.4863662228735797,1.342938802435925,2.0625291646865973,0,1,0,1,0,1,1,0,0,0,0,1,0,0,0,1,0,1,0,1,0,1,0,1,0,0,0
3446-QDSZF,0,-1.1595065416350294,-0.3129194032115374,-0.9105912385249714,0,0,0,1,0,0,0,0,0,0,0,0,0,0,0,0,0,1,0,0,0,0,0,1,0,0,0
2013-SGDXK,0,-1.2816237461508113,0.642766294637098,-0.9733983850899507,0,0,0,1,0,0,1,0,0,0,0,1,0,0,0,0,0,1,0,0,0,0,0,0,1,0,1
5353-WILCI,0,-0.1825689055087738,-0.29466846106512257,-0.34188031964613247,0,0,0,1,0,0,0,0,0,1,0,1,0,0,0,0,0,0,0,0,0,0,0,0,1,0,0
7570-WELNY,0,1.4456604880349857,0.6560397071072182,1.4970672698174115,0,1,0,1,0,1,1,0,0,1,0,1,0,0,0,0,0,0,0,0,0,1,1,0,0,0,0
8942-DBMHZ,0,-0.8338606629262776,-1.4760021709057967,-0.8982976341641226,1,0,0,1,0,0,0,1,1,0,1,0,1,0,1,0,1,0,1,0,0,0,0,0,0,1,0
8777-MBMTS,1,1.3235432835192036,1.3578713914648095,1.9424689463839504,0,1,0,1,0,0,1,0,0,0,0,1,0,1,0,1,0,1,0,1,0,1,1,1,0,0,0
0329-GTIAJ,0,-1.2002122764736234,1.0940623186211762,-0.871976149112948,0,0,0,1,0,0,1,0,0,0,0,1,0,0,0,1,0,1,0,1,0,0,1,0,1,0,1
5442-XSDCW,0,-0.8745663977648716,0.48348534499565887,-0.6290896515264632,1,1,1,1,0,0,1,0,0,0,0,0,0,0,0,0,0,1,0,0,0,0,1,0,0,0,1
3209-ZPKFI,0,0.590840056424512,-0.3543988171806622,0.10400431994886838,1,1,1,1,0,1,0,0,0,0,0,1,0,0,0,0,0,0,0,0,0,0,0,0,1,0,0
0203-HHYIJ,0,-0.30468611002455576,-1.3150620447055927,-0.7134545114527884,1,0,0,1,0,1,0,1,1,0,1,0,1,0,1,0,1,0,1,0,1,0,0,0,0,0,1
7442-YGZFK,0,-1.2816237461508113,-0.5020655309107466,-0.9885458618917108,1,0,0,1,0,1,0,0,0,0,0,0,0,0,0,0,0,0,0,0,0,0,1,1,0,0,0
5193-QLVZB,0,1.2421318138420157,1.32136950717198,1.8594871169482208,1,0,0,1,0,1,1,0,0,0,0,1,0,1,0,0,0,1,0,1,0,1,1,0,0,0,0
8595-SIZNC,1,-0.4268033145403377,-1.3051069853530026,-0.7694562698894407,0,1,0,1,0,1,0,1,1,0,1,0,1,0,1,0,1,0,1,0,1,0,0,0,0,0,0
8847-GEOOQ,0,1.1200146093262338,-0.15695680668762801,0.5624679511488094,1,1,0,0,1,0,0,0,0,0,0,1,0,1,0,1,0,1,0,1,0,0,1,0,0,0,0
6689-KXGBO,0,-1.2816237461508113,-0.4771778825292717,-0.9882165689177596,0,0,0,1,0,0,0,0,0,0,0,1,0,0,0,0,0,0,0,0,0,0,0,0,1,0,1
0596-BQCEQ,0,1.2014260790034217,1.1687252637656007,1.7483178089422595,0,1,1,1,0,0,1,0,0,0,0,1,0,1,0,0,0,1,0,1,0,0,1,0,1,0,1
3452-ABWRL,1,0.590840056424512,0.7008374741938728,0.6868089781128232,1,0,0,1,0,1,1,0,0,0,0,0,0,0,0,0,0,1,0,0,0,0,1,1,0,0,0
1162-ECVII,1,1.6084834273893616,1.4872871630484792,2.4724111057962554,1,1,0,1,0,1,1,0,0,0,0,1,0,1,0,1,0,1,0,1,0,1,1,0,0,0,0
8731-WBBMB,0,-0.2639803751859618,0.5631258198163787,-0.097808367353423,0,1,0,1,0,0,0,0,0,0,0,1,0,1,0,1,0,1,0,1,0,0,0,0,0,0,0
0897-FEGMU,0,-0.8745663977648716,1.1471559685016557,-0.5463493036049646,0,1,0,1,0,1,1,0,0,0,0,0,0,1,0,0,0,1,0,1,0,0,1,0,1,0,1
4806-DXQCE,1,1.5270719577121736,1.6167029346321486,2.3767624732958654,0,1,0,1,0,1,1,0,0,1,0,1,0,1,0,1,0,1,0,1,0,1,1,0,1,0,0
8100-HZZLJ,0,0.428017117070136,-0.0325185647802536,0.19131086377582532,0,0,1,1,0,0,0,0,0,1,0,1,0,0,0,0,0,0,0,1,0,0,1,0,1,0,0
9066-QRSDU,0,1.4863662228735797,-1.2818785135302928,-0.23611141641297242,0,1,0,1,0,1,0,1,1,0,1,0,1,0,1,0,1,0,1,0,1,0,1,0,1,0,0
9127-FHJBZ,0,1.6084834273893616,1.6283171705435033,2.5429456608166254,1,1,1,1,0,1,1,0,0,1,0,1,0,1,0,1,0,1,0,1,0,1,1,0,1,0,0
3413-DHLPB,0,1.1200146093262338,1.28818597599668,1.6107392044254027,1,1,1,1,0,1,1,0,0,0,0,1,0,0,0,1,0,1,0,1,0,0,1,0,0,0,0
7562-UXTPG,0,-0.7931549280876836,0.1732193285066055,-0.6210988086919115,0,0,0,1,0,0,1,0,0,0,0,0,0,0,0,0,0,0,0,0,0,0,1,0,0,1,0
7721-JXEAW,0,1.0793088744876398,-0.7924214286946202,0.06646492091841928,1,1,0,0,1,0,0,0,0,0,0,1,0,0,0,0,0,0,0,1,0,0,1,0,0,0,1
6625-IUTTT,0,1.4049547531963917,0.020575085100225963,0.9045594453543582,1,0,0,1,0,0,0,0,0,1,0,0,0,1,0,0,0,0,0,1,0,1,0,0,0,0,0
6476-EPYZR,0,-0.8338606629262776,-1.4743429943470319,-0.8982317755693322,1,1,1,1,0,0,0,1,1,0,1,0,1,0,1,0,1,0,1,0,0,0,0,0,0,1,0
9631-XEYKE,0,-1.2002122764736234,-0.4821554122055666,-0.9501503011289885,1,0,0,1,0,1,0,0,0,0,0,0,0,0,0,0,0,0,0,0,0,0,0,0,0,0,0
7754-IXRMC,0,-1.2816237461508113,-0.6497322446408307,-0.9904996668704887,0,0,0,1,0,0,0,0,0,0,0,0,0,0,0,0,0,0,0,0,0,0,0,0,0,1,0
8999-YPYBV,0,0.5094285867473239,0.6444254711958629,0.6834940955083801,1,1,1,1,0,0,0,0,0,1,0,1,0,1,0,1,0,1,0,1,0,1,1,0,0,1,0
5012-YSPJJ,0,-0.06045170099299184,-0.35108046406313215,-0.28728354456500566,1,1,1,1,0,0,0,0,0,0,0,0,0,1,0,1,0,0,0,0,0,0,0,0,0,1,0
3546-GHEAE,0,-1.0373893371192475,-1.5091857020810966,-0.9378127910382794,1,0,0,1,0,0,0,1,1,0,1,0,1,0,1,0,1,0,1,0,0,1,0,0,0,1,0
1403-LKLIK,0,0.020959768684196134,-1.4876164068171518,-0.7560211165522274,0,1,1,1,0,0,0,1,1,0,1,0,1,0,1,0,1,0,1,0,1,0,0,0,0,1,0
2931-SVLTV,0,0.30589991255435406,1.4989013989598339,0.9517800578189758,1,1,1,1,0,1,1,0,0,1,0,1,0,0,0,1,0,1,0,1,0,0,1,1,0,0,0
2037-XJFUP,0,0.020959768684196134,1.0243769031530463,0.3228963361667679,1,1,0,1,0,0,1,0,0,0,0,0,0,1,0,0,0,1,0,1,1,0,1,0,1,0,1
6142-VSJQO,0,-1.2816237461508113,-0.6829157758161306,-0.9909387241690905,0,1,1,1,0,0,0,0,0,0,0,0,0,0,0,0,0,0,0,0,0,0,1,0,0,0,1
0264-CNITK,0,1.5677776925507676,-1.4876164068171518,-0.40029689322509454,0,1,1,1,0,0,0,1,1,0,1,0,1,0,1,0,1,0,1,0,0,1,0,0,0,0,0
4918-QLLIW,0,-1.2002122764736234,-0.38260481867966706,-0.9275608031159288,1,0,0,1,0,0,0,0,0,0,0,0,0,0,0,0,0,1,0,0,0,0,0,1,0,0,1
4971-PUYQO,0,-0.22327464034736777,0.9828974891839214,0.18584460040823347,0,0,0,1,0,1,1,0,0,0,0,0,0,0,0,0,0,1,0,1,0,0,1,0,0,1,1
3642-GKTCT,0,1.1607203441648277,1.664819054836333,2.0602021610040078,0,0,0,1,0,1,1,0,0,1,0,1,0,1,0,1,0,1,0,1,1,0,1,0,0,1,0
8859-YSTWS,0,0.631545791263106,-1.4925939364934466,-0.5693778589166261,1,0,0,1,0,0,0,1,1,0,1,0,1,0,1,0,1,0,1,0,1,0,0,0,0,0,0
3097-FQTVJ,0,0.346605647392948,-1.4909347599346818,-0.6546427863050848,0,0,0,1,0,0,0,1,1,0,1,0,1,0,1,0,1,0,1,0,0,1,0,0,0,1,0
1262-OPMFY,0,-0.9559778674420595,0.35904710308828447,-0.722433233209194,0,1,0,1,0,0,1,0,0,0,0,0,0,1,0,0,0,0,0,0,0,0,1,0,0,0,1
0308-IVGOK,0,-0.8745663977648716,-0.8139907239585651,-0.8248653009729808,0,0,0,0,1,0,0,0,0,0,0,1,0,1,0,1,0,0,0,0,1,0,1,1,0,0,0
0411-EZJZE,0,-1.2002122764736234,-0.1552976301288631,-0.9355516459504805,0,0,0,1,0,1,0,0,0,0,0,0,0,0,0,0,0,1,0,0,0,0,1,0,1,0,0
8631-NBHFZ,1,1.3642490183577978,0.48016699187812906,1.2527538360104713,1,1,1,1,0,1,0,0,0,1,0,1,0,1,0,1,0,1,0,0,0,1,0,1,0,0,1
8634-CILSZ,0,1.4863662228735797,1.319710330613215,2.1597364505970233,1,0,0,1,0,1,1,0,0,0,0,1,0,0,0,1,0,1,0,1,1,0,1,0,0,0,1
9356-AXGMP,0,0.22448844287716607,1.518811517665014,0.9339982372256052,1,1,0,1,0,1,1,0,0,1,0,0,0,1,0,1,0,1,0,1,1,0,1,0,1,0,0
4603-JANFB,0,-1.2816237461508113,0.16326426915401518,-0.979742763054746,1,0,0,1,0,0,1,0,0,0,0,0,0,0,0,0,0,0,0,0,0,0,1,0,1,0,1
8099-MZPUJ,0,0.631545791263106,1.5553134019578436,1.379663348171305,1,1,1,1,0,1,1,0,0,1,0,1,0,1,0,1,0,1,0,1,0,1,0,1,0,0,0
7883-ROJOC,0,-0.5489205190561197,-0.6646648336697157,-0.6417564545911235,0,1,0,1,0,0,0,0,0,0,0,0,0,0,0,0,0,0,0,0,0,0,0,0,0,1,0
2096-XOTMO,0,-0.6710377235719016,-1.5125040551986266,-0.8892750066778566,0,1,1,1,0,0,0,1,1,0,1,0,1,0,1,0,1,0,1,0,0,0,0,0,0,1,0
6620-JDYNW,0,-0.5896262538947137,-0.14368339421750811,-0.5027070081239513,0,0,0,1,0,1,0,0,0,1,0,0,0,1,0,0,0,0,0,0,0,0,1,0,0,1,0
1069-QJOEE,0,-0.30468611002455576,-1.4942531130522119,-0.7884894037838263,1,1,1,1,0,0,0,1,1,0,1,0,1,0,1,0,1,0,1,0,1,0,0,0,1,0,0
7148-XZPHA,0,0.9164859351332638,0.48016699187812906,0.8505114918964833,1,1,1,1,0,0,1,0,0,0,0,1,0,0,0,1,0,0,0,0,0,0,0,0,1,0,0
1589-AGTLK,0,-1.2002122764736234,-0.6497322446408307,-0.948284307609931,1,0,0,1,0,0,0,0,0,0,0,0,0,0,0,0,0,0,0,0,0,0,1,0,1,0,1
8808-ELEHO,1,-0.9966836022806536,0.5415565245524336,-0.753145291246386,1,0,0,1,0,1,1,0,0,0,0,0,0,1,0,0,0,0,0,0,0,0,1,0,1,0,1
4328-VUFWD,0,0.26519417771576004,-0.18682198474539805,-0.04046748415603531,0,0,0,1,0,0,0,0,0,0,0,0,0,0,0,1,0,0,0,1,1,0,0,0,1,0,0
3977-QCRSL,0,-1.1188008067964355,-1.4859572302583868,-0.9586241069920022,0,0,0,1,0,0,0,1,1,0,1,0,1,0,1,0,1,0,1,0,0,0,0,0,0,1,0
5734-EJKXG,0,1.1607203441648277,1.7809614139498826,2.2235534289487866,0,0,0,1,0,1,1,0,0,1,0,1,0,1,0,1,0,1,0,1,1,0,1,0,1,0,0
5378-IKEEG,0,-1.2816237461508113,-0.9682941439237093,-0.9947146169370654,0,0,0,0,1,0,0,0,0,0,0,0,0,0,0,0,0,1,0,0,0,0,1,0,1,0,1
8746-OQQRW,0,-1.1595065416350294,-1.3167212212643575,-0.96567097663456,1,0,0,1,0,1,0,1,1,0,1,0,1,0,1,0,1,0,1,0,0,0,0,0,0,1,0
9199-PWQVC,0,1.2421318138420157,0.49012205123071895,1.0909831743406584,0,1,0,1,0,1,0,0,0,1,0,1,0,0,0,0,0,1,0,1,1,0,1,1,0,0,0
3823-KYNQY,0,-0.8338606629262776,-1.3266762806169474,-0.8872992488341488,1,0,0,1,0,1,0,1,1,0,1,0,1,0,1,0,1,0,1,0,1,0,0,1,0,0,0
5570-PTWEH,0,-1.2002122764736234,0.33913698438310474,-0.9152452458901498,0,1,0,1,0,1,1,0,0,0,0,0,0,0,0,0,0,0,0,0,0,0,1,1,0,0,1
5947-SGKCL,0,-0.7117434584104956,1.3412796258771595,-0.3258108225173087,0,1,1,1,0,1,1,0,0,0,0,1,0,1,0,0,0,1,0,1,0,0,1,0,0,0,0
6598-KELSS,0,0.7129572609402939,-0.7260543663440205,-0.04095044718449718,1,0,1,0,1,0,0,0,0,1,0,1,0,0,0,0,0,1,0,0,1,0,1,0,0,0,0
7547-EKNFS,0,0.387311382231542,1.0061259610066313,0.7279705998567367,1,1,0,1,0,1,1,0,0,0,0,1,0,1,0,0,0,1,0,0,0,0,1,0,0,0,1
0114-RSRRW,0,-0.9152721326034655,-1.4925939364934466,-0.9279779075496003,0,1,0,1,0,0,0,1,1,0,1,0,1,0,1,0,1,0,1,0,0,0,1,0,0,0,0
4547-FZJWE,0,0.9164859351332638,-0.18184445506910288,0.3756929763236276,1,1,1,1,0,0,0,0,0,1,0,0,0,0,0,0,0,0,0,1,1,0,0,1,0,0,0
7850-VWJUU,0,-0.38609757970174374,0.3341594547068096,-0.22954750979887634,0,0,0,1,0,0,1,0,0,1,0,0,0,0,0,0,0,0,0,0,0,0,1,0,0,0,0
9643-YBLUR,0,-0.9559778674420595,0.1367174442137754,-0.7232893949414674,1,1,0,1,0,1,0,0,0,0,0,1,0,1,0,0,0,0,0,1,0,0,1,1,0,0,0
2931-VUVJN,1,1.0793088744876398,0.9663057235962715,1.3973354044400252,0,1,0,1,0,1,1,0,0,1,0,1,0,1,0,1,0,0,0,0,1,0,1,0,1,0,0
9453-PATOS,0,1.6084834273893616,0.6693131195773377,1.6921623804510961,0,1,0,1,0,0,0,0,0,1,0,1,0,1,0,1,0,1,0,1,0,1,0,0,0,1,0
1393-IMKZG,0,-1.2816237461508113,1.026036079711811,-0.9683272732911007,0,0,0,1,0,0,1,0,0,0,0,0,0,0,0,1,0,1,0,1,0,0,1,0,1,0,0
8067-NIOYM,0,-0.3453918448631497,-1.4544328756418519,-0.7949874518031321,0,1,1,1,0,0,0,1,1,0,1,0,1,0,1,0,1,0,1,0,0,1,1,1,0,0,0
1697-BCSHV,0,1.0386031396490458,0.06205449906935077,0.732822183006286,0,1,1,1,0,1,0,0,0,0,0,1,0,0,0,0,0,1,0,0,0,0,1,0,0,0,0
6663-JOCQO,0,-0.06045170099299184,0.34245533750063456,0.018958921209710683,1,1,1,1,0,1,0,0,0,1,0,1,0,0,0,1,0,0,0,1,1,0,1,0,0,0,0
6036-TTFYU,0,-0.6710377235719016,-1.5042081724048018,-0.8723493478167594,0,1,0,1,0,0,0,1,1,0,1,0,1,0,1,0,1,0,1,0,0,0,0,0,0,1,0
9592-ERDKV,0,0.18378270803857208,0.4751894622018339,0.26803612670648,1,1,0,1,0,1,0,0,0,1,0,0,0,1,0,0,0,1,0,1,1,0,0,0,0,1,0
9824-BEMCV,0,-0.6303319887333076,0.13505826765501053,-0.505648692024583,1,1,1,1,0,0,1,0,0,0,0,0,0,0,0,0,0,0,0,0,0,0,1,0,1,0,1
5002-GCQFH,0,0.6722515261016999,0.9596690173612115,1.0676911846498363,1,1,0,1,0,1,1,0,0,1,0,1,0,0,0,0,0,1,0,0,0,0,1,0,0,0,0
2962-XPMCQ,0,-1.2409180113122174,-0.6563689508758908,-0.967163771449806,1,0,0,1,0,0,0,0,0,0,0,0,0,0,0,0,0,0,0,0,0,0,1,0,1,0,1
6686-YPGHK,1,0.590840056424512,0.6825865320474579,0.7643904027757514,1,0,0,1,0,0,1,0,0,1,0,0,0,0,0,0,0,0,0,1,0,0,0,0,0,1,1
0488-GSLFR,0,-1.2816237461508113,0.15165003324266044,-0.9798964331092566,0,0,0,1,0,0,1,0,0,0,0,0,0,0,0,0,0,0,0,0,0,0,1,0,1,0,1
1935-IMVBB,0,0.9571916699718578,0.8219573629837174,1.1642179317474293,1,1,0,1,0,0,1,0,0,0,0,0,0,0,0,0,0,1,0,1,0,0,0,0,0,1,0
7432-FFVAR,0,0.5501343215859179,0.8634367769528422,0.8496992358940704,0,1,1,1,0,0,1,0,0,0,0,0,0,1,0,1,0,0,0,1,1,0,0,0,0,0,0
0238-WHBIQ,0,1.6084834273893616,0.8219573629837174,1.7729050176639571,1,1,1,1,0,1,0,0,0,1,0,1,0,1,0,1,0,1,0,1,0,1,0,1,0,0,0
7486-KSRVI,0,0.428017117070136,1.1637477340893057,0.8387008505640966,1,0,0,1,0,1,1,0,0,0,0,0,0,0,0,1,0,1,0,1,1,0,1,0,1,0,1
1915-IOFGU,0,-1.2816237461508113,0.18483356441796028,-0.9794573758106548,0,0,0,1,0,0,1,0,0,0,0,0,0,0,0,0,0,0,0,0,0,0,0,0,1,0,1
5304-EFJLP,1,1.6084834273893616,1.550335872281549,2.512079932724923,1,1,0,1,0,1,1,0,0,0,0,1,0,1,0,1,0,1,0,1,0,1,1,0,0,0,0
7636-OWBPG,1,-0.8338606629262776,-1.1806687434456282,-0.843042273135093,1,0,0,0,1,0,0,0,0,0,0,1,0,0,0,0,0,0,0,0,0,0,1,1,0,0,0
3908-MKIMJ,1,1.4456604880349857,-0.7625562506368502,0.29172326796604403,1,1,0,0,1,0,0,0,0,1,0,1,0,1,0,0,0,0,0,0,0,1,1,0,1,0,0
1866-RZZQS,1,0.346605647392948,1.1106540842088262,0.828251286857375,1,0,0,1,0,1,1,0,0,0,0,0,0,1,0,0,0,1,0,1,0,0,1,0,1,0,1
4001-TSBTV,0,1.0386031396490458,0.8833468956580218,1.4095192444762235,0,1,1,1,0,0,1,0,0,0,0,1,0,1,0,0,0,1,0,0,0,0,1,0,1,0,0
5202-IVJNU,0,0.26519417771576004,-1.1557810950641534,-0.513705393453925,0,0,1,0,1,0,0,0,0,0,0,0,0,1,0,0,0,0,0,0,0,0,0,1,0,0,1
4091-TVOCN,0,0.631545791263106,0.458597696614184,0.6063956338739138,1,0,1,1,0,1,0,0,0,1,0,0,0,1,0,0,0,1,0,1,1,0,1,1,0,0,0
8815-LMFLX,0,-0.30468611002455576,-1.3117436915880627,-0.7703124316217141,1,1,1,1,0,1,0,1,1,0,1,0,1,0,1,0,1,0,1,0,0,0,1,0,0,0,0
6696-YDAYZ,0,-0.6710377235719016,-1.4743429943470319,-0.8828428172533411,1,1,1,1,0,0,0,1,1,0,1,0,1,0,1,0,1,0,1,0,0,1,0,0,0,1,0
1307-ATKGB,0,-0.3453918448631497,0.8169798333074222,-0.05012674472527367,1,0,0,1,0,0,1,0,0,0,0,1,0,1,0,0,0,0,0,1,0,0,1,0,1,0,0
9386-LDCZR,0,0.428017117070136,0.8534817176002523,0.6941412349994724,1,0,0,1,0,0,1,0,0,1,0,1,0,1,0,1,0,0,0,0,1,0,1,1,0,0,0
3751-KTZEL,0,-1.2816237461508113,-0.9915226157464192,-0.9950219570460865,0,0,0,0,1,0,0,0,0,0,0,0,0,0,0,0,0,0,0,1,0,0,0,0,0,1,1
9269-CQOOL,0,-1.2002122764736234,-0.3394662281517771,-0.9360126561140123,1,0,1,1,0,0,0,0,0,0,0,0,0,0,0,0,0,1,0,0,0,0,1,1,0,0,1
9633-XQABV,0,-1.2002122764736234,0.17653768162413533,-0.9095594538732573,0,0,0,1,0,0,1,0,0,0,0,0,0,0,0,0,0,0,0,0,0,0,1,0,1,0,0
7672-VFMXZ,0,0.9978974048104517,-0.3062826969764773,0.382103212883213,1,1,0,1,0,0,0,0,0,1,0,0,0,0,0,1,0,0,0,0,0,0,0,0,1,0,0
2267-WTPYD,1,0.9978974048104517,0.9646465470375066,1.3775997788678769,0,1,0,1,0,1,1,0,0,0,0,1,0,1,0,0,0,0,0,1,0,0,0,1,0,0,0
7246-ZGQDF,0,-1.2816237461508113,-0.3461029343868372,-0.9864822925882827,0,0,1,1,0,0,0,0,0,1,0,0,0,0,0,1,0,0,0,0,0,0,0,0,1,0,0
6410-LEFEN,0,-0.9559778674420595,-0.6563689508758908,-0.8275655033593815,0,0,0,1,0,0,0,0,0,0,0,0,0,0,0,0,0,0,0,0,0,0,0,0,1,0,1
3319-DWOEP,1,-1.0780950719578415,1.0227177265942813,-0.7585017902893272,1,1,0,1,0,0,1,0,0,0,0,0,0,1,0,0,0,1,0,1,0,0,1,0,1,0,1
3552-CTCYF,0,1.2421318138420157,1.3230286837307448,1.8861598478382768,1,1,1,1,0,1,1,0,0,0,0,1,0,1,0,0,0,1,0,1,0,1,1,0,0,0,0
5599-HVLTW,1,-0.7524491932490895,0.5116913464946635,-0.5458443877115726,0,0,0,1,0,1,1,0,0,0,0,0,0,1,0,0,0,0,0,0,0,0,1,0,0,0,0
0396-UKGAI,0,-0.38609757970174374,-0.3195561094465974,-0.4465735324977183,1,0,1,1,0,0,0,0,0,0,0,1,0,0,0,1,0,0,0,0,0,0,1,0,0,0,0
3612-YVGSJ,0,1.5677776925507676,-1.3432680462045974,-0.2720921620333854,0,1,0,1,0,1,0,1,1,0,1,0,1,0,1,0,1,0,1,0,0,1,1,1,0,0,0
5977-CKHON,0,0.428017117070136,0.9165304268333218,0.7629415136903657,0,1,1,1,0,1,1,0,0,0,0,0,0,1,0,0,0,0,0,1,0,0,1,0,0,0,0
1792-UXAFY,1,-0.6303319887333076,0.8037064208373025,-0.35318604508512735,0,0,0,1,0,0,1,0,0,0,0,1,0,1,0,0,0,1,0,0,0,0,1,0,1,0,1
0799-DDIHE,0,-0.7117434584104956,-0.618207890024296,-0.7296557257711926,0,1,1,1,0,0,0,0,0,0,0,0,0,0,0,0,0,0,0,0,0,0,0,0,1,0,0
3057-VJJQE,0,0.1023712383613841,-0.3212152860053623,-0.16562076712246246,1,0,0,1,0,1,0,0,0,1,0,0,0,0,0,0,0,0,0,0,0,1,0,0,0,1,0
4077-CROMM,0,-0.06045170099299184,1.303118565025565,0.41364947978774824,0,1,1,1,0,1,1,0,0,0,0,0,0,1,0,1,0,1,0,1,0,0,1,0,1,0,1
5248-KWLAR,0,1.5677776925507676,0.8435266582476619,1.7667362626186025,1,1,1,1,0,1,0,0,0,1,0,1,0,1,0,1,0,1,0,1,0,1,0,0,1,0,0
6599-CEBNN,0,0.06166550352279012,0.29931674697274485,0.09796728209309441,0,0,0,1,0,0,1,0,0,0,0,1,0,0,0,0,0,0,0,0,0,0,1,1,0,0,1
7459-RRWQZ,0,-0.7117434584104956,-0.009290092957543614,-0.5737464790377135,0,0,0,1,0,1,0,0,0,1,0,0,0,0,0,0,0,0,0,1,0,0,1,0,0,0,1
9574-BOSMD,0,1.4456604880349857,-1.3117436915880627,-0.2990502801675324,1,1,1,1,0,1,0,1,1,0,1,0,1,0,1,0,1,0,1,0,0,1,0,0,0,0,0
9470-RTWDV,0,-0.2639803751859618,0.5664441729339085,-0.09581065664478519,1,1,1,1,0,1,0,0,0,0,0,0,0,1,0,1,0,1,0,1,1,0,1,1,0,0,0
2585-KTFRE,0,-1.2816237461508113,0.18317438785919538,-0.979479328675585,1,0,1,1,0,0,0,0,0,1,0,1,0,0,0,1,0,0,0,1,0,0,1,0,0,0,0
6463-MVYRY,1,0.9978974048104517,0.16326426915401518,0.7471354509407029,0,0,0,1,0,0,0,0,0,1,0,0,0,1,0,1,0,1,0,0,0,1,0,0,0,0,0
2237-ZFSMY,0,0.26519417771576004,1.0160810203592212,0.610961829779372,0,0,0,1,0,0,1,0,0,1,0,0,0,1,0,1,0,1,0,0,1,0,1,0,1,0,1
5512-IDZEI,0,0.5501343215859179,-1.3283354571757127,-0.4946064009647491,1,1,1,1,0,1,0,1,1,0,1,0,1,0,1,0,1,0,1,0,1,0,0,0,1,0,0
2324-EFHVG,0,1.2828375486806096,1.309755271260625,1.928045914124883,1,0,0,1,0,1,1,0,0,0,0,1,0,1,0,0,0,1,0,1,0,1,1,0,0,0,0
7398-SKNQZ,0,-1.2002122764736234,0.9945117250952766,-0.8904604613840813,0,1,0,1,0,1,1,0,0,0,0,0,0,0,0,0,0,1,0,1,0,0,0,0,1,0,0
5712-VBOXD,0,-1.1595065416350294,-1.4859572302583868,-0.9803574432727885,0,0,0,1,0,0,0,1,1,0,1,0,1,0,1,0,1,0,1,0,0,0,1,1,0,0,0
7579-KKLOE,0,1.5677776925507676,0.873391836305432,1.8828010595039737,1,1,1,1,0,1,0,0,0,1,0,1,0,1,0,1,0,1,0,1,0,1,1,0,0,1,0
5480-TBGPH,0,-0.3453918448631497,1.1405192622665956,0.0570910475932721,0,1,0,1,0,0,1,0,0,0,0,1,0,1,0,0,0,1,0,1,0,0,1,1,0,0,1
1985-MBRYP,0,0.428017117070136,-1.5025489958460367,-0.6682755154266689,0,0,0,1,0,0,0,1,1,0,1,0,1,0,1,0,1,0,1,0,0,1,1,0,0,0,0
1703-MGIAB,0,-0.6303319887333076,0.13505826765501053,-0.5239354285113456,0,0,0,1,0,1,0,0,0,0,0,0,0,1,0,1,0,1,0,0,0,0,1,0,0,1,0
0666-UXTJO,1,0.06166550352279012,0.6726314726948681,0.25163733660370474,1,1,0,1,0,0,1,0,0,0,0,0,0,1,0,0,0,1,0,0,0,0,1,1,0,0,0
3580-REOAC,0,-0.9152721326034655,-0.6663240102284806,-0.8192453675508784,1,0,0,1,0,0,0,0,0,0,0,0,0,0,0,0,0,0,0,0,0,0,1,1,0,0,1
0093-EXYQL,1,0.30589991255435406,0.8833468956580218,0.6025099767812884,0,0,0,1,0,0,1,0,0,0,0,0,0,0,0,0,0,1,0,1,0,0,1,0,1,0,0
5792-JALQC,1,0.7943687306174818,-0.168571042598983,0.35209364652378383,0,0,0,1,0,1,0,0,0,1,0,0,0,1,0,0,0,0,0,0,0,1,0,0,0,0,0
3062-ICYZQ,0,0.7536629957788878,0.9580098408024466,0.9826238330457483,0,1,1,1,0,1,1,0,0,1,0,1,0,0,0,0,0,0,0,1,0,0,1,0,1,0,0
7315-WYOAW,0,-0.7931549280876836,1.1886353824707805,-0.43381891797333766,1,0,0,1,0,1,1,0,0,0,0,0,0,0,0,1,0,1,0,1,0,0,0,0,1,0,0
2937-FTHUR,0,-0.5896262538947137,-0.004312563281248919,-0.4981627650834232,0,0,1,1,0,1,0,0,0,1,0,0,0,0,0,0,0,0,0,1,0,0,0,0,1,0,0
8845-LWKGE,0,-0.10115743583158582,-0.014267622633838777,-0.13881631904282593,0,1,1,1,0,0,0,0,0,0,0,0,0,1,0,1,0,1,0,0,1,0,1,0,1,0,0
2984-MIIZL,0,-1.1595065416350294,0.3275227484717495,-0.8690783709421763,1,0,0,1,0,0,1,0,0,0,0,0,0,1,0,0,0,0,0,0,0,0,1,0,0,0,1
1564-HJUVY,0,-1.1595065416350294,-0.03915527101531366,-0.9110961544183633,1,0,0,1,0,0,0,0,0,0,0,1,0,0,0,1,0,1,0,0,0,0,1,0,0,0,0
8305-VHZBZ,0,-1.2816237461508113,-1.4842980536996218,-1.0015419579303226,1,0,0,1,0,0,0,1,1,0,1,0,1,0,1,0,1,0,1,0,0,0,1,0,0,1,1
4487-ZYJZK,0,0.22448844287716607,-1.5042081724048018,-0.675366290799087,0,1,1,1,0,0,0,1,1,0,1,0,1,0,1,0,1,0,1,0,1,0,0,1,0,0,0
8398-TBIYD,0,1.6084834273893616,0.6560397071072182,1.705224335084498,0,0,0,1,0,1,1,0,0,1,0,0,0,0,0,1,0,0,0,0,0,1,1,0,0,0,0
1813-JYWTO,0,1.6084834273893616,0.5150096996121938,1.508724241095288,0,1,0,1,0,1,1,0,0,1,0,0,0,0,0,0,0,0,0,0,0,1,0,0,0,0,0
0674-EYYZV,0,-1.2816237461508113,-0.34112540471054226,-0.9864164339934924,0,0,0,1,0,0,0,0,0,0,0,0,0,0,0,0,0,1,0,0,0,0,1,0,1,0,0
2530-FMFXO,0,0.9571916699718578,1.2699350338502653,1.5685018922999152,1,1,1,1,0,1,1,0,0,0,0,0,0,1,0,1,0,1,0,1,0,1,1,0,1,0,0
0529-ONKER,1,-0.7117434584104956,0.35572874997075465,-0.5069658639203881,1,0,0,1,0,1,1,0,0,0,0,0,0,0,0,0,0,0,0,0,0,0,0,0,1,0,1
5982-XMDEX,0,1.3235432835192036,-1.2752418072952327,-0.26465014082208577,0,0,0,1,0,1,0,1,1,0,1,0,1,0,1,0,1,0,1,0,0,1,0,0,0,0,0
4710-NKCAW,0,-1.1188008067964355,-0.017585975751368575,-0.8712736574351851,1,1,1,1,0,1,0,0,0,1,0,1,0,0,0,1,0,0,0,0,0,0,0,1,0,0,0
6024-RUGGH,0,1.6084834273893616,-1.3183803978231226,-0.22059074090740072,1,1,1,1,0,1,0,1,1,0,1,0,1,0,1,0,1,0,1,0,0,1,1,0,0,0,0
1304-SEGFY,0,1.6084834273893616,1.0924031420624107,1.9933117815620325,0,1,0,1,0,1,1,0,0,0,0,0,0,1,0,0,0,1,0,1,0,1,1,0,1,0,0
8148-BPLZQ,0,0.06166550352279012,-0.5020655309107466,-0.24899774812693357,1,0,0,1,0,0,0,0,0,0,0,1,0,0,0,0,0,0,0,0,0,0,1,0,1,0,0
1728-CXQBE,1,1.2828375486806096,0.9729424298313315,1.6596721403545671,1,1,0,1,0,1,1,0,0,0,0,1,0,1,0,0,0,0,0,1,0,0,1,0,1,0,0
0374-FIUCA,0,1.3235432835192036,-1.477661347464562,-0.38938631935484114,1,1,0,1,0,0,0,1,1,0,1,0,1,0,1,0,1,0,1,0,0,1,1,1,0,0,0
6035-RIIOM,0,0.8757802002946699,1.0708338467984662,1.241711544950637,0,0,0,1,0,1,1,0,0,0,0,1,0,0,0,0,0,1,0,1,0,1,1,0,0,0,0
3590-TCXTB,0,-1.2816237461508113,-1.4793205240233267,-1.0014760993355323,1,0,0,1,0,0,0,1,1,0,1,0,1,0,1,0,1,0,1,0,0,0,0,0,0,1,0
0315-LVCRK,0,-0.8745663977648716,0.659358060224748,-0.6201987412297779,1,0,0,1,0,0,1,0,0,0,0,0,0,1,0,0,0,0,0,1,0,0,0,0,1,0,0
0314-TKOSI,0,-1.0780950719578415,-0.32453363912289235,-0.8686393136435746,0,0,0,1,0,0,0,0,0,1,0,1,0,0,0,0,0,0,0,0,0,0,0,0,0,1,0
0971-QIFJK,0,1.4863662228735797,-1.3499047524396575,-0.28956664251773473,0,1,0,1,0,1,0,1,1,0,1,0,1,0,1,0,1,0,1,0,0,1,0,0,0,0,0
2792-VPPET,0,-1.2002122764736234,-1.4743429943470319,-0.9766254562346737,1,0,0,1,0,0,0,1,1,0,1,0,1,0,1,0,1,0,1,0,0,0,1,0,1,0,0
9443-JUBUO,0,1.6084834273893616,0.010620025747636104,0.9560608664803428,1,1,1,0,1,0,0,0,0,1,0,1,0,1,0,1,0,1,0,1,0,1,1,1,0,0,0
4578-PHJYZ,0,0.7943687306174818,0.12676238486118555,0.5187597970730058,1,1,1,1,0,0,0,0,0,0,0,1,0,1,0,1,0,1,0,0,1,0,1,0,1,0,0
3588-WSTTJ,1,0.1023712383613841,1.1322233794727707,0.5502621582476809,0,0,0,1,0,1,1,0,0,1,0,0,0,0,0,0,0,1,0,1,0,0,1,0,1,0,0
1347-KTTTA,0,1.2828375486806096,1.2450473854687905,1.911120255263786,1,1,0,1,0,0,1,0,0,0,0,1,0,1,0,1,0,1,0,1,1,0,1,1,0,0,0
7073-QETQY,0,1.3642490183577978,-1.4793205240233267,-0.413512517913007,1,1,1,1,0,0,0,1,1,0,1,0,1,0,1,0,1,0,1,0,1,0,1,0,1,0,0
7892-POOKP,0,-0.1825689055087738,1.3230286837307448,0.3269795690437642,0,1,0,1,0,1,1,0,0,0,0,0,0,1,0,1,0,1,0,1,0,0,1,0,1,0,1
6480-YAGIY,0,0.5094285867473239,1.5685868144279638,1.198859552607107,1,0,0,1,0,0,1,0,0,1,0,1,0,1,0,1,0,1,0,1,1,0,0,1,0,0,0
4625-LAMOB,0,0.46872285190873,-1.477661347464562,-0.6128225786132686,1,0,0,1,0,0,0,1,1,0,1,0,1,0,1,0,1,0,1,0,0,1,0,1,0,0,0
5277-ZLOOR,1,-1.2409180113122174,0.6842457086062228,-0.9281096247391809,0,0,0,1,0,1,1,0,0,0,0,0,0,0,0,0,0,1,0,0,0,0,1,0,1,0,1
5906-DVAPM,0,0.9164859351332638,0.3341594547068096,0.8397326352158104,0,1,1,1,0,1,0,0,0,1,0,1,0,0,0,1,0,1,0,0,1,0,1,1,0,0,0
1501-SGHBW,0,-1.2409180113122174,-0.6331404790531808,-0.9748472741753365,1,0,0,1,0,0,0,0,0,0,0,0,0,0,0,0,0,0,0,0,0,0,0,0,0,1,1
7663-YJHSN,0,1.6084834273893616,1.2948226822317401,2.30750118444144,0,1,0,1,0,1,1,0,0,1,0,1,0,1,0,1,0,1,0,0,0,1,1,0,0,0,0
9019-QVLZD,0,-1.2816237461508113,0.4851445215544238,-0.9754839072583089,0,0,0,1,0,0,1,0,0,0,0,0,0,0,0,0,0,1,0,0,0,0,0,0,1,0,1
0117-LFRMW,0,0.18378270803857208,-0.8206274301936248,-0.3743047011478713,1,1,1,0,1,0,0,0,0,1,0,1,0,1,0,0,0,0,0,0,0,0,0,0,0,0,1
0885-HMGPY,0,1.2014260790034217,0.14833168012513065,0.8500943874628117,1,0,0,1,0,1,0,0,0,1,0,1,0,1,0,1,0,0,0,0,0,1,0,0,0,0,0
5158-RIVOP,0,-0.8745663977648716,-1.461069581876912,-0.9215896238549449,0,1,1,1,0,0,0,1,1,0,1,0,1,0,1,0,1,0,1,0,0,1,0,1,0,0,0
1302-TPUBN,0,1.3642490183577978,-1.5125040551986266,-0.465628619257034,1,0,0,1,0,0,0,1,1,0,1,0,1,0,1,0,1,0,1,0,0,1,0,0,0,0,0
7105-MXJLL,1,-0.2639803751859618,-0.14036504109997808,-0.3090607865756521,0,1,0,1,0,0,0,0,0,0,0,0,0,1,0,0,0,0,0,1,1,0,0,0,0,1,0
2550-QHZGP,0,-1.0373893371192475,-1.5075265255223318,-0.9539481467618935,1,0,0,1,0,0,0,1,1,0,1,0,1,0,1,0,1,0,1,0,1,0,0,0,0,1,0
8443-WVPSS,0,-0.9152721326034655,1.1587702044130104,-0.5753490381776097,1,1,0,1,0,0,1,0,0,0,0,1,0,0,0,1,0,1,0,1,0,0,1,0,1,0,1
4056-QHXHZ,0,1.6084834273893616,1.4109650413452897,2.316194518953755,0,1,1,1,0,1,1,0,0,1,0,0,0,1,0,1,0,1,0,1,0,1,0,0,0,1,0
4510-HIMLV,0,-1.2816237461508113,0.1616050925952503,-0.979764715919676,1,0,0,1,0,0,1,0,0,0,0,0,0,0,0,0,0,0,0,0,0,0,1,0,1,0,1
5071-FBJFS,0,-1.1595065416350294,-0.48547376532309666,-0.9150915758356392,0,1,1,1,0,0,0,0,0,1,0,0,0,0,0,0,0,0,0,0,0,0,0,0,1,0,0
1429-UYJSV,0,-0.8338606629262776,-1.5008898192872717,-0.8958608661568828,0,0,0,1,0,0,0,1,1,0,1,0,1,0,1,0,1,0,1,0,1,0,0,0,0,1,0
8286-AFUYI,0,-1.2816237461508113,-0.563455063585051,-0.9893581178941242,1,0,0,1,0,0,0,0,0,1,0,0,0,0,0,0,0,0,0,0,0,0,0,0,1,0,0
0345-XMMUG,0,0.5501343215859179,1.4590811615494745,1.1209049292403674,0,1,0,1,0,1,1,0,0,0,0,1,0,1,0,1,0,1,0,1,0,1,1,1,0,0,0
3221-CJMSG,0,-0.3453918448631497,-0.45892694038285664,-0.4529837690573038,1,0,0,1,0,0,0,0,0,0,0,0,0,0,0,1,0,0,0,0,0,0,1,1,0,0,0
8981-FJGLA,0,-0.8745663977648716,0.4337100482327091,-0.6364219084131124,1,0,1,1,0,1,1,0,0,0,0,0,0,1,0,0,0,0,0,0,0,0,1,0,0,1,0
1223-UNPKS,0,-0.5082147842175256,-1.4892755833759168,-0.8347879959213802,1,1,1,1,0,0,0,1,1,0,1,0,1,0,1,0,1,0,1,0,0,1,0,0,0,1,0
9921-EZKBY,0,0.020959768684196134,1.0077851375653963,0.42756759615342366,1,0,1,1,0,1,1,0,0,1,0,0,0,1,0,0,0,0,0,1,0,0,1,0,0,0,0
4822-NGOCH,0,-0.7931549280876836,0.6477438243133932,-0.5456248590622718,0,0,0,1,0,1,1,0,0,0,0,1,0,1,0,0,0,0,0,0,0,0,1,0,1,0,1
0318-ZOPWS,0,0.6722515261016999,-1.4859572302583868,-0.5830544937680704,0,1,0,1,0,0,0,1,1,0,1,0,1,0,1,0,1,0,1,0,0,1,1,0,0,0,0
4881-GQJTW,0,-0.7524491932490895,-1.5042081724048018,-0.8785181028621138,1,0,0,1,0,0,0,1,1,0,1,0,1,0,1,0,1,0,1,0,0,0,0,1,0,0,0
2956-GGUCQ,1,-0.3453918448631497,0.4619160497317138,-0.23229161791513722,1,1,0,1,0,1,1,0,0,1,0,0,0,0,0,0,0,0,0,0,0,0,1,0,1,0,1
0880-TKATG,0,-1.1595065416350294,1.2019087949409006,-0.8409787038316647,1,1,1,1,0,1,1,0,0,0,0,0,0,1,0,0,0,1,0,1,0,0,0,0,1,0,1
3190-XFANI,0,0.6722515261016999,1.1836578527944854,1.2154559184942528,1,0,1,1,0,1,1,0,0,0,0,0,0,0,0,1,0,1,0,1,1,0,1,0,0,0,1
7234-KMNRQ,0,-1.1595065416350294,-1.5241182911099815,-0.9781621567797798,1,0,0,1,0,0,0,1,1,0,1,0,1,0,1,0,1,0,1,0,0,0,0,0,0,1,0
5406-KGRMX,0,1.5677776925507676,-1.3399496930870676,-0.2556055604708898,0,0,0,1,0,1,0,1,1,0,1,0,1,0,1,0,1,0,1,0,0,1,0,0,1,0,0
0780-XNZFN,0,0.9978974048104517,-1.469365464670737,-0.5162080200559549,1,0,0,1,0,0,0,1,1,0,1,0,1,0,1,0,1,0,1,0,0,1,0,0,0,0,0
2916-BQZLN,0,-0.5489205190561197,0.6576988836659831,-0.285110210936927,1,0,0,1,0,1,1,0,0,1,0,0,0,1,0,0,0,0,0,0,0,0,1,0,1,0,0
8496-EJAUI,0,-0.5489205190561197,0.29599839385521454,-0.38497379350389366,1,0,0,1,0,0,1,0,0,0,0,1,0,0,0,0,0,0,0,0,0,0,1,1,0,0,1
6719-OXYBR,0,-0.7117434584104956,0.6759498258123978,-0.47482686966274057,1,0,0,1,0,0,1,0,0,0,0,0,0,1,0,0,0,1,0,0,0,0,0,0,1,0,0
2144-BFDSO,1,0.7129572609402939,1.4541036318731793,1.3745044249127345,0,1,0,1,0,1,1,0,0,1,0,1,0,1,0,0,0,1,0,1,0,0,0,0,0,0,0
9492-TOKRI,0,-0.5896262538947137,0.8319124223363072,-0.3398167503427043,0,0,0,1,0,1,1,0,0,0,0,1,0,0,0,0,0,1,0,0,0,0,1,1,0,0,1
4730-AWNAU,0,0.14307697319997809,-0.14036504109997808,-0.02931542877155097,1,1,1,0,1,0,0,0,0,1,0,0,0,1,0,1,0,1,0,1,1,0,0,1,0,0,0
6992-TKNYO,0,0.22448844287716607,0.13505826765501053,0.16163059039034727,1,1,0,1,0,1,0,0,0,0,0,0,0,1,0,1,0,0,0,1,1,0,0,1,0,0,0
5668-MEISB,0,1.6084834273893616,1.3661672742586346,2.3516264429509155,0,1,1,1,0,1,1,0,0,1,0,1,0,1,0,1,0,1,0,0,0,1,0,1,0,0,0
8263-JQAIK,1,-1.2409180113122174,-1.3432680462045974,-0.9895556936784949,1,0,0,0,1,0,0,0,0,0,0,0,0,0,0,0,0,0,0,0,0,0,1,0,0,1,1
5176-LDKUH,0,0.631545791263106,0.33913698438310474,0.6459986022077912,0,0,0,1,0,0,1,0,0,0,0,1,0,0,0,0,0,0,0,0,1,0,0,0,1,0,0
4749-VFKVB,0,-1.2816237461508113,-0.49211047155815646,-0.9884141447021304,0,0,0,1,0,1,0,0,0,0,0,0,0,0,0,0,0,0,0,0,0,0,1,0,0,1,1
5161-UBZXI,0,1.4863662228735797,1.3744631570524595,2.1779134227591355,1,1,1,1,0,0,1,0,0,1,0,1,0,0,0,1,0,1,0,1,0,1,1,1,0,0,0
1600-DILPE,0,-0.8338606629262776,-0.6613464805521857,-0.7801912208402534,0,0,0,1,0,0,0,0,0,0,0,0,0,0,0,0,0,0,0,0,0,0,1,0,0,0,0
3097-PYWXL,0,-1.1595065416350294,-1.4925939364934466,-0.9740130653079931,0,1,1,1,0,0,0,1,1,0,1,0,1,0,1,0,1,0,1,0,0,0,1,0,1,0,0
0515-YPMCW,0,-1.2816237461508113,0.18317438785919538,-0.979479328675585,1,0,1,1,0,0,1,0,0,0,0,0,0,0,0,0,0,0,0,0,0,0,1,0,0,1,1
4163-NCJAK,0,0.5501343215859179,-1.3432680462045974,-0.5423099764578285,0,1,0,1,0,1,0,1,1,0,1,0,1,0,1,0,1,0,1,0,1,0,1,0,0,0,0
2804-ETQDK,0,1.3642490183577978,-1.472683817788267,-0.41456625542965125,1,0,1,1,0,0,0,1,1,0,1,0,1,0,1,0,1,0,1,0,0,1,0,0,0,1,0
0305-SQECB,0,-0.8745663977648716,-0.9583390845711194,-0.8336464469450158,0,0,1,0,1,0,0,0,0,1,0,0,0,0,0,1,0,0,0,0,1,0,1,0,0,1,0
6122-EFVKN,0,-0.3453918448631497,-0.9682941439237093,-0.645642111683749,1,0,1,0,1,0,0,0,0,1,0,0,0,0,0,1,0,0,0,0,0,1,0,0,0,1,0
4393-GEADV,0,1.5270719577121736,1.6532048189249784,2.432808137462378,1,1,1,1,0,1,1,0,0,1,0,1,0,1,0,1,0,1,0,1,0,1,0,1,0,0,0
0281-CNTZX,0,1.2421318138420157,-1.4925939364934466,-0.46826296304864445,1,1,0,1,0,0,0,1,1,0,1,0,1,0,1,0,1,0,1,0,0,1,1,0,0,0,0
6972-SNKKW,0,-1.0780950719578415,-1.4909347599346818,-0.9624658583547674,0,0,0,1,0,0,0,1,1,0,1,0,1,0,1,0,1,0,1,0,0,0,0,0,0,1,0
3061-BCKYI,0,-0.7524491932490895,-1.4942531130522119,-0.8858284068838329,1,0,0,1,0,0,0,1,1,0,1,0,1,0,1,0,1,0,1,0,0,0,0,0,0,1,0
7480-SPLEF,0,1.4863662228735797,-1.2918335728828827,-0.22162252555911488,1,1,1,1,0,1,0,1,1,0,1,0,1,0,1,0,1,0,1,0,0,1,1,0,0,0,0
6135-OZQVA,0,-1.0373893371192475,-0.37430893588584213,-0.8328780966724627,0,0,0,1,0,1,0,0,0,1,0,0,0,0,0,0,0,0,0,0,0,0,1,0,1,0,0
4290-BSXUX,0,-1.2002122764736234,0.48846287467195404,-0.8998782404390887,1,1,0,1,0,1,1,0,0,0,0,0,0,0,0,1,0,0,0,0,0,0,1,0,0,0,1
7670-ZBPOQ,0,1.0386031396490458,-0.12875080518862334,0.5169596621487387,0,1,0,1,0,1,0,0,0,1,0,0,0,0,0,1,0,0,0,0,1,0,1,0,0,0,0
0804-XBFBV,0,-0.8745663977648716,-1.3183803978231226,-0.8694515696459879,0,0,1,0,1,0,0,0,0,0,0,0,0,0,0,0,0,0,0,0,0,0,0,0,1,0,0
8670-ERCJH,0,1.6084834273893616,1.6084070518383238,2.574096776152419,1,0,0,1,0,1,1,0,0,1,0,1,0,1,0,1,0,1,0,1,0,1,0,0,0,0,0
4335-BSMJS,0,1.2014260790034217,-1.2984702791179428,-0.3237472532138804,0,0,0,1,0,1,0,1,1,0,1,0,1,0,1,0,1,0,1,0,0,1,1,1,0,0,0
8150-QUDFX,0,-1.2409180113122174,-1.4959122896109767,-0.9877555587542278,1,0,0,1,0,0,0,1,1,0,1,0,1,0,1,0,1,0,1,0,0,0,0,0,0,1,0
1550-EENBN,0,-0.06045170099299184,1.3080960947018598,0.39703116103567226,0,0,0,1,0,1,1,0,0,1,0,1,0,0,0,0,0,1,0,1,0,0,0,0,1,0,0
3797-VTIDR,0,-1.2816237461508113,-1.3764515773798973,-1.0001150217098669,1,1,0,0,1,0,0,0,0,0,0,0,0,0,0,0,0,0,0,0,0,0,1,0,1,0,1
6260-XLACS,0,-1.1595065416350294,-1.5008898192872717,-0.9586899655867922,1,0,0,1,0,0,0,1,1,0,1,0,1,0,1,0,1,0,1,0,1,0,0,0,0,1,0
3946-JEWRQ,0,0.590840056424512,1.0044667844478665,0.9930075381576794,1,1,0,1,0,1,1,0,0,0,0,0,0,0,0,0,0,1,0,1,1,0,1,1,0,0,0
0440-MOGPM,0,0.346605647392948,0.5183280527297236,0.42262820154415404,0,0,0,1,0,1,0,0,0,0,0,1,0,1,0,0,0,1,0,1,1,0,1,0,1,0,0
4837-PZTIC,0,0.590840056424512,-0.7642154271956153,-0.18706871615915763,0,0,0,0,1,0,0,0,0,1,0,0,0,1,0,1,0,0,0,0,0,1,0,0,0,1,0
3091-FYHKI,0,-1.2816237461508113,-0.9782492032762992,-0.994846334126646,1,0,0,0,1,0,0,0,0,0,0,0,0,0,0,0,0,0,0,1,0,0,1,0,1,0,1
4694-PHWFW,0,-0.9966836022806536,-1.4925939364934466,-0.9353760230310397,0,0,1,1,0,0,0,1,1,0,1,0,1,0,1,0,1,0,1,0,0,0,0,0,0,1,0
5788-YPOEG,0,0.06166550352279012,0.6576988836659831,0.23627033115264373,0,1,1,1,0,0,0,0,0,1,0,1,0,1,0,1,0,1,0,1,0,1,0,0,0,1,0
2208-NKVVH,0,0.428017117070136,-1.3499047524396575,-0.5371291003343279,1,1,1,1,0,1,0,1,1,0,1,0,1,0,1,0,1,0,1,0,0,1,0,0,0,1,0
7009-LGECI,0,-1.1595065416350294,-0.4771778825292717,-0.9069470629465768,0,0,0,1,0,0,0,0,0,1,0,0,0,0,0,0,0,0,0,0,0,0,1,0,0,0,0
5294-IMHHT,0,0.8350744654560759,1.089084788944881,1.2038428529462366,1,1,0,1,0,1,1,0,0,0,0,1,0,0,0,1,0,0,0,1,1,0,0,0,0,0,0
8413-YNHNV,0,1.4863662228735797,0.8534817176002523,1.7653532321280072,1,0,0,1,0,1,0,0,0,1,0,1,0,1,0,1,0,1,0,1,0,1,0,0,0,1,0
7823-JSOAG,0,-1.2002122764736234,0.31756768911915967,-0.9149379057811287,1,0,0,1,0,1,1,0,0,0,0,0,0,0,0,0,0,0,0,0,0,0,0,0,1,0,0
9055-MOJJJ,0,1.2828375486806096,0.028870967894050924,0.7756741753498162,0,1,1,1,0,0,0,0,0,1,0,0,0,0,0,1,0,1,0,0,1,0,0,0,0,1,0
5555-RNPGT,0,-0.9152721326034655,-1.3316538102932427,-0.9121059862051473,1,0,1,1,0,1,0,1,1,0,1,0,1,0,1,0,1,0,1,0,0,0,0,1,0,0,0
7407-SUJIZ,0,-0.30468611002455576,-1.4710246412295018,-0.7726613881692335,1,0,0,1,0,0,0,1,1,0,1,0,1,0,1,0,1,0,1,0,0,0,0,0,0,1,0
2947-DOMLJ,0,-1.2816237461508113,-0.47551870597050655,-0.9881946160528295,1,0,1,1,0,0,0,0,0,1,0,0,0,0,0,0,0,0,0,0,0,0,0,0,0,1,1
7241-AJHFS,0,-0.019745966154397852,0.7539311240743528,0.20419719548978646,1,0,0,1,0,1,1,0,0,1,0,0,0,0,0,1,0,0,0,0,0,0,0,0,0,0,0
6092-QZVPP,0,0.14307697319997809,0.473530285643069,0.24307571928097074,1,0,0,1,0,0,0,0,0,1,0,0,0,1,0,1,0,1,0,1,0,0,1,1,0,0,0
6865-JZNKO,0,-0.10115743583158582,-0.3195561094465974,-0.33838981412224867,0,0,0,1,0,0,0,0,0,1,0,1,0,0,0,0,0,0,0,0,0,0,1,0,0,0,0
4404-HIBDJ,0,-0.30468611002455576,0.3109309828840996,-0.19209592222814761,0,0,0,1,0,0,0,0,0,1,0,1,0,1,0,1,0,1,0,0,1,0,0,0,0,1,1
3001-UNBTL,1,-0.1418631706701798,1.2948226822317401,0.2913061635323725,1,1,1,1,0,1,1,0,0,0,0,0,0,1,0,0,0,1,0,1,0,0,1,0,1,0,0
6960-HVYXR,0,-1.2816237461508113,0.3673429858821094,-0.9770425606683453,0,0,0,1,0,1,1,0,0,0,0,0,0,0,0,0,0,0,0,0,0,0,0,0,1,0,1
0103-CSITQ,0,0.9978974048104517,1.4756729271371243,1.7348826556050458,0,1,0,1,0,1,1,0,0,0,0,1,0,1,0,1,0,1,0,1,1,0,1,0,0,0,0
6479-OAUSD,0,-0.30468611002455576,-1.4942531130522119,-0.786140447236307,1,0,0,1,0,0,0,1,1,0,1,0,1,0,1,0,1,0,1,0,1,0,0,1,0,0,0
3757-NJYBX,1,-0.019745966154397852,1.3744631570524595,0.5354000686900119,1,1,0,1,0,1,1,0,0,0,0,1,0,1,0,0,0,1,0,1,0,0,0,0,0,0,1
0363-SVHYR,0,1.5677776925507676,0.7273842991341125,1.7397561916195254,1,1,1,1,0,1,0,0,0,1,0,1,0,1,0,1,0,1,0,1,0,1,0,0,0,0,0
7075-BNDVQ,0,-1.1595065416350294,-0.9931817923051841,-0.950808887076891,0,0,0,0,1,0,0,0,0,1,0,0,0,1,0,0,0,0,0,0,0,0,0,0,0,1,0
9691-HKOVS,0,0.9164859351332638,0.8368899520126024,1.1484118689977665,0,1,0,1,0,1,0,0,0,1,0,1,0,1,0,1,0,1,0,1,1,0,1,0,1,0,0
4558-FANTW,0,-0.6303319887333076,0.8933019550106117,-0.31913715157856215,0,1,1,1,0,0,1,0,0,1,0,0,0,0,0,1,0,1,0,0,0,0,0,0,1,0,1
8780-IHCRN,0,1.2421318138420157,-1.3366313399695375,-0.3191151987136321,1,1,1,1,0,1,0,1,1,0,1,0,1,0,1,0,1,0,1,0,0,1,0,1,0,0,0
5533-NHFRF,1,-1.0373893371192475,-0.6812565992573657,-0.8937094853937343,1,0,0,0,1,0,0,0,0,0,0,1,0,0,0,1,0,0,0,1,0,0,1,0,1,0,0
2889-FPWRM,0,1.6084834273893616,1.7544145890096428,2.802713911534347,1,1,0,1,0,1,1,0,0,1,0,1,0,1,0,1,0,1,0,1,1,0,1,0,0,0,1
0723-VSOBE,1,0.5094285867473239,-1.0197286172454239,-0.3094120324145336,0,0,0,0,1,0,0,0,0,0,0,0,0,0,0,0,0,0,0,1,1,0,0,0,1,0,0
4273-MBHYA,0,-1.2816237461508113,0.8103431270723621,-0.971181145732012,0,0,1,1,0,0,1,0,0,0,0,0,0,0,0,0,0,1,0,1,0,0,1,0,1,0,0
7602-MVRMB,0,1.6084834273893616,1.510515634871189,2.527885995474586,0,1,1,1,0,1,1,0,0,1,0,0,0,1,0,1,0,1,0,1,0,1,1,0,0,0,0
1508-DFXCU,0,-0.8338606629262776,0.5481932307874936,-0.6099906590372873,1,0,0,1,0,0,1,0,0,0,0,0,0,0,0,0,0,1,0,0,0,0,1,0,1,0,0
1028-FFNJK,1,-0.10115743583158582,1.2135230308522553,0.2706046119033002,1,1,0,1,0,1,1,0,0,0,0,0,0,0,0,1,0,1,0,1,0,0,1,0,1,0,0
9481-IEBZY,1,1.6084834273893616,1.5918152862506738,2.52904949731588,1,1,0,1,0,1,1,0,0,1,0,1,0,1,0,1,0,1,0,1,0,0,1,1,0,0,0
7924-GJZFI,1,-0.30468611002455576,0.14501332700760036,-0.21435612726725603,0,1,0,1,0,0,1,0,0,0,0,0,0,0,0,0,0,0,0,0,0,0,1,0,1,0,0
9445-ZUEQE,0,-0.22327464034736777,0.6726314726948681,-0.06573523169056575,1,1,1,1,0,1,1,0,0,0,0,1,0,0,0,1,0,0,0,0,0,0,1,1,0,0,0
7162-WPHPM,0,1.0386031396490458,0.22133544871078992,0.8469112220479491,1,1,1,1,0,1,0,0,0,1,0,1,0,1,0,1,0,0,0,0,0,1,0,1,0,0,0
4671-LXRDQ,0,-1.2409180113122174,-0.6613464805521857,-0.9680638389119396,1,0,0,1,0,0,0,0,0,0,0,0,0,0,0,0,0,0,0,0,0,0,1,0,0,1,1
1752-OZXFY,0,1.1200146093262338,-0.17023021915774814,0.5531379835535224,1,1,0,1,0,0,0,0,0,1,0,0,0,0,0,0,0,1,0,0,1,0,1,0,0,1,0
2466-FCCPT,0,-0.5082147842175256,-1.5008898192872717,-0.8367198480352279,0,1,1,1,0,0,0,1,1,0,1,0,1,0,1,0,1,0,1,0,1,0,0,0,0,0,0
6121-TNHBO,1,1.2421318138420157,0.5996277041092083,1.2915884540717955,0,0,0,1,0,1,0,0,0,1,0,1,0,1,0,1,0,1,0,0,1,0,0,0,0,0,0
9845-QOMAD,0,-0.7524491932490895,-1.4992306427285067,-0.8745885400396284,1,1,1,1,0,0,0,1,1,0,1,0,1,0,1,0,1,0,1,0,1,0,0,0,0,1,0
1872-EBWSC,0,-0.1418631706701798,-1.4793205240233267,-0.7393588920702913,0,0,0,1,0,0,0,1,1,0,1,0,1,0,1,0,1,0,1,0,1,0,0,0,0,1,0
4806-HIPDW,0,-1.2816237461508113,0.13339909109624562,-0.9801379146234876,0,1,0,1,0,0,1,0,0,0,0,0,0,0,0,0,0,0,0,0,0,0,1,0,1,0,1
6897-UUBNU,0,-0.1418631706701798,0.8202981864249524,0.14152176611438752,1,0,0,1,0,0,1,0,0,0,0,1,0,0,0,1,0,1,0,0,0,0,0,0,0,1,0
6923-EFPNL,0,-1.1595065416350294,-0.4373576451189118,-0.9221164926132671,1,0,0,1,0,1,0,0,0,0,0,0,0,0,0,0,0,0,0,0,0,0,0,1,0,0,1
0201-OAMXR,0,1.5270719577121736,1.679751643865218,2.5580711847534556,0,0,0,1,0,1,1,0,0,1,0,1,0,1,0,1,0,1,0,1,1,0,0,1,0,0,1
5876-HZVZM,0,-1.0780950719578415,-0.29964599074141746,-0.8500013313179307,0,1,1,1,0,0,0,0,0,1,0,1,0,0,0,0,0,0,0,0,0,0,0,1,0,0,1
6350-XFYGW,1,-1.1595065416350294,0.9895341954189815,-0.8249531124327011,1,0,0,1,0,0,1,0,0,0,0,0,0,1,0,0,0,1,0,1,0,0,1,0,1,0,0
9975-GPKZU,0,0.5501343215859179,-1.4992306427285067,-0.6343583391096842,1,1,1,1,0,0,0,1,1,0,1,0,1,0,1,0,1,0,1,0,0,1,0,1,0,0,0
3589-PPVKW,0,-0.9559778674420595,-0.6812565992573657,-0.8575531168538806,1,0,0,1,0,0,0,0,0,0,0,0,0,0,0,0,0,0,0,0,0,0,1,0,0,1,0
8042-JVNFH,0,-1.2816237461508113,0.21303956591696496,-0.9790841771068434,1,0,0,1,0,0,1,0,0,0,0,0,0,0,0,0,0,0,0,0,0,0,1,0,0,1,1
2603-HVKCG,0,-0.06045170099299184,1.2102046777347255,0.36983156138729434,1,0,0,1,0,0,1,0,0,0,0,1,0,1,0,0,0,1,0,1,0,0,1,0,1,0,0
4988-IQIGL,1,-1.2816237461508113,0.3457736906181643,-0.9773279479124364,1,0,0,1,0,1,1,0,0,0,0,0,0,0,0,0,0,0,0,0,0,0,1,0,1,0,1
1506-YJTYT,0,0.5094285867473239,0.29599839385521454,0.46965123822440075,1,1,1,1,0,1,0,0,0,1,0,1,0,0,0,1,0,1,0,0,0,1,0,1,0,0,0
2458-EOMRE,0,-0.8745663977648716,-0.029200211662723803,-0.6881648110533278,0,0,0,1,0,0,0,0,0,1,0,0,0,1,0,0,0,0,0,1,0,0,0,0,0,0,0
1656-DRSMG,0,1.2421318138420157,1.490605516166009,2.064285393881004,0,0,0,1,0,1,1,0,0,0,0,1,0,1,0,1,0,1,0,1,0,0,1,1,0,0,0
9277-JOOMO,0,-1.2002122764736234,-1.3382905165283026,-0.9724983176278172,0,0,0,1,0,1,0,1,1,0,1,0,1,0,1,0,1,0,1,0,0,0,0,0,0,1,0
6371-NZYEG,0,-0.6710377235719016,-0.02256350542766374,-0.5608162415938921,1,1,1,1,0,0,0,0,0,1,0,0,0,1,0,0,0,1,0,0,0,1,0,0,0,1,0
6131-IUNXN,0,-0.5489205190561197,-1.4842980536996218,-0.8426032158364912,0,1,1,1,0,0,0,1,1,0,1,0,1,0,1,0,1,0,1,0,0,0,0,0,0,1,0
8766-PAFNE,0,1.5677776925507676,0.4702119325255387,1.4328770927618366,1,1,0,1,0,0,0,0,0,0,0,1,0,1,0,1,0,1,0,1,0,1,1,1,0,0,0
5686-CMAWK,0,-0.6303319887333076,0.7240659460165827,-0.3912303600089685,1,0,0,1,0,1,1,0,0,0,0,0,0,1,0,1,0,0,0,0,1,0,0,0,1,0,0
9702-AIUJO,0,0.7129572609402939,-0.6679831867872458,-0.030939940776377545,1,1,1,1,0,0,0,0,0,0,0,0,0,0,0,0,0,0,0,0,1,0,1,0,0,0,0
4450-DLLMH,0,-1.2409180113122174,0.21138038935820005,-0.9411496265076527,1,0,0,1,0,0,1,0,0,0,0,0,0,0,0,0,0,0,0,0,0,0,1,1,0,0,0
3374-PZLXD,0,0.06166550352279012,-1.5008898192872717,-0.7137838044267396,1,0,0,1,0,0,0,1,1,0,1,0,1,0,1,0,1,0,1,0,0,0,0,0,0,1,0
7995-ZHHNZ,0,0.387311382231542,-0.29300928450635744,0.037552997805494495,1,1,0,1,0,1,0,0,0,1,0,0,0,0,0,0,0,0,0,0,1,0,0,1,0,0,0
0197-PNKNK,0,1.4863662228735797,0.6477438243133932,1.5574596012400814,0,1,1,1,0,1,1,0,0,1,0,0,0,1,0,0,0,0,0,0,1,0,0,0,0,0,0
8775-CEBBJ,0,-0.9559778674420595,-0.6878933054924254,-0.8333171539710644,0,0,0,1,0,0,0,0,0,0,0,0,0,0,0,0,0,0,0,0,0,0,1,0,0,0,1
8676-OOQEJ,0,-1.1595065416350294,-1.1425076825940335,-0.9584265312076312,1,0,0,0,1,0,0,0,0,0,0,0,0,0,0,1,0,0,0,0,0,0,0,0,1,0,0
0206-TBWLC,0,0.8757802002946699,1.6498864658074486,1.6456662125291717,0,1,0,1,0,1,1,0,0,1,0,1,0,1,0,1,0,1,0,1,1,0,1,0,0,1,0
8383-SGHJU,0,0.020959768684196134,-0.18350363162786804,-0.1530198226525924,0,0,0,1,0,1,0,0,0,1,0,0,0,0,0,1,0,0,0,0,1,0,0,0,1,0,0
8800-JOOCF,0,-0.8338606629262776,0.634470411843273,-0.5860400833985623,0,0,1,1,0,1,1,0,0,0,0,0,0,0,0,0,0,1,0,0,0,0,1,0,1,0,0
6161-ERDGD,0,1.5677776925507676,0.680927355488693,1.75602326453272,1,1,1,1,0,1,0,0,0,1,0,0,0,1,0,1,0,1,0,1,1,0,0,0,1,0,0
5960-MVTUK,0,-1.2002122764736234,-1.1673953309755083,-0.9678882159924989,1,0,0,0,1,0,0,0,0,0,0,0,0,0,0,1,0,0,0,0,0,0,1,0,1,0,0
8325-QRPZR,0,-1.0373893371192475,0.33913698438310474,-0.7799058335961623,0,0,0,1,0,0,1,0,0,0,0,0,0,1,0,0,0,0,0,0,0,0,1,0,1,0,0
2300-RQGOI,0,0.22448844287716607,-1.4892755833759168,-0.6848499284488847,0,0,0,1,0,0,0,1,1,0,1,0,1,0,1,0,1,0,1,0,0,1,0,0,0,1,0
8748-HFWBO,0,-0.5489205190561197,-1.4942531130522119,-0.853360119652234,1,1,1,1,0,0,0,1,1,0,1,0,1,0,1,0,1,0,1,0,1,0,0,0,0,1,0
2126-GSEGL,0,1.5270719577121736,0.659358060224748,1.5877326019786715,0,1,0,1,0,1,0,0,0,0,0,1,0,1,0,1,0,1,0,1,0,1,1,0,0,0,0
2586-CWXVV,0,0.8757802002946699,-1.1458260357115635,-0.2985453642741404,1,1,0,0,1,0,0,0,0,0,0,1,0,0,0,0,0,0,0,0,0,0,0,0,1,0,0
5127-BZENZ,0,0.9571916699718578,0.008960849188871207,0.5316241759220369,0,1,1,1,0,1,0,0,0,1,0,0,0,0,0,0,0,1,0,0,1,0,0,0,0,0,0
7596-ZYWBB,0,1.3235432835192036,-0.17686692539280796,0.631575569948724,0,0,0,1,0,0,0,0,0,1,0,1,0,0,0,1,0,0,0,0,0,1,1,0,0,1,0
4628-WQCQQ,0,0.1023712383613841,0.6709722961361032,0.3201961337803671,1,0,1,1,0,0,1,0,0,0,0,0,0,1,0,0,0,1,0,0,1,0,1,0,1,0,1
0621-HJWXJ,0,1.2421318138420157,0.5515115839050234,1.1976301921710222,0,1,0,1,0,1,1,0,0,0,0,1,0,0,0,0,0,0,0,0,0,0,1,0,0,0,0
4750-UKWJK,1,0.18378270803857208,-1.5042081724048018,-0.6908650134397286,0,1,0,1,0,0,0,1,1,0,1,0,1,0,1,0,1,0,1,0,1,0,0,0,0,1,0
4228-ZGYUW,0,-1.1595065416350294,0.8335715988950722,-0.8487939237467759,1,0,0,1,0,1,1,0,0,0,0,1,0,0,0,0,0,0,0,1,0,0,1,0,1,0,1
9172-ANCRX,0,-0.9152721326034655,1.1206091435614158,-0.5830983994979305,0,0,0,1,0,1,1,0,0,1,0,0,0,0,0,0,0,1,0,1,0,0,1,0,1,0,1
1846-XWOQN,1,-1.2816237461508113,0.1732193285066055,-0.9796110458651653,0,0,0,1,0,0,1,0,0,0,0,0,0,0,0,0,0,0,0,0,0,0,1,0,1,0,1
8750-QWZAJ,0,1.5270719577121736,-1.497571466169742,-0.40506066491492343,0,1,1,1,0,0,0,1,1,0,1,0,1,0,1,0,1,0,1,0,0,1,0,0,0,0,0
7270-BDIOA,0,-0.4268033145403377,0.8319124223363072,-0.1350184734099209,0,0,0,1,0,1,1,0,0,0,0,0,0,0,0,1,0,1,0,0,0,0,1,0,1,0,1
2272-UOINI,0,-1.0373893371192475,0.450301813820359,-0.759687244995552,0,0,0,1,0,0,0,0,0,1,0,1,0,0,0,1,0,1,0,1,0,0,1,0,1,0,0
7869-ZYDST,0,-0.06045170099299184,-0.19511786753922303,-0.18375383355471447,1,1,0,1,0,1,0,0,0,0,0,0,0,0,0,0,0,1,0,0,0,0,1,1,0,0,0
6522-OIQSX,0,1.4863662228735797,-0.3311703453579522,0.6459327436130009,0,1,1,0,1,0,0,0,0,0,0,1,0,1,0,0,0,1,0,1,0,1,1,1,0,0,0
2107-FBPTK,1,-0.10115743583158582,1.2998002119080347,0.3599308193038249,0,0,0,1,0,1,1,0,0,0,0,1,0,1,0,0,0,1,0,1,0,0,1,0,1,0,0
6313-GIDIT,1,0.8350744654560759,-0.3477621109456021,0.2429000963615302,1,0,0,0,1,0,0,0,0,0,0,1,0,1,0,0,0,1,0,1,0,0,1,0,1,0,1
6140-QNRQQ,0,-1.2816237461508113,0.219676272152025,-0.9789963656471229,1,0,0,1,0,0,1,0,0,0,0,0,0,0,0,0,0,0,0,0,0,0,1,0,0,1,1
2400-XIWIO,0,1.5677776925507676,0.8352307754538371,1.7604357903836674,0,1,0,1,0,1,0,0,0,1,0,1,0,1,0,1,0,1,0,1,0,1,0,0,1,0,0
4360-QRAVE,1,0.18378270803857208,-0.9384289658659395,-0.4330505677007846,1,0,0,0,1,0,0,0,0,0,0,1,0,1,0,0,0,0,0,0,0,0,0,0,1,0,0
4476-OSWTN,1,1.4863662228735797,1.5138339879887188,2.3308590327270533,1,1,0,1,0,1,1,0,0,1,0,0,0,1,0,1,0,1,0,1,1,0,1,0,0,1,0
3842-QTGDL,0,-0.6710377235719016,0.5249647589647837,-0.4302845067195936,1,1,0,1,0,0,1,0,0,1,0,1,0,0,0,0,0,0,0,0,0,0,0,0,0,0,0
5143-WMWOG,0,-1.2816237461508113,-1.4925939364934466,-1.001651722254973,1,0,0,1,0,0,0,1,1,0,1,0,1,0,1,0,1,0,1,0,0,0,0,0,1,0,1
9220-CXRSC,0,1.4863662228735797,-0.11713656927726834,0.772095858366212,0,1,1,1,0,1,0,0,0,1,0,0,0,0,0,1,0,0,0,0,0,1,0,1,0,0,0
0115-TFERT,0,-0.4675090493789317,1.535403283252664,0.006928751228022863,1,1,0,1,0,1,1,0,0,0,0,1,0,1,0,1,0,1,0,1,0,0,1,0,1,0,1
8535-SFUTN,0,1.1607203441648277,1.3777815101699897,1.7557159244236986,1,0,0,1,0,1,1,0,0,1,0,0,0,1,0,0,0,1,0,1,0,0,1,0,1,0,0
6518-LGAOV,0,0.22448844287716607,1.3296653899658049,0.7574093917279837,0,1,0,1,0,1,1,0,0,0,0,0,0,1,0,1,0,1,0,1,0,0,1,0,1,0,1
9441-QHEVC,0,-1.2816237461508113,-1.5207999379924515,-1.0020249209587846,1,0,0,1,0,0,0,1,1,0,1,0,1,0,1,0,1,0,1,0,0,0,0,0,0,1,0
2474-LCNUE,0,-0.38609757970174374,0.28936168762015496,-0.2891495380840631,0,1,0,1,0,1,0,0,0,0,0,0,0,0,0,1,0,1,0,1,0,0,1,1,0,0,0
9462-MJUAW,0,-1.1595065416350294,-0.4821554122055666,-0.9197016774709575,1,0,0,1,0,1,0,0,0,0,0,0,0,0,0,0,0,0,0,0,0,0,0,0,0,1,1
9332-GYWLO,0,-1.0780950719578415,-0.33448869847548224,-0.8545016686285986,0,1,1,1,0,0,0,0,0,0,0,0,0,0,0,0,0,1,0,0,0,0,0,0,1,0,0
5448-VWNAM,0,-0.5489205190561197,0.36402463276457964,-0.40644369540551895,0,0,1,1,0,1,0,0,0,1,0,1,0,0,0,1,0,1,0,0,0,0,1,0,0,1,0
9091-WTUUY,0,1.2828375486806096,0.14335415044883548,0.9424061844938284,1,1,1,1,0,0,0,0,0,1,0,0,0,1,0,1,0,1,0,0,0,1,0,0,0,1,0
0784-GTUUK,0,1.2014260790034217,-1.3664965180273074,-0.3751828157450748,1,1,0,1,0,1,0,1,1,0,1,0,1,0,1,0,1,0,1,0,1,0,1,1,0,0,0
6772-KSATR,0,-1.2816237461508113,0.5564891135813186,-0.9745399340663153,1,0,0,1,0,1,1,0,0,1,0,0,0,0,0,0,0,0,0,0,0,0,1,0,1,0,1
0032-PGELS,0,-1.2816237461508113,-1.1425076825940335,-0.9970196677547246,0,1,1,0,1,0,0,0,0,1,0,0,0,0,0,0,0,0,0,0,0,0,0,0,0,0,1
5133-VRSAB,0,-0.9966836022806536,-1.1806687434456282,-0.9153769630797304,1,0,0,0,1,0,0,0,0,1,0,0,0,0,0,0,0,0,0,0,0,0,0,0,0,1,0
9239-GZHZE,0,1.6084834273893616,1.6167029346321486,2.5565783899382093,0,1,0,1,0,1,1,0,0,1,0,1,0,1,0,1,0,1,0,1,0,1,1,1,0,0,0
1353-LJWEM,0,-0.8745663977648716,-0.13372833486491825,-0.7081199652747772,1,0,0,1,0,0,0,0,0,0,0,1,0,1,0,1,0,0,0,0,0,0,1,0,1,0,0
7267-FRMJW,0,-0.30468611002455576,-1.4876164068171518,-0.7970071153767002,0,1,1,1,0,0,0,1,1,0,1,0,1,0,1,0,1,0,1,0,0,1,0,0,0,1,0
6900-PXRMS,1,-0.2639803751859618,1.3545530383472797,0.17954412817329848,1,1,1,1,0,1,1,0,0,0,0,1,0,1,0,0,0,1,0,1,0,0,0,0,1,0,1
7088-FBAWU,0,-0.6303319887333076,0.3192268656779245,-0.4766050517220776,0,1,1,1,0,0,0,0,0,1,0,1,0,0,0,0,0,1,0,1,0,0,0,0,0,1,0
9873-MNDKV,0,-0.8745663977648716,-0.6729607164635407,-0.8030661060974043,0,0,0,1,0,0,0,0,0,0,0,0,0,0,0,0,0,0,0,0,0,0,1,0,0,1,0
7695-PKLCZ,0,1.4456604880349857,-1.4743429943470319,-0.3847981705844529,0,0,0,1,0,0,0,1,1,0,1,0,1,0,1,0,1,0,1,0,0,1,0,1,0,0,0
6168-YBYNP,0,1.0793088744876398,1.5403808129289587,1.8521329071966417,1,0,0,1,0,1,1,0,0,0,0,1,0,1,0,1,0,1,0,1,0,0,1,0,1,0,0
8314-DPQHL,0,-0.9559778674420595,-0.4688819997354467,-0.8068639517303093,1,0,0,0,1,0,0,0,0,1,0,0,0,1,0,1,0,0,0,1,1,0,0,0,0,1,0
3295-YVUSR,1,-1.2409180113122174,0.25451897988608974,-0.9426643741878286,1,0,0,1,0,1,1,0,0,0,0,0,0,0,0,0,0,0,0,0,0,0,1,0,0,1,0
2195-ZRVAX,0,0.590840056424512,0.6759498258123978,0.7658612447260673,0,1,0,1,0,0,1,0,0,0,0,0,0,1,0,0,0,0,0,1,0,0,1,0,1,0,1
2519-ERQOJ,1,0.020959768684196134,-0.34278458126930716,-0.21848326587411238,1,0,0,0,1,0,0,0,0,0,0,0,0,1,0,1,0,1,0,1,0,0,1,0,1,0,0
5970-GHJAW,0,0.5501343215859179,-1.4925939364934466,-0.6317679010479338,1,1,1,1,0,0,0,1,1,0,1,0,1,0,1,0,1,0,1,0,0,1,0,1,0,0,0
4616-ULAOA,0,1.3235432835192036,1.522129870782544,2.1709543645762976,0,1,1,1,0,1,1,0,0,0,0,1,0,1,0,1,0,1,0,1,0,1,1,1,0,0,0
6661-EIPZC,0,0.631545791263106,-1.1756912137693334,-0.3856104265868662,0,1,1,0,1,0,0,0,0,0,0,0,0,0,0,1,0,0,0,0,0,0,1,1,0,0,0
7841-TZDMQ,0,-1.2409180113122174,-0.6281629493768859,-0.9733105736302304,1,0,0,1,0,0,0,0,0,0,0,0,0,0,0,0,0,0,0,0,0,0,1,1,0,0,1
2024-BASKD,0,-1.2816237461508113,0.32088604223668943,-0.9776572408863877,0,0,0,1,0,0,1,0,0,0,0,0,0,1,0,0,0,0,0,0,0,0,1,0,0,1,1
8064-RAVOH,0,-1.2816237461508113,-0.5004063543519814,-0.9885239090267809,1,0,1,1,0,0,0,0,0,0,0,0,0,1,0,0,0,0,0,0,0,0,1,0,1,0,0
6103-BOCOU,0,-0.2639803751859618,0.5233055824060188,-0.04755825952845351,0,0,0,1,0,1,1,0,0,0,0,0,0,1,0,0,0,0,0,0,0,0,1,0,1,0,0
1159-WFSGR,0,-0.6710377235719016,-1.477661347464562,-0.8692978995914773,0,1,1,1,0,0,0,1,1,0,1,0,1,0,1,0,1,0,1,0,0,0,0,0,1,0,0
5855-EIBDE,0,0.6722515261016999,1.3844182164050498,1.2614252176578558,0,1,0,1,0,1,1,0,0,1,0,1,0,1,0,1,0,0,0,1,0,1,0,1,0,0,0
8512-WIWYV,0,-0.019745966154397852,-1.4793205240233267,-0.6997778766013439,1,0,0,1,0,0,0,1,1,0,1,0,1,0,1,0,1,0,1,0,1,0,0,1,0,0,0
2829-HYVZP,0,-0.1418631706701798,-1.497571466169742,-0.7591823291021599,1,0,0,1,0,0,0,1,1,0,1,0,1,0,1,0,1,0,1,0,1,0,1,0,0,1,0
1777-JYQPJ,0,-1.2409180113122174,-1.3482455758808924,-0.9935291622308408,1,0,0,0,1,0,0,0,0,0,0,0,0,0,0,0,0,0,0,0,0,0,0,0,0,1,0
2988-GBIVW,1,1.5270719577121736,0.8601184238353119,1.8303337123210652,0,1,0,1,0,1,1,0,0,1,0,0,0,0,0,0,0,0,0,1,0,0,1,0,1,0,0
1591-MQJTP,1,0.7536629957788878,0.9530323111261518,1.1142532111665508,1,1,0,1,0,1,1,0,0,1,0,0,0,1,0,0,0,0,0,1,1,0,1,0,0,0,0
3605-JISKB,1,0.9164859351332638,-0.16359351292268806,0.445546992531165,1,1,0,1,0,1,0,0,0,1,0,1,0,0,0,0,0,0,0,0,1,0,0,1,0,0,0
1624-NALOJ,1,-1.1188008067964355,0.8252757161012472,-0.7897407170848414,1,0,0,1,0,1,1,0,0,0,0,1,0,0,0,0,0,0,0,1,0,0,1,0,1,0,1
3148-AOIQT,0,1.4863662228735797,-1.3266762806169474,-0.25595680630977125,0,1,0,1,0,1,0,1,1,0,1,0,1,0,1,0,1,0,1,0,0,1,1,1,0,0,0
8735-IJJEG,0,-0.7524491932490895,-0.4887921184406264,-0.7167474411923014,1,1,0,1,0,0,0,0,0,0,0,0,0,1,0,0,0,0,0,0,0,0,0,1,0,0,0
1335-HQMKX,0,1.6084834273893616,1.2085455011759603,2.2048715408932824,0,1,0,1,0,1,1,0,0,0,0,1,0,1,0,0,0,1,0,1,1,0,1,0,1,0,0
3911-RSNHI,0,1.5677776925507676,-0.11713656927726834,0.882079711665949,0,1,0,0,1,0,0,0,0,0,0,1,0,1,0,1,0,1,0,1,0,1,1,1,0,0,0
5546-BYZSM,0,0.346605647392948,-1.4760021709057967,-0.6698780745665652,0,0,0,1,0,0,0,1,1,0,1,0,1,0,1,0,1,0,1,0,0,0,0,0,1,0,0
0128-MKWSG,0,-0.2639803751859618,-0.634799655611946,-0.5068121938658776,0,0,1,0,1,0,0,0,0,1,0,0,0,0,0,1,0,0,0,1,0,0,0,0,0,1,0
6311-UEUME,0,-0.1418631706701798,0.46357522629047915,0.036367543099269865,0,0,0,1,0,0,1,0,0,0,0,0,0,0,0,0,0,1,0,0,0,0,1,0,1,0,1
4135-FRWKJ,1,0.9164859351332638,0.3756388686759344,0.8136745845437972,0,1,1,1,0,1,0,0,0,1,0,0,0,1,0,1,0,1,0,0,1,0,0,0,1,0,0
1452-XRSJV,0,0.26519417771576004,-0.46058611694162177,-0.10331853645087498,0,1,1,1,0,0,0,0,0,1,0,0,0,0,0,0,0,0,0,0,0,0,0,1,0,0,0
3744-ZRRDZ,0,-0.4675090493789317,0.5780584088452633,-0.1969035996478367,1,0,0,1,0,1,1,0,0,0,0,1,0,0,0,0,0,0,0,0,0,0,1,0,1,0,1
3034-ZBEQN,0,0.631545791263106,-1.003136851657774,-0.3059434797555798,0,1,0,0,1,0,0,0,0,0,0,1,0,1,0,0,0,0,0,0,1,0,0,0,0,1,1
0774-RMNUW,0,1.5677776925507676,-0.17354857227527792,0.7996686567184014,0,1,1,0,1,0,0,0,0,1,0,1,0,0,0,1,0,1,0,1,0,1,0,0,0,0,0
9553-DLCLU,0,-0.7931549280876836,0.7970697146022425,-0.5003360987115019,0,0,1,1,0,1,0,0,0,1,0,1,0,1,0,1,0,1,0,1,0,1,0,1,0,0,0
4397-FRLTA,0,-1.1595065416350294,-1.4859572302583868,-0.9733105736302304,0,0,0,1,0,0,0,1,1,0,1,0,1,0,1,0,1,0,1,0,0,0,0,0,0,1,0
7055-JCGNI,0,1.5270719577121736,1.560290931634139,2.412457831672187,0,0,0,1,0,1,1,0,0,1,0,1,0,1,0,1,0,1,0,1,0,1,1,1,0,0,0
6261-RCVNS,0,0.387311382231542,0.29765757041397994,0.37725162973366383,0,0,0,1,0,0,0,0,0,1,0,1,0,1,0,1,0,0,0,1,1,0,0,1,0,0,1
3007-FDPEA,0,-1.2409180113122174,-1.4677062881119718,-0.9929144820127983,0,0,0,1,0,0,0,1,1,0,1,0,1,0,1,0,1,0,1,0,0,0,1,0,0,0,0
1790-NESIO,0,-0.7931549280876836,-1.477661347464562,-0.8956852432374421,0,0,0,1,0,0,0,1,1,0,1,0,1,0,1,0,1,0,1,0,0,1,1,0,0,1,0
4647-XXZAM,0,-1.0780950719578415,-0.6447547149645358,-0.8851917738008603,0,1,1,1,0,0,0,0,0,0,0,0,0,0,0,0,0,0,0,0,0,0,0,0,0,1,0
0511-JTEOY,0,-1.2816237461508113,0.20474368312314,-0.9791939414314939,0,0,0,1,0,0,1,0,0,0,0,0,0,0,0,0,0,0,0,0,0,0,0,0,0,1,1
1498-DQNRX,0,-0.1418631706701798,-1.4959122896109767,-0.7588091303983485,0,1,0,1,0,0,0,1,1,0,1,0,1,0,1,0,1,0,1,0,0,0,0,0,0,1,0
9501-UKKNL,0,1.0793088744876398,-0.4390168216776767,0.309307512775044,1,0,0,0,1,0,0,0,0,0,0,0,0,0,0,1,0,1,0,1,0,0,1,0,1,0,0
6723-CEGQI,0,1.3235432835192036,-0.6530505977583607,0.2777612458705085,0,0,1,0,1,0,0,0,0,0,0,1,0,0,0,1,0,1,0,0,0,1,0,0,0,1,0
0795-LAFGP,0,1.5677776925507676,0.8451858348064274,1.9172451045792804,1,1,1,1,0,1,0,0,0,1,0,1,0,1,0,1,0,1,0,1,0,1,0,0,1,0,0
5076-YVXCM,0,0.7536629957788878,0.6129011165793284,0.8114353923209282,1,0,0,1,0,1,1,0,0,0,0,0,0,0,0,0,0,0,0,1,0,0,0,0,0,0,0
1328-EUZHC,0,-0.5896262538947137,-1.4876164068171518,-0.8477401862301317,0,1,0,1,0,0,0,1,1,0,1,0,1,0,1,0,1,0,1,0,0,1,0,0,0,1,0
6537-QLGEX,0,-0.6710377235719016,-0.8637660207215148,-0.7187012461710791,0,0,0,0,1,0,0,0,0,1,0,0,0,0,0,0,0,1,0,0,0,0,1,0,1,0,0
9695-IDRZR,0,0.06166550352279012,1.6996617625703982,0.722504336489145,0,0,1,1,0,1,1,0,0,1,0,1,0,1,0,1,0,1,0,1,0,1,1,1,0,0,0
7129-CAKJW,0,-0.6303319887333076,0.5017362871420736,-0.41959346149864113,0,0,0,1,0,1,1,0,0,0,0,0,0,1,0,0,0,0,0,0,0,0,0,0,0,0,0
6933-VLYFX,0,-0.06045170099299184,-0.16525268948145297,-0.19868178170717377,1,1,1,0,1,0,0,0,0,1,0,0,0,1,0,1,0,1,0,1,1,0,0,0,1,0,0
8417-GSODA,0,-0.1825689055087738,0.904916190921967,0.11715408604199073,1,1,1,1,0,1,1,0,0,0,0,0,0,0,0,0,0,1,0,1,1,0,0,0,0,0,0
3162-ZJZFU,0,0.8350744654560759,0.9165304268333218,1.0880414904400268,1,1,1,1,0,0,1,0,0,0,0,1,0,0,0,1,0,1,0,0,0,0,1,0,1,0,0
7945-HLKEA,0,1.1200146093262338,-0.005971739840013817,0.7631610423396665,0,0,0,1,0,1,0,0,0,1,0,0,0,1,0,1,0,0,0,0,1,0,0,0,1,0,0
1208-DNHLN,0,-0.38609757970174374,-0.5501816511149312,-0.5418709191592268,1,1,1,1,0,1,0,0,0,0,0,0,0,0,0,0,0,0,0,0,1,0,1,1,0,0,1
8565-HBFNN,0,1.4863662228735797,1.4026691585514646,2.202215244236742,1,1,0,1,0,1,1,0,0,1,0,1,0,1,0,1,0,0,0,1,1,0,1,1,0,0,0
3458-IDMFK,0,-0.30468611002455576,-1.466047111553207,-0.7911457004403668,1,0,0,1,0,0,0,1,1,0,1,0,1,0,1,0,1,0,1,0,0,1,1,0,0,1,0
6988-CJEYV,0,0.6722515261016999,1.1206091435614158,1.149992475272733,1,0,0,1,0,1,1,0,0,0,0,1,0,0,0,0,0,1,0,1,0,0,0,0,1,0,0
3005-NFMTA,1,0.9164859351332638,1.1239274966789456,1.4561032238578686,1,0,0,1,0,1,1,0,0,1,0,0,0,0,0,0,0,1,0,1,0,0,1,0,1,0,1
1268-ASBGA,1,-0.6710377235719016,0.6776090023711627,-0.4066412711898897,0,1,0,1,0,1,1,0,0,0,0,0,0,0,0,0,0,0,0,1,0,0,1,1,0,0,1
9391-YZEJW,0,1.2014260790034217,0.9646465470375066,1.5173297641478818,0,0,0,1,0,1,1,0,0,0,0,0,0,0,0,0,0,1,0,1,1,0,1,0,0,0,0
5708-EVONK,0,1.0386031396490458,0.9447364283323268,1.3761289369175613,0,1,1,1,0,1,1,0,0,1,0,1,0,0,0,0,0,0,0,1,0,0,1,0,0,0,1
5346-BZCHP,0,1.4863662228735797,-1.5108448786398618,-0.41935197998441015,0,1,1,1,0,0,0,1,1,0,1,0,1,0,1,0,1,0,1,0,0,1,0,0,0,1,0
9444-JTXHZ,0,-1.2816237461508113,0.37397969211716947,-0.9769547492086249,1,1,0,1,0,0,1,0,0,0,0,0,0,1,0,0,0,0,0,0,0,0,0,0,1,0,1
2851-MMUTZ,0,-0.22327464034736777,-0.29135010794759253,-0.3784537926196578,0,0,0,1,0,0,0,0,0,0,0,1,0,0,0,1,0,0,0,0,0,0,1,0,0,1,0
8050-DVOJX,1,0.6722515261016999,0.5448748776699633,0.7725568685297438,1,0,0,1,0,1,0,0,0,1,0,1,0,1,0,1,0,0,0,1,0,1,0,1,0,0,0
5597-GLBUC,0,-1.2816237461508113,0.680927355488693,-0.9728934691965588,0,0,0,1,0,0,1,0,0,0,0,0,0,1,0,0,0,1,0,0,0,0,1,0,1,0,1
2662-NNTDK,0,1.3235432835192036,-1.3316538102932427,-0.3075021331656159,1,0,0,1,0,1,0,1,1,0,1,0,1,0,1,0,1,0,1,0,1,0,0,1,0,0,0
9801-GDWGV,0,0.26519417771576004,1.2782309166440902,0.7433815110376578,0,0,0,1,0,1,1,0,0,0,0,1,0,1,0,0,0,1,0,1,0,0,1,0,1,0,1
2716-GFZOR,0,0.428017117070136,0.7024966507526377,0.5489669392168058,1,1,0,1,0,0,1,0,0,1,0,1,0,1,0,0,0,0,0,0,0,0,1,1,0,0,0
5590-YRFJT,0,-0.5082147842175256,-1.3432680462045974,-0.7984340515971559,0,1,0,0,1,0,0,0,0,0,0,0,0,0,0,0,0,0,0,0,0,0,1,0,1,0,1
4536-PLEQY,0,-0.8338606629262776,0.667653943018573,-0.5714414282200543,1,1,0,1,0,0,1,0,0,0,0,1,0,0,0,0,0,0,0,1,0,0,1,1,0,0,0
4719-UMSIY,0,-1.0780950719578415,-1.5025489958460367,-0.9661100339331617,1,0,1,1,0,0,0,1,1,0,1,0,1,0,1,0,1,0,1,0,0,0,0,0,0,1,0
3696-DFHHB,0,1.4456604880349857,-1.3084253384705327,-0.21053632876942086,0,0,0,1,0,1,0,1,1,0,1,0,1,0,1,0,1,0,1,0,0,1,0,0,0,0,0
5499-ECUTN,0,0.590840056424512,0.03716685068787588,0.3161787594981611,0,1,0,1,0,0,0,0,0,1,0,0,0,1,0,0,0,1,0,0,1,0,1,1,0,0,0
8480-PPONV,0,1.2014260790034217,1.679751643865218,2.1328222381927366,1,1,1,1,0,1,1,0,0,1,0,1,0,1,0,1,0,1,0,1,0,1,0,0,0,0,0
1427-VERSM,0,0.9571916699718578,1.1206091435614158,1.478824439060509,0,1,0,1,0,0,1,0,0,0,0,0,0,1,0,1,0,1,0,1,0,0,1,0,1,0,0
9766-HGEDE,0,-0.6303319887333076,-1.5125040551986266,-0.8756203246913424,0,1,0,1,0,0,0,1,1,0,1,0,1,0,1,0,1,0,1,0,1,0,0,0,0,1,0
9500-LTVBP,0,0.1023712383613841,0.5017362871420736,0.23471167774260765,0,0,0,1,0,1,1,0,0,0,0,0,0,0,0,1,0,0,0,0,0,0,0,1,0,0,0
5561-NWEVX,1,-1.2409180113122174,0.473530285643069,-0.9345198612987664,0,1,0,1,0,1,1,0,0,0,0,0,0,1,0,0,0,0,0,0,0,0,0,0,1,0,1
3841-CONLJ,0,-1.2816237461508113,-0.9931817923051841,-0.9950439099110168,0,1,0,0,1,0,0,0,0,0,0,0,0,0,0,0,0,0,0,1,0,0,0,0,1,0,0
4800-CZMPC,0,0.631545791263106,1.27159421040903,1.2013621792091371,0,1,1,1,0,1,1,0,0,1,0,1,0,0,0,0,0,1,0,1,1,0,1,1,0,0,1
6233-HXJMX,0,0.5094285867473239,0.8086839505135972,0.8301831389712225,0,0,0,1,0,1,1,0,0,0,0,0,0,1,0,0,0,0,0,1,0,0,1,1,0,0,0
6122-LJADA,0,1.5270719577121736,0.8368899520126024,1.7280114088819287,1,1,1,1,0,1,0,0,0,1,0,1,0,1,0,1,0,1,0,1,0,1,1,1,0,0,0
4183-WCSEP,0,-0.06045170099299184,0.44864263726159415,0.0587594653279588,1,0,0,1,0,0,1,0,0,0,0,1,0,0,0,1,0,0,0,0,0,0,1,0,1,0,1
4458-KVRBJ,0,1.0793088744876398,-1.3250171040581826,-0.3472148658241437,1,0,0,1,0,1,0,1,1,0,1,0,1,0,1,0,1,0,1,0,0,1,0,0,0,1,0
9978-HYCIN,1,0.590840056424512,0.6643355899010431,0.7537432632846591,1,1,1,1,0,0,1,0,0,0,0,1,0,0,0,0,0,1,0,0,1,0,1,0,0,0,0
4635-EJYPD,0,-0.019745966154397852,-1.5257774676687466,-0.7408516868855372,1,1,1,1,0,0,0,1,1,0,1,0,1,0,1,0,1,0,1,0,0,1,0,0,0,1,0
1154-HYWWO,0,0.22448844287716607,0.18815191753549007,0.17864406071116484,1,0,0,1,0,0,0,0,0,1,0,1,0,0,0,1,0,1,0,0,1,0,0,0,0,1,0
7346-MEDWM,0,1.0793088744876398,0.6079235869030333,1.1625275611478127,0,0,0,1,0,1,1,0,0,0,0,1,0,1,0,0,0,0,0,0,0,0,1,0,1,0,0
8982-NHAVY,0,-0.22327464034736777,1.1803394996769556,0.16338681958475423,1,0,0,1,0,1,1,0,0,0,0,0,0,1,0,0,0,1,0,1,1,0,1,0,0,0,0
5443-SCMKX,0,1.0386031396490458,0.9746016063900964,1.4527663883884954,0,1,0,1,0,1,1,0,0,0,0,1,0,1,0,0,0,0,0,1,1,0,1,0,1,0,0
3508-CFVZL,0,1.5677776925507676,1.5387216363701939,2.495856765541588,0,0,0,1,0,1,1,0,0,1,0,1,0,1,0,1,0,1,0,1,0,1,0,0,0,1,0
0141-YEAYS,1,-0.22327464034736777,0.7141108866639929,0.04378761144563938,0,0,0,1,0,1,1,0,0,0,0,1,0,1,0,0,0,0,0,0,0,0,1,0,0,0,0
4832-VRBMR,1,1.3235432835192036,1.2682758572915003,1.971863832525337,1,1,0,1,0,1,1,0,0,0,0,1,0,1,0,0,0,1,0,1,1,0,1,0,0,0,0
1661-CZBAU,0,0.631545791263106,0.1997661534468453,0.5830158327233709,1,0,0,1,0,1,0,0,0,1,0,0,0,0,0,1,0,0,0,1,1,0,1,0,0,0,0
3956-MGXOG,0,-0.1825689055087738,0.5199872292884885,-0.024749232866092995,0,0,0,1,0,0,1,0,0,0,0,0,0,0,0,0,0,0,0,1,0,0,1,0,1,0,0
9546-KDTRB,0,-0.5489205190561197,-1.3349721634107725,-0.8058760728084554,0,0,0,1,0,1,0,1,1,0,1,0,1,0,1,0,1,0,1,0,0,0,0,0,0,0,0
5320-BRKGK,0,1.0386031396490458,0.3607062796470494,0.9283563509385726,0,1,1,1,0,1,0,0,0,1,0,0,0,1,0,1,0,1,0,0,0,1,0,0,0,1,0
5447-WZAFP,0,0.8350744654560759,1.1737027934418955,1.2730382832058718,0,0,0,1,0,0,1,0,0,0,0,1,0,1,0,0,0,1,0,1,1,0,1,0,0,1,0
9898-KZQDZ,1,0.30589991255435406,0.9828974891839214,0.5879552273326405,0,1,1,1,0,1,1,0,0,0,0,0,0,0,0,0,0,1,0,1,0,0,1,1,0,0,1
5510-BOIUJ,0,-1.2816237461508113,-1.5158224083161567,-1.0019590623639942,1,0,1,1,0,0,0,1,1,0,1,0,1,0,1,0,1,0,1,0,0,0,0,0,0,1,1
0093-XWZFY,0,0.30589991255435406,1.313073624378155,0.7619975404983719,1,0,0,1,0,1,1,0,0,0,0,1,0,1,0,0,0,1,0,1,0,0,1,1,0,0,1
1241-EZFMJ,0,1.1607203441648277,-1.3100845150292975,-0.33487735573343475,1,1,0,1,0,1,0,1,1,0,1,0,1,0,1,0,1,0,1,0,0,1,0,0,0,0,0
9835-ZIITK,1,1.3642490183577978,1.5237890473413087,2.2788966014375367,1,1,0,1,0,1,1,0,0,0,0,1,0,1,0,1,0,1,0,1,1,0,1,0,1,0,1
2606-PKWJB,0,0.30589991255435406,-0.8189682536348599,-0.3237033474840203,1,0,1,0,1,0,0,0,0,1,0,1,0,0,0,1,0,0,0,0,1,0,0,0,0,1,0
6215-NQCPY,0,-0.7117434584104956,1.1537926747367158,-0.3225178927777956,1,0,0,1,0,1,1,0,0,1,0,0,0,0,0,0,0,1,0,1,0,0,1,0,1,0,0
7225-IILWY,0,1.4456604880349857,-1.3001294556767078,-0.27009445132474735,1,1,1,1,0,1,0,1,1,0,1,0,1,0,1,0,1,0,1,0,0,1,0,0,0,1,0
9391-EOYLI,1,-0.8338606629262776,0.5150096996121938,-0.5932186702307007,1,1,0,1,0,0,1,0,0,0,0,0,0,0,0,0,0,0,0,1,0,0,1,0,1,0,1
2220-IAHLS,0,-1.2816237461508113,-1.5108448786398618,-1.0018932037692039,0,0,0,1,0,0,0,1,1,0,1,0,1,0,1,0,1,0,1,0,0,0,0,1,0,0,0
2229-DPMBI,0,-0.9966836022806536,-1.5075265255223318,-0.9392177743938049,0,1,1,1,0,0,0,1,1,0,1,0,1,0,1,0,1,0,1,0,0,1,0,0,0,1,0
4826-TZEVA,0,0.30589991255435406,0.3275227484717495,0.29433565889272434,0,0,0,1,0,0,1,0,0,0,0,1,0,0,0,0,0,0,0,0,0,0,0,1,0,0,0
2878-RMWXY,1,1.6084834273893616,1.2516840917038503,2.304603406270669,1,1,0,1,0,1,1,0,0,1,0,1,0,1,0,0,0,0,0,1,0,1,1,1,0,0,0
0260-ZDLGK,0,-0.9559778674420595,0.26447403923868007,-0.7244089910529018,0,0,1,1,0,0,0,0,0,0,0,0,0,1,0,1,0,1,0,1,0,0,1,0,0,1,1
0851-DFJKB,0,-0.7117434584104956,-0.19843622065675282,-0.591045336602622,0,0,0,1,0,0,0,0,0,1,0,0,0,1,0,1,0,0,0,0,0,0,0,0,1,0,0
7617-EYGLW,0,-1.2816237461508113,-1.5091857020810966,-1.001871250904274,1,0,0,1,0,0,0,1,1,0,1,0,1,0,1,0,1,0,1,0,0,0,0,0,1,0,0
3550-SAHFP,0,0.020959768684196134,0.6112419400205631,0.20044325558674148,0,0,0,1,0,1,1,0,0,0,0,0,0,0,0,0,0,0,0,1,0,0,1,0,1,0,1
9418-RUKPH,0,0.22448844287716607,-1.4925939364934466,-0.6783079746997187,0,1,1,1,0,0,0,1,1,0,1,0,1,0,1,0,1,0,1,0,0,1,1,0,0,1,0
9018-PCIOK,0,0.9164859351332638,-0.005971739840013817,0.5777032394102899,0,0,0,1,0,0,0,0,0,0,0,1,0,1,0,0,0,0,0,1,0,1,1,0,0,1,0
4293-ETKAP,0,1.3235432835192036,0.48016699187812906,1.2164437974161066,0,1,1,1,0,1,0,0,0,0,0,1,0,0,0,1,0,1,0,1,0,1,1,0,0,0,0
5542-DHSXL,0,-1.1595065416350294,-0.3394662281517771,-0.9072104973257378,0,1,0,1,0,0,0,0,0,1,0,1,0,0,0,0,0,0,0,0,0,0,0,0,0,1,0
5056-FIMPT,0,0.428017117070136,1.3628489211411048,0.9795284790906059,0,0,1,1,0,0,1,0,0,1,0,1,0,0,0,1,0,1,0,1,1,0,1,1,0,0,0
6133-OZILE,0,-0.5896262538947137,-0.986545086070124,-0.7437714179212387,0,0,0,0,1,0,0,0,0,0,0,0,0,1,0,1,0,0,0,0,0,0,1,0,1,0,0
9497-QCMMS,1,-1.2816237461508113,0.9497139580086216,-0.9693371050778845,1,0,0,1,0,1,1,0,0,0,0,0,0,0,0,0,0,1,0,1,0,0,1,0,1,0,1
9975-SKRNR,0,-1.2816237461508113,-1.5274366442275116,-1.0021127324185048,1,0,0,1,0,0,0,1,1,0,1,0,1,0,1,0,1,0,1,0,0,0,0,0,0,1,0
7379-POKDZ,0,-1.2002122764736234,0.1781968581829002,-0.9187137985491036,1,1,0,1,0,0,1,0,0,0,0,0,0,0,0,0,0,0,0,0,0,0,1,0,1,0,1
0936-NQLJU,0,0.346605647392948,-1.469365464670737,-0.625994297571321,0,1,0,1,0,0,0,1,1,0,1,0,1,0,1,0,1,0,1,0,0,1,0,1,0,0,0
6087-MVHJH,0,-0.6710377235719016,0.7804779490145926,-0.3860275310205379,0,0,0,1,0,1,1,0,0,0,0,0,0,1,0,0,0,0,0,1,0,0,1,0,1,0,1
6918-UMQCG,0,-1.1188008067964355,0.5067138168183688,-0.8417031483743577,0,0,0,1,0,0,1,0,0,0,0,0,0,0,0,0,0,1,0,0,0,0,0,0,1,0,0
0899-WZRSD,0,0.9571916699718578,1.3412796258771595,1.5336846485207967,1,0,0,1,0,1,1,0,0,1,0,0,0,0,0,1,0,1,0,1,0,0,1,0,0,1,0
5539-HIVAK,1,-0.1825689055087738,-1.3017886322354726,-0.6878794238092367,0,1,0,1,0,1,0,1,1,0,1,0,1,0,1,0,1,0,1,0,0,0,0,0,0,1,0
8540-ZQGEA,0,0.8757802002946699,-1.4892755833759168,-0.5263941493835153,0,1,0,1,0,0,0,1,1,0,1,0,1,0,1,0,1,0,1,0,0,1,0,1,0,0,0
5906-BFOZT,0,-1.2816237461508113,-1.5075265255223318,-1.0018492980393439,1,0,0,1,0,0,0,1,1,0,1,0,1,0,1,0,1,0,1,0,0,0,1,0,0,1,0
6362-QHAFM,0,0.387311382231542,1.4391710428442943,1.0031717146203096,1,1,0,1,0,1,1,0,0,0,0,0,0,1,0,1,0,1,0,1,1,0,1,0,1,0,0
3186-AJIEK,0,1.3642490183577978,1.3512346852297499,1.994716764917558,1,0,0,1,0,0,1,0,0,1,0,0,0,1,0,1,0,1,0,1,0,1,1,0,0,0,0
5383-MMTWC,1,-0.9966836022806536,0.6328112352845081,-0.741093168399768,0,1,0,1,0,1,1,0,0,0,0,0,0,0,0,0,0,0,0,1,0,0,1,0,1,0,1
9146-JRIOX,0,-0.7524491932490895,-1.3067661619117676,-0.8468840244978583,0,1,1,1,0,1,0,1,1,0,1,0,1,0,1,0,1,0,1,0,0,0,0,0,0,1,0
2027-OAQQC,0,0.428017117070136,-0.5269531792922214,-0.09884015200513727,0,0,0,0,1,0,0,0,0,0,0,0,0,1,0,0,0,1,0,1,0,0,1,0,0,0,1
4312-GVYNH,0,1.5270719577121736,-0.5004063543519814,0.4692999923855193,0,1,0,0,1,0,0,0,0,1,0,0,0,1,0,1,0,0,0,1,0,1,1,0,0,0,0
5898-IGSLP,0,-0.06045170099299184,0.8086839505135972,0.22904783859064512,1,1,1,1,0,1,1,0,0,1,0,0,0,1,0,1,0,0,0,0,0,0,0,0,1,0,0
0619-OLYUR,0,1.6084834273893616,1.5586317550753739,2.533242494517527,1,1,0,1,0,1,1,0,0,1,0,0,0,1,0,1,0,1,0,1,0,1,1,1,0,0,0
9871-ELEYA,0,0.06166550352279012,0.09026050056835591,0.016675823256981696,0,0,1,1,0,0,0,0,0,1,0,0,0,1,0,1,0,1,0,0,0,1,0,1,0,0,0
1561-BWHIN,0,-0.5489205190561197,-1.497571466169742,-0.859155675993777,1,1,1,1,0,0,0,1,1,0,1,0,1,0,1,0,1,0,1,0,1,0,0,0,0,1,0
9651-GTSAQ,0,0.8350744654560759,1.3661672742586346,1.5228399332453337,0,1,0,1,0,0,1,0,0,1,0,1,0,1,0,0,0,1,0,1,1,0,1,0,0,0,1
9505-SQFSW,0,-1.2002122764736234,-0.817309077076095,-0.9697981152414165,0,1,1,0,1,0,0,0,0,0,0,1,0,0,0,0,0,0,0,1,0,0,0,0,0,1,0
5364-EVNIB,0,-0.7931549280876836,0.4934404043482487,-0.5830105880382102,1,0,0,1,0,0,1,0,0,0,0,1,0,1,0,0,0,0,0,0,0,0,1,0,1,0,1
0496-AHOOK,0,-0.3453918448631497,0.31424933600162985,-0.2583496685871507,1,1,0,1,0,0,0,0,0,1,0,0,0,0,0,1,0,1,0,1,1,0,0,0,0,0,0
1273-MTETI,1,-1.1595065416350294,0.7937513614847123,-0.8468840244978583,0,0,0,1,0,1,1,0,0,0,0,0,0,1,0,0,0,0,0,1,0,0,1,0,1,0,1
1730-ZMAME,1,-0.019745966154397852,0.48348534499565887,0.1596767854115696,0,0,0,1,0,0,1,0,0,0,0,0,0,0,0,0,0,0,0,1,0,0,1,0,1,0,0
7325-ENZFI,0,0.26519417771576004,-0.817309077076095,-0.29457189572179454,0,0,0,0,1,0,0,0,0,1,0,1,0,0,0,1,0,0,0,0,1,0,1,0,0,0,0
4670-TABXH,0,1.6084834273893616,1.4872871630484792,2.3961907587589923,1,1,0,1,0,1,1,0,0,0,0,1,0,1,0,1,0,1,0,1,0,1,1,1,0,0,0
7752-XUSCI,0,1.1200146093262338,1.359530568023575,1.7979971422790466,0,0,0,1,0,1,1,0,0,0,0,1,0,1,0,0,0,1,0,1,0,0,1,0,1,0,1
4430-YHXGG,0,-1.1595065416350294,-1.3100845150292975,-0.973442290819811,0,0,1,1,0,1,0,1,1,0,1,0,1,0,1,0,1,0,1,0,0,0,1,0,0,1,0
8092-NLTGF,0,1.6084834273893616,-1.3333129868520075,-0.22994266136761793,1,0,0,1,0,1,0,1,1,0,1,0,1,0,1,0,1,0,1,0,0,1,0,0,0,0,0
7240-ETPTR,0,-0.9559778674420595,-0.5369082386448113,-0.8162597779203866,0,1,0,0,1,0,0,0,0,0,0,0,0,1,0,0,0,1,0,1,0,0,1,0,1,0,1
6114-TCFID,0,-0.1418631706701798,-0.8438559020163349,-0.5350216253010396,0,0,0,0,1,0,0,0,0,1,0,1,0,0,0,1,0,0,0,0,1,0,0,1,0,0,0
9229-RQABD,0,-0.5896262538947137,-1.3664965180273074,-0.8240310921056375,1,0,0,1,0,1,0,1,1,0,1,0,1,0,1,0,1,0,1,0,1,0,0,0,0,1,0
3398-GCPMU,1,1.6084834273893616,0.8169798333074222,1.821003744725778,0,1,1,1,0,1,0,0,0,1,0,1,0,1,0,1,0,1,0,1,0,1,1,1,0,0,0
5919-VCZYM,0,-1.2409180113122174,-1.4892755833759168,-0.9916631687117834,1,0,0,1,0,0,0,1,1,0,1,0,1,0,1,0,1,0,1,0,0,0,0,0,0,1,0
5945-AZYHT,0,1.5677776925507676,1.482309633372184,2.4380109664508085,1,1,0,1,0,1,1,0,0,1,0,1,0,1,0,0,0,1,0,1,1,0,1,0,1,0,0
4365-MSDYN,0,-0.9966836022806536,-1.5058673489635668,-0.9396568316924067,1,1,0,1,0,0,0,1,1,0,1,0,1,0,1,0,1,0,1,0,0,0,1,0,0,0,0
3146-MSEGF,1,1.6084834273893616,0.7672045365444724,1.8108176153982174,0,1,1,1,0,1,0,0,0,1,0,1,0,1,0,1,0,1,0,1,0,1,1,1,0,0,0
5846-NEQVZ,0,1.5677776925507676,0.19644780032931503,1.173196653503835,1,1,1,1,0,0,0,0,0,1,0,0,0,1,0,1,0,0,0,1,0,1,1,1,0,0,0
4393-RYCRE,0,0.46872285190873,1.3645080976998696,0.9700887471706684,1,0,0,1,0,0,1,0,0,1,0,1,0,1,0,0,0,1,0,1,1,0,1,0,1,0,0
5968-HYJRZ,0,0.590840056424512,-1.3399496930870676,-0.5009068731996841,1,1,1,1,0,1,0,1,1,0,1,0,1,0,1,0,1,0,1,0,0,1,0,0,0,1,0
1258-YMZNM,1,-0.22327464034736777,1.512174811429954,0.2442392211222654,0,0,0,1,0,1,1,0,0,1,0,1,0,1,0,0,0,1,0,1,1,0,1,0,0,0,0
7312-XSBAT,0,-1.2816237461508113,-0.5037247074695115,-0.988567814756641,1,0,0,1,0,0,0,0,0,1,0,0,0,0,0,0,0,0,0,0,0,0,0,0,1,0,0
4538-WNTMJ,0,0.5501343215859179,-1.3266762806169474,-0.4985140109223046,0,1,1,1,0,1,0,1,1,0,1,0,1,0,1,0,1,0,1,0,1,0,0,0,0,1,0
7950-XWOVN,0,-0.8745663977648716,-1.003136851657774,-0.8420104884833789,1,0,0,0,1,0,0,0,0,0,0,1,0,1,0,0,0,0,0,0,0,0,0,0,0,1,0
2845-AFFTX,1,0.346605647392948,1.1571110278542456,0.8596658365723299,1,1,0,1,0,1,1,0,0,0,0,0,0,1,0,0,0,1,0,1,0,0,1,0,1,0,1
6023-GSSXW,0,1.4863662228735797,-0.1154773927185032,0.8034225966214463,0,1,0,1,0,0,0,0,0,0,0,1,0,0,0,0,0,0,0,1,0,1,1,1,0,0,0
9522-ZSINC,0,-0.7931549280876836,-1.4925939364934466,-0.8989781729769551,1,0,0,1,0,0,0,1,1,0,1,0,1,0,1,0,1,0,1,0,1,0,1,0,1,0,0
2208-MPXIO,0,0.5094285867473239,-1.4909347599346818,-0.621230525881492,0,1,1,1,0,0,0,1,1,0,1,0,1,0,1,0,1,0,1,0,0,1,1,0,0,0,0
5789-LDFXO,0,-0.3453918448631497,-1.3382905165283026,-0.7502036073457542,1,0,0,1,0,1,0,1,1,0,1,0,1,0,1,0,1,0,1,0,1,0,0,0,1,0,0
2097-YVPKN,0,1.3235432835192036,-1.3001294556767078,-0.2838808505008421,1,0,0,1,0,1,0,1,1,0,1,0,1,0,1,0,1,0,1,0,0,1,0,0,0,1,0
2722-JMONI,1,-1.2816237461508113,-0.5103614137045716,-0.9886556262163613,0,1,0,1,0,0,0,0,0,1,0,0,0,0,0,0,0,0,0,0,0,0,1,0,1,0,1
7833-PKIHD,0,0.7536629957788878,0.38061639835222955,0.731022048082019,1,1,1,1,0,0,0,0,0,1,0,0,0,0,0,1,0,1,0,1,1,0,1,0,0,0,0
8084-OIVBS,0,-0.8745663977648716,-1.4909347599346818,-0.9173527209234382,0,0,0,1,0,0,0,1,1,0,1,0,1,0,1,0,1,0,1,0,1,0,0,0,0,1,0
7548-SEPYI,0,-1.1188008067964355,1.0393094921819312,-0.7854160026936141,0,0,0,1,0,0,1,0,0,0,0,1,0,0,0,0,0,1,0,1,0,0,1,0,1,0,1
3981-QSVQI,0,-0.9966836022806536,-1.5008898192872717,-0.9362541376282432,1,0,0,1,0,0,0,1,1,0,1,0,1,0,1,0,1,0,1,0,0,0,1,0,0,0,0
7898-PDWQE,0,1.5677776925507676,0.5133505230534289,1.5041360923248994,1,1,0,1,0,1,0,0,0,1,0,1,0,1,0,1,0,0,0,1,0,1,0,1,0,0,0
6833-JMZYP,0,-0.7117434584104956,0.9646465470375066,-0.34943210518208245,0,0,0,1,0,0,1,0,0,0,0,0,0,1,0,0,0,1,0,1,0,0,1,1,0,0,0
0536-BGFMZ,0,-0.1825689055087738,-1.4743429943470319,-0.7631997033843659,0,1,0,1,0,0,0,1,1,0,1,0,1,0,1,0,1,0,1,0,0,0,0,0,0,1,0
4546-FOKWR,0,-0.6710377235719016,0.3258635719129846,-0.5145615551861984,0,0,0,1,0,1,1,0,0,0,0,0,0,0,0,0,0,0,0,0,0,0,1,1,0,0,0
1177-XZBJL,0,0.8350744654560759,-0.025881858545193533,0.522579595570841,1,1,1,1,0,1,0,0,0,1,0,1,0,0,0,1,0,0,0,0,1,0,0,0,0,0,0
6502-KUGLL,0,-0.7524491932490895,-0.18184445506910288,-0.6675730237489061,0,1,1,1,0,0,0,0,0,1,0,1,0,0,0,1,0,0,0,0,0,0,0,0,0,0,0
5278-PNYOX,0,0.6722515261016999,1.1853170293532507,1.148763114836648,0,0,0,1,0,0,1,0,0,0,0,0,0,1,0,1,0,1,0,1,0,1,0,1,0,0,0
7110-BDTWG,0,1.5677776925507676,-0.5933202416428212,0.42249648435457343,0,1,0,0,1,0,0,0,0,0,0,0,0,1,0,1,0,0,0,1,0,1,1,0,1,0,0
6619-RPLQZ,0,0.5094285867473239,-1.462728758435677,-0.6187059464145319,0,1,1,1,0,0,0,1,1,0,1,0,1,0,1,0,1,0,1,0,0,1,0,0,0,1,0
1323-OOEPC,0,0.8350744654560759,1.1106540842088262,1.2505146437876022,0,1,0,1,0,1,1,0,0,0,0,1,0,0,0,0,0,1,0,1,0,0,1,1,0,0,1
2320-SLKMB,0,-0.2639803751859618,-0.6795974226986006,-0.4906548852773334,0,0,0,0,1,0,0,0,0,0,0,0,0,1,0,1,0,1,0,0,0,0,1,1,0,0,0
2990-OGYTD,0,1.4049547531963917,0.704155827311403,1.5729363710157929,0,1,0,1,0,1,0,0,0,0,0,1,0,1,0,1,0,1,0,1,0,1,0,0,0,0,0
3489-HHPFY,0,-1.2409180113122174,0.634470411843273,-0.9515552844845139,0,1,0,1,0,1,1,0,0,0,0,0,0,0,0,0,0,1,0,0,0,0,1,0,1,0,0
2739-CACDQ,1,-0.6303319887333076,0.5880134681978536,-0.36497473355258425,0,0,0,1,0,1,1,0,0,0,0,0,0,1,0,0,0,0,0,0,0,0,1,1,0,0,0
1564-NTYXF,1,-0.7931549280876836,0.5664441729339085,-0.5155055283781921,0,0,0,1,0,1,1,0,0,0,0,0,0,0,0,0,0,0,0,1,0,0,1,0,1,0,1
9959-WOFKT,0,1.5677776925507676,1.3860773929638146,2.2308198272406456,1,0,1,1,0,1,1,0,0,1,0,0,0,1,0,0,0,1,0,1,0,1,0,0,0,0,0
6152-ONASV,0,1.4456604880349857,-0.2216646924794628,0.7351491866888752,0,1,0,1,0,1,0,0,0,1,0,0,0,0,0,1,0,0,0,0,1,0,0,0,0,0,0
0247-SLUJI,0,-1.2816237461508113,-1.5008898192872717,-1.0017614865796234,1,1,1,1,0,0,0,1,1,0,1,0,1,0,1,0,1,0,1,0,0,0,0,0,0,1,0
0221-NAUXK,0,-0.9152721326034655,-1.4925939364934466,-0.914037838318995,1,0,1,1,0,0,0,1,1,0,1,0,1,0,1,0,1,0,1,0,1,0,1,0,0,0,0
2516-XSJKX,0,0.346605647392948,0.44864263726159415,0.3622797758513442,0,1,1,1,0,0,0,0,0,1,0,1,0,0,0,1,0,1,0,1,0,1,0,0,1,0,0
4023-RTIQM,1,-0.06045170099299184,-0.4821554122055666,-0.31665647784146234,0,1,0,0,1,0,0,0,0,1,0,1,0,1,0,0,0,0,0,1,1,0,1,1,0,0,0
1399-UBQIU,0,-0.8745663977648716,0.14667250356636527,-0.6976923544329857,1,0,0,1,0,0,0,0,0,0,0,0,0,1,0,0,0,1,0,1,0,0,1,0,1,0,0
8896-BQTTI,0,-1.2816237461508113,-1.3250171040581826,-0.9994344828970342,1,0,0,1,0,1,0,1,1,0,1,0,1,0,1,0,1,0,1,0,0,0,1,0,0,1,0
4018-KJYUY,0,-0.4268033145403377,-1.4859572302583868,-0.8205186337168235,1,0,1,1,0,0,0,1,1,0,1,0,1,0,1,0,1,0,1,0,0,0,0,1,0,0,0
5414-OFQCB,0,0.9978974048104517,0.8468450113651922,1.2857709448653223,1,0,0,1,0,1,1,0,0,0,0,0,0,0,0,1,0,1,0,0,0,1,1,1,0,0,0
6625-UTXEW,0,-0.8338606629262776,-0.4539494107065617,-0.7416639428879503,0,1,0,1,0,0,0,0,0,0,0,1,0,0,0,0,0,0,0,0,0,0,1,0,1,0,0
8441-SHIPE,0,1.4049547531963917,-1.3051069853530026,-0.2243446808104457,0,0,0,1,0,1,0,1,1,0,1,0,1,0,1,0,1,0,1,0,0,1,1,0,0,0,0
3016-KSVCP,0,-0.1418631706701798,-1.034661206274309,-0.5672923367482677,1,1,0,0,1,0,0,0,0,0,0,0,0,0,0,0,0,1,0,0,0,0,0,0,0,1,0
6231-WFGFH,0,-1.1595065416350294,-1.4743429943470319,-0.9763400689905825,1,1,1,1,0,0,0,1,1,0,1,0,1,0,1,0,1,0,1,0,0,0,1,0,0,1,0
7895-VONWT,0,-0.30468611002455576,-0.5535000042324613,-0.44235858243114157,0,0,0,0,1,0,0,0,0,0,0,0,0,1,0,0,0,1,0,1,0,0,1,0,1,0,0
2314-TNDJQ,0,1.6084834273893616,-0.30794187353524244,0.6931533560776185,0,1,1,0,1,0,0,0,0,1,0,1,0,1,0,1,0,0,0,1,0,1,0,1,0,0,0
6408-WHTEF,0,1.6084834273893616,0.8120023036311275,1.789259902036872,1,1,1,1,0,1,0,0,0,1,0,1,0,1,0,1,0,1,0,1,0,1,1,0,0,1,0
9026-LHEVG,0,-0.9559778674420595,-0.8023764880472101,-0.852613722244611,0,0,0,0,1,0,0,0,0,0,0,1,0,0,0,0,0,0,0,1,0,0,0,0,1,0,0
1172-VIYBP,0,0.8350744654560759,0.1582867394777205,0.6079762401488802,1,1,1,1,0,1,0,0,0,1,0,1,0,0,0,0,0,0,0,1,0,1,0,0,0,0,0
5795-KTGUD,0,1.4456604880349857,1.522129870782544,2.3060522953560545,0,1,0,1,0,1,1,0,0,1,0,1,0,1,0,0,0,1,0,1,0,1,1,0,0,0,0
8996-ZROXE,1,0.9978974048104517,-0.3792864655621371,0.3224792317330963,1,0,0,1,0,0,0,0,0,0,0,0,0,1,0,1,0,0,0,0,1,0,1,0,1,0,0
8404-VLQFB,0,-0.7117434584104956,-1.3167212212643575,-0.8370491410091793,0,1,1,1,0,1,0,1,1,0,1,0,1,0,1,0,1,0,1,0,0,0,1,0,1,0,0
8143-ETQTI,0,-0.38609757970174374,-1.5025489958460367,-0.8121545921784603,0,1,1,1,0,0,0,1,1,0,1,0,1,0,1,0,1,0,1,0,0,1,1,0,0,1,0
3549-ZTMNH,0,-0.8338606629262776,-1.3582006352334823,-0.8920191147941174,1,1,1,1,0,1,0,1,1,0,1,0,1,0,1,0,1,0,1,0,0,1,1,0,0,0,0
8318-LCNBW,0,0.1023712383613841,-0.39090070147349204,-0.16263517749197054,1,1,0,0,1,0,0,0,0,1,0,0,0,1,0,0,0,1,0,1,1,0,0,1,0,0,0
5922-ABDVO,0,-0.5489205190561197,0.8202981864249524,-0.23720905965947678,0,1,0,1,0,1,1,0,0,0,0,0,0,1,0,0,0,0,0,1,0,0,0,0,0,1,1
9367-WXLCH,0,-0.9966836022806536,0.6494030008721581,-0.7194695964436322,1,0,0,1,0,1,1,0,0,0,0,0,0,0,0,0,0,0,0,1,0,0,0,0,0,0,1
2675-IJRGJ,0,0.8350744654560759,-1.5025489958460367,-0.5810128773295723,1,0,0,1,0,0,0,1,1,0,1,0,1,0,1,0,1,0,1,0,0,1,0,0,0,0,0
4486-EFAEB,0,-0.7931549280876836,-1.477661347464562,-0.8999221461689488,1,0,0,1,0,0,0,1,1,0,1,0,1,0,1,0,1,0,1,0,0,0,1,0,1,0,0
5564-NEMQO,1,-1.2816237461508113,0.3441145140593994,-0.9773499007773664,0,0,0,1,0,0,1,0,0,0,0,0,0,1,0,0,0,0,0,0,0,0,1,0,0,0,1
7892-QVYKW,0,-0.38609757970174374,0.6859048851649877,-0.19007625865457953,0,1,1,1,0,1,1,0,0,0,0,0,0,0,0,0,0,0,0,1,0,0,0,0,1,0,0
8648-PFRMP,1,-0.7524491932490895,-0.6165487134655309,-0.7150570705926846,0,0,0,0,1,0,0,0,0,0,0,0,0,0,0,0,0,1,0,1,0,0,1,0,1,0,0
1821-BUCWY,0,-0.10115743583158582,-0.30794187353524244,-0.28427600206958376,1,0,0,1,0,0,0,0,0,1,0,0,0,1,0,0,0,0,0,0,0,1,1,0,0,1,0
5726-CVNYA,0,-0.9966836022806536,-1.4959122896109767,-0.9460451153870622,0,1,1,1,0,0,0,1,1,0,1,0,1,0,1,0,1,0,1,0,0,1,1,0,0,1,0
0106-GHRQR,0,-0.6710377235719016,0.21469874247573031,-0.47822956372690406,1,0,0,1,0,1,0,0,0,0,0,1,0,1,0,0,0,0,0,1,0,0,1,0,0,0,0
2675-DHUTR,1,1.0386031396490458,1.127245849796476,1.5276476106650227,1,1,0,1,0,1,1,0,0,0,0,1,0,0,0,0,0,1,0,1,0,0,1,0,1,0,0
3811-VBYBZ,0,-1.0373893371192475,1.1571110278542456,-0.7148155890784537,1,0,0,1,0,1,1,0,0,0,0,1,0,0,0,0,0,1,0,1,0,0,1,0,1,0,1
2446-BEGGB,1,-1.0780950719578415,1.1056765545325309,-0.7642753937659402,0,0,0,1,0,1,1,0,0,0,0,1,0,0,0,0,0,1,0,1,0,0,1,0,1,0,1
8146-QQKZH,0,1.5677776925507676,0.5614666432576133,1.5907401444740934,0,1,0,1,0,0,0,0,0,1,0,0,0,1,0,1,0,1,0,1,0,1,0,0,0,0,0
8710-YGLWG,0,-1.2816237461508113,-0.6646648336697157,-0.9906972426548594,1,0,0,1,0,0,0,0,0,0,0,0,0,0,0,0,0,0,0,0,0,0,1,0,0,1,0
4188-FRABG,0,0.9978974048104517,1.26495750417397,1.5913328718272057,1,1,0,1,0,1,1,0,0,1,0,1,0,1,0,1,0,1,0,0,0,0,1,0,1,0,0
0761-AETCS,0,-1.2816237461508113,-1.5141632317573919,-1.0019371094990641,0,0,0,1,0,0,0,1,1,0,1,0,1,0,1,0,1,0,1,0,0,0,0,0,1,0,1
8204-TIFGJ,0,-0.38609757970174374,-1.480979700582092,-0.8037905506400972,0,0,0,1,0,0,0,1,1,0,1,0,1,0,1,0,1,0,1,0,0,0,1,0,0,0,0
1898-JSNDC,0,0.26519417771576004,-0.2100504565681078,-0.03372795462249858,0,0,0,1,0,0,0,0,0,0,0,1,0,0,0,0,0,1,0,0,1,0,1,1,0,0,0
9079-LWTFD,0,0.590840056424512,1.1886353824707805,1.0396354232691845,1,0,0,1,0,1,1,0,0,1,0,1,0,0,0,1,0,1,0,0,0,0,0,0,0,1,0
4895-TMWIR,1,-0.8745663977648716,-1.4925939364934466,-0.9161233604873532,1,1,0,1,0,0,0,1,1,0,1,0,1,0,1,0,1,0,1,0,0,0,0,0,0,1,1
9626-VFRGG,0,0.346605647392948,0.7821371255733575,0.5899748909062087,0,0,1,1,0,1,1,0,0,0,0,1,0,0,0,0,0,1,0,0,0,0,1,0,0,0,0
2710-WYVXG,0,-1.2002122764736234,0.20474368312314,-0.9167380407053958,0,0,0,1,0,0,0,0,0,1,0,1,0,0,0,1,0,0,0,1,0,1,0,0,0,1,0
5832-TRLPB,0,-0.1418631706701798,0.3457736906181643,-0.025210243029624706,1,0,0,1,0,0,0,0,0,0,0,0,0,1,0,1,0,1,0,1,1,0,1,0,0,0,0
1090-PYKCI,0,1.4863662228735797,1.3329837430833347,2.1660808285618187,0,1,1,1,0,1,1,0,0,1,0,1,0,1,0,1,0,1,0,0,1,0,1,1,0,0,0
4510-PYUSH,1,0.22448844287716607,-0.25816657677229266,-0.022246606264062937,0,0,0,1,0,0,0,0,0,1,0,1,0,0,0,0,0,0,0,0,0,0,1,1,0,0,1
4652-NNHNY,0,-0.6710377235719016,0.29599839385521454,-0.4465735324977183,1,1,0,1,0,1,1,0,0,0,0,0,0,0,0,0,0,0,0,0,0,0,1,0,0,0,1
9027-TMATR,0,0.428017117070136,0.4602568731729489,0.5088590549895365,0,1,0,1,0,0,0,0,0,1,0,0,0,1,0,1,0,1,0,1,0,1,1,0,1,0,0
8124-NZVGJ,0,-1.0780950719578415,-0.5203164730571613,-0.8981878698394721,0,0,0,0,1,0,0,0,0,0,0,0,0,0,0,1,0,1,0,1,1,0,1,0,0,1,0
2809-ILCYT,0,-0.30468611002455576,-1.2652867479426428,-0.6883404339727686,0,1,0,1,0,1,0,1,1,0,1,0,1,0,1,0,1,0,1,0,1,0,1,0,0,1,0
9985-MWVIX,0,-1.2816237461508113,0.1732193285066055,-0.9796110458651653,0,0,0,1,0,0,1,0,0,0,0,0,0,0,0,0,0,0,0,0,0,0,1,0,0,1,1
5439-WIKXB,1,0.346605647392948,0.9828974891839214,0.6805963173376085,1,1,0,1,0,0,1,0,0,0,0,1,0,0,0,0,0,1,0,1,0,0,1,0,1,0,0
3932-IJWDZ,0,0.5094285867473239,1.2848676228791502,1.074167279804212,1,0,0,1,0,1,1,0,0,0,0,0,0,1,0,1,0,1,0,1,0,0,1,0,0,0,0
2135-DQWAQ,0,-1.1188008067964355,0.6759498258123978,-0.8258092741649745,0,0,0,1,0,0,1,0,0,0,0,1,0,0,0,0,0,1,0,0,0,0,1,0,0,1,0
1950-KSVVJ,0,0.5094285867473239,1.6050886987207935,1.1990351755265476,0,1,0,1,0,1,1,0,0,1,0,1,0,1,0,1,0,1,0,1,1,0,0,0,0,1,0
9168-INPSZ,1,0.46872285190873,1.3014593884668002,0.9634370290968518,0,1,0,1,0,1,1,0,0,0,0,0,0,1,0,1,0,1,0,1,0,0,0,0,1,0,0
7501-IWUNG,0,1.1607203441648277,0.2943392172964497,1.016299527848502,0,1,1,1,0,0,0,0,0,0,0,0,0,1,0,1,0,1,0,1,0,1,1,0,0,0,0
1485-YDHMM,0,0.7943687306174818,0.9397588986560317,1.0231707745716192,1,1,1,1,0,1,1,0,0,0,0,1,0,0,0,1,0,0,0,1,0,0,1,0,0,0,0
6400-BWQKW,0,-1.0780950719578415,0.4685527559667738,-0.8196405191196201,0,0,0,1,0,1,1,0,0,1,0,0,0,0,0,0,0,0,0,0,0,0,1,0,1,0,1
1468-DEFNC,1,1.2828375486806096,-1.3449272227633626,-0.3304648298824871,1,1,1,1,0,1,0,1,1,0,1,0,1,0,1,0,1,0,1,0,0,1,1,0,0,0,0
8999-EXMNO,0,-0.5489205190561197,-1.4859572302583868,-0.8401884006941817,0,1,1,1,0,0,0,1,1,0,1,0,1,0,1,0,1,0,1,0,0,1,0,0,0,1,0
0308-GIQJT,1,1.5677776925507676,1.3545530383472797,2.231083261619807,1,0,0,1,0,1,1,0,0,0,0,1,0,0,0,1,0,1,0,1,1,0,0,0,0,0,0
2826-UWHIS,0,0.5094285867473239,0.5465340542287288,0.6474035855633167,1,1,0,1,0,1,1,0,0,0,0,1,0,0,0,0,0,0,0,0,0,0,0,0,0,0,0
4676-MQUEA,1,0.7129572609402939,1.2267964433223755,1.3014452904254044,1,1,0,1,0,1,1,0,0,1,0,1,0,1,0,0,0,1,0,0,1,0,1,0,0,0,0
5989-AXPUC,0,1.4456604880349857,1.7809614139498826,2.4976788533307857,0,1,0,1,0,1,1,0,0,1,0,1,0,1,0,1,0,1,0,1,0,1,0,0,0,1,0
8062-YBDOE,1,-1.2816237461508113,0.1566275629189556,-0.9798305745144662,1,0,0,1,0,0,1,0,0,0,0,0,0,0,0,0,0,0,0,0,0,0,1,0,1,0,1
3398-FSHON,1,-0.8338606629262776,0.875051012864197,-0.5298627020424691,0,0,0,1,0,1,1,0,0,0,0,1,0,0,0,0,0,1,0,0,0,0,1,0,1,0,1
2495-KZNFB,0,0.020959768684196134,0.8534817176002523,0.3021947845376956,0,0,0,1,0,1,1,0,0,1,0,0,0,0,0,0,0,0,0,1,0,0,1,0,1,0,0
9904-EHEVJ,1,-0.019745966154397852,0.8767101894229619,0.2613405029028035,0,1,1,1,0,1,1,0,0,0,0,0,0,1,0,0,0,1,0,0,0,0,1,0,0,1,0
2718-YSKCS,0,1.5677776925507676,-1.5042081724048018,-0.4012408664170882,1,1,1,1,0,0,0,1,1,0,1,0,1,0,1,0,1,0,1,0,0,1,1,0,0,0,0
7668-XCFYV,1,-0.6303319887333076,0.9165304268333218,-0.30146509530984195,0,1,0,1,0,1,1,0,0,0,0,0,0,0,0,0,0,1,0,1,0,0,1,0,1,0,0
6937-GCDGQ,0,-0.5489205190561197,-0.5302715324097512,-0.5908477608182514,1,1,1,1,0,0,0,0,0,1,0,0,0,0,0,0,0,0,0,0,1,0,1,0,0,0,0
5188-HGMLP,1,0.8757802002946699,0.3009759235315097,0.7103204964529467,1,1,0,1,0,1,1,0,0,0,0,0,0,0,0,0,0,0,0,0,0,0,0,0,0,0,0
0699-NDKJM,0,0.9978974048104517,-0.20507292689181286,0.4988265957164865,0,1,0,0,1,0,0,0,0,1,0,1,0,1,0,0,0,1,0,1,0,0,1,0,0,0,0
3889-VWBID,0,1.4456604880349857,0.5946501744329131,1.5257816171459655,1,1,1,1,0,0,0,0,0,1,0,1,0,0,0,1,0,1,0,1,0,1,0,0,0,0,0
5307-UVGNB,0,0.8350744654560759,-0.5385674152035762,0.0851248561089934,0,1,1,0,1,0,0,0,0,1,0,1,0,1,0,0,0,0,0,1,0,0,1,0,0,0,0
6394-MFYNG,0,0.631545791263106,1.4093058647865246,1.238133227967033,0,0,0,1,0,1,1,0,0,0,0,1,0,1,0,0,0,1,0,1,0,0,1,0,0,0,1
2703-AMTUL,0,0.14307697319997809,-0.37430893588584213,-0.15892514331878588,1,1,1,1,0,0,0,0,0,1,0,1,0,0,0,0,0,0,0,0,1,0,0,0,0,1,0
3727-OWVYD,0,0.1023712383613841,-0.12377327551232817,-0.12298830342823308,1,0,0,1,0,0,0,0,0,1,0,1,0,1,0,0,0,0,0,0,1,0,0,0,0,1,0
4102-HLENU,0,1.4049547531963917,0.02389343821775623,0.8875679278984707,0,1,0,1,0,1,0,0,0,1,0,1,0,1,0,0,0,0,0,0,0,1,0,0,0,1,0
3160-TYXLT,0,0.8350744654560759,-0.618207890024296,0.10780216558177351,1,0,0,0,1,0,0,0,0,1,0,1,0,0,0,0,0,0,0,1,0,0,1,0,0,0,0
9800-ONTFE,0,-0.4268033145403377,0.3607062796470494,-0.3012894723904013,0,1,1,1,0,1,1,0,0,0,0,0,0,0,0,0,0,0,0,0,0,0,1,0,0,0,0
0191-ZHSKZ,1,-0.10115743583158582,0.3258635719129846,-0.0834292408242159,1,0,0,1,0,0,0,0,0,1,0,1,0,0,0,0,0,1,0,1,0,0,1,0,1,0,0
4366-CTOUZ,0,0.7129572609402939,1.1703844403243657,1.2017573307778784,0,0,0,1,0,0,1,0,0,0,0,1,0,0,0,1,0,1,0,1,0,1,1,0,0,1,0
5242-UOWHD,0,0.5094285867473239,-1.4793205240233267,-0.6024388735013374,1,1,1,1,0,0,0,1,1,0,1,0,1,0,1,0,1,0,1,0,0,1,0,0,0,1,0
7016-BPGEU,0,-0.1418631706701798,-1.3216987509406526,-0.6974289200538247,0,0,0,0,1,0,0,0,0,0,0,0,0,0,0,0,0,0,0,0,0,0,1,1,0,0,1
2957-LOLHO,0,-0.8338606629262776,-0.6480730680820658,-0.7825840831176328,1,0,0,1,0,0,0,0,0,0,0,0,0,0,0,0,0,0,0,0,0,0,1,0,0,0,1
4430-UZIPO,0,-1.2002122764736234,-0.9317922596308794,-0.9626853870040682,1,0,0,0,1,0,0,0,0,0,0,1,0,0,0,1,0,0,0,0,0,0,1,0,0,1,1
1740-CSDJP,0,-1.2816237461508113,-0.9848859095113592,-0.9949341455863663,1,0,0,0,1,0,0,0,0,0,0,0,0,0,0,0,0,0,0,1,0,0,1,0,0,0,1
2074-GKOWZ,0,-1.2409180113122174,0.8169798333074222,-0.9289438336065241,1,1,1,1,0,0,1,0,0,0,0,0,0,0,0,0,0,1,0,1,0,0,1,0,0,0,1
2523-EWWZL,0,-0.22327464034736777,0.3706613389996392,-0.09128836646918716,0,1,0,1,0,0,1,0,0,0,0,1,0,0,0,0,0,0,0,0,0,0,1,0,1,0,0
0533-BNWKF,1,0.9164859351332638,0.680927355488693,1.1298616981318428,0,1,0,1,0,1,1,0,0,0,0,1,0,1,0,0,0,0,0,0,0,0,1,0,1,0,1
2320-JRSDE,0,-1.2816237461508113,-1.4942531130522119,-1.001673675119903,0,1,1,1,0,0,0,1,1,0,1,0,1,0,1,0,1,0,1,0,0,0,1,0,1,0,1
2951-QOQTK,0,-1.1595065416350294,0.5266239355235486,-0.864446316441928,1,0,1,1,0,1,1,0,0,0,0,0,0,0,0,1,0,0,0,0,0,0,0,1,0,0,1
8807-OPMBM,0,0.9164859351332638,-1.3034478087942378,-0.4009993849028573,0,1,1,1,0,1,0,1,1,0,1,0,1,0,1,0,1,0,1,0,0,1,1,1,0,0,0
0277-BKSQP,0,-0.9966836022806536,-0.34942128750436724,-0.8018147927963893,1,1,1,1,0,0,0,0,0,0,0,0,0,0,0,0,0,1,0,0,0,0,1,0,1,0,0
7176-WRTNX,0,1.5270719577121736,1.6598415251600385,2.3752696784806195,1,0,0,1,0,1,1,0,0,1,0,1,0,1,0,1,0,1,0,1,0,1,1,0,0,0,0
0617-AQNWT,0,1.2828375486806096,-0.5667734167025811,0.37152193198691097,0,1,0,0,1,0,0,0,0,1,0,0,0,1,0,1,0,0,0,1,0,1,0,0,1,0,1
5035-BVCXS,0,-0.8745663977648716,0.36402463276457964,-0.6300116718535268,1,0,0,1,0,0,1,0,0,0,0,1,0,0,0,0,0,0,0,0,0,0,1,0,0,1,0
0322-YINQP,0,-1.2816237461508113,-0.5435449448798714,-0.989094683514963,1,0,0,1,0,0,0,0,0,1,0,0,0,0,0,0,0,0,0,0,0,0,1,0,0,1,1
1084-UQCHV,0,-1.2816237461508113,0.1599459160364854,-0.9797866687846061,1,0,1,1,0,0,1,0,0,0,0,0,0,0,0,0,0,0,0,0,0,0,0,0,0,0,1
9300-RENDD,0,-1.2816237461508113,0.4984179340245439,-0.9753082843388684,1,0,0,1,0,0,1,0,0,0,0,0,0,0,0,0,0,1,0,0,0,0,1,0,1,0,1
3727-OVPRY,0,1.3642490183577978,-1.3017886322354726,-0.25762522404445787,1,1,1,1,0,1,0,1,1,0,1,0,1,0,1,0,1,0,1,0,1,0,1,1,0,0,0
5701-ZIKJE,0,-0.7931549280876836,-0.4771778825292717,-0.7422566702410627,1,0,0,1,0,0,0,0,0,0,0,0,0,0,0,1,0,0,0,0,0,0,1,0,0,1,0
7115-IRDHS,0,1.6084834273893616,-1.3366313399695375,-0.20691410605595645,0,1,0,1,0,1,0,1,1,0,1,0,1,0,1,0,1,0,1,0,0,1,0,0,0,0,0
8908-NMQTX,0,1.6084834273893616,0.02223426165899086,0.9945442387027855,1,0,0,0,1,0,0,0,0,1,0,1,0,1,0,1,0,1,0,1,0,1,1,0,0,0,0
0689-DSXGL,0,0.7943687306174818,0.6925415914000478,0.9360618065290333,0,1,1,1,0,0,1,0,0,0,0,1,0,1,0,1,0,0,0,0,0,0,0,0,0,0,0
5201-USSQZ,0,-0.2639803751859618,0.695859944517578,-0.04604351184827757,0,1,0,1,0,0,1,0,0,0,0,0,0,0,0,1,0,0,0,1,0,0,0,1,0,0,0
5199-FPUSP,0,0.020959768684196134,-1.0247061469217191,-0.5213230375846651,1,0,1,0,1,0,0,0,0,1,0,0,0,0,0,1,0,0,0,0,1,0,0,1,0,0,0
5889-LFOLL,0,-0.7931549280876836,0.6527213539896879,-0.520774215961413,0,0,0,1,0,1,1,0,0,0,0,0,0,0,0,0,0,0,0,1,0,0,1,0,1,0,1
8718-PTMEZ,0,-0.7931549280876836,-1.1242567404476187,-0.8579482684226222,0,0,0,0,1,0,0,0,0,0,0,1,0,0,0,0,0,0,0,0,0,0,1,0,1,0,1
5214-CHIWJ,0,-0.22327464034736777,-1.480979700582092,-0.7491498698291101,1,0,0,1,0,0,0,1,1,0,1,0,1,0,1,0,1,0,1,0,1,0,0,0,0,1,0
7975-JMZNT,0,1.3642490183577978,0.888324425334317,1.6572573252122575,1,1,0,1,0,1,0,0,0,1,0,1,0,1,0,1,0,1,0,1,0,1,0,0,0,0,0
3726-TBHQT,0,1.5677776925507676,1.6283171705435033,2.5792776522759198,1,1,1,1,0,1,1,0,0,1,0,1,0,1,0,1,0,1,0,1,0,1,1,0,0,0,0
6582-OIVSP,0,-1.2816237461508113,-0.6513914211995958,-0.9905216197354186,0,0,0,1,0,0,0,0,0,0,0,0,0,0,0,0,0,0,0,0,0,0,0,0,0,1,0
5872-OEQNH,0,1.1200146093262338,-0.6795974226986006,0.20749012522929952,0,0,0,0,1,0,0,0,0,1,0,0,0,1,0,0,0,0,0,1,1,0,1,0,1,0,0
3235-ETOOB,0,-0.9966836022806536,0.31756768911915967,-0.7426298689448741,1,1,0,1,0,0,1,0,0,1,0,0,0,0,0,0,0,0,0,0,0,0,1,0,1,0,1
7271-AJDTL,0,0.9164859351332638,0.9795791360663916,1.216970666174429,0,1,0,1,0,1,1,0,0,0,0,1,0,1,0,0,0,1,0,0,0,0,1,1,0,0,0
7317-GGVPB,0,1.5677776925507676,1.4491261021968842,2.3663348624540737,1,1,0,1,0,1,1,0,0,0,0,1,0,1,0,1,0,1,0,1,0,1,1,1,0,0,1
8033-ATFAS,0,0.26519417771576004,-0.168571042598983,0.017641749313905452,0,1,1,1,0,0,0,0,0,0,0,0,0,1,0,0,0,1,0,0,0,0,1,0,0,1,0
0869-PAPRP,1,-0.2639803751859618,0.689223238282518,-0.10287947915227323,0,1,0,1,0,0,1,0,0,0,0,0,0,1,0,0,0,1,0,0,0,0,1,1,0,0,0
2794-XIMMO,0,0.8350744654560759,-0.14866092389380306,0.3876572877105251,1,1,0,0,1,0,0,0,0,0,0,1,0,1,0,1,0,1,0,1,1,0,1,0,1,0,1
4236-XPXAV,0,-1.1188008067964355,1.135541732590301,-0.8062273186473368,0,1,1,1,0,0,1,0,0,0,0,1,0,0,0,1,0,1,0,1,0,0,1,0,0,1,1
7203-OYKCT,0,1.6084834273893616,1.32800621340704,2.3019690624790585,1,0,0,1,0,1,1,0,0,0,0,1,0,1,0,0,0,1,0,1,1,0,1,0,1,0,0
0187-WZNAB,0,-0.22327464034736777,0.31424933600162985,-0.14443625246492833,0,1,1,1,0,0,1,0,0,1,0,0,0,0,0,0,0,0,0,0,0,0,0,0,0,1,0
1357-MVDOZ,0,-0.8745663977648716,-0.17520774883404305,-0.7104250160924362,1,1,1,1,0,0,0,0,0,0,0,0,0,1,0,0,0,1,0,0,0,0,1,0,0,0,0
3786-WOVKF,1,1.6084834273893616,1.3910549226401094,2.3604075889229503,0,1,0,1,0,1,1,0,0,1,0,1,0,0,0,0,0,1,0,1,1,0,1,0,0,0,0
8952-WCVCD,0,0.346605647392948,1.31141444781939,0.8169675142833103,0,1,0,1,0,0,1,0,0,1,0,1,0,1,0,0,0,1,0,1,1,0,1,0,0,0,0
4186-ZBUEW,0,0.14307697319997809,0.19147027065302033,0.09247906586057261,0,0,0,1,0,1,0,0,0,0,0,1,0,0,0,1,0,0,0,1,1,0,1,0,0,1,0
5701-YVSVF,1,-0.8745663977648716,0.5963093509916785,-0.6240185397276131,0,1,0,1,0,0,1,0,0,0,0,0,0,0,0,1,0,1,0,0,0,0,1,0,1,0,0
0847-HGRML,0,1.2014260790034217,-1.4909347599346818,-0.46154538638003784,1,0,1,1,0,0,0,1,1,0,1,0,1,0,1,0,1,0,1,0,0,1,0,0,0,0,0
6344-SFJVH,0,-0.5082147842175256,-1.3283354571757127,-0.7882698751345254,0,0,0,0,1,0,0,0,0,0,0,0,0,0,0,0,0,0,0,0,0,0,0,1,0,0,0
7269-JISCY,0,0.9164859351332638,-0.6596873039934208,0.0708115881745766,0,0,0,1,0,0,0,0,0,0,0,0,0,0,0,0,0,0,0,0,1,0,0,0,0,0,0
1094-BKOSX,0,0.5094285867473239,-0.4622452935003867,-0.016165662678428824,0,1,1,0,1,0,0,0,0,0,0,1,0,1,0,1,0,0,0,1,1,0,0,0,0,0,0
3407-JMJQQ,0,1.5677776925507676,1.4623995146670041,2.3535582950647633,0,1,1,1,0,1,1,0,0,1,0,1,0,1,0,0,0,1,0,1,0,1,1,0,0,0,0
3776-EKTKM,1,-1.2816237461508113,-0.9450656721009992,-0.9944072768280443,0,0,0,0,1,0,0,0,0,0,0,0,0,0,0,0,0,1,0,0,0,0,1,0,1,0,1
6199-IPCAO,0,-0.1418631706701798,-1.2885152197653527,-0.7063417832154401,0,1,1,1,0,1,0,1,1,0,1,0,1,0,1,0,1,0,1,0,0,1,0,0,0,1,0
5651-CPDND,0,-0.9152721326034655,-0.6281629493768859,-0.7943508187201597,1,0,0,1,0,0,0,0,0,0,0,0,0,0,0,0,0,0,0,0,0,0,0,0,0,1,0
2371-JUNGC,0,-0.8745663977648716,-1.4826388771408567,-0.919086997252915,1,0,0,1,0,0,0,1,1,0,1,0,1,0,1,0,1,0,1,0,0,0,0,0,0,1,0
9415-DPEWS,0,-0.5896262538947137,0.7771595958970623,-0.2906642857642391,0,0,0,1,0,1,1,0,0,0,0,0,0,0,0,1,0,1,0,0,0,0,1,0,1,0,1
7134-HBPBS,1,1.6084834273893616,1.4325343366092342,2.402842476832809,0,0,0,1,0,1,1,0,0,0,0,1,0,1,0,1,0,1,0,1,0,1,1,0,0,0,0
1478-VPOAD,0,-1.2816237461508113,-0.7011667179625456,-0.9911802056833213,0,0,0,1,0,0,0,0,0,0,0,0,0,0,0,0,0,0,0,0,0,0,0,0,1,0,0
0356-OBMAC,1,0.9571916699718578,1.1604293809717758,1.4949817476490532,0,0,0,1,0,1,1,0,0,0,0,1,0,1,0,1,0,1,0,0,0,1,1,0,0,0,0
9793-WECQC,0,-0.38609757970174374,1.0077851375653963,-0.04760216525831364,1,0,0,1,0,0,1,0,0,0,0,1,0,0,0,0,0,1,0,1,0,0,0,0,0,1,0
5955-ERIHD,0,-0.5896262538947137,0.9878750188602166,-0.2693041481872642,1,1,0,1,0,1,1,0,0,0,0,0,0,0,0,0,0,1,0,1,0,0,1,0,1,0,1
2684-EIWEO,1,-0.10115743583158582,0.888324425334317,0.20057497277632205,0,0,0,1,0,1,1,0,0,1,0,1,0,1,0,0,0,0,0,0,0,0,0,1,0,0,1
3712-PKXZA,0,1.1607203441648277,-1.472683817788267,-0.46071117751269447,1,1,0,1,0,0,0,1,1,0,1,0,1,0,1,0,1,0,1,0,1,0,1,1,0,0,0
1839-UMACK,0,0.387311382231542,-1.3233579274994176,-0.5933723402852114,1,0,0,1,0,1,0,1,1,0,1,0,1,0,1,0,1,0,1,0,1,0,0,0,1,0,0
3194-ORPIK,0,0.7129572609402939,0.6460846477546283,0.79681478427749,0,1,1,1,0,1,1,0,0,0,0,0,0,0,0,0,0,1,0,0,0,0,1,0,0,0,1
5022-KVDQT,0,-0.22327464034736777,0.5432157011111984,-0.012521487100034269,1,0,0,1,0,1,1,0,0,0,0,0,0,1,0,0,0,0,0,0,0,0,1,0,1,0,0
1031-IIDEO,0,-1.2816237461508113,0.19644780032931503,-0.9793037057561442,0,0,0,1,0,0,1,0,0,0,0,0,0,0,0,0,0,0,0,0,0,0,1,0,1,0,1
1768-HNVGJ,1,0.5094285867473239,0.16990097538907525,0.3341801087408326,0,0,0,1,0,1,0,0,0,1,0,0,0,0,0,1,0,0,0,1,0,0,1,0,1,0,0
1576-PFZIW,1,1.5270719577121736,1.3412796258771595,2.2877436060043617,1,1,0,1,0,0,1,0,0,1,0,1,0,1,0,0,0,1,0,1,0,1,0,1,0,0,0
2011-TRQYE,0,-0.5896262538947137,-1.042957089068134,-0.7469765362010314,1,0,0,0,1,0,0,0,0,0,0,1,0,1,0,0,0,0,0,0,0,0,1,1,0,0,1
2800-VEQXM,0,-1.2002122764736234,0.3258635719129846,-0.9058713725650026,0,0,0,1,0,0,1,0,0,0,0,0,0,1,0,0,0,0,0,0,0,0,1,0,0,1,0
7776-QGYJC,0,0.26519417771576004,0.5498524073462585,0.35387182858312094,0,1,1,1,0,0,1,0,0,0,0,0,0,1,0,1,0,0,0,0,0,0,1,0,0,0,0
3620-EHIMZ,0,0.7943687306174818,-1.5125040551986266,-0.5574355003946586,0,1,1,1,0,0,0,1,1,0,1,0,1,0,1,0,1,0,1,0,0,1,0,0,0,1,0
9763-PDTKK,0,-1.1595065416350294,0.9779199595076267,-0.8404079293434825,0,0,0,1,0,0,1,0,0,1,0,0,0,1,0,1,0,0,0,1,0,0,1,0,0,0,1
3192-NQECA,0,1.4456604880349857,1.495583045842304,2.3316273829996064,1,1,0,1,0,1,1,0,0,0,0,1,0,1,0,1,0,1,0,1,0,1,1,0,0,0,1
1439-LCGVL,0,-0.2639803751859618,-1.5174815848749215,-0.8086201809247163,0,1,0,1,0,0,0,1,1,0,1,0,1,0,1,0,1,0,1,0,1,0,0,0,0,1,0
6905-NIQIN,0,-1.2816237461508113,-0.47385952941174164,-0.9881726631878994,1,0,0,1,0,0,0,0,0,0,0,1,0,0,0,0,0,0,0,0,0,0,0,0,0,1,1
8191-XWSZG,0,0.7943687306174818,-1.469365464670737,-0.5612772517574238,0,0,0,1,0,0,0,1,1,0,1,0,1,0,1,0,1,0,1,0,1,0,0,0,0,1,0
3945-GFWQL,0,-0.8338606629262776,-0.6762790695810708,-0.7993999776540797,0,0,1,1,0,0,0,0,0,0,0,0,0,0,0,0,0,0,0,0,0,0,1,0,1,0,1
2065-MMKGR,0,-0.1418631706701798,0.2014253300056102,-0.09712782854059043,0,0,0,1,0,1,0,0,0,0,0,0,0,0,0,0,0,1,0,1,1,0,1,1,0,0,0
0495-RVCBF,0,-1.2816237461508113,0.49012205123071895,-0.9754180486635189,0,0,0,1,0,0,1,0,0,0,0,0,0,0,0,0,0,0,0,1,0,0,1,0,1,0,1
3948-XHGNA,0,-0.3453918448631497,-0.5103614137045716,-0.47897596113452695,1,0,0,1,0,0,0,0,0,1,0,0,0,0,0,0,0,0,0,0,0,0,1,0,0,0,1
0016-QLJIS,0,1.3235432835192036,0.8468450113651922,1.6054485639772518,0,1,1,1,0,1,0,0,0,1,0,1,0,1,0,1,0,1,0,1,0,1,1,0,0,1,0
3669-LVWZB,0,-1.1188008067964355,-0.4622452935003867,-0.8760813348548742,1,0,0,0,1,0,0,0,0,0,0,1,0,0,0,0,0,1,0,1,0,0,1,0,0,1,1
3451-VAWLI,0,0.1023712383613841,-1.5008898192872717,-0.689723464463364,0,1,1,1,0,0,0,1,1,0,1,0,1,0,1,0,1,0,1,0,0,1,0,1,0,0,0
2911-IJORQ,0,0.18378270803857208,0.8518225410414869,0.4642288805866692,1,0,0,1,0,1,0,0,0,1,0,1,0,1,0,1,0,1,0,1,1,0,1,0,0,0,0
2773-MADBQ,0,0.14307697319997809,-0.39255987803225695,-0.17565322639551229,0,0,0,0,1,0,0,0,0,1,0,1,0,1,0,1,0,0,0,1,0,1,1,0,0,1,0
2612-RRIDN,0,-1.1595065416350294,0.5332606417586087,-0.8607582351336734,1,0,0,1,0,0,1,0,0,0,0,0,0,0,0,0,0,1,0,0,0,0,1,0,1,0,1
1299-AURJA,0,1.5270719577121736,-1.3349721634107725,-0.2702042156493978,0,1,1,1,0,1,0,1,1,0,1,0,1,0,1,0,1,0,1,0,0,1,0,0,0,0,0
9426-SXNHE,0,-1.2409180113122174,-1.5324141739038066,-0.987075019941395,0,0,0,1,0,0,0,1,1,0,1,0,1,0,1,0,1,0,1,0,0,0,0,0,0,0,0
0221-WMXNQ,1,-1.1595065416350294,0.3457736906181643,-0.8903726499243609,1,0,0,1,0,0,1,0,0,1,0,0,0,0,0,0,0,0,0,0,0,0,0,0,1,0,0
3144-KMTWZ,0,1.5677776925507676,0.9397588986560317,1.9178597847973227,1,1,0,1,0,1,1,0,0,0,0,1,0,1,0,0,0,0,0,1,0,0,1,0,0,0,0
7503-MIOGA,1,1.6084834273893616,0.8269348926600121,1.9301094834283115,0,1,0,1,0,1,0,0,0,1,0,1,0,1,0,1,0,1,0,1,0,1,1,0,0,0,0
3537-RYBHH,1,0.590840056424512,0.08362379433329585,0.4174034196907932,0,1,0,1,0,1,0,0,0,1,0,1,0,1,0,0,0,0,0,0,0,0,1,1,0,0,0
6504-VBLFL,0,0.9164859351332638,-0.2100504565681078,0.3368803111272334,1,1,0,1,0,0,0,0,0,1,0,1,0,1,0,0,0,0,0,0,0,1,0,0,1,0,0
5364-XYIRR,0,0.7536629957788878,0.9862158423014517,1.102662098483465,1,1,0,1,0,1,1,0,0,0,0,0,0,0,0,0,0,1,0,1,0,0,1,0,1,0,1
9924-JPRMC,0,1.6084834273893616,1.767688001479763,2.742277674381817,1,0,0,1,0,1,1,0,0,1,0,1,0,1,0,1,0,1,0,1,0,1,1,0,1,0,0
2040-XBAVJ,0,1.6084834273893616,1.6432497595723885,2.546194684826278,1,1,1,1,0,1,1,0,0,1,0,1,0,1,0,1,0,1,0,1,0,1,0,0,0,0,0
8608-OZTLB,0,0.22448844287716607,0.3026351000902746,0.2199593525095891,1,1,1,1,0,0,0,0,0,1,0,1,0,1,0,1,0,1,0,0,1,0,0,0,1,0,0
4526-RMTLL,0,-0.9966836022806536,0.37232051555840456,-0.7268677119250716,1,1,1,1,0,1,0,0,0,1,0,1,0,0,0,1,0,0,0,1,0,1,1,1,0,0,0
0504-HHAPI,1,-0.22327464034736777,0.7755004193382974,0.07307273326237561,0,0,0,1,0,1,1,0,0,0,0,0,0,1,0,0,0,0,0,1,0,0,0,1,0,0,1
0856-NAOES,0,-1.0780950719578415,-0.13372833486491825,-0.8285972880110957,1,0,0,1,0,0,0,0,0,0,0,0,0,1,0,0,0,1,0,0,0,0,0,0,0,1,0
3266-FTKHB,0,-0.6303319887333076,-1.5191407614336867,-0.8596166861573088,1,0,0,1,0,0,0,1,1,0,1,0,1,0,1,0,1,0,1,0,0,1,0,0,0,1,0
0831-JNISG,0,1.5677776925507676,-1.497571466169742,-0.3973771621893929,1,1,1,1,0,0,0,1,1,0,1,0,1,0,1,0,1,0,1,0,0,1,0,0,0,1,0
0815-MFZGM,0,0.387311382231542,1.1305642029140057,0.8050910143561331,0,1,0,1,0,0,1,0,0,0,0,0,0,1,0,1,0,1,0,1,0,1,1,1,0,0,0
2592-YKDIF,0,-1.2816237461508113,-1.4793205240233267,-1.0014760993355323,0,0,0,1,0,0,0,1,1,0,1,0,1,0,1,0,1,0,1,0,0,0,0,0,0,1,0
1984-FCOWB,0,1.5270719577121736,1.478991280254654,2.3591562756219355,0,1,0,1,0,1,1,0,0,0,0,1,0,1,0,1,0,1,0,1,1,0,1,0,1,0,1
3987-KQDDU,0,-0.9559778674420595,0.3540695734119893,-0.7199525594720941,1,0,0,1,0,0,1,0,0,1,0,0,0,0,0,0,0,0,0,0,0,0,0,0,1,0,0
4291-HPAXL,0,-1.2816237461508113,-1.4959122896109767,-1.0016956279848332,1,0,1,1,0,0,0,1,1,0,1,0,1,0,1,0,1,0,1,0,0,0,0,0,0,1,0
8111-BKVDS,0,-0.9152721326034655,-0.804035664605975,-0.8131424711003142,0,0,0,0,1,0,0,0,0,1,0,1,0,1,0,0,0,0,0,0,0,0,0,0,0,0,0
6322-PJJDJ,0,0.6722515261016999,0.9911933719777464,1.0490532023241919,1,1,0,1,0,0,1,0,0,0,0,1,0,0,0,0,0,1,0,1,0,1,1,0,1,0,0
9281-PKKZE,0,0.5501343215859179,-0.6961891882862504,-0.1288497183645664,0,1,0,0,1,0,0,0,0,0,0,0,0,0,0,0,0,1,0,1,0,0,1,0,1,0,0
7047-FWEYA,0,0.5501343215859179,1.2682758572915003,1.0069037016584244,0,1,0,1,0,1,1,0,0,0,0,1,0,0,0,1,0,1,0,1,1,0,1,0,1,0,0
2265-CYWIV,1,-1.1595065416350294,1.1504743216191855,-0.8577726455031814,0,1,0,1,0,1,1,0,0,1,0,0,0,0,0,0,0,1,0,1,0,0,1,0,1,0,1
3259-FDWOY,0,1.5677776925507676,1.3628489211411048,2.380735941848211,1,1,1,1,0,1,1,0,0,0,0,1,0,1,0,0,0,1,0,1,0,1,1,0,0,0,1
9715-SBVSU,0,-0.7524491932490895,-0.11713656927726834,-0.6523377354874256,1,1,1,1,0,0,0,0,0,1,0,1,0,0,0,0,0,0,0,1,0,1,1,0,0,0,0
5067-WJEUN,0,1.4049547531963917,-0.3560579937394271,0.6747788081311353,1,1,1,1,0,0,0,0,0,1,0,1,0,0,0,0,0,0,0,0,0,1,1,0,0,0,0
8049-WJCLQ,0,-0.9152721326034655,-0.15695680668762801,-0.7630021275999951,1,1,1,1,0,0,0,0,0,0,0,0,0,1,0,0,0,1,0,0,0,0,0,0,0,1,0
3635-QQRQD,0,1.2014260790034217,-1.4892755833759168,-0.4828177124972922,1,0,0,1,0,0,0,1,1,0,1,0,1,0,1,0,1,0,1,0,0,1,1,1,0,0,0
8079-XRJRS,0,1.3235432835192036,0.8236165395424823,1.5227740746505436,1,1,0,1,0,1,1,0,0,1,0,1,0,1,0,0,0,0,0,0,1,0,0,0,1,0,1
2634-HCZGT,1,0.8350744654560759,-0.16193433636392318,0.40759048906704426,1,1,0,1,0,1,0,0,0,1,0,0,0,0,0,1,0,0,0,0,1,0,1,0,1,0,1
8410-BGQXN,0,-1.1595065416350294,-1.5108448786398618,-0.9694029636726749,1,0,0,1,0,0,0,1,1,0,1,0,1,0,1,0,1,0,1,0,0,0,0,0,0,1,0
3638-WEABW,0,1.0386031396490458,-0.1669118660402181,0.5285288219668945,0,1,0,1,0,1,0,0,0,0,0,1,0,0,0,1,0,0,0,0,0,1,1,1,0,0,0
5960-WPXQM,0,-1.2816237461508113,0.4685527559667738,-0.9757034359076098,1,0,0,1,0,0,1,0,0,0,0,0,0,0,0,0,0,1,0,0,0,0,1,0,1,0,1
5954-BDFSG,0,1.6084834273893616,1.4126242179040545,2.4378133906664377,0,0,0,1,0,1,1,0,0,0,0,0,0,1,0,1,0,1,0,1,0,1,1,1,0,0,0
7718-UPSKJ,0,1.4863662228735797,1.376122333611225,2.1735887083679084,0,1,0,1,0,0,1,0,0,1,0,1,0,0,0,1,0,1,0,1,1,0,1,1,0,0,0
8642-GVWRF,0,-1.2409180113122174,0.49012205123071895,-0.93796646109279,0,1,0,1,0,0,1,0,0,0,0,1,0,1,0,0,0,0,0,0,0,0,0,0,0,0,1
2252-NKNSI,0,0.7943687306174818,0.6709722961361032,0.9485968924041132,1,0,1,1,0,1,0,0,0,1,0,1,0,0,0,1,0,1,0,1,0,1,1,0,0,1,0
4277-PVRAN,0,-0.9966836022806536,0.5033954637008385,-0.7121592924219132,0,0,0,1,0,0,1,0,0,0,0,0,0,0,0,0,0,1,0,0,0,0,1,0,0,0,1
2469-DTSGX,1,1.6084834273893616,1.550335872281549,2.4772187832159442,0,0,0,1,0,1,1,0,0,0,0,1,0,1,0,1,0,1,0,1,0,1,0,0,1,0,0
8887-IPQNC,0,-1.0373893371192475,-0.6862341289336606,-0.8727884051153612,0,1,0,1,0,0,0,0,0,0,0,0,0,0,0,0,0,0,0,0,0,0,1,0,0,1,0
9770-KXGQU,0,0.8350744654560759,1.1172907904438856,1.3217955962155954,0,0,0,1,0,1,1,0,0,1,0,1,0,1,0,0,0,1,0,0,1,0,0,0,0,1,0
5527-ACHSO,0,-0.8745663977648716,0.18483356441796028,-0.6463006976316517,0,0,0,1,0,0,0,0,0,0,0,0,0,0,0,1,0,1,0,1,0,0,0,0,0,1,0
4712-AUQZO,0,-0.5896262538947137,-1.0396387359506039,-0.7687757310766081,1,0,0,0,1,0,0,0,0,1,0,0,0,1,0,0,0,0,0,0,0,0,0,0,0,1,0
4877-EVATK,0,-1.2816237461508113,-1.4909347599346818,-1.001629769390043,1,0,0,1,0,0,0,1,1,0,1,0,1,0,1,0,1,0,1,0,0,0,0,0,0,1,1
8946-BFWSG,0,1.2421318138420157,-1.3167212212643575,-0.3197518317966046,1,1,1,1,0,1,0,1,1,0,1,0,1,0,1,0,1,0,1,0,0,1,0,0,0,1,0
7927-AUXBZ,0,-0.10115743583158582,0.6709722961361032,0.11177563413411937,0,0,0,1,0,0,1,0,0,0,0,0,0,0,0,1,0,1,0,0,0,0,0,0,1,0,1
7096-UCLNH,0,-1.2816237461508113,-1.4892755833759168,-1.0016078165251128,1,0,0,1,0,0,0,1,1,0,1,0,1,0,1,0,1,0,1,0,0,0,0,0,0,1,0
9362-MWODR,0,0.30589991255435406,-0.027541035103958902,0.06982370925272267,0,0,1,1,0,0,0,0,0,1,0,0,0,0,0,1,0,1,0,0,0,0,1,1,0,0,0
8514-VZHEB,0,1.0793088744876398,-1.5075265255223318,-0.5064389951620661,1,1,1,1,0,0,0,1,1,0,1,0,1,0,1,0,1,0,1,0,0,1,0,0,0,1,0
3402-XRIUO,1,-0.4268033145403377,-0.045791977250373726,-0.40372154015418815,0,1,0,1,0,1,0,0,0,1,0,1,0,0,0,1,0,0,0,0,0,0,1,0,0,1,0
6348-SNFUS,0,1.6084834273893616,-0.31457857977030224,0.8244973469543301,1,1,1,0,1,0,0,0,0,1,0,1,0,1,0,1,0,0,0,1,0,1,1,1,0,0,0
3317-VLGQT,0,-0.7524491932490895,0.4370284013502389,-0.5176130034114804,0,1,0,1,0,0,1,0,0,0,0,0,0,0,0,0,0,0,0,1,0,0,1,0,1,0,0
8309-PPCED,0,1.6084834273893616,1.510515634871189,2.4943639707263423,0,1,0,1,0,1,1,0,0,0,0,1,0,1,0,1,0,1,0,1,0,1,1,0,0,0,0
8454-AATJP,0,1.6084834273893616,1.6631598782775683,2.6798656793855793,0,0,0,1,0,1,1,0,0,1,0,1,0,1,0,1,0,1,0,1,0,1,0,1,0,0,0
3452-SRFEG,0,0.6722515261016999,0.32088604223668943,0.6230359054909199,1,0,0,1,0,1,1,0,0,0,0,0,0,0,0,0,0,0,0,0,0,0,1,0,0,0,0
3346-BRMIS,1,-0.5896262538947137,-0.5501816511149312,-0.654467163385644,0,1,0,0,1,0,0,0,0,0,0,0,0,1,0,0,0,1,0,1,0,0,1,0,1,0,1
4936-YPJNK,0,-0.9152721326034655,-1.4942531130522119,-0.92284093715596,0,0,0,1,0,0,0,1,1,0,1,0,1,0,1,0,1,0,1,0,0,0,1,0,0,1,0
3106-ULWFW,0,-0.9966836022806536,0.6726314726948681,-0.7349463662193436,0,1,0,1,0,1,1,0,0,0,0,0,0,0,0,0,0,0,0,1,0,0,1,1,0,0,1
2187-LZGPL,0,-1.0373893371192475,-0.8239457833111549,-0.8816354096821863,0,0,0,0,1,0,0,0,0,0,0,1,0,0,0,0,0,0,0,1,0,0,1,1,0,0,1
7389-KBFIT,0,-1.2409180113122174,-1.1508035653878583,-0.9824210125762166,0,1,1,0,1,0,0,0,0,0,0,1,0,0,0,0,0,0,0,0,0,0,1,0,0,1,0
3192-LNKRK,0,0.06166550352279012,0.634470411843273,0.26722387070406667,1,1,1,1,0,0,1,0,0,0,0,0,0,1,0,0,0,1,0,0,0,0,1,0,0,1,0
9769-TSBZE,0,1.5270719577121736,0.03550767412911099,1.1372378607483522,0,0,1,1,0,1,0,0,0,1,0,1,0,0,0,1,0,0,0,0,0,1,0,0,1,0,0
5296-PSYVW,0,1.6084834273893616,-1.3399496930870676,-0.24175330270000478,0,1,0,1,0,1,0,1,1,0,1,0,1,0,1,0,1,0,1,0,0,1,0,0,1,0,0
5233-GEEAX,1,-0.9966836022806536,-1.1790095668868632,-0.9129841008023507,1,0,0,0,1,0,0,0,0,0,0,0,0,1,0,0,0,0,0,0,0,0,1,0,1,0,1
7562-GSUHK,0,-0.6710377235719016,0.9380997220972668,-0.31946644455251344,0,0,0,1,0,0,1,0,0,0,0,1,0,1,0,0,0,0,0,1,0,0,1,1,0,0,1
6227-FBDXH,0,1.4863662228735797,1.1471559685016557,1.9933776401568226,1,1,0,1,0,1,1,0,0,0,0,0,0,1,0,0,0,1,0,1,1,0,0,0,0,0,0
1480-IVEVR,1,0.1023712383613841,0.5531707604637883,0.2256451445264816,1,1,0,1,0,1,1,0,0,0,0,0,0,1,0,0,0,0,0,0,1,0,1,0,0,0,0
1552-CZCLL,0,0.9164859351332638,-1.4909347599346818,-0.5330458674573317,0,1,1,1,0,0,0,1,1,0,1,0,1,0,1,0,1,0,1,0,0,0,0,1,0,0,0
9500-WBGRP,0,1.4863662228735797,-1.5207999379924515,-0.4533130620312551,1,0,0,1,0,0,0,1,1,0,1,0,1,0,1,0,1,0,1,0,0,1,1,0,0,1,0
2868-SNELZ,0,-1.2409180113122174,0.5199872292884885,-0.942005788239926,0,0,0,1,0,1,1,0,0,0,0,0,0,1,0,0,0,0,0,0,0,0,0,0,0,1,1
5598-IKHQQ,0,1.6084834273893616,-1.3100845150292975,-0.19093242038685293,0,0,0,1,0,1,0,1,1,0,1,0,1,0,1,0,1,0,1,0,0,1,0,1,0,0,0
3363-EWLGO,0,-1.1188008067964355,-1.4925939364934466,-0.9622902354353267,0,0,0,1,0,0,0,1,1,0,1,0,1,0,1,0,1,0,1,0,0,0,0,0,0,1,0
9272-LSVYH,0,-0.9152721326034655,0.1732193285066055,-0.6874842722404951,1,0,0,1,0,0,1,0,0,0,0,0,0,0,0,0,0,0,0,0,0,0,0,0,0,1,0
8464-EETCQ,0,0.9978974048104517,-1.5307549973450416,-0.5299285606372595,1,0,0,1,0,0,0,1,1,0,1,0,1,0,1,0,1,0,1,0,0,1,0,1,0,0,0
6207-WIOLX,0,-0.30468611002455576,-0.2100504565681078,-0.35066146561816736,0,1,1,0,1,0,0,0,0,1,0,1,0,1,0,0,0,1,0,1,0,0,1,1,0,0,1
2027-WKXMW,0,1.2421318138420157,1.4541036318731793,2.0066591234395252,0,1,0,1,0,1,1,0,0,0,0,1,0,1,0,1,0,1,0,1,0,0,1,0,1,0,0
1027-LKKQQ,0,1.6084834273893616,0.5150096996121938,1.5742535429115982,0,1,1,1,0,0,0,0,0,1,0,0,0,1,0,1,0,1,0,1,0,1,1,0,0,0,0
5327-CNLUQ,0,0.631545791263106,1.0608787874458763,0.9536899570678932,1,1,0,1,0,1,1,0,0,1,0,1,0,1,0,0,0,1,0,0,0,1,1,0,0,0,0
5131-PONJI,0,0.6722515261016999,0.8451858348064274,0.9629979717982501,1,1,1,1,0,0,1,0,0,0,0,1,0,1,0,0,0,1,0,0,0,0,1,1,0,0,0
5372-FBKBN,0,-0.4675090493789317,-1.466047111553207,-0.8118692049343692,0,0,1,1,0,0,0,1,1,0,1,0,1,0,1,0,1,0,1,0,0,0,0,0,0,1,0
3132-TVFDZ,1,0.9978974048104517,-0.6663240102284806,0.11926156107527898,1,1,0,0,1,0,0,0,0,0,0,0,0,0,0,0,0,1,0,1,0,0,1,0,1,0,1
3703-TTEPD,0,-0.4675090493789317,0.0139383788651659,-0.3850176992337538,1,0,0,1,0,0,0,0,0,1,0,0,0,1,0,0,0,1,0,0,0,0,0,0,0,0,0
3629-WEAAM,0,-0.9966836022806536,-0.027541035103958902,-0.7891040840018688,0,0,0,1,0,0,0,0,0,0,0,0,0,1,0,1,0,0,0,1,0,0,0,0,0,1,0
2215-ZAFGX,0,-0.9559778674420595,0.6825865320474579,-0.6628092520590771,1,0,0,1,0,1,1,0,0,0,0,0,0,0,0,0,0,1,0,0,0,0,1,0,1,0,0
5349-IECLD,0,-1.2409180113122174,0.9961709016540415,-0.9322148104811072,1,0,0,1,0,0,1,0,0,0,0,0,0,1,0,0,0,1,0,1,0,0,0,0,1,0,1
2344-JMOGN,0,-0.9559778674420595,0.9928525485365113,-0.6193864852273647,1,1,0,1,0,0,1,0,0,0,0,1,0,1,0,1,0,1,0,0,0,0,1,0,0,1,1
5883-GTGVD,0,-0.5489205190561197,1.1620885575305409,-0.1622619787881591,1,0,0,1,0,1,1,0,0,0,0,1,0,0,0,0,0,1,0,1,0,0,1,0,1,0,1
8837-VVWLQ,0,-0.9966836022806536,0.6643355899010431,-0.7169450169766721,0,0,0,1,0,0,1,0,0,1,0,0,0,0,0,0,0,1,0,0,0,0,0,0,1,0,1
8677-HDZEE,0,0.9571916699718578,1.3445979789946898,1.5874691675995103,0,0,0,1,0,1,1,0,0,0,0,1,0,0,0,1,0,1,0,1,0,0,1,0,0,0,0
2898-LSJGD,0,-0.4675090493789317,-0.2979868141826523,-0.5023996680149301,0,1,1,0,1,0,0,0,0,1,0,0,0,1,0,0,0,1,0,1,1,0,1,0,1,0,1
5394-MEITZ,0,1.1200146093262338,0.5199872292884885,1.1614738236311684,0,1,1,1,0,0,0,0,0,0,0,1,0,1,0,1,0,1,0,1,0,1,1,0,0,0,0
6229-UOLQL,0,0.9571916699718578,-0.4290617623250868,0.2562254853740931,1,1,1,0,1,0,0,0,0,1,0,1,0,0,0,1,0,1,0,0,1,0,1,0,0,1,0
8380-MQINP,0,0.9164859351332638,-1.480979700582092,-0.5366461373058661,0,1,1,1,0,0,0,1,1,0,1,0,1,0,1,0,1,0,1,0,0,1,0,0,0,1,0
7009-PCARS,0,0.9164859351332638,-1.5207999379924515,-0.5706950308124313,1,0,1,1,0,0,0,1,1,0,1,0,1,0,1,0,1,0,1,0,1,0,0,0,0,0,0
2272-QAGFO,1,-0.7524491932490895,0.3109309828840996,-0.529094351769916,0,0,0,1,0,1,1,0,0,0,0,0,0,0,0,0,0,0,0,0,0,0,1,0,1,0,1
3654-ARMGP,0,1.1607203441648277,0.7871146552496526,1.3259227348224516,0,0,0,1,0,1,0,0,0,0,0,1,0,1,0,1,0,1,0,1,0,1,0,1,0,0,0
9800-OUIGR,0,1.3642490183577978,-1.4909347599346818,-0.40705837562356134,1,1,1,1,0,0,0,1,1,0,1,0,1,0,1,0,1,0,1,0,0,1,0,1,0,0,0
6195-MELTI,0,0.9978974048104517,-0.34112540471054226,0.3659019985648086,1,0,0,1,0,0,0,0,0,0,0,1,0,0,0,1,0,0,0,0,1,0,1,0,0,1,0
3863-QSTYI,0,1.0793088744876398,-0.009290092957543614,0.6296656706998062,1,0,0,1,0,0,0,0,0,0,0,0,0,1,0,1,0,1,0,0,0,0,1,0,1,0,0
1169-SAOCL,0,0.6722515261016999,1.3844182164050498,1.2586811095415948,1,0,0,1,0,1,1,0,0,0,0,1,0,0,0,1,0,1,0,1,1,0,1,0,0,0,0
1568-LJSZU,0,1.4456604880349857,0.904916190921967,1.7964165360040805,1,1,1,1,0,1,0,0,0,1,0,1,0,1,0,1,0,1,0,1,0,1,1,1,0,0,0
4948-WBBKL,1,0.14307697319997809,0.33084110158927976,0.15724001740432983,0,0,0,1,0,1,1,0,0,0,0,0,0,0,0,0,0,0,0,0,0,0,1,0,0,0,0
2506-TNFCO,1,-1.2816237461508113,0.15330920980142534,-0.9798744802443264,0,1,0,1,0,0,1,0,0,0,0,0,0,0,0,0,0,0,0,0,0,0,1,0,1,0,1
4998-IKFSE,0,-0.10115743583158582,1.1786803231181906,0.3493056326776628,0,0,0,1,0,1,1,0,0,0,0,0,0,1,0,0,0,1,0,1,0,0,0,0,1,0,0
9964-WBQDJ,0,1.5677776925507676,-1.3449272227633626,-0.25286145235462887,0,1,0,1,0,1,0,1,1,0,1,0,1,0,1,0,1,0,1,0,0,1,1,1,0,0,0
0302-JOIVN,0,-0.9966836022806536,1.2019087949409006,-0.6403295183706679,0,1,0,1,0,0,1,0,0,0,0,1,0,1,0,0,0,1,0,1,0,0,0,0,1,0,1
1704-NRWYE,1,-0.9559778674420595,0.5282831120823135,-0.6803934968680769,0,0,0,1,0,0,1,0,0,0,0,0,0,0,0,0,0,1,0,0,0,0,1,0,1,0,1
5748-RNCJT,0,1.4863662228735797,1.3794406867287545,2.2161333606024174,1,0,0,1,0,1,1,0,0,0,0,0,0,1,0,1,0,1,0,1,0,1,1,0,0,0,1
6465-GSRCL,0,1.4049547531963917,1.3827590398462843,2.1704274958179757,0,0,1,1,0,1,1,0,0,0,0,1,0,0,0,1,0,1,0,1,1,0,1,0,0,0,0
2801-NISEI,0,-0.3453918448631497,-0.3311703453579522,-0.41834214819762616,1,0,0,1,0,0,0,0,0,1,0,0,0,0,0,1,0,0,0,0,0,0,0,0,1,0,0
3755-JBMNH,1,-0.6710377235719016,0.22797215494585,-0.4976798020549613,1,1,0,1,0,0,1,0,0,0,0,0,0,0,0,0,0,0,0,0,0,0,1,0,0,0,1
7296-PIXQY,0,-0.7524491932490895,0.17487850506537042,-0.5509374523753529,0,1,1,1,0,0,1,0,0,0,0,0,0,0,0,0,0,0,0,0,0,0,0,0,1,0,0
9971-ZWPBF,1,0.06166550352279012,1.4590811615494745,0.581259603528964,1,1,1,1,0,1,1,0,0,0,0,1,0,1,0,1,0,1,0,1,0,0,1,0,1,0,0
7872-BAAZR,0,0.8350744654560759,-1.5058673489635668,-0.5678850641013801,0,1,1,1,0,0,0,1,1,0,1,0,1,0,1,0,1,0,1,0,1,0,0,0,0,0,0
2249-YPRNG,0,-0.5082147842175256,1.3578713914648095,-0.027076236548682117,0,1,1,1,0,1,1,0,0,0,0,1,0,1,0,0,0,1,0,1,0,0,1,0,0,0,1
6778-EICRF,0,-0.3453918448631497,0.3275227484717495,-0.21079976314858184,1,1,1,1,0,1,0,0,0,1,0,0,0,0,0,0,0,1,0,1,1,0,0,0,0,1,0
1265-ZFOSD,0,1.2828375486806096,0.5432157011111984,1.241645686355847,0,1,0,1,0,1,0,0,0,1,0,1,0,1,0,1,0,0,0,1,0,1,1,0,0,1,0
1131-QQZEB,1,1.5677776925507676,-1.3598598117922474,-0.2393384875576952,1,1,0,1,0,1,0,1,1,0,1,0,1,0,1,0,1,0,1,0,0,1,0,0,0,0,0
9498-FIMXL,0,-0.9966836022806536,-1.5174815848749215,-0.9393055858535254,0,0,0,1,0,0,0,1,1,0,1,0,1,0,1,0,1,0,1,0,1,0,1,0,0,1,0
9565-FLVCG,0,1.3235432835192036,0.15330920980142534,0.9474114376978882,1,1,1,1,0,1,0,0,0,1,0,1,0,0,0,0,0,0,0,1,0,1,1,0,0,1,0
0655-YDGFJ,0,-0.1418631706701798,-0.5302715324097512,-0.4292307692029494,1,0,0,1,0,0,0,0,0,0,0,0,0,1,0,0,0,0,0,0,0,0,0,0,0,0,0
2696-ECXKC,0,0.9164859351332638,1.1936129121470758,1.381836681799384,0,1,1,1,0,1,1,0,0,1,0,0,0,0,0,0,0,1,0,1,1,0,0,0,0,1,0
4636-OLWOE,0,0.8757802002946699,-0.13040998174738822,0.43103614881237745,1,0,1,1,0,0,0,0,0,0,0,1,0,1,0,1,0,0,0,0,1,0,1,0,1,0,0
5317-FLPJF,0,1.3642490183577978,-0.11879574583603324,0.8307319605944747,0,0,0,0,1,0,0,0,0,1,0,0,0,1,0,1,0,1,0,1,0,1,1,0,0,0,0
8734-FNWVH,0,-0.06045170099299184,-0.17354857227527792,-0.20891181676459436,1,1,1,1,0,1,0,0,0,0,0,0,0,0,0,0,0,0,0,1,0,0,0,0,0,0,0
6689-TCZHQ,1,-1.1188008067964355,0.46523440284924406,-0.8442716335711778,0,0,0,1,0,0,1,0,0,0,0,0,0,0,0,0,0,0,0,1,0,0,0,0,1,0,1
8992-OBVDG,0,-0.4675090493789317,-0.10884068648344337,-0.39854066403068755,1,0,0,1,0,0,0,0,0,0,0,0,0,1,0,0,0,0,0,1,0,0,0,0,0,1,0
3055-MJDSB,0,-0.9559778674420595,-1.3382905165283026,-0.9269461228978862,1,0,0,0,1,0,0,0,0,0,0,0,0,0,0,0,0,0,0,0,0,0,1,0,0,1,0
5692-ICXLW,1,-0.06045170099299184,0.8551408941590172,0.23877295775467378,1,0,0,1,0,1,1,0,0,0,0,1,0,0,0,0,0,1,0,0,0,0,1,0,1,0,0
2284-VFLKH,0,0.6722515261016999,1.1388600857078308,1.1501022395973834,1,1,0,1,0,0,1,0,0,0,0,0,0,1,0,1,0,1,0,1,1,0,1,1,0,0,0
2982-VPSGI,0,-0.8745663977648716,0.9646465470375066,-0.5367119959006563,0,1,0,1,0,1,1,0,0,0,0,0,0,0,0,0,0,1,0,1,0,0,1,0,1,0,1
9025-AOMKI,0,-1.0780950719578415,0.9497139580086216,-0.7749005803921023,0,0,0,1,0,1,1,0,0,0,0,0,0,0,0,0,0,1,0,1,0,0,1,0,0,0,1
2520-SGTTA,0,-1.3223294809894055,-1.4909347599346818,-0.3968393169986058,0,1,1,1,0,0,0,1,1,0,1,0,1,0,1,0,1,0,1,0,0,1,0,0,0,1,0
5821-MMEIL,0,0.9978974048104517,-1.4942531130522119,-0.5205985930419723,0,1,0,1,0,0,0,1,1,0,1,0,1,0,1,0,1,0,1,0,0,1,0,0,0,0,0
6778-YSNIH,0,-1.2409180113122174,-0.1967770440979879,-0.9602925247266887,0,0,0,1,0,0,0,0,0,0,0,1,0,0,0,0,0,1,0,0,0,0,1,0,1,0,0
5569-KGJHX,0,-0.9559778674420595,0.6776090023711627,-0.6790763249722718,0,1,1,1,0,1,1,0,0,0,0,0,0,0,0,0,0,1,0,0,0,0,1,0,0,0,1
0582-AVCLN,0,0.22448844287716607,-1.480979700582092,-0.684169389636052,0,0,0,1,0,0,0,1,1,0,1,0,1,0,1,0,1,0,1,0,0,1,0,0,0,1,0
2724-FJDYW,0,0.26519417771576004,-0.33448869847548224,-0.048129034016635854,1,0,1,0,1,0,0,0,0,0,0,0,0,1,0,1,0,1,0,1,1,0,0,0,0,0,0
6100-QQHEB,0,-0.6303319887333076,0.9165304268333218,-0.3451952022505757,1,1,1,1,0,1,1,0,0,0,0,0,0,0,0,0,0,1,0,1,0,0,1,0,1,0,1
5743-KHMNA,0,1.5677776925507676,-1.3067661619117676,-0.1770362568861078,1,0,0,1,0,1,0,1,1,0,1,0,1,0,1,0,1,0,1,0,0,1,0,0,0,0,0
0824-VWDPO,0,0.5094285867473239,1.0559012577695812,0.9402108980008197,0,0,0,1,0,1,1,0,0,1,0,1,0,0,0,0,0,0,0,1,1,0,0,0,0,0,0
3769-MHZNV,0,0.020959768684196134,-1.4876164068171518,-0.7160888552443988,0,1,1,1,0,0,0,1,1,0,1,0,1,0,1,0,1,0,1,0,0,1,0,0,0,1,0
1293-BSEUN,0,1.6084834273893616,-1.4677062881119718,-0.35959628164471286,0,1,1,1,0,0,0,1,1,0,1,0,1,0,1,0,1,0,1,0,0,1,1,0,0,1,0
6303-KFWSL,0,-0.1418631706701798,-0.3212152860053623,-0.2990502801675324,0,0,0,1,0,1,0,0,0,0,0,1,0,0,0,0,0,0,0,0,1,0,1,0,1,0,0
0020-INWCK,0,1.5677776925507676,1.0227177265942813,1.9968681456807063,0,1,1,1,0,1,1,0,0,0,0,1,0,1,0,0,0,0,0,1,0,1,1,1,0,0,0
9129-UXERG,1,-0.5896262538947137,1.283208446320385,-0.2173197640328178,0,0,0,1,0,1,1,0,0,0,0,1,0,0,0,1,0,1,0,1,0,0,1,1,0,0,0
1120-BMWUB,0,-0.6710377235719016,-0.36601305309201715,-0.6441712697334331,0,0,0,1,0,0,0,0,0,0,0,1,0,0,0,1,0,0,0,0,0,0,1,0,0,1,1
0886-QGENL,1,-0.22327464034736777,1.2052271480584305,0.1989504607714955,0,1,0,1,0,0,1,0,0,1,0,0,0,1,0,0,0,1,0,1,0,0,1,0,1,0,1
5702-SKUOB,0,-1.1595065416350294,-1.5042081724048018,-0.9693810108077449,0,1,0,1,0,0,0,1,1,0,1,0,1,0,1,0,1,0,1,0,0,0,0,0,0,1,0
7096-ZNBZI,0,1.6084834273893616,-1.2769009838539978,-0.16983571718903917,0,1,0,1,0,1,0,1,1,0,1,0,1,0,1,0,1,0,1,0,0,1,0,1,0,0,0
1095-JUDTC,1,0.590840056424512,0.9994892547715714,0.9673446390544076,0,0,0,1,0,1,1,0,0,0,0,1,0,0,0,1,0,1,0,0,0,0,1,0,1,0,1
9762-YAQAA,0,0.26519417771576004,0.5465340542287288,0.40060947801927654,1,0,0,1,0,1,1,0,0,0,0,1,0,0,0,0,0,0,0,0,1,0,0,1,0,0,0
0392-BZIUW,0,1.6084834273893616,1.3296653899658049,2.3219461695654378,0,1,0,1,0,1,1,0,0,1,0,0,0,1,0,0,0,1,0,1,0,1,1,1,0,0,0
1415-YFWLT,1,-1.2816237461508113,0.8086839505135972,-0.971203098596942,0,0,0,1,0,0,1,0,0,0,0,0,0,0,0,0,0,1,0,1,0,0,1,0,1,0,1
5985-BEHZK,1,1.6084834273893616,1.3296653899658049,2.316787246306867,0,1,0,1,0,1,1,0,0,0,0,1,0,1,0,0,0,1,0,1,1,0,0,1,0,0,0
2122-YWVYA,0,-0.5896262538947137,0.34743286717692967,-0.4043362203722305,0,0,0,1,0,0,1,0,0,1,0,0,0,0,0,0,0,0,0,0,0,0,1,0,1,0,0
9470-YFUYI,1,1.5677776925507676,0.2014253300056102,1.1901881709597226,1,1,0,1,0,0,0,0,0,1,0,1,0,0,0,1,0,1,0,0,1,0,1,0,0,0,0
9351-LZYGF,0,0.387311382231542,0.04878108659923111,0.1872495837637592,0,1,0,1,0,1,0,0,0,1,0,1,0,0,0,1,0,0,0,0,0,0,1,1,0,0,0
5248-YGIJN,0,1.6084834273893616,0.8402083051301322,1.7861425952167995,1,1,0,1,0,1,0,0,0,1,0,1,0,1,0,1,0,1,0,1,0,1,1,1,0,0,0
9094-AZPHK,0,-0.7117434584104956,1.1687252637656007,-0.3891448378406102,0,0,0,1,0,1,1,0,0,0,0,1,0,0,0,0,0,1,0,1,0,0,1,0,1,0,0
2664-XJZNO,0,1.6084834273893616,1.326347036848275,2.308664686282735,1,1,1,1,0,0,1,0,0,1,0,0,0,1,0,1,0,1,0,1,0,1,1,1,0,0,0
6584-VQMYT,0,-0.22327464034736777,-0.2896909313888274,-0.3221666469389142,1,0,1,1,0,0,0,0,0,1,0,1,0,0,0,0,0,0,0,0,1,0,0,0,0,1,0
2884-GBPFB,0,0.1023712383613841,0.1781968581829002,0.05059299957396641,0,1,0,1,0,0,1,0,0,0,0,0,0,0,0,0,0,0,0,0,0,0,1,0,1,0,1
8118-TJAFG,0,-0.9559778674420595,1.2135230308522553,-0.6122518041250864,1,1,1,1,0,0,1,0,0,0,0,1,0,0,0,1,0,1,0,1,0,0,1,0,1,0,0
2576-HXMPA,0,-1.2816237461508113,-1.5058673489635668,-1.0018273451744135,0,0,0,1,0,0,0,1,1,0,1,0,1,0,1,0,1,0,1,0,0,0,0,1,0,0,0
3808-HFKDE,0,-0.5082147842175256,-0.6829157758161306,-0.603338940963471,0,0,0,1,0,0,0,0,0,0,0,0,0,0,0,0,0,0,0,0,0,0,1,0,1,0,0
8747-UDCOI,0,1.3235432835192036,-1.5125040551986266,-0.43087723407270595,0,1,0,1,0,0,0,1,1,0,1,0,1,0,1,0,1,0,1,0,0,1,0,0,0,0,0
0426-TIRNE,0,-1.2816237461508113,-1.461069581876912,-1.0012346178213012,0,0,0,1,0,0,0,1,1,0,1,0,1,0,1,0,1,0,1,0,0,0,0,0,0,1,1
1383-EZRWL,0,-1.0373893371192475,-1.4892755833759168,-0.9380323196875803,0,0,0,1,0,0,0,1,1,0,1,0,1,0,1,0,1,0,1,0,0,0,0,0,0,1,1
4115-BNPJY,0,-0.1418631706701798,0.3524103968532244,-0.10841160111465517,1,1,1,1,0,0,0,0,0,0,0,0,0,1,0,1,0,1,0,1,0,1,0,0,0,1,0
1322-AGOQM,0,0.5501343215859179,-1.1491443888290935,-0.4044679375618111,1,0,0,0,1,0,0,0,0,0,0,1,0,0,0,0,0,0,0,0,0,0,0,0,0,0,1
4065-JJAVA,0,-1.2816237461508113,-0.5120205902633365,-0.9886775790812914,0,0,0,1,0,0,0,0,0,0,0,1,0,0,0,0,0,0,0,0,0,0,0,0,1,0,0
3411-WLRSQ,1,-1.2002122764736234,0.32088604223668943,-0.9054542681313308,0,1,0,1,0,0,1,0,0,0,0,1,0,0,0,0,0,0,0,0,0,0,1,0,0,0,0
1195-OIYEJ,0,-0.7931549280876836,0.8684143066291369,-0.5117735413400772,1,0,0,1,0,0,1,0,0,0,0,0,0,0,0,0,0,1,0,1,0,0,1,0,1,0,1
4291-YZODP,0,-1.0373893371192475,-1.4892755833759168,-0.9679101688574289,0,0,1,1,0,0,0,1,1,0,1,0,1,0,1,0,1,0,1,0,1,0,0,0,0,1,0
0107-WESLM,0,-1.2816237461508113,-1.4959122896109767,-1.0016956279848332,1,0,0,1,0,0,0,1,1,0,1,0,1,0,1,0,1,0,1,0,0,0,1,0,1,0,1
6648-INWPS,0,-0.6710377235719016,-1.4859572302583868,-0.8605387064843726,1,1,1,1,0,0,0,1,1,0,1,0,1,0,1,0,1,0,1,0,0,0,0,0,1,0,0
8792-AOROI,0,-0.9966836022806536,0.018915908541461066,-0.7626289288961836,0,1,0,1,0,0,0,0,0,1,0,0,0,0,0,1,0,0,0,1,0,1,0,0,0,1,0
5923-GXUOC,0,-0.9152721326034655,1.309755271260625,-0.5355923997892219,1,0,0,1,0,0,1,0,0,1,0,1,0,1,0,0,0,1,0,1,0,0,1,0,1,0,1
7663-ZTEGJ,0,-0.1418631706701798,1.1819986762357204,0.23231881546522803,1,0,1,1,0,1,1,0,0,0,0,1,0,1,0,1,0,0,0,1,1,0,0,1,0,0,0
5940-NFXKV,0,-0.5489205190561197,0.6211969993731534,-0.36686267993657173,1,1,1,1,0,1,1,0,0,0,0,0,0,0,0,0,0,0,0,1,0,0,1,0,1,0,1
6859-QNXIQ,0,1.6084834273893616,1.5984519924857334,2.6111532121544063,0,1,1,1,0,1,1,0,0,1,0,1,0,1,0,1,0,1,0,1,0,1,1,0,0,0,0
6956-SMUCM,0,-1.2002122764736234,1.1305642029140057,-0.8842258477439365,0,0,0,1,0,0,1,0,0,1,0,0,0,1,0,0,0,1,0,1,0,0,1,1,0,0,1
3378-AJRAO,0,0.46872285190873,-1.3299946337344775,-0.5653824374993502,1,1,1,1,0,1,0,1,1,0,1,0,1,0,1,0,1,0,1,0,1,0,0,0,1,0,0
9661-ACXBS,0,0.387311382231542,1.336302096200865,0.9217704914595465,0,0,0,1,0,1,1,0,0,1,0,0,0,1,0,0,0,1,0,1,0,0,1,0,1,0,1
5060-TQUQN,0,-0.10115743583158582,0.6178786462556232,0.1180541535041242,1,1,1,1,0,1,1,0,0,0,0,1,0,0,0,1,0,0,0,0,0,0,1,0,0,0,0
4138-NAXED,0,0.7536629957788878,0.5332606417586087,0.7834674423999971,1,0,0,1,0,1,1,0,0,0,0,1,0,0,0,0,0,0,0,0,0,0,0,0,0,0,0
8329-IBCTI,0,-1.2816237461508113,-1.5025489958460367,-1.0017834394445535,0,0,0,1,0,0,0,1,1,0,1,0,1,0,1,0,1,0,1,0,0,0,0,0,0,1,1
1401-FTHFQ,0,-0.38609757970174374,-1.4909347599346818,-0.8148987002947212,1,1,1,1,0,0,0,1,1,0,1,0,1,0,1,0,1,0,1,0,1,0,1,1,0,0,0
8008-ESFLK,0,0.8350744654560759,1.512174811429954,1.5517079506283984,0,1,0,1,0,0,1,0,0,1,0,1,0,1,0,1,0,1,0,1,1,0,0,0,1,0,0
7079-QRCBC,0,-0.3453918448631497,1.1222683201201809,0.046531719561900275,0,0,0,1,0,1,1,0,0,0,0,0,0,1,0,0,0,1,0,1,0,0,1,0,1,0,1
8974-OVACP,0,-1.2816237461508113,-1.4859572302583868,-1.0015639107952525,0,0,0,1,0,0,0,1,1,0,1,0,1,0,1,0,1,0,1,0,0,0,0,0,0,1,0
1543-LLLFT,1,1.1607203441648277,1.107335731091296,1.6531521394703315,1,1,0,1,0,1,1,0,0,0,0,1,0,1,0,1,0,1,0,0,1,0,1,0,0,1,0
5482-VXSXJ,0,-0.4268033145403377,0.9380997220972668,-0.06323260508853569,1,0,0,1,0,0,1,0,0,0,0,1,0,0,0,0,0,1,0,1,0,0,1,0,0,1,0
8414-MYSHR,1,-1.1188008067964355,0.8783693659817272,-0.8129448953159435,1,0,0,1,0,0,1,0,0,0,0,0,0,0,0,0,0,1,0,1,0,0,1,0,1,0,1
4835-YSJMR,0,0.26519417771576004,-0.5020655309107466,-0.14496312122325034,1,0,0,1,0,0,0,0,0,0,0,0,0,0,0,1,0,0,0,0,0,1,1,0,0,0,0
9074-KGVOX,0,0.7129572609402939,-0.8455150785750998,-0.12292244483344288,1,1,1,0,1,0,0,0,0,1,0,0,0,0,0,0,0,1,0,0,0,0,1,1,0,0,0
5016-LIPDW,0,0.9978974048104517,-1.5108448786398618,-0.5443076871664665,1,1,1,1,0,0,0,1,1,0,1,0,1,0,1,0,1,0,1,0,1,0,0,0,0,1,0
7452-FOLON,0,0.26519417771576004,-1.3100845150292975,-0.5895964475172364,1,0,1,1,0,1,0,1,1,0,1,0,1,0,1,0,1,0,1,0,1,0,0,0,0,0,0
3737-GCSPV,0,-0.8745663977648716,1.0376503156231662,-0.4738609436058167,0,1,0,1,0,1,1,0,0,1,0,0,0,0,0,1,0,1,0,0,0,0,1,1,0,0,1
1963-SVUCV,0,-1.2816237461508113,-0.6513914211995958,-0.9905216197354186,1,0,0,1,0,0,0,0,0,0,0,0,0,0,0,0,0,0,0,0,0,0,0,0,1,0,1
1061-PNTHC,0,0.9571916699718578,1.482309633372184,1.6032971832141034,0,1,1,1,0,1,1,0,0,1,0,0,0,1,0,1,0,1,0,1,0,0,1,0,0,1,0
5575-GNVDE,0,0.06166550352279012,-0.2648032830073525,-0.18081214965408277,1,0,0,1,0,0,0,0,0,1,0,0,0,1,0,0,0,0,0,0,1,0,0,0,0,1,0
4415-WNGVR,1,-0.8338606629262776,0.473530285643069,-0.5960066840768219,0,1,0,1,0,0,0,0,0,1,0,0,0,1,0,1,0,1,0,1,1,0,1,0,1,0,0
2725-KXXWT,0,-1.2816237461508113,0.8568000707177821,-0.9705664655139695,1,1,0,1,0,0,1,0,0,0,0,0,0,0,0,0,0,1,0,1,0,0,1,0,1,0,1
6746-WAUWT,0,-0.5489205190561197,-1.5008898192872717,-0.8407152694525037,1,0,0,1,0,0,0,1,1,0,1,0,1,0,1,0,1,0,1,0,1,0,1,1,0,0,0
3096-GKWEB,0,-0.5896262538947137,0.9895341954189815,-0.2675698718577873,1,1,0,1,0,1,1,0,0,0,0,0,0,0,0,0,0,1,0,1,0,0,1,0,1,0,0
3340-QBBFM,1,0.14307697319997809,-0.3593763468569571,-0.13543557784359259,1,1,0,1,0,0,0,0,0,0,0,0,0,1,0,1,0,0,0,0,1,0,0,1,0,0,0
7446-YPODE,1,-0.8745663977648716,-0.1552976301288631,-0.7193378792540517,1,0,0,1,0,1,0,0,0,1,0,1,0,0,0,0,0,0,0,0,0,0,0,0,0,0,0
1450-SKCVI,0,0.9571916699718578,0.29599839385521454,0.7865847492200695,0,0,0,1,0,0,1,0,0,0,0,1,0,0,0,0,0,0,0,0,0,0,1,0,1,0,1
9776-CLUJA,1,0.7536629957788878,0.4171182826450592,0.6612338904692716,0,1,0,1,0,1,1,0,0,1,0,0,0,0,0,0,0,0,0,0,0,0,1,0,1,0,1
1173-NOEYG,0,-0.22327464034736777,0.8368899520126024,0.053600542069388316,0,1,0,1,0,1,1,0,0,0,0,0,0,1,0,0,0,0,0,1,0,0,0,0,0,0,0
0151-ONTOV,0,-1.2816237461508113,0.1981069768880804,-0.9792817528912141,0,0,0,1,0,0,1,0,0,0,0,0,0,0,0,0,0,0,0,0,0,0,0,0,0,1,1
2718-GAXQD,1,-1.1595065416350294,-0.6281629493768859,-0.9306781099360011,0,1,1,1,0,0,0,0,0,0,0,0,0,0,0,0,0,0,0,0,0,0,0,0,1,0,1
5456-ITGIC,1,1.6084834273893616,-0.015926799192603674,1.0272979131784759,1,1,0,0,1,0,0,0,0,1,0,1,0,1,0,1,0,1,0,1,0,1,1,1,0,0,0
0523-VNGTF,1,0.7943687306174818,-0.4788370590880366,0.11634183003957754,0,0,0,0,1,0,0,0,0,0,0,1,0,1,0,1,0,1,0,0,0,0,1,0,1,0,0
7083-YNSKY,0,-0.7117434584104956,-1.3117436915880627,-0.8349636188408209,0,0,0,1,0,1,0,1,1,0,1,0,1,0,1,0,1,0,1,0,0,0,1,1,0,0,1
2232-DMLXU,0,-1.2816237461508113,-0.3228744625641272,-0.9861749524792616,0,1,0,1,0,0,0,0,0,0,0,0,0,0,0,0,0,1,0,0,0,0,0,0,0,1,1
4671-VJLCL,0,1.2421318138420157,0.4950995809070136,1.1240441889253698,0,0,0,1,0,1,0,0,0,1,0,1,0,1,0,1,0,1,0,0,0,1,1,1,0,0,0
4373-MAVJG,0,-0.7524491932490895,0.8617776003940772,-0.45763777642248227,0,1,1,1,0,1,1,0,0,0,0,1,0,0,0,0,0,0,0,1,0,0,1,0,0,0,1
2811-POVEX,1,-0.38609757970174374,0.7804779490145926,-0.07497738782613234,0,1,1,1,0,0,1,0,0,0,0,1,0,1,0,0,0,0,0,1,0,0,1,0,0,0,0
4128-ETESU,1,0.590840056424512,1.1537926747367158,1.0738818925601206,0,1,0,1,0,1,1,0,0,0,0,0,0,1,0,0,0,1,0,1,0,0,0,0,1,0,0
8901-UPRHR,0,1.6084834273893616,1.4690362209020642,2.3753574899403396,0,1,1,1,0,1,1,0,0,0,0,1,0,1,0,1,0,1,0,1,0,1,1,0,0,0,0
8822-KNBHV,0,0.631545791263106,0.6145602931380933,0.696578003006712,0,0,0,1,0,1,0,0,0,1,0,1,0,1,0,0,0,1,0,1,1,0,1,1,0,0,0
4718-DHSMV,0,-0.8745663977648716,-0.9666349673649444,-0.8509672573748545,0,0,0,0,1,0,0,0,0,0,0,0,0,0,0,0,0,1,0,0,0,0,1,0,0,1,0
9251-AWQGT,0,0.631545791263106,-1.4909347599346818,-0.5994971896007056,0,1,1,1,0,0,0,1,1,0,1,0,1,0,1,0,1,0,1,0,0,1,0,0,0,1,0
6614-YWYSC,1,1.1607203441648277,-1.3250171040581826,-0.35105661718690895,1,1,0,1,0,1,0,1,1,0,1,0,1,0,1,0,1,0,1,0,0,1,0,0,0,0,0
7594-LZNWR,1,0.06166550352279012,0.14003579733130567,-0.011511655313250378,1,0,0,1,0,0,1,0,0,0,0,0,0,0,0,0,0,0,0,0,0,0,0,1,0,0,0
1395-WSWXR,0,-0.3453918448631497,-1.466047111553207,-0.7965680580780984,1,0,0,1,0,0,0,1,1,0,1,0,1,0,1,0,1,0,1,0,0,1,0,0,0,1,0
1402-PTHGN,0,-0.5896262538947137,-0.1138182161597383,-0.5329580559976114,0,1,1,1,0,0,0,0,0,1,0,1,0,0,0,1,0,0,0,0,1,0,1,0,0,1,0
0744-GKNGE,0,1.2828375486806096,0.7257251225753476,1.3285570786140621,0,1,1,1,0,1,1,0,0,1,0,0,0,0,0,1,0,0,0,0,0,0,1,0,0,0,0
1658-XUHBX,1,1.0793088744876398,0.7904330083671824,1.3379529048041392,0,1,1,1,0,1,1,0,0,0,0,0,0,1,0,0,0,0,0,1,0,0,1,1,0,0,0
8070-AAWZP,1,-0.3453918448631497,-1.018069440686659,-0.6467836606601135,1,1,0,0,1,0,0,0,0,0,0,0,0,1,0,1,0,0,0,0,0,0,0,0,0,1,0
3213-VVOLG,0,-1.3223294809894055,-1.3134028681468275,-0.3968393169986058,1,1,1,1,0,1,0,1,1,0,1,0,1,0,1,0,1,0,1,0,0,1,0,0,0,1,0
9087-EYCPR,0,1.1200146093262338,-1.3250171040581826,-0.3496077281015232,0,0,0,1,0,1,0,1,1,0,1,0,1,0,1,0,1,0,1,0,0,1,0,0,0,1,0
8591-NXRCV,0,0.346605647392948,0.32254521879545484,0.3465615245614019,0,0,0,1,0,1,0,0,0,1,0,0,0,1,0,1,0,0,0,1,0,0,1,0,0,0,0
0334-GDDSO,1,-1.2002122764736234,0.5448748776699633,-0.9078032246788503,1,0,0,1,0,1,1,0,0,0,0,1,0,0,0,0,0,0,0,0,0,0,1,0,1,0,1
2419-FSORS,0,1.6084834273893616,1.4424893959618246,2.3788919011940837,1,1,0,1,0,1,1,0,0,0,0,1,0,1,0,1,0,1,0,1,0,1,1,0,1,0,0
4789-KWMXN,0,0.590840056424512,1.5237890473413087,1.3059675806010025,1,1,0,1,0,1,1,0,0,1,0,0,0,1,0,1,0,1,0,1,1,0,1,1,0,0,1
1228-ZLNBX,0,-0.4675090493789317,0.3441145140593994,-0.32078361644831865,1,0,0,1,0,1,1,0,0,0,0,0,0,0,0,0,0,0,0,0,0,0,0,0,0,1,0
5312-UXESG,0,0.346605647392948,1.0990398482974708,0.7416911404380412,0,0,0,1,0,1,1,0,0,0,0,0,0,1,0,0,0,1,0,1,0,0,0,0,0,0,0
3727-RJMEO,0,-1.0780950719578415,0.5946501744329131,-0.8083347936806251,1,1,0,1,0,1,1,0,0,0,0,0,0,0,0,0,0,1,0,0,0,0,1,0,1,0,1
8246-SHFGA,0,-0.6303319887333076,-1.4544328756418519,-0.8411323738861755,1,0,0,1,0,0,0,1,1,0,1,0,1,0,1,0,1,0,1,0,0,0,0,1,0,0,0
0464-WJTKO,0,1.6084834273893616,-1.4876164068171518,-0.3690140606997203,0,1,1,1,0,0,0,1,1,0,1,0,1,0,1,0,1,0,1,0,0,1,0,0,0,0,0
5639-NTUPK,0,-0.7931549280876836,-0.42574340920755677,-0.7159571380548182,1,0,1,1,0,0,0,0,0,1,0,0,0,0,0,0,0,0,0,0,0,0,1,1,0,0,0
9499-XPZXM,0,1.6084834273893616,-0.005971739840013817,1.099149640094651,0,1,0,1,0,1,0,0,0,1,0,1,0,0,0,1,0,0,0,0,0,1,0,0,0,0,0
4298-OYIFC,0,-0.7117434584104956,1.2782309166440902,-0.3343504869751126,1,1,0,1,0,1,1,0,0,0,0,0,0,1,0,1,0,1,0,1,0,0,1,0,1,0,0
3050-GBUSH,0,-1.2002122764736234,-0.9998184985402442,-0.9603803361864092,0,0,0,0,1,0,0,0,0,0,0,0,0,0,0,0,0,1,0,0,0,0,1,1,0,0,0
6572-ADKRS,0,0.5501343215859179,0.3275227484717495,0.54749609726649,0,0,0,1,0,0,1,0,0,0,0,0,0,1,0,0,0,0,0,0,0,0,1,1,0,0,0
6734-PSBAW,0,1.6084834273893616,-1.3731332242623675,-0.25349808543760144,1,1,0,1,0,1,0,1,1,0,1,0,1,0,1,0,1,0,1,0,0,1,1,0,0,0,0
6728-CZFEI,0,-0.7117434584104956,-0.29135010794759253,-0.6012534187951126,0,0,0,1,0,0,0,0,0,0,0,0,0,0,0,0,0,1,0,0,1,0,0,0,0,1,0
2067-QYTCF,0,1.2828375486806096,1.533744106693899,2.0425301047352877,0,1,0,1,0,1,1,0,0,0,0,1,0,1,0,1,0,1,0,1,0,0,1,0,1,0,0
6736-DHUQI,0,1.4049547531963917,0.659358060224748,1.4475635594000649,0,1,1,1,0,0,1,0,0,1,0,1,0,1,0,0,0,0,0,0,1,0,0,0,0,0,0
0673-IGUQO,0,-1.2816237461508113,-1.4760021709057967,-1.0014321936056723,1,0,0,1,0,0,0,1,1,0,1,0,1,0,1,0,1,0,1,0,0,0,0,0,0,1,0
8630-QSGXK,0,0.7536629957788878,0.34079616094186965,0.7024613708079754,1,1,0,1,0,1,0,0,0,0,0,0,0,0,0,1,0,1,0,1,0,1,1,0,0,0,0
7876-AEHIG,0,0.7536629957788878,-0.15861598324639314,0.34056839243548803,0,0,1,0,1,0,0,0,0,1,0,0,0,1,0,1,0,1,0,1,1,0,0,0,0,0,0
8740-XLHDR,0,-1.1188008067964355,-0.7194176601089605,-0.9142573669682958,1,0,0,0,1,0,0,0,0,1,0,1,0,1,0,1,0,0,0,0,0,0,1,0,0,1,1
9350-ZXYJC,0,-1.1595065416350294,-1.3150620447055927,-0.9590631642906039,0,0,0,1,0,1,0,1,1,0,1,0,1,0,1,0,1,0,1,0,0,1,1,1,0,0,0
8221-HVAYI,0,0.1023712383613841,0.14003579733130567,0.08290761675105472,1,1,1,1,0,1,0,0,0,1,0,1,0,1,0,1,0,0,0,0,0,1,1,1,0,0,0
7014-ZZXAW,0,1.5677776925507676,-1.3499047524396575,-0.24954656975018574,0,1,0,1,0,1,0,1,1,0,1,0,1,0,1,0,1,0,1,0,0,1,1,1,0,0,0
0620-DLSLK,0,-0.7931549280876836,0.5631258198163787,-0.5586648608307435,0,0,0,1,0,0,1,0,0,0,0,0,0,0,0,0,0,1,0,0,0,0,1,0,0,1,0
3744-ZBHON,0,-1.2002122764736234,-1.4842980536996218,-0.9814550865192928,0,0,0,1,0,0,0,1,1,0,1,0,1,0,1,0,1,0,1,0,0,0,0,0,1,0,0
4774-HHGGS,0,-0.10115743583158582,-1.5224591145512167,-0.730489934638536,1,1,0,1,0,0,0,1,1,0,1,0,1,0,1,0,1,0,1,0,0,1,0,0,0,1,0
0947-MUGVO,1,-0.5082147842175256,0.28936168762015496,-0.36785055885842566,1,1,0,1,0,0,1,0,0,0,0,1,0,0,0,0,0,0,0,0,0,0,1,0,1,0,1
7508-DQAKK,0,1.2828375486806096,0.712451710105228,1.3789608564935425,0,0,0,1,0,1,0,0,0,1,0,1,0,1,0,1,0,1,0,1,0,1,1,1,0,0,0
9764-REAFF,0,1.0793088744876398,-1.5440284098151615,-0.5459541520362231,0,1,0,1,0,0,0,1,1,0,1,0,1,0,1,0,1,0,1,0,0,1,0,0,0,0,0
4201-JMNGR,1,-1.2816237461508113,-0.3029643438589475,-0.9859115181001004,0,0,0,1,0,0,0,0,0,1,0,0,0,1,0,0,0,0,0,0,0,0,1,0,1,0,1
0716-BQNDX,1,0.9978974048104517,0.9563506642436816,1.4595278707869623,1,0,0,1,0,1,1,0,0,1,0,0,0,0,0,1,0,0,0,1,0,1,0,0,1,0,0
0277-ORXQS,0,1.3642490183577978,-0.4771778825292717,0.4668193186484196,1,1,1,0,1,0,0,0,0,0,0,0,0,0,0,1,0,1,0,1,0,1,0,0,0,0,0
9495-REDIY,0,-0.30468611002455576,-0.8056948411647401,-0.5842838542041553,1,0,1,0,1,0,0,0,0,1,0,0,0,0,0,0,0,1,0,0,1,0,1,1,0,0,0
5016-ETTFF,0,-0.9152721326034655,-1.1756912137693334,-0.8983415398939827,1,0,0,0,1,0,0,0,0,0,0,0,0,1,0,0,0,0,0,0,0,0,0,0,0,1,1
5687-DKDTV,0,-1.1595065416350294,-1.4793205240233267,-0.9763839747204426,0,0,0,1,0,0,0,1,1,0,1,0,1,0,1,0,1,0,1,0,0,0,0,0,0,1,1
3084-DOWLE,0,1.6084834273893616,0.8982794846869069,1.8322216587050524,0,1,0,1,0,1,0,0,0,1,0,1,0,1,0,1,0,1,0,1,0,1,0,0,0,0,0
8029-XYPWT,1,1.5677776925507676,1.6631598782775683,2.509335824608662,1,1,0,1,0,1,1,0,0,1,0,1,0,1,0,1,0,1,0,1,0,1,1,0,0,0,0
8510-BBWMU,0,0.346605647392948,-1.4992306427285067,-0.6561136282554005,0,0,0,1,0,0,0,1,1,0,1,0,1,0,1,0,1,0,1,0,1,0,1,0,0,1,0
9424-CMPOG,0,-0.9559778674420595,-1.5042081724048018,-0.9237410046180935,1,1,1,1,0,0,0,1,1,0,1,0,1,0,1,0,1,0,1,0,0,1,0,0,0,1,0
3946-MHCZW,0,-1.2816237461508113,-0.4655636466179167,-0.9880628988632489,1,0,0,1,0,0,0,0,0,0,0,0,0,1,0,0,0,0,0,0,0,0,0,0,0,1,1
6390-DSAZX,0,-1.2816237461508113,0.2877025110613896,-0.9780962981849894,0,0,1,1,0,0,1,0,0,1,0,0,0,0,0,0,0,0,0,0,0,0,1,0,0,1,1
1163-VIPRI,0,1.3235432835192036,1.472354574019594,2.211193965993148,0,1,1,1,0,1,1,0,0,1,0,0,0,1,0,1,0,1,0,1,0,1,0,0,1,0,0
1602-IJQQE,0,-1.1595065416350294,0.3457736906181643,-0.8619656427048282,0,0,0,1,0,1,1,0,0,0,0,0,0,0,0,0,0,0,0,0,0,0,0,0,1,0,1
9840-EFJQB,0,-1.2816237461508113,0.3125901594428645,-0.9777670052110381,0,0,0,1,0,0,1,0,0,0,0,1,0,0,0,0,0,0,0,0,0,0,0,0,1,0,0
6959-UWKHF,0,-1.2816237461508113,-0.7310318960203155,-0.9915753572520629,1,0,0,1,0,0,0,0,0,0,0,0,0,0,0,0,0,0,0,0,0,0,1,0,1,0,1
3530-CRZSB,0,-1.0373893371192475,-1.469365464670737,-0.9419618825100659,0,0,0,1,0,0,0,1,1,0,1,0,1,0,1,0,1,0,1,0,0,0,0,0,0,1,0
6621-YOBKI,0,-1.1188008067964355,-1.4793205240233267,-0.969688350916766,1,0,0,1,0,0,0,1,1,0,1,0,1,0,1,0,1,0,1,0,0,0,0,0,0,1,0
3863-IUBJR,0,-0.8338606629262776,-0.37430893588584213,-0.7046733654807534,1,1,1,1,0,0,0,0,0,0,0,0,0,0,0,0,0,0,0,1,1,0,0,1,0,0,1
0727-BMPLR,1,0.9164859351332638,1.1637477340893057,1.4084874598245096,0,0,0,1,0,1,1,0,0,0,0,0,0,1,0,0,0,1,0,1,1,0,1,0,1,0,1
0017-DINOC,0,0.8757802002946699,-0.6547097743171256,0.06991152071244314,1,0,0,0,1,0,0,0,0,1,0,0,0,0,0,1,0,1,0,0,0,1,0,1,0,0,0
9799-CAYJJ,1,-1.2409180113122174,0.14501332700760036,-0.9428839028371294,0,1,0,1,0,0,1,0,0,0,0,0,0,0,0,0,0,0,0,0,0,0,1,0,1,0,0
0354-VXMJC,0,-0.38609757970174374,-1.5042081724048018,-0.8230871189136437,1,1,1,1,0,0,0,1,1,0,1,0,1,0,1,0,1,0,1,0,0,1,0,1,0,0,0
2507-QZPQS,0,-0.7117434584104956,1.0210585500355165,-0.3732948693610873,1,0,0,1,0,1,1,0,0,0,0,1,0,0,0,1,0,0,0,1,0,0,0,0,1,0,0
1226-UDFZR,0,-1.2409180113122174,-0.5087022371458064,-0.9600510432124578,0,0,0,1,0,0,0,0,0,0,0,1,0,0,0,0,0,0,0,0,0,0,1,0,0,1,1
2208-UGTGR,0,0.9571916699718578,1.1172907904438856,1.4399898209991848,1,0,0,1,0,1,1,0,0,0,0,1,0,0,0,0,0,1,0,1,0,0,0,0,1,0,0
5055-MGMGF,0,1.3235432835192036,1.3313245665245697,2.0256483516040507,0,1,0,1,0,1,1,0,0,1,0,0,0,1,0,0,0,1,0,1,0,0,1,0,1,0,0
5149-CUZUJ,0,-0.1825689055087738,0.928144662744677,0.20505335722205978,1,1,1,1,0,0,1,0,0,0,0,1,0,1,0,1,0,1,0,0,1,0,0,0,0,0,0
8260-NGFNY,0,-1.2816237461508113,-1.3183803978231226,-0.9993466714373139,0,0,0,0,1,0,0,0,0,0,0,0,0,0,0,0,0,0,0,0,0,0,0,0,0,1,1
7634-WSWDB,0,-0.9966836022806536,-0.8770394331916347,-0.8651707609846209,0,0,1,0,1,0,0,0,0,1,0,0,0,0,0,0,0,0,0,1,0,0,1,0,1,0,0
5829-NVSQN,0,-0.38609757970174374,0.12676238486118555,-0.2686455622393616,0,1,0,1,0,0,0,0,0,1,0,0,0,1,0,1,0,0,0,1,1,0,1,0,0,0,0
0872-JCPIB,0,-0.6303319887333076,0.027211791335286027,-0.5225304451558199,1,0,0,1,0,1,0,0,0,1,0,0,0,0,0,0,0,0,0,1,0,0,0,0,0,0,0
2364-UFROM,0,-0.10115743583158582,0.1815152113004305,-0.11264850404616203,1,0,0,1,0,0,0,0,0,1,0,1,0,0,0,1,0,1,0,0,1,0,0,0,1,0,0
5897-ZYEKH,1,1.4049547531963917,1.3495755086709846,2.1122304508883145,0,1,0,1,0,1,1,0,0,1,0,1,0,0,0,0,0,1,0,1,1,0,1,0,1,0,0
2018-QKYGT,0,-1.2816237461508113,0.5349198183173736,-0.9748253213104063,1,1,1,1,0,0,1,0,0,0,0,0,0,0,0,0,0,0,0,1,0,0,1,0,1,0,0
6581-NQCBA,0,-0.6710377235719016,-0.4970880012344514,-0.6546866920349449,0,1,0,0,1,0,0,0,0,0,0,0,0,0,0,1,0,1,0,1,0,0,1,0,1,0,1
1135-LMECX,0,-1.2816237461508113,-1.4959122896109767,-1.0016956279848332,0,0,0,1,0,0,0,1,1,0,1,0,1,0,1,0,1,0,1,0,0,0,0,0,0,1,0
3758-CKOQL,0,1.0793088744876398,1.3960324523164045,1.690801302825431,0,1,0,1,0,1,1,0,0,1,0,1,0,1,0,1,0,0,0,1,1,0,1,1,0,0,0
1891-UAWWU,1,-0.5082147842175256,0.858459247276547,-0.15381012579007552,0,1,0,1,0,1,1,0,0,0,0,0,0,1,0,0,0,1,0,0,0,0,0,0,1,0,1
4931-TRZWN,0,-0.7931549280876836,0.23294968462214516,-0.6047878300488567,0,0,0,1,0,0,0,0,0,1,0,0,0,0,0,0,0,1,0,1,0,0,1,0,1,0,0
8182-BJDSI,0,-0.1825689055087738,0.8302532457775423,0.14235597498173086,0,0,0,1,0,1,1,0,0,0,0,1,0,0,0,0,0,0,0,1,0,0,1,0,1,0,1
7402-PWYJJ,0,0.8350744654560759,0.8700734831879022,1.1245051990889017,0,1,0,1,0,1,1,0,0,0,0,0,0,0,0,1,0,0,0,1,1,0,1,0,1,0,0
1009-IRMNA,0,-1.0373893371192475,-1.4909347599346818,-0.9499966310744778,0,0,0,1,0,0,0,1,1,0,1,0,1,0,1,0,1,0,1,0,0,0,0,0,0,0,1
5249-QYHEX,0,0.30589991255435406,-1.3316538102932427,-0.5605089014848709,0,1,1,1,0,1,0,1,1,0,1,0,1,0,1,0,1,0,1,0,0,1,1,0,0,1,0
2560-WBWXF,0,1.4456604880349857,-1.3532231055571875,-0.35232988335285403,1,0,0,1,0,1,0,1,1,0,1,0,1,0,1,0,1,0,1,0,0,1,1,0,0,0,0
1122-JWTJW,0,-1.2816237461508113,0.18981109409425545,-0.9793915172158645,1,1,1,1,0,0,1,0,0,0,0,0,0,0,0,0,0,0,0,0,0,0,1,0,0,1,1
1017-FBQMM,0,1.2014260790034217,1.3645080976998696,1.9328096858147121,0,1,1,1,0,1,1,0,0,0,0,1,0,0,0,1,0,1,0,1,1,0,1,1,0,0,0
3736-BLEPA,0,-0.1825689055087738,0.873391836305432,0.08005374431014338,1,0,0,1,0,0,1,0,0,0,0,1,0,0,0,1,0,1,0,0,1,0,1,0,0,0,0
5828-DWPIL,1,1.2014260790034217,0.8020472442785371,1.4563447053720997,1,1,0,1,0,1,1,0,0,1,0,1,0,1,0,0,0,0,0,0,0,0,1,0,1,0,0
3470-BTGQO,0,-0.4675090493789317,-0.6397771852882409,-0.57791752337443,1,0,1,1,0,0,0,0,0,0,0,0,0,0,0,0,0,0,0,0,0,0,0,0,0,1,0
9825-YCXWZ,1,0.346605647392948,1.2002496183821352,0.7529310072822458,0,0,0,1,0,0,1,0,0,0,0,0,0,1,0,1,0,1,0,1,1,0,1,0,0,0,0
7326-RIGQZ,0,-1.0780950719578415,0.1616050925952503,-0.8445131150854089,1,1,1,1,0,0,1,0,0,0,0,0,0,0,0,0,0,0,0,0,0,0,1,0,1,0,0
4554-YGZIH,1,0.6722515261016999,0.8335715988950722,0.9860923857047019,1,1,0,1,0,1,1,0,0,0,0,1,0,0,0,0,0,0,0,1,0,0,0,1,0,0,1
8849-PRIQJ,0,1.4049547531963917,1.4756729271371243,2.18662871013638,0,1,1,1,0,1,1,0,0,1,0,0,0,1,0,1,0,1,0,1,1,0,1,0,1,0,0
0853-NWIFK,0,0.5094285867473239,1.1737027934418955,0.9583000587032114,0,0,0,1,0,0,1,0,0,1,0,1,0,0,0,0,0,1,0,1,1,0,1,0,1,0,0
2146-EGVDT,0,1.0793088744876398,-1.5141632317573919,-0.48674727531977785,1,1,1,1,0,0,0,1,1,0,1,0,1,0,1,0,1,0,1,0,0,1,0,1,0,0,0
3186-BAXNB,0,-1.2816237461508113,0.888324425334317,-0.9701493610802979,0,0,0,1,0,0,1,0,0,0,0,1,0,0,0,1,0,1,0,0,0,0,0,0,1,0,1
4815-YOSUK,0,1.6084834273893616,1.326347036848275,2.2989834728485663,1,1,1,1,0,1,1,0,0,1,0,1,0,1,0,1,0,0,0,1,1,0,1,1,0,0,0
7558-IMLMT,0,1.4049547531963917,-1.464387934994442,-0.3905059154662756,1,1,1,1,0,0,0,1,1,0,1,0,1,0,1,0,1,0,1,0,0,1,1,0,0,1,0
1051-EQPZR,0,0.46872285190873,-1.5042081724048018,-0.6678364581280671,0,1,1,1,0,0,0,1,1,0,1,0,1,0,1,0,1,0,1,0,0,0,0,0,0,1,0
9214-EKVXR,0,-1.2816237461508113,-0.6945300117274855,-0.9910923942236011,0,0,0,1,0,0,0,0,0,0,0,0,0,0,0,0,0,0,0,0,0,0,1,0,0,1,0
2172-EJXVF,1,1.5677776925507676,1.359530568023575,2.292156131855309,0,0,0,1,0,1,1,0,0,0,0,1,0,1,0,0,0,1,0,1,1,0,1,0,1,0,0
3420-ZDBMA,1,-1.1188008067964355,0.21635791903449522,-0.8472572232016697,1,0,0,1,0,0,1,0,0,0,0,0,0,0,0,0,0,0,0,0,0,0,1,0,0,1,0
4827-LTQRJ,1,1.3642490183577978,1.5154931645474838,2.155565406260307,0,1,1,1,0,1,1,0,0,1,0,1,0,0,0,1,0,1,0,1,1,0,1,1,0,0,0
0674-DGMAQ,1,-0.019745966154397852,0.9480547814498567,0.2939405073239829,1,1,0,1,0,1,1,0,0,0,0,1,0,1,0,0,0,0,0,1,0,0,1,0,1,0,0
4568-KNYWR,0,0.7943687306174818,-0.05574703660296358,0.45711615234932085,1,0,0,1,0,0,0,0,0,1,0,1,0,0,0,0,0,1,0,0,0,1,1,1,0,0,0
6982-SSHFK,0,-1.2816237461508113,-0.6812565992573657,-0.9909167713041603,1,0,0,1,0,0,0,0,0,0,0,0,0,0,0,0,0,0,0,0,0,0,0,0,0,1,1
7542-CYDDM,0,-0.5896262538947137,-1.4892755833759168,-0.8530088738133526,1,0,0,1,0,0,0,1,1,0,1,0,1,0,1,0,1,0,1,0,0,0,0,0,0,1,0
2430-RRYUW,0,1.3642490183577978,-0.33614787503424737,0.5112299644019858,1,0,0,1,0,0,0,0,0,1,0,1,0,0,0,0,0,0,0,0,1,0,1,0,0,1,0
9948-YPTDG,0,0.22448844287716607,0.48182616843689396,0.3124906781899066,1,1,0,1,0,0,1,0,0,1,0,1,0,0,0,0,0,0,0,0,0,0,1,0,1,0,1
6967-QIQRV,0,-0.7117434584104956,1.2267964433223755,-0.27839263426832034,1,1,1,1,0,0,1,0,0,1,0,0,0,0,0,1,0,1,0,1,1,0,0,0,1,0,0
0572-ZJKLT,0,0.5501343215859179,1.152133498177951,1.0225121886237165,0,1,1,1,0,1,1,0,0,1,0,0,0,1,0,1,0,0,0,1,0,1,0,0,0,1,0
4837-QUSFT,0,1.3235432835192036,1.1687252637656007,1.9064662478986074,0,1,0,1,0,1,1,0,0,1,0,1,0,0,0,1,0,1,0,0,1,0,1,0,0,0,0
3118-UHVVQ,0,1.4456604880349857,-1.2984702791179428,-0.1711528890848444,0,1,0,1,0,1,0,1,1,0,1,0,1,0,1,0,1,0,1,0,0,1,0,1,0,0,0
3644-QXEHN,0,-0.7931549280876836,1.064197140563406,-0.4245109032429807,1,1,1,1,0,0,1,0,0,0,0,0,0,1,0,0,0,1,0,1,0,0,0,0,1,0,0
1450-GALXR,0,-0.9152721326034655,1.113972437326356,-0.5457785291167824,0,0,0,1,0,1,1,0,0,0,0,0,0,0,0,1,0,1,0,1,0,0,1,0,1,0,1
0428-AXXLJ,0,-0.30468611002455576,-1.5075265255223318,-0.7837256320939975,1,0,0,1,0,0,0,1,1,0,1,0,1,0,1,0,1,0,1,0,1,0,1,0,0,0,0
7554-NEWDD,0,-0.9152721326034655,-1.3017886322354726,-0.8999440990338791,1,0,0,1,0,1,0,1,1,0,1,0,1,0,1,0,1,0,1,0,0,1,0,0,0,0,0
4707-MAXGU,0,1.6084834273893616,-1.2968111025591778,-0.1884078409198929,1,1,0,1,0,1,0,1,1,0,1,0,1,0,1,0,1,0,1,0,0,1,0,1,0,0,0
4026-SKKHW,0,-1.2002122764736234,-0.4871329418818615,-0.9435424887850321,1,0,0,1,0,0,0,0,0,0,0,0,0,0,0,1,0,0,0,0,0,0,1,0,0,1,0
1251-KRREG,0,-1.2409180113122174,-0.34942128750436724,-0.9603144775916188,1,0,0,1,0,1,0,0,0,0,0,1,0,0,0,0,0,0,0,0,0,0,1,0,0,1,1
6516-NKQBO,0,0.22448844287716607,0.5332606417586087,0.3440369450944419,1,1,1,1,0,0,0,0,0,1,0,0,0,1,0,1,0,1,0,1,0,1,0,1,0,0,0
4683-WYDOU,0,1.2014260790034217,1.4159425710215843,2.024660472682197,1,1,0,1,0,1,1,0,0,0,0,0,0,1,0,1,0,1,0,1,0,1,1,0,0,0,0
2460-NGXBJ,1,-0.8745663977648716,0.34079616094186965,-0.6700097917561457,1,1,1,1,0,1,1,0,0,0,0,0,0,0,0,0,0,0,0,0,0,0,1,1,0,0,0
6204-IEUXJ,0,-1.2002122764736234,0.5033954637008385,-0.9148940000512683,0,0,0,1,0,0,1,0,0,0,0,0,0,1,0,1,0,0,0,0,0,0,0,1,0,0,1
7614-QVWQL,0,0.6722515261016999,-0.4356984685601469,0.10534344470960379,1,1,1,0,1,0,0,0,0,0,0,1,0,0,0,0,0,1,0,1,1,0,1,0,0,0,1
5696-EXCYS,0,-0.6303319887333076,-1.5091857020810966,-0.8483768193131042,1,0,0,1,0,0,0,1,1,0,1,0,1,0,1,0,1,0,1,0,0,1,0,1,0,0,0
1614-JBEBI,0,-0.9966836022806536,-1.4677062881119718,-0.9499966310744778,0,0,0,1,0,0,0,1,1,0,1,0,1,0,1,0,1,0,1,0,0,0,1,0,0,1,0
6844-DZKRF,0,-1.2409180113122174,-0.4887921184406264,-0.9624439054898373,1,0,0,1,0,0,0,0,0,0,0,0,0,0,0,1,0,0,0,0,0,0,1,1,0,0,0
0772-GYEQQ,0,-1.2002122764736234,0.7771595958970623,-0.8953559502634908,1,0,0,1,0,0,1,0,0,0,0,0,0,1,0,1,0,1,0,0,0,0,1,0,0,1,1
8058-JMEQO,1,-0.9559778674420595,0.6477438243133932,-0.675629725178248,0,0,0,1,0,1,1,0,0,0,0,0,0,0,0,0,0,0,0,1,0,0,1,0,1,0,1
4589-IUAJB,0,1.5270719577121736,-1.3499047524396575,-0.2534102739778811,1,1,0,1,0,1,0,1,1,0,1,0,1,0,1,0,1,0,1,0,0,1,0,0,0,0,0
8947-YRTDV,0,-0.019745966154397852,0.9911933719777464,0.36451896807421325,1,1,1,1,0,0,1,0,0,1,0,1,0,1,0,0,0,0,0,1,1,0,0,0,0,1,0
7611-YKYTC,0,-0.4268033145403377,0.3341594547068096,-0.319356680227863,1,1,1,1,0,0,1,0,0,1,0,0,0,0,0,0,0,0,0,0,0,0,0,0,0,0,0
3423-HHXAO,0,-0.7524491932490895,-1.5075265255223318,-0.8909873301424034,0,1,1,1,0,0,0,1,1,0,1,0,1,0,1,0,1,0,1,0,1,0,1,0,0,1,0
3703-VAVCL,0,-1.2409180113122174,0.8319124223363072,-0.9269680757628163,1,1,1,1,0,0,1,0,0,0,0,0,0,1,0,1,0,0,0,1,0,0,0,1,0,0,1
2072-ZVJJX,0,1.4456604880349857,-1.3167212212643575,-0.251632091918544,1,1,0,1,0,1,0,1,1,0,1,0,1,0,1,0,1,0,1,0,0,1,0,0,0,0,0
7817-OMJNA,0,-0.7524491932490895,-1.477661347464562,-0.889362818137577,1,0,0,1,0,0,0,1,1,0,1,0,1,0,1,0,1,0,1,0,1,0,0,0,0,0,0
5091-HFAZW,0,-1.2409180113122174,0.8700734831879022,-0.9364297605476839,0,0,0,1,0,0,1,0,0,1,0,1,0,0,0,0,0,1,0,0,0,0,1,0,1,0,0
1981-INRFU,0,-1.2409180113122174,0.4917812277894838,-0.9381859897420909,0,0,0,1,0,0,1,0,0,0,0,0,0,0,0,0,0,1,0,0,0,0,1,0,1,0,1
6821-JPCDC,0,0.631545791263106,1.065856317122171,1.050063034110976,0,1,0,1,0,0,1,0,0,0,0,1,0,1,0,0,0,1,0,1,1,0,1,0,1,0,0
3144-AUDBS,0,-1.0780950719578415,-0.5236348261746914,-0.8915141989007256,0,1,0,1,0,0,0,0,0,0,0,0,0,0,0,1,0,0,0,0,0,0,1,0,1,0,1
7142-HVGBG,1,0.428017117070136,1.2632983276152052,0.9277197178556001,1,1,0,1,0,1,1,0,0,0,0,1,0,1,0,0,0,1,0,1,0,0,1,0,1,0,1
1866-NXPSP,0,0.14307697319997809,0.3524103968532244,0.16632850348538605,0,0,0,1,0,0,0,0,0,1,0,1,0,1,0,1,0,0,0,1,1,0,1,0,0,1,0
2003-CKLOR,0,1.3642490183577978,1.1471559685016557,1.9358830869049244,1,0,0,1,0,0,1,0,0,0,0,1,0,1,0,0,0,1,0,1,0,0,0,0,1,0,1
1930-WNXSB,0,1.0386031396490458,0.9264854861859115,1.3188100065851034,1,1,1,1,0,0,1,0,0,0,0,1,0,0,0,0,0,1,0,1,0,0,1,0,1,0,0
0634-SZPQA,0,-0.38609757970174374,0.8335715988950722,-0.057744388856013885,0,0,0,1,0,1,1,0,0,1,0,0,0,0,0,0,0,1,0,0,0,0,1,0,0,0,1
5419-JPRRN,0,-1.2816237461508113,1.2118638542934905,-0.9658685524189309,1,0,0,1,0,1,1,0,0,0,0,0,0,1,0,0,0,1,0,1,0,0,1,0,1,0,1
0829-DDVLK,0,-0.7117434584104956,-1.4876164068171518,-0.8776180353999803,0,0,0,1,0,0,0,1,1,0,1,0,1,0,1,0,1,0,1,0,1,0,0,1,0,0,0
9028-LIHRP,0,1.5677776925507676,1.1703844403243657,2.1547531502578936,1,1,1,1,0,0,1,0,0,1,0,1,0,1,0,1,0,1,0,0,0,1,0,1,0,0,0
5429-LWCMV,0,-0.8338606629262776,0.8037064208373025,-0.5460858692258036,0,0,0,1,0,1,1,0,0,0,0,1,0,0,0,0,0,0,0,1,0,0,1,0,1,0,0
2833-SLKDQ,0,-1.2816237461508113,-0.6596873039934208,-0.9906313840600691,1,0,0,1,0,0,0,0,0,0,0,0,0,0,0,0,0,0,0,0,0,0,0,0,0,1,1
0423-UDIJQ,1,-0.9559778674420595,-0.5219756496159262,-0.8137571513183567,1,0,0,1,0,0,0,0,0,0,0,0,0,0,0,1,0,0,0,0,0,0,0,0,0,1,0
3373-DIUUN,0,-0.10115743583158582,-1.449455345965557,-0.6978460244874962,1,1,1,1,0,0,0,1,1,0,1,0,1,0,1,0,1,0,1,0,0,1,0,0,0,1,0
4958-XCBDQ,1,0.1023712383613841,1.2102046777347255,0.5246651177391993,1,0,0,1,0,1,1,0,0,0,0,0,0,1,0,0,0,1,0,1,0,0,1,0,1,0,1
3126-WQMGH,0,0.6722515261016999,-0.42408423264879186,0.1240033799001779,0,1,0,1,0,1,0,0,0,0,0,0,0,0,0,0,0,0,0,0,0,0,1,1,0,0,0
4891-NLUBA,0,1.1607203441648277,-0.1154773927185032,0.6365588702878537,0,1,1,0,1,0,0,0,0,0,0,1,0,1,0,1,0,1,0,1,0,1,1,0,0,0,0
2535-PBCGC,0,1.5270719577121736,-0.01260844607507388,0.9674983091089179,0,1,0,0,1,0,0,0,0,1,0,1,0,1,0,1,0,1,0,1,0,1,0,0,0,0,0
2968-SSGAA,0,-0.9152721326034655,1.1836578527944854,-0.5449223673845089,0,0,0,1,0,1,1,0,0,0,0,0,0,1,0,0,0,1,0,1,0,0,1,0,1,0,1
9838-BFCQT,0,1.6084834273893616,-1.2885152197653527,-0.1975182798658791,1,1,1,1,0,1,0,1,1,0,1,0,1,0,1,0,1,0,1,0,0,1,0,0,0,1,0
8050-XGRVL,0,1.2014260790034217,-0.3378070515930122,0.4935140024034055,0,1,1,1,0,0,0,0,0,1,0,0,0,1,0,0,0,0,0,0,1,0,0,1,0,0,0
1767-TGTKO,0,-0.9966836022806536,-0.6464138915233006,-0.8296290726628097,0,1,1,1,0,0,0,0,0,0,0,0,0,0,0,0,0,0,0,0,0,0,1,0,1,0,0
4234-XTNEA,0,-1.2409180113122174,0.4984179340245439,-0.9338173696210036,1,0,0,1,0,0,1,0,0,0,0,0,0,0,0,0,0,1,0,0,0,0,1,0,1,0,0
0280-XJGEX,0,0.6722515261016999,1.2865267994379153,1.2008133575858848,1,0,0,1,0,1,1,0,0,0,0,1,0,1,0,0,0,1,0,1,0,0,1,0,0,0,1
8393-JMVMB,0,-1.2816237461508113,-1.5091857020810966,-1.001871250904274,1,0,0,1,0,0,0,1,1,0,1,0,1,0,1,0,1,0,1,0,0,0,0,0,0,1,0
7011-CVEUC,0,-0.30468611002455576,1.0210585500355165,0.01625871882330992,1,1,0,1,0,0,1,0,0,0,0,0,0,0,0,1,0,1,0,1,0,0,1,1,0,0,0
1676-MQAOA,0,1.6084834273893616,0.3374778078243394,1.332552500031338,1,0,0,1,0,0,0,0,0,1,0,1,0,1,0,1,0,1,0,0,0,1,1,0,0,0,0
4450-YOOHP,0,0.26519417771576004,-0.47385952941174164,-0.173831138606315,0,0,0,0,1,0,0,0,0,0,0,0,0,1,0,0,0,1,0,1,0,0,1,1,0,0,0
7159-FVYPK,0,-1.2002122764736234,0.14003579733130567,-0.907232450190668,0,1,1,1,0,1,0,0,0,0,0,1,0,1,0,0,0,1,0,0,0,0,1,0,0,0,0
5502-RLUYV,0,1.4863662228735797,1.2948226822317401,2.2592048815952483,0,1,1,1,0,1,1,0,0,0,0,1,0,1,0,0,0,1,0,1,0,0,1,0,1,0,1
8573-CGOCC,0,-0.6710377235719016,-1.4992306427285067,-0.8809329180044234,1,0,0,1,0,0,0,1,1,0,1,0,1,0,1,0,1,0,1,0,0,0,0,1,0,0,0
4198-VFOEA,0,-0.8338606629262776,-1.0396387359506039,-0.8192234146859484,0,0,0,0,1,0,0,0,0,1,0,0,0,0,0,1,0,0,0,0,1,0,1,0,0,1,0
9803-FTJCG,0,1.5677776925507676,0.06371367562811567,1.0745404785080233,1,1,1,1,0,1,0,0,0,1,0,1,0,0,0,1,0,0,0,0,1,0,1,1,0,0,0
0208-BPQEJ,0,-0.8338606629262776,-1.5108448786398618,-0.9234336645090724,0,1,1,1,0,0,0,1,1,0,1,0,1,0,1,0,1,0,1,0,0,0,0,0,0,0,0
4119-ZYPZY,1,1.5677776925507676,1.3893957460813444,2.3366106833387357,1,0,0,1,0,1,1,0,0,0,0,1,0,0,0,1,0,1,0,1,0,1,1,0,1,0,0
2725-IWWBA,0,0.5501343215859179,-0.26646245956611764,0.11361967478824661,1,1,1,1,0,0,0,0,0,1,0,0,0,1,0,1,0,0,0,0,1,0,0,0,0,1,0
0244-LGNFY,0,1.6084834273893616,0.919848779950852,1.9457618761234636,0,1,1,1,0,1,0,0,0,1,0,1,0,1,0,1,0,1,0,1,0,1,0,0,0,0,0
6202-DYYFX,0,-0.4268033145403377,0.3673429858821094,-0.22730831757600747,0,0,0,1,0,1,1,0,0,0,0,0,0,0,0,0,0,0,0,0,1,0,1,1,0,0,0
2043-WVTQJ,0,-1.2816237461508113,-0.3062826969764773,-0.9859554238299607,1,1,0,1,0,0,0,0,0,1,0,0,0,1,0,0,0,0,0,0,0,0,0,0,0,1,0
0675-NCDYU,0,1.6084834273893616,1.7079576453642233,2.7405653509172705,0,1,1,1,0,1,1,0,0,1,0,1,0,1,0,1,0,1,0,1,0,1,1,1,0,0,0
0484-JPBRU,0,0.346605647392948,-1.3167212212643575,-0.57291227017037,1,0,0,1,0,1,0,1,1,0,1,0,1,0,1,0,1,0,1,0,0,0,1,0,0,0,0
0691-JVSYA,0,0.8350744654560759,0.9928525485365113,1.1849633891063618,0,1,0,1,0,0,1,0,0,0,0,0,0,1,0,0,0,1,0,1,1,0,1,0,0,0,1
7182-OVLBJ,0,1.2014260790034217,1.2019087949409006,1.9042051028108087,0,1,1,1,0,1,1,0,0,1,0,0,0,0,0,0,0,1,0,1,0,1,1,0,0,0,0
3158-MOERK,0,-1.2409180113122174,1.0310136093881064,-0.9336636995664929,0,0,0,1,0,1,1,0,0,0,0,0,0,0,0,0,0,1,0,1,0,0,1,0,1,0,1
7710-JSYOA,0,1.4863662228735797,0.9414180752147966,1.7986996339568095,0,1,1,1,0,1,1,0,0,0,0,1,0,0,0,1,0,0,0,1,0,1,1,0,0,0,0
8229-TNIQA,0,-1.1595065416350294,-0.6513914211995958,-0.9239385804024643,0,0,0,1,0,0,0,0,0,0,0,0,0,0,0,0,0,0,0,0,0,0,1,0,0,1,1
5778-BVOFB,0,-0.9559778674420595,-0.180185278510338,-0.7776885942382235,0,0,0,1,0,0,0,0,0,0,0,0,0,0,0,1,0,1,0,0,0,0,1,0,0,0,0
4890-VMUAV,0,1.2421318138420157,0.21801709559326013,0.9988470002290827,1,0,0,1,0,1,0,0,0,1,0,1,0,1,0,1,0,0,0,0,1,0,0,0,1,0,0
0224-HJAPT,0,-1.1188008067964355,-0.5900018885252911,-0.9124352791790986,1,0,0,1,0,1,0,0,0,0,0,0,0,0,0,0,0,0,0,0,0,0,0,0,1,0,1
8402-OOOHJ,0,0.346605647392948,-1.469365464670737,-0.6437322124348314,0,0,0,1,0,0,0,1,1,0,1,0,1,0,1,0,1,0,1,0,0,1,0,0,0,1,0
5380-AFSSK,0,-1.1188008067964355,0.9613281939199768,-0.7966558695378188,0,0,0,1,0,1,1,0,0,0,0,0,0,0,0,0,0,1,0,1,0,0,1,0,0,1,1
4929-XIHVW,1,-1.2409180113122174,1.0144218438004564,-0.930656157071071,1,1,0,1,0,0,1,0,0,0,0,0,0,1,0,0,0,1,0,1,0,0,1,1,0,0,0
6603-YRDCJ,0,0.020959768684196134,-0.12875080518862334,-0.12421766386431794,1,1,0,1,0,0,0,0,0,1,0,1,0,0,0,1,0,0,0,0,0,1,1,0,0,1,0
1663-MHLHE,0,-1.2816237461508113,-1.5174815848749215,-1.0019810152289244,1,0,0,1,0,0,0,1,1,0,1,0,1,0,1,0,1,0,1,0,0,0,0,0,0,1,0
5044-XDPYX,0,0.7536629957788878,-1.3084253384705327,-0.44786875152859346,0,1,0,1,0,1,0,1,1,0,1,0,1,0,1,0,1,0,1,0,0,1,0,0,0,1,0
7234-FECYN,1,-0.9966836022806536,1.2085455011759603,-0.6677266938034166,0,0,0,1,0,1,1,0,0,0,0,0,0,1,0,0,0,1,0,1,0,0,0,0,1,0,1
3070-DVEYC,1,-1.0373893371192475,0.2926800407376848,-0.7710588290293371,1,0,0,1,0,1,1,0,0,0,0,0,0,0,0,0,0,0,0,0,0,0,0,0,0,1,1
2369-UAPKZ,0,-1.1188008067964355,1.2998002119080347,-0.7724857652497927,1,0,0,1,0,1,1,0,0,0,0,1,0,1,0,0,0,1,0,1,0,0,0,0,0,1,1
6086-ESGRL,0,-1.2816237461508113,0.505054640259604,-0.9752204728791479,0,0,0,1,0,0,1,0,0,0,0,0,0,0,0,0,0,0,0,1,0,0,0,1,0,0,1
4081-DYXAV,0,-0.5489205190561197,-0.6663240102284806,-0.6180912661964896,0,0,0,0,1,0,0,0,0,0,0,0,0,0,0,0,0,1,0,1,1,0,1,1,0,0,1
6907-NZZIJ,0,0.14307697319997809,1.135541732590301,0.5770446534623872,0,0,0,1,0,1,1,0,0,0,0,1,0,0,0,0,0,1,0,1,0,0,1,0,1,0,1
6094-ZIVKX,0,1.4456604880349857,-0.3477621109456021,0.6031027041344007,0,0,0,1,0,0,0,0,0,1,0,0,0,1,0,0,0,0,0,0,1,0,1,1,0,0,0
0420-HLGXF,1,0.26519417771576004,1.1554518512954808,0.7616243417945604,0,0,0,1,0,1,1,0,0,0,0,0,0,1,0,0,0,1,0,1,0,0,1,0,1,0,0
8010-EZLOU,1,-0.7117434584104956,0.5067138168183688,-0.47596841863910505,1,0,0,1,0,1,1,0,0,0,0,1,0,0,0,0,0,0,0,0,0,0,1,0,1,0,1
0640-YJTPY,0,1.6084834273893616,-1.457751228759382,-0.35456907557572287,1,1,1,1,0,0,0,1,1,0,1,0,1,0,1,0,1,0,1,0,0,1,0,0,0,0,0
1976-AZZPJ,0,-1.0373893371192475,-1.0197286172454239,-0.8977488125408704,1,1,0,0,1,0,0,0,0,1,0,1,0,0,0,0,0,0,0,0,0,0,0,0,0,1,0
5846-ABOBJ,0,1.5677776925507676,-1.3432680462045974,-0.25055640153696973,1,1,0,1,0,1,0,1,1,0,1,0,1,0,1,0,1,0,1,0,0,1,0,0,0,0,0
7683-CBDKJ,0,-0.7524491932490895,0.01725673198269617,-0.5987507921930828,1,1,1,1,0,0,0,0,0,1,0,1,0,0,0,0,0,1,0,0,0,0,1,0,1,0,1
4623-ZKHLY,0,-0.4268033145403377,-1.4760021709057967,-0.8033734462064255,1,1,0,1,0,0,0,1,1,0,1,0,1,0,1,0,1,0,1,0,0,0,1,0,0,0,0
6904-JLBGY,1,1.6084834273893616,1.7394819999807578,2.6935862199668836,0,0,0,1,0,1,1,0,0,1,0,1,0,1,0,1,0,1,0,1,0,1,1,1,0,0,0
1455-HFBXA,0,0.7943687306174818,0.8850060722167867,1.0214584511070726,1,1,0,1,0,1,1,0,0,1,0,0,0,1,0,1,0,0,0,0,0,1,1,1,0,0,0
8980-WQFWL,0,0.1023712383613841,-0.09390809745455836,-0.09010291176296252,0,0,0,1,0,0,0,0,0,0,0,0,0,1,0,0,0,0,0,1,0,0,1,0,1,0,0
3170-NMYVV,0,0.7129572609402939,-1.4859572302583868,-0.6016924760937143,0,1,1,1,0,0,0,1,1,0,1,0,1,0,1,0,1,0,1,0,0,1,0,0,0,0,0
8468-EHYJA,0,0.9978974048104517,1.152133498177951,1.4031090079166384,0,1,0,1,0,1,1,0,0,1,0,0,0,0,0,0,0,1,0,1,0,0,1,0,1,0,0
8561-NMTBD,0,1.4049547531963917,1.5735643441042586,2.2335419824919764,0,1,1,1,0,1,1,0,0,0,0,1,0,1,0,1,0,1,0,1,1,0,1,1,0,0,0
6416-YJTTB,0,-0.8745663977648716,0.48348534499565887,-0.6610749757296003,1,0,0,1,0,0,1,0,0,1,0,0,0,1,0,0,0,0,0,0,0,0,1,0,0,0,0
9609-BENEA,0,0.1023712383613841,0.13505826765501053,0.061635290633800105,1,1,0,1,0,1,0,0,0,0,0,1,0,0,0,1,0,1,0,0,1,0,1,0,1,0,0
6513-EECDB,1,-1.2816237461508113,0.2860433345026247,-0.9781182510499195,1,1,0,1,0,1,1,0,0,0,0,0,0,0,0,0,0,0,0,0,0,0,1,0,1,0,1
3002-WQZWT,0,-0.1418631706701798,0.3076126297665698,-0.13525995492415185,0,0,0,1,0,1,1,0,0,0,0,0,0,0,0,0,0,0,0,0,0,0,1,0,1,0,0
5918-VUKWP,0,-0.019745966154397852,-1.472683817788267,-0.7230259605623064,0,0,0,1,0,0,0,1,1,0,1,0,1,0,1,0,1,0,1,0,1,0,0,0,0,0,0
4827-USJHP,0,-0.5082147842175256,-0.4356984685601469,-0.5608821001886823,1,0,0,1,0,0,0,0,0,0,0,1,0,0,0,0,0,0,0,0,0,0,1,0,0,1,0
1431-CYWMH,0,-0.4268033145403377,-1.5224591145512167,-0.811056948931956,0,1,1,1,0,0,0,1,1,0,1,0,1,0,1,0,1,0,1,0,0,0,0,0,0,0,0
3943-KDREE,0,-0.2639803751859618,0.33250027814804467,-0.20476272529280787,0,0,0,1,0,1,1,0,0,0,0,0,0,0,0,0,0,0,0,0,0,0,1,0,0,0,1
7771-ZONAT,0,-0.4268033145403377,-0.2714399892424126,-0.43750699928159237,1,0,0,0,1,0,0,0,0,0,0,0,0,1,0,1,0,1,0,1,0,1,0,0,0,0,0
6010-DDPPW,0,1.5270719577121736,-1.3200395743818876,-0.15826655737088327,1,1,0,1,0,1,0,1,1,0,1,0,1,0,1,0,1,0,1,0,0,1,0,0,0,0,0
2211-RMNHO,0,1.4456604880349857,0.6759498258123978,1.430747664863618,0,1,1,1,0,1,0,0,0,0,0,1,0,1,0,1,0,1,0,1,0,1,0,0,0,0,0
8563-OYMQY,0,-0.6303319887333076,0.8634367769528422,-0.3025627385563463,1,0,0,1,0,0,1,0,0,0,0,1,0,1,0,0,0,0,0,1,0,0,1,1,0,0,0
4030-VPZBD,0,-1.2409180113122174,-1.1292342701239135,-0.9844845818796447,0,0,0,0,1,0,0,0,0,0,0,0,0,0,0,1,0,0,0,0,0,0,1,0,1,0,1
6974-DAFLI,0,0.9164859351332638,-1.5008898192872717,-0.5098636420911598,0,1,0,1,0,0,0,1,1,0,1,0,1,0,1,0,1,0,1,0,1,0,0,0,1,0,0
6807-SIWJI,0,0.22448844287716607,1.3246878602895098,0.696314568627551,1,0,0,1,0,1,1,0,0,1,0,1,0,0,0,0,0,1,0,1,1,0,1,0,1,0,0
8259-NFJTV,0,-1.0373893371192475,-1.0047960282165391,-0.9021393855268878,0,1,1,0,1,0,0,0,0,1,0,0,0,0,0,1,0,0,0,0,0,0,0,0,0,1,0
4439-JMPMT,0,-1.1188008067964355,0.6908824148412829,-0.8036368805855865,0,1,1,1,0,0,1,0,0,0,0,0,0,0,0,1,0,1,0,0,0,0,1,0,1,0,1
5229-DTFYB,0,0.346605647392948,1.1239274966789456,0.7278827883970164,0,0,0,1,0,0,1,0,0,0,0,1,0,0,0,1,0,1,0,1,0,1,1,0,0,0,0
6652-YFFJO,0,-0.8745663977648716,-0.0009942101637186523,-0.696001983833369,0,0,0,1,0,0,0,0,0,0,0,0,0,0,0,0,0,1,0,1,0,0,1,0,1,0,0
5197-LQXXH,0,1.5677776925507676,0.6095827634617982,1.5776123312459014,0,1,0,1,0,1,0,0,0,0,0,1,0,1,0,1,0,1,0,1,0,1,1,1,0,0,0
6360-SVNWV,1,-0.06045170099299184,0.2860433345026247,-0.09073954484593498,0,0,0,1,0,0,1,0,0,1,0,0,0,0,0,0,0,0,0,0,0,0,1,1,0,0,0
6258-PVZWJ,0,1.4456604880349857,0.858459247276547,1.7569013791299235,1,1,0,1,0,1,0,0,0,1,0,1,0,1,0,1,0,1,0,1,0,1,1,1,0,0,0
1937-OTUKY,0,1.6084834273893616,1.104017377973766,2.069971185897897,0,1,0,1,0,1,1,0,0,1,0,0,0,1,0,1,0,1,0,0,0,1,1,0,0,0,0
1904-WAJAA,0,-0.3453918448631497,-0.019245152310133944,-0.3260742568964697,0,1,1,1,0,1,0,0,0,1,0,1,0,1,0,0,0,0,0,0,0,1,0,0,1,0,0
4078-SAYYN,0,-0.8745663977648716,1.1886353824707805,-0.5143859322667577,0,0,0,1,0,1,1,0,0,0,0,0,0,1,0,0,0,1,0,1,0,0,1,0,1,0,1
0541-FITGH,0,-1.2409180113122174,-0.09224892089579345,-0.9607535348902205,0,1,0,1,0,0,0,0,0,1,0,0,0,0,0,0,0,0,0,1,0,0,1,0,0,1,0
1320-GVNHT,0,1.6084834273893616,1.4424893959618246,2.399856887202317,1,1,1,1,0,1,1,0,0,1,0,1,0,1,0,0,0,1,0,1,0,1,1,1,0,0,0
1563-IWQEX,0,-0.8338606629262776,-1.5008898192872717,-0.9136646396151835,0,0,0,1,0,0,0,1,1,0,1,0,1,0,1,0,1,0,1,0,0,0,0,0,0,1,0
3282-ZISZV,0,-0.019745966154397852,0.6228561759319183,0.14575866904589438,1,0,1,1,0,1,0,0,0,0,0,1,0,1,0,1,0,1,0,1,1,0,0,1,0,0,0
1977-STDKI,1,-1.2816237461508113,0.2677923923562099,-0.9783597325641504,0,0,0,1,0,0,1,0,0,0,0,1,0,0,0,0,0,0,0,0,0,0,1,0,1,0,1
8044-BGWPI,0,-0.8338606629262776,-1.452773699083087,-0.876037429125014,1,1,1,1,0,0,0,1,1,0,1,0,1,0,1,0,1,0,1,0,0,0,1,0,1,0,0
9600-NAXZN,0,0.428017117070136,1.2102046777347255,0.9776405327066183,1,0,0,1,0,1,1,0,0,0,0,1,0,0,0,0,0,1,0,1,0,0,1,0,1,0,1
6828-HMKWP,0,-0.8338606629262776,-1.456092052200617,-0.8953559502634908,1,1,1,1,0,0,0,1,1,0,1,0,1,0,1,0,1,0,1,0,0,1,0,0,0,0,0
2812-ENYMO,0,-0.2639803751859618,-0.3444437578280723,-0.4120416759626912,1,0,0,0,1,0,0,0,0,1,0,0,0,0,0,1,0,1,0,1,1,0,0,1,0,0,0
1640-PLFMP,0,-1.2816237461508113,0.17653768162413533,-0.9795671401353052,0,0,0,1,0,0,1,0,0,0,0,0,0,0,0,0,0,0,0,0,0,0,1,0,1,0,0
8785-EPNCG,0,-0.8745663977648716,-1.3864066367324874,-0.9027540657449302,1,0,0,1,0,1,0,1,1,0,1,0,1,0,1,0,1,0,1,0,0,0,0,1,0,0,1
7622-NXQZR,0,-0.1825689055087738,-1.1557810950641534,-0.6544013047908538,1,0,0,0,1,0,0,0,0,0,0,0,0,0,0,1,0,0,0,0,0,0,1,1,0,0,0
8166-ZZTFS,1,1.3642490183577978,0.5183280527297236,1.3012696675059638,0,1,0,1,0,1,0,0,0,0,0,1,0,1,0,0,0,1,0,1,0,1,1,0,0,0,1
9909-IDLEK,0,-0.5082147842175256,1.057560434328346,-0.20838494800627225,1,1,1,1,0,1,1,0,0,0,0,1,0,0,0,1,0,1,0,0,0,0,0,0,0,1,0
6341-AEVKX,0,1.2014260790034217,1.3064369181430948,1.8933603875353453,0,1,0,1,0,0,1,0,0,1,0,0,0,1,0,1,0,1,0,1,1,0,1,0,1,0,0
1833-VGRUM,1,-1.2816237461508113,0.3076126297665698,-0.9778328638058285,0,0,0,1,0,1,1,0,0,0,0,0,0,0,0,0,0,0,0,0,0,0,1,0,1,0,1
7964-VEXDG,0,-0.4675090493789317,0.5116913464946635,-0.24329000324511088,1,0,1,1,0,1,1,0,0,1,0,0,0,0,0,0,0,0,0,0,0,0,0,0,1,0,0
9136-ALYBR,0,-1.2816237461508113,-1.3432680462045974,-0.9996759644112652,1,0,0,0,1,0,0,0,0,0,0,0,0,0,0,0,0,0,0,0,0,0,1,0,0,1,1
8465-SBRXP,0,0.22448844287716607,0.9945117250952766,0.5773300407064784,1,1,1,1,0,1,1,0,0,0,0,0,0,1,0,1,0,1,0,0,0,1,1,0,0,0,0
7989-VCQOH,0,-0.5896262538947137,0.6079235869030333,-0.30302374871987814,1,1,1,1,0,0,0,0,0,1,0,0,0,1,0,1,0,1,0,1,0,0,0,0,1,0,0
3154-HMWUU,0,1.1200146093262338,-1.4743429943470319,-0.48406902579830724,1,1,0,1,0,0,0,1,1,0,1,0,1,0,1,0,1,0,1,0,0,1,1,0,0,0,0
5504-WSIUR,0,1.5270719577121736,0.8402083051301322,1.7933870406437282,0,0,0,1,0,1,1,0,0,0,0,1,0,1,0,1,0,0,0,0,1,0,1,0,0,0,0
5996-EBTKM,0,1.4049547531963917,0.16492344571278056,1.0162336692537115,0,1,1,1,0,1,0,0,0,0,0,0,0,1,0,1,0,0,0,1,0,1,1,0,0,0,0
0568-ONFPC,0,-1.1188008067964355,-1.2951519260004127,-0.9511381800508424,1,1,1,1,0,1,0,1,1,0,1,0,1,0,1,0,1,0,1,0,0,0,1,0,0,0,1
0052-DCKON,0,1.3642490183577978,1.6880475266590431,2.476648008727762,1,1,0,1,0,1,1,0,0,1,0,1,0,1,0,1,0,1,0,1,1,0,0,0,0,0,0
8774-GSBUN,0,1.6084834273893616,-1.3117436915880627,-0.22138104404488393,1,1,0,1,0,1,0,1,1,0,1,0,1,0,1,0,1,0,1,0,0,1,0,0,0,1,0
6437-UDQJM,1,1.6084834273893616,0.6361295884020379,1.6808566550121011,0,1,0,1,0,1,0,0,0,1,0,1,0,1,0,0,0,1,0,1,0,1,1,1,0,0,0
3407-QGWLG,0,-1.2002122764736234,-1.4892755833759168,-0.9772840421825763,1,0,1,1,0,0,0,1,1,0,1,0,1,0,1,0,1,0,1,0,0,0,1,0,0,1,0
0442-TDYUO,0,0.631545791263106,-1.4892755833759168,-0.5555475540106711,1,1,0,1,0,0,0,1,1,0,1,0,1,0,1,0,1,0,1,0,0,1,1,0,0,1,0
6711-FLDFB,0,-1.0373893371192475,0.33084110158927976,-0.7728150582237441,0,0,0,1,0,1,1,0,0,0,0,0,0,0,0,0,0,0,0,0,0,0,1,0,1,0,1
0139-IVFJG,0,-1.2409180113122174,0.8435266582476619,-0.9267704999784455,0,1,0,1,0,0,1,0,0,1,0,1,0,0,0,0,0,1,0,0,0,0,0,0,1,0,0
4062-HBMOS,0,0.7943687306174818,1.26495750417397,1.3450436801765577,1,0,0,1,0,1,1,0,0,0,0,1,0,1,0,0,0,1,0,1,0,0,1,0,1,0,0
8577-QSOCG,0,0.22448844287716607,-1.4842980536996218,-0.6828522177402467,0,1,1,1,0,0,0,1,1,0,1,0,1,0,1,0,1,0,1,0,0,1,1,0,0,1,0
6585-WCEWR,0,1.6084834273893616,-1.4793205240233267,-0.41575171013587586,1,1,1,1,0,0,0,1,1,0,1,0,1,0,1,0,1,0,1,0,0,1,0,0,1,0,0
0709-TVGUR,1,-0.9559778674420595,0.3192268656779245,-0.7369221240630515,0,0,0,1,0,1,1,0,0,0,0,0,0,0,0,0,0,0,0,0,0,0,1,0,1,0,1
8755-OGKNA,0,0.9978974048104517,-1.5075265255223318,-0.4977676135146817,0,1,1,1,0,0,0,1,1,0,1,0,1,0,1,0,1,0,1,0,0,1,0,0,0,0,0
8082-GHXOP,0,-0.7931549280876836,-0.6945300117274855,-0.7209184855290179,1,0,1,1,0,0,0,0,0,0,0,0,0,0,0,0,0,0,0,0,0,0,0,0,0,1,0
8564-LDKFL,0,0.30589991255435406,1.3628489211411048,0.824255865440099,1,1,0,1,0,1,1,0,0,0,0,1,0,1,0,0,0,1,0,1,1,0,1,0,0,0,0
1839-FBNFR,0,0.26519417771576004,-1.4959122896109767,-0.6351047365173071,0,1,1,1,0,0,0,1,1,0,1,0,1,0,1,0,1,0,1,0,0,1,1,0,0,0,0
3336-JORSO,1,0.020959768684196134,1.510515634871189,0.5945410868116667,0,0,0,1,0,1,1,0,0,0,0,1,0,1,0,1,0,1,0,1,0,0,1,0,1,0,1
7601-DHFWZ,0,0.631545791263106,-1.3582006352334823,-0.4909841782512847,0,0,0,1,0,1,0,1,1,0,1,0,1,0,1,0,1,0,1,0,0,1,0,1,0,0,0
5143-EGQFK,1,-0.9152721326034655,-1.1707136840930383,-0.8824696185495295,0,0,0,0,1,0,0,0,0,0,0,0,0,0,0,1,0,0,0,0,0,0,1,0,1,0,1
3969-GYXEL,0,-0.8745663977648716,0.38061639835222955,-0.6421735590247952,0,0,0,1,0,0,1,0,0,1,0,0,0,0,0,0,0,0,0,0,0,0,0,0,1,0,0
3547-LQRIK,0,0.590840056424512,-1.261968394825113,-0.4612160934060865,0,1,0,1,0,1,0,1,1,0,1,0,1,0,1,0,1,0,1,0,1,0,0,0,1,0,0
8740-CRYFY,0,-1.2816237461508113,0.46523440284924406,-0.9757473416374701,1,0,0,1,0,0,1,0,0,0,0,0,0,0,0,0,0,1,0,0,0,0,1,0,1,0,1
7109-CQYUZ,0,0.7943687306174818,0.8070247739548323,1.032259260652675,1,0,0,1,0,1,0,0,0,1,0,1,0,1,0,1,0,1,0,1,0,1,1,0,0,1,0
0455-ENTCR,0,1.3642490183577978,0.6742906492536329,1.4212420743488905,1,1,0,1,0,1,0,0,0,1,0,1,0,0,0,1,0,1,0,1,0,1,0,0,1,0,0
7072-MBHEV,1,-0.8745663977648716,0.4370284013502389,-0.6306922106663596,0,1,1,1,0,1,1,0,0,0,0,0,0,1,0,0,0,0,0,0,0,0,1,1,0,0,0
7356-IWLFW,0,0.5501343215859179,0.5000771105833088,0.6447033831769159,1,1,1,1,0,1,1,0,0,0,0,1,0,0,0,0,0,0,0,0,0,0,1,0,0,0,0
5980-NOPLP,0,0.46872285190873,1.034331962505636,0.9056790414657927,0,1,0,1,0,1,1,0,0,0,0,0,0,0,0,0,0,1,0,1,0,0,1,0,1,0,1
5287-QWLKY,1,1.5677776925507676,1.3329837430833347,2.303637480213745,1,1,1,1,0,1,1,0,0,1,0,1,0,0,0,0,0,1,0,1,0,0,1,1,0,0,1
6214-EDAKZ,0,-0.4268033145403377,-0.32453363912289235,-0.4808858603834446,0,1,1,1,0,0,0,0,0,0,0,1,0,0,0,1,0,0,0,0,0,0,0,0,1,0,1
3082-YVEKW,0,-0.38609757970174374,0.40550404673370444,-0.2379335042021696,0,1,1,1,0,1,0,0,0,1,0,0,0,1,0,1,0,1,0,0,0,1,1,0,0,0,0
5385-SUIRI,1,0.7943687306174818,1.303118565025565,1.4344137933069427,1,1,0,1,0,1,1,0,0,1,0,0,0,1,0,0,0,1,0,1,0,0,1,0,1,0,1
2848-YXSMW,0,1.6084834273893616,-1.5108448786398618,-0.41186605304325047,1,1,1,1,0,0,0,1,1,0,1,0,1,0,1,0,1,0,1,0,0,1,0,1,0,0,0
2873-ZLIWT,0,0.30589991255435406,0.6610172367835129,0.43981729478441234,0,1,1,1,0,1,1,0,0,0,0,0,0,1,0,1,0,0,0,0,0,0,1,0,1,0,1
8905-IAZPF,0,1.4863662228735797,1.0193993734767515,1.950679317867803,0,1,0,1,0,0,1,0,0,0,0,1,0,0,0,0,0,1,0,1,1,0,1,1,0,0,0
4902-OHLSK,1,-0.1418631706701798,1.118949967002651,0.24650036621006444,0,0,0,1,0,1,1,0,0,0,0,0,0,0,0,1,0,1,0,1,0,0,0,0,1,0,1
3258-SYSWS,1,1.6084834273893616,1.6216804643084435,2.434344838007484,1,0,0,1,0,1,1,0,0,1,0,1,0,1,0,1,0,1,0,1,0,1,0,0,0,0,0
9699-UBQFS,1,0.428017117070136,0.9812383126251565,0.8146624634656511,0,1,0,1,0,1,1,0,0,1,0,1,0,0,0,0,0,1,0,0,0,0,1,0,1,0,0
6651-RLGGM,0,1.4049547531963917,-1.2818785135302928,-0.2688870437535925,1,1,1,1,0,1,0,1,1,0,1,0,1,0,1,0,1,0,1,0,0,1,0,0,0,1,0
5793-YOLJN,0,0.9164859351332638,-1.457751228759382,-0.4790198668643872,0,1,1,1,0,0,0,1,1,0,1,0,1,0,1,0,1,0,1,0,0,1,0,0,0,1,0
9668-PUGNU,0,1.5677776925507676,-1.3416088696458326,-0.21299504964159058,1,1,0,1,0,1,0,1,1,0,1,0,1,0,1,0,1,0,1,0,0,1,1,0,1,0,0
0357-NVCRI,0,-0.30468611002455576,-1.4892755833759168,-0.8033075876116351,0,0,1,1,0,0,0,1,1,0,1,0,1,0,1,0,1,0,1,0,0,0,0,1,0,0,0
5624-BQSSA,0,-1.2816237461508113,-1.459410405318147,-1.0012126649563713,0,0,0,1,0,0,0,1,1,0,1,0,1,0,1,0,1,0,1,0,0,0,0,0,0,1,1
6614-FHDBO,0,1.6084834273893616,1.4690362209020642,2.448614200212041,1,0,0,1,0,1,1,0,0,0,0,1,0,1,0,1,0,1,0,1,0,1,0,0,0,0,0
2546-KZAAT,0,0.7943687306174818,0.34743286717692967,0.6867431195180329,1,1,0,1,0,0,0,0,0,1,0,1,0,0,0,0,0,1,0,1,1,0,1,0,0,1,0
9617-UDPEU,0,-0.4268033145403377,-1.5158224083161567,-0.8292778268239284,0,0,0,1,0,0,0,1,1,0,1,0,1,0,1,0,1,0,1,0,1,0,1,0,0,1,0
8932-CZHRQ,0,1.4456604880349857,0.3922306342635843,1.2872856925454983,1,0,0,1,0,1,0,0,0,1,0,1,0,1,0,0,0,0,0,1,1,0,0,1,0,0,0
6379-RXJRQ,0,-0.9152721326034655,0.17156015194784016,-0.7207867683394374,1,1,0,1,0,0,1,0,0,0,0,0,0,0,0,0,0,0,0,0,0,0,1,0,1,0,1
5299-RULOA,0,-0.9152721326034655,1.1720436168831305,-0.5429685624057311,0,1,1,1,0,1,1,0,0,1,0,0,0,0,0,0,0,1,0,1,0,0,1,0,1,0,1
0036-IHMOT,0,0.9164859351332638,1.2865267994379153,1.4732264585033368,0,1,1,1,0,0,1,0,0,0,0,1,0,1,0,1,0,1,0,1,1,0,1,0,0,0,0
4597-ELFTS,0,0.9571916699718578,-1.3283354571757127,-0.4247084790273515,1,0,0,1,0,1,0,1,1,0,1,0,1,0,1,0,1,0,1,0,1,0,0,0,1,0,1
7576-JMYWV,1,0.5501343215859179,1.5022197520773641,1.172625879015653,0,1,1,1,0,1,1,0,0,1,0,1,0,0,0,1,0,1,0,1,0,0,1,0,1,0,0
8937-RDTHP,0,-1.2816237461508113,0.6527213539896879,-0.9732666679003703,1,0,0,1,0,0,1,0,0,1,0,0,0,0,0,0,0,0,0,1,0,0,1,0,0,1,1
2842-BCQGE,0,0.428017117070136,0.3457736906181643,0.37762482843747525,1,0,0,1,0,1,1,0,0,0,0,0,0,0,0,0,0,0,0,0,0,0,1,1,0,0,0
8111-SLLHI,1,0.26519417771576004,1.3512346852297499,0.8708617976866744,1,1,0,1,0,1,1,0,0,0,0,1,0,1,0,0,0,1,0,1,0,0,1,0,1,0,1
7244-QWYHG,0,0.7129572609402939,-0.6795974226986006,-0.049555970237091525,1,1,0,0,1,0,0,0,0,1,0,0,0,0,0,1,0,1,0,0,1,0,1,0,0,0,0
9970-QBCDA,0,-1.0780950719578415,-1.5008898192872717,-0.9535310423282217,0,0,0,1,0,0,0,1,1,0,1,0,1,0,1,0,1,0,1,0,0,0,0,1,0,0,0
4652-ODEVH,0,0.5094285867473239,-1.3432680462045974,-0.53260681015873,1,1,1,1,0,1,0,1,1,0,1,0,1,0,1,0,1,0,1,0,0,1,0,0,0,1,0
2582-FFFZR,0,-0.4268033145403377,-0.47551870597050655,-0.5391707167728261,0,0,0,0,1,0,0,0,0,0,0,0,0,1,0,0,0,1,0,1,0,0,1,0,1,0,0
5884-FBCTL,0,1.6084834273893616,-1.3216987509406526,-0.194708313154828,0,1,1,1,0,1,0,1,1,0,1,0,1,0,1,0,1,0,1,0,0,1,0,0,0,0,0
0722-SVSFK,0,-1.0373893371192475,1.1770211465594258,-0.6964849468618309,0,0,0,1,0,0,1,0,0,0,0,0,0,1,0,1,0,1,0,1,0,0,1,0,1,0,0
2465-BLLEU,0,-1.2816237461508113,-1.4992306427285067,-1.0017395337146933,1,0,0,1,0,0,0,1,1,0,1,0,1,0,1,0,1,0,1,0,0,0,1,0,0,1,0
3963-RYFNS,0,1.6084834273893616,1.7096168219229881,2.5079966998479266,0,0,0,1,0,1,1,0,0,1,0,1,0,1,0,1,0,1,0,1,0,1,1,0,0,0,0
5747-PMBSQ,1,-0.9152721326034655,0.9148712502745568,-0.6002874927381888,1,1,0,1,0,0,1,0,0,0,0,1,0,1,0,1,0,1,0,0,0,0,1,0,0,1,1
9514-JDSKI,1,-1.2816237461508113,-0.8206274301936248,-0.9927608119582877,1,1,0,0,1,0,0,0,0,0,0,1,0,0,0,0,0,1,0,0,0,0,0,0,1,0,1
0667-NSRGI,0,0.631545791263106,0.15330920980142534,0.49801433971407333,0,1,0,1,0,1,0,0,0,0,0,0,0,1,0,1,0,0,0,1,1,0,1,0,0,1,0
0042-JVWOJ,0,-0.2639803751859618,-1.5042081724048018,-0.803241729016845,1,0,0,1,0,0,0,1,1,0,1,0,1,0,1,0,1,0,1,0,1,0,1,0,0,0,0
8871-JLMHM,0,1.4456604880349857,0.8385491285713673,1.7546182811771942,0,1,0,1,0,1,1,0,0,0,0,1,0,1,0,1,0,0,0,0,0,1,0,1,0,0,0
5120-ZBLAI,0,0.7129572609402939,0.35738792652951956,0.6914629854780017,0,1,0,1,0,1,0,0,0,0,0,0,0,1,0,0,0,1,0,1,1,0,0,0,0,0,0
2121-JAFOM,0,1.6084834273893616,1.679751643865218,2.6392089735350575,0,1,0,1,0,1,1,0,0,1,0,1,0,1,0,1,0,1,0,1,0,1,1,1,0,0,0
4933-IKULF,1,-0.6303319887333076,-1.469365464670737,-0.8652585724443412,0,0,0,1,0,0,0,1,1,0,1,0,1,0,1,0,1,0,1,0,1,0,0,0,0,1,0
9659-ZTWSM,1,1.3642490183577978,1.4076466882277594,2.0857992015124895,1,1,0,1,0,1,1,0,0,0,0,1,0,1,0,1,0,1,0,1,1,0,1,0,0,0,0
9170-CCKOU,0,-0.6303319887333076,0.8385491285713673,-0.3719557446003519,1,1,0,1,0,1,1,0,0,1,0,1,0,1,0,0,0,0,0,0,0,0,0,1,0,0,1
5815-HGGHV,0,-0.5082147842175256,-0.025881858545193533,-0.4508543411590853,1,1,0,1,0,0,0,0,0,1,0,0,0,0,0,1,0,0,0,1,1,0,1,0,0,1,0
2357-COQEK,1,-0.1825689055087738,1.273253386967795,0.2587500648410531,0,0,0,1,0,1,1,0,0,0,0,0,0,1,0,1,0,1,0,1,0,0,1,0,1,0,1
5382-TEMLV,0,0.5094285867473239,-0.4655636466179167,-0.0012157616610393655,1,0,0,1,0,0,0,0,0,1,0,0,0,0,0,0,0,0,0,0,0,0,1,0,0,0,0
6752-APNJL,0,0.387311382231542,-0.3461029343868372,-7.421268467487134e-05,1,1,1,1,0,0,0,0,0,1,0,1,0,0,0,0,0,0,0,0,0,0,0,0,0,1,0
5077-DXTCG,0,-1.2816237461508113,-0.6513914211995958,-0.9905216197354186,0,0,0,1,0,0,0,0,0,0,0,0,0,0,0,0,0,0,0,0,0,0,1,0,1,0,1
8155-IBNHG,0,-0.3453918448631497,0.34743286717692967,-0.24300461600101983,0,1,0,1,0,1,1,0,0,0,0,0,0,0,0,0,0,0,0,0,0,0,1,1,0,0,1
4544-RXFMG,0,-0.9966836022806536,-0.7127809538739004,-0.8587166186951752,1,1,1,1,0,0,0,0,0,0,0,0,0,0,0,0,0,0,0,0,1,0,1,0,0,1,0
2316-ESMLS,0,-0.8338606629262776,-1.0545713249794888,-0.8151401818089522,0,1,1,0,1,0,0,0,0,1,0,0,0,0,0,1,0,0,0,0,1,0,0,1,0,0,0
5396-IZEPB,0,-0.9559778674420595,-1.5008898192872717,-0.9310732615047427,1,0,0,1,0,0,0,1,1,0,1,0,1,0,1,0,1,0,1,0,0,0,0,1,0,0,0
3503-TYDAY,0,0.428017117070136,0.5150096996121938,0.48190093685538943,0,1,0,1,0,1,1,0,0,0,0,1,0,0,0,0,0,0,0,0,0,0,0,0,1,0,0
0731-EBJQB,0,0.7943687306174818,-1.477661347464562,-0.5315530726420858,0,1,1,1,0,0,0,1,1,0,1,0,1,0,1,0,1,0,1,0,1,0,1,0,1,0,0
3522-CDKHF,0,-0.019745966154397852,0.3507512202944595,0.010265586697396077,0,1,0,1,0,0,1,0,0,1,0,0,0,0,0,0,0,0,0,0,0,0,1,0,0,0,0
3871-IKPYH,1,-1.2816237461508113,0.13837662077254032,-0.9800720560286973,1,0,0,1,0,0,1,0,0,0,0,0,0,0,0,0,0,0,0,0,0,0,0,0,1,0,1
3810-DVDQQ,0,1.6084834273893616,1.7477778827745827,2.6376722729899513,0,1,1,1,0,1,1,0,0,1,0,1,0,1,0,1,0,1,0,1,0,1,1,0,0,0,0
3138-BKYAV,0,-1.0780950719578415,0.6776090023711627,-0.7955143205614542,1,0,0,1,0,0,1,0,0,0,0,1,0,0,0,0,0,1,0,0,0,0,1,0,1,0,1
7599-NTMDP,0,1.2014260790034217,-0.5385674152035762,0.31051492034619876,0,1,1,0,1,0,0,0,0,1,0,1,0,0,0,1,0,1,0,0,0,1,0,0,0,0,0
4425-OWHWB,0,-0.5082147842175256,-1.5125040551986266,-0.8199698120935713,0,0,0,1,0,0,0,1,1,0,1,0,1,0,1,0,1,0,1,0,1,0,1,1,0,0,0
3161-GETRM,0,0.06166550352279012,0.8335715988950722,0.3493495384075229,1,1,1,1,0,1,1,0,0,0,0,0,0,1,0,0,0,0,0,1,0,0,1,1,0,0,0
6017-PPLPX,0,-0.5082147842175256,0.18317438785919538,-0.3645795819838426,1,1,1,1,0,0,1,0,0,0,0,0,0,0,0,0,0,0,0,0,0,0,1,0,1,0,1
2625-TRCZQ,0,0.7536629957788878,-0.5070430605870415,0.11065603802268485,0,1,0,0,1,0,0,0,0,0,0,1,0,0,0,0,0,1,0,1,0,0,1,0,1,0,0
7083-MIOPC,0,1.6084834273893616,-1.4826388771408567,-0.3224520341830053,0,0,0,1,0,0,0,1,1,0,1,0,1,0,1,0,1,0,1,0,0,1,0,1,0,0,0
4059-IIEBK,0,-1.0373893371192475,0.4519609903791239,-0.7808059010582958,0,0,0,1,0,1,1,0,0,0,0,1,0,0,0,0,0,0,0,0,0,0,1,0,0,0,0
3247-MHJKM,0,-1.2816237461508113,-1.4842980536996218,-1.0015419579303226,1,0,0,1,0,0,0,1,1,0,1,0,1,0,1,0,1,0,1,0,0,0,0,0,0,1,0
5590-ZSKRV,0,-0.9966836022806536,-0.34112540471054226,-0.7986755331113868,0,1,1,1,0,0,0,0,0,1,0,1,0,0,0,0,0,0,0,0,0,0,0,0,0,1,0
8878-HMWBV,0,-1.2002122764736234,-0.5236348261746914,-0.9361882790334529,1,0,0,1,0,0,0,0,0,0,0,0,0,1,0,0,0,0,0,0,0,0,1,0,1,0,1
8819-IMISP,0,-0.06045170099299184,0.5150096996121938,0.05610316867141817,1,0,0,1,0,1,1,0,0,0,0,1,0,0,0,0,0,0,0,0,0,0,1,0,1,0,0
4282-YMKNA,0,-0.9559778674420595,0.3258635719129846,-0.7001730281700856,0,0,0,1,0,1,1,0,0,0,0,0,0,0,0,0,0,0,0,0,0,0,1,0,1,0,1
9208-OLGAQ,1,-0.5896262538947137,0.6643355899010431,-0.37656584623567024,0,0,0,1,0,0,1,0,0,0,0,0,0,1,0,0,0,0,0,1,0,0,1,0,1,0,0
4143-HHPMK,0,0.7943687306174818,0.6776090023711627,0.8944830803514482,1,0,0,1,0,0,1,0,0,0,0,1,0,0,0,0,0,0,0,1,0,0,1,0,1,0,1
8075-GXIUB,1,-0.9559778674420595,-1.4959122896109767,-0.9299975711231683,1,1,0,1,0,0,0,1,1,0,1,0,1,0,1,0,1,0,1,0,1,0,0,1,0,0,0
3308-DGHKL,0,1.4863662228735797,-1.5141632317573919,-0.3746998527166128,1,0,0,1,0,0,0,1,1,0,1,0,1,0,1,0,1,0,1,0,0,1,1,0,0,0,0
0374-AACSZ,0,-1.2816237461508113,-0.49045129499939155,-0.9883921918372003,0,0,0,1,0,0,0,0,0,1,0,0,0,0,0,0,0,0,0,0,0,0,0,0,1,0,0
7951-QKZPL,0,0.020959768684196134,-1.3416088696458326,-0.6853767972072068,0,1,1,1,0,1,0,1,1,0,1,0,1,0,1,0,1,0,1,0,0,1,1,0,0,1,1
0787-LHDYT,0,-0.6710377235719016,-1.4710246412295018,-0.8654122424988518,1,0,0,1,0,0,0,1,1,0,1,0,1,0,1,0,1,0,1,0,0,0,1,1,0,0,0
8498-XXGWA,0,1.3235432835192036,-0.32453363912289235,0.6023124009969176,0,1,0,1,0,0,0,0,0,1,0,0,0,1,0,0,0,0,0,0,0,0,1,0,0,1,0
4697-LUPSU,0,-1.2409180113122174,-1.4842980536996218,-0.9951536742356671,1,1,1,1,0,0,0,1,1,0,1,0,1,0,1,0,1,0,1,0,1,0,0,0,0,1,0
9290-SHCMB,1,-0.7931549280876836,1.059219610887111,-0.46793367007469316,0,0,0,1,0,0,1,0,0,0,0,0,0,1,0,0,0,1,0,1,0,0,1,0,1,0,0
6050-FFXES,0,1.4863662228735797,1.3412796258771595,2.1686493137586385,0,1,0,1,0,1,1,0,0,0,0,0,0,1,0,1,0,1,0,1,0,1,0,0,0,0,0
0727-IWKVK,0,-0.9559778674420595,0.49675875746577897,-0.6847621169891643,1,1,0,1,0,0,1,0,0,0,0,1,0,1,0,0,0,0,0,0,0,0,1,0,1,0,1
9938-ZREHM,0,0.18378270803857208,0.23792721429843983,0.15677900724079813,0,1,0,1,0,1,0,0,0,0,0,1,0,0,0,1,0,0,0,1,1,0,0,0,0,1,0
5151-HQRDG,0,0.18378270803857208,-0.3278519922404224,-0.11879530622658645,1,1,0,1,0,1,0,0,0,1,0,0,0,0,0,0,0,0,0,0,0,0,1,0,0,1,0
6950-TWMYB,0,0.8757802002946699,0.4984179340245439,0.904778974003659,1,1,1,1,0,0,1,0,0,0,0,1,0,0,0,1,0,0,0,0,0,1,1,0,0,0,0
4422-QVIJA,0,0.1023712383613841,-0.49045129499939155,-0.2836174161216811,0,0,1,1,0,1,0,0,0,0,0,0,0,0,0,0,0,0,0,0,0,0,0,0,0,1,0
2466-NEJOJ,0,-0.9966836022806536,-1.5025489958460367,-0.9358809389244317,1,1,1,1,0,0,0,1,1,0,1,0,1,0,1,0,1,0,1,0,0,0,0,1,0,0,0
3662-FXJFO,0,0.8757802002946699,-1.4743429943470319,-0.5556792712002516,0,0,0,1,0,0,0,1,1,0,1,0,1,0,1,0,1,0,1,0,0,1,1,0,0,1,0
3703-KBKZP,1,-0.6710377235719016,0.31590851256039476,-0.4566059917707682,1,0,0,1,0,1,1,0,0,0,0,0,0,0,0,0,0,0,0,0,0,0,1,0,0,0,0
5756-JYOJT,0,-0.8745663977648716,-0.0009942101637186523,-0.7042782139120118,0,0,0,1,0,0,0,0,0,0,0,0,0,1,0,1,0,0,0,1,1,0,0,1,0,0,0
3551-GAEGL,0,0.06166550352279012,-1.1458260357115635,-0.5982897820295509,1,1,1,0,1,0,0,0,0,1,0,0,0,0,0,0,0,0,0,0,1,0,0,0,0,0,0
3030-YZADT,0,-0.9559778674420595,-0.6630056571109506,-0.8211772196647261,1,0,0,1,0,0,0,0,0,0,0,0,0,0,0,0,0,0,0,0,0,0,0,0,0,1,1
4836-WNFNO,0,1.6084834273893616,-1.3250171040581826,-0.19850615878773303,0,1,0,1,0,1,0,1,1,0,1,0,1,0,1,0,1,0,1,0,0,1,0,1,0,0,0
1585-MQSSU,0,-0.6303319887333076,-0.4456535279127367,-0.6150398179712074,1,0,0,1,0,0,0,0,0,0,0,0,0,0,0,1,0,0,0,0,0,0,0,0,0,1,1
6817-WTYHE,0,-1.2409180113122174,-0.6646648336697157,-0.961653602352354,1,0,0,1,0,0,0,0,0,0,0,0,0,0,0,0,0,0,0,0,0,0,0,0,0,0,0
9053-EJUNL,0,0.346605647392948,0.8053655973960674,0.5902822310152298,1,0,0,1,0,1,1,0,0,0,0,1,0,0,0,0,0,1,0,0,0,0,1,0,1,0,0
3521-SYVOR,0,0.18378270803857208,-0.005971739840013817,0.019266261318731825,0,0,0,1,0,0,0,0,0,0,0,0,0,0,0,0,0,1,0,1,0,0,1,0,1,0,1
4908-XAXAY,1,0.6722515261016999,0.8269348926600121,0.8719155352033183,0,0,0,1,0,0,1,0,0,0,0,1,0,1,0,0,0,0,0,1,1,0,1,0,0,0,0
7619-PLRLP,0,0.8350744654560759,0.3042942766490395,0.672912814612078,0,1,0,1,0,1,0,0,0,1,0,1,0,1,0,0,0,0,0,1,1,0,0,0,0,0,0
6022-KOUQO,0,-1.2409180113122174,-1.1906238027982183,-0.9907631012496497,0,1,1,0,1,0,0,0,0,0,0,0,0,0,0,1,0,0,0,0,0,0,0,0,0,0,0
6987-XQSJT,1,0.8757802002946699,0.48348534499565887,0.9083792438521933,0,0,0,1,0,1,1,0,0,0,0,1,0,0,0,0,0,0,0,0,0,0,1,0,1,0,1
1453-RZFON,0,-1.2816237461508113,-0.49874717779321653,-0.9885019561618507,0,0,1,1,0,0,0,0,0,1,0,0,0,0,0,0,0,0,0,0,0,0,0,0,0,1,0
5849-ASHZJ,0,-0.22327464034736777,-1.4892755833759168,-0.7676561349651736,1,0,1,1,0,0,0,1,1,0,1,0,1,0,1,0,1,0,1,0,1,0,0,1,0,0,0
1539-LNKHM,0,-0.8338606629262776,-1.477661347464562,-0.8933582395548529,0,0,0,1,0,0,0,1,1,0,1,0,1,0,1,0,1,0,1,0,0,0,0,0,0,1,0
7206-PQBBZ,1,-0.8745663977648716,0.17487850506537042,-0.6439297882192021,1,1,0,1,0,0,1,0,0,0,0,0,0,0,0,0,0,0,0,0,0,0,1,0,1,0,0
0191-EQUUH,0,-0.30468611002455576,-0.9915226157464192,-0.6396489795578352,0,0,1,0,1,0,0,0,0,1,0,0,0,0,0,1,0,0,0,0,0,1,0,0,0,0,0
1179-INLAT,0,-1.2002122764736234,-1.5091857020810966,-0.980006197433907,1,0,0,1,0,0,0,1,1,0,1,0,1,0,1,0,1,0,1,0,1,0,1,0,0,1,0
8086-OVPWV,0,-1.2409180113122174,0.5067138168183688,-0.930897638585302,1,0,0,1,0,0,1,0,0,0,0,0,0,0,0,0,0,0,0,1,0,0,1,0,1,0,1
0854-UYHZD,0,-0.7931549280876836,-1.5058673489635668,-0.8939290140430352,0,1,1,1,0,0,0,1,1,0,1,0,1,0,1,0,1,0,1,0,0,1,0,0,0,1,0
4598-XLKNJ,1,-0.30468611002455576,1.113972437326356,0.09359866197200714,0,1,0,1,0,0,1,0,0,0,0,1,0,1,0,0,0,1,0,1,0,0,1,0,1,0,1
0940-OUQEC,0,-0.9152721326034655,0.5233055824060188,-0.6640825182250222,1,0,0,1,0,1,1,0,0,0,0,1,0,0,0,0,0,0,0,0,0,0,1,0,0,0,1
0795-GMVQO,0,1.4049547531963917,1.4922646927247742,2.2089328209053485,1,1,0,1,0,1,1,0,0,1,0,1,0,1,0,0,0,1,0,1,1,0,0,1,0,0,0
3569-JFODW,0,1.6084834273893616,0.8634367769528422,1.910395810721093,0,1,1,1,0,1,0,0,0,1,0,1,0,1,0,1,0,1,0,1,0,1,0,1,0,0,0
2791-SFVEW,0,-0.9559778674420595,-1.4859572302583868,-0.9058494197000724,0,0,0,1,0,0,0,1,1,0,1,0,1,0,1,0,1,0,1,0,0,0,0,0,0,0,0
4726-DLWQN,1,0.7129572609402939,0.17985603474166512,0.5063564283875065,1,0,0,1,0,1,0,0,0,1,0,1,0,0,0,0,0,1,0,0,0,0,1,0,0,0,0
3473-XIIIT,0,-0.6710377235719016,1.1637477340893057,-0.3365677263330514,0,1,0,1,0,1,1,0,0,0,0,1,0,0,0,0,0,1,0,1,0,0,1,0,1,0,1
7596-LDUXP,0,-0.8338606629262776,0.6709722961361032,-0.5805518671660405,0,0,0,1,0,0,1,0,0,1,0,0,0,0,0,0,0,1,0,0,1,0,1,1,0,0,0
0196-JTUQI,0,-0.9559778674420595,0.34079616094186965,-0.7321144466433624,0,0,0,1,0,1,1,0,0,0,0,0,0,0,0,0,0,0,0,0,0,0,1,1,0,0,0
9631-RXVJM,0,0.1023712383613841,-1.5158224083161567,-0.7127739726399556,1,0,0,1,0,0,0,1,1,0,1,0,1,0,1,0,1,0,1,0,0,1,0,0,0,1,0
1389-WNUIB,0,-0.5082147842175256,0.3673429858821094,-0.31285863220855725,0,1,1,1,0,1,0,0,0,1,0,0,0,0,0,0,0,1,0,1,1,0,0,0,0,0,0
9206-GVPEQ,0,-0.7931549280876836,-0.3477621109456021,-0.7000632638454352,1,1,0,0,1,0,0,0,0,1,0,0,0,0,0,1,0,1,0,1,0,0,1,0,1,0,1
2018-PZKMU,0,-0.9559778674420595,1.266616680732735,-0.5843277599340154,1,1,1,1,0,0,1,0,0,0,0,0,0,1,0,1,0,1,0,1,0,0,0,0,1,0,0
7969-FFOWG,0,1.3235432835192036,-1.4942531130522119,-0.4428854511894637,1,1,1,1,0,0,0,1,1,0,1,0,1,0,1,0,1,0,1,0,0,1,0,0,0,1,0
1022-RKXDR,0,0.346605647392948,-1.3299946337344775,-0.5879280297825498,0,0,0,1,0,1,0,1,1,0,1,0,1,0,1,0,1,0,1,0,1,0,1,0,0,1,0
0348-SDKOL,0,1.0386031396490458,1.233433149557435,1.5736169098286252,0,1,0,1,0,1,1,0,0,0,0,0,0,1,0,1,0,1,0,1,0,0,1,1,0,0,1
9169-BSVIN,0,-0.8338606629262776,0.3258635719129846,-0.6472885765535056,1,0,0,1,0,1,0,0,0,0,0,0,0,1,0,0,0,1,0,1,0,0,0,0,0,0,0
4012-ZTHBR,0,-0.4675090493789317,-0.6630056571109506,-0.6037340925322126,0,1,1,1,0,0,0,0,0,0,0,0,0,0,0,0,0,0,0,0,0,0,1,0,1,0,0
0137-OCGAB,0,-1.2816237461508113,0.5067138168183688,-0.975198520014218,0,0,0,1,0,1,1,0,0,0,0,1,0,0,0,0,0,0,0,0,0,0,1,0,0,1,1
4661-NJEUX,0,-1.2816237461508113,-1.4892755833759168,-1.0016078165251128,1,0,0,1,0,0,0,1,1,0,1,0,1,0,1,0,1,0,1,0,0,0,1,0,0,1,0
7277-KAMWT,0,-0.7931549280876836,-1.4909347599346818,-0.8925459835524396,1,0,0,1,0,0,0,1,1,0,1,0,1,0,1,0,1,0,1,0,0,1,0,1,0,0,0
3961-SXAXY,0,-1.2816237461508113,-0.6928708351687206,-0.9910704413586708,1,0,0,1,0,0,0,0,0,0,0,0,0,0,0,0,0,0,0,0,0,0,1,0,0,0,0
0774-IFUVM,0,-0.8745663977648716,0.007301672630106309,-0.6928188184185063,1,1,1,1,0,1,0,0,0,1,0,0,0,0,0,0,0,1,0,0,0,0,1,0,0,0,0
1442-OKRJE,0,1.3642490183577978,1.2682758572915003,2.076732668296364,1,1,1,1,0,0,1,0,0,1,0,1,0,1,0,0,0,1,0,1,1,0,1,0,0,0,0
0409-WTMPL,0,1.0386031396490458,1.517152341106249,1.8551624025569935,0,1,0,1,0,1,1,0,0,1,0,1,0,1,0,0,0,1,0,1,1,0,1,1,0,0,0
9725-SCPZG,0,-1.2816237461508113,0.8601184238353119,-0.9705225597841094,1,0,1,1,0,0,1,0,0,0,0,0,0,0,0,0,0,1,0,1,0,0,1,0,1,0,1
5480-XTFFL,0,-0.06045170099299184,-1.457751228759382,-0.7040806381276411,0,1,1,1,0,0,0,1,1,0,1,0,1,0,1,0,1,0,1,0,0,1,0,0,0,1,0
7878-RTCZG,0,-1.2816237461508113,-1.4942531130522119,-1.001673675119903,0,0,0,1,0,0,0,1,1,0,1,0,1,0,1,0,1,0,1,0,0,0,0,0,0,1,0
8387-UGUSU,0,-0.7117434584104956,-1.4892755833759168,-0.885586925369602,0,1,1,1,0,0,0,1,1,0,1,0,1,0,1,0,1,0,1,0,0,0,0,0,0,1,0
7742-MYPGI,0,-1.0780950719578415,-0.5352490620860464,-0.8798572276228492,0,1,1,1,0,0,0,0,0,0,0,0,0,0,0,1,0,0,0,0,0,0,1,0,0,1,0
9953-ZMKSM,0,1.2421318138420157,-1.3167212212643575,-0.3257888696523786,1,0,0,1,0,1,0,1,1,0,1,0,1,0,1,0,1,0,1,0,0,1,0,0,0,1,0
8760-ZRHKE,1,1.5677776925507676,0.14169497389007057,1.1771920749211109,0,1,1,1,0,1,0,0,0,1,0,1,0,0,0,0,0,1,0,0,1,0,0,0,1,0,0
5696-QURRL,0,-1.2816237461508113,-0.6596873039934208,-0.9906313840600691,1,0,0,1,0,0,0,0,0,0,0,0,0,0,0,0,0,0,0,0,0,0,1,0,0,1,1
3211-ILJTT,0,-0.6303319887333076,0.1815152113004305,-0.4773734019946307,1,1,0,1,0,0,1,0,0,0,0,0,0,0,0,0,0,0,0,0,0,0,1,0,0,0,1
4061-UKJWL,0,-1.2002122764736234,-0.6464138915233006,-0.9481964961502107,1,0,0,1,0,0,0,0,0,0,0,0,0,0,0,0,0,0,0,0,0,0,0,0,0,1,0
2081-KJSQF,0,-1.2816237461508113,-1.4826388771408567,-1.0015200050653925,1,0,0,1,0,0,0,1,1,0,1,0,1,0,1,0,1,0,1,0,0,0,1,0,0,1,0
7608-RGIRO,0,1.2014260790034217,-1.3449272227633626,-0.3900229524378137,1,0,1,1,0,1,0,1,1,0,1,0,1,0,1,0,1,0,1,0,0,1,1,0,0,1,0
0320-DWVTU,0,0.8350744654560759,1.1471559685016557,1.3711456365784314,0,0,0,1,0,0,1,0,0,1,0,1,0,1,0,1,0,0,0,1,0,1,0,0,0,1,0
7916-VCCPB,0,-0.6710377235719016,0.27608827515003487,-0.4854081505590426,0,1,1,1,0,0,1,0,0,0,0,1,0,0,0,0,0,0,0,0,0,0,0,0,0,0,0
4334-HOWRP,1,1.6084834273893616,0.0006649663950462456,0.9855435640814497,1,1,0,0,1,0,0,0,0,1,0,1,0,1,0,1,0,1,0,1,0,1,1,1,0,0,0
4439-YRNVD,0,-0.9152721326034655,-0.9517023783360593,-0.8462034856850256,0,0,0,0,1,0,0,0,0,0,0,1,0,0,0,1,0,0,0,0,0,0,0,0,1,0,0
4804-NCPET,0,-0.5489205190561197,-1.4842980536996218,-0.8403201178837622,1,1,1,1,0,0,0,1,1,0,1,0,1,0,1,0,1,0,1,0,0,1,0,0,0,1,0
9385-EHGDO,0,0.1023712383613841,-1.4959122896109767,-0.6857939016408785,0,1,1,1,0,0,0,1,1,0,1,0,1,0,1,0,1,0,1,0,0,1,1,0,0,1,0
3793-MMFUH,1,-0.7931549280876836,0.9994892547715714,-0.4440270001658282,0,0,0,1,0,1,1,0,0,0,0,0,0,0,0,0,0,1,0,1,0,0,1,0,1,0,1
5482-PLVPE,1,-1.2409180113122174,-1.3465863993221274,-0.9920363674155949,0,0,0,0,1,0,0,0,0,0,0,0,0,0,0,0,0,0,0,0,0,0,0,0,1,0,1
7508-SMHXL,1,-0.7117434584104956,0.7987288911610074,-0.4447733975734512,0,0,0,1,0,1,1,0,0,0,0,1,0,0,0,0,0,1,0,0,0,0,0,1,0,0,0
9512-PHSMG,0,-0.9152721326034655,-1.472683817788267,-0.899439183140487,0,1,0,1,0,0,0,1,1,0,1,0,1,0,1,0,1,0,1,0,0,0,1,0,0,1,0
3566-VVORZ,0,-0.8338606629262776,-0.6314813024944159,-0.7882698751345254,0,1,0,1,0,0,0,0,0,0,0,0,0,0,0,0,0,0,0,0,0,0,0,0,0,0,0
6486-LHTMA,1,-0.06045170099299184,0.8551408941590172,0.23453605482316692,0,1,0,1,0,1,1,0,0,0,0,0,0,1,0,0,0,1,0,0,1,0,1,0,1,0,0
6345-ULYRW,1,0.46872285190873,0.7788187724558276,0.7075763883366858,1,1,0,1,0,1,1,0,0,0,0,1,0,0,0,0,0,0,0,1,1,0,0,0,0,1,1
7831-QGOXH,0,-0.5896262538947137,0.6726314726948681,-0.32815977906482796,0,0,0,1,0,1,1,0,0,0,0,0,0,0,0,0,0,1,0,0,0,0,1,0,1,0,1
2351-BKRZW,0,0.428017117070136,0.34079616094186965,0.4184352043425073,0,1,1,1,0,0,0,0,0,1,0,0,0,1,0,0,0,1,0,1,0,1,0,0,0,0,0
3663-MITLP,0,-0.7117434584104956,1.2052271480584305,-0.3705946669746865,0,0,0,1,0,0,1,0,0,0,0,1,0,1,0,0,0,1,0,1,0,0,1,0,1,0,1
3733-LSYCE,0,-0.7117434584104956,0.3457736906181643,-0.5210596032055042,0,1,0,1,0,0,1,0,0,0,0,1,0,0,0,0,0,0,0,0,0,0,0,0,0,0,0
7932-WPTDS,1,-1.2816237461508113,-1.3316538102932427,-0.9995222943567544,0,1,0,0,1,0,0,0,0,0,0,0,0,0,0,0,0,0,0,0,0,0,1,0,1,0,1
3887-PBQAO,0,0.5094285867473239,-1.2951519260004127,-0.4762538058831962,0,1,1,1,0,1,0,1,1,0,1,0,1,0,1,0,1,0,1,0,1,0,1,1,0,0,0
9646-NMHXE,0,0.590840056424512,-1.5025489958460367,-0.5831642580927209,1,1,0,1,0,0,0,1,1,0,1,0,1,0,1,0,1,0,1,0,0,1,0,0,0,1,0
8680-CGLTP,0,-0.1418631706701798,-0.20507292689181286,-0.2656819254737998,1,0,0,1,0,0,0,0,0,1,0,1,0,0,0,1,0,0,0,0,1,0,1,0,1,0,0
0253-ZTEOB,0,0.631545791263106,0.48846287467195404,0.6888725474162515,0,1,1,1,0,1,0,0,0,0,0,1,0,0,0,1,0,1,0,1,0,1,0,0,1,0,0
2017-CCBLH,0,-0.9966836022806536,-1.4909347599346818,-0.9482404018800709,0,0,0,1,0,0,0,1,1,0,1,0,1,0,1,0,1,0,1,0,0,1,0,0,0,1,0
5339-TJFEK,0,1.2014260790034217,1.3462571555534548,1.837841592127155,1,1,1,1,0,1,1,0,0,1,0,1,0,0,0,0,0,1,0,1,0,0,1,0,1,0,0
9337-SRRNI,0,1.3642490183577978,-1.3150620447055927,-0.27551680896247893,1,0,1,1,0,1,0,1,1,0,1,0,1,0,1,0,1,0,1,0,0,1,1,1,0,0,0
6734-CKRSM,0,-1.2002122764736234,-1.4909347599346818,-0.9824868711710069,0,0,0,1,0,0,0,1,1,0,1,0,1,0,1,0,1,0,1,0,0,0,0,0,0,1,0
2731-GJRDG,0,-0.019745966154397852,1.4806504568134191,0.5737078179930141,0,0,0,1,0,1,1,0,0,1,0,0,0,1,0,1,0,1,0,1,1,0,1,0,0,0,0
0786-VSSUD,1,-0.6710377235719016,-0.8604476676039847,-0.7119178109076822,1,0,0,0,1,0,0,0,0,0,0,1,0,0,0,0,0,1,0,0,0,0,1,0,0,1,1
0691-NIKRI,0,0.30589991255435406,1.3611897445823398,0.8929902855362021,0,0,0,1,0,1,1,0,0,0,0,0,0,1,0,1,0,1,0,1,1,0,1,1,0,0,0
8388-DMKAE,0,-0.9966836022806536,-1.4826388771408567,-0.9337295581612831,0,0,0,1,0,0,0,1,1,0,1,0,1,0,1,0,1,0,1,0,0,1,0,0,0,1,0
1548-ARAGG,0,-1.1595065416350294,-0.21336880968563784,-0.9116888817714757,0,1,1,1,0,1,0,0,0,0,0,1,0,0,0,1,0,0,0,0,0,0,1,0,0,1,0
7639-OPLNG,0,1.5270719577121736,0.4751894622018339,1.5061996616283277,1,1,1,1,0,1,0,0,0,1,0,1,0,1,0,1,0,1,0,0,0,1,1,0,0,0,0
7242-QZLXF,0,-1.2816237461508113,-1.3150620447055927,-0.9993027657074536,1,0,1,0,1,0,0,0,0,0,0,0,0,0,0,0,0,0,0,0,0,0,1,0,1,0,1
7821-DPRQE,0,1.4456604880349857,1.4192609241391145,2.2038836619714286,1,1,0,1,0,1,1,0,0,1,0,1,0,0,0,1,0,1,0,1,0,0,1,0,1,0,0
6981-TDRFT,0,0.46872285190873,-0.3527396406218973,0.006928751228022863,1,1,1,0,1,0,0,0,0,0,0,0,0,1,0,1,0,1,0,1,1,0,1,0,1,0,0
5309-TAIKL,0,-1.0373893371192475,-0.07067962563184861,-0.8267532473569683,0,0,0,1,0,0,0,0,0,0,0,0,0,1,0,1,0,0,0,1,0,0,0,0,0,0,0
2176-LVPNX,1,1.5677776925507676,0.8269348926600121,1.7527742405230669,0,0,0,1,0,1,0,0,0,1,0,1,0,1,0,1,0,1,0,1,0,1,0,0,0,1,0
0475-RIJEP,0,0.428017117070136,0.4287325185564139,0.46739009313660174,1,0,0,1,0,1,1,0,0,0,0,1,0,0,0,0,0,0,0,0,0,0,1,0,1,0,1
5716-LIBJC,0,-0.7931549280876836,1.3014593884668002,-0.44003157874855237,0,0,1,1,0,1,1,0,0,0,0,1,0,1,0,0,0,1,0,1,1,0,1,1,0,0,0
6857-TKDJV,0,1.4049547531963917,-1.3366313399695375,-0.29894051584288195,1,1,1,1,0,1,0,1,1,0,1,0,1,0,1,0,1,0,1,0,0,1,0,0,0,0,0
6849-WLEYG,0,-1.2816237461508113,-1.4992306427285067,-1.0017395337146933,1,0,1,1,0,0,0,1,1,0,1,0,1,0,1,0,1,0,1,0,0,0,0,0,0,1,1
9805-FILKB,0,0.5501343215859179,-1.4842980536996218,-0.6391440636644432,1,1,1,1,0,0,0,1,1,0,1,0,1,0,1,0,1,0,1,0,1,0,1,0,0,0,0
6097-EQISJ,0,1.3642490183577978,1.2450473854687905,1.8940189734832478,0,1,1,1,0,1,1,0,0,0,0,1,0,1,0,0,0,1,0,1,1,0,1,1,0,0,1
2985-JUUBZ,0,0.30589991255435406,0.3192268656779245,0.3136761328961312,1,1,1,1,0,1,0,0,0,0,0,0,0,1,0,0,0,1,0,1,0,0,1,0,1,0,0
3351-NQLDI,0,1.4049547531963917,0.9762607829488613,1.7738489908559507,0,1,1,1,0,1,1,0,0,1,0,0,0,0,0,1,0,0,0,1,1,0,1,1,0,0,1
7107-UBYKY,0,0.1023712383613841,-1.3001294556767078,-0.6229208964811087,0,1,1,1,0,1,0,1,1,0,1,0,1,0,1,0,1,0,1,0,0,0,1,0,1,0,0
4106-HADHQ,0,0.26519417771576004,0.5000771105833088,0.3870865132223427,1,1,1,1,0,0,0,0,0,1,0,0,0,1,0,1,0,1,0,1,1,0,0,1,0,0,1
4759-TRPLW,0,-1.2816237461508113,0.1815152113004305,-0.979501281540515,1,0,0,1,0,0,1,0,0,0,0,0,0,0,0,0,0,0,0,0,0,0,0,0,1,0,1
3498-LZGQZ,0,1.2421318138420157,-1.5191407614336867,-0.4936185220428952,1,1,1,1,0,0,0,1,1,0,1,0,1,0,1,0,1,0,1,0,0,1,1,0,0,1,0
6876-ADESB,0,-1.2816237461508113,-0.5302715324097512,-0.9889190605955225,1,0,1,1,0,0,0,0,0,0,0,0,0,1,0,0,0,0,0,0,0,0,0,0,1,0,1
9282-IZGQK,0,-1.2816237461508113,0.665994766459808,-0.9730910449809296,0,0,0,1,0,1,1,0,0,0,0,0,0,0,0,0,0,0,0,1,0,0,1,0,1,0,1
4860-YZGZM,0,-0.9152721326034655,-1.4909347599346818,-0.9290096922013144,1,0,0,1,0,0,0,1,1,0,1,0,1,0,1,0,1,0,1,0,0,0,0,0,1,0,0
1157-BQCUW,0,-1.2816237461508113,0.33250027814804467,-0.9775035708318771,1,0,0,1,0,1,1,0,0,0,0,0,0,0,0,0,0,0,0,0,0,0,1,0,1,0,1
5312-IRCFR,0,1.2828375486806096,0.9264854861859115,1.6154810232503016,0,1,1,1,0,1,1,0,0,0,0,1,0,1,0,0,0,0,0,1,1,0,1,0,1,0,0
4616-EWBNJ,0,-0.6710377235719016,-1.4876164068171518,-0.8705272600275622,0,0,0,1,0,0,0,1,1,0,1,0,1,0,1,0,1,0,1,0,1,0,0,0,0,0,0
1265-BCFEO,0,1.5677776925507676,0.5150096996121938,1.4756412736456463,0,1,0,1,0,1,0,0,0,0,0,0,0,1,0,1,0,1,0,1,0,1,1,0,0,0,0
2754-VDLTR,0,-0.9152721326034655,1.0044667844478665,-0.6019120047430152,1,0,1,1,0,1,1,0,0,0,0,0,0,0,0,0,0,1,0,1,0,0,0,0,1,0,1
5995-SNNEW,1,-0.38609757970174374,1.31141444781939,-0.05113657651205776,1,1,0,1,0,1,1,0,0,0,0,1,0,1,0,0,0,1,0,1,0,0,1,0,1,0,0
9124-LHCJQ,0,-1.2816237461508113,0.680927355488693,-0.9728934691965588,0,0,0,1,0,1,1,0,0,0,0,0,0,0,0,0,0,0,0,1,0,0,1,0,0,1,1
4189-NAKJS,0,-0.2639803751859618,-0.44399435135397186,-0.44165609075337875,1,0,0,1,0,1,0,0,0,0,0,0,0,0,0,0,0,0,0,0,1,0,1,1,0,0,0
6250-CGGUN,0,0.8757802002946699,0.6460846477546283,0.9583439644330718,1,0,0,1,0,0,1,0,0,1,0,0,0,1,0,1,0,0,0,0,1,0,0,0,1,0,0
8128-YVJRG,0,-1.0373893371192475,0.48846287467195404,-0.7449129668976032,0,0,0,1,0,1,1,0,0,1,0,0,0,0,0,0,0,0,0,0,0,0,1,0,0,1,1
0303-WMMRN,0,-1.1188008067964355,-1.5158224083161567,-0.9726300348173976,1,0,0,1,0,0,0,1,1,0,1,0,1,0,1,0,1,0,1,0,0,0,1,0,0,1,0
9445-SZLCH,0,0.14307697319997809,1.0758113764747608,0.5078053174728924,0,1,1,1,0,1,1,0,0,0,0,1,0,1,0,0,0,1,0,0,0,0,1,0,0,0,1
8861-HGGKB,0,-0.9152721326034655,0.7141108866639929,-0.645620158818819,0,0,0,1,0,1,1,0,0,0,0,0,0,0,0,0,0,0,0,1,0,0,0,0,1,0,1
7343-EOBEU,0,-1.2002122764736234,-1.3714740477036023,-0.9713128629215924,1,1,0,1,0,1,0,1,1,0,1,0,1,0,1,0,1,0,1,0,0,0,1,0,0,1,0
2100-BDNSN,0,-1.1188008067964355,0.10021555992094577,-0.8566091436618869,0,1,0,1,0,1,0,0,0,0,0,0,0,1,0,1,0,1,0,0,0,0,0,0,0,0,1
8749-JMNKX,1,0.7536629957788878,0.9580098408024466,1.075528357429877,1,1,0,1,0,1,1,0,0,1,0,0,0,1,0,0,0,1,0,0,0,0,1,0,0,0,1
3750-RNQKR,0,-0.8338606629262776,-1.5091857020810966,-0.9022930555813984,0,0,0,1,0,0,0,1,1,0,1,0,1,0,1,0,1,0,1,0,0,0,0,0,0,1,0
7674-YTAFD,0,0.020959768684196134,0.4984179340245439,0.16839207278881416,0,0,0,1,0,0,1,0,0,0,0,1,0,0,0,1,0,0,0,0,1,0,1,0,0,0,0
1376-HHBDV,0,-0.10115743583158582,-0.5352490620860464,-0.3356896117358479,0,0,0,1,0,0,0,0,0,1,0,0,0,0,0,0,0,0,0,0,0,0,1,0,0,1,0
3669-WHAFY,0,1.5677776925507676,1.6664782313950985,2.5363378484726695,0,1,0,1,0,1,1,0,0,1,0,1,0,1,0,1,0,1,0,1,0,1,1,1,0,0,0
7206-GZCDC,1,-1.2816237461508113,0.14335415044883548,-0.980006197433907,0,0,0,1,0,0,1,0,0,0,0,0,0,0,0,0,0,0,0,0,0,0,1,0,1,0,1
4629-NRXKX,0,-1.2409180113122174,0.1815152113004305,-0.9458036338728311,0,1,1,1,0,0,1,0,0,0,0,0,0,0,0,0,0,0,0,0,0,0,0,0,1,0,1
5014-GSOUQ,0,-0.7931549280876836,-1.4925939364934466,-0.9034346045577628,1,0,0,1,0,0,0,1,1,0,1,0,1,0,1,0,1,0,1,0,0,1,0,0,0,1,0
2027-CWDNU,0,-0.5896262538947137,0.6859048851649877,-0.307260651651385,1,1,1,1,0,0,1,0,0,0,0,0,0,0,0,1,0,0,0,1,0,0,1,0,1,0,0
5386-THSLQ,1,1.3642490183577978,-0.6430955384057709,0.31872529183005127,0,1,0,0,1,0,0,0,0,0,0,1,0,1,0,0,0,1,0,0,1,0,0,0,0,0,0
2143-LJULT,0,1.4049547531963917,-1.3167212212643575,-0.24945875829046538,0,1,0,1,0,1,0,1,1,0,1,0,1,0,1,0,1,0,1,0,0,1,1,1,0,0,0
6464-KEXXH,0,-0.9966836022806536,-1.3167212212643575,-0.9286145406325728,1,0,0,0,1,0,0,0,0,0,0,0,0,0,0,0,0,0,0,0,0,0,1,1,0,0,0
9897-KXHCM,0,-1.2002122764736234,0.5100321699358986,-0.9006246378467117,0,1,1,1,0,0,1,0,0,0,0,0,0,0,0,0,0,0,0,1,0,0,1,0,1,0,1
8450-LUGUK,0,0.18378270803857208,-1.3548822821159523,-0.6320093825621649,0,1,1,1,0,1,0,1,1,0,1,0,1,0,1,0,1,0,1,0,0,1,1,0,0,0,0
0136-IFMYD,1,1.4863662228735797,1.4939238692835393,2.341462266488285,1,1,0,1,0,1,1,0,0,0,0,1,0,1,0,1,0,1,0,1,0,1,1,0,1,0,0
6546-OPBBH,0,0.7536629957788878,-1.3598598117922474,-0.4763635702078467,1,1,1,1,0,1,0,1,1,0,1,0,1,0,1,0,1,0,1,0,1,0,1,0,0,1,0
7968-QUXNS,0,-1.0780950719578415,-1.5257774676687466,-0.9620487539210957,1,0,0,1,0,0,0,1,1,0,1,0,1,0,1,0,1,0,1,0,0,0,0,0,0,1,0
7305-ZWMAJ,0,-0.10115743583158582,-1.4677062881119718,-0.752640375352994,1,1,0,1,0,0,0,1,1,0,1,0,1,0,1,0,1,0,1,0,1,0,0,1,0,0,0
6963-KQYQB,0,1.5270719577121736,-1.3565414586747175,-0.2355845476546503,0,1,1,1,0,1,0,1,1,0,1,0,1,0,1,0,1,0,1,0,0,1,0,0,0,1,0
1498-NHTLT,0,1.0793088744876398,0.7240659460165827,1.2665402351865658,1,1,1,1,0,0,0,0,0,1,0,1,0,1,0,1,0,1,0,1,0,1,1,0,1,0,0
1307-TVUFB,1,0.387311382231542,0.4785078153193637,0.4578405968920138,1,0,0,1,0,1,1,0,0,0,0,1,0,0,0,0,0,0,0,0,0,0,1,0,0,0,0
7721-DVEKZ,0,-1.2816237461508113,-1.5025489958460367,-1.0017834394445535,0,0,0,1,0,0,0,1,1,0,1,0,1,0,1,0,1,0,1,0,0,0,0,0,0,1,0
3806-YAZOV,0,-1.2002122764736234,-1.5307549973450416,-0.9858237066403801,0,0,0,1,0,0,0,1,1,0,1,0,1,0,1,0,1,0,1,0,0,0,0,0,0,1,0
8413-VONUO,0,-1.2409180113122174,1.0193993734767515,-0.936956629306006,1,0,0,1,0,0,1,0,0,0,0,1,0,0,0,0,0,1,0,1,0,0,0,0,1,0,1
3078-ZKNTS,0,-0.7931549280876836,-1.4992306427285067,-0.9020954797970276,0,1,1,1,0,0,0,1,1,0,1,0,1,0,1,0,1,0,1,0,0,1,1,0,0,0,0
5445-GLVOT,0,-0.4268033145403377,-0.5020655309107466,-0.5498178562639184,0,0,0,1,0,0,0,0,0,1,0,0,0,0,0,0,0,0,0,0,0,0,1,0,1,0,0
7409-JURKQ,0,0.8350744654560759,1.5553134019578436,1.5404022251894036,0,1,0,1,0,1,1,0,0,0,0,1,0,1,0,1,0,1,0,1,1,0,1,0,0,0,0
3410-MHHUM,0,0.46872285190873,0.9779199595076267,0.8754938521869228,0,1,1,1,0,1,1,0,0,0,0,1,0,1,0,0,0,0,0,1,1,0,0,0,1,0,0
5914-XRFQB,0,1.6084834273893616,1.6880475266590431,2.688602919627754,1,1,0,1,0,1,1,0,0,1,0,1,0,1,0,1,0,1,0,1,0,1,1,0,0,0,0
7929-SKFGK,0,1.5270719577121736,1.6382722298960932,2.6093091715002785,1,1,0,1,0,1,1,0,0,1,0,1,0,1,0,1,0,1,0,1,0,1,0,1,0,0,0
3717-OFRTN,0,-1.2816237461508113,-1.4992306427285067,-1.0017395337146933,1,0,0,1,0,0,0,1,1,0,1,0,1,0,1,0,1,0,1,0,0,0,0,0,0,0,0
0567-GGCAC,0,-1.0373893371192475,-0.11713656927726834,-0.8177086670057724,0,0,0,1,0,0,0,0,0,1,0,1,0,1,0,0,0,0,0,0,0,0,0,0,1,0,0
4829-ZLJTK,1,1.6084834273893616,1.5752235206630238,2.5226173078913647,0,1,0,1,0,1,1,0,0,1,0,1,0,1,0,0,0,1,0,1,0,1,1,0,1,0,0
3855-ONCAR,0,-1.1595065416350294,0.46357522629047915,-0.8788034901062051,0,1,1,1,0,0,1,0,0,0,0,0,0,0,0,0,0,1,0,0,0,0,1,0,0,1,0
2012-NWRPA,1,-0.8745663977648716,1.1488151450604207,-0.5137492991837851,0,1,0,1,0,1,1,0,0,0,0,0,0,1,0,0,0,1,0,1,0,0,1,0,1,0,1
0578-SKVMF,0,-0.4268033145403377,0.6095827634617982,-0.19995504787311877,0,1,1,1,0,0,1,0,0,0,0,1,0,0,0,0,0,0,0,1,0,0,0,0,1,0,1
0512-FLFDW,1,1.1200146093262338,1.1803394996769556,1.6366655379078359,0,1,0,1,0,1,1,0,0,0,0,0,0,1,0,0,0,1,0,1,1,0,1,1,0,0,0
6156-UZDLF,0,-0.2639803751859618,0.7373393584867028,-0.011950712611852122,0,0,0,1,0,0,1,0,0,1,0,0,0,1,0,1,0,0,0,0,1,0,1,1,0,0,0
5394-SVGJV,0,0.18378270803857208,1.1239274966789456,0.5155546787932132,1,0,0,1,0,1,1,0,0,0,0,0,0,0,0,1,0,1,0,1,0,0,0,0,0,0,1
3992-YWPKO,0,-1.0780950719578415,1.4922646927247742,-0.7164840068131403,0,0,0,1,0,1,1,0,0,0,0,1,0,1,0,1,0,1,0,1,0,0,1,1,0,0,1
2362-IBOOY,0,0.14307697319997809,0.6576988836659831,0.32877970396803124,1,0,0,1,0,1,1,0,0,0,0,0,0,0,0,0,0,0,0,1,0,0,1,0,1,0,1
0229-LFJAF,0,1.6084834273893616,0.1566275629189556,1.1445920704999315,1,0,0,1,0,1,0,0,0,1,0,1,0,1,0,1,0,0,0,0,0,1,0,0,0,0,0
4778-IZARL,0,1.2421318138420157,1.4989013989598339,1.9337756118716358,1,1,0,1,0,0,1,0,0,1,0,1,0,1,0,1,0,1,0,1,0,1,1,1,0,0,0
2595-KIWPV,0,-0.22327464034736777,-1.5008898192872717,-0.7867990331842096,1,0,1,1,0,0,0,1,1,0,1,0,1,0,1,0,1,0,1,0,0,1,0,1,0,0,0
5208-HFSBT,0,-1.2409180113122174,-0.3278519922404224,-0.9652977779307486,0,0,0,1,0,0,0,0,0,0,0,1,0,0,0,1,0,0,0,0,0,0,1,1,0,0,1
2946-KIQSP,0,0.1023712383613841,-1.044616265626899,-0.4941453908012173,0,0,0,0,1,0,0,0,0,0,0,0,0,1,0,1,0,0,0,0,0,0,1,0,0,1,0
5312-TSZVC,0,-0.7117434584104956,-1.5025489958460367,-0.891602010360446,0,0,1,1,0,0,0,1,1,0,1,0,1,0,1,0,1,0,1,0,1,0,0,0,0,1,0
4441-NIHPT,1,-0.7931549280876836,0.3109309828840996,-0.597543384621928,0,0,0,1,0,0,1,0,0,0,0,0,0,1,0,0,0,0,0,0,0,0,1,0,1,0,1
9058-HRZSV,1,1.3235432835192036,0.9779199595076267,1.6793199544669952,0,1,0,1,0,0,1,0,0,1,0,1,0,1,0,0,0,0,0,1,0,0,0,0,1,0,0
1518-VOWAV,0,-0.9559778674420595,0.32254521879545484,-0.7015121529308209,0,0,0,1,0,0,0,0,0,1,0,1,0,0,0,0,0,1,0,1,0,0,1,0,1,0,1
7379-FNIUJ,0,-1.2409180113122174,1.1703844403243657,-0.9232580415896317,1,0,0,1,0,0,1,0,0,1,0,1,0,0,0,0,0,1,0,1,0,0,0,0,1,0,0
4817-QRJSX,0,-0.9152721326034655,0.5332606417586087,-0.6512400922409213,0,0,0,1,0,1,1,0,0,0,0,1,0,0,0,0,0,0,0,0,0,0,1,1,0,0,1
0486-LGCCH,0,-0.8745663977648716,-1.5025489958460367,-0.9112937302027341,1,1,1,1,0,0,0,1,1,0,1,0,1,0,1,0,1,0,1,0,0,1,0,0,0,1,0
9531-NSBMR,0,0.14307697319997809,-1.5158224083161567,-0.7119397637726124,0,0,0,1,0,0,0,1,1,0,1,0,1,0,1,0,1,0,1,0,1,0,1,0,0,0,0
0822-QGCXA,1,-0.22327464034736777,0.6278337056082129,0.0038992558676707906,0,1,0,1,0,1,0,0,0,0,0,1,0,1,0,1,0,1,0,1,0,0,0,0,1,0,0
3544-FBCAS,0,1.6084834273893616,0.6195378228143881,1.6060632441952944,0,1,1,1,0,1,0,0,0,1,0,1,0,1,0,0,0,1,0,1,0,1,1,1,0,0,0
0916-KNFAJ,0,1.1607203441648277,0.16492344571278056,0.8453525686379129,1,1,0,1,0,1,0,0,0,1,0,0,0,1,0,0,0,0,0,1,0,1,1,0,0,1,0
0193-ESZXP,1,1.0386031396490458,1.3462571555534548,1.7141591511110437,0,1,0,1,0,0,1,0,0,1,0,1,0,0,0,1,0,1,0,1,1,0,1,1,0,0,1
0428-IKYCP,0,-0.4268033145403377,0.7323618288104077,-0.19786952570476046,1,1,0,1,0,0,1,0,0,0,0,0,0,1,0,0,0,1,0,0,0,0,1,0,0,0,0
7330-WZLNC,0,-1.1188008067964355,0.858459247276547,-0.8104203158489834,0,0,0,1,0,1,1,0,0,0,0,1,0,0,0,0,0,1,0,0,0,0,1,0,1,0,1
1597-LHYNC,1,-0.2639803751859618,0.9978300782128064,0.08600297070619689,0,0,0,1,0,1,1,0,0,1,0,1,0,0,0,0,0,0,0,1,0,0,1,0,1,0,1
9705-IOVQQ,1,1.1607203441648277,1.1305642029140057,1.6104538171813119,1,1,1,1,0,1,1,0,0,0,0,1,0,0,0,0,0,1,0,1,1,0,0,0,1,0,0
2474-BRUCM,1,0.30589991255435406,1.2251372667636102,0.7837089239142282,1,1,0,1,0,1,1,0,0,1,0,0,0,0,0,0,0,1,0,1,0,0,0,0,1,0,1
8065-BVEPF,1,1.3235432835192036,1.1338825560315355,1.8417711549496403,1,0,0,1,0,0,1,0,0,0,0,1,0,1,0,0,0,1,0,1,0,0,1,0,0,0,0
2081-VEYEH,0,-1.2002122764736234,1.4275568069329394,-0.8705272600275622,1,0,0,1,0,0,1,0,0,0,0,1,0,1,0,1,0,1,0,1,0,0,1,0,1,0,0
7801-CEDNV,0,-0.22327464034736777,-0.5385674152035762,-0.38618120107504844,1,1,0,1,0,0,0,0,0,1,0,0,0,0,0,0,0,0,0,0,1,0,0,1,0,0,0
5736-YEJAX,0,1.4863662228735797,0.48182616843689396,1.405523823058948,1,0,1,1,0,1,0,0,0,1,0,1,0,1,0,1,0,1,0,0,0,1,1,1,0,0,0
8510-TMWYB,0,0.8757802002946699,-0.17023021915774814,0.41496665168355346,0,1,1,1,0,1,0,0,0,0,0,1,0,1,0,0,0,0,0,0,0,1,1,0,0,0,0
2038-YSEZE,0,-0.1418631706701798,0.08362379433329585,-0.21962481485047697,0,0,0,1,0,1,0,0,0,1,0,1,0,0,0,1,0,0,0,0,0,0,0,0,0,1,0
4847-TAJYI,1,-1.0780950719578415,0.8103431270723621,-0.7611141812160076,0,0,0,1,0,0,1,0,0,0,0,0,0,0,0,0,0,1,0,1,0,0,1,0,1,0,0
6082-GLJIX,0,-0.5896262538947137,-1.5158224083161567,-0.86492927947039,1,0,0,1,0,0,0,1,1,0,1,0,1,0,1,0,1,0,1,0,0,0,0,0,0,1,0
5832-XKAES,0,-1.2409180113122174,0.1616050925952503,-0.951269897240423,1,0,0,1,0,0,1,0,0,0,0,0,0,0,0,0,0,0,0,0,0,0,1,1,0,0,1
9867-NNXLC,0,-0.4268033145403377,-1.4892755833759168,-0.8039661735595378,0,0,0,1,0,0,0,1,1,0,1,0,1,0,1,0,1,0,1,0,0,0,1,0,0,1,0
7850-THJMU,0,-0.2639803751859618,-1.5025489958460367,-0.7931214582840747,0,1,1,1,0,0,0,1,1,0,1,0,1,0,1,0,1,0,1,0,0,1,0,1,0,0,0
3797-FKOGQ,0,-0.8745663977648716,0.7058150038701679,-0.6182449362510002,1,0,1,1,0,1,1,0,0,0,0,0,0,0,0,0,0,0,0,1,0,0,0,0,1,0,0
8647-SDTWQ,0,0.9978974048104517,0.3109309828840996,0.7538749804742396,1,1,1,1,0,1,1,0,0,0,0,0,0,0,0,0,0,0,0,0,0,0,1,0,1,0,0
0690-SRQID,0,-1.1595065416350294,-1.5025489958460367,-0.9807525948415299,1,0,0,1,0,0,0,1,1,0,1,0,1,0,1,0,1,0,1,0,0,0,1,0,0,1,0
0362-ZBZWJ,0,0.14307697319997809,0.6626764133422782,0.33626563090919087,1,0,0,1,0,1,1,0,0,0,0,0,0,0,0,0,0,0,0,1,0,0,1,0,1,0,1
6729-FZWSY,0,1.4049547531963917,-1.5091857020810966,-0.4853203390993222,1,0,0,1,0,0,0,1,1,0,1,0,1,0,1,0,1,0,1,0,1,0,1,0,0,1,0
2338-BQEZT,0,0.9164859351332638,-0.4771778825292717,0.2333286472520121,0,0,0,1,0,0,0,0,0,1,0,0,0,0,0,0,0,0,0,0,0,0,1,1,0,0,0
1194-HVAIF,0,-0.22327464034736777,0.9978300782128064,0.07078963530964663,0,1,0,1,0,1,1,0,0,0,0,0,0,0,0,0,0,1,0,1,0,0,0,1,0,0,0
0887-HJGAR,0,-1.2816237461508113,-0.6381180087294758,-0.9903459968159781,1,0,0,1,0,0,0,0,0,0,0,0,0,0,0,0,0,0,0,0,0,0,1,0,0,1,1
8957-THMOA,0,0.7129572609402939,-1.4859572302583868,-0.5841521370145748,0,0,1,1,0,0,0,1,1,0,1,0,1,0,1,0,1,0,1,0,0,1,0,1,0,0,0
8197-BFWVU,0,1.6084834273893616,0.9397588986560317,1.9264214021200567,0,1,1,1,0,1,0,0,0,1,0,1,0,1,0,1,0,1,0,1,0,1,1,0,0,0,0
4484-CGXFK,0,-1.2002122764736234,-0.3195561094465974,-0.9242898262413457,0,0,0,1,0,0,0,0,0,0,0,0,0,0,0,0,0,0,0,1,0,0,1,0,1,0,1
1837-YQUCE,0,1.5270719577121736,-0.21834633936193276,0.8398863052703213,0,0,0,0,1,0,0,0,0,1,0,0,0,1,0,1,0,1,0,1,0,1,1,0,0,0,0
0835-JKADZ,0,1.5677776925507676,1.5370624598114289,2.495088415269035,0,0,0,1,0,1,1,0,0,0,0,1,0,1,0,1,0,1,0,1,0,1,1,0,1,0,0
0031-PVLZI,0,-1.1595065416350294,-1.4793205240233267,-0.9768888906138347,0,1,1,1,0,0,0,1,1,0,1,0,1,0,1,0,1,0,1,0,0,0,0,0,0,1,1
5405-ZMYXQ,0,-0.9966836022806536,0.32088604223668943,-0.7694123641595805,0,0,0,1,0,1,1,0,0,0,0,0,0,0,0,0,0,0,0,0,0,0,1,1,0,0,0
3043-SUDUA,0,-0.019745966154397852,-1.4942531130522119,-0.7462959973881987,0,0,0,1,0,0,0,1,1,0,1,0,1,0,1,0,1,0,1,0,0,0,0,0,0,0,0
4123-FCVCB,0,-0.8338606629262776,0.36236545620581423,-0.6352584065718178,0,0,0,1,0,1,0,0,0,0,0,0,0,0,0,1,0,1,0,1,1,0,1,0,0,1,0
8734-DKSTZ,0,-0.9152721326034655,0.697519121076343,-0.6334363187826205,0,1,1,1,0,1,1,0,0,0,0,0,0,0,0,0,0,0,0,1,0,0,0,0,1,0,0
7716-YTYHG,0,0.631545791263106,0.5681033494926734,0.7589680451380197,0,1,1,1,0,1,1,0,0,0,0,0,0,0,0,0,0,0,0,1,1,0,1,0,0,1,1
1447-PJGGA,0,0.9978974048104517,1.0061259610066313,1.3888835514419415,0,0,0,1,0,0,1,0,0,0,0,0,0,1,0,0,0,1,0,1,0,1,1,0,1,0,1
0570-BFQHT,0,-0.9559778674420595,0.5183280527297236,-0.7233113478063974,0,0,0,1,0,0,1,0,0,0,0,1,0,1,0,0,0,0,0,0,0,0,0,0,1,0,0
8802-UNOJF,1,-0.8338606629262776,0.6261745290494481,-0.558291662126932,1,0,0,1,0,0,1,0,0,0,0,1,0,1,0,1,0,0,0,0,0,0,1,0,0,1,1
3165-HDOEW,0,-1.2816237461508113,-0.6331404790531808,-0.9902801382211879,1,1,1,1,0,0,0,0,0,0,0,0,0,0,0,0,0,0,0,0,0,0,1,0,0,1,1
6633-SYEUS,0,-0.38609757970174374,0.6062644103442684,-0.11811476741375376,0,0,0,1,0,0,1,0,0,0,0,1,0,1,0,1,0,0,0,0,0,0,0,0,0,0,0
3262-EIDHV,0,1.6084834273893616,0.6560397071072182,1.5773488968667402,0,1,1,1,0,1,0,0,0,1,0,0,0,1,0,1,0,1,0,1,0,1,0,1,0,0,0
6128-CZOMY,0,-1.2816237461508113,-0.6397771852882409,-0.9903679496809081,0,0,0,1,0,0,0,0,0,0,0,0,0,0,0,0,0,0,0,0,0,0,1,0,1,0,1
1850-AKQEP,0,-0.9966836022806536,-1.4793205240233267,-0.9319513761019462,1,0,1,1,0,0,0,1,1,0,1,0,1,0,1,0,1,0,1,0,0,0,0,0,0,1,0
0030-FNXPP,0,-1.2002122764736234,-1.4959122896109767,-0.9852968378820581,0,0,0,1,0,0,0,1,1,0,1,0,1,0,1,0,1,0,1,0,0,0,0,0,0,1,0
8969-PRHFK,0,-0.5896262538947137,-1.5025489958460367,-0.8298486013121106,1,0,0,1,0,0,0,1,1,0,1,0,1,0,1,0,1,0,1,0,1,0,0,0,0,1,0
5590-BYNII,0,-0.4268033145403377,1.1886353824707805,-0.09058587479142441,1,0,0,1,0,1,1,0,0,1,0,0,0,0,0,0,0,1,0,1,0,0,1,0,1,0,1
4609-KNNWG,0,-0.22327464034736777,-1.4942531130522119,-0.7688854954012585,0,1,1,1,0,0,0,1,1,0,1,0,1,0,1,0,1,0,1,0,0,1,0,0,0,1,0
4803-AXVYP,1,0.22448844287716607,1.1488151450604207,0.6291388019414842,0,0,0,1,0,1,1,0,0,0,0,0,0,0,0,1,0,1,0,1,0,0,1,0,1,0,1
3580-HYCSP,0,1.6084834273893616,1.505538105194894,2.4875146768681553,1,1,1,1,0,1,1,0,0,1,0,1,0,1,0,0,0,1,0,1,0,1,1,0,0,0,0
7306-YDSOI,0,1.4863662228735797,-0.17188939571651304,0.7765083842171595,1,1,1,1,0,0,0,0,0,1,0,1,0,1,0,0,0,0,0,0,0,1,1,0,0,0,0
3088-LHEFH,0,-0.8745663977648716,0.46689357940800896,-0.6023949677714773,0,0,0,1,0,1,1,0,0,1,0,0,0,0,0,0,0,0,0,0,0,0,1,0,0,0,0
3190-FZATL,0,-0.7524491932490895,-1.4925939364934466,-0.8925679364173696,1,0,1,1,0,0,0,1,1,0,1,0,1,0,1,0,1,0,1,0,0,0,0,0,0,1,0
9297-FVVDH,0,0.9978974048104517,0.6494030008721581,1.1169973192828118,0,1,1,1,0,1,0,0,0,1,0,0,0,1,0,1,0,1,0,1,0,1,1,0,1,0,0
5627-TVBPP,0,0.1023712383613841,-1.4876164068171518,-0.7274384864132538,0,0,1,1,0,0,0,1,1,0,1,0,1,0,1,0,1,0,1,0,1,0,1,1,0,0,0
3090-LETTY,0,-1.2409180113122174,-0.13206915830615312,-0.9513138029702831,1,0,1,1,0,1,0,0,0,1,0,1,0,0,0,0,0,0,0,0,0,0,0,0,0,0,0
8118-LSUEL,1,-0.38609757970174374,1.376122333611225,0.07998788571535308,1,0,0,1,0,1,1,0,0,0,0,1,0,1,0,0,0,1,0,1,0,0,1,0,1,0,1
2068-WWXQZ,0,0.5501343215859179,-1.4892755833759168,-0.6143812320233049,1,0,0,1,0,0,0,1,1,0,1,0,1,0,1,0,1,0,1,0,0,1,0,0,0,0,0
2882-DDZPG,0,-0.8338606629262776,-1.5091857020810966,-0.9105473327951112,0,0,0,1,0,0,0,1,1,0,1,0,1,0,1,0,1,0,1,0,0,0,0,0,0,0,0
5816-SCGFC,1,-1.0373893371192475,-0.4522902341477968,-0.8262922371934365,0,0,0,1,0,0,0,0,0,0,0,1,0,0,0,0,0,0,0,0,0,0,1,0,0,1,0
3283-WCWXT,0,-1.0780950719578415,-1.3117436915880627,-0.9431034314864304,1,1,1,1,0,1,0,1,1,0,1,0,1,0,1,0,1,0,1,0,0,1,0,0,0,1,0
3276-HDUEG,0,-1.2816237461508113,0.3358186312655745,-0.9774596651020168,0,0,0,1,0,1,1,0,0,0,0,0,0,0,0,0,0,0,0,0,0,0,1,0,0,1,1
9488-FYQAU,0,1.2421318138420157,1.4706953974608292,1.9933556872918925,0,1,0,1,0,1,1,0,0,0,0,1,0,1,0,1,0,1,0,1,0,1,1,0,0,0,0
7839-NUIAA,0,1.1607203441648277,-0.17023021915774814,0.5884162374961724,0,1,1,1,0,1,0,0,0,1,0,1,0,0,0,0,0,0,0,0,0,0,0,0,1,0,0
4673-KKSLS,0,-0.06045170099299184,0.7522719475155875,0.18569093035372292,0,0,0,1,0,0,1,0,0,1,0,0,0,1,0,1,0,0,0,0,0,0,0,0,1,0,0
5998-VVEJY,0,-0.2639803751859618,0.5166688761709587,-0.09330803004275513,1,0,0,1,0,1,1,0,0,0,0,0,0,0,0,1,0,0,0,0,0,0,1,0,1,0,1
9342-VNIMQ,0,0.020959768684196134,-0.34112540471054226,-0.2792927017304539,1,0,0,1,0,1,0,0,0,0,0,1,0,0,0,0,0,0,0,0,0,0,1,0,0,0,0
5360-XGYAZ,0,1.6084834273893616,0.02389343821775623,1.0375718539657564,1,1,1,0,1,0,0,0,0,1,0,1,0,1,0,1,0,1,0,1,0,1,1,0,0,0,0
7576-ASEJU,0,0.346605647392948,0.3242043953542197,0.38915008252577105,0,1,1,1,0,0,0,0,0,1,0,0,0,0,0,1,0,1,0,1,1,0,1,1,0,0,0
7711-YIJWC,0,1.1607203441648277,0.6626764133422782,1.3010062331268026,1,1,1,1,0,0,0,0,0,1,0,1,0,1,0,1,0,1,0,1,1,0,0,0,0,0,0
6508-NJYRO,0,-0.7117434584104956,-1.5307549973450416,-0.8809109651394934,1,1,0,1,0,0,0,1,1,0,1,0,1,0,1,0,1,0,1,0,1,0,0,0,0,1,0
1925-LFCZZ,1,0.9164859351332638,-0.4937696481169216,0.1941208304868763,1,0,0,0,1,0,0,0,0,0,0,0,0,1,0,0,0,1,0,1,1,0,1,0,0,0,0
4566-GOLUK,0,0.590840056424512,1.4076466882277594,1.237101443315319,1,1,1,1,0,1,1,0,0,0,0,0,0,1,0,1,0,1,0,1,0,0,1,0,0,0,1
0406-BPDVR,1,0.8757802002946699,1.2135230308522553,1.3486878557549522,0,1,0,1,0,1,1,0,0,0,0,1,0,0,0,0,0,1,0,1,1,0,1,1,0,0,1
2676-ISHSF,0,-1.2816237461508113,-1.480979700582092,-1.0014980522004622,1,0,0,1,0,0,0,1,1,0,1,0,1,0,1,0,1,0,1,0,0,0,0,0,0,1,0
5630-IXDXV,0,0.590840056424512,1.3744631570524595,1.1186218312876384,0,0,0,1,0,1,1,0,0,0,0,1,0,1,0,0,0,1,0,1,0,0,1,0,1,0,0
8894-JVDCV,0,1.2014260790034217,1.6631598782775683,2.1215823713485316,0,0,0,1,0,1,1,0,0,1,0,1,0,1,0,1,0,1,0,1,1,0,1,1,0,0,0
6980-CDGFC,0,1.4049547531963917,-1.462728758435677,-0.42760625719812295,0,1,0,1,0,0,0,1,1,0,1,0,1,0,1,0,1,0,1,0,1,0,1,0,0,0,0
7349-ALMUX,0,0.18378270803857208,0.02223426165899086,0.005479862142637228,1,0,0,1,0,0,0,0,0,1,0,1,0,1,0,1,0,0,0,0,0,1,0,0,0,0,0
3055-OYMSE,1,0.8350744654560759,0.2943392172964497,0.7475086496445142,0,0,0,1,0,0,1,0,0,0,0,1,0,0,0,0,0,0,0,0,0,0,1,1,0,0,0
6418-PIQSP,0,1.2014260790034217,0.5332606417586087,1.1786848697363568,0,1,0,1,0,0,0,0,0,1,0,0,0,1,0,1,0,1,0,1,0,1,0,0,0,1,0
8317-BVKSO,0,-0.7524491932490895,-1.4892755833759168,-0.8790010658905758,1,0,0,1,0,0,0,1,1,0,1,0,1,0,1,0,1,0,1,0,0,0,1,0,1,0,0
7623-HKYRK,0,-1.0780950719578415,-1.5008898192872717,-0.961390167973193,1,0,1,1,0,0,0,1,1,0,1,0,1,0,1,0,1,0,1,0,0,0,0,0,0,1,0
9323-HGFWY,0,-0.22327464034736777,1.2267964433223755,0.1667675607839878,0,1,0,1,0,0,1,0,0,1,0,0,0,0,0,1,0,1,0,1,1,0,1,1,0,0,0
5567-GZKQY,0,1.0386031396490458,-1.480979700582092,-0.5136175819942046,1,0,0,1,0,0,0,1,1,0,1,0,1,0,1,0,1,0,1,0,0,1,0,1,0,0,0
5536-RTPWK,0,0.6722515261016999,1.1322233794727707,1.1206634477261364,1,1,0,1,0,1,1,0,0,0,0,1,0,0,0,0,0,1,0,1,0,0,1,0,0,0,1
7103-ZGVNT,0,1.4863662228735797,0.29102086417891987,1.1347571870112525,0,1,1,1,0,1,0,0,0,1,0,1,0,0,0,1,0,1,0,0,1,0,0,1,0,0,0
5816-JMLGY,0,1.5270719577121736,0.5133505230534289,1.5000528594479035,0,1,1,1,0,0,0,0,0,0,0,1,0,1,0,1,0,1,0,1,0,1,1,0,0,0,0
7243-LCGGZ,0,-1.2816237461508113,-1.461069581876912,-1.0012346178213012,0,0,0,1,0,0,0,1,1,0,1,0,1,0,1,0,1,0,1,0,0,0,0,0,0,1,0
9987-LUTYD,0,-0.7931549280876836,-0.32453363912289235,-0.6842352482308423,0,0,0,1,0,0,0,0,0,1,0,0,0,0,0,1,0,0,0,0,1,0,0,0,0,1,0
4367-NHWMM,0,-1.2816237461508113,-1.3283354571757127,-0.9994783886268943,0,0,0,0,1,0,0,0,0,0,0,0,0,0,0,0,0,0,0,0,0,0,1,0,0,1,0
7020-OZKXZ,1,-0.9559778674420595,0.3507512202944595,-0.7305557932333262,0,0,0,1,0,0,1,0,0,0,0,0,0,1,0,0,0,0,0,0,0,0,0,1,0,0,0
2636-SJDOU,0,1.2828375486806096,0.642766294637098,1.3117850898074757,1,0,0,1,0,1,1,0,0,1,0,1,0,0,0,0,0,0,0,0,1,0,1,1,0,0,0
1230-QAJDW,0,-1.2002122764736234,0.010620025747636104,-0.9182527883855717,1,0,0,1,0,1,0,0,0,0,0,0,0,0,0,1,0,1,0,0,0,0,1,0,0,1,0
1089-HDMKP,1,-0.8745663977648716,-0.3444437578280723,-0.7464277145777792,1,0,1,1,0,0,0,0,0,0,0,1,0,0,0,1,0,0,0,0,0,0,1,0,1,0,0
4139-JPIAM,0,0.7536629957788878,-0.6795974226986006,-0.0525854655974434,1,0,0,0,1,0,0,0,0,1,0,0,0,0,0,1,0,0,0,1,0,0,1,1,0,0,0
4942-VZZOM,0,1.2828375486806096,0.04048520380540615,0.918148268746082,1,1,0,1,0,1,0,0,0,1,0,0,0,0,0,0,0,1,0,0,1,0,1,1,0,0,0
6131-JLWZM,0,-0.7931549280876836,-1.480979700582092,-0.8894945353271575,0,0,0,1,0,0,0,1,1,0,1,0,1,0,1,0,1,0,1,0,0,0,1,0,0,1,0
3884-HCSWG,0,-0.6303319887333076,0.16824179883031035,-0.5079098371123819,0,0,0,1,0,0,1,0,0,0,0,0,0,0,0,0,0,0,0,0,0,0,1,0,1,0,1
4644-PIZRT,0,-0.6303319887333076,0.17985603474166512,-0.4828177124972922,1,1,1,1,0,1,0,0,0,1,0,0,0,1,0,0,0,1,0,0,1,0,1,0,0,0,0
9750-BOOHV,0,-0.019745966154397852,-1.1541219185053884,-0.60311941231417,0,0,0,0,1,0,0,0,0,1,0,0,0,0,0,0,0,0,0,0,1,0,0,0,0,1,0
5208-FVQKB,0,1.5270719577121736,0.10021555992094577,1.0374181839112457,1,1,0,1,0,0,0,0,0,1,0,1,0,0,0,1,0,0,0,1,0,1,0,0,0,1,0
1761-AEZZR,0,-1.2816237461508113,0.4851445215544238,-0.9754839072583089,1,0,0,1,0,0,1,0,0,0,0,0,0,0,0,0,0,1,0,0,0,0,1,0,1,0,1
7607-QKKTJ,0,0.5094285867473239,0.9978300782128064,0.907764563634151,1,1,1,1,0,1,1,0,0,0,0,1,0,1,0,0,0,0,0,1,1,0,1,1,0,0,0
4720-VSTSI,0,0.46872285190873,0.659358060224748,0.685469853352088,0,0,0,1,0,1,1,0,0,0,0,1,0,1,0,0,0,0,0,0,0,0,1,0,0,0,1
5197-YPYBZ,0,-0.8338606629262776,-1.3167212212643575,-0.8898018754361787,0,1,1,1,0,1,0,1,1,0,1,0,1,0,1,0,1,0,1,0,0,1,0,1,0,0,0
1591-XWLGB,0,1.5677776925507676,-1.4959122896109767,-0.404687466211112,0,1,0,1,0,0,0,1,1,0,1,0,1,0,1,0,1,0,1,0,0,1,0,1,0,0,0
7598-UAASY,0,-1.2409180113122174,0.38061639835222955,-0.943762017434333,1,1,0,1,0,0,1,0,0,0,0,0,0,1,0,0,0,0,0,0,0,0,0,0,1,0,1
4765-OXPPD,0,-0.9559778674420595,0.0023241429538111433,-0.7192939735241916,0,1,1,1,0,0,0,0,0,1,0,1,0,1,0,1,0,0,0,0,0,0,0,0,0,1,1
1329-VHWNP,0,-1.0373893371192475,-1.3233579274994176,-0.9270119814926766,0,0,0,0,1,0,0,0,0,0,0,0,0,0,0,0,0,0,0,0,0,0,0,0,0,0,0
3583-KRKMD,0,-0.5896262538947137,0.36402463276457964,-0.4075632915169534,1,0,0,1,0,0,1,0,0,0,0,0,0,0,0,1,0,0,0,0,0,0,1,0,0,0,0
8111-RKSPX,0,-1.1595065416350294,0.2412455674159701,-0.8762569577743149,1,0,0,1,0,1,1,0,0,0,0,0,0,0,0,0,0,0,0,0,0,0,1,0,0,0,1
6040-CGACY,0,-0.7117434584104956,-1.5042081724048018,-0.8789571601607156,0,0,0,1,0,0,0,1,1,0,1,0,1,0,1,0,1,0,1,0,0,0,0,0,0,1,0
3705-RHRFR,0,1.4863662228735797,1.135541732590301,2.008261682579422,0,1,0,1,0,1,1,0,0,1,0,0,0,0,0,0,0,1,0,1,0,1,0,0,0,0,0
6595-COKXZ,0,-1.2816237461508113,-0.6795974226986006,-0.9908948184392303,0,0,0,1,0,0,0,0,0,0,0,0,0,0,0,0,0,0,0,0,0,0,1,0,0,1,1
7503-ZGUZJ,0,-1.2816237461508113,0.6543805305484532,-0.9732447150354401,1,0,0,1,0,1,1,0,0,0,0,0,0,0,0,0,0,1,0,0,0,0,1,0,0,1,1
9795-VOWON,0,-1.0373893371192475,-1.3465863993221274,-0.9441791218680048,1,0,0,0,1,0,0,0,0,0,0,0,0,0,0,0,0,0,0,0,1,0,1,1,0,0,0
6762-QVYJO,0,1.0386031396490458,-0.17188939571651304,0.5808864048251525,0,1,1,0,1,0,0,0,0,1,0,0,0,1,0,1,0,1,0,1,0,1,0,0,0,1,0
9659-QEQSY,0,0.5094285867473239,1.6830699969827483,1.2399772686211603,0,0,0,1,0,1,1,0,0,1,0,1,0,1,0,1,0,1,0,1,0,0,1,0,1,0,0
0930-EHUZA,0,0.14307697319997809,0.3789572217934642,0.13392607484857727,0,0,0,1,0,0,0,0,0,1,0,1,0,1,0,1,0,1,0,0,1,0,1,0,0,1,0
9774-NRNAU,1,-0.22327464034736777,0.659358060224748,0.003613868623579817,1,1,0,1,0,1,0,0,0,0,0,1,0,1,0,1,0,1,0,1,0,0,1,0,0,0,0
2378-VTKDH,1,1.3235432835192036,1.3080960947018598,1.8779494763544242,1,1,0,1,0,1,1,0,0,0,0,1,0,1,0,0,0,1,0,1,0,0,1,0,1,0,0
1480-BKXGA,1,1.6084834273893616,1.696343409452868,2.679821773655719,1,1,0,1,0,1,1,0,0,1,0,1,0,1,0,1,0,1,0,1,0,1,1,0,0,0,0
2706-QZIHY,0,-0.7117434584104956,-1.3183803978231226,-0.8401005892344613,0,1,0,1,0,1,0,1,1,0,1,0,1,0,1,0,1,0,1,0,0,1,0,0,0,1,0
3234-VKACU,0,-1.2409180113122174,0.1781968581829002,-0.9522797290272068,1,0,0,1,0,0,0,0,0,0,0,0,0,0,0,1,0,1,0,1,0,0,0,0,1,0,0
9518-RWHZL,0,1.2828375486806096,1.1654069106480704,1.7355412415529485,0,0,0,1,0,1,1,0,0,0,0,0,0,1,0,0,0,1,0,1,1,0,1,1,0,0,1
9330-IJWIO,0,-0.7931549280876836,1.1753619700006603,-0.4137979051570982,0,0,0,1,0,1,1,0,0,1,0,0,0,0,0,0,0,1,0,1,0,0,1,0,1,0,1
9477-LGWQI,0,1.5270719577121736,0.505054640259604,1.448375815402478,1,1,1,1,0,0,0,0,0,1,0,1,0,1,0,0,0,1,0,1,0,1,1,1,0,0,0
4349-GFQHK,0,-1.2816237461508113,-0.35108046406313215,-0.986548151183073,1,0,0,1,0,1,0,0,0,0,0,0,0,1,0,0,0,0,0,0,0,0,0,0,1,0,1
3771-PZOBW,0,-0.5082147842175256,0.8551408941590172,-0.2282961964978614,1,0,0,1,0,1,1,0,0,0,0,0,0,1,0,0,0,1,0,0,0,0,1,1,0,0,0
5075-JSDKI,0,1.0793088744876398,-1.3432680462045974,-0.3548544628198141,0,0,0,1,0,1,0,1,1,0,1,0,1,0,1,0,1,0,1,0,0,1,0,0,1,0,0
2675-OTVVJ,1,-0.06045170099299184,0.8136614801898924,0.22230830905710838,1,1,0,1,0,1,1,0,0,1,0,0,0,0,0,0,0,1,0,0,0,0,0,0,1,0,0
7541-YLXCL,0,0.14307697319997809,0.01559755542393127,0.0865298394645191,1,0,0,1,0,0,0,0,0,0,0,1,0,0,0,1,0,0,0,1,1,0,1,0,0,1,1
1455-ESIQH,0,-1.2816237461508113,0.8020472442785371,-0.9712909100566625,1,0,0,1,0,0,1,0,0,0,0,0,0,0,0,0,0,1,0,1,0,0,1,0,1,0,1
3148-BLQJT,0,-1.2816237461508113,-1.4876164068171518,-1.0015858636601827,1,0,0,1,0,0,0,1,1,0,1,0,1,0,1,0,1,0,1,0,0,0,0,0,0,1,1
1991-VOPLL,0,-0.9559778674420595,-1.5224591145512167,-0.9411935322375128,0,0,0,1,0,0,0,1,1,0,1,0,1,0,1,0,1,0,1,0,0,0,0,0,0,1,0
1333-PBMXB,0,0.8757802002946699,-1.3333129868520075,-0.4211301620437472,0,1,1,1,0,1,0,1,1,0,1,0,1,0,1,0,1,0,1,0,1,0,1,0,0,0,0
9063-ZGTUY,0,1.1607203441648277,-1.5108448786398618,-0.49120370690058557,0,1,1,1,0,0,0,1,1,0,1,0,1,0,1,0,1,0,1,0,0,0,1,0,0,1,1
3074-GQWYX,0,-1.1188008067964355,0.36402463276457964,-0.8533381667873039,1,0,0,1,0,1,1,0,0,0,0,0,0,0,0,0,0,0,0,0,0,0,1,0,0,0,1
1163-ONYEY,0,0.346605647392948,0.3192268656779245,0.31710077982522494,1,1,1,1,0,1,0,0,0,1,0,1,0,1,0,0,0,1,0,0,0,0,1,1,0,0,0
5766-FTRTS,0,1.6084834273893616,0.6477438243133932,1.6384656728321032,1,1,0,1,0,0,0,0,0,1,0,1,0,1,0,1,0,1,0,1,0,1,0,0,0,1,0
8725-JEDFD,0,-0.22327464034736777,0.1367174442137754,-0.22307141464450062,1,0,0,1,0,0,1,0,0,0,0,0,0,0,0,0,0,0,0,0,0,0,1,0,0,1,0
9863-JZAIC,0,0.1023712383613841,-0.3295111687991873,-0.1276642636583417,1,0,0,1,0,0,0,0,0,0,0,0,0,0,0,0,0,1,0,0,0,0,0,0,0,1,1
5565-FILXA,1,-0.6710377235719016,1.0359911390644014,-0.33900449434029106,0,0,0,1,0,1,1,0,0,0,0,0,0,0,0,0,0,1,0,1,0,0,1,0,1,0,1
9847-HNVGP,0,-0.6303319887333076,-1.4925939364934466,-0.8740397184163762,1,0,0,1,0,0,0,1,1,0,1,0,1,0,1,0,1,0,1,0,1,0,0,0,0,1,0
5201-CBWYG,0,1.2014260790034217,-1.3316538102932427,-0.3622525783012534,1,1,1,1,0,1,0,1,1,0,1,0,1,0,1,0,1,0,1,0,1,0,0,0,0,0,0
0021-IKXGC,1,-1.2816237461508113,0.23792721429843983,-0.978754884132892,0,0,0,1,0,1,1,0,0,0,0,0,0,0,0,0,0,0,0,0,0,0,1,0,1,0,0
6599-GZWCM,0,-0.7931549280876836,0.32254521879545484,-0.5861718005881428,0,0,0,1,0,0,1,0,0,0,0,1,0,0,0,0,0,0,0,0,1,0,1,0,0,1,0
8065-YKXKD,0,-0.9152721326034655,0.3258635719129846,-0.6593187465351933,0,0,0,1,0,1,1,0,0,0,0,0,0,0,0,0,0,0,0,0,0,0,1,0,1,0,1
2235-ZGKPT,0,-1.1595065416350294,-0.46722282317668157,-0.9052347394820299,0,1,1,1,0,1,0,0,0,0,0,0,0,0,0,0,0,0,0,0,0,0,0,0,0,1,1
7665-VIGUD,0,-0.9152721326034655,-1.4793205240233267,-0.9330051136185903,1,0,0,1,0,0,0,1,1,0,1,0,1,0,1,0,1,0,1,0,1,0,0,0,0,1,0
8708-XPXHZ,0,0.387311382231542,0.9712832532725666,0.8276146537744026,0,1,1,1,0,1,1,0,0,0,0,0,0,0,0,0,0,1,0,1,0,0,1,0,1,0,1
2542-HYGIQ,0,-1.2816237461508113,-1.4925939364934466,-1.001651722254973,0,0,0,1,0,0,0,1,1,0,1,0,1,0,1,0,1,0,1,0,0,0,0,1,0,0,0
3092-IGHWF,0,1.4049547531963917,0.7456352412805278,1.5882814236019238,1,1,1,1,0,1,1,0,0,0,0,1,0,1,0,0,0,0,0,0,1,0,0,0,1,0,1
7064-JHXCE,0,1.2014260790034217,-1.4892755833759168,-0.4554863956593337,1,1,1,1,0,0,0,1,1,0,1,0,1,0,1,0,1,0,1,0,0,1,0,1,0,0,0
7268-IGMFD,1,-0.5896262538947137,0.9613281939199768,-0.24473889233049662,1,0,0,1,0,1,1,0,0,0,0,0,0,1,0,1,0,1,0,0,0,0,0,0,0,0,0
7517-LDMPS,0,-0.8338606629262776,0.6527213539896879,-0.5637359726295937,0,0,0,1,0,0,1,0,0,0,0,1,0,0,0,0,0,0,0,1,0,0,1,0,1,0,0
8344-WFMFH,0,-0.9559778674420595,-0.49211047155815646,-0.7978852299739037,1,0,1,1,0,0,0,0,0,0,0,1,0,0,0,0,0,0,0,0,0,0,1,0,1,0,0
2509-TFPJU,0,1.6084834273893616,-1.3001294556767078,-0.19192029930870685,1,1,0,1,0,1,0,1,1,0,1,0,1,0,1,0,1,0,1,0,0,1,0,1,0,0,0
1955-IBMMB,0,1.0793088744876398,-1.4842980536996218,-0.4869228982392186,1,0,0,1,0,0,0,1,1,0,1,0,1,0,1,0,1,0,1,0,0,1,1,0,0,0,0
8080-POTJR,0,-0.10115743583158582,0.4768486387605988,0.055225054074214686,0,0,0,1,0,1,0,0,0,1,0,0,0,1,0,0,0,1,0,1,1,0,1,1,0,0,0
9402-CXWPL,0,1.5270719577121736,1.127245849796476,1.9921263268558078,0,0,0,1,0,1,1,0,0,0,0,1,0,0,0,0,0,1,0,1,1,0,0,0,1,0,0
7673-BQGKU,0,1.4863662228735797,-1.4859572302583868,-0.42317177848224535,0,1,1,1,0,0,0,1,1,0,1,0,1,0,1,0,1,0,1,0,0,1,0,0,0,0,0
7634-HLQJR,0,0.590840056424512,-1.4892755833759168,-0.5640213598736847,0,1,1,1,0,0,0,1,1,0,1,0,1,0,1,0,1,0,1,0,0,1,0,1,0,0,0
1699-HPSBG,0,-0.8338606629262776,-0.17023021915774814,-0.6908650134397286,1,0,0,1,0,0,0,0,0,0,0,0,0,0,0,1,0,1,0,0,1,0,1,0,1,0,1
4471-KXAUH,0,0.387311382231542,0.642766294637098,0.5651022949404199,0,1,0,1,0,1,1,0,0,0,0,0,0,1,0,1,0,0,0,0,0,0,1,0,1,0,1
4791-QRGMF,0,1.0793088744876398,1.1471559685016557,1.6068535473327776,1,1,0,1,0,1,1,0,0,0,0,0,0,1,0,0,0,1,0,1,1,0,1,0,0,0,1
0481-SUMCB,1,0.5094285867473239,1.2350923261162006,1.06867906357169,0,0,0,1,0,1,1,0,0,0,0,0,0,1,0,0,0,1,0,1,1,0,1,0,0,0,0
5976-JCJRH,0,-0.9152721326034655,0.1781968581829002,-0.6862988175342705,1,1,0,1,0,0,1,0,0,0,0,0,0,0,0,0,0,0,0,0,0,0,1,0,1,0,1
7696-AMHOD,0,0.6722515261016999,0.4337100482327091,0.6686320059507109,0,1,1,1,0,0,0,0,0,0,0,1,0,1,0,0,0,1,0,1,1,0,0,1,0,0,0
4534-WGCIR,0,1.0386031396490458,-1.3200395743818876,-0.34747830020330467,0,1,1,1,0,1,0,1,1,0,1,0,1,0,1,0,1,0,1,0,0,1,0,1,0,0,0
8399-YNDCH,1,-0.4675090493789317,-0.16193433636392318,-0.46767023569553207,1,0,0,1,0,0,0,0,0,0,0,0,0,1,0,0,0,1,0,0,0,0,1,0,0,0,1
0840-DFEZH,0,-1.0373893371192475,0.3457736906181643,-0.762497211706603,0,0,0,1,0,1,1,0,0,0,0,0,0,0,0,0,0,0,0,0,0,0,1,0,1,0,0
9931-DCEZH,0,-0.1825689055087738,-0.34942128750436724,-0.34453661630267307,1,0,1,1,0,0,0,0,0,0,0,1,0,0,0,1,0,0,0,0,1,0,1,1,0,0,0
3001-CBHLQ,1,-0.019745966154397852,1.326347036848275,0.4611115737665969,1,1,0,1,0,1,1,0,0,0,0,0,0,1,0,1,0,1,0,1,0,0,1,0,1,0,1
2014-MKGMH,0,0.5501343215859179,1.2002496183821352,1.0419185212219135,0,0,0,1,0,1,1,0,0,0,0,0,0,1,0,0,0,1,0,1,1,0,1,0,1,0,0
7526-BEZQB,0,-0.8338606629262776,1.0326727859468712,-0.5063292308374157,1,0,0,1,0,1,1,0,0,0,0,0,0,0,0,0,0,1,0,1,0,0,1,0,1,0,1
7394-FKDNK,0,-0.9559778674420595,0.8136614801898924,-0.6358511339249301,0,1,0,1,0,0,1,0,0,0,0,0,0,0,0,0,0,1,0,1,0,0,0,0,1,0,1
2696-NARTR,0,-0.8745663977648716,0.29599839385521454,-0.6037340925322126,1,0,0,1,0,0,1,0,0,0,0,0,0,0,0,1,0,0,0,0,0,0,1,0,1,0,1
4195-SMMNX,0,-1.2409180113122174,-1.4793205240233267,-0.9958342130485,1,0,0,1,0,0,0,1,1,0,1,0,1,0,1,0,1,0,1,0,0,0,0,0,0,1,1
0220-EBGCE,0,-1.2409180113122174,0.6942007679588127,-0.936956629306006,1,0,0,1,0,0,1,0,0,0,0,0,0,1,0,0,0,0,0,1,0,0,1,0,1,0,1
3870-MQAMG,0,0.8757802002946699,1.5071972817536587,1.5770196038927888,0,1,0,1,0,1,1,0,0,0,0,1,0,1,0,1,0,1,0,1,1,0,0,0,1,0,1
9058-MJLZC,0,-0.3453918448631497,0.9845566657426863,-0.00797724405950626,0,0,0,1,0,0,1,0,0,1,0,0,0,0,0,0,0,1,0,1,0,0,1,0,1,0,0
7245-NIIWQ,0,-1.2002122764736234,0.16326426915401518,-0.9226653142365193,0,0,0,1,0,0,1,0,0,0,0,0,0,0,0,0,0,0,0,0,0,0,1,0,1,0,0
7359-PTSXY,0,-1.2816237461508113,-0.6364588321707109,-0.990324043951048,1,0,0,1,0,0,0,0,0,0,0,0,0,0,0,0,0,0,0,0,0,0,0,0,1,0,1
1338-CECEE,0,0.346605647392948,0.11846650206736059,0.2364898598019446,1,1,1,1,0,1,0,0,0,0,0,1,0,1,0,0,0,1,0,0,1,0,0,0,0,0,0
2911-UREFD,0,0.26519417771576004,-0.29964599074141746,-0.051356105161358634,0,1,0,0,1,0,0,0,0,1,0,0,0,1,0,0,0,1,0,1,0,0,0,0,1,0,1
0895-LNKRC,0,-1.0780950719578415,-1.5091857020810966,-0.9605779119707798,1,1,1,1,0,0,0,1,1,0,1,0,1,0,1,0,1,0,1,0,1,0,0,0,0,1,0
8148-NLEGT,0,0.387311382231542,-1.393043342967547,-0.565097050255259,0,1,1,1,0,1,0,1,1,0,1,0,1,0,1,0,1,0,1,0,0,1,0,0,1,0,0
1641-RQDAY,1,-0.019745966154397852,1.1770211465594258,0.40232180148382335,0,1,1,1,0,1,1,0,0,0,0,1,0,0,0,0,0,1,0,1,0,0,1,0,1,0,0
7501-VTYLJ,0,-1.2409180113122174,-0.44399435135397186,-0.9637830302505727,0,0,1,1,0,0,0,0,0,0,0,1,0,0,0,0,0,0,0,0,0,0,0,0,0,1,0
3308-JSGML,1,1.0793088744876398,-0.029200211662723803,0.6961389457081103,1,1,0,0,1,0,0,0,0,1,0,0,0,1,0,1,0,1,0,1,0,1,1,1,0,0,0
6457-USBER,0,-1.2816237461508113,0.5266239355235486,-0.9749350856350568,1,0,0,1,0,0,1,0,0,0,0,0,0,0,0,0,0,0,0,1,0,0,1,0,1,0,1
5384-ZTTWP,0,-0.7117434584104956,-1.497571466169742,-0.8905702257087318,0,1,1,1,0,0,0,1,1,0,1,0,1,0,1,0,1,0,1,0,0,0,0,0,0,1,0
8003-EWNDZ,0,-0.9152721326034655,-1.4511145225243218,-0.9126548078283995,0,0,0,1,0,0,0,1,1,0,1,0,1,0,1,0,1,0,1,0,0,0,1,0,1,0,0
5605-IYGFG,0,-1.0373893371192475,0.16326426915401518,-0.7840988307978088,0,0,0,1,0,0,1,0,0,0,0,0,0,0,0,0,0,0,0,0,0,0,1,0,0,0,0
2070-XYMFH,1,-0.38609757970174374,0.4785078153193637,-0.2046090552382973,0,0,0,1,0,1,1,0,0,0,0,0,0,1,0,0,0,0,0,0,0,0,1,0,0,1,0
8232-UTFOZ,0,1.4863662228735797,-1.4925939364934466,-0.39601608456372756,1,0,0,1,0,0,0,1,1,0,1,0,1,0,1,0,1,0,1,0,0,1,0,1,0,0,0
3956-CJUST,1,-0.38609757970174374,0.34743286717692967,-0.28879829224518166,0,0,0,1,0,0,1,0,0,1,0,0,0,0,0,0,0,0,0,0,0,0,1,0,0,0,0
7013-PSXHK,0,0.30589991255435406,0.5249647589647837,0.39837028579640765,0,0,0,1,0,1,0,0,0,0,0,0,0,1,0,1,0,1,0,1,1,0,1,0,0,1,0
9152-AMKAK,0,-1.0780950719578415,0.5083729933771337,-0.7937800442319773,1,0,0,1,0,0,0,0,0,1,0,0,0,1,0,1,0,1,0,1,0,1,1,0,0,1,0
8178-EYZUO,0,0.5501343215859179,0.9546914876849167,0.8137843488684476,1,0,0,1,0,1,1,0,0,1,0,1,0,0,0,0,0,0,0,1,0,0,1,0,1,0,1
2007-QVGAW,0,1.4456604880349857,-1.5125040551986266,-0.44286349832453353,0,1,1,1,0,0,0,1,1,0,1,0,1,0,1,0,1,0,1,0,0,1,1,0,0,0,0
4567-AKPIA,0,0.346605647392948,1.465717867784534,0.9452600569347398,0,1,1,1,0,1,1,0,0,0,0,1,0,1,0,1,0,1,0,1,1,0,1,0,0,0,0
8292-FRFZQ,0,0.26519417771576004,-0.7891030755770901,-0.2636183561703716,0,0,0,0,1,0,0,0,0,1,0,1,0,0,0,1,0,0,0,0,1,0,0,0,0,0,0
4338-EYCER,0,-0.4675090493789317,-0.34278458126930716,-0.5163836429753955,1,1,0,1,0,0,0,0,0,0,0,0,0,0,0,0,0,1,0,0,0,0,0,0,0,0,0
7147-AYBAA,0,0.18378270803857208,0.17985603474166512,0.11045846223831414,1,0,0,1,0,0,1,0,0,0,0,0,0,0,0,0,0,0,0,0,0,0,1,0,0,1,0
3070-BDOQC,0,1.1200146093262338,1.152133498177951,1.5980504484958127,0,0,0,1,0,0,1,0,0,0,0,1,0,1,0,0,0,1,0,1,0,1,1,0,1,0,0
8670-MEFCP,0,0.14307697319997809,0.928144662744677,0.4732734609378651,0,1,1,1,0,1,0,0,0,1,0,1,0,1,0,1,0,1,0,1,0,1,1,1,0,0,0
9137-UIYPG,0,0.1023712383613841,1.3927140991988747,0.6388858739704428,0,1,1,1,0,0,1,0,0,1,0,0,0,1,0,1,0,1,0,1,0,0,1,0,1,0,0
6234-RAAPL,0,1.6084834273893616,1.1604293809717758,2.173500896908188,0,1,1,1,0,1,1,0,0,1,0,1,0,0,0,1,0,1,0,0,0,1,0,0,0,0,0
5997-OPVFA,0,1.6084834273893616,0.8003880677197722,1.735651005877599,1,1,0,1,0,1,0,0,0,1,0,1,0,1,0,1,0,1,0,1,0,1,1,0,0,0,0
5027-QPKTE,0,-1.0373893371192475,0.14667250356636527,-0.8123521679628312,1,1,0,1,0,0,1,0,0,0,0,0,0,0,0,0,0,0,0,0,0,0,1,0,1,0,1
8309-IEYJD,1,-1.2816237461508113,0.18815191753549007,-0.9794134700807947,0,0,0,1,0,0,1,0,0,0,0,0,0,0,0,0,0,0,0,0,0,0,1,0,0,1,0
5730-DBDSI,0,1.3642490183577978,-1.5008898192872717,-0.45992087437521134,1,0,0,1,0,0,0,1,1,0,1,0,1,0,1,0,1,0,1,0,0,1,0,0,0,0,0
7954-MLBUN,0,-0.06045170099299184,1.145496791942891,0.3550133775594855,1,0,0,1,0,0,1,0,0,0,0,0,0,1,0,1,0,1,0,1,0,1,0,0,0,0,0
4626-GYCZP,0,-1.0373893371192475,0.9596690173612115,-0.7313460963708094,1,0,0,1,0,1,1,0,0,0,0,0,0,0,0,0,0,1,0,1,0,0,1,0,1,0,1
2260-USTRB,1,-1.2409180113122174,0.17487850506537042,-0.9595022215892056,0,0,0,1,0,0,1,0,0,0,0,0,0,0,0,0,0,0,0,0,0,0,1,0,0,0,1
1732-FEKLD,0,0.8757802002946699,0.9895341954189815,1.2383308037514038,0,0,0,1,0,1,1,0,0,0,0,1,0,1,0,0,0,1,0,0,1,0,1,0,0,0,0
2565-JSLRY,0,-1.2816237461508113,-1.3565414586747175,-0.9998515873307058,1,0,0,1,0,1,0,1,1,0,1,0,1,0,1,0,1,0,1,0,0,0,1,0,0,1,1
5676-CFLYY,0,1.5677776925507676,0.2794066282675646,1.2527099302806108,1,1,1,1,0,0,0,0,0,0,0,1,0,0,0,1,0,1,0,1,0,1,1,1,0,0,0
9367-OIUXP,0,-1.1595065416350294,-1.4677062881119718,-0.9783377796992203,1,0,0,1,0,0,0,1,1,0,1,0,1,0,1,0,1,0,1,0,0,0,0,0,0,1,0
1678-FYZOW,0,-1.2002122764736234,0.48016699187812906,-0.9029955472591611,0,0,0,1,0,0,1,0,0,0,0,0,0,0,0,0,0,1,0,0,0,0,1,0,1,0,1
8773-HHUOZ,0,-0.6303319887333076,-0.007630916398778715,-0.5304773822605116,0,0,1,1,0,0,0,0,0,0,0,0,0,0,0,0,0,1,0,1,0,0,1,0,0,1,1
7639-LIAYI,0,0.7943687306174818,0.4917812277894838,0.8414449586803575,1,0,0,1,0,1,0,0,0,1,0,0,0,0,0,1,0,1,0,1,0,1,1,1,0,0,0
8610-ZIKJJ,0,-1.2409180113122174,-1.480979700582092,-0.996404987536682,0,1,1,1,0,0,0,1,1,0,1,0,1,0,1,0,1,0,1,0,1,0,0,0,0,1,0
1113-IUJYX,0,-0.7524491932490895,1.3611897445823398,-0.41816652527818543,0,1,0,1,0,0,1,0,0,1,0,1,0,0,0,1,0,1,0,1,1,0,0,0,0,1,1
3468-DRVQJ,0,-0.9152721326034655,0.1781968581829002,-0.7135423229125086,0,1,1,1,0,1,0,0,0,1,0,1,0,0,0,0,0,1,0,0,1,0,0,0,1,0,0
5067-DGXLL,0,-1.2409180113122174,-1.4826388771408567,-0.9942536067735335,1,0,0,1,0,0,0,1,1,0,1,0,1,0,1,0,1,0,1,0,0,0,0,0,0,1,0
3950-VPYJB,0,0.9978974048104517,-0.17686692539280796,0.5304167683508821,1,1,1,1,0,0,0,0,0,1,0,1,0,0,0,1,0,0,0,0,1,0,0,0,0,1,0
6078-VESFR,1,-0.7931549280876836,0.18317438785919538,-0.6376073631193371,1,1,0,1,0,0,1,0,0,0,0,0,0,0,0,0,0,0,0,0,0,0,0,0,0,0,0
8979-CAMGB,1,1.2828375486806096,1.233433149557435,1.9260482034162454,1,0,0,1,0,1,1,0,0,0,0,0,0,1,0,1,0,1,0,1,1,0,0,0,1,0,0
8745-PVESG,0,0.9978974048104517,-0.790762252135855,-0.018909770794689723,0,0,0,0,1,0,0,0,0,1,0,0,0,1,0,1,0,0,0,0,1,0,1,1,0,0,0
6556-DBKZF,0,1.5677776925507676,0.3690021624408743,1.3765021356213725,0,1,1,1,0,0,1,0,0,0,0,0,0,1,0,0,0,0,0,0,0,1,0,0,1,0,0
9617-INGJY,0,-1.2816237461508113,0.18815191753549007,-0.9794134700807947,1,0,0,1,0,0,1,0,0,0,0,0,0,0,0,0,0,0,0,0,0,0,1,0,0,1,0
8816-VXNZD,0,-1.2816237461508113,0.3374778078243394,-0.9774377122370869,0,0,0,1,0,1,1,0,0,0,0,0,0,0,0,0,0,0,0,0,0,0,1,0,1,0,1
4146-SVFUD,0,-1.2816237461508113,-0.6746198930223056,-0.99082895984444,1,0,0,1,0,0,0,0,0,0,0,0,0,0,0,0,0,0,0,0,0,0,0,0,0,1,0
2858-EIMXH,1,0.8350744654560759,1.026036079711811,1.1920102587489199,0,1,0,1,0,1,1,0,0,0,0,0,0,0,0,0,0,1,0,1,1,0,1,1,0,0,0
5673-FSSMF,0,-1.2816237461508113,-0.15861598324639314,-0.9840016188511829,0,0,0,1,0,1,0,0,0,0,0,0,0,0,0,0,0,0,0,1,0,0,1,0,1,0,1
0575-CUQOV,1,1.1200146093262338,1.095721495179941,1.5655382555343533,1,1,0,1,0,0,1,0,0,0,0,1,0,1,0,0,0,1,0,1,1,0,1,0,1,0,0
8356-WUAOJ,0,-1.2816237461508113,-0.6613464805521857,-0.9906533369249992,0,1,0,1,0,0,0,0,0,0,0,0,0,0,0,0,0,0,0,0,0,0,1,0,1,0,0
9560-ARGQJ,0,-0.6710377235719016,0.5332606417586087,-0.4343018810017995,0,0,1,1,0,0,1,0,0,0,0,0,0,0,0,0,0,1,0,0,0,0,1,0,1,0,1
7706-YLMQA,0,1.5270719577121736,-1.5008898192872717,-0.42141554928783836,0,0,0,1,0,0,0,1,1,0,1,0,1,0,1,0,1,0,1,0,1,0,0,0,0,0,0
3224-DFQNQ,0,1.3642490183577978,0.7987288911610074,1.5794124661701687,0,1,0,1,0,1,1,0,0,1,0,1,0,0,0,1,0,0,0,0,1,0,0,0,1,0,0
7133-VBDCG,0,-0.30468611002455576,0.4950995809070136,-0.12555678862505334,0,0,0,1,0,0,1,0,0,1,0,1,0,0,0,0,0,0,0,0,0,0,1,0,0,0,1
7302-ZHMHP,0,-1.2816237461508113,-1.5191407614336867,-1.0020029680938543,0,0,0,1,0,0,0,1,1,0,1,0,1,0,1,0,1,0,1,0,0,0,0,0,0,1,0
9207-ZPANB,0,0.18378270803857208,0.08362379433329585,0.062337782311563054,1,0,0,1,0,1,0,0,0,1,0,1,0,1,0,1,0,0,0,0,1,0,0,0,1,0,0
1725-MIMXW,0,-1.2816237461508113,-1.5091857020810966,-1.001871250904274,1,0,1,1,0,0,0,1,1,0,1,0,1,0,1,0,1,0,1,0,0,0,1,0,0,1,1
4210-QFJMF,0,-1.1595065416350294,0.47187110908430413,-0.8711199873806745,0,0,0,1,0,0,1,0,0,0,0,0,0,0,0,0,0,0,0,1,0,0,1,0,1,0,1
0374-IOEGQ,0,-1.2002122764736234,-0.6746198930223056,-0.9565385848236438,0,0,0,1,0,0,0,0,0,0,0,0,0,0,0,0,0,0,0,0,0,0,0,0,1,0,0
3301-LSLWQ,0,-0.1418631706701798,0.03882602724664078,-0.17086750184075322,0,0,0,1,0,1,0,0,0,1,0,0,0,0,0,0,0,0,0,1,0,0,1,0,1,0,0
9068-VPWQQ,0,1.1607203441648277,0.3457736906181643,1.0660227669151494,1,1,0,1,0,1,0,0,0,1,0,0,0,1,0,1,0,0,0,1,0,1,0,1,0,0,0
8628-MFKAX,1,1.6084834273893616,1.719571881275578,2.623688298029486,0,1,0,1,0,1,1,0,0,1,0,1,0,1,0,1,0,1,0,1,0,1,1,1,0,0,0
9625-QNLUX,0,1.4456604880349857,1.27159421040903,2.0956560378660987,1,1,1,1,0,0,1,0,0,1,0,1,0,1,0,0,0,1,0,1,0,1,1,1,0,0,0
1066-JKSGK,0,-1.2816237461508113,-1.4859572302583868,-1.0015639107952525,1,0,0,1,0,0,0,1,1,0,1,0,1,0,1,0,1,0,1,0,0,0,0,0,0,1,1
6582-PLFUU,0,0.7536629957788878,-1.5058673489635668,-0.5332653961066326,1,1,1,1,0,0,0,1,1,0,1,0,1,0,1,0,1,0,1,0,0,1,0,1,0,0,0
7089-IVVAZ,0,-0.9966836022806536,1.27491256352656,-0.6383976662568203,0,0,0,1,0,1,1,0,0,1,0,0,0,0,0,1,0,1,0,1,0,0,1,0,0,0,1
2988-QRAJY,0,1.4863662228735797,1.497242222401069,2.2521141062228303,1,0,0,1,0,1,1,0,0,1,0,1,0,1,0,0,0,1,0,1,0,1,1,1,0,0,0
1345-ZUKID,0,-0.7524491932490895,-1.5125040551986266,-0.8678051047762314,1,0,0,1,0,0,0,1,1,0,1,0,1,0,1,0,1,0,1,0,1,0,0,0,0,1,0
4553-DVPZG,0,1.2014260790034217,1.2085455011759603,1.6962456133280925,0,1,0,1,0,1,1,0,0,0,0,0,0,1,0,0,0,1,0,1,0,0,1,0,1,0,0
5371-VYLSX,1,0.7129572609402939,0.6129011165793284,0.7957390938959158,0,0,0,1,0,1,1,0,0,1,0,1,0,0,0,0,0,0,0,0,0,0,1,0,1,0,0
0310-SUCIN,0,1.5677776925507676,0.659358060224748,1.6441734177139258,0,1,0,1,0,0,0,0,0,1,0,1,0,1,0,1,0,1,0,1,1,0,1,0,0,0,0
7931-PXHFC,0,0.22448844287716607,-0.08727139121949852,0.023481211385308724,1,0,0,1,0,0,0,0,0,0,0,0,0,1,0,1,0,0,0,1,1,0,1,0,0,1,1
0946-CLJTI,1,1.0386031396490458,1.1206091435614158,1.5416535384904186,1,1,0,1,0,1,1,0,0,0,0,0,0,1,0,0,0,1,0,1,0,0,1,0,1,0,1
1371-OJCEK,0,0.631545791263106,-1.3465863993221274,-0.5126516559372808,0,0,0,1,0,1,0,1,1,0,1,0,1,0,1,0,1,0,1,0,1,0,0,0,0,0,0
5673-TIYIB,0,-1.2409180113122174,-0.8139907239585651,-0.9765376447749532,1,0,0,0,1,0,0,0,0,0,0,1,0,1,0,1,0,0,0,0,0,0,1,1,0,0,1
5832-EXGTT,0,-0.1418631706701798,-0.15695680668762801,-0.20511397113168925,1,1,1,1,0,0,0,0,0,1,0,0,0,0,0,0,0,0,0,1,0,0,1,0,0,1,0
9795-SHUHB,0,1.3642490183577978,-0.2233238690382277,0.6627486381494477,0,1,1,1,0,0,0,0,0,1,0,1,0,0,0,1,0,0,0,0,0,1,1,1,0,0,0
3763-GCZHZ,0,1.3642490183577978,1.29814103534927,2.0146938720039373,1,1,0,1,0,1,1,0,0,0,0,1,0,0,0,1,0,1,0,1,1,0,1,0,1,0,1
5126-RCXYW,0,0.8757802002946699,-0.6281629493768859,0.053885929313479485,1,1,1,0,1,0,0,0,0,0,0,0,0,1,0,1,0,0,0,1,0,1,0,1,0,0,0
8232-CTLKO,0,1.3642490183577978,-0.17188939571651304,0.7444132956893721,0,1,1,1,0,0,0,0,0,1,0,0,0,0,0,0,0,1,0,0,0,1,1,0,1,0,0
8499-BRXTD,0,-0.5896262538947137,-1.4876164068171518,-0.833975739918967,1,0,0,1,0,0,0,1,1,0,1,0,1,0,1,0,1,0,1,0,1,0,0,0,0,1,0
0822-GAVAP,0,-1.2409180113122174,-1.003136851657774,-0.9830795985241192,0,0,0,0,1,0,0,0,0,0,0,0,0,0,0,0,0,0,0,1,0,0,1,0,1,0,1
6837-BJYDQ,0,-1.2002122764736234,-1.5042081724048018,-0.9834747500928608,1,0,0,1,0,0,0,1,1,0,1,0,1,0,1,0,1,0,1,0,1,0,0,0,0,1,0
0023-HGHWL,1,-1.2816237461508113,-1.3216987509406526,-0.999390577167174,1,0,0,0,1,0,0,0,0,0,0,0,0,0,0,0,0,0,0,0,0,0,1,0,1,0,1
1423-BMPBQ,0,-1.2816237461508113,-1.5241182911099815,-1.0020688266886446,0,1,1,1,0,0,0,1,1,0,1,0,1,0,1,0,1,0,1,0,0,0,1,0,0,1,0
0419-YAAPX,0,0.6722515261016999,0.6759498258123978,0.8766354011632871,1,1,0,1,0,0,1,0,0,0,0,1,0,0,0,0,0,1,0,0,0,0,1,1,0,0,0
2226-ICFDO,0,1.6084834273893616,0.695859944517578,1.6725584720685285,0,1,1,1,0,1,0,0,0,1,0,0,0,1,0,1,0,1,0,1,0,1,1,1,0,0,0
7729-JTEEC,0,-1.2409180113122174,-0.6779382461398357,-0.9708738056229906,1,1,1,1,0,0,0,0,0,0,0,0,0,0,0,0,0,0,0,0,0,0,1,0,1,0,0
6924-TDGMT,0,-0.8745663977648716,-1.472683817788267,-0.9292072679856853,1,1,0,1,0,0,0,1,1,0,1,0,1,0,1,0,1,0,1,0,1,0,1,0,0,1,0
7785-RDVIG,0,-1.2002122764736234,-1.5141632317573919,-0.9863944811285624,0,1,1,1,0,0,0,1,1,0,1,0,1,0,1,0,1,0,1,0,0,0,0,0,0,1,0
5846-QFDFI,0,0.020959768684196134,0.7854554786908873,0.2578939031087796,0,1,1,1,0,1,1,0,0,0,0,1,0,1,0,1,0,0,0,0,0,0,0,1,0,0,0
0420-BWTPW,0,-0.9966836022806536,-1.3084253384705327,-0.9159257847029826,1,0,1,0,1,0,0,0,0,0,0,0,0,0,0,0,0,0,0,0,0,0,0,0,0,1,1
3134-DSHVC,0,1.2421318138420157,1.097380671738706,1.7198449431279361,0,0,0,1,0,1,1,0,0,1,0,1,0,1,0,0,0,1,0,0,0,1,0,1,0,0,0
6861-OKBCE,0,-0.8745663977648716,-1.4876164068171518,-0.9132255823165818,0,0,1,1,0,0,0,1,1,0,1,0,1,0,1,0,1,0,1,0,0,0,0,1,0,0,1
7665-NKLAV,0,0.14307697319997809,-0.8056948411647401,-0.3310356043706695,0,1,1,0,1,0,0,0,0,1,0,0,0,1,0,1,0,0,0,0,0,1,0,1,0,0,0
5168-MSWXT,0,-0.9966836022806536,0.9895341954189815,-0.6769249442091232,1,1,1,1,0,0,1,0,0,0,0,0,0,1,0,0,0,1,0,1,0,0,1,0,1,0,0
2408-WITXK,1,-0.9152721326034655,-1.003136851657774,-0.8656098182832227,0,0,0,0,1,0,0,0,0,0,0,0,0,0,0,0,0,0,0,1,0,0,1,0,1,0,1
2276-YDAVZ,0,-1.2002122764736234,0.3374778078243394,-0.8915581046305857,0,0,0,1,0,1,1,0,0,0,0,0,0,0,0,0,0,0,0,0,0,0,1,1,0,0,1
5766-XQXMQ,0,-0.1418631706701798,0.13008073797871536,-0.14524850846734152,0,0,0,1,0,0,0,0,0,1,0,1,0,1,0,0,0,0,0,1,0,0,1,0,0,0,1
8259-DZLIZ,0,1.2828375486806096,-0.36767222965078206,0.48231804128906103,0,1,1,1,0,1,0,0,0,0,0,1,0,0,0,0,0,0,0,0,1,0,1,0,0,0,0
7550-WIQVA,0,0.7129572609402939,1.4375118662855293,1.3742848962634335,1,1,1,1,0,1,1,0,0,1,0,1,0,1,0,0,0,1,0,1,1,0,1,0,1,0,0
5539-TMZLF,1,-1.2816237461508113,0.1599459160364854,-0.9797866687846061,1,0,0,1,0,0,1,0,0,0,0,0,0,0,0,0,0,0,0,0,0,0,1,0,1,0,1
9191-MYQKX,0,-1.0373893371192475,0.33913698438310474,-0.7922433436868712,0,1,0,1,0,0,1,0,0,0,0,0,0,1,0,0,0,0,0,0,0,0,1,0,0,0,1
0080-EMYVY,0,-0.7524491932490895,-0.4473127044715016,-0.6908430605747985,0,0,0,1,0,0,0,0,0,0,0,1,0,0,0,0,0,0,0,0,1,0,0,1,0,0,0
5940-AHUHD,0,-1.2816237461508113,0.18815191753549007,-0.9794134700807947,1,0,0,1,0,0,1,0,0,0,0,0,0,0,0,0,0,0,0,0,0,0,0,0,0,1,1
6168-WFVVF,1,-1.2002122764736234,0.1781968581829002,-0.907012921541367,0,0,0,1,0,0,1,0,0,0,0,0,0,0,0,0,0,0,0,0,0,0,1,0,1,0,1
5356-CSVSQ,0,-1.2002122764736234,-0.010949269516308983,-0.9339271339456541,0,0,0,1,0,1,0,0,0,0,0,0,0,0,0,1,0,1,0,0,0,0,0,0,1,0,0
1618-CFHME,0,-1.2409180113122174,0.36402463276457964,-0.9474720516075178,0,0,0,1,0,1,1,0,0,0,0,0,0,0,0,0,0,0,0,0,0,0,1,0,1,0,1
3739-YBWAB,0,0.14307697319997809,-0.9815675563938292,-0.43175534866990944,1,1,0,0,1,0,0,0,0,1,0,0,0,1,0,0,0,0,0,0,1,0,0,0,0,1,0
0862-PRCBS,0,1.4456604880349857,1.28818597599668,2.0803109852799677,0,1,1,1,0,1,1,0,0,0,0,1,0,0,0,1,0,1,0,1,0,1,1,1,0,0,0
5813-UECBU,1,0.020959768684196134,0.6278337056082129,0.1822004248298391,1,0,0,1,0,1,1,0,0,0,0,1,0,1,0,0,0,0,0,0,0,0,1,1,0,0,1
9734-YWGEX,0,-0.9559778674420595,1.107335731091296,-0.6049415001033673,0,0,0,1,0,1,1,0,0,0,0,0,0,1,0,0,0,1,0,1,0,0,0,1,0,0,1
9606-PBKBQ,1,-0.019745966154397852,0.665994766459808,0.14960042040865965,1,1,0,1,0,1,1,0,0,0,0,0,0,0,0,0,0,0,0,1,0,0,1,0,1,0,1
0156-FVPTA,0,-0.4268033145403377,-0.3560579937394271,-0.5043095672638476,1,1,0,1,0,0,0,0,0,1,0,0,0,0,0,1,0,0,0,0,0,0,1,0,1,0,1
3427-GGZZI,0,-0.5489205190561197,0.8020472442785371,-0.29878684578837134,0,1,0,1,0,1,1,0,0,0,0,1,0,0,0,0,0,0,0,1,0,0,1,0,1,0,0
6695-FRVEC,0,1.4049547531963917,-0.1503201004525682,0.7254899261196368,1,1,1,1,0,0,0,0,0,1,0,0,0,1,0,1,0,0,0,0,0,1,1,0,0,0,0
9938-PRCVK,0,0.346605647392948,-1.5008898192872717,-0.6572990829616253,0,1,1,1,0,0,0,1,1,0,1,0,1,0,1,0,1,0,1,0,0,1,0,0,0,0,0
0378-TOVMS,0,-1.2002122764736234,0.6925415914000478,-0.890899518682683,0,0,0,1,0,0,1,0,0,0,0,0,0,0,0,1,0,0,0,1,0,0,0,0,1,0,1
1241-FPMOF,0,0.7943687306174818,-1.5025489958460367,-0.5603552314303603,1,0,0,1,0,0,0,1,1,0,1,0,1,0,1,0,1,0,1,0,0,1,0,0,0,1,0
2004-OCQXK,0,-1.2816237461508113,0.5647849963751436,-0.974430169741665,0,0,0,1,0,0,1,0,0,0,0,0,0,0,0,0,0,0,0,1,0,0,1,0,1,0,1
3415-TAILE,0,-1.2409180113122174,0.025552614776521126,-0.9514235672949335,0,1,1,1,0,0,0,0,0,0,0,0,0,0,0,0,0,1,0,1,0,0,0,0,0,1,1
5318-IXUZF,0,-1.2409180113122174,0.7373393584867028,-0.9297341367440073,0,0,0,1,0,0,1,0,0,0,0,1,0,0,0,0,0,1,0,0,0,0,1,0,0,0,1
1735-XMJVH,0,-0.9966836022806536,-1.5125040551986266,-0.9434107715954517,1,1,1,1,0,0,0,1,1,0,1,0,1,0,1,0,1,0,1,0,0,0,1,0,0,1,0
4690-PKDQG,1,0.387311382231542,1.0160810203592212,0.7153477025219366,0,1,0,1,0,1,1,0,0,0,0,1,0,1,0,0,0,1,0,0,0,0,1,0,1,0,0
2398-YPMUR,1,-0.7931549280876836,0.1732193285066055,-0.6079051368689291,0,1,0,1,0,0,1,0,0,0,0,0,0,0,0,0,0,0,0,0,0,0,1,0,1,0,1
4080-OGPJL,0,-0.9966836022806536,0.20640285968190536,-0.7629362690052048,0,0,0,1,0,1,0,0,0,1,0,0,0,0,0,1,0,0,0,1,0,0,0,0,1,0,1
9451-WLYRI,0,0.8350744654560759,-1.5224591145512167,-0.5755466139619806,0,1,0,1,0,0,0,1,1,0,1,0,1,0,1,0,1,0,1,0,1,0,0,1,0,0,0
9274-UARKJ,0,-0.7117434584104956,0.6062644103442684,-0.5142761679421072,0,0,0,1,0,0,1,0,0,0,0,1,0,0,0,0,0,1,0,0,0,0,1,0,0,0,0
5057-LCOUI,0,0.26519417771576004,-0.4705411762942116,-0.12729106495453016,0,0,0,0,1,0,0,0,0,0,0,0,0,1,0,0,0,1,0,1,0,0,1,0,1,0,1
5649-TJHOV,1,-0.22327464034736777,-0.9434064955422343,-0.5573037832050781,1,1,0,0,1,0,0,0,0,0,0,0,0,0,0,0,0,0,0,1,0,0,0,0,0,0,1
3178-FESZO,0,-1.2816237461508113,1.1720436168831305,-0.966395421177253,0,0,0,1,0,1,1,0,0,0,0,1,0,0,0,0,0,1,0,1,0,0,1,1,0,0,1
9798-OPFEM,0,0.5501343215859179,-1.4544328756418519,-0.5989703208423837,0,0,0,1,0,0,0,1,1,0,1,0,1,0,1,0,1,0,1,0,0,1,1,0,1,0,0
5453-AXEPF,0,-0.6303319887333076,0.5166688761709587,-0.4234352128614064,1,1,0,1,0,1,1,0,0,0,0,1,0,0,0,0,0,0,0,0,0,0,1,0,0,0,0
8249-THVEC,0,0.7536629957788878,-1.5108448786398618,-0.5723414956821878,1,1,1,1,0,0,0,1,1,0,1,0,1,0,1,0,1,0,1,0,1,0,0,0,0,1,0
2959-FENLU,0,-0.9559778674420595,0.6759498258123978,-0.6673315422346751,0,0,0,1,0,0,1,0,0,0,0,0,0,1,0,0,0,0,0,1,0,0,1,1,0,0,0
9233-PSYHO,1,0.5094285867473239,1.1687252637656007,0.9476968249419795,0,0,0,1,0,1,1,0,0,0,0,0,0,1,0,0,0,1,0,1,1,0,1,0,0,0,0
6837-HAEVO,0,1.4863662228735797,1.3296653899658049,2.1937194855087983,1,1,1,1,0,1,1,0,0,0,0,1,0,1,0,0,0,1,0,1,0,1,1,0,1,0,0
1399-OUPJN,0,0.9978974048104517,-1.4992306427285067,-0.4519080786757295,0,1,1,1,0,0,0,1,1,0,1,0,1,0,1,0,1,0,1,0,0,1,0,0,0,0,0
8050-WYBND,0,-0.4268033145403377,-0.5136797668221014,-0.5575672175842391,0,0,1,0,1,0,0,0,0,0,0,0,0,1,0,0,0,1,0,1,1,0,1,1,0,0,0
7439-DKZTW,0,-1.2816237461508113,0.5183280527297236,-0.9750448499597072,1,0,0,1,0,0,1,0,0,0,0,0,0,0,0,0,0,1,0,0,0,0,1,0,1,0,0
2709-UQGNP,0,-0.9152721326034655,-0.4406759982364418,-0.7801253622454631,1,0,0,1,0,0,0,0,0,1,0,0,0,0,0,0,0,0,0,0,0,0,1,0,0,1,0
0301-KOBTQ,0,-0.019745966154397852,-1.4892755833759168,-0.7406321582362362,1,0,0,1,0,0,0,1,1,0,1,0,1,0,1,0,1,0,1,0,0,1,1,0,0,0,0
4828-FAZPK,0,-0.6710377235719016,0.4984179340245439,-0.45370821359999663,0,1,1,1,0,1,1,0,0,0,0,1,0,0,0,0,0,0,0,0,0,0,1,1,0,0,0
8961-QDZZJ,0,0.9978974048104517,0.9978300782128064,1.420122478237456,0,1,1,1,0,0,1,0,0,0,0,1,0,0,0,0,0,1,0,1,1,0,1,0,1,0,0
1057-FOGLZ,0,-0.5896262538947137,-1.5025489958460367,-0.8384321714997747,0,0,0,1,0,0,0,1,1,0,1,0,1,0,1,0,1,0,1,0,0,0,0,0,0,1,0
4174-LPGTI,0,0.346605647392948,0.052099439716760905,0.18760082960264046,0,1,1,1,0,0,0,0,0,0,0,1,0,0,0,1,0,0,0,1,1,0,1,0,0,0,1
7901-HXJVA,0,-0.7524491932490895,0.38227557491099445,-0.519742431309699,1,0,0,1,0,0,1,0,0,0,0,0,0,1,0,0,0,0,0,0,0,0,0,0,1,0,0
7943-RQCHR,0,-0.9559778674420595,0.9895341954189815,-0.6196938253363858,0,0,0,1,0,1,1,0,0,0,0,0,0,0,0,0,0,1,0,1,0,0,1,0,1,0,1
8510-AWCXC,1,-0.7931549280876836,1.1902945590295455,-0.43608006306113667,0,0,0,1,0,1,1,0,0,1,0,0,0,0,0,0,0,1,0,1,0,0,1,0,1,0,1
1452-VOQCH,0,-1.2816237461508113,0.3374778078243394,-0.9774377122370869,1,0,0,1,0,1,1,0,0,0,0,0,0,0,0,0,0,0,0,0,0,0,1,0,1,0,0
8375-KVTHK,0,1.4456604880349857,1.1737027934418955,1.955135749448611,1,1,0,1,0,0,1,0,0,0,0,1,0,0,0,1,0,1,0,1,1,0,1,0,1,0,0
7033-CLAMM,0,0.631545791263106,-1.4842980536996218,-0.5593893053734363,0,1,1,1,0,0,0,1,1,0,1,0,1,0,1,0,1,0,1,0,0,1,0,0,0,0,0
3606-TWKGI,1,-0.7931549280876836,1.3927140991988747,-0.41140504287971863,1,0,0,1,0,1,1,0,0,0,0,1,0,1,0,0,0,1,0,1,0,0,1,0,1,0,1
5493-SDRDQ,0,-1.2409180113122174,-0.32619281568165726,-0.9606437705655702,1,0,0,1,0,0,0,0,0,1,0,0,0,1,0,0,0,0,0,0,0,0,1,0,0,1,1
5985-TBABQ,0,-0.019745966154397852,0.3258635719129846,-0.008065055519226729,0,0,0,1,0,1,0,0,0,1,0,0,0,0,0,0,0,1,0,1,1,0,0,0,0,1,0
2239-CGBUZ,0,0.7536629957788878,-0.14700174733503815,0.3704901473351969,0,1,0,1,0,0,0,0,0,1,0,1,0,0,0,1,0,0,0,0,1,0,1,0,0,0,0
4110-PFEUZ,0,-1.2816237461508113,0.15330920980142534,-0.9798744802443264,0,0,0,1,0,0,1,0,0,0,0,0,0,0,0,0,0,0,0,0,0,0,0,0,0,1,1
6061-PQHMK,0,-0.30468611002455576,-1.4942531130522119,-0.7788081903496579,0,0,0,1,0,0,0,1,1,0,1,0,1,0,1,0,1,0,1,0,1,0,0,1,0,0,0
7473-ZBDSN,0,-0.7524491932490895,-1.5307549973450416,-0.8982098227044021,0,1,1,1,0,0,0,1,1,0,1,0,1,0,1,0,1,0,1,0,0,1,0,0,0,1,0
1137-DGOWI,0,-0.10115743583158582,0.17653768162413533,-0.04496782146670318,0,1,0,1,0,0,0,0,0,0,0,1,0,1,0,1,0,0,0,1,1,0,0,0,0,0,0
9739-JLPQJ,0,1.6084834273893616,1.7444595296570529,2.7962597692449016,0,1,1,1,0,1,1,0,0,1,0,1,0,1,0,1,0,1,0,1,0,1,0,1,0,0,0
5018-GWURO,0,0.9571916699718578,0.6859048851649877,1.142199208222552,0,1,0,1,0,1,1,0,0,0,0,0,0,0,0,0,0,1,0,0,0,0,1,0,0,0,0
6176-YJWAS,0,1.6084834273893616,1.095721495179941,2.113152471215378,1,1,0,1,0,1,1,0,0,1,0,1,0,1,0,0,0,1,0,0,0,1,1,1,0,0,0
6518-PPLMZ,0,0.8350744654560759,-1.5108448786398618,-0.5229036438596315,1,1,1,1,0,0,0,1,1,0,1,0,1,0,1,0,1,0,1,0,0,1,1,0,0,1,0
8963-JLGJT,0,-1.2002122764736234,-0.29964599074141746,-0.9412374379673729,1,0,1,1,0,0,0,0,0,1,0,0,0,1,0,0,0,0,0,0,0,0,0,0,0,1,0
3208-YPIOE,0,0.26519417771576004,0.34245533750063456,0.3145103417634746,1,0,0,1,0,1,1,0,0,0,0,0,0,0,0,0,0,0,0,0,0,0,0,0,1,0,1
4289-DTDKW,0,0.30589991255435406,1.2068863246171952,0.795475659516755,1,1,0,1,0,1,1,0,0,0,0,1,0,0,0,0,0,1,0,1,0,0,1,0,1,0,1
3507-GASNP,0,1.1200146093262338,-1.4925939364934466,-0.4879766357558627,1,0,1,1,0,0,0,1,1,0,1,0,1,0,1,0,1,0,1,0,0,1,0,0,0,1,0
2200-DSAAL,0,1.4456604880349857,0.5216464058472539,1.3298522976449372,0,0,0,1,0,1,0,0,0,0,0,1,0,1,0,0,0,1,0,1,0,1,1,0,1,0,0
1960-UOTYM,0,0.7943687306174818,0.473530285643069,0.7529749130121062,1,1,1,1,0,0,0,0,0,1,0,1,0,1,0,0,0,1,0,1,0,1,0,0,1,0,0
8328-SKJNO,0,-0.38609757970174374,-0.8056948411647401,-0.5944480306667856,1,0,1,0,1,0,0,0,0,1,0,1,0,0,0,1,0,0,0,0,1,0,0,0,0,0,0
9548-LIGTA,0,1.1607203441648277,0.5349198183173736,1.0740794683444912,1,1,0,1,0,0,0,0,0,1,0,1,0,0,0,1,0,1,0,1,0,1,1,0,0,1,0
9972-EWRJS,0,1.4049547531963917,-1.5158224083161567,-0.4076291501117436,0,1,1,1,0,0,0,1,1,0,1,0,1,0,1,0,1,0,1,0,0,1,1,0,0,0,0
5485-ITNPC,0,1.3642490183577978,0.695859944517578,1.4462463875042597,1,1,0,1,0,0,0,0,0,1,0,1,0,1,0,1,0,1,0,1,0,1,1,0,0,0,0
7089-RKVSZ,0,-0.9966836022806536,-1.3449272227633626,-0.9208651793122522,1,1,1,1,0,1,0,1,1,0,1,0,1,0,1,0,1,0,1,0,1,0,0,0,0,1,0
4504-YOULA,0,0.1023712383613841,-0.18184445506910288,-0.0721893739800113,0,1,1,1,0,1,0,0,0,1,0,1,0,0,0,0,0,0,0,0,0,0,1,1,0,0,0
8046-DNVTL,0,1.2014260790034217,-0.8737210800741047,0.019419931373242594,1,1,0,0,1,0,0,0,0,1,0,1,0,0,0,1,0,0,0,0,0,1,1,1,0,0,0
2792-LSHWX,0,-1.2816237461508113,0.6129011165793284,-0.9737935366586923,0,0,0,1,0,0,1,0,0,1,0,1,0,0,0,1,0,0,0,0,0,0,1,0,0,1,0
5996-DAOQL,0,-1.2816237461508113,-1.4760021709057967,-1.0014321936056723,1,0,0,1,0,0,0,1,1,0,1,0,1,0,1,0,1,0,1,0,0,0,1,0,0,1,0
5465-BUBFA,0,0.346605647392948,-1.5141632317573919,-0.6712830579220908,0,1,1,1,0,0,0,1,1,0,1,0,1,0,1,0,1,0,1,0,0,1,0,0,0,0,0
5663-QBGIS,1,1.6084834273893616,1.1089949076500607,2.031992729568846,1,1,0,1,0,1,1,0,0,0,0,1,0,0,0,0,0,1,0,1,0,1,0,0,0,0,0
2462-XIIJB,0,-1.1188008067964355,0.9148712502745568,-0.8116496762850683,1,0,0,1,0,1,1,0,0,0,0,0,0,1,0,0,0,1,0,0,0,0,1,0,1,0,1
5322-TEUJK,0,1.5677776925507676,1.6482272892486831,2.546062967636698,0,1,1,1,0,1,1,0,0,1,0,1,0,1,0,1,0,1,0,1,0,1,0,0,0,0,0
8473-VUVJN,1,-1.2816237461508113,0.28936168762015496,-0.9780743453200593,1,0,0,1,0,1,1,0,0,0,0,0,0,0,0,0,0,0,0,0,0,0,1,0,1,0,1
6650-VJONK,0,-1.2816237461508113,-0.6995075414037805,-0.9911582528183913,1,0,0,1,0,0,0,0,0,0,0,0,0,0,0,0,0,0,0,0,0,0,1,0,0,0,0
6485-QXWWE,0,1.2014260790034217,-1.2918335728828827,-0.2909277201434001,0,0,1,1,0,1,0,1,1,0,1,0,1,0,1,0,1,0,1,0,0,1,0,0,0,0,0
2888-ADFAO,0,0.590840056424512,-1.447796169406792,-0.5530010216787811,0,1,1,1,0,0,0,1,1,0,1,0,1,0,1,0,1,0,1,0,0,1,1,0,0,0,0
4385-GZQXV,1,-0.6710377235719016,0.9795791360663916,-0.34690752571512246,0,0,0,1,0,0,1,0,0,0,0,0,0,0,0,1,0,1,0,1,0,0,1,0,1,0,1
4455-BFSPD,0,1.1607203441648277,1.2019087949409006,1.7924869731815947,0,1,0,1,0,1,1,0,0,0,0,0,0,0,0,1,0,1,0,1,1,0,0,0,0,0,0
9347-AERRL,0,-0.38609757970174374,-1.5141632317573919,-0.7969412567819099,1,1,0,1,0,0,0,1,1,0,1,0,1,0,1,0,1,0,1,0,1,0,0,1,0,0,0
1513-XNPPH,0,-0.8338606629262776,0.8120023036311275,-0.529357786149077,0,0,0,1,0,0,1,0,0,0,0,0,0,1,0,1,0,0,0,1,0,0,1,0,1,0,1
7336-RLLRH,0,-0.22327464034736777,0.5282831120823135,-0.042574959189323754,1,1,0,1,0,1,0,0,0,1,0,0,0,0,0,1,0,1,0,1,1,0,0,0,0,1,0
6188-UXBBR,0,0.22448844287716607,-1.4826388771408567,-0.6526889813263069,0,1,0,1,0,0,0,1,1,0,1,0,1,0,1,0,1,0,1,0,1,0,1,1,0,0,0
4716-MRVEN,0,-0.1418631706701798,-1.4909347599346818,-0.7472838763100527,0,0,0,1,0,0,0,1,1,0,1,0,1,0,1,0,1,0,1,0,1,0,0,0,0,1,0
3913-RDSJZ,0,1.2828375486806096,-1.3067661619117676,-0.25744960112501714,0,1,0,1,0,1,0,1,1,0,1,0,1,0,1,0,1,0,1,0,0,1,0,0,0,1,0
4807-IZYOZ,0,0.7536629957788878,-1.469365464670737,-0.5622431778143477,0,0,0,1,0,0,0,1,1,0,1,0,1,0,1,0,1,0,1,0,0,1,0,0,0,0,0
3401-URHDA,0,0.7536629957788878,-0.1669118660402181,0.3259038786621898,1,0,0,1,0,1,0,0,0,1,0,0,0,0,0,1,0,0,0,0,1,0,0,1,0,0,0
1666-JZPZT,0,-0.22327464034736777,-0.5286123558509863,-0.44343427281271586,1,0,0,1,0,1,0,0,0,0,0,0,0,0,0,0,0,0,0,0,0,0,0,0,0,1,0
0295-QVKPB,0,-1.1188008067964355,-0.0325185647802536,-0.8707467886768631,1,0,0,1,0,0,0,0,0,0,0,0,0,1,0,1,0,1,0,0,0,0,1,1,0,0,0
7765-LWVVH,0,1.6084834273893616,1.0011484313303363,1.9941240375644456,0,1,1,1,0,1,1,0,0,1,0,1,0,0,0,0,0,1,0,0,0,1,1,0,1,0,0
4626-OZDTJ,0,0.7536629957788878,0.45527934349665417,0.7242386128186219,0,1,0,1,0,1,0,0,0,0,0,1,0,0,0,1,0,1,0,1,1,0,1,1,0,0,0
2114-MGINA,0,-0.7524491932490895,0.8252757161012472,-0.5146713195108488,0,0,0,1,0,0,1,0,0,0,0,0,0,0,0,0,0,1,0,1,0,0,1,0,0,1,1
8467-WYNSR,0,-0.4268033145403377,-0.32619281568165726,-0.4602062616193024,1,0,0,1,0,0,0,0,0,1,0,0,0,0,0,1,0,0,0,0,0,0,0,0,0,1,0
3058-HJCUY,0,0.346605647392948,1.250024915145085,0.8394911537015798,1,1,1,1,0,1,1,0,0,0,0,0,0,1,0,1,0,1,0,1,1,0,1,0,1,0,1
5542-NKVRU,0,0.387311382231542,-1.466047111553207,-0.6396489795578352,0,0,0,1,0,0,0,1,1,0,1,0,1,0,1,0,1,0,1,0,0,1,1,0,0,0,0
9408-SSNVZ,0,-1.1595065416350294,0.1732193285066055,-0.8925898892822999,0,0,0,1,0,0,1,0,0,0,0,0,0,0,0,0,0,0,0,0,0,0,1,0,1,0,1
5684-FJVYR,0,1.6084834273893616,0.8435266582476619,1.8712977582806076,0,1,1,1,0,1,1,0,0,1,0,1,0,0,0,1,0,0,0,0,0,1,1,0,0,0,0
7874-ECPQJ,0,-1.1595065416350294,-1.4892755833759168,-0.9728715163316286,0,0,1,1,0,0,0,1,1,0,1,0,1,0,1,0,1,0,1,0,0,0,1,0,0,0,0
4468-KAZHE,1,-0.5082147842175256,-0.16359351292268806,-0.4574841063679717,0,1,0,1,0,0,0,0,0,0,0,1,0,0,0,0,0,0,0,1,0,0,1,0,1,0,0
7184-LRUUR,0,-0.4268033145403377,0.010620025747636104,-0.3773781022380835,0,0,0,1,0,0,0,0,0,0,0,1,0,1,0,0,0,1,0,0,1,0,0,0,0,0,0
5370-IIVVL,0,0.18378270803857208,1.313073624378155,0.6483475587553105,1,0,0,1,0,1,1,0,0,0,0,1,0,0,0,1,0,1,0,1,1,0,1,1,0,0,0
8885-QSQBX,0,-1.2816237461508113,-0.5103614137045716,-0.9886556262163613,0,0,0,1,0,0,0,0,0,1,0,0,0,0,0,0,0,0,0,0,0,0,0,0,0,0,0
6683-VLCTZ,1,-0.5082147842175256,1.1156316138851208,-0.20131612549878422,1,0,0,1,0,1,1,0,0,0,0,0,0,1,0,0,0,1,0,1,0,0,1,0,1,0,1
7978-DKUQH,0,-0.30468611002455576,0.32088604223668943,-0.22109565680079277,0,1,0,1,0,0,1,0,0,0,0,0,0,1,0,0,0,0,0,0,0,0,1,0,1,0,0
3249-ZPQRG,0,-1.1595065416350294,0.44864263726159415,-0.8655000539585722,1,0,0,1,0,1,1,0,0,0,0,1,0,0,0,0,0,0,0,0,0,0,0,0,1,0,1
6285-FTQBF,0,1.6084834273893616,-1.3067661619117676,-0.19038359876360075,1,1,1,1,0,1,0,1,1,0,1,0,1,0,1,0,1,0,1,0,0,1,0,1,0,0,0
6878-GGDWG,0,-0.019745966154397852,-1.5108448786398618,-0.7289093283635697,0,1,0,1,0,0,0,1,1,0,1,0,1,0,1,0,1,0,1,0,0,0,0,0,0,0,0
7328-ZJAJO,0,1.0793088744876398,-1.5075265255223318,-0.4735975092266556,0,1,1,1,0,0,0,1,1,0,1,0,1,0,1,0,1,0,1,0,0,1,0,1,0,0,0
5186-PEIZU,0,0.1023712383613841,-1.5158224083161567,-0.7392271748807107,0,0,0,1,0,0,0,1,1,0,1,0,1,0,1,0,1,0,1,0,0,0,0,0,0,0,0
4632-XJMEX,0,0.8350744654560759,-0.06902044907308347,0.4909455172065853,1,0,1,1,0,0,0,0,0,1,0,1,0,0,0,1,0,0,0,0,1,0,0,1,0,0,0
8231-BSWXX,0,1.5677776925507676,0.4685527559667738,1.427454735124105,1,0,0,1,0,1,1,0,0,0,0,1,0,0,0,0,0,0,0,0,1,0,1,1,0,0,0
8168-UQWWF,0,-0.8745663977648716,1.0924031420624107,-0.5250769774877101,0,0,0,1,0,1,1,0,0,0,0,0,0,1,0,0,0,1,0,1,0,0,1,0,0,0,1
9371-BITHB,0,0.7943687306174818,-1.4959122896109767,-0.5404000772089109,0,1,1,1,0,0,0,1,1,0,1,0,1,0,1,0,1,0,1,0,0,1,0,0,0,1,0
2144-ESWKO,0,0.428017117070136,-0.986545086070124,-0.3677627473987053,1,0,0,0,1,0,0,0,0,1,0,0,0,1,0,0,0,0,0,0,1,0,1,1,0,0,0
1982-FEBTD,0,-0.38609757970174374,-1.3051069853530026,-0.7844061709068301,0,1,1,1,0,1,0,1,1,0,1,0,1,0,1,0,1,0,1,0,0,1,1,1,0,0,0
8108-UXRQN,0,-0.8745663977648716,-0.4771778825292717,-0.7621898715975819,0,1,1,0,1,0,0,0,0,1,0,0,0,0,0,0,0,1,0,1,0,0,0,0,1,0,0
8868-WOZGU,0,-0.1825689055087738,1.352893861788515,0.297760305821818,1,0,0,1,0,1,1,0,0,0,0,1,0,1,0,0,0,1,0,1,0,0,1,0,1,0,1
8769-KKTPH,0,1.2421318138420157,1.152133498177951,1.7605675075732479,0,1,1,1,0,1,1,0,0,1,0,0,0,0,0,0,0,1,0,1,1,0,1,1,0,0,0
2931-FSOHN,1,-0.7931549280876836,-0.1669118660402181,-0.664280094009393,1,0,0,1,0,0,0,0,0,0,0,1,0,0,0,0,0,1,0,0,0,0,1,0,1,0,0
9658-WYUFB,0,-0.6303319887333076,0.9779199595076267,-0.3002357348737571,0,0,0,1,0,1,1,0,0,1,0,1,0,0,0,0,0,1,0,0,0,0,1,0,1,0,1
1212-GLHMD,0,-1.2002122764736234,0.7008374741938728,-0.9029077357994408,1,0,0,1,0,0,1,0,0,1,0,0,0,0,0,0,0,0,0,1,0,0,1,0,0,1,0
3859-CVCET,0,-1.1595065416350294,-0.6397771852882409,-0.9265290184642145,0,0,0,1,0,0,0,0,0,0,0,0,0,0,0,0,0,0,0,0,0,0,0,0,0,1,1
0178-SZBHO,0,0.590840056424512,0.7389985350454678,0.7534798289054979,1,1,1,1,0,1,1,0,0,0,0,1,0,0,0,0,0,1,0,0,0,0,0,0,1,0,0
5795-BKOYE,0,1.4863662228735797,-0.19345869098045787,0.8049592971665525,0,1,1,1,0,0,0,0,0,0,0,1,0,1,0,1,0,0,0,0,1,0,0,0,0,0,0
4587-NUKOX,0,-1.2002122764736234,0.4702119325255387,-0.9021832912567479,0,0,0,1,0,0,1,0,0,1,0,1,0,0,0,0,0,0,0,0,0,0,1,0,1,0,1
1734-ZMNTZ,0,-0.8745663977648716,-1.3250171040581826,-0.8783863856725334,0,1,1,1,0,1,0,1,1,0,1,0,1,0,1,0,1,0,1,0,0,1,0,0,0,1,0
3217-FZDMN,1,-0.9966836022806536,0.9795791360663916,-0.6842132953659121,0,0,0,1,0,0,1,0,0,0,0,0,0,1,0,0,0,1,0,1,0,0,1,1,0,0,1
5222-JCXZT,0,-1.1595065416350294,-1.5241182911099815,-0.9757692945024001,1,0,0,1,0,0,0,1,1,0,1,0,1,0,1,0,1,0,1,0,0,0,0,0,0,1,0
4598-ZADCK,0,0.8350744654560759,-0.37596811244460704,0.253722858772063,0,0,0,0,1,0,0,0,0,1,0,1,0,1,0,1,0,1,0,0,1,0,1,0,1,0,0
4712-UYOOI,0,-0.5082147842175256,-1.4909347599346818,-0.8270386346010594,0,1,1,1,0,0,0,1,1,0,1,0,1,0,1,0,1,0,1,0,0,0,0,0,1,0,0
9708-HPXWZ,1,-1.1188008067964355,-0.6480730680820658,-0.9161233604873532,1,0,0,0,1,0,0,0,0,0,0,0,0,1,0,1,0,1,0,0,0,0,0,1,0,0,0
2608-BHKFN,0,-1.1595065416350294,0.16990097538907525,-0.8932265223652723,0,0,0,1,0,0,1,0,0,0,0,0,0,0,0,0,0,0,0,0,0,0,1,1,0,0,1
1221-GHZEP,0,1.2014260790034217,0.0056424960713409395,0.6785327480341804,0,0,0,1,0,0,0,0,0,1,0,0,0,0,0,1,0,0,0,1,0,1,1,0,0,1,0
9391-DXGGG,1,0.46872285190873,0.8037064208373025,0.7417569990328314,0,0,0,1,0,0,1,0,0,0,0,1,0,1,0,0,0,0,0,1,1,0,0,1,0,0,0
1449-XQEMT,0,-1.2002122764736234,-1.497571466169742,-0.9848797334483863,1,0,0,1,0,0,0,1,1,0,1,0,1,0,1,0,1,0,1,0,0,0,1,0,0,1,1
2725-TTRIQ,0,1.6084834273893616,0.6394479415195682,1.618027555582192,0,1,1,1,0,1,0,0,0,1,0,0,0,1,0,1,0,1,0,1,0,1,1,0,0,0,0
5442-PPTJY,0,-0.8338606629262776,-1.5008898192872717,-0.8969804622683173,1,1,1,1,0,0,0,1,1,0,1,0,1,0,1,0,1,0,1,0,0,1,0,0,0,1,0
6645-MXQJT,0,-1.2409180113122174,1.067515493680936,-0.9295585138245666,1,1,1,1,0,0,1,0,0,1,0,0,0,0,0,0,0,1,0,1,0,0,0,0,1,0,0
6425-JWTDV,0,0.631545791263106,-1.5158224083161567,-0.6349730193277267,1,1,0,1,0,0,0,1,1,0,1,0,1,0,1,0,1,0,1,0,0,1,0,0,0,1,0
5543-QDCRY,0,-1.1595065416350294,-0.28305422515376755,-0.9072983087854583,1,0,0,1,0,0,0,0,0,0,0,0,0,0,0,0,0,1,0,0,0,0,1,0,1,0,0
5153-RTHKF,0,0.06166550352279012,0.6776090023711627,0.2613624557677334,0,0,0,1,0,1,1,0,0,0,0,0,0,0,0,0,0,1,0,0,0,0,0,0,1,0,0
3658-QQJYD,0,1.2014260790034217,0.3109309828840996,1.052302226333845,1,0,0,1,0,0,0,0,0,1,0,1,0,0,0,0,0,1,0,1,1,0,1,1,0,0,0
5275-SQEIZ,0,-1.2816237461508113,0.5282831120823135,-0.9749131327701268,1,0,0,1,0,0,1,0,0,0,0,0,0,0,0,0,0,0,0,1,0,0,1,0,0,1,1
7247-XOZPB,0,0.8350744654560759,0.41379992952752936,0.8142892647618395,1,1,0,1,0,1,0,0,0,1,0,0,0,1,0,1,0,1,0,0,1,0,0,0,0,0,0
1754-GKYPY,1,-0.4268033145403377,0.8236165395424823,-0.1591227191031566,1,1,0,1,0,0,1,0,0,0,0,0,0,0,0,0,0,1,0,1,0,0,1,0,0,0,0
6384-VMJHP,0,1.6084834273893616,0.2677923923562099,1.3013135732358239,0,0,0,1,0,0,0,0,0,1,0,1,0,1,0,1,0,0,0,1,0,1,1,1,0,0,0
2984-AFWNC,0,-1.2002122764736234,1.0111034906829266,-0.8817012682769765,0,0,0,1,0,0,1,0,0,0,0,1,0,0,0,0,0,1,0,1,0,0,0,0,1,0,0
1064-FBXNK,0,-1.2816237461508113,-1.4959122896109767,-1.0016956279848332,1,1,1,1,0,0,0,1,1,0,1,0,1,0,1,0,1,0,1,0,1,0,0,1,0,0,0
4129-LYCOI,0,1.4049547531963917,1.296481858790505,2.080135362360527,0,0,1,1,0,1,1,0,0,0,0,1,0,0,0,1,0,1,0,1,0,1,1,0,1,0,0
3137-LUPIX,0,-1.1595065416350294,-0.017585975751368575,-0.8993294188158366,0,0,0,1,0,1,0,0,0,0,0,0,0,0,0,1,0,1,0,0,0,0,1,0,0,1,0
6100-FJZDG,0,-0.2639803751859618,-1.4892755833759168,-0.7882918279994555,1,1,1,1,0,0,0,1,1,0,1,0,1,0,1,0,1,0,1,0,1,0,1,0,0,0,0
6474-FVJLC,0,-1.2409180113122174,0.6991782976351079,-0.9377688853084193,1,0,0,1,0,1,1,0,0,0,0,0,0,0,0,0,0,0,0,1,0,0,1,0,1,0,1
1796-JANOW,0,-1.2409180113122174,-1.4925939364934466,-0.9936608794204211,0,0,0,1,0,0,0,1,1,0,1,0,1,0,1,0,1,0,1,0,0,0,0,0,0,1,0
8329-UTMVM,1,-0.22327464034736777,1.3180511540544502,0.290954917693491,1,0,0,1,0,1,1,0,0,0,0,1,0,0,0,1,0,1,0,1,1,0,1,0,0,0,0
5256-SKJGO,0,1.2828375486806096,-0.34278458126930716,0.4927017464009923,0,1,1,0,1,0,0,0,0,0,0,1,0,0,0,1,0,1,0,1,0,1,1,0,1,0,0
5087-SUURX,0,-0.5896262538947137,-0.8587884910452199,-0.7163083838936997,0,1,0,0,1,0,0,0,0,0,0,0,0,1,0,0,0,1,0,0,0,0,1,0,1,0,1
4355-HBJHH,0,1.4049547531963917,0.49012205123071895,1.313694989056393,1,1,1,1,0,1,0,0,0,1,0,0,0,1,0,0,0,1,0,1,0,1,1,0,1,0,1
0679-TDGAK,0,0.7129572609402939,0.3507512202944595,0.7570581458891023,1,1,1,1,0,0,0,0,0,1,0,0,0,0,0,1,0,1,0,1,1,0,0,0,1,0,0
2359-QWQUL,0,0.26519417771576004,1.319710330613215,0.8050251557613429,0,1,0,1,0,0,1,0,0,1,0,0,0,1,0,1,0,1,0,1,1,0,1,1,0,0,1
7228-OMTPN,0,-1.1595065416350294,0.7804779490145926,-0.8476743276353413,1,0,0,1,0,0,1,0,0,0,0,0,0,0,0,0,0,1,0,1,0,0,1,0,1,0,1
5293-WXJAK,1,-0.8745663977648716,1.29814103534927,-0.5126736088022108,0,1,0,1,0,1,1,0,0,0,0,0,0,1,0,1,0,1,0,1,0,0,1,0,0,0,1
9050-IKDZA,1,-1.2409180113122174,0.5498524073462585,-0.9390421514743642,0,0,0,1,0,0,1,0,0,0,0,0,0,0,0,0,0,1,0,0,0,0,0,0,0,1,0
1915-OAKWD,0,-0.6710377235719016,-1.5141632317573919,-0.8521966178109394,0,0,1,1,0,0,0,1,1,0,1,0,1,0,1,0,1,0,1,0,1,0,1,0,0,0,0
7530-HDYDS,0,0.22448844287716607,0.6411071180783331,0.422891635923315,0,0,0,1,0,0,1,0,0,0,0,1,0,1,0,1,0,0,0,0,0,0,1,1,0,0,1
2190-PHBHR,0,1.6084834273893616,0.9795791360663916,2.0286119883696125,0,1,0,1,0,1,1,0,0,1,0,1,0,0,0,0,0,0,0,1,0,1,1,1,0,0,0
3665-JATSN,0,-0.5489205190561197,-0.8372191957812748,-0.6986582804899095,0,0,0,0,1,0,0,0,0,0,0,1,0,0,0,0,0,0,0,1,0,0,1,0,1,0,0
3030-ZKIWL,0,-1.2816237461508113,-1.4892755833759168,-1.0016078165251128,1,0,0,1,0,0,0,1,1,0,1,0,1,0,1,0,1,0,1,0,0,0,0,0,0,1,0
5269-NRGDP,0,0.387311382231542,0.27276992203250505,0.34550778704475765,1,1,1,1,0,0,0,0,0,0,0,0,0,1,0,1,0,1,0,1,1,0,0,0,1,0,0
0895-UADGO,0,-0.9966836022806536,-0.6762790695810708,-0.8596166861573088,1,0,1,0,1,0,0,0,0,1,0,0,0,0,0,1,0,0,0,1,0,1,1,0,0,1,0
2418-TPEUN,0,0.9571916699718578,-1.497571466169742,-0.5187106466579848,0,1,1,1,0,0,0,1,1,0,1,0,1,0,1,0,1,0,1,0,0,1,1,1,0,0,0
8184-WMOFI,0,1.2014260790034217,0.21469874247573031,0.9597709006535274,1,1,1,1,0,0,0,0,0,1,0,0,0,1,0,1,0,0,0,1,1,0,0,1,0,0,0
2181-UAESM,0,-1.2409180113122174,-0.38094564212090193,-0.9579435681791694,1,0,0,1,0,0,0,0,0,1,0,0,0,1,0,0,0,0,0,0,0,0,0,0,1,0,0
9821-POOTN,0,0.1023712383613841,0.34079616094186965,0.12068849729573465,1,1,0,1,0,1,1,0,0,0,0,0,0,0,0,0,0,0,0,0,0,0,1,0,1,0,1
0219-QAERP,0,-0.10115743583158582,-1.497571466169742,-0.7572285241233822,1,1,0,1,0,0,0,1,1,0,1,0,1,0,1,0,1,0,1,0,1,0,0,1,0,0,0
9348-ROUAI,0,1.0793088744876398,0.841867481688897,1.2700746464403099,0,1,1,1,0,1,0,0,0,1,0,1,0,1,0,1,0,1,0,1,0,1,0,1,0,0,0
2692-AQCPF,0,1.3235432835192036,1.4308751600504692,2.1151940876538764,0,1,0,1,0,1,1,0,0,0,0,1,0,1,0,1,0,1,0,1,1,0,1,1,0,0,0
2382-BCKQJ,0,1.2014260790034217,1.1687252637656007,1.8055489278149965,0,0,1,1,0,1,1,0,0,0,0,0,0,1,0,0,0,1,0,1,1,0,1,0,1,0,1
7707-PYBBH,0,0.30589991255435406,-0.10054480368961842,0.15181765976659833,1,0,0,1,0,0,0,0,0,1,0,1,0,0,0,1,0,0,0,0,0,0,1,0,0,1,0
0447-RXSGD,0,-0.3453918448631497,1.152133498177951,0.04545602918032589,1,0,0,1,0,1,1,0,0,0,0,1,0,0,0,0,0,1,0,1,0,0,1,0,0,0,0
3753-TSEMP,0,-0.7117434584104956,0.7705228896620027,-0.3998578359264928,0,1,0,1,0,0,1,0,0,0,0,0,0,0,0,0,0,1,0,1,0,0,0,0,1,0,1
8221-EQDGL,0,0.1023712383613841,-0.13040998174738822,-0.07502129355599267,1,1,0,1,0,0,0,0,0,1,0,1,0,1,0,0,0,0,0,0,0,0,0,0,0,1,0
1084-MNSMJ,0,0.7536629957788878,0.6825865320474579,0.9310785061899034,0,1,1,1,0,0,0,0,0,1,0,1,0,1,0,1,0,1,0,1,0,1,0,1,0,0,0
2782-JEEBU,0,-0.4675090493789317,-0.9599982611298843,-0.6678803638579273,1,0,0,0,1,0,0,0,0,0,0,1,0,0,0,1,0,0,0,0,0,0,1,0,0,1,0
2977-CEBSX,0,1.3642490183577978,0.8335715988950722,1.6089829752309959,0,0,0,1,0,1,0,0,0,1,0,1,0,1,0,1,0,1,0,1,0,1,1,1,0,0,0
5494-WOZRZ,0,1.5677776925507676,0.5664441729339085,1.6238670176535952,0,1,1,1,0,0,0,0,0,1,0,0,0,1,0,1,0,1,0,1,0,1,1,1,0,0,0
8384-FZBJK,0,0.9978974048104517,1.1836578527944854,1.4534469272013282,0,1,1,1,0,1,1,0,0,0,0,1,0,0,0,0,0,1,0,1,0,0,1,0,1,0,0
0067-DKWBL,1,-1.2409180113122174,-0.5203164730571613,-0.9704127954594589,1,0,0,1,0,0,0,0,0,1,0,0,0,0,0,0,0,0,0,0,0,0,1,0,1,0,1
9957-YODKZ,1,-1.0780950719578415,0.5266239355235486,-0.8097178241712207,1,1,0,1,0,1,1,0,0,0,0,0,0,1,0,0,0,0,0,0,0,0,1,0,1,0,0
0386-CWRGM,0,0.5501343215859179,-1.5108448786398618,-0.5854693089103801,0,1,1,1,0,0,0,1,1,0,1,0,1,0,1,0,1,0,1,0,0,1,0,0,0,1,0
1216-JWVUX,0,-0.30468611002455576,0.3507512202944595,-0.17574103785523265,1,1,1,1,0,0,1,0,0,0,0,1,0,0,0,0,0,0,0,0,0,0,1,0,1,0,0
0188-GWFLE,0,-1.2409180113122174,-1.4892755833759168,-0.9956146843991991,1,0,0,1,0,0,0,1,1,0,1,0,1,0,1,0,1,0,1,0,0,0,0,0,0,1,0
2685-SREOM,0,-0.30468611002455576,0.8020472442785371,0.029452390646292403,0,1,1,1,0,1,1,0,0,0,0,0,0,1,0,0,0,0,0,1,0,0,1,0,1,0,1
3285-UCQVC,0,0.18378270803857208,-1.205556391827103,-0.58296668230835,0,0,0,0,1,0,0,0,0,0,0,0,0,0,0,1,0,0,0,0,0,0,0,1,0,0,1
5219-YIPTK,0,0.020959768684196134,1.309755271260625,0.486598849950428,0,1,0,1,0,1,1,0,0,0,0,1,0,1,0,0,0,1,0,1,0,0,1,0,1,0,1
9227-UAQFT,0,-0.6710377235719016,-1.4992306427285067,-0.8855649725046719,1,0,0,1,0,0,0,1,1,0,1,0,1,0,1,0,1,0,1,0,0,1,0,0,0,1,0
7426-RHZGU,0,-0.9559778674420595,1.0276952562705766,-0.6471129536340648,1,0,0,1,0,0,1,0,0,0,0,0,0,0,0,1,0,1,0,1,0,0,1,0,0,0,0
5552-ZNFSJ,0,-1.2816237461508113,-0.6513914211995958,-0.9905216197354186,1,0,0,1,0,0,0,0,0,0,0,0,0,0,0,0,0,0,0,0,0,0,0,0,1,0,1
9929-PLVPA,0,-1.1595065416350294,-1.477661347464562,-0.9689200006442129,0,0,1,1,0,0,0,1,1,0,1,0,1,0,1,0,1,0,1,0,0,0,0,1,0,0,0
6745-JEFZB,0,0.1023712383613841,0.881687719099257,0.4105321729676759,1,1,0,1,0,1,1,0,0,0,0,0,0,0,0,1,0,1,0,0,0,0,1,1,0,0,0
5995-WWKKG,0,0.18378270803857208,-1.497571466169742,-0.7052441399689358,0,0,0,1,0,0,0,1,1,0,1,0,1,0,1,0,1,0,1,0,1,0,1,0,1,0,0
2673-CXQEU,1,0.9571916699718578,1.512174811429954,1.6851813694033286,0,0,0,1,0,1,1,0,0,1,0,1,0,1,0,0,0,1,0,1,1,0,0,0,1,0,0
7956-XQWGU,0,-0.22327464034736777,-1.5108448786398618,-0.8083347936806251,1,0,0,1,0,0,0,1,1,0,1,0,1,0,1,0,1,0,1,0,0,0,1,1,0,0,0
1087-GRUYI,0,0.22448844287716607,-1.477661347464562,-0.6839718138516812,1,1,0,1,0,0,0,1,1,0,1,0,1,0,1,0,1,0,1,0,0,1,0,0,0,0,0
3845-JHAMY,0,-0.6710377235719016,-0.9765900267175343,-0.767743946424894,0,1,1,0,1,0,0,0,0,0,0,0,0,0,0,0,0,0,0,1,0,0,1,1,0,0,0
7207-RMRDB,0,1.3235432835192036,1.3462571555534548,2.056689702615194,0,1,1,1,0,1,1,0,0,0,0,1,0,1,0,0,0,1,0,1,0,0,1,0,1,0,1
7228-PAQPD,0,-0.7524491932490895,-0.19345869098045787,-0.67108548213772,0,0,0,1,0,0,0,0,0,0,0,0,0,0,0,1,0,0,0,1,1,0,0,1,0,0,0
1724-BQUHA,1,-1.1188008067964355,0.8153206567486573,-0.8006732438200247,1,0,0,1,0,0,1,0,0,0,0,0,0,0,0,0,0,1,0,1,0,0,1,0,1,0,1
8107-RZLNV,0,1.6084834273893616,1.3728039804936945,2.311211218614625,1,1,0,1,0,1,1,0,0,0,0,1,0,1,0,0,0,1,0,1,0,1,1,0,0,0,0
7339-POGZN,0,-1.1595065416350294,-0.4722003528529765,-0.9162111719470736,0,0,0,1,0,1,0,0,0,0,0,0,0,0,0,0,0,0,0,0,0,0,0,0,1,0,0
8883-GRDWQ,1,-0.5082147842175256,-0.3626946999744871,-0.5468103137684964,1,0,0,1,0,0,0,0,0,1,0,0,0,0,0,1,0,0,0,0,1,0,0,0,0,1,0
0508-SQWPL,0,0.9978974048104517,-1.4876164068171518,-0.532848291672961,0,1,1,1,0,0,0,1,1,0,1,0,1,0,1,0,1,0,1,0,0,1,1,0,0,0,0
1830-GGFNM,0,1.3235432835192036,0.9828974891839214,1.6585086385132726,1,1,1,1,0,1,1,0,0,1,0,1,0,1,0,1,0,0,0,0,0,1,0,1,0,0,0
7488-MXJIV,0,-1.1595065416350294,0.6875640617237531,-0.8691881352668268,0,0,0,1,0,1,1,0,0,0,0,0,0,0,0,0,0,1,0,0,0,0,1,0,1,0,1
2277-AXSDC,0,-0.019745966154397852,-1.4992306427285067,-0.7363733024397993,0,0,0,1,0,0,0,1,1,0,1,0,1,0,1,0,1,0,1,0,1,0,0,0,0,0,0
4475-NVTLU,0,0.5094285867473239,-1.5174815848749215,-0.6136348346156818,1,1,1,1,0,0,0,1,1,0,1,0,1,0,1,0,1,0,1,0,0,1,0,0,1,0,0
0921-OHLVP,0,-0.4268033145403377,0.6012868806679732,-0.22041511798796007,1,0,0,1,0,1,1,0,0,0,0,0,0,0,0,0,0,0,0,1,0,0,0,0,1,0,0
4636-JGAAI,0,0.06166550352279012,0.7937513614847123,0.3068707447678042,1,1,0,1,0,1,1,0,0,0,0,1,0,0,0,0,0,0,0,1,0,0,0,0,0,1,0
0840-DCNZE,0,0.590840056424512,0.7307026522516428,0.8068033378206797,1,0,0,1,0,0,0,0,0,1,0,1,0,1,0,1,0,1,0,1,1,0,1,0,0,0,0
2333-KWEWW,0,-0.5896262538947137,-1.4892755833759168,-0.8397932491254402,1,0,0,1,0,0,0,1,1,0,1,0,1,0,1,0,1,0,1,0,0,1,0,1,0,0,0
7594-RQHXR,0,-1.2816237461508113,0.4868036981131887,-0.975461954393379,0,0,1,1,0,0,1,0,0,0,0,0,0,0,0,0,0,0,0,1,0,0,1,0,1,0,1
3258-SANFR,1,-1.0780950719578415,-0.6713015399047756,-0.8890115722986955,1,0,0,1,0,0,0,0,0,0,0,0,0,0,0,0,0,0,0,0,0,0,0,1,0,0,0
2908-ZTPNF,0,0.14307697319997809,-0.998159321981479,-0.4540375065739479,0,0,0,0,1,0,0,0,0,0,0,1,0,0,0,1,0,0,0,0,0,0,1,0,0,0,0
2577-GVSIL,0,0.1023712383613841,0.2827249813850949,0.15796446194702274,1,1,1,1,0,1,0,0,0,0,0,0,0,0,0,1,0,1,0,1,1,0,1,0,0,0,0
6595-YGXIT,1,-0.30468611002455576,0.7970697146022425,-0.004442832805762342,1,0,0,1,0,1,1,0,0,0,0,1,0,0,0,0,0,1,0,0,0,0,1,0,1,0,1
5404-GGUKR,0,-1.1188008067964355,-0.45063105758903166,-0.8952461859388403,1,0,0,1,0,0,0,0,0,0,0,1,0,0,0,0,0,0,0,0,0,0,1,0,1,0,0
1215-VFYVK,0,-1.1595065416350294,-0.5535000042324613,-0.921611576719875,0,0,0,0,1,0,0,0,0,1,0,0,0,1,0,1,0,0,0,1,0,0,0,0,0,1,0
4565-EVZMJ,0,0.590840056424512,-0.20009539721551794,0.22467921846955785,0,0,0,1,0,0,0,0,0,1,0,1,0,0,0,1,0,0,0,0,1,0,1,0,0,1,0
4132-POCZS,0,0.7943687306174818,-0.8305824895462149,-0.12312002061781359,1,1,0,0,1,0,0,0,0,1,0,0,0,0,0,0,0,0,0,1,0,0,1,0,1,0,0
7219-TLZHO,0,-1.1595065416350294,-1.462728758435677,-0.982794211280028,0,1,1,1,0,0,0,1,1,0,1,0,1,0,1,0,1,0,1,0,0,0,0,0,0,1,0
2197-OMWGI,1,1.4456604880349857,-0.395878231149787,0.5948923326505482,0,1,1,0,1,0,0,0,0,0,0,1,0,1,0,0,0,1,0,1,0,1,1,0,1,0,0
8746-BFOAJ,1,-0.4675090493789317,-1.4743429943470319,-0.8218138527476987,1,0,0,1,0,0,0,1,1,0,1,0,1,0,1,0,1,0,1,0,1,0,0,0,0,0,0
7940-UQQUG,0,1.2828375486806096,1.309755271260625,1.9407566229194038,0,1,1,1,0,1,1,0,0,1,0,0,0,0,0,1,0,1,0,1,1,0,1,0,0,0,0
5494-HECPR,0,-1.2816237461508113,0.5083729933771337,-0.9751765671492878,0,0,0,1,0,0,1,0,0,0,0,0,0,0,0,0,0,1,0,0,0,0,1,0,1,0,1
5485-WUYWF,1,-1.2409180113122174,0.04878108659923111,-0.9688980477792828,1,0,0,1,0,0,0,0,0,1,0,0,0,1,0,0,0,1,0,0,0,0,0,0,0,0,1
3541-ZNUHK,0,0.9164859351332638,0.6693131195773377,1.0096697626396156,0,1,1,1,0,1,1,0,0,1,0,1,0,0,0,0,0,0,0,0,0,0,1,0,1,0,0
5965-GGPRW,0,1.6084834273893616,1.3379612727596297,2.3307053626725422,1,1,1,1,0,1,1,0,0,1,0,0,0,1,0,0,0,1,0,1,0,1,0,0,0,0,0
9895-VFOXH,0,-1.2816237461508113,-1.3449272227633626,-0.9996979172761952,0,0,0,0,1,0,0,0,0,0,0,0,0,0,0,0,0,0,0,0,0,0,0,0,0,1,0
2612-RANWT,0,-0.8338606629262776,1.1687252637656007,-0.49921650260006745,0,0,0,1,0,1,1,0,0,0,0,0,0,1,0,0,0,1,0,1,0,0,1,0,0,0,1
4523-WXCEF,0,1.0793088744876398,1.2002496183821352,1.6414512624625948,0,1,0,1,0,1,1,0,0,0,0,1,0,0,0,0,0,1,0,1,0,0,0,0,1,0,1
1343-EHPYB,0,1.2421318138420157,1.2765717400853254,1.8886844273052368,1,1,0,1,0,1,1,0,0,0,0,1,0,1,0,0,0,1,0,1,0,0,1,0,1,0,1
3682-YEUWS,0,-0.9152721326034655,-1.3449272227633626,-0.8989342672470949,1,1,1,1,0,1,0,1,1,0,1,0,1,0,1,0,1,0,1,0,0,0,1,0,0,1,0
3896-ZVNET,0,-0.3453918448631497,-1.3349721634107725,-0.7593799048865307,0,1,1,1,0,1,0,1,1,0,1,0,1,0,1,0,1,0,1,0,0,1,0,0,0,1,0
0960-HUWBM,0,1.3235432835192036,1.2998002119080347,1.9312949381345361,1,1,1,1,0,1,1,0,0,0,0,0,0,1,0,1,0,1,0,1,0,1,1,0,0,0,0
8263-OKETD,0,-0.5082147842175256,0.1317399145374807,-0.40874874622317814,0,0,0,1,0,1,0,0,0,0,0,1,0,0,0,1,0,0,0,1,0,0,1,1,0,0,0
0657-DOGUM,0,0.631545791263106,-0.14368339421750811,0.30028488528877806,0,1,0,1,0,1,0,0,0,1,0,0,0,0,0,1,0,0,0,0,1,0,1,0,0,0,0
2363-BJLSL,0,1.2014260790034217,0.5133505230534289,1.1765993475679983,1,0,0,1,0,0,0,0,0,0,0,1,0,1,0,1,0,1,0,1,0,0,1,0,0,0,0
6806-YDEUL,1,-1.0780950719578415,-1.5075265255223318,-0.9635195958714114,0,0,0,1,0,0,0,1,1,0,1,0,1,0,1,0,1,0,1,0,0,0,0,0,0,0,0
3723-BFBGR,1,-0.3453918448631497,-0.33614787503424737,-0.443456225677646,1,0,0,1,0,1,0,0,0,0,0,1,0,0,0,0,0,0,0,0,0,0,0,1,0,0,0
2202-OUTMO,0,0.06166550352279012,-0.13538751142368316,-0.13071571188362383,0,1,0,1,0,1,0,0,0,1,0,0,0,0,0,1,0,0,0,0,0,0,1,0,0,0,0
0756-MPZRL,0,0.5501343215859179,-1.0363203828330738,-0.33520664870738603,1,0,0,0,1,0,0,0,0,0,0,0,0,1,0,1,0,0,0,0,1,0,0,1,0,0,0
7109-MFBYV,0,-0.2639803751859618,-0.6464138915233006,-0.4689874075913373,1,0,0,1,0,0,0,0,0,0,0,0,0,0,0,0,0,0,0,0,0,0,0,0,1,0,0
7909-FIOIY,0,-0.5489205190561197,-1.3299946337344775,-0.8195088019300395,0,1,1,0,1,0,0,0,0,0,0,0,0,0,0,0,0,0,0,0,0,0,1,0,0,1,0
7901-IIDQV,0,-0.3453918448631497,-0.34278458126930716,-0.46499198617406146,1,0,0,1,0,1,0,0,0,0,0,0,0,0,0,1,0,0,0,0,1,0,0,0,0,0,0
4884-TVUQF,1,0.9978974048104517,1.2068863246171952,1.527164647636561,0,0,0,1,0,1,1,0,0,1,0,0,0,1,0,1,0,0,0,1,0,1,0,1,0,0,0
3274-NSDWE,0,1.4456604880349857,-1.5042081724048018,-0.3774439608328737,0,0,0,1,0,0,0,1,1,0,1,0,1,0,1,0,1,0,1,0,0,1,0,1,0,0,0
7077-XJMET,0,-0.8338606629262776,0.30595345320780487,-0.6848938341787448,1,1,0,1,0,0,0,0,0,0,0,0,0,1,0,1,0,1,0,1,0,0,1,0,1,0,0
1689-YQBYY,0,-0.8338606629262776,0.3872531045872891,-0.6183327477107206,0,0,1,1,0,1,1,0,0,0,0,0,0,0,0,0,0,0,0,0,0,0,1,0,1,0,0
0980-PVMRC,0,0.30589991255435406,-0.46722282317668157,-0.11624877389469636,0,1,1,0,1,0,0,0,0,0,0,1,0,0,0,0,0,1,0,1,0,0,1,0,1,0,0
2504-DSHIH,1,-0.38609757970174374,0.7257251225753476,-0.14289955191982223,1,1,0,1,0,1,1,0,0,0,0,0,0,0,0,0,0,0,0,1,0,0,0,0,1,0,0
4763-PGDPO,0,-1.1595065416350294,0.1815152113004305,-0.8870358144549877,0,0,0,1,0,0,1,0,0,0,0,0,0,0,0,0,0,0,0,0,0,0,0,0,1,0,1
0254-WWRKD,0,1.4049547531963917,-0.4771778825292717,0.4963239691144567,0,1,1,1,0,0,0,0,0,0,0,1,0,0,0,0,0,0,0,0,1,0,0,1,0,0,0
4808-YNLEU,0,0.1023712383613841,-0.09224892089579345,-0.037701423174844435,0,1,0,1,0,0,0,0,0,1,0,0,0,0,0,0,0,1,0,0,1,0,1,0,0,0,0
7779-LGOVN,1,-0.9152721326034655,0.7207475928990529,-0.6342924805148938,1,1,0,1,0,1,1,0,0,0,0,0,0,0,0,0,0,0,0,1,0,0,1,0,1,0,1
2030-BTZRO,0,-1.0780950719578415,-1.477661347464562,-0.9631683500325302,1,1,1,1,0,0,0,1,1,0,1,0,1,0,1,0,1,0,1,0,0,1,1,1,0,0,0
0195-IESCP,0,-0.9152721326034655,0.6742906492536329,-0.6348852078680063,1,1,0,1,0,1,1,0,0,0,0,0,0,0,0,0,0,0,0,1,0,0,1,0,1,0,1
3853-LYGAM,0,-0.6303319887333076,1.0193993734767515,-0.29035694565521786,1,0,0,1,0,1,1,0,0,0,0,0,0,1,0,1,0,0,0,1,0,0,1,0,0,0,0
0623-EJQEG,0,1.3235432835192036,0.9497139580086216,1.6543375941765561,1,0,0,1,0,1,1,0,0,1,0,0,0,0,0,1,0,0,0,1,1,0,0,0,1,0,0
5644-PDMZC,1,-1.2409180113122174,0.8153206567486573,-0.9395031616378962,0,0,0,1,0,1,1,0,0,0,0,1,0,0,0,0,0,0,0,1,0,0,0,0,1,0,1
5655-JSMZM,1,0.6722515261016999,1.0376503156231662,1.0611711837656002,1,0,0,1,0,1,1,0,0,0,0,0,0,0,0,0,0,1,0,1,0,0,1,0,1,0,1
9036-CSKBW,0,0.7536629957788878,1.4109650413452897,1.4838296922645686,0,0,0,1,0,1,1,0,0,1,0,1,0,1,0,0,0,1,0,1,1,0,0,0,0,0,0
7255-SSFBC,0,1.6084834273893616,1.5702459909867288,2.5203342099386354,1,1,1,1,0,1,1,0,0,0,0,1,0,1,0,1,0,1,0,1,0,1,1,0,0,0,0
9142-KZXOP,0,0.46872285190873,0.13008073797871536,0.2887376783355521,1,0,0,1,0,0,1,0,0,0,0,0,0,0,0,0,0,0,0,0,0,0,0,1,0,0,0
4615-PIVVU,0,0.387311382231542,0.052099439716760905,0.20259463634989006,0,0,0,1,0,0,0,0,0,0,0,0,0,1,0,1,0,0,0,1,0,1,0,1,0,0,0
4236-UJPWO,0,-1.2409180113122174,-1.3416088696458326,-0.9900386567069568,0,0,0,0,1,0,0,0,0,0,0,0,0,0,0,0,0,0,0,0,0,0,0,0,1,0,0
3348-CFRNX,0,-0.1825689055087738,0.9098937205982617,0.13241132716840134,0,1,0,1,0,0,1,0,0,1,0,0,0,0,0,0,0,1,0,1,0,0,1,0,0,1,1
0020-JDNXP,0,0.06166550352279012,-0.12211409895356326,-0.13528190778908192,0,1,1,0,1,0,0,0,0,1,0,0,0,1,0,1,0,1,0,1,1,0,0,0,0,1,0
2486-WYVVE,0,-0.06045170099299184,0.4768486387605988,0.08020741436465395,1,1,0,1,0,1,0,0,0,0,0,0,0,1,0,1,0,1,0,1,1,0,1,0,0,1,0
1905-OEILC,0,-1.2816237461508113,-1.5075265255223318,-1.0018492980393439,0,0,0,1,0,0,0,1,1,0,1,0,1,0,1,0,1,0,1,0,0,0,0,0,0,1,0
4704-ERYFC,0,-0.4268033145403377,0.14335415044883548,-0.32811587333496783,0,1,0,1,0,0,1,0,0,0,0,0,0,0,0,0,0,0,0,0,0,0,1,0,1,0,1
0637-KVDLV,0,-1.2409180113122174,0.38393475146975936,-0.9390860572042246,1,0,0,1,0,1,1,0,0,0,0,0,0,0,0,0,0,0,0,0,0,0,1,0,1,0,1
1291-CUOCY,0,1.6084834273893616,1.5154931645474838,2.485451107564727,1,1,0,1,0,1,1,0,0,0,0,1,0,1,0,1,0,1,0,1,0,1,1,1,0,0,0
7743-EXURX,0,-0.9966836022806536,-0.46058611694162177,-0.828180183577424,1,1,1,1,0,0,0,0,0,0,0,0,0,1,0,0,0,0,0,0,0,0,1,0,1,0,1
4139-DETXS,0,1.6084834273893616,-0.015926799192603674,0.9776405327066183,0,1,1,0,1,0,0,0,0,1,0,1,0,1,0,1,0,1,0,1,0,1,0,0,0,0,0
4316-XCSLJ,0,-0.6303319887333076,-0.48547376532309666,-0.6386171949061211,1,0,1,1,0,0,0,0,0,1,0,0,0,0,0,0,0,0,0,0,0,0,1,0,0,1,0
6719-FGEDO,0,1.6084834273893616,1.064197140563406,2.1087399453644307,0,1,0,1,0,1,1,0,0,1,0,1,0,1,0,1,0,0,0,0,0,1,1,0,0,0,0
8780-YRMTT,0,1.3642490183577978,-0.5817060057314661,0.38458388662031284,0,0,0,0,1,0,0,0,0,1,0,1,0,1,0,1,0,0,0,0,0,1,1,0,0,1,0
1596-BBVTG,0,0.1023712383613841,0.3457736906181643,0.1469660766170492,1,0,0,1,0,1,1,0,0,0,0,0,0,0,0,0,0,0,0,0,0,0,0,1,0,0,1
8388-FYNPZ,0,-1.1595065416350294,-0.2714399892424126,-0.9027760186098602,1,0,0,1,0,0,0,0,0,1,0,0,0,1,0,0,0,0,0,0,0,0,0,0,1,0,0
6928-ONTRW,0,1.6084834273893616,-1.5008898192872717,-0.40459965475139165,0,1,1,1,0,0,0,1,1,0,1,0,1,0,1,0,1,0,1,0,0,1,0,1,0,0,0
6916-HIJSE,0,1.3235432835192036,0.6610172367835129,1.386490689164562,0,0,0,1,0,0,0,0,0,1,0,1,0,1,0,1,0,1,0,1,0,1,1,0,0,0,0
6980-IMXXE,0,1.4863662228735797,-1.4842980536996218,-0.39017662249232427,0,1,1,1,0,0,0,1,1,0,1,0,1,0,1,0,1,0,1,0,0,1,0,0,0,0,0
2296-DKZFP,0,1.3235432835192036,0.2014253300056102,0.915382207764891,0,1,0,1,0,0,0,0,0,1,0,1,0,1,0,0,0,0,0,1,0,1,0,0,0,0,0
2321-OMBXY,0,0.22448844287716607,0.5100321699358986,0.3325116910061461,0,1,1,1,0,0,0,0,0,1,0,1,0,0,0,1,0,1,0,1,1,0,0,1,0,0,1
2371-JQHZZ,0,-0.3453918448631497,0.9314630158622067,-0.02338815524042743,1,1,0,1,0,1,1,0,0,0,0,0,0,0,0,0,0,1,0,1,0,0,1,0,1,0,0
6734-GMPVK,0,-1.1188008067964355,1.3396204493183947,-0.7686659667519576,1,0,0,1,0,1,1,0,0,0,0,1,0,1,0,0,0,1,0,1,0,0,0,0,1,0,0
7619-ODSGN,0,-0.3453918448631497,-0.3378070515930122,-0.4228863912381542,1,1,1,1,0,1,0,0,0,1,0,0,0,0,0,0,0,0,0,0,0,0,0,0,1,0,1
4195-NZGTA,0,-1.2816237461508113,-1.3167212212643575,-0.9993247185723837,0,0,0,0,1,0,0,0,0,0,0,0,0,0,0,0,0,0,0,0,0,0,0,0,1,0,0
1698-XFZCI,0,1.1607203441648277,1.4209201006978793,1.8530768803886353,1,0,0,1,0,1,1,0,0,1,0,1,0,1,0,0,0,1,0,1,1,0,1,0,1,0,0
6732-VAILE,0,1.5270719577121736,0.697519121076343,1.5939672156188163,1,1,1,1,0,1,0,0,0,0,0,1,0,1,0,1,0,1,0,1,0,1,1,1,0,0,0
6032-IGALN,0,-1.2816237461508113,-1.3216987509406526,-0.999390577167174,0,0,0,0,1,0,0,0,0,0,0,0,0,0,0,0,0,0,0,0,0,0,1,0,0,1,1
0999-QXNSA,1,-1.0373893371192475,-0.6364588321707109,-0.8592873931833575,1,0,1,1,0,0,0,0,0,0,0,0,0,0,0,0,0,0,0,0,0,0,1,0,0,1,0
3506-LCJDC,0,-1.2816237461508113,-1.4925939364934466,-1.001651722254973,1,1,1,1,0,0,0,1,1,0,1,0,1,0,1,0,1,0,1,0,0,0,0,0,0,0,1
7925-PNRGI,0,0.5094285867473239,0.5432157011111984,0.5443348847165573,0,1,1,1,0,1,0,0,0,1,0,1,0,1,0,1,0,1,0,0,0,0,0,0,0,1,0
7766-CLTIC,0,-0.9152721326034655,-0.13206915830615312,-0.7340023930273499,0,0,0,1,0,0,0,0,0,0,0,0,0,0,0,1,0,0,0,1,0,0,1,0,0,1,0
9722-UJOJR,0,-0.1418631706701798,0.19312944721178524,-0.14336056208335404,1,1,1,1,0,0,1,0,0,0,0,0,0,0,0,0,0,0,0,0,0,0,1,0,1,0,1
5614-DNZCE,0,1.0386031396490458,-0.0009942101637186523,0.6560091086159109,0,0,0,1,0,0,0,0,0,1,0,1,0,1,0,1,0,0,0,0,0,1,1,1,0,0,0
1167-OYZJF,1,1.4049547531963917,-1.4892755833759168,-0.4558595943631452,0,1,0,1,0,0,0,1,1,0,1,0,1,0,1,0,1,0,1,0,0,1,1,0,0,0,0
5433-KYGHE,0,-0.7524491932490895,0.6991782976351079,-0.4993262669247179,0,0,1,1,0,1,1,0,0,1,0,0,0,0,0,1,0,0,0,0,0,0,1,0,0,1,0
3284-SVCRO,0,0.5094285867473239,-1.3084253384705327,-0.5182057307645929,0,1,0,1,0,1,0,1,1,0,1,0,1,0,1,0,1,0,1,0,0,1,0,0,0,1,0
3740-RLMVT,1,1.4049547531963917,-0.13206915830615312,0.7982417204979456,1,1,0,1,0,0,0,0,0,1,0,1,0,0,0,1,0,0,0,0,1,0,1,0,0,0,0
0354-WYROK,1,-0.06045170099299184,1.127245849796476,0.26781659805717917,0,1,1,1,0,0,1,0,0,0,0,0,0,1,0,1,0,1,0,1,0,0,1,0,1,0,1
2720-WGKHP,1,-1.2409180113122174,0.9646465470375066,-0.930634204206141,1,0,0,1,0,1,1,0,0,0,0,0,0,0,0,0,0,1,0,1,0,0,1,0,1,0,1
7446-SFAOA,0,0.18378270803857208,-1.4959122896109767,-0.6953873036153265,0,1,0,1,0,0,0,1,1,0,1,0,1,0,1,0,1,0,1,0,1,0,1,0,0,0,0
2753-JMMCV,0,1.3235432835192036,0.3076126297665698,1.0995447916633925,1,0,0,1,0,1,0,0,0,0,0,1,0,1,0,1,0,0,0,1,0,1,1,1,0,0,0
7851-WZEKY,0,-1.2409180113122174,1.0028076078891015,-0.9239605332673944,0,0,0,1,0,1,1,0,0,0,0,0,0,0,0,0,0,1,0,1,0,0,1,0,1,0,1
5156-UMKOW,0,-1.2002122764736234,-1.1707136840930383,-0.9708738056229906,0,0,1,0,1,0,0,0,0,0,0,1,0,0,0,0,0,0,0,0,0,0,0,0,0,1,0
9823-EALYC,0,1.6084834273893616,0.5282831120823135,1.50426780951448,1,1,1,1,0,1,0,0,0,1,0,1,0,1,0,1,0,1,0,0,0,1,1,0,0,0,0
4980-URKXC,0,0.14307697319997809,-1.462728758435677,-0.6942677075038921,1,1,0,1,0,0,0,1,1,0,1,0,1,0,1,0,1,0,1,0,1,0,0,0,0,0,0
8218-FFJDS,0,1.6084834273893616,0.712451710105228,1.649815304000958,0,1,0,1,0,1,0,0,0,1,0,1,0,0,0,1,0,1,0,1,0,1,1,0,0,0,0
5204-QZXPU,0,-0.5489205190561197,-0.8388783723400399,-0.6884282454324889,1,0,0,0,1,0,0,0,0,0,0,0,0,1,0,0,0,1,0,0,0,0,1,0,1,0,1
5130-IEKQT,1,-0.30468611002455576,1.3611897445823398,0.15539597675020259,1,0,0,1,0,1,1,0,0,0,0,1,0,1,0,0,0,1,0,1,0,0,0,0,0,1,1
2928-HLDBA,0,-1.0780950719578415,-1.4677062881119718,-0.9609072049447311,0,0,0,1,0,0,0,1,1,0,1,0,1,0,1,0,1,0,1,0,0,0,0,0,0,1,0
6141-OOXUQ,0,-1.2816237461508113,-1.5025489958460367,-1.0017834394445535,1,0,0,1,0,0,0,1,1,0,1,0,1,0,1,0,1,0,1,0,0,0,0,0,0,1,1
2123-VSCOT,0,1.0793088744876398,0.23792721429843983,0.8313685936774475,0,1,1,1,0,1,0,0,0,0,0,0,0,1,0,1,0,1,0,0,0,1,1,0,0,0,0
7074-IEVOJ,1,-1.2002122764736234,0.48016699187812906,-0.9203822162837901,0,0,0,1,0,1,1,0,0,0,0,1,0,0,0,0,0,0,0,0,0,0,1,0,1,0,1
5652-MSDEY,0,-0.9152721326034655,0.35904710308828447,-0.6691316771589423,0,0,0,1,0,1,1,0,0,0,0,0,0,0,0,0,0,0,0,0,0,0,1,0,0,1,0
7156-MHUGY,1,-0.7931549280876836,0.8485041879239571,-0.4830372411465931,1,0,0,1,0,0,1,0,0,0,0,0,0,0,0,0,0,1,0,1,0,0,1,0,1,0,1
7854-EDSSA,0,-0.4268033145403377,-0.1967770440979879,-0.45952572280646975,1,0,0,1,0,1,0,0,0,1,0,1,0,0,0,0,0,0,0,0,0,0,0,0,1,0,1
5172-RKOCB,0,1.6084834273893616,1.4607403381082393,2.447165311126655,1,1,0,1,0,1,1,0,0,1,0,1,0,0,0,1,0,1,0,1,0,1,1,1,0,0,0
8404-VIOMB,0,1.3642490183577978,-0.08063468498443846,0.8057056945741753,0,0,0,0,1,0,0,0,0,1,0,1,0,1,0,1,0,1,0,1,0,1,1,0,0,0,0
4192-GORJT,0,-1.1188008067964355,0.9795791360663916,-0.7917164749285492,1,1,0,1,0,0,1,0,0,0,0,0,0,1,0,0,0,1,0,1,0,0,1,0,1,0,1
3892-NXAZG,0,1.6084834273893616,1.6299763471022684,2.6290228442074977,1,1,1,1,0,1,1,0,0,1,0,1,0,1,0,1,0,1,0,1,0,1,1,1,0,0,0
4958-GZWIY,0,-1.0373893371192475,-0.5385674152035762,-0.8610216695128344,1,1,1,1,0,0,0,0,0,0,0,0,0,1,0,0,0,0,0,0,0,0,0,0,1,0,1
4199-QHJNM,1,1.4049547531963917,1.2599799744976754,2.0584678846745312,1,1,0,1,0,1,1,0,0,0,0,1,0,0,0,1,0,1,0,1,0,1,0,0,0,0,0
4501-EQDRN,0,-1.2816237461508113,0.1582867394777205,-0.9798086216495363,0,0,0,1,0,0,1,0,0,0,0,0,0,0,0,0,0,0,0,0,0,0,0,0,0,0,1
6281-FKEWS,0,0.46872285190873,-0.5269531792922214,-0.01594613402912795,0,0,0,0,1,0,0,0,0,0,0,0,0,1,0,0,0,1,0,1,1,0,1,0,1,0,0
0404-AHASP,0,1.6084834273893616,-1.5008898192872717,-0.38611534248025814,1,1,0,1,0,0,0,1,1,0,1,0,1,0,1,0,1,0,1,0,0,1,0,1,0,0,0
8421-WZOOW,1,0.9978974048104517,1.0077851375653963,1.4340186417382008,0,1,1,1,0,0,1,0,0,0,0,1,0,1,0,1,0,1,0,0,0,0,1,1,0,0,0
7521-AFHAB,0,-1.1188008067964355,-0.6679831867872458,-0.9136207338853234,0,1,1,1,0,0,0,0,0,0,0,0,0,0,0,0,0,0,0,0,0,0,0,0,0,1,0
6469-QJKZW,0,-1.1595065416350294,-1.4859572302583868,-0.9702810782698783,0,1,0,1,0,0,0,1,1,0,1,0,1,0,1,0,1,0,1,0,0,0,0,0,1,0,0
2560-PPCHE,0,1.3235432835192036,1.3313245665245697,1.9507012707327331,0,0,0,1,0,1,1,0,0,0,0,1,0,0,0,1,0,1,0,1,1,0,1,0,0,0,0
9190-MFJLN,1,-0.5489205190561197,1.0276952562705766,-0.22981094417803732,1,0,0,1,0,0,1,0,0,0,0,0,0,1,0,0,0,1,0,1,0,0,1,1,0,0,1
1919-RTPQD,0,-1.0373893371192475,-0.6696423633460107,-0.8639194476836058,1,1,1,1,0,0,0,0,0,0,0,0,0,0,0,0,0,0,0,0,0,0,0,0,1,0,0
9916-AYHTC,0,0.631545791263106,-1.4959122896109767,-0.6082344298428803,1,0,0,1,0,0,0,1,1,0,1,0,1,0,1,0,1,0,1,0,0,1,0,1,0,0,0
7517-SAWMO,0,-0.5489205190561197,0.27442909859126996,-0.3776854423471047,0,1,0,1,0,0,1,0,0,1,0,0,0,0,0,0,0,0,0,0,0,0,1,0,1,0,1
5047-LHVLY,1,-1.2816237461508113,-0.49045129499939155,-0.9883921918372003,1,0,1,1,0,0,0,0,0,0,0,0,0,1,0,0,0,0,0,0,0,0,1,0,0,1,1
3097-IDVPU,0,-0.5489205190561197,-0.49211047155815646,-0.61067119785012,1,1,1,1,0,1,0,0,0,0,0,0,0,0,0,0,0,0,0,0,0,0,0,1,0,0,0
5649-RXQTV,0,0.7536629957788878,1.1305642029140057,1.201625613588298,1,0,0,1,0,0,1,0,0,0,0,1,0,1,0,0,0,1,0,1,0,0,1,0,1,0,0
0135-NMXAP,0,-0.8338606629262776,0.8236165395424823,-0.5483470143136024,0,0,0,1,0,1,1,0,0,0,0,1,0,0,0,0,0,1,0,0,0,0,1,0,0,0,1
6000-UKLWI,0,0.346605647392948,-1.4859572302583868,-0.6581332918289686,1,0,0,1,0,0,0,1,1,0,1,0,1,0,1,0,1,0,1,0,0,1,0,0,0,1,0
0887-WBJVH,0,0.8350744654560759,0.9463956048910918,1.1287640548853386,0,1,0,1,0,0,1,0,0,0,0,0,0,0,0,1,0,1,0,1,1,0,1,0,1,0,0
4847-QNOKA,0,-1.2816237461508113,-0.6646648336697157,-0.9906972426548594,0,0,0,1,0,0,0,0,0,0,0,0,0,0,0,0,0,0,0,0,0,0,1,0,0,0,1
8107-KNCIM,1,-0.7524491932490895,0.3374778078243394,-0.5654922018240006,1,1,0,1,0,1,1,0,0,0,0,0,0,0,0,0,0,0,0,0,0,0,1,0,1,0,0
6963-EZQEE,1,1.5270719577121736,0.7837963021321224,1.7585039382698198,1,1,0,1,0,1,0,0,0,1,0,1,0,1,0,1,0,1,0,1,0,1,1,1,0,0,0
6302-JGYRJ,0,-0.06045170099299184,0.48182616843689396,0.12573765622965472,1,0,1,1,0,1,0,0,0,0,0,1,0,0,0,1,0,1,0,1,1,0,1,0,0,1,1
4282-MSACW,0,1.4456604880349857,1.734504470304463,2.5178315833366054,1,0,0,1,0,1,1,0,0,1,0,1,0,1,0,1,0,1,0,1,1,0,1,1,0,0,0
6172-FECYY,0,0.6722515261016999,0.6494030008721581,0.8577120315935522,1,1,1,1,0,1,1,0,0,0,0,0,0,0,0,0,0,1,0,0,0,0,0,0,1,0,1
2796-NNUFI,0,0.5501343215859179,-1.4925939364934466,-0.6033608938284011,0,1,1,1,0,0,0,1,1,0,1,0,1,0,1,0,1,0,1,0,0,1,1,0,0,1,0
4692-NNQRU,0,-0.4675090493789317,0.473530285643069,-0.2453755254134692,0,1,0,1,0,0,1,0,0,0,0,0,0,1,0,1,0,0,0,0,1,0,0,0,1,0,0
8336-TAVKX,1,1.6084834273893616,0.44864263726159415,1.4844224196176812,0,1,0,1,0,1,0,0,0,1,0,1,0,1,0,1,0,0,0,1,0,1,0,0,0,0,0
1608-GMEWB,1,0.5094285867473239,0.9613281939199768,0.8337395030898969,1,0,0,1,0,1,1,0,0,0,0,0,0,0,0,0,0,1,0,1,0,0,1,0,0,0,0
9090-SGQXL,1,1.4456604880349857,1.3396204493183947,2.1945536943761415,1,1,0,1,0,1,1,0,0,0,0,1,0,1,0,0,0,1,0,1,0,0,1,0,1,0,1
3512-IZIKN,0,1.5270719577121736,0.012279202306401001,1.0793920616575725,0,1,0,1,0,1,0,0,0,1,0,0,0,1,0,1,0,0,0,0,0,1,0,1,0,0,1
3511-APPBJ,0,-0.38609757970174374,1.1620885575305409,-0.0037622939929295596,1,0,0,1,0,0,1,0,0,1,0,0,0,1,0,0,0,1,0,1,1,0,1,1,0,0,0
9430-FRQOC,0,-1.1595065416350294,0.7356801819279375,-0.8604948007545123,0,0,1,1,0,1,1,0,0,0,0,0,0,1,0,1,0,0,0,0,0,0,1,0,0,1,1
9605-WGJVW,1,-1.2816237461508113,0.17487850506537042,-0.9795890930002354,0,0,0,1,0,0,1,0,0,0,0,0,0,0,0,0,0,0,0,0,0,0,1,0,1,0,0
2824-MYYBN,0,0.18378270803857208,1.0061259610066313,0.44469083079889166,0,1,1,1,0,1,1,0,0,0,0,0,0,0,0,0,0,1,0,1,0,0,1,0,1,0,0
0402-CQAJN,0,0.18378270803857208,1.2267964433223755,0.5462008782356147,0,0,0,1,0,1,1,0,0,0,0,1,0,1,0,0,0,1,0,1,0,0,1,0,0,0,1
7873-CVMAW,0,1.6084834273893616,0.7837963021321224,1.7830252883967272,1,0,0,1,0,1,0,0,0,1,0,1,0,1,0,1,0,1,0,1,0,1,0,1,0,0,0
6738-ISCBM,0,0.46872285190873,-0.3626946999744871,0.06099865755082766,1,0,0,0,1,0,0,0,0,1,0,0,0,1,0,0,0,1,0,1,1,0,1,0,1,0,0
6440-DKQGE,0,-0.10115743583158582,-0.014267622633838777,-0.1630522819256422,1,0,1,1,0,0,0,0,0,0,0,1,0,1,0,0,0,1,0,0,1,0,0,1,0,0,0
7722-CVFXN,0,0.8757802002946699,1.336302096200865,1.464928275559764,1,1,1,1,0,1,1,0,0,0,0,1,0,0,0,1,0,1,0,1,1,0,1,0,1,0,0
2568-BRGYX,0,-1.1595065416350294,0.17487850506537042,-0.9059372311597929,1,0,0,1,0,0,1,0,0,0,0,0,0,0,0,0,0,0,0,0,0,0,1,0,1,0,1
7693-LCKZL,0,-1.1188008067964355,0.505054640259604,-0.8413738554004063,1,1,1,1,0,1,1,0,0,0,0,1,0,0,0,0,0,0,0,0,0,0,1,0,1,0,1
7815-PDTHL,0,0.1023712383613841,-1.4842980536996218,-0.7099201001990443,1,0,0,1,0,0,0,1,1,0,1,0,1,0,1,0,1,0,1,0,0,1,1,0,0,1,0
1702-CCFNJ,0,0.7943687306174818,-0.11879574583603324,0.3812031454210795,1,1,0,1,0,1,0,0,0,0,0,1,0,0,0,1,0,0,0,0,0,0,0,0,0,0,0
0254-FNMCI,0,1.6084834273893616,1.4922646927247742,2.3370497406373376,0,0,0,1,0,0,1,0,0,1,0,1,0,1,0,1,0,1,0,1,0,1,1,0,1,0,0
0237-YFUTL,0,0.7129572609402939,1.4839688099309494,1.3630450294192291,0,1,0,1,0,1,1,0,0,1,0,1,0,0,0,1,0,1,0,1,0,0,1,0,0,0,0
4311-QTTAI,0,-0.6710377235719016,-1.5125040551986266,-0.8806475307603324,0,0,0,1,0,0,0,1,1,0,1,0,1,0,1,0,1,0,1,0,1,0,0,1,0,0,0
3318-OSATS,1,0.1023712383613841,1.0127626672416914,0.5148960928453106,1,0,0,1,0,1,1,0,0,0,0,0,0,0,0,0,0,1,0,1,0,0,1,0,1,0,1
6339-TBELP,0,1.5677776925507676,0.712451710105228,1.6994507316078853,1,0,0,1,0,1,1,0,0,0,0,0,0,1,0,1,0,0,0,0,0,1,1,1,0,0,0
2408-TZMJL,0,1.0793088744876398,1.5005605755185993,1.8206524988868966,1,1,0,1,0,1,1,0,0,1,0,1,0,1,0,0,0,1,0,1,1,0,1,0,1,0,1
3597-YASZG,1,1.5270719577121736,1.31141444781939,2.2163748421166485,0,1,0,1,0,1,1,0,0,0,0,1,0,0,0,1,0,1,0,1,0,1,1,0,0,0,0
2468-SJFLM,0,-1.2816237461508113,0.3109309828840996,-0.9777889580759681,1,0,0,1,0,0,1,0,0,0,0,0,0,0,0,1,0,0,0,0,0,0,1,0,0,1,0
2055-SIFSS,1,0.9164859351332638,-0.4406759982364418,0.2358751795839023,0,1,0,1,0,1,0,0,0,0,0,0,0,0,0,0,0,0,0,0,0,0,0,0,0,0,0
1555-DJEQW,0,1.5270719577121736,1.6349538767785634,2.3808237533079315,0,1,1,1,0,1,1,0,0,1,0,1,0,1,0,1,0,1,0,1,0,1,1,0,0,0,1
8993-IZEUX,0,-1.0373893371192475,0.14003579733130567,-0.7958655664003356,1,0,0,1,0,0,1,0,0,0,0,0,0,0,0,0,0,0,0,0,0,0,0,0,0,0,0
5671-UUNXD,1,0.7129572609402939,1.1853170293532507,1.2681867000563223,0,1,0,1,0,1,1,0,0,0,0,0,0,0,0,1,0,1,0,1,1,0,1,0,1,0,0
3774-VBNXY,0,1.2828375486806096,-1.4842980536996218,-0.4494054520736996,0,1,1,1,0,0,0,1,1,0,1,0,1,0,1,0,1,0,1,0,0,1,0,0,0,1,0
9796-BPKIW,1,-0.9966836022806536,0.16658262227154547,-0.7633533734388764,1,0,0,1,0,0,1,0,0,0,0,0,0,0,0,0,0,0,0,0,0,0,1,1,0,0,0
4238-HFHSN,1,1.1607203441648277,0.5714217026102036,1.1430992756846856,1,1,0,1,0,1,1,0,0,0,0,1,0,0,0,0,0,0,0,0,0,0,1,0,1,0,0
4550-EVXNY,0,-1.2816237461508113,0.1566275629189556,-0.9798305745144662,0,0,1,1,0,0,1,0,0,0,0,0,0,0,0,0,0,0,0,0,0,0,1,0,1,0,1
0489-WMEMG,0,-0.38609757970174374,-0.5136797668221014,-0.5189521281722158,0,0,1,1,0,0,0,0,0,0,0,0,0,0,0,1,0,0,0,0,1,0,1,0,1,0,0
1373-ORVIZ,0,-0.8745663977648716,0.047121910040465745,-0.6851572685579059,0,1,1,1,0,1,0,0,0,0,0,0,0,0,0,1,0,0,0,1,0,0,1,0,1,0,1
0537-QYZZN,1,-0.3453918448631497,0.4950995809070136,-0.19475221888468813,1,1,1,1,0,1,1,0,0,1,0,0,0,0,0,0,0,0,0,0,0,0,1,0,1,0,0
6563-VRERX,0,0.020959768684196134,-1.4710246412295018,-0.7073516150022241,1,1,1,1,0,0,0,1,1,0,1,0,1,0,1,0,1,0,1,0,1,0,0,0,0,1,0
6925-BAYGL,1,0.8350744654560759,-1.3216987509406526,-0.4503494252656933,0,1,0,1,0,1,0,1,1,0,1,0,1,0,1,0,1,0,1,0,0,1,0,1,0,0,0
6923-AQONU,0,-0.38609757970174374,-1.461069581876912,-0.811078901796886,1,1,1,1,0,0,0,1,1,0,1,0,1,0,1,0,1,0,1,0,0,1,0,0,0,1,0
8337-MSSXB,0,-0.7524491932490895,0.7091333569876977,-0.49190619857834833,0,0,0,1,0,0,1,0,0,0,0,1,0,0,0,0,0,0,0,1,0,0,1,0,1,0,1
1414-YADCW,0,1.5270719577121736,0.6527213539896879,1.494937841919193,1,1,0,1,0,0,1,0,0,1,0,1,0,0,0,1,0,0,0,0,0,1,0,0,0,0,0
2189-UXTKY,0,-0.4268033145403377,0.473530285643069,-0.24524380822388867,0,1,0,1,0,1,0,0,0,1,0,0,0,0,0,1,0,1,0,1,0,0,1,0,1,0,1
8138-EALND,0,-0.7117434584104956,-1.4992306427285067,-0.8736006611177745,1,0,0,1,0,0,0,1,1,0,1,0,1,0,1,0,1,0,1,0,0,0,0,0,0,1,0
3096-YXENJ,0,1.3235432835192036,1.4176017475803497,2.0993660720392837,0,1,0,1,0,1,1,0,0,0,0,1,0,1,0,1,0,1,0,1,0,1,1,0,0,0,0
6631-HMANX,0,1.6084834273893616,0.680927355488693,1.723818411680282,1,1,0,1,0,1,0,0,0,0,0,1,0,1,0,1,0,1,0,1,0,1,1,1,0,0,0
2886-KEFUM,0,1.2421318138420157,1.4126242179040545,2.007559190901659,0,1,0,1,0,1,1,0,0,0,0,1,0,1,0,0,0,1,0,1,1,0,1,0,1,0,1
8485-GJCDN,1,-1.1188008067964355,0.1367174442137754,-0.8705711657574223,0,0,0,1,0,0,1,0,0,0,0,0,0,0,0,0,0,0,0,0,0,0,1,0,0,1,1
9786-IJYDL,0,0.1023712383613841,1.6017703456032637,0.7080813042300779,0,0,0,1,0,1,1,0,0,1,0,1,0,1,0,1,0,1,0,1,0,1,1,0,0,1,0
1024-VRZHF,0,-0.8745663977648716,0.33250027814804467,-0.6478813039066178,1,1,0,1,0,1,1,0,0,0,0,0,0,0,0,0,0,0,0,0,0,0,1,0,1,0,1
3317-HRTNN,1,-1.1188008067964355,-0.6381180087294758,-0.9234775702389325,0,0,0,0,1,0,0,0,0,0,0,0,0,0,0,0,0,1,0,1,0,0,0,0,1,0,1
3410-YOQBQ,0,-0.06045170099299184,0.473530285643069,0.08600297070619689,0,0,0,1,0,0,0,0,0,0,0,1,0,1,0,1,0,1,0,1,0,1,0,0,0,1,0
9564-KCLHR,0,-1.2816237461508113,-0.4539494107065617,-0.9879092288087384,1,0,0,1,0,0,0,0,0,0,0,0,0,0,0,1,0,0,0,0,0,0,0,0,0,1,1
2498-XLDZR,0,-0.019745966154397852,0.2877025110613896,0.006818986903372427,0,1,1,1,0,0,0,0,0,1,0,1,0,1,0,1,0,0,0,1,0,1,0,0,0,1,0
9314-QDMDW,0,-0.8745663977648716,-0.12211409895356326,-0.6899210402477348,1,0,0,1,0,0,0,0,0,0,0,1,0,0,0,0,0,1,0,0,1,0,1,0,1,0,0
7481-ATQQS,1,0.6722515261016999,0.8601184238353119,0.9723059865286073,0,0,0,1,0,1,1,0,0,0,0,0,0,1,0,0,0,0,0,1,0,0,1,1,0,0,1
7964-ZRKKG,0,1.4049547531963917,0.7788187724558276,1.5353750191204136,1,1,0,1,0,1,1,0,0,0,0,1,0,0,0,0,0,1,0,0,1,0,1,0,0,0,0
2225-ZRGSG,0,1.5270719577121736,0.9613281939199768,1.8781690050037252,0,1,1,1,0,1,1,0,0,1,0,1,0,1,0,1,0,0,0,0,0,1,0,0,0,0,1
4588-YBNIB,0,-1.2816237461508113,-1.5042081724048018,-1.0018053923094836,0,0,0,1,0,0,0,1,1,0,1,0,1,0,1,0,1,0,1,0,0,0,1,0,0,1,1
6549-YMFAW,1,-0.9559778674420595,-1.449455345965557,-0.920601744933091,1,1,0,1,0,0,0,1,1,0,1,0,1,0,1,0,1,0,1,0,0,0,1,0,0,1,0
1866-ZSLJM,0,-0.4675090493789317,-1.4743429943470319,-0.8335366826203653,1,0,0,1,0,0,0,1,1,0,1,0,1,0,1,0,1,0,1,0,0,0,0,1,0,0,0
4203-QGNZA,0,-0.1825689055087738,-1.4826388771408567,-0.7753615905556343,0,0,1,1,0,0,0,1,1,0,1,0,1,0,1,0,1,0,1,0,0,0,0,0,0,1,0
5174-ITUMV,0,1.4049547531963917,1.342938802435925,2.058358120349881,1,1,1,1,0,1,1,0,0,0,0,1,0,1,0,0,0,1,0,1,1,0,1,0,1,0,0
9529-OFXHY,0,-0.7117434584104956,0.7572494771918825,-0.4650139390389915,1,0,0,1,0,1,1,0,0,1,0,0,0,0,0,0,0,1,0,0,0,0,1,0,0,0,0
5685-IIXLY,0,-1.1188008067964355,0.6195378228143881,-0.8329439552672528,0,1,1,1,0,0,1,0,0,0,0,1,0,0,0,0,0,0,0,1,0,0,1,0,1,0,1
0584-BJQGZ,0,-0.30468611002455576,0.44532428414406383,-0.20346750626193272,0,0,0,1,0,1,0,0,0,1,0,1,0,1,0,1,0,1,0,0,0,0,1,0,0,0,0
9618-LFJRU,0,-1.1595065416350294,-1.4760021709057967,-0.9740350181729234,0,0,0,1,0,0,0,1,1,0,1,0,1,0,1,0,1,0,1,0,0,0,0,1,0,0,0
9210-IAHGH,0,-1.0373893371192475,0.19312944721178524,-0.8124838851524117,0,0,0,1,0,0,0,0,0,0,0,0,0,0,0,1,0,1,0,1,0,0,1,1,0,0,1
7825-GKXMW,0,-1.2816237461508113,-0.634799655611946,-0.9903020910861178,0,0,0,1,0,0,0,0,0,0,0,0,0,0,0,0,0,0,0,0,0,0,0,0,1,0,1
3359-DSRKA,0,1.0386031396490458,-1.4959122896109767,-0.5016093648774469,0,1,1,1,0,0,0,1,1,0,1,0,1,0,1,0,1,0,1,0,0,1,1,0,0,1,0
8630-FJLIB,0,-0.5896262538947137,0.1616050925952503,-0.47403656652525733,0,0,0,1,0,0,1,0,0,0,0,0,0,0,0,0,0,0,0,0,0,0,1,0,1,0,0
0924-BJCRC,1,1.1200146093262338,0.8136614801898924,1.3142218578147153,0,1,0,1,0,1,1,0,0,0,0,1,0,0,0,0,0,0,0,1,0,0,0,0,1,0,0
1245-HARPS,0,-0.7524491932490895,-1.477661347464562,-0.8820305612509278,0,1,0,1,0,0,0,1,1,0,1,0,1,0,1,0,1,0,1,0,0,1,0,0,0,1,0
3570-YUEKJ,0,0.387311382231542,-0.5103614137045716,-0.09807180173258422,0,0,0,1,0,0,0,0,0,0,0,1,0,0,0,0,0,0,0,0,0,0,1,0,1,0,0
7854-FOKSF,0,-1.2816237461508113,-0.9633166142474143,-0.9946487583422751,1,0,0,0,1,0,0,0,0,0,0,0,0,0,0,0,0,0,0,1,0,0,0,0,1,0,1
3566-CAAYU,0,1.2828375486806096,-0.5004063543519814,0.39911668320403054,0,1,1,0,1,0,0,0,0,0,0,1,0,1,0,1,0,0,0,1,0,1,0,0,1,0,0
0678-RLHVP,0,0.8350744654560759,1.3479163321122196,1.4844224196176812,0,0,0,1,0,1,1,0,0,0,0,1,0,1,0,0,0,1,0,1,0,1,0,0,1,0,0
2636-ALXXZ,1,-1.2816237461508113,0.15496838636019022,-0.9798525273793964,0,0,0,1,0,0,1,0,0,0,0,0,0,0,0,0,0,0,0,0,0,0,1,0,1,0,1
9408-HRXRK,0,0.5094285867473239,1.3346429196421,1.0667252585929121,0,1,1,1,0,1,1,0,0,1,0,1,0,0,0,0,0,1,0,1,0,0,1,0,1,0,0
1421-HCERK,1,-0.10115743583158582,1.352893861788515,0.38658159732895087,1,1,0,1,0,1,1,0,0,1,0,1,0,1,0,1,0,1,0,0,0,0,1,0,0,0,0
9584-EXCDZ,0,-0.6303319887333076,0.18483356441796028,-0.4986457281118852,0,0,0,1,0,0,1,0,0,0,0,0,0,0,0,0,0,0,0,0,0,0,0,0,0,0,0
2091-RFFBA,1,-0.06045170099299184,0.29765757041397994,-0.03695502576722135,0,0,0,1,0,1,1,0,0,0,0,0,0,0,0,0,0,0,0,0,0,0,1,0,1,0,1
8149-AIQCG,0,0.26519417771576004,0.27276992203250505,0.1885887085244944,1,0,0,1,0,1,1,0,0,0,0,0,0,0,0,0,0,0,0,0,0,0,1,1,0,0,0
4194-WHFCB,0,1.0793088744876398,1.0525829046520514,1.4398800566745344,0,1,1,1,0,1,1,0,0,0,0,1,0,0,0,1,0,0,0,1,0,0,1,0,0,0,0
3045-XETSH,0,-0.9152721326034655,0.9928525485365113,-0.5917917340102451,0,0,0,1,0,1,1,0,0,0,0,1,0,1,0,0,0,0,0,1,0,0,1,0,1,0,1
2789-HQBOU,0,-1.2002122764736234,0.5116913464946635,-0.8989781729769551,1,0,0,1,0,0,1,0,0,0,0,0,0,0,0,0,0,0,0,1,0,0,1,0,1,0,0
8012-SOUDQ,1,0.428017117070136,0.8402083051301322,0.6750202896453664,0,0,0,1,0,1,1,0,0,0,0,1,0,0,0,0,0,1,0,0,0,0,1,0,1,0,0
0225-ZORZP,0,-1.2002122764736234,0.642766294637098,-0.9072104973257378,1,0,0,1,0,0,1,0,0,0,0,1,0,0,0,0,0,0,0,1,0,0,0,0,1,0,0
0654-HMSHN,0,-0.4675090493789317,1.309755271260625,-0.06294721784444471,1,1,1,1,0,1,1,0,0,0,0,1,0,1,0,0,0,1,0,1,0,0,0,0,1,0,1
9373-WSLOY,1,0.020959768684196134,-0.4954288246756865,-0.2416874441052146,1,1,0,0,1,0,0,0,0,0,0,1,0,1,0,1,0,1,0,0,0,0,1,0,1,0,0
6158-DWPZT,0,-0.9559778674420595,-1.3548822821159523,-0.8963438291853447,1,1,0,0,1,0,0,0,0,0,0,0,0,0,0,0,0,0,0,0,1,0,0,0,0,0,1
3995-WFCSM,0,-1.2409180113122174,-0.13538751142368316,-0.9614999322978435,0,0,0,1,0,0,0,0,0,0,0,0,0,1,0,0,0,0,0,1,0,0,0,0,1,0,0
2259-OUUSZ,0,-1.0373893371192475,-0.9765900267175343,-0.9008441664960125,1,0,0,0,1,0,0,0,0,0,0,0,0,1,0,1,0,0,0,0,1,0,1,1,0,0,0
5349-AZPEW,0,-1.1188008067964355,-1.3233579274994176,-0.9553092243875589,0,1,1,0,1,0,0,0,0,0,0,0,0,0,0,0,0,0,0,0,0,0,0,0,0,1,0
5600-KTXFM,0,-1.2409180113122174,0.16658262227154547,-0.9472305700932868,1,1,1,1,0,0,1,0,0,0,0,0,0,0,0,0,0,0,0,0,0,0,0,0,0,1,0
9432-VOFYX,0,-0.6303319887333076,0.19478862377055015,-0.48046875594977295,1,0,0,1,0,0,1,0,0,0,0,0,0,0,0,0,0,0,0,0,0,0,1,0,1,0,0
5298-GSTLM,1,1.1200146093262338,1.2102046777347255,1.7014703951814534,0,0,0,1,0,1,1,0,0,1,0,0,0,0,0,0,0,1,0,1,1,0,1,0,0,0,0
8896-RAZCR,0,0.46872285190873,-1.4942531130522119,-0.629265274445904,0,0,1,1,0,0,0,1,1,0,1,0,1,0,1,0,1,0,1,0,0,1,0,0,0,1,0
8374-UULRV,0,1.6084834273893616,0.7008374741938728,1.759886968760415,1,0,0,1,0,1,0,0,0,1,0,1,0,0,0,1,0,1,0,1,0,1,0,1,0,0,0
9589-ABEPT,0,1.4863662228735797,0.9132120737157919,1.8261407151194184,1,1,0,1,0,1,1,0,0,0,0,1,0,0,0,1,0,1,0,0,0,1,1,0,0,1,0
4432-ADRLB,0,-1.2409180113122174,-0.6729607164635407,-0.9775255236968071,1,0,0,1,0,0,0,0,0,0,0,0,0,0,0,0,0,0,0,0,0,0,0,0,0,1,1
4912-PIGUY,0,-1.2816237461508113,0.6527213539896879,-0.9732666679003703,0,0,0,1,0,1,1,0,0,0,0,0,0,0,0,0,0,1,0,0,0,0,1,0,1,0,0
1400-WIVLL,0,0.9978974048104517,1.4275568069329394,1.610695298695543,1,1,0,1,0,1,1,0,0,0,0,0,0,1,0,1,0,1,0,1,0,1,0,0,1,0,0
6296-DDOOR,0,-0.5489205190561197,-0.2233238690382277,-0.5514862739986051,0,0,0,1,0,0,0,0,0,0,0,1,0,0,0,0,0,1,0,0,1,0,0,0,1,0,0
5274-XHAKY,0,0.346605647392948,0.9746016063900964,0.6991025824736721,0,1,1,1,0,1,1,0,0,1,0,1,0,0,0,0,0,1,0,0,0,0,1,0,0,0,0
3022-BEXHZ,0,1.4049547531963917,1.535403283252664,2.2960417889479348,1,1,1,1,0,1,1,0,0,0,0,1,0,1,0,1,0,1,0,1,0,1,1,0,0,0,0
5842-POCOP,0,-1.1188008067964355,0.7954105380434776,-0.8110130432020958,0,1,0,1,0,0,1,0,0,1,0,0,0,1,0,0,0,0,0,1,0,0,1,0,0,1,1
2774-LVQUS,1,-0.7117434584104956,0.6012868806679732,-0.4579451165315035,0,1,0,1,0,1,1,0,0,0,0,0,0,1,0,1,0,0,0,0,0,0,1,0,1,0,1
8984-HPEMB,0,1.5677776925507676,1.7826205905086479,2.711741239264066,0,0,0,1,0,1,1,0,0,1,0,1,0,1,0,1,0,1,0,1,0,1,1,0,1,0,0
4390-KYULV,0,-1.2002122764736234,-1.472683817788267,-0.9879531345385986,1,1,0,1,0,0,0,1,1,0,1,0,1,0,1,0,1,0,1,0,0,0,1,1,0,0,1
7711-GQBZC,0,1.5677776925507676,-1.3349721634107725,-0.21547572337869045,0,1,1,1,0,1,0,1,1,0,1,0,1,0,1,0,1,0,1,0,0,1,0,0,0,0,0
2000-DHJUY,1,1.5270719577121736,0.904916190921967,1.8322436115699825,0,1,0,1,0,1,0,0,0,1,0,1,0,1,0,1,0,1,0,1,0,1,1,0,0,0,0
7880-XSOJX,0,-1.1595065416350294,-0.7476236616079653,-0.9461329268467824,1,0,0,0,1,0,0,0,0,1,0,1,0,0,0,1,0,0,0,0,0,0,0,0,0,1,0
4395-PZMSN,1,-1.1188008067964355,0.6842457086062228,-0.8310560088832654,1,0,0,1,0,0,1,0,0,0,0,1,0,0,0,0,0,0,0,1,0,0,1,0,1,0,0
0704-VCUMB,0,1.1607203441648277,-1.4826388771408567,-0.44894444191016775,0,1,0,1,0,0,0,1,1,0,1,0,1,0,1,0,1,0,1,0,0,1,0,1,0,0,0
0323-XWWTN,0,-1.2002122764736234,-1.2785601604127628,-0.9571752179066163,1,0,1,1,0,1,0,1,1,0,1,0,1,0,1,0,1,0,1,0,0,1,1,0,0,1,0
7963-GQRMY,0,-1.2002122764736234,-0.6845749523748957,-0.9513577087001432,0,1,1,1,0,0,0,0,0,0,0,0,0,0,0,0,0,0,0,0,0,0,0,0,0,1,1
5498-TXHLF,0,0.06166550352279012,0.7472944178392927,0.25150561941412436,0,1,1,1,0,1,1,0,0,0,0,0,0,1,0,0,0,1,0,0,0,0,0,0,1,0,1
5569-IDSEY,0,1.5677776925507676,1.352893861788515,2.2702910783849424,1,1,0,1,0,1,1,0,0,0,0,1,0,1,0,0,0,1,0,1,1,0,1,0,0,0,0
5982-PSMKW,0,-0.38609757970174374,0.8684143066291369,-0.04523125584586418,0,1,1,1,0,1,0,0,0,1,0,1,0,1,0,1,0,1,0,1,0,1,1,1,0,0,0
3486-NPGST,0,0.14307697319997809,-1.5058673489635668,-0.7378660972550453,0,0,0,1,0,0,0,1,1,0,1,0,1,0,1,0,1,0,1,0,1,0,0,0,0,1,0
7718-RXDGG,0,-0.7117434584104956,0.12178485518489039,-0.5236719941321846,1,1,0,1,0,0,1,0,0,0,0,0,0,0,0,0,0,0,0,0,0,0,1,0,0,0,0
6859-RKMZJ,0,-0.8745663977648716,-0.3278519922404224,-0.7433982192174272,1,1,0,1,0,0,0,0,0,0,0,0,0,0,0,0,0,1,0,0,0,0,1,0,0,0,0
8020-BWHYL,1,-0.7117434584104956,0.3441145140593994,-0.5066146180815068,0,0,0,1,0,0,1,0,0,0,0,1,0,0,0,0,0,0,0,0,0,0,1,1,0,0,1
3249-VHRIP,0,1.2014260790034217,-0.7078034241976054,0.19642588130453548,0,0,0,0,1,0,0,0,0,0,0,1,0,1,0,0,0,0,0,1,0,1,1,1,0,0,0
3874-EQOEP,0,-1.0373893371192475,0.9978300782128064,-0.7226088561286347,1,0,0,1,0,1,1,0,0,0,0,0,0,0,0,0,0,1,0,1,0,0,0,0,0,1,1
4636-QRJKY,0,-1.0780950719578415,0.5166688761709587,-0.7896309527601909,0,1,1,1,0,1,1,0,0,0,0,0,0,0,0,1,0,0,0,0,0,0,1,0,1,0,1
1984-GPTEH,0,-0.1418631706701798,-1.3200395743818876,-0.7021926917436536,0,0,0,1,0,1,0,1,1,0,1,0,1,0,1,0,1,0,1,0,0,0,0,0,1,0,0
5968-XQIVE,0,1.6084834273893616,0.8219573629837174,1.8825156722598824,1,1,1,1,0,1,1,0,0,0,0,1,0,0,0,0,0,1,0,0,1,0,1,0,1,0,0
0383-CLDDA,0,1.4863662228735797,0.6776090023711627,1.5788855974118463,0,0,0,1,0,1,0,0,0,1,0,0,0,1,0,1,0,1,0,1,0,1,1,1,0,0,0
0125-LZQXK,0,-0.7117434584104956,1.2085455011759603,-0.3281378261998979,1,0,0,1,0,0,1,0,0,0,0,0,0,1,0,1,0,1,0,1,0,0,1,0,1,0,1
1699-TLDLZ,0,-0.6710377235719016,-1.5008898192872717,-0.8780131869687219,0,1,1,1,0,0,0,1,1,0,1,0,1,0,1,0,1,0,1,0,0,1,0,0,0,1,0
1732-VHUBQ,1,0.590840056424512,0.18649274097672516,0.4425394500357431,0,1,1,1,0,0,1,0,0,0,0,0,0,0,0,0,0,0,0,0,0,0,0,0,0,0,1
4342-HFXWS,0,0.631545791263106,0.1582867394777205,0.31714468555508507,0,1,1,1,0,0,0,0,0,1,0,0,0,1,0,1,0,1,0,0,1,0,0,0,0,0,0
8039-ACLPL,0,1.6084834273893616,0.12676238486118555,1.1357889716629663,0,1,1,1,0,0,0,0,0,1,0,1,0,1,0,0,0,0,0,1,0,1,0,1,0,0,0
0491-KAPQG,0,-0.4675090493789317,0.29102086417891987,-0.3260523040315396,1,0,0,1,0,1,1,0,0,0,0,0,0,0,0,0,0,0,0,0,0,0,1,0,1,0,0
7566-DSRLQ,0,1.6084834273893616,1.5005605755185993,2.501520604693551,0,1,0,1,0,1,1,0,0,0,0,1,0,1,0,1,0,1,0,1,0,1,1,0,1,0,0
3701-SFMUH,0,-1.0373893371192475,0.1582867394777205,-0.7837914906887876,1,1,1,1,0,0,0,0,0,1,0,0,0,0,0,0,0,1,0,1,0,0,0,1,0,0,0
8063-GBATB,1,-0.22327464034736777,0.6742906492536329,-0.006177109135239151,0,0,0,1,0,1,1,0,0,0,0,0,0,0,0,0,0,0,0,1,0,0,1,0,1,0,1
7341-LXCAF,0,-1.1595065416350294,0.32254521879545484,-0.8780790455635121,1,1,0,1,0,1,1,0,0,0,0,0,0,0,0,0,0,0,0,0,0,0,1,0,1,0,1
5175-AOBHI,0,-1.1595065416350294,-0.6281629493768859,-0.9254094223527802,0,0,0,1,0,0,0,0,0,0,0,0,0,0,0,0,0,0,0,0,0,0,1,0,0,1,1
9172-JITSM,0,-0.2639803751859618,0.858459247276547,0.026554612475520933,0,1,1,1,0,0,1,0,0,0,0,0,0,0,0,0,0,1,0,1,0,0,1,0,1,0,1
9003-CPATH,0,0.387311382231542,0.49675875746577897,0.4443615378249403,1,0,0,1,0,1,1,0,0,0,0,0,0,1,0,0,0,0,0,0,0,0,0,0,1,0,0
8645-KOMJQ,0,1.4863662228735797,0.5647849963751436,1.44892463702573,1,1,1,1,0,1,0,0,0,0,0,1,0,1,0,1,0,1,0,1,0,1,1,0,0,0,0
1306-RPWXZ,0,0.6722515261016999,-1.4760021709057967,-0.5605308543498009,0,0,1,1,0,0,0,1,1,0,1,0,1,0,1,0,1,0,1,0,0,1,0,1,0,0,0
7595-EUIVN,0,-1.2816237461508113,0.3607062796470494,-0.9771303721280655,0,0,0,1,0,0,1,0,0,0,0,1,0,0,0,0,0,0,0,0,0,0,0,0,1,0,1
6368-NWMCE,0,0.22448844287716607,0.10685226615600583,0.1558569869137345,0,0,0,1,0,1,0,0,0,0,0,1,0,0,0,1,0,0,0,1,0,0,0,1,0,0,0
1666-JXLKU,0,0.18378270803857208,1.1654069106480704,0.6626388738247974,0,0,0,1,0,1,1,0,0,0,0,0,0,1,0,0,0,1,0,1,0,0,1,0,1,0,0
6727-IOTLZ,0,-0.7524491932490895,0.5647849963751436,-0.491554952739467,1,1,0,1,0,0,0,0,0,0,0,1,0,1,0,1,0,1,0,1,0,1,0,0,0,1,0
8580-AECUZ,1,-1.2816237461508113,0.4702119325255387,-0.9756814830426799,1,0,0,1,0,0,1,0,0,0,0,0,0,0,0,0,0,1,0,0,0,0,1,0,1,0,1
5624-RYAMH,0,-0.9559778674420595,-1.5075265255223318,-0.9318855175071559,0,0,0,1,0,0,0,1,1,0,1,0,1,0,1,0,1,0,1,0,0,0,1,0,1,0,0
9828-QHFBK,0,-0.3453918448631497,-0.45726776382409173,-0.4503055195358331,1,0,0,1,0,0,0,0,0,1,0,0,0,0,0,0,0,0,0,0,0,0,1,0,1,0,0
9415-TPKRV,0,-0.9966836022806536,-0.3046235204177124,-0.8142401143468186,0,1,1,1,0,1,0,0,0,0,0,1,0,0,0,0,0,0,0,0,0,0,0,0,1,0,0
3049-NDXFL,0,-1.2816237461508113,0.6925415914000478,-0.972739799142048,0,0,0,1,0,1,1,0,0,0,0,0,0,0,0,0,0,0,0,1,0,0,0,0,0,1,1
2235-EZAIK,0,1.6084834273893616,0.473530285643069,1.3613327059546823,0,1,0,1,0,1,0,0,0,1,0,1,0,1,0,1,0,1,0,0,0,1,0,1,0,0,0
4389-UEFCZ,0,1.6084834273893616,1.3462571555534548,2.301837345289478,0,1,0,1,0,1,1,0,0,1,0,0,0,1,0,0,0,1,0,1,0,1,1,0,1,0,0
5084-OOVCJ,0,-0.6303319887333076,-0.3178969328878323,-0.6062586719991725,0,1,1,1,0,0,0,0,0,1,0,0,0,0,0,1,0,0,0,0,0,0,1,1,0,0,0
0361-HJRDX,0,1.4456604880349857,-0.019245152310133944,0.9827335973703988,0,0,0,0,1,0,0,0,0,1,0,1,0,1,0,1,0,1,0,1,0,1,0,1,0,0,0
9114-AAFQH,0,0.631545791263106,0.02389343821775623,0.34831775375580887,0,1,0,1,0,0,0,0,0,0,0,1,0,1,0,0,0,0,0,1,1,0,1,0,1,0,0
4431-EDMIQ,0,-1.0373893371192475,0.35738792652951956,-0.7671512190717816,0,1,1,1,0,0,0,0,0,1,0,1,0,1,0,1,0,1,0,0,0,0,1,0,1,0,0
6174-NRBTZ,0,0.5501343215859179,-1.1342117998002084,-0.35652288055450065,1,0,0,0,1,0,0,0,0,1,0,0,0,0,0,0,0,0,0,0,1,0,1,0,0,0,0
1842-EZJMK,0,0.7129572609402939,1.2865267994379153,1.2160705987122955,1,1,1,1,0,1,1,0,0,0,0,1,0,0,0,1,0,1,0,1,0,0,0,0,1,0,1
6475-VHUIZ,0,-0.38609757970174374,-0.3543988171806622,-0.47408047225511757,0,1,0,1,0,0,0,0,0,0,0,0,0,1,0,1,0,0,0,0,0,0,0,0,1,0,0
3752-CQSJI,0,-0.7931549280876836,-1.4760021709057967,-0.8986708328679339,0,1,1,1,0,0,0,1,1,0,1,0,1,0,1,0,1,0,1,0,0,0,1,0,0,1,0
8606-OEGQZ,0,-0.5896262538947137,-1.3150620447055927,-0.8107935145527949,0,0,1,1,0,1,0,1,1,0,1,0,1,0,1,0,1,0,1,0,0,1,0,1,0,0,0
9361-YNQWJ,0,1.2828375486806096,-1.3449272227633626,-0.3073923688409655,0,0,0,1,0,1,0,1,1,0,1,0,1,0,1,0,1,0,1,0,1,0,1,0,0,0,0
0130-SXOUN,0,1.3642490183577978,0.8120023036311275,1.6137906526506849,1,0,0,1,0,1,1,0,0,0,0,1,0,0,0,0,0,0,0,1,0,0,0,1,0,0,0
7102-JJVTX,0,-0.9559778674420595,-0.5418857683211062,-0.8249970181625613,0,1,1,1,0,0,0,0,0,1,0,0,0,0,0,0,0,0,0,0,1,0,0,0,0,1,0
4094-NSEDU,1,-0.4675090493789317,0.9729424298313315,-0.14382157224688585,0,0,0,1,0,1,1,0,0,0,0,0,0,0,0,0,0,1,0,1,0,0,1,0,1,0,1
6772-WFQRD,0,0.30589991255435406,-1.477661347464562,-0.6350608307874469,1,0,1,1,0,0,0,1,1,0,1,0,1,0,1,0,1,0,1,0,1,0,1,0,0,0,0
7021-XSNYE,0,-1.0373893371192475,-0.5070430605870415,-0.8762569577743149,1,1,1,0,1,0,0,0,0,1,0,0,0,1,0,1,0,0,0,1,0,1,0,1,0,0,0
4010-YLMVT,0,0.9571916699718578,1.3827590398462843,1.5773708497316703,0,0,0,1,0,1,1,0,0,1,0,1,0,0,0,0,0,1,0,1,0,0,1,1,0,0,0
8966-OIQHG,0,-0.4268033145403377,-1.466047111553207,-0.811803346339579,0,1,1,1,0,0,0,1,1,0,1,0,1,0,1,0,1,0,1,0,1,0,0,0,0,0,0
3376-BMGFE,0,-1.1595065416350294,0.1981069768880804,-0.8905482728438017,0,0,0,1,0,0,1,0,0,0,0,0,0,0,0,0,0,0,0,0,0,0,1,0,0,0,1
0723-DRCLG,1,-1.2816237461508113,0.31590851256039476,-0.977723099481178,0,1,0,1,0,1,1,0,0,0,0,0,0,0,0,0,0,0,0,0,0,0,1,0,1,0,1
5222-IMUKT,0,-0.019745966154397852,0.866755130070372,0.2503421175728297,1,0,0,1,0,0,1,0,0,0,0,0,0,0,0,0,0,1,0,1,0,0,0,0,1,0,0
8319-QBEHW,0,-0.2639803751859618,-0.8289233129874498,-0.5609260059185425,1,0,1,0,1,0,0,0,0,0,0,1,0,0,0,0,0,1,0,0,1,0,1,0,0,0,0
1337-BOZWO,0,-0.5896262538947137,-0.614889536906766,-0.653720765978021,1,1,1,0,1,0,0,0,0,0,0,1,0,1,0,0,0,1,0,0,1,0,0,1,0,0,0
3174-RKMOW,0,0.1023712383613841,1.4939238692835393,0.6502794108691582,1,1,1,1,0,1,1,0,0,0,0,1,0,1,0,1,0,1,0,1,0,0,1,0,1,0,0
4900-MSOMT,0,1.6084834273893616,0.5067138168183688,1.4984503003080067,0,1,1,1,0,1,0,0,0,1,0,1,0,1,0,1,0,1,0,0,0,1,0,0,0,0,0
4472-VESGY,0,0.7943687306174818,1.102358201415001,1.1819777994758698,0,1,1,1,0,1,1,0,0,1,0,1,0,1,0,0,0,0,0,1,0,0,0,0,0,0,0
8972-HJWNV,1,-1.0373893371192475,0.651062177430923,-0.7264067017615398,0,1,0,1,0,1,1,0,0,0,0,0,0,0,0,0,0,0,0,1,0,0,1,0,1,0,1
4480-MBMLB,0,0.14307697319997809,1.3230286837307448,0.6959633227886696,0,0,0,1,0,1,1,0,0,0,0,1,0,1,0,0,0,1,0,1,1,0,1,0,0,0,0
0396-HUJBP,0,-1.2409180113122174,-1.5141632317573919,-0.9909167713041603,0,0,0,1,0,0,0,1,1,0,1,0,1,0,1,0,1,0,1,0,0,0,0,0,0,1,0
1397-XKKWR,0,-1.0373893371192475,-0.9832267329525943,-0.894148542692336,1,0,0,0,1,0,0,0,0,1,0,0,0,1,0,0,0,0,0,0,1,0,0,0,0,1,0
8944-AILEF,0,-0.7117434584104956,-1.5091857020810966,-0.8607582351336734,1,1,0,1,0,0,0,1,1,0,1,0,1,0,1,0,1,0,1,0,0,0,1,1,0,0,0
3422-GALYP,0,-1.2409180113122174,0.48182616843689396,-0.9466817484700346,1,0,0,1,0,1,1,0,0,0,0,1,0,0,0,0,0,0,0,0,0,0,1,0,1,0,0
4872-JCVCA,0,1.5677776925507676,-0.5750692994964061,0.4726368278548927,0,1,0,0,1,0,0,0,0,1,0,1,0,1,0,1,0,0,0,0,0,1,1,0,0,0,0
0064-YIJGF,0,-0.22327464034736777,0.35904710308828447,-0.16346938635931388,1,1,1,1,0,1,1,0,0,0,0,0,0,0,0,0,0,0,0,0,0,0,1,0,0,0,0
4385-ZKVNW,0,0.46872285190873,-0.33282952191671733,0.10879004450362743,1,1,1,1,0,0,0,0,0,0,0,1,0,0,0,1,0,0,0,0,0,0,1,0,0,0,0
2361-UPSND,0,0.5501343215859179,0.18815191753549007,0.40820516928508677,0,1,0,1,0,0,0,0,0,1,0,1,0,0,0,1,0,0,0,1,1,0,0,0,0,1,0
7328-OWMOM,0,-0.06045170099299184,-1.4876164068171518,-0.7516964021610002,0,0,1,1,0,0,0,1,1,0,1,0,1,0,1,0,1,0,1,0,1,0,0,1,0,0,0
0565-IYCGT,0,1.4863662228735797,0.4536201669378888,1.341377551733233,1,0,0,1,0,1,0,0,0,1,0,1,0,1,0,1,0,0,0,1,1,0,1,1,0,0,1
8201-AAXCB,0,-0.30468611002455576,-0.15197927701133307,-0.39368908088113824,1,1,1,1,0,1,0,0,0,0,0,0,0,0,0,0,0,1,0,0,0,0,0,0,1,0,0
0487-VVUVK,0,-0.30468611002455576,-1.5191407614336867,-0.8007171495498849,1,1,1,1,0,0,0,1,1,0,1,0,1,0,1,0,1,0,1,0,0,0,1,0,0,1,0
3870-SPZSI,0,1.5270719577121736,1.5967928159269684,2.4445529201999747,0,1,1,1,0,1,1,0,0,1,0,1,0,1,0,1,0,1,0,1,0,1,1,1,0,0,0
2545-LXYVJ,0,1.6084834273893616,-1.4677062881119718,-0.3552935201184158,1,1,0,1,0,0,0,1,1,0,1,0,1,0,1,0,1,0,1,0,0,1,0,0,0,0,0
2372-HWUHI,0,-1.2409180113122174,-0.6829157758161306,-0.9747375098506861,1,0,0,1,0,0,0,0,0,0,0,0,0,0,0,0,0,0,0,0,0,0,0,0,1,0,1
3806-DXQOM,0,-1.1595065416350294,-1.037979559391839,-0.9498868667498274,0,0,0,0,1,0,0,0,0,1,0,1,0,0,0,0,0,0,0,0,0,0,1,0,1,0,1
7973-DZRKH,0,1.3642490183577978,0.8634367769528422,1.5932208182111933,0,0,1,1,0,1,1,0,0,1,0,0,0,1,0,1,0,0,0,0,0,1,1,1,0,0,0
9761-XUJWD,0,-1.1188008067964355,0.02223426165899086,-0.8611753395673449,1,0,0,1,0,0,0,0,0,0,0,1,0,0,0,1,0,0,0,1,0,0,1,0,0,0,0
2207-NHRJK,0,-1.2816237461508113,-0.4688819997354467,-0.9881068045931091,1,0,0,1,0,0,0,0,0,0,0,1,0,0,0,0,0,0,0,0,0,0,0,0,1,0,1
0684-AOSIH,0,-1.2816237461508113,0.9978300782128064,-0.968700471994912,1,1,0,1,0,0,1,0,0,1,0,0,0,0,0,0,0,1,0,1,0,0,1,0,1,0,1
7839-QRKXN,0,-1.2816237461508113,-1.4842980536996218,-1.0015419579303226,0,0,0,1,0,0,0,1,1,0,1,0,1,0,1,0,1,0,1,0,0,0,1,0,0,1,1
0100-DUVFC,1,1.5270719577121736,1.3230286837307448,2.198636927253138,1,1,0,1,0,1,1,0,0,0,0,1,0,1,0,0,0,1,0,1,1,0,1,0,1,0,0
5090-EMGTC,0,1.0793088744876398,1.1654069106480704,1.6392340231046563,0,1,0,1,0,0,1,0,0,0,0,1,0,0,0,1,0,1,0,1,0,1,1,0,0,1,0
5961-VUSRV,0,-0.8338606629262776,-1.5125040551986266,-0.9141036969137852,0,0,0,1,0,0,0,1,1,0,1,0,1,0,1,0,1,0,1,0,1,0,1,0,0,0,0
9101-NTIXF,0,-1.2409180113122174,-1.5108448786398618,-0.9881946160528295,1,0,0,1,0,0,0,1,1,0,1,0,1,0,1,0,1,0,1,0,0,0,0,0,0,1,0
9585-KKMFD,0,0.346605647392948,-1.4909347599346818,-0.6241283040522635,1,1,1,1,0,0,0,1,1,0,1,0,1,0,1,0,1,0,1,0,0,1,1,0,0,1,0
2832-KJCRD,0,0.22448844287716607,1.2848676228791502,0.7407691201109775,0,0,0,1,0,1,1,0,0,0,0,0,0,1,0,1,0,1,0,1,0,0,1,0,1,0,0
1229-RCALF,0,1.2828375486806096,1.6615007017188033,2.23692272369121,0,1,0,1,0,1,1,0,0,1,0,1,0,1,0,1,0,1,0,1,1,0,1,0,1,0,0
3746-EUBYR,0,-1.2816237461508113,0.32088604223668943,-0.9776572408863877,1,1,0,1,0,1,1,0,0,0,0,0,0,0,0,0,0,0,0,0,0,0,1,0,0,0,1
1010-DIAUQ,0,-1.1188008067964355,1.0476053749757561,-0.7941532429357888,1,0,0,1,0,0,1,0,0,0,0,0,0,1,0,0,0,1,0,1,0,0,0,0,0,0,1
2209-XADXF,0,-1.2816237461508113,-1.3167212212643575,-0.9993247185723837,0,0,0,0,1,0,0,0,0,0,0,0,0,0,0,0,0,0,0,0,0,0,0,0,0,0,0
7242-EDTYC,0,0.46872285190873,-1.5058673489635668,-0.6504058833735779,1,0,1,1,0,0,0,1,1,0,1,0,1,0,1,0,1,0,1,0,0,1,0,0,0,0,0
3801-HMYNL,0,-1.2816237461508113,0.8037064208373025,-0.9712689571917322,1,1,1,1,0,0,1,0,0,0,0,0,0,0,0,0,0,1,0,1,0,0,0,0,0,1,1
9574-RKJIF,0,-0.10115743583158582,0.9779199595076267,0.2359410381786924,1,1,1,1,0,1,1,0,0,1,0,1,0,0,0,0,0,1,0,0,0,0,1,0,1,0,1
5693-PIPCS,0,0.346605647392948,1.152133498177951,0.842564554791792,1,0,0,1,0,0,1,0,0,0,0,1,0,0,0,1,0,1,0,1,0,1,1,1,0,0,0
1657-DYMBM,0,0.8350744654560759,-1.4942531130522119,-0.523035361049212,1,1,0,1,0,0,0,1,1,0,1,0,1,0,1,0,1,0,1,0,0,1,0,1,0,0,0
5135-GRQJV,1,1.6084834273893616,1.6449089361311533,2.6477925437227223,1,1,0,1,0,1,1,0,0,1,0,1,0,1,0,1,0,1,0,1,0,1,1,0,0,1,0
2205-YMZZJ,1,-1.0373893371192475,0.659358060224748,-0.7702685258918539,1,0,0,1,0,1,1,0,0,0,0,0,0,0,0,0,0,1,0,0,0,0,1,0,1,0,1
7138-GIRSH,0,0.7129572609402939,0.15165003324266044,0.490374742718403,1,0,0,1,0,1,0,0,0,0,0,0,0,1,0,1,0,0,0,1,0,1,0,0,0,0,0
9244-ZVAPM,0,-1.2816237461508113,-0.6414363618470058,-0.9903899025458383,1,0,0,1,0,0,0,0,0,0,0,0,0,0,0,0,0,0,0,0,0,0,0,0,0,1,0
8174-LNWMW,0,-0.06045170099299184,-1.461069581876912,-0.7077467665709657,0,0,0,1,0,0,0,1,1,0,1,0,1,0,1,0,1,0,1,0,0,1,0,1,0,0,0
9412-GHEEC,0,0.30589991255435406,1.3230286837307448,0.8037518895953977,1,0,0,1,0,1,1,0,0,0,0,0,0,1,0,1,0,1,0,1,0,0,0,0,0,0,1
2876-VBBBL,0,-1.2816237461508113,-1.4826388771408567,-1.0015200050653925,0,0,0,1,0,0,0,1,1,0,1,0,1,0,1,0,1,0,1,0,0,0,1,0,0,1,1
9000-PLFUZ,1,1.1200146093262338,-0.5136797668221014,0.2661701331874226,0,1,0,0,1,0,0,0,0,0,0,1,0,0,0,0,0,1,0,1,0,1,1,1,0,0,0
9798-DRYDS,0,-0.6303319887333076,-0.09888562713085328,-0.5403122657491906,0,1,1,1,0,1,0,0,0,0,0,0,0,1,0,1,0,0,0,0,1,0,1,0,0,1,0
3108-PCCGG,1,1.6084834273893616,0.6477438243133932,1.5799612877934208,1,1,0,1,0,1,0,0,0,1,0,1,0,1,0,0,0,1,0,1,0,1,0,1,0,0,0
6005-OBZPH,1,-0.2639803751859618,0.8037064208373025,-0.01039205920181585,0,0,0,1,0,1,1,0,0,0,0,1,0,0,0,0,0,1,0,0,0,0,1,0,1,0,1
7274-RTAPZ,0,-1.2816237461508113,0.850163364482722,-0.9706542769736898,1,0,0,1,0,0,1,0,0,0,0,0,0,0,0,0,0,1,0,1,0,0,1,0,1,0,1
4013-UBXWQ,0,-1.0373893371192475,0.32254521879545484,-0.781618157060709,0,0,0,1,0,1,0,0,0,0,0,0,0,0,0,1,0,1,0,1,0,0,1,0,1,0,1
5834-ASPWA,0,-1.2816237461508113,0.3490920437356946,-0.9772840421825763,1,0,0,1,0,1,1,0,0,0,0,0,0,0,0,0,0,0,0,0,0,0,1,0,1,0,1
4423-JWZJN,0,1.2828375486806096,0.8402083051301322,1.4611084770619285,1,1,1,1,0,1,1,0,0,0,0,0,0,1,0,0,0,0,0,1,1,0,0,1,0,0,0
1431-AIDJQ,0,0.020959768684196134,0.5697625260514383,0.1324991386281216,1,1,1,1,0,0,0,0,0,0,0,1,0,1,0,1,0,1,0,1,0,1,0,1,0,0,0
5848-FHRFC,0,1.4456604880349857,-1.4892755833759168,-0.4014823479313192,0,0,0,1,0,0,0,1,1,0,1,0,1,0,1,0,1,0,1,0,0,1,0,0,0,0,0
6016-LVTJQ,0,0.06166550352279012,-1.469365464670737,-0.6958702666437884,0,1,1,1,0,0,0,1,1,0,1,0,1,0,1,0,1,0,1,0,0,0,0,0,0,1,0
7526-IVLYU,0,-1.2002122764736234,-1.5025489958460367,-0.9804013490026486,1,0,0,1,0,0,0,1,1,0,1,0,1,0,1,0,1,0,1,0,0,0,1,0,0,1,0
7353-YOWFP,0,-1.0373893371192475,-1.4826388771408567,-0.9537066652476625,0,0,0,1,0,0,0,1,1,0,1,0,1,0,1,0,1,0,1,0,1,0,0,0,0,1,0
8035-PWSEV,0,-1.0780950719578415,0.8070247739548323,-0.7965680580780984,0,0,0,1,0,0,1,0,0,0,0,0,0,1,0,1,0,0,0,1,0,0,1,0,1,0,0
0603-OLQDC,0,-0.8338606629262776,0.16326426915401518,-0.6427004277831173,1,0,1,1,0,0,0,0,0,1,0,0,0,0,0,0,0,1,0,1,0,0,1,0,0,1,0
0604-THJFP,0,1.0793088744876398,0.36568380932334454,0.9839410049415536,0,1,1,1,0,0,0,0,0,0,0,1,0,0,0,1,0,1,0,1,0,1,1,1,0,0,0
1871-MOWRM,0,-0.8338606629262776,0.5282831120823135,-0.6299897189885968,1,1,0,1,0,0,1,0,0,1,0,0,0,0,0,1,0,0,0,0,0,0,0,0,0,0,1
0222-CNVPT,1,0.7943687306174818,-0.5352490620860464,0.11140243543030794,1,0,0,0,1,0,0,0,0,1,0,0,0,0,0,0,0,1,0,1,0,0,1,1,0,0,0
7739-LAXOG,0,-0.019745966154397852,0.866755130070372,0.2867838733567744,0,1,1,1,0,1,1,0,0,0,0,0,0,1,0,0,0,0,0,1,0,0,1,0,0,0,1
5481-NTDOH,1,1.4049547531963917,1.3976916288751695,2.1255558399008776,0,1,0,1,0,1,1,0,0,1,0,0,0,1,0,0,0,1,0,1,1,0,1,1,0,0,0
4163-HFTUK,0,0.7536629957788878,-1.5207999379924515,-0.5679289698312403,1,0,0,1,0,0,0,1,1,0,1,0,1,0,1,0,1,0,1,0,1,0,0,0,1,0,0
5780-INQIK,0,-0.9966836022806536,-0.5153389433808665,-0.8311657732079158,0,0,0,1,0,0,0,0,0,0,0,0,0,0,0,1,0,0,0,0,0,0,0,0,1,0,0
4184-TJFAN,1,-1.2002122764736234,0.7755004193382974,-0.8902189798698503,0,1,1,1,0,0,1,0,0,1,0,0,0,0,0,1,0,1,0,0,0,0,1,0,0,1,1
5781-BKHOP,0,1.6084834273893616,1.1853170293532507,2.2096572654480418,0,1,0,1,0,1,1,0,0,1,0,1,0,1,0,0,0,1,0,0,0,1,0,0,0,0,0
7137-RYLPP,1,0.18378270803857208,0.689223238282518,0.3819056370988423,1,1,0,1,0,1,1,0,0,0,0,0,0,0,0,0,0,1,0,0,0,0,1,0,1,0,1
1852-QSWCD,0,1.2828375486806096,-1.3316538102932427,-0.34530496657522614,1,1,1,1,0,1,0,1,1,0,1,0,1,0,1,0,1,0,1,0,0,1,1,0,0,1,0
2657-ALMWY,1,-0.2639803751859618,0.6643355899010431,-0.05776634172094405,0,1,0,1,0,0,1,0,0,0,0,1,0,0,0,0,0,0,0,1,0,0,0,0,1,0,1
8063-RJYNF,0,-0.6710377235719016,0.9729424298313315,-0.3591791772110412,1,0,0,1,0,0,1,0,0,1,0,0,0,0,0,0,0,1,0,1,0,0,1,0,1,0,1
1875-QIVME,0,-1.2409180113122174,1.309755271260625,-0.9038078032615743,0,1,0,1,0,1,1,0,0,0,0,0,0,1,0,1,0,1,0,1,0,0,1,0,1,0,1
3714-XPXBW,0,0.18378270803857208,0.46357522629047915,0.2966407097103835,0,0,0,1,0,1,0,0,0,1,0,1,0,1,0,1,0,1,0,0,0,0,1,1,0,0,0
9896-UYMIE,0,1.3642490183577978,1.6382722298960932,2.231456460323618,1,0,0,1,0,1,1,0,0,1,0,1,0,1,0,1,0,1,0,1,1,0,1,0,0,0,0
9297-EONCV,0,1.6084834273893616,0.8767101894229619,1.930043624833521,0,0,0,1,0,1,0,0,0,1,0,1,0,1,0,1,0,1,0,1,0,1,1,0,0,0,0
4193-ORFCL,1,-1.2816237461508113,-0.6580281274346557,-0.9906094311951391,0,0,0,1,0,0,0,0,0,0,0,0,0,0,0,0,0,0,0,0,0,0,0,0,0,1,1
7641-EUYET,1,0.5501343215859179,1.1869762059120157,0.9834360890481613,1,1,1,1,0,1,1,0,0,1,0,1,0,1,0,0,0,1,0,0,0,0,1,0,1,0,1
7876-DNYAP,0,1.4863662228735797,-1.497571466169742,-0.3795075301363019,0,1,1,1,0,0,0,1,1,0,1,0,1,0,1,0,1,0,1,0,0,1,0,1,0,0,0
8910-ICHIU,0,0.5501343215859179,1.0193993734767515,1.0374401367761759,0,0,0,1,0,0,1,0,0,1,0,1,0,1,0,0,0,1,0,0,1,0,1,1,0,0,0
7994-UYIVZ,0,-0.9966836022806536,0.6875640617237531,-0.7208745797991578,1,1,0,1,0,1,1,0,0,0,0,0,0,0,0,0,0,0,0,1,0,0,1,0,0,0,0
1849-RJYIG,0,-0.9966836022806536,-0.16359351292268806,-0.7962607179690772,0,0,0,1,0,0,0,0,0,1,0,0,0,0,0,0,0,1,0,0,0,0,1,0,1,0,0
1349-WXNGG,0,-1.2816237461508113,-1.4892755833759168,-1.0016078165251128,1,0,0,1,0,0,0,1,1,0,1,0,1,0,1,0,1,0,1,0,0,0,0,0,0,0,1
0248-PGHBZ,1,1.4049547531963917,0.9132120737157919,1.6857740967564412,0,0,0,1,0,0,1,0,0,1,0,1,0,0,0,1,0,1,0,0,0,1,1,0,0,0,0
9397-TZSHA,0,1.4863662228735797,-1.3382905165283026,-0.2736508154434215,0,0,0,1,0,1,0,1,1,0,1,0,1,0,1,0,1,0,1,0,0,1,0,1,0,0,0
8967-SZQAS,0,-0.7524491932490895,-0.4804962356468015,-0.6743345061473729,0,0,0,1,0,0,0,0,0,0,0,1,0,0,0,0,0,0,0,0,0,0,0,0,1,0,0
9577-WJVCQ,0,1.4456604880349857,-0.3477621109456021,0.6087226375565031,0,0,0,1,0,1,0,0,0,1,0,0,0,0,0,0,0,0,0,0,0,0,0,0,0,1,0
9388-ZEYVT,0,0.428017117070136,-0.6895524820511906,-0.1624595545725299,1,0,0,0,1,0,0,0,0,0,0,0,0,1,0,1,0,0,0,1,1,0,0,0,1,0,0
2832-SCUCO,0,-1.2409180113122174,-1.4942531130522119,-0.9852090264223377,0,0,0,1,0,0,0,1,1,0,1,0,1,0,1,0,1,0,1,0,0,0,0,0,1,0,0
4257-GAESD,0,-1.0780950719578415,-0.6613464805521857,-0.8792645002697369,0,0,0,0,1,0,0,0,0,0,0,0,0,0,0,0,0,1,0,1,0,0,0,1,0,0,0
1843-TLSGD,0,-0.7931549280876836,-1.462728758435677,-0.8908336600878929,0,1,1,1,0,0,0,1,1,0,1,0,1,0,1,0,1,0,1,0,0,1,0,0,0,1,0
7427-AUFPY,0,0.8757802002946699,-1.5025489958460367,-0.5675338182624987,1,0,0,1,0,0,0,1,1,0,1,0,1,0,1,0,1,0,1,0,0,1,0,1,0,0,0
8660-BUETV,0,-1.2002122764736234,-0.6696423633460107,-0.9454084823040895,0,0,0,1,0,0,0,0,0,0,0,0,0,0,0,0,0,0,0,0,0,0,0,0,0,1,0
9355-NPPFS,1,-0.2639803751859618,0.4602568731729489,-0.12961806863711947,0,0,0,1,0,0,1,0,0,0,0,0,0,0,0,0,0,0,0,1,0,0,1,0,1,0,0
5032-USPKF,0,0.22448844287716607,0.6361295884020379,0.38915008252577105,0,0,0,1,0,1,0,0,0,1,0,1,0,1,0,0,0,1,0,1,1,0,0,0,0,0,0
3070-FNFZQ,0,-0.38609757970174374,-1.477661347464562,-0.8002122336564929,0,1,1,1,0,0,0,1,1,0,1,0,1,0,1,0,1,0,1,0,0,1,0,0,0,0,0
2138-VFAPZ,0,-0.7524491932490895,-1.5008898192872717,-0.894653458585728,0,1,1,1,0,0,0,1,1,0,1,0,1,0,1,0,1,0,1,0,0,1,1,0,0,1,0
5338-YHWYT,0,0.18378270803857208,-0.1154773927185032,0.0004526560736471414,1,0,1,1,0,0,0,0,0,1,0,1,0,0,0,1,0,0,0,0,0,1,0,1,0,0,0
9667-EQRXU,1,-0.10115743583158582,-0.817309077076095,-0.4954186569671623,0,0,0,0,1,0,0,0,0,0,0,0,0,1,0,0,0,1,0,0,0,0,1,0,1,0,1
6437-UKHMV,0,-1.0373893371192475,0.49012205123071895,-0.7531013855165258,0,0,0,1,0,0,1,0,0,0,0,0,0,0,0,0,0,1,0,0,0,0,1,0,1,0,1
9546-CQJSU,0,-1.2409180113122174,0.8783693659817272,-0.9254094223527802,0,0,0,1,0,1,1,0,0,0,0,0,0,1,0,0,0,1,0,0,0,0,1,0,1,0,1
6551-ZCOTS,1,0.020959768684196134,-1.3283354571757127,-0.6381781376075193,1,0,0,1,0,1,0,1,1,0,1,0,1,0,1,0,1,0,1,0,1,0,1,0,0,0,0
4304-XUMGI,1,0.7129572609402939,0.33913698438310474,0.6678636556781579,1,1,1,1,0,1,0,0,0,1,0,1,0,1,0,0,0,0,0,1,0,1,1,0,0,0,0
2808-CHTDM,0,-0.38609757970174374,-1.3216987509406526,-0.7419493301320415,0,1,1,1,0,1,0,1,1,0,1,0,1,0,1,0,1,0,1,0,0,1,0,0,0,1,0
6749-UTDVX,0,1.6084834273893616,1.2848676228791502,2.3417037480025162,1,0,0,1,0,1,1,0,0,0,0,1,0,1,0,0,0,1,0,1,0,1,1,0,1,0,0
7762-URZQH,0,1.3642490183577978,1.3645080976998696,2.054801756231207,1,1,0,1,0,1,1,0,0,1,0,0,0,1,0,0,0,1,0,1,0,1,1,1,0,0,1
9526-BIHHD,0,-1.2816237461508113,-1.1690545075342733,-0.9973709135936061,1,0,0,0,1,0,0,0,0,1,0,0,0,0,0,0,0,0,0,0,0,0,0,0,0,1,1
9837-FWLCH,0,-0.8338606629262776,-1.5174815848749215,-0.905476220996261,1,1,1,1,0,0,0,1,1,0,1,0,1,0,1,0,1,0,1,0,0,0,1,0,1,0,0
4825-XJGDM,0,1.1607203441648277,-0.7044850710800754,0.17352904318245468,0,0,0,0,1,0,0,0,0,1,0,1,0,1,0,1,0,0,0,0,1,0,0,1,0,0,0
6762-NSODU,0,0.5501343215859179,-1.5108448786398618,-0.5897281647068169,0,1,1,1,0,0,0,1,1,0,1,0,1,0,1,0,1,0,1,0,0,1,0,1,0,0,0
5837-LXSDN,0,-0.4675090493789317,-0.20175457377428285,-0.4767587217765882,0,1,1,1,0,0,0,0,0,0,0,1,0,0,0,0,0,1,0,0,1,0,1,1,0,0,0
3648-GZPHF,0,-0.019745966154397852,-0.9517023783360593,-0.5050340118065405,1,1,1,0,1,0,0,0,0,0,0,0,0,1,0,1,0,0,0,0,1,0,1,0,0,1,0
2164-SOQXL,0,-0.5082147842175256,-1.4892755833759168,-0.8321316992648397,0,1,1,1,0,0,0,1,1,0,1,0,1,0,1,0,1,0,1,0,0,0,0,0,0,1,0
9236-NDUCW,0,-0.4675090493789317,-0.9898634391876541,-0.6721611725192943,0,0,0,0,1,0,0,0,0,1,0,0,0,0,0,1,0,0,0,0,0,1,0,0,0,1,0
2223-KAGMX,0,-0.7117434584104956,-1.5108448786398618,-0.8833916388765933,0,0,0,1,0,0,0,1,1,0,1,0,1,0,1,0,1,0,1,0,0,0,0,0,0,0,1
0268-QKIWO,0,-1.2002122764736234,-1.4992306427285067,-0.9845723933393652,0,0,0,1,0,0,0,1,1,0,1,0,1,0,1,0,1,0,1,0,0,0,0,0,1,0,1
1907-UBQFC,1,-0.9152721326034655,0.2628148626799147,-0.7080541066799868,1,0,0,1,0,0,1,0,0,0,0,1,0,0,0,0,0,0,0,0,0,0,1,0,1,0,1
4274-DRSQT,0,1.3642490183577978,0.7954105380434776,1.6239767819782456,0,0,0,1,0,1,1,0,0,0,0,1,0,0,0,0,0,1,0,0,1,0,1,0,0,0,0
5577-OTWWW,0,-0.7117434584104956,-1.4992306427285067,-0.8798791804877794,0,0,0,1,0,0,0,1,1,0,1,0,1,0,1,0,1,0,1,0,0,0,0,0,0,0,1
9867-JCZSP,0,-0.6303319887333076,-1.466047111553207,-0.8267752002218984,0,1,1,1,0,0,0,1,1,0,1,0,1,0,1,0,1,0,1,0,1,0,0,0,0,1,0
8623-TMRBY,1,0.7536629957788878,0.6394479415195682,0.8099425975056824,1,1,1,1,0,1,1,0,0,0,0,1,0,1,0,0,0,0,0,0,0,0,1,0,1,0,1
9689-PTNPG,0,-1.2409180113122174,0.5083729933771337,-0.9469451828491956,1,0,0,1,0,0,1,0,0,0,0,0,0,0,0,0,0,1,0,0,0,0,1,0,1,0,1
7590-VHVEG,0,-1.2816237461508113,-1.1640769778579783,-0.9973050549988157,0,1,0,0,1,0,0,0,0,0,0,1,0,0,0,0,0,0,0,0,0,0,1,0,1,0,0
3900-AQPHZ,0,-1.2816237461508113,-1.4942531130522119,-1.001673675119903,0,0,0,1,0,0,0,1,1,0,1,0,1,0,1,0,1,0,1,0,0,0,0,0,0,1,1
0234-TEVTT,0,0.631545791263106,-0.6613464805521857,-0.046109370443067677,0,1,1,0,1,0,0,0,0,1,0,0,0,1,0,0,0,0,0,1,1,0,0,1,0,0,0
2640-PMGFL,0,-0.22327464034736777,0.48348534499565887,-0.05302452289604514,1,0,1,1,0,1,1,0,0,0,0,0,0,0,0,1,0,0,0,0,0,0,1,0,1,0,1
9504-DSHWM,0,-0.5082147842175256,-0.19014033786292786,-0.4874058612676805,1,0,0,1,0,1,0,0,0,1,0,0,0,0,0,1,0,0,0,0,0,0,0,0,0,0,0
5868-CZJDR,0,-1.2816237461508113,-1.1143016810950286,-0.9966464690509131,1,0,1,0,1,0,0,0,0,0,0,1,0,0,0,0,0,0,0,0,0,0,1,0,0,1,1
9294-TDIPC,0,-1.1188008067964355,-1.4842980536996218,-0.9736398666041817,1,0,1,1,0,0,0,1,1,0,1,0,1,0,1,0,1,0,1,0,0,0,0,0,0,1,0
1596-OQSPS,0,-0.8745663977648716,-0.45892694038285664,-0.7772056312097615,0,0,0,1,0,0,0,0,0,0,0,1,0,0,0,0,0,0,0,0,0,0,0,0,1,0,0
6942-LBFDP,0,-1.2409180113122174,-1.472683817788267,-0.9956585901290592,0,0,0,1,0,0,0,1,1,0,1,0,1,0,1,0,1,0,1,0,0,0,1,0,0,1,0
7527-QNRUS,0,-0.6303319887333076,-1.3200395743818876,-0.8292558739589982,1,1,1,1,0,1,0,1,1,0,1,0,1,0,1,0,1,0,1,0,0,1,1,0,0,1,0
0909-SDHNU,0,-1.0373893371192475,-1.1657361544167435,-0.9217432939094556,0,0,1,0,1,0,0,0,0,1,0,0,0,0,0,0,0,0,0,0,0,0,0,0,0,1,0
4926-UMJZD,0,-0.06045170099299184,-0.5219756496159262,-0.3524616005424345,0,1,0,1,0,0,0,0,0,0,0,0,0,0,0,1,0,0,0,0,0,0,1,0,0,1,0
8444-WRIDW,1,1.3642490183577978,0.5150096996121938,1.2833780825879428,0,0,0,1,0,1,1,0,0,0,0,1,0,0,0,0,0,0,0,0,0,0,1,1,0,0,1
4910-GMJOT,0,-1.2816237461508113,0.9845566657426863,-0.9688760949143528,0,0,0,1,0,1,1,0,0,0,0,0,0,0,0,0,0,1,0,1,0,0,1,0,1,0,1
2952-QAYZF,0,-1.1188008067964355,0.6759498258123978,-0.824184762160148,1,0,0,1,0,1,1,0,0,0,0,1,0,1,0,0,0,0,0,0,0,0,1,0,1,0,1
9833-TGFHX,0,0.387311382231542,1.067515493680936,0.7531724887964768,1,1,1,1,0,1,1,0,0,1,0,0,0,0,0,0,0,1,0,1,1,0,0,0,1,0,0
9140-CZQZZ,0,1.4456604880349857,0.4868036981131887,1.411341332265421,0,1,0,1,0,0,0,0,0,1,0,1,0,0,0,1,0,1,0,1,0,1,1,0,0,0,0
7777-UNYHB,0,-0.8338606629262776,-1.4876164068171518,-0.9083739991670324,0,1,1,1,0,0,0,1,1,0,1,0,1,0,1,0,1,0,1,0,0,0,1,1,0,0,0
4102-OQUPX,1,-1.2816237461508113,0.31424933600162985,-0.977745052346108,1,1,0,1,0,1,1,0,0,0,0,0,0,0,0,0,0,0,0,0,0,0,1,0,1,0,1
1699-UOTXU,0,1.1200146093262338,-0.11713656927726834,0.5869893012757168,1,0,0,1,0,0,0,0,0,1,0,1,0,1,0,0,0,0,0,0,0,1,0,0,1,0,0
3167-SNQPL,1,0.22448844287716607,1.2019087949409006,0.6324756374108574,1,1,1,1,0,1,1,0,0,0,0,1,0,0,0,0,0,1,0,1,0,0,0,0,1,0,0
2180-DXNEG,0,-0.8338606629262776,1.0310136093881064,-0.5440881585171656,0,0,0,1,0,0,1,0,0,0,0,0,0,1,0,0,0,1,0,1,0,0,1,0,1,0,1
6476-YHMGA,0,-0.7117434584104956,0.38393475146975936,-0.5030363010979026,0,1,1,1,0,0,0,0,0,0,0,1,0,1,0,1,0,1,0,1,0,0,0,0,0,0,0
2277-BKJKN,1,1.5677776925507676,1.1372009091490658,2.156838672426252,0,1,0,1,0,0,1,0,0,0,0,1,0,1,0,0,0,1,0,1,0,1,1,0,1,0,0
2274-XUATA,1,1.6084834273893616,-0.06072456627925851,1.0468140101013232,1,1,0,0,1,0,0,0,0,1,0,1,0,1,0,1,0,1,0,1,0,1,1,0,0,0,0
1391-UBDAR,0,-0.8745663977648716,0.26447403923868007,-0.6510644693214804,1,0,0,1,0,0,1,0,0,0,0,0,0,1,0,0,0,0,0,0,0,0,0,0,1,0,0
3957-HHLMR,0,1.5270719577121736,0.008960849188871207,0.9842922507804346,0,1,1,1,0,1,0,0,0,1,0,0,0,0,0,0,0,0,0,1,1,0,0,0,0,0,0
4351-QLCSU,0,-1.2816237461508113,-0.3295111687991873,-0.9862627639389818,0,0,0,1,0,0,0,0,0,0,0,0,0,0,0,0,0,1,0,0,0,0,1,1,0,0,1
0071-NDAFP,0,-0.30468611002455576,-1.3084253384705327,-0.7335413828638181,1,1,1,1,0,1,0,1,1,0,1,0,1,0,1,0,1,0,1,0,0,1,0,1,0,0,0
3244-CQPHU,1,1.6084834273893616,1.4989013989598339,2.3908342597160512,0,0,0,1,0,1,1,0,0,1,0,1,0,0,0,1,0,1,0,1,0,1,1,0,0,0,0
7318-EIVKO,0,-0.9966836022806536,-0.18848116130416295,-0.8187184987925564,1,0,0,1,0,1,0,0,0,0,0,0,0,0,0,0,0,1,0,0,0,0,1,0,1,0,0
1301-LOPVR,0,-0.1418631706701798,-0.3178969328878323,-0.29169607041595313,1,1,1,0,1,0,0,0,0,1,0,1,0,1,0,1,0,0,0,1,1,0,1,1,0,0,0
8217-QYOHV,0,-1.1188008067964355,-0.3046235204177124,-0.8932045695003422,1,0,0,1,0,0,0,0,0,1,0,0,0,0,0,1,0,0,0,0,0,0,1,0,0,1,0
7595-EHCDL,0,-0.019745966154397852,-0.47551870597050655,-0.2844516249890244,1,1,1,0,1,0,0,0,0,0,0,0,0,1,0,0,0,1,0,1,0,0,0,1,0,0,0
0817-HSUSE,0,-1.2816237461508113,0.3507512202944595,-0.9772620893176461,1,0,0,1,0,0,0,0,0,0,0,0,0,1,0,1,0,1,0,1,0,0,1,0,1,0,0
4178-EGMON,0,1.5270719577121736,0.7655453599857075,1.6179836498523317,1,1,0,1,0,1,1,0,0,1,0,1,0,0,0,1,0,0,0,0,0,1,1,1,0,0,0
1000-AJSLD,0,-1.2816237461508113,-1.4876164068171518,-1.0015858636601827,1,0,0,1,0,0,0,1,1,0,1,0,1,0,1,0,1,0,1,0,0,0,1,0,0,1,1
0257-ZESQC,1,-0.22327464034736777,0.34079616094186965,-0.16331571630480332,0,1,0,1,0,0,1,0,0,1,0,0,0,0,0,0,0,0,0,0,0,0,1,0,0,0,1
4403-BWPAY,0,-0.7524491932490895,-1.3316538102932427,-0.8691661824018967,1,0,0,1,0,1,0,1,1,0,1,0,1,0,1,0,1,0,1,0,1,0,1,1,0,0,0
9600-UDOPK,0,-0.10115743583158582,0.9663057235962715,0.2481248782148908,1,1,0,1,0,1,1,0,0,0,0,0,0,0,0,0,0,1,0,1,0,0,1,1,0,0,1
9888-ZCUMM,0,1.2828375486806096,-0.16193433636392318,0.6779619735459981,1,1,1,0,1,0,0,0,0,1,0,0,0,1,0,1,0,1,0,1,0,1,1,0,0,0,0
6743-HHQPF,0,0.387311382231542,-1.3216987509406526,-0.5286992002011744,1,1,0,0,1,0,0,0,0,0,0,0,0,0,0,0,0,0,0,0,0,0,1,1,0,0,0
5550-VFRLC,1,-1.2816237461508113,0.16326426915401518,-0.979742763054746,0,0,0,1,0,0,1,0,0,0,0,0,0,0,0,0,0,0,0,0,0,0,1,0,1,0,1
1222-KJNZD,0,0.30589991255435406,-1.477661347464562,-0.6831815107141981,1,1,1,1,0,0,0,1,1,0,1,0,1,0,1,0,1,0,1,0,0,0,1,0,0,0,0
1013-QCWAM,1,1.3642490183577978,1.1902945590295455,1.92721170525754,0,1,0,1,0,1,1,0,0,0,0,1,0,0,0,0,0,1,0,1,0,0,1,0,1,0,0
9637-EIHEQ,0,-1.2816237461508113,-0.4688819997354467,-0.9881068045931091,0,0,0,1,0,0,0,0,0,0,0,0,0,0,0,1,0,0,0,0,0,0,1,0,1,0,1
9513-DXHDA,0,-0.22327464034736777,0.5564891135813186,-0.038974689340789334,1,0,0,1,0,0,0,0,0,1,0,0,0,1,0,1,0,1,0,1,1,0,0,0,1,0,0
5046-NUHWD,1,-0.1418631706701798,-0.6613464805521857,-0.47096316543504513,0,1,0,0,1,0,0,0,0,1,0,0,0,1,0,0,0,0,0,1,0,0,1,0,1,0,0
5716-EZXZN,0,1.3235432835192036,1.1322233794727707,1.8068880525757318,0,1,1,1,0,1,1,0,0,1,0,1,0,0,0,1,0,1,0,0,0,1,1,1,0,0,0
9189-JWSHV,1,-0.3453918448631497,0.9497139580086216,-0.016363238462799527,0,1,0,1,0,1,1,0,0,0,0,0,0,0,0,0,0,1,0,1,0,0,1,0,1,0,1
0742-LAFQK,0,1.6084834273893616,1.135541732590301,2.248316260589925,1,1,0,1,0,1,1,0,0,1,0,1,0,1,0,0,0,0,0,1,0,1,1,0,1,0,0
8242-PDSGJ,0,1.5270719577121736,-0.8554701379276899,0.17186062544776798,1,1,0,0,1,0,0,0,0,1,0,0,0,1,0,1,0,0,0,0,0,1,1,1,0,0,0
0480-BIXDE,0,-0.5489205190561197,1.057560434328346,-0.24511209103430817,0,1,0,1,0,0,1,0,0,0,0,0,0,1,0,0,0,1,0,1,0,0,1,0,1,0,0
1579-KLYDT,0,-1.0373893371192475,0.8468450113651922,-0.7498523615068728,1,0,0,1,0,1,1,0,0,0,0,0,0,1,0,0,0,1,0,0,0,0,1,0,1,0,1
6818-DJXAA,0,-0.9152721326034655,0.8684143066291369,-0.5870060094554861,0,0,1,1,0,0,1,0,0,0,0,0,0,1,0,1,0,1,0,0,0,0,1,0,1,0,0
0626-QXNGV,0,1.6084834273893616,-1.3532231055571875,-0.2304475772610099,0,1,0,1,0,1,0,1,1,0,1,0,1,0,1,0,1,0,1,0,0,1,1,1,0,0,0
2880-FPNAE,1,-1.2409180113122174,0.3076126297665698,-0.9488989878279734,1,1,0,1,0,0,1,0,0,0,0,0,0,1,0,0,0,0,0,0,0,0,1,0,1,0,0
1971-DTCZB,0,1.6084834273893616,0.8634367769528422,1.8296751263731625,0,1,0,1,0,1,0,0,0,1,0,1,0,1,0,1,0,1,0,1,0,1,1,0,0,0,0
0147-ESWWR,1,0.26519417771576004,1.2052271480584305,0.723492215410999,0,1,0,1,0,1,1,0,0,0,0,0,0,0,0,1,0,1,0,1,0,0,1,0,1,0,0
2384-OVPSA,1,0.22448844287716607,-1.4842980536996218,-0.6873086493210544,0,0,0,1,0,0,0,1,1,0,1,0,1,0,1,0,1,0,1,0,0,1,0,0,0,1,0
4612-SSVHJ,1,-0.5082147842175256,0.5481932307874936,-0.2764827350194028,0,0,0,1,0,0,1,0,0,0,0,0,0,0,0,0,0,0,0,1,0,0,1,0,1,0,0
6244-BESBM,0,1.4863662228735797,1.0044667844478665,1.9188476637191765,1,1,1,1,0,0,1,0,0,0,0,0,0,0,0,1,0,1,0,1,0,1,1,1,0,0,0
8812-ZRHFP,0,-0.10115743583158582,0.7141108866639929,0.10393846135407829,0,1,1,1,0,0,1,0,0,0,0,0,0,1,0,0,0,0,0,1,1,0,0,0,1,0,0
3474-BAFSJ,0,0.9978974048104517,-0.2465523408609377,0.4235282690062875,1,1,0,0,1,0,0,0,0,0,0,1,0,1,0,1,0,1,0,1,0,1,1,0,0,0,0
6029-CSMJE,0,-0.6303319887333076,-1.3034478087942378,-0.8171378925175901,1,0,0,0,1,0,0,0,0,0,0,0,0,0,0,0,0,0,0,0,0,0,1,0,0,1,0
9173-IVZVP,0,0.8350744654560759,-1.461069581876912,-0.5072292982995492,0,1,1,1,0,0,0,1,1,0,1,0,1,0,1,0,1,0,1,0,0,1,0,0,0,1,0
8242-SOQUO,1,-1.1188008067964355,0.6560397071072182,-0.8380809256608933,0,0,0,1,0,0,1,0,0,0,0,1,0,0,0,0,0,1,0,0,0,0,1,0,1,0,0
0804-YGEQV,0,0.428017117070136,-1.3432680462045974,-0.5743611592557558,0,1,1,1,0,1,0,1,1,0,1,0,1,0,1,0,1,0,1,0,1,0,1,0,0,0,0
2040-LDIWQ,0,1.3235432835192036,0.6394479415195682,1.3273496710429074,1,1,1,1,0,1,0,0,0,0,0,1,0,1,0,1,0,1,0,1,0,1,1,0,0,0,0
5917-HBSDW,0,0.18378270803857208,-1.5125040551986266,-0.7102054874431354,0,1,1,1,0,0,0,1,1,0,1,0,1,0,1,0,1,0,1,0,0,0,0,0,1,0,0
7706-DZNKK,0,-0.8745663977648716,-1.4760021709057967,-0.9062226184038839,1,0,0,1,0,0,0,1,1,0,1,0,1,0,1,0,1,0,1,0,0,0,1,1,0,0,0
0607-MVMGC,0,0.5094285867473239,0.458597696614184,0.5704807468482912,1,1,1,1,0,1,0,0,0,0,0,1,0,1,0,0,0,1,0,1,1,0,0,1,0,0,0
6862-CQUMB,0,0.18378270803857208,1.034331962505636,0.5907432411787618,1,0,0,1,0,0,1,0,0,0,0,1,0,0,0,0,0,1,0,1,0,0,1,1,0,0,0
4929-ROART,0,-0.5896262538947137,-0.2880317548300625,-0.5845911943131765,1,0,0,1,0,1,0,0,0,1,0,0,0,0,0,0,0,0,0,0,0,0,0,0,0,1,0
7795-CFOCW,0,0.5094285867473239,-0.7509420147254954,-0.20221619296091778,1,0,0,0,1,0,0,0,0,1,0,0,0,1,0,1,0,0,0,0,1,0,0,0,0,0,0
2108-XWMPY,0,-1.2002122764736234,-0.9782492032762992,-0.9634976430064814,1,0,0,0,1,0,0,0,0,1,0,1,0,0,0,0,0,0,0,0,0,0,1,0,0,1,1
4797-MIWUM,0,-1.0373893371192475,-1.4826388771408567,-0.9337076052963532,1,1,1,1,0,0,0,1,1,0,1,0,1,0,1,0,1,0,1,0,0,0,1,0,0,0,0
4248-HCETZ,1,-0.10115743583158582,0.48846287467195404,0.028025454425836736,1,1,0,1,0,0,1,0,0,0,0,1,0,1,0,0,0,0,0,0,0,0,1,0,0,1,1
0516-WJVXC,0,-1.1188008067964355,-0.3560579937394271,-0.8750715030680902,0,0,0,1,0,0,0,0,0,1,0,0,0,0,0,1,0,0,0,0,0,0,0,0,1,0,1
5569-OUICF,1,-0.1825689055087738,1.2068863246171952,0.2243060197657462,0,1,0,1,0,1,1,0,0,0,0,0,0,0,0,1,0,1,0,1,0,0,1,1,0,0,1
1197-BVMVG,1,-1.1595065416350294,0.31590851256039476,-0.8811304937887943,0,0,0,1,0,1,1,0,0,0,0,0,0,0,0,0,0,0,0,0,0,0,1,0,1,0,0
1134-YWTYF,0,-0.22327464034736777,-0.3693314062095472,-0.4001871289004441,1,1,0,1,0,0,0,0,0,0,0,1,0,0,0,1,0,0,0,0,0,0,1,0,1,0,0
8152-UOBNY,1,0.7129572609402939,1.3893957460813444,1.3376455646951182,0,0,0,1,0,1,1,0,0,0,0,1,0,0,0,1,0,1,0,1,1,0,1,0,1,0,0
1591-NFNLQ,0,0.7536629957788878,0.5000771105833088,0.8522238153610304,1,0,0,1,0,1,1,0,0,0,0,0,0,1,0,0,0,0,0,0,0,0,0,1,0,0,1
4641-FROLU,0,-0.10115743583158582,-1.5141632317573919,-0.7457032700350864,0,1,1,1,0,0,0,1,1,0,1,0,1,0,1,0,1,0,1,0,0,1,0,0,0,1,0
8198-RKSZG,0,-0.7524491932490895,0.5150096996121938,-0.5111808139869649,0,1,1,1,0,1,0,0,0,0,0,1,0,0,0,1,0,1,0,1,0,0,0,1,0,0,0
4550-VBOFE,1,1.5270719577121736,1.2616391510564402,2.107554490658206,1,1,0,1,0,1,1,0,0,0,0,1,0,1,0,0,0,1,0,1,0,0,1,0,1,0,1
9475-NNDGC,0,1.5677776925507676,1.6001111690444987,2.4815215447422414,1,1,0,1,0,1,1,0,0,0,0,1,0,1,0,1,0,1,0,1,1,0,1,0,0,0,0
1432-FPAXX,0,-0.1418631706701798,-1.1391893294765034,-0.6344241977044744,0,0,0,0,1,0,0,0,0,0,0,1,0,0,0,0,0,0,0,0,0,0,1,0,1,0,1
8091-TTVAX,0,1.0386031396490458,1.1753619700006603,1.4839175037242893,1,1,0,1,0,1,1,0,0,0,0,0,0,1,0,0,0,1,0,1,1,0,0,1,0,0,0
9318-NKNFC,0,-1.2816237461508113,-1.5290958207862766,-1.002134685283435,1,0,0,1,0,0,0,1,1,0,1,0,1,0,1,0,1,0,1,0,0,0,1,0,0,1,1
9560-BBZXK,0,0.14307697319997809,-1.1242567404476187,-0.5158787270820037,0,0,0,0,1,0,0,0,0,1,0,0,0,0,0,0,0,0,0,0,0,1,0,0,0,0,0
4231-LZUYM,0,1.6084834273893616,-1.3034478087942378,-0.18190979290058712,0,1,0,1,0,1,0,1,1,0,1,0,1,0,1,0,1,0,1,0,0,1,0,0,0,0,0
7395-IGJOS,1,-0.6303319887333076,0.5498524073462585,-0.4268159540606398,1,1,0,1,0,0,1,0,0,0,0,0,0,0,0,0,0,0,0,1,0,0,0,0,0,0,1
2454-RPBRZ,1,-0.8338606629262776,1.1006990248562358,-0.5449223673845089,0,1,0,1,0,1,1,0,0,0,0,1,0,1,0,0,0,1,0,0,0,0,1,0,1,0,1
4999-IEZLT,0,1.3642490183577978,-1.1773503903280982,-0.13969443364002943,1,0,0,0,1,0,0,0,0,0,0,0,0,0,0,1,0,0,0,0,1,0,0,1,0,0,0
3113-IWHLC,0,-1.1188008067964355,-0.3029643438589475,-0.8899555454906893,1,0,0,1,0,0,0,0,0,1,0,0,0,1,0,0,0,0,0,0,0,0,1,0,0,1,0
4373-VVHQL,0,-1.2816237461508113,-0.6696423633460107,-0.9907631012496497,1,0,0,1,0,0,0,0,0,0,0,0,0,0,0,0,0,0,0,0,0,0,1,0,1,0,0
2599-CZABP,0,-0.7524491932490895,-0.6746198930223056,-0.7288654226337096,1,1,0,1,0,0,0,0,0,0,0,0,0,0,0,0,0,0,0,0,1,0,0,0,1,0,0
2983-ZANRP,0,-1.2409180113122174,0.2860433345026247,-0.9465719841453841,0,1,1,1,0,0,1,0,0,0,0,1,0,0,0,0,0,0,0,0,0,0,1,0,0,0,1
9787-XVQIU,0,-1.2816237461508113,0.3441145140593994,-0.9773499007773664,1,0,0,1,0,1,1,0,0,0,0,0,0,0,0,0,0,0,0,0,0,0,1,0,1,0,1
6656-JWRQX,0,-1.2816237461508113,-1.1408485060352684,-0.9969977148897944,0,0,0,0,1,0,0,0,0,0,0,0,0,0,0,1,0,0,0,0,0,0,0,0,0,1,0
6671-NGWON,0,-1.0373893371192475,-1.4793205240233267,-0.9442888861926552,0,0,0,1,0,0,0,1,1,0,1,0,1,0,1,0,1,0,1,0,0,0,0,0,0,1,0
0142-GVYSN,0,-0.2639803751859618,-1.480979700582092,-0.7859428714519362,1,0,0,1,0,0,0,1,1,0,1,0,1,0,1,0,1,0,1,0,0,0,1,0,1,0,0
0133-BMFZO,0,-1.2409180113122174,0.7074741804289328,-0.930656157071071,0,0,0,1,0,0,1,0,0,1,0,1,0,0,0,1,0,0,0,0,0,0,1,0,1,0,1
3307-TLCUD,0,-0.6303319887333076,-1.013091911010364,-0.7501597016158941,1,1,0,0,1,0,0,0,0,1,0,0,0,1,0,0,0,0,0,0,0,0,0,0,0,1,0
3521-MNKLV,0,-0.3453918448631497,-0.5053838840282764,-0.4976798020549613,1,0,0,1,0,0,0,0,0,0,0,0,0,1,0,0,0,0,0,0,0,0,1,0,0,1,0
2604-XVDAM,0,-0.8338606629262776,-0.7011667179625456,-0.7729028696834644,0,0,0,1,0,0,0,0,0,0,0,0,0,0,0,0,0,0,0,0,0,0,0,0,0,0,0
5171-EPLKN,0,-0.22327464034736777,-1.4959122896109767,-0.8040539850192582,1,0,0,1,0,0,0,1,1,0,1,0,1,0,1,0,1,0,1,0,0,1,0,1,0,0,0
0613-WUXUM,0,1.5270719577121736,-1.5174815848749215,-0.3951160171015939,0,1,1,1,0,0,0,1,1,0,1,0,1,0,1,0,1,0,1,0,0,1,1,0,0,1,0
9360-AHGNL,1,0.428017117070136,1.4806504568134191,1.1103456012089954,0,1,0,1,0,1,1,0,0,1,0,0,0,1,0,1,0,1,0,1,1,0,1,0,0,1,1
1024-KPRBB,0,0.22448844287716607,0.8020472442785371,0.45691857656495016,0,0,0,1,0,0,1,0,0,0,0,0,0,0,0,0,0,1,0,1,1,0,1,0,0,1,0
8183-ONMXC,0,-1.2409180113122174,0.5249647589647837,-0.9404032291000298,0,0,0,1,0,0,1,0,0,0,0,0,0,0,0,0,0,0,0,1,0,0,0,0,1,0,1
7233-DRTRF,0,1.2421318138420157,1.2433882089100254,1.8188962696924897,1,1,0,1,0,1,1,0,0,0,0,1,0,1,0,0,0,1,0,1,0,0,1,0,1,0,0
2057-BOYKM,1,1.6084834273893616,1.050923728093286,1.9872527908413284,0,1,0,1,0,1,1,0,0,1,0,1,0,1,0,1,0,0,0,0,0,1,1,0,0,0,0
9928-BZVLZ,0,-0.8338606629262776,-0.5004063543519814,-0.7680073808040551,0,0,0,0,1,0,0,0,0,1,0,0,0,1,0,1,0,0,0,1,0,1,0,0,0,1,0
9853-JFZDU,0,0.1023712383613841,-0.26812163612488255,-0.19328137693437233,0,1,0,1,0,0,0,0,0,0,0,1,0,0,0,1,0,0,0,0,0,0,0,0,1,0,0
0577-WHMEV,0,-0.6710377235719016,0.8551408941590172,-0.4067510355145401,0,1,0,1,0,1,1,0,0,1,0,1,0,1,0,0,0,0,0,0,0,0,0,0,1,0,0
6088-BXMRG,0,-0.019745966154397852,1.1255866732377107,0.34610051439787,0,1,1,1,0,1,1,0,0,0,0,1,0,0,0,0,0,1,0,1,0,0,1,0,1,0,0
5214-NLTIT,0,1.6084834273893616,0.858459247276547,1.8486424016727578,1,1,1,1,0,1,1,0,0,0,0,0,0,1,0,0,0,0,0,1,0,1,1,1,0,0,0
1153-GNOLC,0,0.020959768684196134,-0.8571293144864547,-0.4356849114923951,1,0,0,0,1,0,0,0,0,0,0,1,0,0,0,0,0,1,0,0,1,0,1,0,1,0,0
4816-OKWNX,0,0.7129572609402939,1.2765717400853254,1.2886687230360936,1,1,1,1,0,0,1,0,0,0,0,1,0,1,0,1,0,1,0,1,1,0,1,0,0,0,0
0096-FCPUF,0,-0.10115743583158582,-0.014267622633838777,-0.18127315981761458,1,0,0,1,0,1,0,0,0,1,0,0,0,0,0,0,0,0,0,1,0,0,1,0,0,1,0
2621-UDNLU,0,-1.2002122764736234,-1.462728758435677,-0.9787987898627521,0,1,0,1,0,0,0,1,1,0,1,0,1,0,1,0,1,0,1,0,0,0,0,0,0,1,0
8544-JNBOX,0,1.6084834273893616,-1.464387934994442,-0.342516952729105,1,0,0,1,0,0,0,1,1,0,1,0,1,0,1,0,1,0,1,0,0,1,1,0,0,1,0
0328-GRPMV,0,-1.2816237461508113,0.17156015194784016,-0.9796329987300956,0,0,0,1,0,0,1,0,0,0,0,0,0,0,0,0,0,0,0,0,0,0,1,0,1,0,1
5699-BNCAS,1,1.5677776925507676,-1.3366313399695375,-0.23470643305744682,1,0,0,1,0,1,0,1,1,0,1,0,1,0,1,0,1,0,1,0,0,1,1,0,0,1,0
9448-REEVD,0,-1.2816237461508113,-0.6713015399047756,-0.9907850541145798,1,1,0,1,0,0,0,0,0,0,0,0,0,0,0,0,0,0,0,0,0,0,0,1,0,0,1
8705-WZCYL,0,-1.2816237461508113,-0.6679831867872458,-0.9907411483847196,1,0,0,1,0,0,0,0,0,0,0,0,0,0,0,0,0,0,0,0,0,0,1,0,1,0,0
3621-CEOVK,1,-0.7524491932490895,1.1703844403243657,-0.40899022773740906,0,1,0,1,0,1,1,0,0,0,0,1,0,0,0,0,0,1,0,1,0,0,1,0,1,0,1
2189-WWOEW,0,-0.7117434584104956,0.695859944517578,-0.4530057219222339,0,0,1,1,0,0,1,0,0,0,0,1,0,0,0,0,0,0,0,1,0,0,1,0,0,0,1
1636-NTNCO,1,-1.1595065416350294,-0.46390447005915153,-0.9193723844970062,1,0,0,0,1,0,0,0,0,0,0,1,0,0,0,0,0,1,0,1,0,0,1,1,0,0,0
8943-URTMR,0,-1.2409180113122174,0.48846287467195404,-0.9433668658655916,0,0,0,1,0,0,1,0,0,0,0,0,0,0,0,0,0,1,0,0,0,0,1,0,0,1,1
6015-VVHHE,1,-1.1188008067964355,0.6046052337855035,-0.81456940732077,0,0,0,1,0,1,1,0,0,0,0,0,0,0,0,0,0,1,0,0,0,0,1,1,0,0,1
4369-NYSCF,0,0.9571916699718578,0.35904710308828447,0.8707959390918838,1,0,0,1,0,0,0,0,0,0,0,1,0,0,0,1,0,1,0,1,1,0,1,0,0,0,0
3810-PJUHR,0,1.5270719577121736,-1.3134028681468275,-0.25736178966529677,1,1,1,1,0,1,0,1,1,0,1,0,1,0,1,0,1,0,1,0,0,1,0,0,0,1,0
1196-AMORA,0,-1.0373893371192475,0.2877025110613896,-0.782101120089171,1,0,0,1,0,1,1,0,0,0,0,0,0,0,0,0,0,0,0,0,0,0,0,0,1,0,1
1264-BYWMS,0,0.9164859351332638,1.057560434328346,1.3095458975846066,1,0,0,1,0,1,1,0,0,0,0,0,0,0,0,0,0,1,0,1,0,0,1,0,1,0,1
4896-CPRPF,0,0.1023712383613841,-1.3100845150292975,-0.6551037964686166,1,1,1,1,0,1,0,1,1,0,1,0,1,0,1,0,1,0,1,0,0,1,0,0,0,0,0
4079-ULGFR,0,-0.6710377235719016,-1.4909347599346818,-0.889362818137577,1,0,0,1,0,0,0,1,1,0,1,0,1,0,1,0,1,0,1,0,0,0,0,0,0,1,0
3156-QLHBO,0,-1.2409180113122174,-1.5158224083161567,-0.9891824949746835,1,0,1,1,0,0,0,1,1,0,1,0,1,0,1,0,1,0,1,0,0,0,0,0,0,1,0
8631-XVRZL,0,-0.9559778674420595,-1.4859572302583868,-0.9385372355809724,1,0,0,1,0,0,0,1,1,0,1,0,1,0,1,0,1,0,1,0,1,0,1,0,0,1,0
9360-OMDZZ,0,-0.3453918448631497,0.9679649001550363,0.00945333069498289,1,0,0,1,0,1,1,0,0,0,0,0,0,0,0,0,0,1,0,1,0,0,1,0,1,0,0
1086-LXKFY,0,-1.2816237461508113,0.13837662077254032,-0.9800720560286973,0,1,1,1,0,0,1,0,0,0,0,0,0,0,0,0,0,0,0,0,0,0,1,0,0,1,1
5656-JAMLX,0,1.2014260790034217,-1.4959122896109767,-0.45998673297000153,1,0,0,1,0,0,0,1,1,0,1,0,1,0,1,0,1,0,1,0,0,1,0,0,0,0,0
6715-OFDBP,0,-1.1188008067964355,0.16990097538907525,-0.8583214671264336,1,0,0,1,0,0,0,0,0,0,0,0,0,1,0,0,0,1,0,1,0,0,1,0,1,0,1
8225-BTJAU,1,-0.9152721326034655,0.4751894622018339,-0.661996996056664,1,0,0,1,0,0,1,0,0,0,0,0,0,0,0,0,0,0,0,1,0,0,1,0,1,0,1
5781-RFZRP,0,1.5677776925507676,0.2843841579438598,1.3419483262214154,1,1,0,1,0,1,0,0,0,1,0,1,0,0,0,1,0,1,0,0,0,1,0,1,0,0,0
0827-ITJPH,0,0.14307697319997809,-1.5390508801388667,-0.7079004366254762,1,0,0,1,0,0,0,1,1,0,1,0,1,0,1,0,1,0,1,0,0,1,1,1,0,0,0
6393-WRYZE,0,0.06166550352279012,1.085766435827351,0.3978873227679458,0,1,0,1,0,1,1,0,0,0,0,0,0,0,0,0,0,1,0,1,0,0,1,0,1,0,1
8332-OSJDW,0,-0.8338606629262776,-1.2785601604127628,-0.8721298191674585,1,1,1,1,0,1,0,1,1,0,1,0,1,0,1,0,1,0,1,0,1,0,0,0,0,1,0
1722-LDZJS,0,0.8350744654560759,-1.4842980536996218,-0.541431861860625,1,1,1,1,0,0,0,1,1,0,1,0,1,0,1,0,1,0,1,0,1,0,0,1,0,0,0
2673-ZALNP,0,-1.0373893371192475,-1.4942531130522119,-0.9343881441091858,0,0,0,1,0,0,0,1,1,0,1,0,1,0,1,0,1,0,1,0,1,0,0,0,0,1,0
2452-MRMZF,1,1.6084834273893616,-1.3017886322354726,-0.1597813050510592,0,1,0,1,0,1,0,1,1,0,1,0,1,0,1,0,1,0,1,0,0,1,1,1,0,0,0
7780-OTDSO,0,-0.5896262538947137,1.1438376153841259,-0.2451559967641683,1,1,0,1,0,1,1,0,0,1,0,0,0,0,0,0,0,1,0,1,0,0,1,0,1,0,1
4508-OEBEY,0,-0.06045170099299184,0.3507512202944595,0.05406155223292002,1,1,0,1,0,0,0,0,0,1,0,1,0,1,0,1,0,0,0,1,1,0,1,1,0,0,0
2391-IPLOP,0,0.7129572609402939,0.1566275629189556,0.5008901650199149,1,1,1,1,0,1,0,0,0,0,0,0,0,1,0,1,0,1,0,0,1,0,1,0,1,0,0
4632-PAOYU,0,-0.4268033145403377,-1.4925939364934466,-0.8200795764182218,1,1,1,1,0,0,0,1,1,0,1,0,1,0,1,0,1,0,1,0,1,0,0,0,0,1,0
4909-JOUPP,1,1.6084834273893616,1.4856279864897142,2.4574612047788658,1,1,0,1,0,1,1,0,0,0,0,1,0,1,0,1,0,1,0,1,0,1,0,1,0,0,0
2920-RNCEZ,0,-1.2816237461508113,0.16658262227154547,-0.9796988573248858,1,1,1,1,0,0,1,0,0,0,0,0,0,0,0,0,0,0,0,0,0,0,1,1,0,0,0
4897-QSUYC,0,-1.2816237461508113,-1.4859572302583868,-1.0015639107952525,0,0,0,1,0,0,0,1,1,0,1,0,1,0,1,0,1,0,1,0,0,0,1,0,0,1,1
0836-SEYLU,0,-0.9559778674420595,-0.8056948411647401,-0.8659830169870341,1,1,0,0,1,0,0,0,0,0,0,0,0,0,0,1,0,1,0,0,0,0,0,0,0,1,1
0401-WDBXM,0,1.6084834273893616,1.3479163321122196,2.3010689950169247,1,1,1,1,0,1,1,0,0,1,0,0,0,1,0,0,0,1,0,1,0,1,1,0,0,0,0
3685-YLCMQ,0,1.0386031396490458,1.3180511540544502,1.7203498590213284,1,0,0,1,0,1,1,0,0,0,0,0,0,1,0,1,0,1,0,1,1,0,1,0,1,0,1
5981-ZVXOT,1,0.1023712383613841,1.440830219403059,0.6255824378228101,0,0,0,1,0,1,1,0,0,1,0,1,0,1,0,0,0,1,0,1,1,0,1,0,1,0,0
1052-QJIBV,0,1.5677776925507676,-1.4942531130522119,-0.3969161520258611,0,1,1,1,0,0,0,1,1,0,1,0,1,0,1,0,1,0,1,0,0,1,0,1,0,0,0
2251-PYLPB,0,1.6084834273893616,0.4851445215544238,1.5409071410827955,1,1,0,1,0,1,0,0,0,1,0,1,0,1,0,1,0,0,0,1,0,1,0,1,0,0,0
7126-RBHSD,0,-0.6303319887333076,0.46357522629047915,-0.41814457241325537,0,1,0,1,0,1,1,0,0,1,0,0,0,0,0,0,0,0,0,0,0,0,0,0,1,0,0
5879-HMFFH,0,1.6084834273893616,0.7672045365444724,1.8525939173601735,0,1,0,1,0,1,0,0,0,1,0,1,0,1,0,1,0,1,0,1,0,1,0,0,0,0,0
7103-IPXPJ,0,0.7129572609402939,1.1438376153841259,1.2111092512380957,1,1,0,1,0,1,1,0,0,0,0,0,0,0,0,1,0,1,0,1,1,0,0,0,1,0,0
5859-HZYLF,0,-0.2639803751859618,-1.5191407614336867,-0.7839671136082283,1,1,1,1,0,0,0,1,1,0,1,0,1,0,1,0,1,0,1,0,0,1,1,1,0,0,0
8992-JQYUN,0,-1.2816237461508113,-0.48381458876433153,-0.98830438037748,1,1,0,0,1,0,0,0,0,0,0,0,0,1,0,0,0,1,0,1,0,0,1,0,1,0,1
9688-YGXVR,0,0.46872285190873,0.7705228896620027,0.7340515434423708,0,0,0,1,0,0,1,0,0,0,0,1,0,1,0,0,0,1,0,0,0,0,1,1,0,0,0
8705-DWKTI,0,0.7943687306174818,0.6261745290494481,0.8913218678015153,1,0,0,1,0,0,1,0,0,0,0,0,0,1,0,0,0,0,0,1,0,0,1,1,0,0,0
6851-WEFYX,1,0.1023712383613841,1.1902945590295455,0.4988485485814167,1,1,0,1,0,1,1,0,0,0,0,0,0,1,0,0,0,1,0,1,0,0,1,0,1,0,0
2424-WVHPL,1,-1.2816237461508113,0.3242043953542197,-0.9776133351565276,1,0,0,1,0,0,1,0,0,0,0,0,0,0,0,1,0,0,0,0,0,0,0,0,1,0,0
3668-QPYBK,0,-1.2409180113122174,-0.36767222965078206,-0.9629268685182991,1,0,0,1,0,0,0,0,0,1,0,1,0,0,0,0,0,0,0,0,0,0,1,0,0,1,1
8450-UYIBU,1,0.1023712383613841,-0.8322416661049798,-0.38053931478801606,0,0,0,0,1,0,0,0,0,0,0,0,0,1,0,0,0,1,0,0,0,0,1,0,1,0,0
7951-VRDVK,0,0.14307697319997809,0.6942007679588127,0.30831963385319006,0,0,0,1,0,0,0,0,0,1,0,1,0,1,0,1,0,1,0,1,1,0,0,0,0,0,0
5248-RPYWW,1,1.6084834273893616,0.8368899520126024,1.9384954778316046,0,1,1,1,0,1,0,0,0,1,0,1,0,1,0,1,0,1,0,1,0,1,1,0,0,0,0
6778-JFCMK,0,-0.3453918448631497,-0.47551870597050655,-0.4445758217890804,1,0,0,0,1,0,0,0,0,1,0,0,0,0,0,0,0,1,0,1,1,0,1,0,0,1,0
1309-BXVOQ,0,-0.4675090493789317,1.3661672742586346,-0.022553946373084277,1,1,0,1,0,1,1,0,0,0,0,0,0,1,0,1,0,1,0,1,0,0,1,0,1,0,1
0239-OXEXL,0,0.5501343215859179,0.6411071180783331,0.6789059467379918,0,0,0,1,0,1,1,0,0,1,0,1,0,0,0,0,0,0,0,0,0,0,0,0,0,1,0
1140-UKVZG,0,-0.6303319887333076,-1.3316538102932427,-0.801748934201599,0,0,0,1,0,1,0,1,1,0,1,0,1,0,1,0,1,0,1,0,0,0,0,0,0,1,0
6583-KQJLK,1,-0.7117434584104956,0.9862158423014517,-0.44620033379390683,0,1,0,1,0,0,1,0,0,0,0,1,0,0,0,0,0,1,0,1,0,0,1,0,1,0,0
1049-FYSYG,0,-0.6303319887333076,-0.9716124970412393,-0.7267579476004211,0,1,0,0,1,0,0,0,0,0,0,1,0,1,0,0,0,0,0,0,0,0,1,1,0,0,0
9359-JANWS,0,1.3235432835192036,-0.20009539721551794,0.6830769910747084,0,1,0,1,0,0,0,0,0,1,0,0,0,1,0,1,0,0,0,0,0,1,0,1,0,0,0
7129-AZJDE,0,0.06166550352279012,0.46523440284924406,0.15186156549645846,1,1,1,1,0,0,1,0,0,0,0,0,0,0,0,0,0,0,0,1,1,0,1,0,0,0,0
3316-UWXUY,0,0.7129572609402939,0.9480547814498567,1.074013609749701,1,0,0,1,0,0,1,0,0,1,0,1,0,0,0,1,0,0,0,1,0,0,1,1,0,0,0
1062-LHZOD,0,-1.2816237461508113,0.16492344571278056,-0.9797208101898158,1,1,1,1,0,0,1,0,0,0,0,0,0,0,0,0,0,0,0,0,0,0,1,0,0,1,1
7233-PAHHL,0,1.3642490183577978,0.6328112352845081,1.498472253172937,1,1,1,1,0,1,0,0,0,1,0,0,0,1,0,1,0,1,0,1,0,1,1,0,0,1,0
3177-LASXD,0,-1.2816237461508113,0.21303956591696496,-0.9790841771068434,0,0,0,1,0,0,1,0,0,0,0,0,0,0,0,0,0,0,0,0,0,0,0,0,1,0,1
0784-ZQJZX,0,1.6084834273893616,-1.4942531130522119,-0.33880691855592027,1,0,1,1,0,0,0,1,1,0,1,0,1,0,1,0,1,0,1,0,0,1,0,1,0,0,0
0603-TPMIB,0,1.0793088744876398,-1.3100845150292975,-0.33687506644207266,0,1,1,1,0,1,0,1,1,0,1,0,1,0,1,0,1,0,1,0,0,1,0,0,0,1,0
8559-CIZFV,0,-0.4675090493789317,0.4171182826450592,-0.29694280513424404,1,1,1,1,0,1,0,0,0,1,0,1,0,0,0,1,0,1,0,0,1,0,0,0,0,1,1
2252-ISRNH,0,-0.9559778674420595,0.8435266582476619,-0.6732588157657986,1,1,1,1,0,1,1,0,0,0,0,0,0,1,0,0,0,1,0,0,1,0,1,0,1,0,0
2346-DJQTB,0,0.1023712383613841,-1.3532231055571875,-0.6536768602481609,0,0,0,0,1,0,0,0,0,0,0,0,0,0,0,0,0,0,0,0,0,0,0,0,1,0,0
8229-MYEJZ,0,-0.9152721326034655,-0.4556085872653266,-0.7916506163337589,0,0,0,1,0,0,0,0,0,0,0,1,0,0,0,0,0,0,0,0,0,0,0,0,1,0,0
4979-HPRFL,0,0.9571916699718578,-1.3532231055571875,-0.39474281839778247,1,1,1,1,0,1,0,1,1,0,1,0,1,0,1,0,1,0,1,0,0,1,0,0,0,0,0
5387-ASZNZ,1,1.3642490183577978,-0.03583691789778363,0.8223679190561118,0,0,0,1,0,1,0,0,0,1,0,1,0,0,0,1,0,0,0,0,1,0,1,1,0,0,0
6432-TWQLB,0,-1.1188008067964355,0.6792681789299281,-0.8343050328929184,1,1,0,1,0,1,1,0,0,0,0,1,0,0,0,1,0,0,0,0,0,0,1,0,1,0,1
4083-EUGRJ,0,-0.9559778674420595,-1.4826388771408567,-0.9320391875616665,1,0,0,1,0,0,0,1,1,0,1,0,1,0,1,0,1,0,1,0,0,0,0,0,0,1,1
8313-AFGBW,0,0.590840056424512,0.2877025110613896,0.5362342775573552,1,1,0,1,0,0,0,0,0,0,0,1,0,1,0,0,0,1,0,1,0,1,0,0,1,0,0
1803-BGNBD,0,-0.8338606629262776,-0.3527396406218973,-0.7230479134272364,0,0,0,1,0,0,0,0,0,0,0,1,0,0,0,1,0,0,0,0,0,0,1,0,1,0,0
6120-RJKLU,1,1.2014260790034217,0.4984179340245439,1.1057354995736772,0,1,0,1,0,0,0,0,0,1,0,0,0,1,0,1,0,1,0,1,0,1,1,1,0,0,0
8695-ARGXZ,1,0.06166550352279012,0.3524103968532244,0.0544786566665918,1,1,0,1,0,1,1,0,0,0,0,0,0,0,0,0,0,0,0,0,0,0,1,0,1,0,0
4488-PSYCG,0,-0.6710377235719016,-1.4826388771408567,-0.8666416029349368,1,0,0,1,0,0,0,1,1,0,1,0,1,0,1,0,1,0,1,0,0,0,0,0,0,0,1
5868-YTYKS,0,-1.2816237461508113,-1.4826388771408567,-1.0015200050653925,1,0,1,1,0,0,0,1,1,0,1,0,1,0,1,0,1,0,1,0,0,0,1,0,0,1,0
3450-WXOAT,0,0.5501343215859179,-0.6547097743171256,-0.10369173515468642,1,0,0,1,0,0,0,0,0,0,0,0,0,0,0,0,0,0,0,0,0,0,1,1,0,0,0
3178-CIFOT,0,-0.38609757970174374,-1.5025489958460367,-0.8004976209005841,0,0,0,1,0,0,0,1,1,0,1,0,1,0,1,0,1,0,1,0,1,0,1,1,0,0,0
7049-GKVZY,0,-0.6303319887333076,0.4950995809070136,-0.40128477214694847,0,0,0,1,0,0,0,0,0,1,0,1,0,0,0,1,0,1,0,1,1,0,0,1,0,0,0
0068-FIGTF,0,-0.22327464034736777,0.44034675446776916,-0.09763274443398247,0,0,0,1,0,0,0,0,0,0,0,1,0,1,0,1,0,1,0,1,1,0,0,0,0,1,0
3255-GRXMG,0,-0.5896262538947137,-0.6397771852882409,-0.6823473018468548,1,0,1,1,0,0,0,0,0,0,0,0,0,0,0,0,0,0,0,0,0,0,1,1,0,0,0
4976-LNFVV,1,-0.5489205190561197,-1.016410264127894,-0.7570089954740813,1,1,0,0,1,0,0,0,0,0,0,1,0,1,0,0,0,0,0,0,0,0,1,1,0,0,0
6574-MCOEH,0,0.020959768684196134,0.47187110908430413,0.10101873031837665,0,1,1,1,0,1,0,0,0,0,0,0,0,1,0,1,0,1,0,1,1,0,1,0,1,0,0
7399-QHBJS,0,1.6084834273893616,0.06039532251058587,1.0796335431718036,0,1,1,1,0,1,0,0,0,1,0,1,0,0,0,1,0,0,0,0,0,1,0,1,0,0,0
0734-OXWBT,0,-1.2002122764736234,0.19147027065302033,-0.9113376359325942,1,0,1,1,0,0,0,0,0,0,0,0,0,0,0,1,0,1,0,1,0,0,0,0,0,1,0
2615-YVMYX,1,1.5677776925507676,1.4126242179040545,2.3762795102674037,1,1,0,1,0,1,1,0,0,1,0,1,0,1,0,0,0,1,0,1,0,0,1,0,1,0,0
2207-OBZNX,0,-1.0373893371192475,-0.4622452935003867,-0.8549626787921304,1,0,0,1,0,0,0,0,0,1,0,0,0,0,0,0,0,0,0,0,0,0,1,0,0,1,1
8016-NCFVO,1,0.9164859351332638,1.7112759984817532,1.7918942458284826,1,0,0,1,0,1,1,0,0,1,0,1,0,1,0,1,0,1,0,1,0,0,1,0,1,0,0
0942-KOWSM,0,-0.10115743583158582,0.5266239355235486,0.029847542215034013,0,1,1,1,0,0,0,0,0,0,0,1,0,1,0,1,0,1,0,1,0,1,0,0,0,0,0
2234-XADUH,0,1.6084834273893616,1.2699350338502653,2.2223240685127017,0,1,1,1,0,1,1,0,0,0,0,1,0,1,0,0,0,1,0,1,1,0,1,1,0,0,0
3902-MIVLE,0,1.2421318138420157,0.35738792652951956,1.0429283530086977,1,1,1,1,0,1,0,0,0,1,0,0,0,1,0,1,0,0,0,1,0,1,0,0,0,1,0
2674-MIAHT,0,-1.1595065416350294,0.5100321699358986,-0.8680685391553924,0,0,0,1,0,1,1,0,0,0,0,1,0,0,0,0,0,0,0,0,0,0,1,0,0,1,0
5271-DBYSJ,1,-0.8745663977648716,0.47187110908430413,-0.6470031893094144,1,0,0,1,0,0,1,0,0,0,0,0,0,0,0,0,0,0,0,1,0,0,1,1,0,0,0
6705-LNMDD,0,-0.5082147842175256,-0.4954288246756865,-0.5700144919995986,1,0,0,1,0,0,0,0,0,0,0,0,0,0,0,1,0,0,0,0,0,0,0,0,0,1,0
6549-NNDYT,0,-0.7931549280876836,-1.1308934466826785,-0.8373784339831305,0,0,0,0,1,0,0,0,0,1,0,0,0,0,0,0,0,0,0,0,0,0,1,0,0,0,0
4324-BZCKL,0,-0.9152721326034655,-0.3112602266527725,-0.7683586266429364,0,1,1,1,0,0,0,0,0,0,0,1,0,1,0,0,0,0,0,0,0,0,1,0,0,1,0
5099-BAILX,1,0.428017117070136,1.520470694223779,1.047845794753037,1,1,1,1,0,1,1,0,0,0,0,1,0,1,0,1,0,1,0,1,0,0,1,0,0,0,1
4521-YEEHE,0,-0.5896262538947137,0.7937513614847123,-0.31022428841694677,0,1,0,1,0,1,1,0,0,0,0,0,0,0,0,1,0,1,0,0,0,0,1,0,1,0,0
6127-IYJOZ,1,-1.2816237461508113,-0.6331404790531808,-0.9902801382211879,1,0,0,1,0,0,0,0,0,0,0,0,0,0,0,0,0,0,0,0,0,0,1,0,0,1,0
5989-PGKJB,0,-0.6710377235719016,0.7074741804289328,-0.42203022950588087,0,0,0,1,0,0,1,0,0,0,0,1,0,0,0,0,0,0,0,1,0,0,1,0,1,0,0
2538-OIMXF,0,-1.2816237461508113,-1.3349721634107725,-0.9995662000866148,0,0,1,0,1,0,0,0,0,0,0,0,0,0,0,0,0,0,0,0,0,0,0,0,0,1,0
8603-IJWDN,0,-1.2816237461508113,0.7190884163402875,-0.9723885533031668,1,0,0,1,0,1,1,0,0,0,0,0,0,0,0,0,0,0,0,1,0,0,1,0,1,0,1
2856-NNASM,1,0.428017117070136,0.8169798333074222,0.6829233210201978,1,0,0,1,0,0,1,0,0,0,0,0,0,0,0,0,0,1,0,1,0,0,1,0,0,1,1
5173-ZXXXL,0,-1.2409180113122174,-1.4925939364934466,-0.9894678822187747,1,0,0,1,0,0,0,1,1,0,1,0,1,0,1,0,1,0,1,0,1,0,0,0,0,1,0
5356-KZCKT,0,1.0386031396490458,-1.3432680462045974,-0.34585378819847834,1,0,0,1,0,1,0,1,1,0,1,0,1,0,1,0,1,0,1,0,0,1,1,1,0,0,0
6008-NAIXK,1,0.8757802002946699,-0.31457857977030224,0.29225013672436606,1,0,0,0,1,0,0,0,0,0,0,1,0,1,0,0,0,1,0,1,1,0,1,0,1,0,0
5160-UXJED,0,-0.6303319887333076,-0.6746198930223056,-0.7112372720948494,1,0,1,1,0,0,0,0,0,0,0,0,0,0,0,0,0,0,0,0,1,0,0,0,0,1,0
2632-UCGVD,1,1.3642490183577978,1.1654069106480704,2.0067469348992457,1,1,0,1,0,1,1,0,0,0,0,0,0,0,0,1,0,1,0,1,0,0,1,1,0,0,1
4548-SDBKE,0,-1.1188008067964355,0.6726314726948681,-0.8019465099859698,0,0,0,1,0,1,1,0,0,0,0,0,0,0,0,0,0,1,0,0,0,0,1,0,1,0,1
4849-PYRLQ,1,0.9571916699718578,0.27608827515003487,0.769615184629112,0,0,0,1,0,1,0,0,0,1,0,0,0,1,0,1,0,0,0,1,0,1,0,0,0,0,0
7094-MSZAO,0,-0.9152721326034655,-1.4892755833759168,-0.9144768956175967,1,1,1,1,0,0,0,1,1,0,1,0,1,0,1,0,1,0,1,0,0,0,1,1,0,0,0
1624-WOIWJ,0,-0.9152721326034655,0.6560397071072182,-0.6450932900604968,0,0,0,1,0,0,1,0,0,1,0,0,0,0,0,0,0,1,0,0,0,0,1,0,0,1,1
0378-CJKPV,0,1.6084834273893616,1.5652684613104335,2.4870975724344837,0,1,0,1,0,1,1,0,0,1,0,1,0,1,0,1,0,1,0,1,0,1,0,1,0,0,0
3012-VFFMN,0,-1.0373893371192475,-1.469365464670737,-0.9406227577493307,0,1,1,1,0,0,0,1,1,0,1,0,1,0,1,0,1,0,1,0,0,0,0,0,0,1,0
5650-VDUDS,0,-1.1595065416350294,-1.3499047524396575,-0.9682394618313802,0,0,0,0,1,0,0,0,0,0,0,0,0,0,0,0,0,0,0,0,0,0,1,0,0,1,1
5915-DGNVC,0,0.6722515261016999,0.22797215494585,0.514017978248107,0,1,0,1,0,1,0,0,0,1,0,1,0,1,0,0,0,0,0,1,1,0,0,0,1,0,0
3617-XLSGQ,0,1.3642490183577978,1.4706953974608292,2.099212401984773,0,1,1,1,0,1,1,0,0,1,0,1,0,1,0,0,0,1,0,1,0,1,0,0,0,0,0
3374-TTZTK,0,0.7943687306174818,1.3728039804936945,1.3986964820656906,1,1,0,1,0,0,1,0,0,1,0,1,0,1,0,1,0,1,0,1,0,1,1,0,1,0,0
1320-REHCS,1,0.7943687306174818,1.520470694223779,1.5501712500832923,1,0,0,1,0,1,1,0,0,0,0,1,0,1,0,1,0,1,0,1,0,0,1,0,1,0,0
5884-GCYMI,0,-1.2816237461508113,0.14833168012513065,-0.9799403388391167,1,0,0,1,0,0,1,0,0,0,0,0,0,0,0,0,0,0,0,0,0,0,0,0,0,1,1
7812-FZHPE,0,-0.6303319887333076,-1.3548822821159523,-0.8304413286652229,0,1,1,1,0,1,0,1,1,0,1,0,1,0,1,0,1,0,1,0,0,0,0,0,0,1,1
7197-VOJMM,0,1.4049547531963917,0.14169497389007057,1.0407111136507587,1,1,0,1,0,0,0,0,0,1,0,1,0,0,0,1,0,0,0,1,0,1,1,1,0,0,0
2229-VWQJH,0,-0.3453918448631497,-0.5186572964983965,-0.46894350186147715,0,0,0,1,0,0,0,0,0,0,0,0,0,1,0,0,0,0,0,0,0,0,1,1,0,0,0
6549-BTYPG,0,1.1200146093262338,-0.1370466879824483,0.571710107284376,0,1,0,0,1,0,0,0,0,0,0,1,0,1,0,1,0,1,0,1,0,1,0,1,0,0,0
9540-JYROE,0,-0.9966836022806536,0.17156015194784016,-0.7683366737780063,1,0,0,1,0,0,1,0,0,0,0,0,0,0,0,0,0,0,0,0,0,0,1,0,0,1,1
5423-BHIXO,0,-0.019745966154397852,-0.3560579937394271,-0.2466268387144842,0,0,0,1,0,1,0,0,0,0,0,1,0,0,0,0,0,0,0,0,0,0,1,0,1,0,0
4559-UWIHT,0,-0.7524491932490895,0.5880134681978536,-0.4901280165190113,1,1,0,1,0,1,1,0,0,0,0,1,0,1,0,0,0,0,0,0,0,0,1,0,1,0,0
8775-LHDJH,1,-1.2816237461508113,0.8518225410414869,-0.9706323241087598,0,1,0,1,0,1,1,0,0,0,0,1,0,0,0,0,0,1,0,0,0,0,1,0,1,0,1
3754-DXMRT,1,-1.2409180113122174,-0.6895524820511906,-0.9697322566466261,1,0,0,1,0,0,0,0,0,0,0,0,0,0,0,0,0,0,0,0,0,0,1,0,1,0,1
8374-XGEJJ,1,0.428017117070136,1.1969312652646056,0.9163481338218148,1,1,0,1,0,1,1,0,0,0,0,1,0,0,0,0,0,1,0,1,0,0,1,0,1,0,1
6575-SUVOI,1,-0.30468611002455576,0.15165003324266044,-0.24089714096773138,0,1,0,1,0,1,0,0,0,1,0,0,0,0,0,1,0,1,0,0,0,0,1,1,0,0,0
3653-NCRDJ,0,0.428017117070136,-1.5174815848749215,-0.6695926873224741,1,1,1,1,0,0,0,1,1,0,1,0,1,0,1,0,1,0,1,0,1,0,1,0,0,1,0
9081-WWXKP,0,0.590840056424512,-1.4826388771408567,-0.6269382707633147,0,1,1,1,0,0,0,1,1,0,1,0,1,0,1,0,1,0,1,0,0,1,0,1,0,0,0
0929-PECLO,1,1.2421318138420157,0.8186390098661871,1.4214396501332611,0,0,0,1,0,1,1,0,0,0,0,0,0,1,0,0,0,0,0,1,0,0,1,0,0,0,0
1231-YNDEK,0,1.0386031396490458,-1.5191407614336867,-0.555767082659972,1,0,0,1,0,0,0,1,1,0,1,0,1,0,1,0,1,0,1,0,0,1,1,0,0,0,0
5018-HEKFO,0,-0.9152721326034655,-1.3416088696458326,-0.8917995861448166,0,0,0,1,0,1,0,1,1,0,1,0,1,0,1,0,1,0,1,0,0,0,1,0,0,1,0
6402-SSEJG,0,-0.30468611002455576,-0.12875080518862334,-0.33417486405567187,0,0,0,0,1,0,0,0,0,1,0,1,0,1,0,0,0,1,0,1,1,0,0,0,1,0,0
3951-NJCVI,1,0.387311382231542,0.9994892547715714,0.7214505989725009,0,1,0,1,0,1,1,0,0,0,0,0,0,0,0,0,0,1,0,1,0,0,1,0,1,0,0
8610-WFCJF,0,0.6722515261016999,1.0177401969179862,1.0898196724993638,0,1,1,1,0,1,1,0,0,0,0,0,0,0,0,0,0,1,0,1,0,0,1,0,1,0,1
0748-RDGGM,0,1.5270719577121736,1.478991280254654,2.2977321595475515,1,1,0,1,0,0,1,0,0,1,0,1,0,1,0,1,0,1,0,1,1,0,1,0,0,0,1
5562-YJQGT,0,-1.2409180113122174,-1.4793205240233267,-0.9950000041811566,0,0,0,1,0,0,0,1,1,0,1,0,1,0,1,0,1,0,1,0,0,0,0,1,0,0,0
9675-ICXCT,0,1.6084834273893616,0.5266239355235486,1.504750772542942,1,1,1,1,0,0,0,0,0,1,0,0,0,1,0,1,0,1,0,1,0,1,1,0,1,0,0
4992-LTJNE,0,1.6084834273893616,-0.3195561094465974,0.7386177393478289,1,1,1,1,0,1,0,0,0,1,0,0,0,0,0,0,0,0,0,0,0,1,0,0,0,0,0
4797-AXPXK,0,-1.2816237461508113,-0.16359351292268806,-0.9840674774459731,0,0,1,1,0,0,0,0,0,1,0,1,0,0,0,1,0,0,0,0,0,0,1,0,1,0,1
8755-IWJHN,1,1.4863662228735797,1.0094443141241611,1.7916527643142515,1,1,0,1,0,1,1,0,0,0,0,1,0,1,0,0,0,0,0,1,0,0,1,0,0,0,0
9846-GKXAS,0,-0.9559778674420595,0.858459247276547,-0.6548842678193156,0,0,0,1,0,0,1,0,0,0,0,0,0,0,0,0,0,1,0,1,0,0,1,0,0,0,1
8439-LTUGF,0,-0.9152721326034655,-1.4909347599346818,-0.9232141358597715,1,0,0,1,0,0,0,1,1,0,1,0,1,0,1,0,1,0,1,0,0,0,1,1,0,0,0
5740-YHGTW,0,1.5270719577121736,1.0824480827098208,1.9176841618778822,1,1,1,1,0,1,1,0,0,1,0,1,0,0,0,0,0,1,0,0,0,0,1,1,0,0,0
6101-IMRMM,0,-1.0780950719578415,0.9812383126251565,-0.7577553928817042,1,0,1,1,0,0,1,0,0,0,0,0,0,1,0,0,0,1,0,1,0,0,0,0,0,1,1
2580-ATZSQ,0,1.3235432835192036,-0.11879574583603324,0.690540965150938,0,1,1,1,0,0,0,0,0,1,0,1,0,1,0,0,0,0,0,0,1,0,0,0,0,0,0
4525-VZCZG,0,0.8757802002946699,1.3578713914648095,1.5478222935357728,1,0,1,1,0,0,1,0,0,1,0,1,0,0,0,1,0,1,0,1,1,0,1,0,1,0,0
6416-JNVRK,0,0.5501343215859179,-0.30794187353524244,0.17014830198322115,0,0,0,1,0,0,0,0,0,0,0,0,0,0,0,0,0,0,0,1,1,0,0,1,0,0,0
7449-HVPIV,0,0.9164859351332638,0.8451858348064274,1.228408108803004,1,1,1,1,0,1,1,0,0,0,0,0,0,1,0,0,0,1,0,0,0,0,1,1,0,0,0
7503-EPSZW,0,1.2828375486806096,-1.3565414586747175,-0.3258547282471688,0,1,1,1,0,1,0,1,1,0,1,0,1,0,1,0,1,0,1,0,0,1,1,0,0,1,0
0674-GCDXG,0,1.2421318138420157,0.23129050806338025,0.9562145365348532,1,0,0,1,0,1,0,0,0,1,0,0,0,1,0,1,0,0,0,1,0,1,1,0,0,0,0
7471-WNSUF,0,1.1200146093262338,-1.3532231055571875,-0.34923452939771166,1,1,0,1,0,1,0,1,1,0,1,0,1,0,1,0,1,0,1,0,1,0,0,0,0,0,0
6838-YAUVY,0,0.8757802002946699,1.0011484313303363,1.2133484434609647,0,0,0,1,0,1,1,0,0,0,0,0,0,1,0,1,0,0,0,1,0,1,1,0,0,0,0
5027-XWQHA,0,-1.0780950719578415,-0.6696423633460107,-0.8914483403059352,1,0,0,1,0,0,0,0,0,0,0,0,0,0,0,0,0,0,0,0,0,0,0,0,1,0,1
3230-JCNZS,0,1.5677776925507676,1.1305642029140057,2.0900580573089265,0,1,1,1,0,1,1,0,0,1,0,1,0,1,0,0,0,1,0,0,0,1,1,1,0,0,0
2359-KLTEK,0,0.346605647392948,0.9945117250952766,0.6790815696574326,0,1,1,1,0,0,1,0,0,0,0,0,0,1,0,0,0,1,0,1,0,0,1,0,0,0,0
6173-ITPWD,0,0.590840056424512,0.6112419400205631,0.7743570034540109,1,1,0,1,0,1,1,0,0,0,0,1,0,1,0,0,0,0,0,0,0,0,1,0,0,0,1
8076-FEZKJ,0,-0.9152721326034655,-1.5075265255223318,-0.911249824472874,1,0,0,1,0,0,0,1,1,0,1,0,1,0,1,0,1,0,1,0,1,0,0,0,0,1,0
6583-QGCSI,1,0.7129572609402939,0.7672045365444724,0.9071059776862483,0,1,0,1,0,1,1,0,0,0,0,1,0,0,0,0,0,1,0,0,0,0,1,0,1,0,1
1750-CSKKM,0,-0.9559778674420595,-0.3178969328878323,-0.8129448953159435,1,0,1,1,0,0,0,0,0,0,0,0,0,0,0,0,0,1,0,0,0,0,0,0,1,0,1
1527-SXDPN,0,0.7943687306174818,1.0393094921819312,1.1805947689852745,1,1,1,1,0,1,1,0,0,0,0,0,0,1,0,1,0,0,0,1,0,1,1,0,0,0,1
0902-RFHOF,0,0.22448844287716607,-1.4876164068171518,-0.6898551816529446,1,0,0,1,0,0,0,1,1,0,1,0,1,0,1,0,1,0,1,0,1,0,0,0,0,1,0
3955-JBZZM,0,-0.5082147842175256,0.4602568731729489,-0.2897861711670356,1,0,0,1,0,0,1,0,0,0,0,0,0,0,0,0,0,1,0,0,0,0,0,0,1,0,0
3318-NMQXL,0,-1.2002122764736234,0.8982794846869069,-0.8932704280951325,1,0,0,1,0,0,1,0,0,0,0,0,0,0,0,0,0,1,0,1,0,0,1,0,1,0,0
3384-CTMSF,0,0.590840056424512,1.2998002119080347,1.244214171552667,1,1,0,1,0,1,1,0,0,0,0,1,0,1,0,0,0,1,0,1,0,0,1,0,1,0,0
8908-SLFCJ,0,-0.4675090493789317,-1.462728758435677,-0.8193112261456688,0,0,0,1,0,0,0,1,1,0,1,0,1,0,1,0,1,0,1,0,0,1,1,1,0,0,0
7727-SHVZV,0,-0.9559778674420595,-1.5075265255223318,-0.9443986505173056,0,0,0,1,0,0,0,1,1,0,1,0,1,0,1,0,1,0,1,0,0,0,0,0,0,0,0
5286-YHCVC,0,1.6084834273893616,1.3230286837307448,2.269391010922809,1,1,0,1,0,1,1,0,0,0,0,1,0,1,0,0,0,1,0,1,0,1,1,0,0,0,0
0455-XFASS,0,-1.2002122764736234,0.15330920980142534,-0.9225116441820087,0,1,1,1,0,0,1,0,0,0,0,0,0,0,0,0,0,0,0,0,0,0,1,0,1,0,0
4495-LHSSK,0,-0.5896262538947137,-0.24157481118464275,-0.5745587350401267,0,0,1,1,0,1,0,0,0,1,0,0,0,0,0,0,0,0,0,0,0,0,0,0,0,1,0
1619-YWUBB,0,1.4456604880349857,-1.3266762806169474,-0.3013772838501216,0,1,0,1,0,1,0,1,1,0,1,0,1,0,1,0,1,0,1,0,0,1,1,1,0,0,0
6754-LZUKA,0,1.1607203441648277,0.5299422886410788,1.1552392099910238,1,1,0,1,0,1,0,0,0,0,0,1,0,1,0,0,0,1,0,1,0,1,0,0,0,0,0
9069-LGEUL,0,-0.38609757970174374,-0.16525268948145297,-0.3930963535280259,1,1,0,1,0,0,0,0,0,1,0,0,0,0,0,0,0,0,0,1,0,0,1,0,0,0,0
2558-BUOZZ,0,0.590840056424512,0.9911933719777464,0.9810871325006422,1,0,0,1,0,1,1,0,0,1,0,1,0,0,0,0,0,1,0,0,1,0,0,0,0,0,0
5908-QMGOE,1,-0.7117434584104956,0.3076126297665698,-0.5125638444775604,1,0,0,1,0,1,1,0,0,0,0,0,0,0,0,0,0,0,0,0,0,0,1,1,0,0,1
8008-OTEZX,0,0.1023712383613841,-1.5025489958460367,-0.6992071021131617,0,1,1,1,0,0,0,1,1,0,1,0,1,0,1,0,1,0,1,0,1,0,0,0,0,1,0
5914-GXMDA,0,-0.019745966154397852,-1.5141632317573919,-0.7499621258315233,0,1,0,1,0,0,0,1,1,0,1,0,1,0,1,0,1,0,1,0,1,0,0,0,0,1,0
0670-ANMUU,0,1.5677776925507676,1.085766435827351,1.925938439091595,1,0,0,1,0,1,1,0,0,1,0,0,0,0,0,1,0,0,0,1,1,0,0,1,0,0,0
4484-GLZOU,0,0.7943687306174818,1.3313245665245697,1.4592205306779413,0,1,0,1,0,1,1,0,0,0,0,1,0,1,0,0,0,1,0,1,0,0,1,0,1,0,1
4967-WPNCF,0,1.6084834273893616,-0.04081444757407856,0.9498921114349882,1,0,0,0,1,0,0,0,0,1,0,1,0,1,0,1,0,1,0,1,0,1,1,0,0,0,0
9817-APLHW,0,-0.8338606629262776,-1.3250171040581826,-0.8715809975442064,1,0,0,1,0,1,0,1,1,0,1,0,1,0,1,0,1,0,1,0,0,0,0,0,1,0,0
2428-HYUNX,1,0.46872285190873,-1.5125040551986266,-0.6384196191217503,1,1,0,1,0,0,0,1,1,0,1,0,1,0,1,0,1,0,1,0,0,1,1,1,0,0,0
6295-OSINB,0,1.6084834273893616,1.4839688099309494,2.4494703619443143,1,1,0,1,0,1,1,0,0,1,0,1,0,1,0,0,0,1,0,1,0,1,1,0,1,0,0
5914-DVBWJ,1,-0.5896262538947137,0.680927355488693,-0.34925648226264183,0,0,0,1,0,1,1,0,0,0,0,1,0,0,0,1,0,0,0,0,0,0,1,0,1,0,1
0122-OAHPZ,0,-1.0373893371192475,0.29599839385521454,-0.7859428714519362,0,0,0,1,0,1,1,0,0,0,0,0,0,0,0,0,0,0,0,0,0,0,1,0,1,0,1
6347-DCUIK,0,-0.9152721326034655,0.30595345320780487,-0.6539842003571821,1,0,0,1,0,1,1,0,0,0,0,0,0,0,0,0,0,0,0,0,0,0,1,0,0,1,1
4518-FZBSX,0,0.387311382231542,-1.4826388771408567,-0.6350608307874469,1,1,1,1,0,0,0,1,1,0,1,0,1,0,1,0,1,0,1,0,1,0,0,0,0,1,0
4822-LPTYJ,0,1.6084834273893616,1.28818597599668,2.214991811626053,1,1,0,1,0,1,1,0,0,0,0,1,0,1,0,0,0,1,0,1,0,1,1,0,0,0,0
2082-OJVTK,0,-0.1418631706701798,0.8053655973960674,0.1743193463199377,1,1,1,1,0,1,1,0,0,0,0,0,0,1,0,0,0,0,0,1,0,0,1,0,1,0,1
0014-BMAQU,0,1.2421318138420157,0.6543805305484532,1.3507514250583803,1,1,0,1,0,1,1,0,0,1,0,0,0,0,0,1,0,0,0,0,0,1,1,1,0,0,0
4800-VHZKI,0,-1.2816237461508113,-1.4942531130522119,-1.001673675119903,0,0,0,1,0,0,0,1,1,0,1,0,1,0,1,0,1,0,1,0,0,0,1,0,0,1,1
0975-UYDTX,0,-0.2639803751859618,0.8352307754538371,0.004931040519385048,0,1,0,1,0,1,0,0,0,1,0,1,0,1,0,1,0,1,0,1,1,0,1,1,0,0,0
6266-QHOJZ,0,1.3235432835192036,0.8269348926600121,1.5557253249106042,0,0,0,1,0,1,1,0,0,1,0,1,0,0,0,1,0,0,0,0,1,0,1,0,1,0,0
3850-OKINF,0,1.5677776925507676,0.04214438036417105,1.0498874111915355,1,1,1,1,0,1,0,0,0,1,0,0,0,0,0,0,0,1,0,0,1,0,1,0,1,0,0
1095-WGNGG,0,1.1607203441648277,1.1985904418233704,1.6113099789135852,0,1,0,1,0,1,1,0,0,0,0,1,0,0,0,0,0,1,0,1,0,1,1,0,0,0,0
5343-SGUBI,0,0.7943687306174818,0.5067138168183688,0.8764817311087767,0,0,0,1,0,1,1,0,0,0,0,1,0,0,0,0,0,0,0,0,1,0,1,0,0,1,0
7615-ESMYF,0,-1.2409180113122174,-0.6746198930223056,-0.9677784516678485,0,1,0,0,1,0,0,0,0,0,0,0,0,0,0,0,0,1,0,1,0,0,0,0,1,0,1
1771-OADNZ,1,-0.1418631706701798,1.0276952562705766,0.19488918075942938,1,1,0,1,0,1,1,0,0,0,0,1,0,1,0,0,0,0,0,1,0,0,1,0,1,0,1
2387-KDZQY,0,-0.6303319887333076,-1.4876164068171518,-0.8876944004028904,1,0,0,1,0,0,0,1,1,0,1,0,1,0,1,0,1,0,1,0,1,0,1,0,0,1,0
3777-XROBG,0,1.0386031396490458,-1.5058673489635668,-0.536382702926705,0,1,1,1,0,0,0,1,1,0,1,0,1,0,1,0,1,0,1,0,0,1,0,1,0,0,0
8714-CTZJW,0,-1.1595065416350294,0.5946501744329131,-0.8700882027289605,0,0,0,1,0,0,1,0,0,0,0,0,0,1,0,0,0,0,0,1,0,0,1,1,0,0,0
3934-HXCFZ,0,-0.38609757970174374,1.1388600857078308,-0.05045603769922498,1,1,0,1,0,1,1,0,0,1,0,1,0,1,0,0,0,1,0,0,0,0,1,0,1,0,1
3814-MLAXC,0,-0.06045170099299184,0.4950995809070136,0.045148689071304746,0,0,0,1,0,1,1,0,0,0,0,0,0,0,0,1,0,0,0,0,0,0,1,1,0,0,1
4488-KQFDT,0,1.1607203441648277,1.2948226822317401,1.8096541135569228,0,0,0,1,0,1,1,0,0,0,0,1,0,1,0,0,0,1,0,1,1,0,1,0,1,0,0
6229-LSCKB,1,-1.0780950719578415,0.49012205123071895,-0.7919360035778501,1,0,0,1,0,0,1,0,0,0,0,0,0,0,0,0,0,1,0,0,0,0,1,0,1,0,0
3166-PNEOF,0,1.1607203441648277,0.7141108866639929,1.2618423220915271,0,0,0,1,0,1,0,0,0,1,0,0,0,1,0,1,0,1,0,1,0,1,0,1,0,0,0
7544-ZVIKX,0,1.0386031396490458,1.3313245665245697,1.626062304146604,1,1,1,1,0,1,1,0,0,0,0,0,0,1,0,1,0,1,0,1,1,0,1,0,0,0,0
4318-RAJVY,0,-0.9152721326034655,-1.497571466169742,-0.923367805914282,0,0,0,1,0,0,0,1,1,0,1,0,1,0,1,0,1,0,1,0,1,0,1,0,0,1,0
4918-FYJNT,1,0.9164859351332638,0.8468450113651922,1.2045453446239998,0,1,0,1,0,1,1,0,0,0,0,1,0,1,0,1,0,0,0,0,0,0,0,0,1,0,0
3258-ZKPAI,0,1.6084834273893616,1.7145943515992828,2.650207358865032,1,1,1,1,0,1,1,0,0,1,0,1,0,1,0,1,0,1,0,1,0,1,1,0,0,0,0
0853-TWRVK,0,1.6084834273893616,1.3495755086709846,2.3183019939870433,1,1,0,1,0,1,1,0,0,1,0,1,0,1,0,1,0,0,0,1,0,1,0,0,0,0,0
5981-ITEMU,0,0.30589991255435406,1.067515493680936,0.6171525376896565,1,1,0,1,0,1,1,0,0,0,0,0,0,0,0,0,0,1,0,1,0,0,1,0,0,0,1
7554-AKDQF,0,-1.0780950719578415,-0.6397771852882409,-0.8683978321293437,0,1,0,1,0,0,0,0,0,0,0,0,0,0,0,0,0,0,0,0,0,0,0,0,0,1,0
6050-IJRHS,0,1.5270719577121736,1.3794406867287545,2.2372959223950213,0,1,1,1,0,1,1,0,0,0,0,1,0,1,0,0,0,1,0,1,1,0,1,0,1,0,0
6032-KRXXO,0,-0.10115743583158582,0.8402083051301322,0.1993456123402371,1,0,0,1,0,0,1,0,0,0,0,0,0,0,0,0,0,1,0,1,0,0,1,0,1,0,1
7294-TMAOP,0,-1.2816237461508113,0.850163364482722,-0.9706542769736898,0,0,0,1,0,0,1,0,0,0,0,0,0,0,0,0,0,1,0,1,0,0,0,0,1,0,1
9053-JZFKV,0,1.4049547531963917,1.7013209391291633,2.393292980588221,1,0,0,1,0,1,1,0,0,1,0,1,0,1,0,1,0,1,0,1,0,1,0,1,0,0,1
3280-NMUVX,0,0.06166550352279012,-1.5042081724048018,-0.7123788210712141,1,1,1,1,0,0,0,1,1,0,1,0,1,0,1,0,1,0,1,0,1,0,0,1,0,0,0
7024-OHCCK,1,-1.2409180113122174,0.9596690173612115,-0.9353979758959698,0,0,0,1,0,1,1,0,0,0,0,0,0,0,0,0,0,1,0,1,0,0,1,0,1,0,1
5931-FLJJF,1,-1.0373893371192475,0.17156015194784016,-0.8051296754008325,1,1,0,1,0,0,1,0,0,0,0,0,0,0,0,0,0,0,0,0,0,0,1,0,0,1,1
3999-QGRJH,1,-0.9966836022806536,0.1582867394777205,-0.7641656294412897,1,0,0,1,0,0,1,0,0,0,0,0,0,0,0,0,0,0,0,0,0,0,1,0,1,0,1
5886-VLQVU,0,0.1023712383613841,0.8269348926600121,0.3775370169777548,1,1,0,1,0,1,1,0,0,0,0,0,0,0,0,1,0,0,0,1,0,0,1,0,0,0,0
4123-DVHPH,0,-0.9559778674420595,0.7672045365444724,-0.6585943019925005,1,1,0,1,0,1,1,0,0,1,0,0,0,0,0,0,0,0,0,1,0,0,1,0,1,0,0
1641-BYBTK,0,-1.0780950719578415,-1.4842980536996218,-0.9672296300445963,1,0,1,1,0,0,0,1,1,0,1,0,1,0,1,0,1,0,1,0,0,0,1,0,0,1,0
6633-MPWBS,0,-1.1188008067964355,-0.5219756496159262,-0.9151793872953595,1,0,0,1,0,0,0,0,0,0,0,0,0,0,0,1,0,0,0,0,0,0,1,0,1,0,1
6424-ELEYH,0,-1.2002122764736234,0.3258635719129846,-0.9096472653329776,0,1,0,1,0,1,1,0,0,0,0,0,0,0,0,0,0,0,0,0,0,0,1,1,0,0,1
6016-NXBNJ,0,0.1023712383613841,-1.5191407614336867,-0.7302923588541652,1,0,0,1,0,0,0,1,1,0,1,0,1,0,1,0,1,0,1,0,1,0,1,0,0,1,0
1101-SSWAG,0,-0.7117434584104956,-0.45892694038285664,-0.6981753174614476,0,1,0,1,0,1,0,0,0,0,0,0,0,0,0,0,0,0,0,0,0,0,1,0,1,0,0
2528-HFYZX,1,-0.6303319887333076,0.38227557491099445,-0.46887764326668685,1,1,0,1,0,0,1,0,0,0,0,1,0,0,0,0,0,0,0,0,0,0,1,0,1,0,1
8277-RVRSV,0,0.020959768684196134,-1.3532231055571875,-0.6590333592911022,0,1,1,1,0,1,0,1,1,0,1,0,1,0,1,0,1,0,1,0,1,0,0,1,0,0,0
3329-WDIOK,0,-1.2002122764736234,-0.47551870597050655,-0.9422033640242969,0,0,0,0,1,0,0,0,0,0,0,1,0,0,0,0,0,1,0,1,0,0,1,0,1,0,1
3533-UVMOM,0,1.4456604880349857,0.1997661534468453,1.0713573130931604,1,1,0,1,0,0,0,0,0,1,0,1,0,1,0,0,0,0,0,1,0,1,0,0,0,0,0
3882-IYOIJ,0,1.1200146093262338,1.6697965845126284,1.956935884372878,0,1,1,1,0,1,1,0,0,1,0,1,0,1,0,1,0,1,0,1,0,1,0,1,0,0,0
6617-WLBQC,0,-0.38609757970174374,0.5614666432576133,-0.21534400618910995,0,1,1,1,0,1,1,0,0,1,0,0,0,0,0,0,0,0,0,0,1,0,0,1,0,0,0
2511-ALLCS,0,0.1023712383613841,-1.3482455758808924,-0.649681438830885,0,1,1,1,0,1,0,1,1,0,1,0,1,0,1,0,1,0,1,0,0,1,0,0,0,0,0
6621-NRZAK,0,1.2421318138420157,-1.4909347599346818,-0.47948087702791903,0,1,1,1,0,0,0,1,1,0,1,0,1,0,1,0,1,0,1,0,0,1,0,1,0,0,0
1728-BQDMA,0,-1.2409180113122174,-0.6795974226986006,-0.9741008767677136,0,0,0,1,0,0,0,0,0,0,0,0,0,0,0,0,0,0,0,0,0,0,0,0,1,0,0
3071-VBYPO,0,-1.2002122764736234,0.8269348926600121,-0.9013490823894046,1,1,1,1,0,0,1,0,0,1,0,1,0,0,0,0,0,1,0,0,0,0,0,0,1,0,0
5647-FXOTP,1,1.1200146093262338,1.359530568023575,1.800104617312335,0,1,0,1,0,1,1,0,0,0,0,1,0,1,0,0,0,1,0,1,0,0,1,0,1,0,0
8779-QRDMV,1,-1.2816237461508113,-0.8388783723400399,-0.9930022934725186,1,0,0,0,1,0,0,0,0,0,0,0,0,1,0,0,0,0,0,1,0,0,1,0,1,0,1
7740-BTPUX,1,0.9164859351332638,1.6150437580733834,1.7524449475491157,1,1,0,1,0,1,1,0,0,0,0,1,0,1,0,1,0,1,0,1,0,1,1,0,1,0,0
6496-SLWHQ,1,-1.2002122764736234,1.3296653899658049,-0.8811304937887943,1,0,0,1,0,1,1,0,0,0,0,1,0,1,0,0,0,1,0,1,0,0,1,0,1,0,1
0231-LXVAP,0,-1.2816237461508113,0.36402463276457964,-0.9770864663982054,1,0,0,1,0,0,1,0,0,0,0,0,0,0,0,1,0,0,0,0,0,0,1,0,1,0,1
0601-WZHJF,0,-0.7524491932490895,-0.6165487134655309,-0.7172523570856933,1,1,0,0,1,0,0,0,0,0,0,0,0,0,0,0,0,1,0,1,0,0,0,0,1,0,1
8818-XYFCQ,0,-0.019745966154397852,1.1488151450604207,0.39661405660200066,1,1,1,1,0,1,1,0,0,1,0,0,0,0,0,0,0,1,0,1,0,0,1,1,0,0,1
9046-DQMTP,0,0.1023712383613841,-1.466047111553207,-0.6855524201266474,1,0,0,1,0,0,0,1,1,0,1,0,1,0,1,0,1,0,1,0,0,0,0,0,0,0,0
4859-ZSRDZ,0,1.0386031396490458,-0.3129194032115374,0.38003964357978487,0,1,1,0,1,0,0,0,0,0,0,0,0,1,0,1,0,1,0,1,0,1,1,1,0,0,0
9885-MFVSU,0,0.1023712383613841,-0.6165487134655309,-0.2806757322210494,0,1,1,0,1,0,0,0,0,1,0,0,0,0,0,1,0,1,0,0,0,1,1,1,0,0,0
3115-JPJDD,0,1.0793088744876398,0.5415565245524336,1.0265734686357826,0,1,0,1,0,0,1,0,0,1,0,0,0,1,0,0,0,0,0,0,1,0,1,1,0,0,0
2905-KFQUV,0,-1.2409180113122174,0.1815152113004305,-0.9424448455385277,0,1,0,1,0,0,1,0,0,0,0,0,0,0,0,0,0,0,0,0,0,0,1,1,0,0,0
2034-CGRHZ,1,-0.3453918448631497,1.2616391510564402,0.08578344205689602,1,0,0,1,0,1,1,0,0,0,0,1,0,1,0,0,0,1,0,1,0,0,1,1,0,0,1
5642-MHDQT,0,0.8350744654560759,-1.4959122896109767,-0.5540328063304951,0,1,1,1,0,0,0,1,1,0,1,0,1,0,1,0,1,0,1,0,1,0,1,0,0,0,0
0516-VRYBW,0,-0.5896262538947137,-1.4859572302583868,-0.8388053702035863,0,0,1,1,0,0,0,1,1,0,1,0,1,0,1,0,1,0,1,0,1,0,0,0,0,0,1
2273-QCKXA,0,-1.2816237461508113,-0.5269531792922214,-0.9888751548656621,1,0,0,1,0,0,0,0,0,0,0,0,0,0,0,1,0,0,0,0,0,0,0,0,0,1,0
1492-KGETH,0,1.5270719577121736,0.44532428414406383,1.3806731799580891,1,1,1,1,0,1,0,0,0,1,0,1,0,1,0,1,0,0,0,1,1,0,0,0,0,0,0
2786-GCDPI,1,0.7129572609402939,1.32800621340704,1.2824999679907394,0,0,0,1,0,1,1,0,0,0,0,0,0,1,0,1,0,1,0,1,0,0,1,0,1,0,0
2612-PHGOX,0,1.2828375486806096,0.3706613389996392,1.1053183951400056,1,1,0,1,0,1,0,0,0,0,0,1,0,1,0,1,0,1,0,0,0,1,1,0,0,0,0
0526-SXDJP,0,1.6084834273893616,-0.7575787209605552,0.2900768030962875,1,1,0,0,1,0,0,0,0,1,0,1,0,1,0,0,0,0,0,0,0,1,0,0,0,0,0
8565-WUXZU,1,1.6084834273893616,0.659358060224748,1.6861253425953222,1,1,0,1,0,0,1,0,0,1,0,1,0,0,0,1,0,0,0,0,0,1,1,1,0,0,0
8519-IMDHU,1,-0.7117434584104956,0.6859048851649877,-0.41963736722850137,1,1,0,1,0,1,1,0,0,0,0,0,0,0,0,0,0,0,0,1,0,0,1,0,0,0,1
3419-SNJJD,1,1.3235432835192036,1.3379612727596297,1.9692075358687966,0,1,0,1,0,1,1,0,0,1,0,0,0,1,0,0,0,1,0,1,0,0,0,0,0,0,1
2305-MRGLV,0,-0.1825689055087738,0.3855939280285242,-0.10358197083003598,1,1,0,1,0,0,1,0,0,0,0,0,0,0,0,1,0,0,0,0,0,0,0,0,0,0,0
3916-NRPAP,0,-1.2002122764736234,0.689223238282518,-0.89768295394608,1,0,0,1,0,0,1,0,0,0,0,0,0,1,0,0,0,0,0,1,0,0,0,1,0,0,0
6179-GJPSO,1,0.428017117070136,1.4341935131679995,1.009559998314965,0,0,0,1,0,0,1,0,0,1,0,1,0,0,0,1,0,1,0,1,0,0,1,1,0,0,1
1352-VHKAJ,0,-0.22327464034736777,0.22133544871078992,-0.15113187626860491,1,1,1,1,0,1,0,0,0,0,0,0,0,0,0,1,0,1,0,1,0,0,0,0,0,0,0
0917-EZOLA,1,1.6084834273893616,1.3014593884668002,2.365917758020402,1,1,0,1,0,1,1,0,0,0,0,1,0,1,0,0,0,1,0,1,0,1,1,0,0,0,1
5999-LCXAO,0,-1.2816237461508113,-1.1624178012992135,-0.9972831021338856,0,0,0,0,1,0,0,0,0,1,0,0,0,0,0,0,0,0,0,0,0,0,0,0,0,1,0
8878-RYUKI,0,0.7943687306174818,-0.18184445506910288,0.3259477843920499,0,0,0,1,0,0,0,0,0,0,0,0,0,1,0,0,0,0,0,1,0,0,1,0,1,0,0
0259-GBZSH,0,-1.2409180113122174,0.6875640617237531,-0.9307220156658612,1,0,0,1,0,1,1,0,0,0,0,0,0,0,0,0,0,1,0,0,0,0,1,0,1,0,1
9743-DQKQW,0,-1.2002122764736234,-1.3216987509406526,-0.9753741429336585,1,0,0,0,1,0,0,0,0,0,0,0,0,0,0,0,0,0,0,0,0,0,0,0,1,0,0
5117-IFGPS,1,-0.1418631706701798,0.642766294637098,0.02477643041618379,1,1,0,1,0,1,1,0,0,0,0,0,0,0,0,0,0,0,0,1,0,0,1,0,1,0,0
2050-ONYDQ,0,1.3235432835192036,-1.2918335728828827,-0.283836944770982,0,1,1,1,0,1,0,1,1,0,1,0,1,0,1,0,1,0,1,0,0,1,0,1,0,0,0
0334-ZFJSR,0,0.9164859351332638,0.03716685068787588,0.5096493581270196,0,1,0,1,0,1,0,0,0,1,0,1,0,0,0,1,0,0,0,0,1,0,1,1,0,0,0
7860-KSUGX,0,1.6084834273893616,-0.015926799192603674,1.0619395340381532,1,1,1,1,0,1,0,0,0,1,0,1,0,1,0,0,0,0,0,0,0,1,0,1,0,0,0
8838-GPHZP,0,1.2421318138420157,-1.4710246412295018,-0.440207201667993,0,0,0,1,0,0,0,1,1,0,1,0,1,0,1,0,1,0,1,0,0,1,1,0,0,1,0
6921-OZMFH,0,-1.1188008067964355,-0.3062826969764773,-0.8965194521047853,1,1,1,1,0,1,0,0,0,0,0,0,0,0,0,1,0,0,0,0,0,0,1,0,0,1,0
6323-AYBRX,0,1.0793088744876398,-1.5125040551986266,-0.5276235098196003,1,0,0,1,0,0,0,1,1,0,1,0,1,0,1,0,1,0,1,0,0,1,0,0,0,1,1
0567-XRHCU,0,1.4863662228735797,-0.6961891882862504,0.28924259422894416,0,1,1,0,1,0,0,0,0,1,0,0,0,1,0,0,0,0,0,1,0,1,1,1,0,0,0
1544-JJMYL,0,-0.22327464034736777,0.14667250356636527,-0.16421578376693688,1,0,0,1,0,0,0,0,0,1,0,0,0,1,0,1,0,1,0,0,1,0,0,1,0,0,0
6537-OTKMY,0,-0.7117434584104956,-0.4705411762942116,-0.7082516824643577,1,0,0,0,1,0,0,0,0,0,0,0,0,1,0,0,0,1,0,1,1,0,0,0,1,0,0
1724-IQWNM,0,-1.2816237461508113,-1.5141632317573919,-1.0019371094990641,1,0,1,1,0,0,0,1,1,0,1,0,1,0,1,0,1,0,1,0,0,0,1,0,0,1,0
5777-KJIRB,0,0.30589991255435406,-0.4871329418818615,-0.12195651877651902,0,0,0,1,0,0,0,0,0,0,0,0,0,1,0,0,0,0,0,0,1,0,1,0,0,1,0
5122-CYFXA,0,-1.2002122764736234,0.3441145140593994,-0.9032370287733921,0,0,0,1,0,0,0,0,0,0,0,1,0,0,0,1,0,1,0,1,0,0,1,0,1,0,0
4452-QIIEB,0,-1.0373893371192475,-0.6978483648450156,-0.8881773634313522,1,0,0,1,0,0,0,0,0,0,0,0,0,0,0,0,0,0,0,0,0,0,0,0,0,1,0
6635-CPNUN,0,-0.1825689055087738,1.050923728093286,0.1681725441395133,1,1,0,1,0,1,1,0,0,0,0,1,0,1,0,0,0,1,0,0,0,0,0,1,0,0,0
9670-BPNXF,0,0.5094285867473239,-0.07897550842567357,0.21739086731276874,0,0,0,1,0,0,0,0,0,1,0,1,0,0,0,1,0,0,0,0,1,0,1,1,0,0,0
5669-SRAIP,0,-1.1188008067964355,-0.8438559020163349,-0.9178795896817602,0,0,0,0,1,0,0,0,0,0,0,0,0,1,0,0,0,0,0,1,0,0,0,0,1,0,1
5995-OIGLP,0,-0.8338606629262776,-0.27475834235994256,-0.7228942433727258,1,0,0,1,0,0,0,0,0,1,0,0,0,0,0,1,0,0,0,0,0,0,0,0,0,1,1
9919-KNPOO,0,-0.4675090493789317,0.9746016063900964,-0.15497362763137018,0,1,0,1,0,1,1,0,0,0,0,0,0,0,0,0,0,1,0,1,0,0,1,0,1,0,0
5854-KSRBJ,0,1.5270719577121736,-1.3117436915880627,-0.22798885638884017,1,1,1,1,0,1,0,1,1,0,1,0,1,0,1,0,1,0,1,0,0,1,0,0,0,1,0
0326-VDYXE,0,1.5270719577121736,1.085766435827351,2.0553066721245985,0,1,0,1,0,1,1,0,0,0,0,0,0,1,0,0,0,1,0,1,1,0,1,0,1,0,0
9570-KYEUA,0,1.2828375486806096,1.1388600857078308,1.8651729089651135,1,0,0,1,0,1,1,0,0,1,0,0,0,1,0,1,0,0,0,1,0,1,0,1,0,0,0
6695-AMZUF,0,1.5270719577121736,0.7141108866639929,1.6020678227780183,0,1,0,1,0,0,0,0,0,1,0,1,0,1,0,1,0,1,0,1,0,1,0,1,0,0,0
8263-QMNTJ,0,1.6084834273893616,1.679751643865218,2.6887785425471944,1,1,0,1,0,1,1,0,0,1,0,1,0,1,0,1,0,1,0,1,0,1,1,0,1,0,0
3824-RHKVR,0,-0.6303319887333076,-1.5008898192872717,-0.8609777637829743,0,0,0,1,0,0,0,1,1,0,1,0,1,0,1,0,1,0,1,0,0,0,0,1,0,0,0
3645-DEYGF,0,-1.2816237461508113,-1.466047111553207,-1.0013004764160915,1,0,1,1,0,0,0,1,1,0,1,0,1,0,1,0,1,0,1,0,0,0,0,0,0,1,0
0969-RGKCU,0,0.18378270803857208,-1.497571466169742,-0.7131471713437672,1,1,1,1,0,0,0,1,1,0,1,0,1,0,1,0,1,0,1,0,1,0,0,1,0,0,0
7140-ADSMJ,0,-0.9966836022806536,-1.4760021709057967,-0.9391519157990147,1,0,0,1,0,0,0,1,1,0,1,0,1,0,1,0,1,0,1,0,0,0,1,1,0,0,0
3717-LNXKW,0,0.22448844287716607,0.888324425334317,0.5170913793383193,1,1,0,1,0,1,1,0,0,1,0,0,0,0,0,0,0,1,0,0,0,0,0,0,0,0,0
7030-NJVDP,0,-0.3453918448631497,0.8070247739548323,-0.040006473992503594,1,1,0,1,0,0,1,0,0,1,0,0,0,0,0,1,0,0,0,1,0,0,1,0,1,0,0
9681-OXGVC,0,-1.1188008067964355,1.1803394996769556,-0.7847354638807814,0,0,0,1,0,1,1,0,0,0,0,0,0,1,0,0,0,1,0,1,0,0,1,0,1,0,1
0607-DAAHE,0,0.8350744654560759,-1.4992306427285067,-0.5483689671785327,1,0,1,1,0,0,0,1,1,0,1,0,1,0,1,0,1,0,1,0,0,1,0,0,0,0,1
8901-HJXTF,0,-0.8338606629262776,-1.185646273121923,-0.8746983043642788,0,1,1,0,1,0,0,0,0,0,0,1,0,0,0,0,0,0,0,0,0,0,0,0,0,1,1
6551-VLJMV,0,0.06166550352279012,-1.4892755833759168,-0.7122910096114937,1,1,0,1,0,0,0,1,1,0,1,0,1,0,1,0,1,0,1,0,0,1,0,1,0,0,0
0530-IJVDB,0,1.5270719577121736,1.6482272892486831,2.450458240866168,1,0,1,1,0,1,1,0,0,1,0,1,0,1,0,1,0,1,0,1,0,1,1,0,1,0,0
6394-HHHZM,0,-1.2002122764736234,-1.4677062881119718,-0.9851651206924775,1,0,0,1,0,0,0,1,1,0,1,0,1,0,1,0,1,0,1,0,0,0,0,0,0,1,0
2404-JIBFC,0,0.9164859351332638,0.6693131195773377,1.034696028659915,0,1,1,1,0,1,0,0,0,1,0,0,0,1,0,1,0,1,0,1,0,1,1,0,0,0,0
2302-ANTDP,1,0.631545791263106,1.742800353098288,1.3775778260029468,0,1,0,1,0,1,1,0,0,1,0,1,0,1,0,1,0,1,0,1,0,0,0,0,1,0,1
1625-JAIIY,0,1.4456604880349857,0.5996277041092083,1.4859810730277174,0,1,1,1,0,1,1,0,0,0,0,0,0,0,0,0,0,1,0,0,1,0,1,0,1,0,1
8958-JPTRR,0,0.9571916699718578,-1.3482455758808924,-0.45645232171625755,0,1,0,1,0,1,0,1,1,0,1,0,1,0,1,0,1,0,1,0,1,0,0,0,1,0,0
1925-TIBLE,0,-1.0373893371192475,0.7157700632227577,-0.754660038926562,0,1,0,1,0,1,1,0,0,0,0,0,0,0,0,0,0,1,0,0,0,0,1,0,1,0,1
0520-FDVVT,0,0.1023712383613841,1.24172903235126,0.5816547550977056,1,0,0,1,0,0,1,0,0,0,0,1,0,1,0,0,0,1,0,1,1,0,1,0,0,0,1
4695-WJZUE,1,-1.2409180113122174,0.7837963021321224,-0.9317098945877151,0,0,0,1,0,1,1,0,0,0,0,0,0,1,0,0,0,0,0,1,0,0,1,0,1,0,1
4183-MYFRB,0,-0.4675090493789317,0.8335715988950722,-0.19249107379688912,0,0,0,1,0,0,1,0,0,0,0,1,0,1,0,0,0,0,0,1,0,0,1,0,1,0,0
7989-AWGEH,0,0.6722515261016999,-0.8538109613689248,-0.20335774193728226,1,1,1,0,1,0,0,0,0,1,0,0,0,0,0,0,0,0,0,1,0,0,1,0,1,0,0
8917-SZTTJ,0,1.1200146093262338,-1.5025489958460367,-0.5003360987115019,1,1,1,1,0,0,0,1,1,0,1,0,1,0,1,0,1,0,1,0,0,1,0,1,0,0,0
6259-WJQLC,1,-0.019745966154397852,0.5365789948761385,0.1395899140005398,1,0,0,1,0,1,1,0,0,0,0,0,0,1,0,0,0,0,0,0,0,0,1,1,0,0,0
0895-DQHEW,0,0.8757802002946699,1.3064369181430948,1.3069993652527163,1,1,0,1,0,1,1,0,0,0,0,1,0,1,0,0,0,1,0,1,0,0,1,0,1,0,1
8571-ZCMCX,0,0.590840056424512,-0.16359351292268806,0.20518507441164038,0,1,1,0,1,0,0,0,0,1,0,1,0,1,0,0,0,1,0,1,0,1,1,1,0,0,0
1042-HFUCW,0,-0.30468611002455576,-0.3378070515930122,-0.45441070527775945,0,0,1,1,0,0,0,0,0,0,0,1,0,0,0,1,0,0,0,0,1,0,1,1,0,0,0
9348-YVOMK,0,-1.1595065416350294,-0.6679831867872458,-0.9330490193484505,1,0,0,1,0,0,0,0,0,0,0,0,0,0,0,0,0,0,0,0,0,0,1,1,0,0,0
2429-AYKKO,0,1.6084834273893616,-1.4959122896109767,-0.380758843437317,1,0,0,1,0,0,0,1,1,0,1,0,1,0,1,0,1,0,1,0,0,1,0,0,0,0,0
0968-GSIKN,0,-1.2816237461508113,0.19478862377055015,-0.9793256586210742,0,0,0,1,0,0,1,0,0,0,0,0,0,0,0,0,0,0,0,0,0,0,1,0,0,1,1
5950-AAAGJ,0,-0.5896262538947137,0.642766294637098,-0.33518469584245586,1,0,0,1,0,1,1,0,0,0,0,0,0,0,0,0,0,1,0,0,0,0,0,0,0,0,0
7537-RBWEA,0,-1.2816237461508113,-1.3200395743818876,-0.9993686243022438,0,0,0,0,1,0,0,0,0,0,0,0,0,0,0,0,0,0,0,0,0,0,1,0,0,1,0
0274-JKUJR,0,-1.0373893371192475,-0.20175457377428285,-0.8059419314032457,1,1,1,0,1,0,0,0,0,1,0,1,0,1,0,0,0,1,0,1,0,0,0,0,0,1,0
6685-XSHHU,0,1.1200146093262338,-1.459410405318147,-0.45256666462363215,1,1,1,1,0,0,0,1,1,0,1,0,1,0,1,0,1,0,1,0,0,1,1,0,0,0,0
2691-NZETQ,0,-0.9559778674420595,0.6776090023711627,-0.6773420486427949,1,0,0,1,0,1,1,0,0,0,0,0,0,0,0,0,0,1,0,0,0,0,1,0,1,0,1
4109-CYRBD,1,-0.1418631706701798,-0.4423351747952067,-0.3772902907783631,1,1,0,1,0,1,0,0,0,0,0,0,0,0,0,0,0,0,0,0,0,0,1,0,1,0,0
9419-IPPBE,0,0.7536629957788878,0.8368899520126024,0.9894292211740754,0,1,1,1,0,1,1,0,0,0,0,0,0,1,0,0,0,0,0,1,1,0,1,0,1,0,0
5167-GBFRE,1,-1.1595065416350294,-1.3183803978231226,-0.965407542255399,1,0,0,0,1,0,0,0,0,0,0,0,0,0,0,0,0,0,0,0,0,0,1,0,0,0,1
8917-FAEMR,0,0.18378270803857208,-1.4959122896109767,-0.6660802289336601,0,0,0,1,0,0,0,1,1,0,1,0,1,0,1,0,1,0,1,0,0,1,0,0,0,1,0
2589-AYCRP,0,0.7129572609402939,-1.4992306427285067,-0.576161294180023,0,0,0,1,0,0,0,1,1,0,1,0,1,0,1,0,1,0,1,0,1,0,0,0,0,0,0
6481-LXPWL,0,0.9571916699718578,-0.9566799080123543,-0.14480945116873978,1,1,1,0,1,0,0,0,0,0,0,1,0,1,0,0,0,0,0,0,1,0,1,1,0,0,0
4063-EIKNQ,0,-0.8745663977648716,-1.459410405318147,-0.8930289465809016,1,1,1,1,0,0,0,1,1,0,1,0,1,0,1,0,1,0,1,0,0,0,0,0,0,0,0
9470-XCCEM,0,0.1023712383613841,0.8202981864249524,0.37771263989719556,1,1,1,1,0,1,1,0,0,0,0,1,0,0,0,0,0,1,0,0,0,0,1,0,0,0,0
3804-RVTGV,0,0.7129572609402939,1.2915043291142099,1.1927347032916125,1,1,1,1,0,1,1,0,0,0,0,1,0,1,0,0,0,1,0,1,0,0,1,0,0,0,1
8372-JUXUI,0,-1.2816237461508113,0.3125901594428645,-0.9777670052110381,1,0,1,1,0,1,1,0,0,0,0,0,0,0,0,0,0,0,0,0,0,0,1,0,1,0,1
5294-CDGWY,0,0.7536629957788878,-0.18682198474539805,0.3131931698676694,1,1,1,0,1,0,0,0,0,1,0,1,0,1,0,0,0,1,0,1,1,0,0,0,1,0,1
3557-HTYWR,0,0.590840056424512,0.3026351000902746,0.5246651177391993,0,0,0,1,0,1,0,0,0,1,0,1,0,0,0,1,0,0,0,1,0,1,0,0,0,1,0
6035-BXTTY,1,-0.019745966154397852,-0.34112540471054226,-0.20689215319102638,0,0,0,1,0,0,0,0,0,0,0,1,0,0,0,1,0,0,0,0,0,0,0,0,0,0,0
4111-BNXIF,0,1.4049547531963917,-0.1785261019515731,0.7914363323696186,0,1,1,0,1,0,0,0,0,0,0,1,0,1,0,1,0,1,0,1,0,1,1,0,1,0,0
5073-RZGBK,0,0.7129572609402939,0.5017362871420736,0.7643464970458911,0,1,1,1,0,1,0,0,0,1,0,1,0,1,0,1,0,0,0,1,1,0,1,0,0,0,0
5299-SJCZT,0,-1.2002122764736234,1.2151822074110203,-0.8794181703242475,1,0,0,1,0,1,1,0,0,0,0,0,0,1,0,0,0,1,0,1,0,0,1,0,0,0,1
1565-RHDJD,0,-1.1595065416350294,0.634470411843273,-0.8639633534134661,0,0,1,1,0,1,1,0,0,0,0,1,0,1,0,0,0,0,0,0,0,0,0,0,0,0,1
0916-QOFDP,1,-0.7524491932490895,1.0243769031530463,-0.41930807425455,0,1,1,1,0,1,1,0,0,0,0,0,0,0,0,0,0,1,0,1,0,0,1,0,1,0,0
9281-OFDMF,1,0.26519417771576004,0.8551408941590172,0.4882014090903244,1,0,0,1,0,1,1,0,0,0,0,1,0,0,0,0,0,0,0,1,0,0,0,0,1,0,0
9108-EJFJP,0,-1.2816237461508113,-0.37762728900337217,-0.9868993970219543,0,1,0,1,0,0,0,0,0,1,0,1,0,0,0,0,0,0,0,0,0,0,1,0,0,1,0
2430-USGXP,0,-0.3453918448631497,1.1985904418233704,0.03972633143357325,1,1,0,1,0,1,1,0,0,0,0,0,0,1,0,0,0,1,0,1,0,0,1,0,1,0,1
5522-NYKPB,0,-0.30468611002455576,0.695859944517578,-0.04490196287191288,1,1,1,1,0,0,1,0,0,0,0,0,0,0,0,1,0,1,0,0,0,0,0,0,1,0,0
1088-CNNKB,0,1.2421318138420157,0.5000771105833088,1.2025256810504314,1,1,0,1,0,1,0,0,0,1,0,1,0,1,0,1,0,0,0,1,1,0,0,1,0,0,0
4143-OOBWZ,0,-1.1188008067964355,0.5432157011111984,-0.8276313619541719,1,1,0,1,0,1,1,0,0,0,0,1,0,0,0,0,0,0,0,0,0,0,1,0,1,0,1
8614-VGMMV,0,-0.7117434584104956,-0.5252940027334563,-0.7120495280972627,0,0,0,1,0,1,0,0,0,0,0,0,0,0,0,0,0,0,0,0,0,0,1,0,1,0,1
8563-IIOXK,0,-1.0373893371192475,-0.5037247074695115,-0.86495123233532,1,1,1,1,0,0,0,0,0,1,0,0,0,0,0,0,0,0,0,0,1,0,1,0,1,0,1
5055-BRMNE,0,1.4049547531963917,1.3860773929638146,2.0671612191868456,0,1,1,1,0,1,1,0,0,1,0,0,0,0,0,1,0,1,0,1,0,1,0,1,0,0,0
7660-HDPJV,0,-1.2816237461508113,0.14169497389007057,-0.9800281502988372,0,0,0,1,0,0,1,0,0,0,0,0,0,0,0,0,0,0,0,0,0,0,1,0,1,0,1
4255-DDUOU,0,-1.2816237461508113,-1.4743429943470319,-1.001410240740742,0,1,1,1,0,0,0,1,1,0,1,0,1,0,1,0,1,0,1,0,0,0,1,0,0,1,1
0463-ZSDNT,0,-0.9152721326034655,-0.2714399892424126,-0.7894553298407502,1,0,0,1,0,0,0,0,0,0,0,0,0,0,0,0,0,0,0,1,0,0,1,0,0,0,0
6048-NJXHX,0,0.346605647392948,-1.4992306427285067,-0.6155008281347393,1,1,0,1,0,0,0,1,1,0,1,0,1,0,1,0,1,0,1,0,0,1,1,0,1,0,0
2661-GKBTK,0,1.1200146093262338,0.39886734049864436,0.984643496619316,1,1,1,1,0,0,0,0,0,0,0,1,0,0,0,1,0,1,0,1,0,1,0,0,0,0,0
9992-RRAMN,0,-0.4268033145403377,0.6693131195773377,-0.1877492549719903,1,1,0,1,0,1,1,0,0,0,0,0,0,0,0,0,0,0,0,1,0,0,1,0,1,0,1
4480-QQRHC,1,-0.9966836022806536,0.3026351000902746,-0.7469106776062412,0,0,0,1,0,0,1,0,0,0,0,0,0,1,0,0,0,0,0,0,0,0,1,0,0,0,0
4547-KQRTM,0,-0.9152721326034655,0.5017362871420736,-0.6456860174136091,0,0,0,1,0,1,1,0,0,0,0,1,0,0,0,0,0,0,0,0,0,0,1,0,0,0,1
4654-DLAMQ,1,1.2828375486806096,1.064197140563406,1.8131226662158766,0,1,0,1,0,0,1,0,0,1,0,1,0,1,0,0,0,0,0,1,1,0,0,0,0,0,0
3902-FOIGH,1,-0.8338606629262776,1.2085455011759603,-0.47539764415092284,1,1,0,1,0,1,1,0,0,0,0,1,0,0,0,0,0,1,0,1,0,0,1,0,1,0,1
0945-TSONX,0,0.590840056424512,0.6759498258123978,0.7929071743199346,0,1,1,1,0,1,0,0,0,1,0,1,0,0,0,1,0,1,0,1,0,1,1,1,0,0,0
6614-VBEGU,0,-0.3453918448631497,0.14999085668389553,-0.3017504825539331,0,1,0,1,0,0,0,0,0,0,0,1,0,0,0,0,0,1,0,1,0,0,1,0,0,0,0
0508-OOLTO,0,-1.2409180113122174,0.2229946252695553,-0.950808887076891,0,1,1,1,0,0,1,0,0,0,0,0,0,0,0,0,0,0,0,0,0,0,1,0,1,0,0
3597-MVHJT,0,-0.22327464034736777,1.0177401969179862,0.12905253883409795,0,0,0,1,0,1,1,0,0,0,0,0,0,0,0,0,0,1,0,1,0,0,1,0,0,0,0
8205-OTCHB,0,-0.4268033145403377,-0.7028258945213105,-0.613678740345542,1,0,0,0,1,0,0,0,0,0,0,1,0,1,0,0,0,0,0,1,1,0,1,0,0,0,1
8823-RLPWL,0,1.6084834273893616,1.517152341106249,2.530871585105077,0,1,0,1,0,1,1,0,0,1,0,1,0,1,0,0,0,1,0,1,0,1,1,1,0,0,0
5173-WXOQV,0,-1.2409180113122174,-0.024222681986428636,-0.9473403344179372,1,1,0,1,0,0,0,0,0,0,0,1,0,0,0,1,0,0,0,1,0,0,1,0,0,1,0
3223-WZWJM,0,-0.2639803751859618,0.6311520587257433,-0.020687952854026866,1,0,0,1,0,1,1,0,0,0,0,0,0,0,0,0,0,0,0,1,0,0,1,0,1,0,1
4137-BTIKL,0,-1.2409180113122174,0.8568000707177821,-0.933685652431423,1,0,0,1,0,1,1,0,0,1,0,0,0,0,0,0,0,0,0,1,0,0,0,0,0,1,0
9174-FKWZE,1,-1.2816237461508113,-1.5091857020810966,-1.001871250904274,0,0,0,1,0,0,0,1,1,0,1,0,1,0,1,0,1,0,1,0,0,0,1,0,1,0,1
4939-KYYPY,0,-0.22327464034736777,-0.18184445506910288,-0.3028042200705772,1,0,0,1,0,1,0,0,0,0,0,0,0,1,0,1,0,0,0,0,0,0,0,0,1,0,0
9300-AGZNL,1,-1.2816237461508113,0.9646465470375066,-0.9691395292935139,1,0,0,1,0,1,1,0,0,0,0,0,0,0,0,0,0,1,0,1,0,0,1,0,1,0,1
3212-KXOCR,0,0.7943687306174818,-1.457751228759382,-0.5242866743502269,1,0,0,1,0,0,0,1,1,0,1,0,1,0,1,0,1,0,1,0,0,1,0,0,0,0,0
0848-ZGQIJ,0,-0.6710377235719016,0.9862158423014517,-0.3688823435101397,0,1,0,1,0,0,1,0,0,0,0,1,0,0,0,0,0,1,0,1,0,0,1,0,0,0,0
9150-KPBJQ,0,-1.0780950719578415,-1.5025489958460367,-0.959107070020464,0,0,0,1,0,0,0,1,1,0,1,0,1,0,1,0,1,0,1,0,0,1,0,1,0,0,0
0818-OCPZO,1,-0.22327464034736777,0.5481932307874936,-0.07870937486424716,1,0,0,1,0,1,1,0,0,0,0,1,0,0,0,0,0,0,0,0,0,0,1,0,1,0,1
5876-QMYLD,0,-0.38609757970174374,-1.4892755833759168,-0.828158230712494,0,1,1,1,0,0,0,1,1,0,1,0,1,0,1,0,1,0,1,0,1,0,0,0,0,1,0
0927-CNGRH,0,-1.2816237461508113,-1.5058673489635668,-1.0018273451744135,1,0,1,1,0,0,0,1,1,0,1,0,1,0,1,0,1,0,1,0,0,0,0,0,0,1,0
7321-KKSDU,0,-0.019745966154397852,-1.4743429943470319,-0.7044757896963827,1,0,1,1,0,0,0,1,1,0,1,0,1,0,1,0,1,0,1,0,0,1,0,0,0,1,0
2961-VNFKL,0,1.5677776925507676,-1.2934927494416477,-0.21927356901159548,0,1,0,1,0,1,0,1,1,0,1,0,1,0,1,0,1,0,1,0,0,1,1,1,0,0,0
3525-DVKFN,0,-0.6303319887333076,-1.5108448786398618,-0.8532064495977234,0,0,0,1,0,0,0,1,1,0,1,0,1,0,1,0,1,0,1,0,0,1,0,0,0,1,0
7248-VZQLC,1,0.590840056424512,0.6726314726948681,0.7323611728427541,0,0,0,1,0,1,1,0,0,0,0,1,0,1,0,0,0,0,0,0,0,0,1,0,0,0,1
8496-DMZUK,0,-0.10115743583158582,0.8451858348064274,0.22801605393893107,1,0,0,1,0,1,1,0,0,1,0,1,0,1,0,0,0,0,0,0,1,0,0,0,0,0,0
7993-PYKOF,0,-0.9966836022806536,0.3341594547068096,-0.7325095982121039,1,1,0,1,0,0,1,0,0,1,0,0,0,0,0,0,0,0,0,0,0,0,0,0,1,0,1
2729-VNVAP,0,0.020959768684196134,-1.497571466169742,-0.7288215169038493,0,1,1,1,0,0,0,1,1,0,1,0,1,0,1,0,1,0,1,0,0,1,0,1,0,0,0
3143-JQEGI,0,-0.7931549280876836,0.7771595958970623,-0.4735316506318654,0,1,1,1,0,0,1,0,0,0,0,0,0,0,0,0,0,1,0,1,0,0,0,0,1,0,1
5399-ZIMKF,0,-1.1188008067964355,0.32254521879545484,-0.8419665827535187,1,0,0,1,0,0,1,0,0,0,0,1,0,0,0,0,0,0,0,0,0,0,1,0,1,0,0
7698-YFGEZ,0,-1.2816237461508113,-1.4909347599346818,-1.001629769390043,1,0,0,1,0,0,0,1,1,0,1,0,1,0,1,0,1,0,1,0,0,0,0,0,0,1,0
7781-HVGMK,0,1.6084834273893616,0.008960849188871207,1.0902367769330354,0,1,1,0,1,0,0,0,0,1,0,1,0,1,0,1,0,1,0,1,0,1,1,1,0,0,0
1324-NLTJE,1,-0.7117434584104956,-0.3295111687991873,-0.6780006345906975,0,0,0,1,0,1,0,0,0,0,0,0,0,0,0,1,0,0,0,0,0,0,0,1,0,0,1
6457-GIRWB,0,-1.2816237461508113,0.14667250356636527,-0.9799622917040468,1,0,0,1,0,0,1,0,0,0,0,0,0,0,0,0,0,0,0,0,0,0,1,0,1,0,1
7025-IWFHT,0,0.346605647392948,0.8169798333074222,0.6271630440977763,1,0,0,1,0,0,1,0,0,0,0,1,0,0,0,1,0,1,0,0,1,0,1,0,1,0,0
8065-QBYTO,1,1.5677776925507676,1.152133498177951,2.1425693102216954,0,0,0,1,0,1,1,0,0,1,0,1,0,0,0,1,0,1,0,0,1,0,1,1,0,0,0
3278-FSIXX,0,-1.2409180113122174,-0.6530505977583607,-0.9778328638058285,0,0,0,1,0,0,0,0,0,0,0,0,0,0,0,0,0,0,0,0,0,0,1,0,0,1,0
0621-TWIEM,0,-0.9152721326034655,-0.6430955384057709,-0.8336464469450158,1,0,0,1,0,0,0,0,0,0,0,0,0,0,0,0,0,0,0,0,0,0,1,0,1,0,1
8268-YDIXR,0,0.9571916699718578,0.9364405455385019,1.2963741786265541,1,1,0,1,0,1,1,0,0,1,0,1,0,1,0,0,0,0,0,0,1,0,1,0,1,0,0
8000-REIQB,1,-1.2816237461508113,0.16658262227154547,-0.9796988573248858,0,0,0,1,0,0,1,0,0,0,0,0,0,0,0,0,0,0,0,0,0,0,1,0,1,0,1
1897-OKVMW,0,1.2828375486806096,0.8518225410414869,1.5437829663886369,0,1,1,1,0,1,0,0,0,1,0,1,0,1,0,1,0,1,0,1,0,1,1,0,0,1,0
8041-TMEID,1,1.2421318138420157,1.4458077490793544,2.0594338107314547,1,1,0,1,0,1,1,0,0,1,0,1,0,1,0,0,0,1,0,1,0,1,0,1,0,0,0
7926-IJOOU,0,-1.2816237461508113,-1.5141632317573919,-1.0019371094990641,1,0,0,1,0,0,0,1,1,0,1,0,1,0,1,0,1,0,1,0,0,0,0,1,0,0,0
3351-NGXYI,1,-0.6710377235719016,-0.3593763468569571,-0.6200889769051274,0,0,0,1,0,1,0,0,0,1,0,0,0,0,0,0,0,0,0,0,0,0,1,0,1,0,0
2208-NQBCT,0,-0.2639803751859618,0.5647849963751436,-0.10154035439153783,0,1,1,1,0,0,1,0,0,1,0,1,0,0,0,0,0,0,0,0,0,0,0,0,1,0,0
2176-OSJUV,0,1.5677776925507676,0.007301672630106309,1.0451455923666364,1,1,0,1,0,1,0,0,0,1,0,1,0,0,0,1,0,0,0,0,0,1,0,0,0,0,0
8100-PNJMH,0,1.4456604880349857,0.7937513614847123,1.6821957797728366,1,1,1,1,0,1,0,0,0,1,0,1,0,1,0,1,0,1,0,1,0,1,1,1,0,0,0
0228-MAUWC,0,-0.5489205190561197,-0.1785261019515731,-0.5078659313825218,1,0,0,1,0,1,0,0,0,0,0,0,0,1,0,1,0,0,0,0,0,0,0,0,1,0,0
2324-AALNO,0,0.631545791263106,-1.3399496930870676,-0.48180788071050823,0,0,0,1,0,1,0,1,1,0,1,0,1,0,1,0,1,0,1,0,1,0,0,0,0,0,0
7398-HPYZQ,0,1.5677776925507676,0.850163364482722,1.8013120248834897,1,1,0,1,0,1,0,0,0,1,0,1,0,1,0,1,0,1,0,1,0,1,0,0,0,0,0
8606-CIQUL,1,1.6084834273893616,1.686388350100278,2.6772971941887587,1,1,1,1,0,1,1,0,0,1,0,1,0,1,0,1,0,1,0,1,0,1,1,1,0,0,0
6591-QGOYB,0,-0.6303319887333076,1.3844182164050498,-0.27626320637010193,1,0,0,1,0,1,1,0,0,1,0,1,0,1,0,1,0,1,0,0,0,0,1,0,0,0,0
8874-EJNSR,0,0.26519417771576004,-1.3183803978231226,-0.5766442572084849,1,1,1,1,0,1,0,1,1,0,1,0,1,0,1,0,1,0,1,0,0,1,0,0,0,1,0
5039-LZRQT,0,-0.7931549280876836,-1.4842980536996218,-0.8904385085191513,0,0,0,1,0,0,0,1,1,0,1,0,1,0,1,0,1,0,1,0,1,0,0,0,0,1,0
7975-TZMLR,0,0.590840056424512,1.266616680732735,1.1362719346914285,1,0,0,1,0,1,1,0,0,0,0,1,0,1,0,0,0,1,0,1,1,0,1,0,1,0,0
7945-PRBVF,0,0.1023712383613841,-1.442818639730497,-0.7006779440634775,1,0,0,1,0,0,0,1,1,0,1,0,1,0,1,0,1,0,1,0,0,1,0,0,0,0,0
8087-LGYHQ,0,-0.9559778674420595,0.9663057235962715,-0.6540500589519723,1,0,0,1,0,0,1,0,0,0,0,0,0,1,0,0,0,1,0,1,0,0,1,0,1,0,0
2651-ZCBXV,0,0.8757802002946699,1.4292159834917044,1.5188445118280578,1,0,0,1,0,1,1,0,0,1,0,1,0,0,0,1,0,1,0,1,0,1,1,1,0,0,0
9489-JMTTN,0,1.6084834273893616,0.8236165395424823,1.8855671204851643,0,1,1,1,0,1,0,0,0,1,0,1,0,1,0,1,0,1,0,1,0,1,0,1,0,0,0
2790-XUYMV,0,1.5677776925507676,0.680927355488693,1.6366435850429057,1,0,1,1,0,1,1,0,0,1,0,1,0,0,0,0,0,0,0,0,1,0,1,1,0,0,0
0487-CRLZF,0,0.6722515261016999,0.31590851256039476,0.6237164443037527,0,0,0,1,0,0,0,0,0,0,0,0,0,1,0,1,0,1,0,1,0,1,1,0,0,0,0
3719-TDVQB,1,0.8757802002946699,-1.5257774676687466,-0.5576989347738197,0,1,0,1,0,0,0,1,1,0,1,0,1,0,1,0,1,0,1,0,0,1,1,0,0,1,0
1580-BMCMR,1,-0.5489205190561197,0.7423168881629976,-0.2915424003614426,1,0,0,1,0,0,1,0,0,1,0,0,0,0,0,0,0,0,0,1,0,0,1,0,1,0,0
2167-FQSTQ,0,1.6084834273893616,0.911552897157027,1.9690758186792163,0,1,0,1,0,1,0,0,0,1,0,1,0,1,0,1,0,1,0,1,0,1,1,0,1,0,0
8565-CLBZW,0,-0.3453918448631497,0.8269348926600121,-0.05982991102437217,1,0,0,1,0,1,1,0,0,0,0,0,0,1,0,0,0,1,0,0,0,0,1,0,0,1,1
6351-SCJKT,0,-1.2002122764736234,-0.7824663693420301,-0.9633220200870407,1,0,0,0,1,0,0,0,0,1,0,0,0,1,0,1,0,0,0,0,0,0,0,0,0,1,0
7814-LEEVE,0,-1.2816237461508113,-1.480979700582092,-1.0014980522004622,0,1,0,1,0,0,0,1,1,0,1,0,1,0,1,0,1,0,1,0,0,0,1,0,0,0,0
1685-VAYJF,0,-0.8745663977648716,-0.6547097743171256,-0.7943947244500198,1,0,0,1,0,0,0,0,0,0,0,0,0,0,0,0,0,0,0,0,0,0,0,1,0,0,0
9661-JALZV,0,1.0386031396490458,-1.3349721634107725,-0.34348287878602884,0,0,0,1,0,1,0,1,1,0,1,0,1,0,1,0,1,0,1,0,0,1,1,1,0,0,0
9700-ZCLOT,0,-1.2409180113122174,-1.4909347599346818,-0.9960537416978008,1,0,0,1,0,0,0,1,1,0,1,0,1,0,1,0,1,0,1,0,0,0,0,0,0,1,0
4079-WWQQQ,0,1.6084834273893616,0.020575085100225963,1.1003350948008757,1,0,0,0,1,0,0,0,0,1,0,1,0,1,0,1,0,1,0,1,0,1,1,0,0,0,0
0407-BDJKB,0,1.1200146093262338,1.0227177265942813,1.5110512447778768,1,1,0,1,0,1,1,0,0,0,0,1,0,1,0,0,0,1,0,0,0,0,1,0,1,0,1
7173-TETGO,1,1.6084834273893616,0.450301813820359,1.4492978357295416,0,1,0,1,0,1,1,0,0,1,0,0,0,0,0,0,0,0,0,0,0,1,0,0,0,0,0
4749-OJKQU,0,-1.1595065416350294,0.35572874997075465,-0.8776619411298405,0,0,0,1,0,1,1,0,0,0,0,0,0,0,0,0,0,0,0,0,0,0,1,0,1,0,0
2982-IHMFT,1,-1.2816237461508113,0.31590851256039476,-0.977723099481178,0,0,0,1,0,1,1,0,0,0,0,0,0,0,0,0,0,0,0,0,0,0,1,0,0,1,1
4112-LUEIZ,0,-0.9152721326034655,0.8153206567486573,-0.6314605609389127,1,0,0,1,0,0,1,0,0,0,0,0,0,0,0,0,0,1,0,1,0,0,1,0,1,0,1
6029-WTIPC,1,0.18378270803857208,1.2002496183821352,0.6334415634677814,1,0,0,1,0,1,1,0,0,0,0,0,0,1,0,0,0,1,0,1,0,0,1,0,1,0,1
2636-OHFMN,0,-1.1595065416350294,-0.5435449448798714,-0.9221603983431272,1,1,0,0,1,0,0,0,0,0,0,1,0,0,0,0,0,1,0,1,0,0,1,0,1,0,1
6221-AVQYL,0,-1.2409180113122174,0.27608827515003487,-0.9528724563803191,1,0,0,1,0,1,1,0,0,0,0,0,0,0,0,0,0,0,0,0,0,0,1,1,0,0,1
6982-UQZLY,1,-1.2816237461508113,-1.462728758435677,-1.0012565706862315,0,1,0,1,0,0,0,1,1,0,1,0,1,0,1,0,1,0,1,0,0,0,1,0,0,1,1
5233-AOZUF,0,-0.1418631706701798,0.33250027814804467,-0.06685482780200007,0,1,0,1,0,1,1,0,0,0,0,0,0,0,0,0,0,0,0,0,0,0,1,0,1,0,0
4622-YNKIJ,0,0.020959768684196134,0.7970697146022425,0.318900914749492,1,0,0,1,0,0,1,0,0,1,0,0,0,0,0,1,0,1,0,0,0,1,1,0,1,0,0
3349-ANQNH,1,1.0793088744876398,1.1471559685016557,1.5756365734021935,0,0,0,1,0,1,1,0,0,0,0,0,0,1,0,0,0,1,0,1,1,0,1,0,1,0,0
4853-OITSN,0,-1.1188008067964355,0.8037064208373025,-0.8289704867149071,1,1,0,1,0,1,1,0,0,1,0,0,0,0,0,0,0,0,0,1,0,0,1,0,1,0,0
1965-AKTSX,1,-0.7524491932490895,0.46523440284924406,-0.5266356308977463,0,0,0,1,0,1,1,0,0,0,0,1,0,0,0,0,0,0,0,0,0,0,1,0,1,0,1
2397-BRLOM,1,-0.9966836022806536,0.5150096996121938,-0.7542429344928903,1,1,1,1,0,0,1,0,0,0,0,0,0,0,0,0,0,1,0,0,0,0,1,1,0,0,1
9620-QJREV,0,0.590840056424512,-1.472683817788267,-0.5656239190135812,1,0,1,1,0,0,0,1,1,0,1,0,1,0,1,0,1,0,1,0,1,0,0,1,0,0,0
0378-NHQXU,0,-0.6303319887333076,0.7738412427795325,-0.36910187215944057,0,1,1,1,0,1,1,0,0,0,0,0,0,1,0,0,0,1,0,0,0,0,0,0,1,0,1
8809-RIHDD,0,1.6084834273893616,1.2765717400853254,2.226604877174069,1,1,1,1,0,1,1,0,0,0,0,1,0,1,0,0,0,1,0,1,0,1,1,0,1,0,1
0746-JTRFU,0,-1.2409180113122174,-1.3233579274994176,-0.9856700365858695,1,0,0,0,1,0,0,0,0,0,0,0,0,0,0,0,0,0,0,0,0,0,1,0,1,0,1
0330-BGYZE,0,1.1200146093262338,1.2467065620275553,1.6931283065080203,1,1,0,1,0,1,1,0,0,0,0,1,0,1,0,0,0,1,0,1,1,0,0,0,0,0,0
8490-BXHEO,1,-0.5896262538947137,0.5183280527297236,-0.39061567979092604,1,0,0,1,0,1,1,0,0,0,0,1,0,0,0,0,0,0,0,0,0,0,1,1,0,0,0
5201-FRKKS,0,-0.30468611002455576,0.3109309828840996,-0.15326130416682335,1,0,0,1,0,0,1,0,0,1,0,0,0,0,0,0,0,0,0,0,0,0,0,0,0,0,0
6461-SZMCV,0,1.5677776925507676,0.7638861834269426,1.7843424602925326,0,1,0,1,0,1,0,0,0,1,0,1,0,1,0,1,0,1,0,1,0,1,0,0,0,0,0
2111-DWYHN,0,-1.2816237461508113,-1.4544328756418519,-1.001146806361581,1,0,0,1,0,0,0,1,1,0,1,0,1,0,1,0,1,0,1,0,0,0,0,0,0,1,0
3173-WSSUE,0,1.5677776925507676,-1.5008898192872717,-0.3887716391367988,0,1,1,1,0,0,0,1,1,0,1,0,1,0,1,0,1,0,1,0,0,1,0,1,0,0,0
9943-VSZUV,1,1.4049547531963917,0.35738792652951956,1.2115922142665578,1,0,0,1,0,1,1,0,0,0,0,0,0,0,0,0,0,0,0,0,0,0,1,0,0,1,0
5451-YHYPW,1,1.6084834273893616,1.686388350100278,2.696857196841467,0,1,0,1,0,1,1,0,0,1,0,1,0,1,0,1,0,1,0,1,0,1,1,1,0,0,0
8807-ARQET,0,0.346605647392948,-0.8156499005173299,-0.2737386269031419,0,0,0,0,1,0,0,0,0,0,0,1,0,0,0,0,0,0,0,1,0,0,1,0,1,0,0
7979-CORPM,0,-0.3453918448631497,0.850163364482722,-0.008240678438667267,1,0,0,1,0,1,1,0,0,0,0,1,0,0,0,0,0,1,0,0,0,0,1,1,0,0,1
1114-CENIM,0,0.8757802002946699,-0.3295111687991873,0.3474396391586054,1,0,1,1,0,1,0,0,0,0,0,1,0,0,0,0,0,0,0,0,0,0,1,1,0,0,1
3298-QEICA,0,-0.38609757970174374,-1.006455204775304,-0.6532597558144893,0,1,1,0,1,0,0,0,0,1,0,0,0,0,0,1,0,0,0,0,0,1,0,0,0,1,0
6253-WRFHY,0,-0.7931549280876836,-0.005971739840013817,-0.6252039944338378,1,1,1,1,0,0,0,0,0,0,0,0,0,0,0,0,0,1,0,1,1,0,1,0,1,0,0
7188-CBBBA,0,1.3235432835192036,1.0144218438004564,1.6914818416382638,0,0,0,1,0,1,1,0,0,0,0,1,0,1,0,0,0,1,0,0,1,0,1,0,1,0,0
2400-FEQME,0,0.9164859351332638,-1.4743429943470319,-0.4932233704741536,1,1,1,1,0,0,0,1,1,0,1,0,1,0,1,0,1,0,1,0,0,1,0,0,0,1,0
2122-SZZZD,0,0.46872285190873,-1.5075265255223318,-0.6435785423803208,1,0,0,1,0,0,0,1,1,0,1,0,1,0,1,0,1,0,1,0,1,0,0,1,0,0,0
1099-BTKWT,0,1.4456604880349857,-0.34942128750436724,0.6244847945763058,0,1,0,0,1,0,0,0,0,1,0,0,0,1,0,0,0,1,0,1,1,0,1,0,1,0,0
9396-ZSFLL,0,-0.7117434584104956,-0.5335898855272813,-0.7331901370249366,0,0,0,1,0,1,0,0,0,0,0,0,0,0,0,0,0,0,0,0,0,0,0,0,0,1,0
0637-UBJRP,0,-0.7931549280876836,0.634470411843273,-0.5295114562035877,1,1,1,1,0,0,1,0,0,1,0,0,0,0,0,0,0,0,0,1,0,0,0,0,1,0,1
2650-GYRYL,0,0.020959768684196134,-1.5091857020810966,-0.7468667718763811,1,1,1,1,0,0,0,1,1,0,1,0,1,0,1,0,1,0,1,0,1,0,1,0,0,0,0
1845-ZLLIG,0,-1.2816237461508113,-0.49045129499939155,-0.9883921918372003,1,0,0,1,0,0,0,0,0,0,0,1,0,0,0,0,0,0,0,0,0,0,1,0,0,1,0
2108-GLPQB,0,-0.30468611002455576,-0.3112602266527725,-0.39340369363704714,1,1,0,1,0,1,0,0,0,0,0,0,0,1,0,0,0,0,0,0,0,0,0,1,0,0,0
9093-FPDLG,0,-0.8745663977648716,0.9712832532725666,-0.571397522490194,0,0,0,1,0,0,1,0,0,0,0,1,0,1,0,1,0,0,0,1,0,0,1,0,1,0,0
1569-TTNYJ,0,-1.1188008067964355,0.458597696614184,-0.8294754026082991,1,1,0,1,0,1,1,0,0,0,0,1,0,0,0,0,0,0,0,0,0,0,1,0,1,0,1
9257-AZMTZ,0,0.7943687306174818,-1.4876164068171518,-0.5367778544954466,0,1,1,1,0,0,0,1,1,0,1,0,1,0,1,0,1,0,1,0,0,1,0,0,0,0,0
7108-DGVUU,1,-0.4675090493789317,0.22465380182832018,-0.35312018649033716,0,1,0,1,0,1,0,0,0,0,0,1,0,1,0,0,0,0,0,1,1,0,0,0,0,0,0
7048-GXDAY,0,0.26519417771576004,1.376122333611225,0.7636659582330585,1,0,0,1,0,1,1,0,0,1,0,1,0,0,0,0,0,1,0,1,0,0,1,0,1,0,0
7636-XUHWW,0,-1.2409180113122174,-1.4942531130522119,-0.9956146843991991,1,0,0,1,0,0,0,1,1,0,1,0,1,0,1,0,1,0,1,0,0,0,1,1,0,0,0
1041-RXHRA,0,0.346605647392948,0.17653768162413533,0.24882736989265375,0,0,0,1,0,0,1,0,0,0,0,0,0,0,0,0,0,0,0,0,0,0,0,0,0,0,1
2233-FAGXV,0,-1.1188008067964355,-1.3482455758808924,-0.9523455876219972,0,1,1,1,0,1,0,1,1,0,1,0,1,0,1,0,1,0,1,0,0,0,1,0,0,1,0
2359-KMGLI,0,-0.3453918448631497,0.5083729933771337,-0.1931057540149316,1,0,0,1,0,1,1,0,0,0,0,1,0,0,0,0,0,0,0,0,0,0,1,0,1,0,1
4786-UKSNZ,0,-1.2816237461508113,-1.4842980536996218,-1.0015419579303226,1,0,0,1,0,0,0,1,1,0,1,0,1,0,1,0,1,0,1,0,0,0,0,0,0,1,1
7638-QVMVY,0,-1.0373893371192475,0.46689357940800896,-0.7808059010582958,0,0,0,1,0,0,1,0,0,0,0,0,0,0,0,0,0,1,0,0,0,0,1,0,1,0,1
1685-BQULA,0,0.30589991255435406,0.9447364283323268,0.6388639211055128,0,0,0,1,0,1,1,0,0,0,0,1,0,1,0,0,0,1,0,0,0,0,1,0,0,0,0
6849-OYAMU,0,-0.5489205190561197,1.1637477340893057,-0.1811853483578942,1,1,1,1,0,0,1,0,0,0,0,1,0,0,0,1,0,1,0,1,1,0,0,0,0,0,1
1682-VCOIO,0,-0.38609757970174374,-1.4760021709057967,-0.7991804490047788,1,0,0,1,0,0,0,1,1,0,1,0,1,0,1,0,1,0,1,0,1,0,0,0,0,1,0
7065-YUNRY,0,-1.2816237461508113,-0.6513914211995958,-0.9905216197354186,0,0,0,1,0,0,0,0,0,0,0,0,0,0,0,0,0,0,0,0,0,0,1,0,0,1,1
3635-JBPSG,0,-0.7117434584104956,-0.8670843738390448,-0.7456593643052262,0,0,0,0,1,0,0,0,0,0,0,1,0,0,0,0,0,0,0,1,0,1,1,0,0,1,0
3068-OMWZA,1,-1.2816237461508113,0.7920921849259474,-0.9714226272462428,1,0,0,1,0,1,1,0,0,0,0,0,0,1,0,0,0,1,0,0,0,0,1,0,1,0,1
7537-CBQUZ,1,1.2421318138420157,1.4756729271371243,2.076798526891154,1,0,0,1,0,1,1,0,0,1,0,1,0,1,0,0,0,1,0,1,0,0,1,0,0,0,0
4274-OWWYO,0,-1.2816237461508113,0.3125901594428645,-0.9777670052110381,1,0,0,1,0,0,1,0,0,0,0,1,0,0,0,0,0,0,0,0,0,0,1,0,1,0,1
7878-JGDKK,0,-1.1595065416350294,-0.6762790695810708,-0.9134890166957428,1,0,0,1,0,0,0,0,0,0,0,0,0,0,0,0,0,0,0,0,0,0,0,0,0,1,0
8387-MOJJT,0,0.387311382231542,0.4320508716739442,0.47535898310622343,0,1,1,1,0,0,1,0,0,0,0,0,0,0,0,0,0,1,0,0,0,0,1,1,0,0,1
6827-IEAUQ,0,-0.22327464034736777,0.04048520380540615,-0.18741996199803898,0,1,1,1,0,0,0,0,0,1,0,1,0,1,0,1,0,0,0,0,1,0,0,0,0,1,0
2223-GDSHL,0,1.5677776925507676,1.696343409452868,2.6326670197858917,1,1,1,1,0,1,1,0,0,1,0,1,0,1,0,1,0,1,0,1,0,1,1,0,0,0,0
6502-HCJTI,1,-1.0373893371192475,0.9878750188602166,-0.714881447673244,1,1,0,1,0,1,1,0,0,1,0,1,0,0,0,0,0,0,0,1,0,0,1,1,0,0,1
3318-ISQFQ,0,-0.5082147842175256,-1.5075265255223318,-0.8290802510395575,0,0,0,1,0,0,0,1,1,0,1,0,1,0,1,0,1,0,1,0,0,0,1,0,0,0,0
8761-NSOBC,0,0.46872285190873,1.1819986762357204,0.9206289424831817,1,0,0,1,0,0,1,0,0,0,0,1,0,0,0,1,0,1,0,1,0,0,0,0,1,0,1
9170-ARBTB,0,0.7943687306174818,-1.5042081724048018,-0.5659093062576722,0,1,1,1,0,0,0,1,1,0,1,0,1,0,1,0,1,0,1,0,1,0,0,1,0,0,0
4285-GYRQC,0,-1.0373893371192475,0.7074741804289328,-0.752640375352994,0,1,0,1,0,0,1,0,0,0,0,0,0,1,0,0,0,1,0,0,0,0,1,0,1,0,1
5827-MWCZK,0,0.9571916699718578,1.0625379640046413,1.374636142102315,1,1,1,1,0,1,1,0,0,0,0,1,0,0,0,1,0,1,0,0,0,0,1,1,0,0,0
1104-TNLZA,1,-0.1825689055087738,1.3562122149060447,0.30588286584595026,1,1,0,1,0,1,1,0,0,0,0,1,0,0,0,1,0,1,0,1,0,0,1,0,1,0,0
7647-GYYKX,0,0.8757802002946699,-1.4793205240233267,-0.5308066752344629,0,1,1,1,0,0,0,1,1,0,1,0,1,0,1,0,1,0,1,0,0,1,1,0,0,0,0
9242-TKFSV,0,1.6084834273893616,0.0056424960713409395,1.076999199380193,1,1,1,0,1,0,0,0,0,1,0,1,0,1,0,1,0,1,0,1,0,1,1,1,0,0,0
5006-MXVRN,0,0.26519417771576004,-1.4677062881119718,-0.6756516780431782,0,0,0,1,0,0,0,1,1,0,1,0,1,0,1,0,1,0,1,0,0,1,0,1,0,0,0
5777-ZPQNC,0,-0.8338606629262776,-1.4859572302583868,-0.8959486776166031,0,0,0,1,0,0,0,1,1,0,1,0,1,0,1,0,1,0,1,0,1,0,0,0,1,0,0
0810-DHDBD,0,0.7943687306174818,0.3009759235315097,0.6920996185609744,0,0,0,1,0,1,0,0,0,1,0,0,0,1,0,1,0,1,0,0,1,0,0,1,0,0,0
1355-KUSBG,0,-1.0373893371192475,-0.5352490620860464,-0.8568286723111878,0,1,1,1,0,1,0,0,0,0,0,0,0,0,0,0,0,0,0,0,0,0,0,0,1,0,0
5322-ZSMZY,0,-0.06045170099299184,-1.3001294556767078,-0.6786592205386002,1,1,1,1,0,1,0,1,1,0,1,0,1,0,1,0,1,0,1,0,0,1,0,0,0,1,0
7508-KBIMB,0,-0.3453918448631497,-0.2880317548300625,-0.3719118388704918,1,1,1,1,0,0,0,0,0,1,0,0,0,1,0,0,0,0,0,0,1,0,1,1,0,0,0
9850-OWRHQ,0,-1.2002122764736234,0.3042942766490395,-0.9103058512808802,0,1,0,1,0,1,1,0,0,0,0,0,0,0,0,0,0,0,0,0,0,0,1,1,0,0,1
5176-LMJXE,0,0.590840056424512,-1.472683817788267,-0.5951944280744086,0,0,0,1,0,0,0,1,1,0,1,0,1,0,1,0,1,0,1,0,0,1,1,0,0,1,0
5315-CKEQK,1,-0.1825689055087738,-0.4622452935003867,-0.40372154015418815,1,1,1,1,0,1,0,0,0,0,0,0,0,0,0,0,0,0,0,0,1,0,1,0,1,0,0
9029-FEGVJ,1,-0.019745966154397852,0.4768486387605988,0.11796634204440393,0,1,0,1,0,1,1,0,0,0,0,0,0,1,0,0,0,0,0,0,0,0,0,0,0,1,0
2697-NQBPF,0,0.06166550352279012,1.3412796258771595,0.5441373089321866,1,0,0,1,0,1,1,0,0,0,0,1,0,0,0,1,0,1,0,1,0,0,1,0,1,0,0
5896-NPFWW,0,-1.2002122764736234,-0.49045129499939155,-0.9365834306021945,1,1,1,1,0,0,0,0,0,0,0,0,0,1,0,0,0,0,0,0,0,0,1,0,1,0,1
9773-PEQBZ,0,-0.9152721326034655,0.4950995809070136,-0.6603724840518375,1,0,0,1,0,1,1,0,0,0,0,1,0,0,0,0,0,0,0,0,0,0,0,0,1,0,0
0531-XBKMM,0,1.3642490183577978,0.025552614776521126,0.9121770894850982,1,0,1,1,0,1,0,0,0,1,0,1,0,0,0,1,0,0,0,0,0,1,0,0,0,0,0
3413-BMNZE,1,-1.2816237461508113,-0.6530505977583607,-0.9905435726003489,1,0,0,1,0,0,0,0,0,0,0,0,0,0,0,0,0,0,0,0,0,0,0,0,0,0,0
6898-RBTLU,0,0.6722515261016999,0.4768486387605988,0.7029882395662974,0,1,1,1,0,1,0,0,0,0,0,1,0,0,0,1,0,1,0,1,0,1,0,0,0,0,0
4781-ZXYGU,0,-1.2816237461508113,-1.4859572302583868,-1.0015639107952525,1,1,1,1,0,0,0,1,1,0,1,0,1,0,1,0,1,0,1,0,0,0,1,0,0,0,0
9134-CEQMF,1,-1.0373893371192475,0.8153206567486573,-0.7133008413982777,1,1,0,1,0,0,1,0,0,0,0,0,0,0,0,0,0,1,0,1,0,0,1,0,1,0,1
7808-DVWEP,0,-1.2002122764736234,-1.4909347599346818,-0.9886117204865011,1,1,0,1,0,0,0,1,1,0,1,0,1,0,1,0,1,0,1,0,0,0,0,0,0,0,0
5913-INRQV,1,0.06166550352279012,0.8368899520126024,0.36331156050305846,1,1,0,1,0,0,1,0,0,1,0,0,0,0,0,1,0,1,0,0,1,0,0,0,0,1,0
6479-VDGRK,0,1.6084834273893616,0.6759498258123978,1.6806590792277305,0,1,1,1,0,0,0,0,0,1,0,1,0,1,0,1,0,1,0,1,0,1,0,0,0,0,0
8543-MSDMF,0,-1.2002122764736234,0.41379992952752936,-0.9198992532553282,1,0,0,1,0,0,0,0,0,1,0,0,0,1,0,0,0,1,0,1,0,0,1,0,1,0,0
1769-GRUIK,0,-0.5896262538947137,0.20474368312314,-0.4625771710317519,0,0,0,1,0,0,1,0,0,0,0,0,0,0,0,0,0,0,0,0,0,0,1,0,1,0,0
5196-WPYOW,0,1.4049547531963917,-0.16193433636392318,0.7432058881182173,1,1,1,1,0,0,0,0,0,1,0,1,0,0,0,1,0,0,0,0,1,0,0,0,0,1,0
3935-TBRZZ,0,0.46872285190873,-1.3017886322354726,-0.5228377852648413,1,1,1,1,0,1,0,1,1,0,1,0,1,0,1,0,1,0,1,0,1,0,0,0,0,1,0
5044-LRQAQ,0,-1.0373893371192475,0.14169497389007057,-0.800739102414815,0,1,0,1,0,0,1,0,0,0,0,0,0,0,0,0,0,0,0,0,0,0,1,0,0,0,0
5732-IKGQH,1,0.7943687306174818,1.31141444781939,1.3961719025987307,1,1,0,1,0,0,1,0,0,1,0,0,0,1,0,1,0,1,0,1,1,0,1,0,0,0,0
6692-YQHXC,0,-0.6710377235719016,0.16658262227154547,-0.48112734189767553,1,0,0,1,0,0,1,0,0,0,0,0,0,0,0,0,0,0,0,0,0,0,1,1,0,0,0
4280-DLSHD,0,-0.9966836022806536,-0.3378070515930122,-0.8146572187804904,1,1,0,1,0,0,0,0,0,0,0,1,0,1,0,0,0,0,0,0,0,0,1,0,0,1,0
7319-VENRZ,0,-1.0373893371192475,-0.02090432886889884,-0.8146133130506301,1,0,0,1,0,0,0,0,0,0,0,0,0,1,0,1,0,1,0,0,0,0,0,0,0,0,0
2607-DHDAK,0,1.6084834273893616,-1.497571466169742,-0.38929850789512077,1,1,1,1,0,0,0,1,1,0,1,0,1,0,1,0,1,0,1,0,0,1,1,1,0,0,0
2826-DXLQO,1,-1.0373893371192475,-1.1657361544167435,-0.9136207338853234,1,1,0,0,1,0,0,0,0,1,0,0,0,0,0,0,0,0,0,0,0,0,0,0,0,0,0
1930-BZLHI,0,-0.4675090493789317,-1.4793205240233267,-0.8248213952431206,1,0,0,1,0,0,0,1,1,0,1,0,1,0,1,0,1,0,1,0,1,0,1,0,0,1,0
2851-STERV,1,0.1023712383613841,0.2677923923562099,0.07460943380748172,1,0,0,1,0,0,0,0,0,0,0,0,0,1,0,1,0,1,0,1,1,0,1,0,1,0,0
3999-WRNGR,0,1.1200146093262338,-0.5037247074695115,0.3372535098310448,0,1,1,0,1,0,0,0,0,0,0,1,0,0,0,0,0,1,0,1,0,0,1,0,1,0,0
4822-RVYBB,1,-0.9966836022806536,1.1836578527944854,-0.6506473648878088,1,0,0,1,0,1,1,0,0,0,0,0,0,1,0,0,0,1,0,1,0,0,1,0,1,0,1
2897-DOVND,0,-1.2409180113122174,0.1616050925952503,-0.946023162522132,1,0,0,1,0,0,1,0,0,0,0,0,0,0,0,0,0,0,0,0,0,0,1,0,1,0,0
4776-XSKYQ,0,-0.8338606629262776,-1.1508035653878583,-0.8484646307728245,0,1,1,0,1,0,0,0,0,0,0,0,0,0,0,1,0,0,0,0,1,0,0,1,0,0,0
3538-WZPHD,0,-1.2002122764736234,-1.1723728606518034,-0.9755278129881693,1,0,0,0,1,0,0,0,0,0,0,1,0,0,0,0,0,0,0,0,0,0,1,0,1,0,1
0973-KYVNF,0,1.6084834273893616,0.18981109409425545,1.1897710665260508,0,1,1,1,0,0,0,0,0,1,0,1,0,1,0,0,0,1,0,0,0,1,1,1,0,0,0
9249-FXSCK,0,0.7943687306174818,1.5370624598114289,1.5872496389502095,0,0,0,1,0,1,1,0,0,1,0,1,0,0,0,1,0,1,0,1,1,0,1,1,0,0,1
3764-MNMOI,0,0.5501343215859179,-1.5174815848749215,-0.6116810296369041,1,0,0,1,0,0,0,1,1,0,1,0,1,0,1,0,1,0,1,0,0,1,0,1,0,0,0
7285-KLOTR,0,-0.8338606629262776,0.4619160497317138,-0.6254674288129989,0,1,0,1,0,1,0,0,0,1,0,0,0,1,0,0,0,1,0,1,1,0,0,0,1,0,0
5816-QVHRX,0,0.18378270803857208,1.1737027934418955,0.5444666019061379,0,0,0,1,0,1,1,0,0,0,0,0,0,0,0,1,0,1,0,1,0,0,0,1,0,0,0
1686-STUHN,0,0.387311382231542,-1.497571466169742,-0.6372561172804556,1,0,0,1,0,0,0,1,1,0,1,0,1,0,1,0,1,0,1,0,1,0,0,0,0,0,0
7824-PANSQ,0,1.0386031396490458,0.5216464058472539,1.1002911890710156,1,0,0,1,0,1,1,0,0,0,0,0,0,0,0,1,0,0,0,0,0,0,0,0,0,0,0
5993-BQHEA,0,-0.8338606629262776,-1.4892755833759168,-0.8931826166354121,1,0,0,1,0,0,0,1,1,0,1,0,1,0,1,0,1,0,1,0,1,0,0,1,0,0,0
3678-MNGZX,0,1.4456604880349857,-1.4925939364934466,-0.40552167507845527,1,1,1,1,0,0,0,1,1,0,1,0,1,0,1,0,1,0,1,0,0,1,0,0,0,0,0
7593-XFKDI,0,-1.2816237461508113,-0.618207890024296,-0.9900825624368169,1,0,0,1,0,0,0,0,0,0,0,0,0,0,0,0,0,0,0,0,0,0,0,0,0,1,1
6103-QCKFX,0,0.46872285190873,-0.2880317548300625,0.051910171469771636,0,1,1,1,0,0,0,0,0,1,0,0,0,0,0,1,0,0,0,0,0,0,0,0,0,0,0
0013-SMEOE,1,1.5677776925507676,1.4856279864897142,2.460007737110756,0,1,0,1,0,0,1,0,0,1,0,1,0,1,0,1,0,1,0,1,0,1,1,0,0,0,0
6907-CQGPN,0,-0.1418631706701798,-1.016410264127894,-0.5692680945919756,1,0,0,0,1,0,0,0,0,0,0,1,0,0,0,1,0,0,0,0,0,0,0,0,1,0,0
3521-HTQTV,0,0.06166550352279012,-1.2885152197653527,-0.5799810926778582,1,0,0,1,0,1,0,1,1,0,1,0,1,0,1,0,1,0,1,0,0,1,0,0,0,0,0
2472-OVKUP,0,-1.0780950719578415,0.8650959535116071,-0.7772714898045517,1,1,0,1,0,0,1,0,0,0,0,1,0,1,0,0,0,0,0,1,0,0,1,0,1,0,1
5268-DSMNQ,1,1.2014260790034217,1.095721495179941,1.5960746906521048,0,1,0,1,0,1,1,0,0,0,0,1,0,1,0,0,0,1,0,0,1,0,1,1,0,0,0
2682-KEVRP,1,-0.4268033145403377,-1.4892755833759168,-0.8273240218451505,0,0,0,1,0,0,0,1,1,0,1,0,1,0,1,0,1,0,1,0,1,0,1,0,0,1,0
6797-UCJHZ,1,1.3642490183577978,1.3163919774956847,1.9837183795875841,0,1,0,1,0,1,1,0,0,0,0,1,0,1,0,0,0,1,0,1,1,0,0,1,0,0,0
6917-IAYHD,0,-1.2816237461508113,-1.0396387359506039,-0.9956585901290592,1,0,1,0,1,0,0,0,0,0,0,1,0,0,0,1,0,0,0,0,0,0,0,0,0,1,0
1228-FZFRV,0,0.7129572609402939,1.3611897445823398,1.3349453623087175,1,1,1,1,0,1,1,0,0,1,0,0,0,1,0,0,0,1,0,1,0,0,0,1,0,0,1
6242-FEGFD,0,1.3642490183577978,1.050923728093286,1.8102029351801752,1,1,0,1,0,1,1,0,0,1,0,1,0,1,0,1,0,0,0,0,0,1,0,0,0,1,0
0906-QVPMS,0,1.6084834273893616,1.6664782313950985,2.6554760464482525,1,1,0,1,0,1,1,0,0,1,0,1,0,1,0,1,0,1,0,1,0,1,0,0,0,0,0
9046-JBFWA,0,-0.22327464034736777,-1.5191407614336867,-0.7744834759584307,1,0,1,1,0,0,0,1,1,0,1,0,1,0,1,0,1,0,1,0,0,0,0,0,0,1,0
1015-JPFYW,0,-1.0373893371192475,-1.5091857020810966,-0.9503698297782893,1,0,1,1,0,0,0,1,1,0,1,0,1,0,1,0,1,0,1,0,1,0,0,0,0,1,0
3873-NFTGI,0,-0.7524491932490895,-0.3129194032115374,-0.6734124858203093,1,0,0,1,0,1,0,0,0,0,0,1,0,0,0,0,0,0,0,0,0,0,1,1,0,0,0
4501-VCPFK,0,-0.2639803751859618,-0.9682941439237093,-0.5614748275417947,1,0,0,0,1,0,0,0,0,0,0,0,0,1,0,1,0,0,0,0,0,0,0,0,1,0,0
5879-SESNB,0,-0.8745663977648716,0.34245533750063456,-0.620242646959638,0,0,0,1,0,1,1,0,0,0,0,0,0,0,0,0,0,0,0,0,0,0,0,0,1,0,0
4664-NJCMS,0,0.020959768684196134,-0.1785261019515731,-0.12513968419138166,0,1,0,0,1,0,0,0,0,1,0,0,0,1,0,1,0,1,0,1,0,1,0,0,0,0,0
9224-VTYID,0,0.590840056424512,0.8485041879239571,0.885592170054763,1,1,1,1,0,1,0,0,0,1,0,1,0,1,0,1,0,1,0,1,0,1,1,0,0,1,0
6121-VZNQB,0,-1.2816237461508113,-1.5207999379924515,-1.0020249209587846,0,0,0,1,0,0,0,1,1,0,1,0,1,0,1,0,1,0,1,0,0,0,1,0,0,1,1
3426-NIYYL,0,-0.7117434584104956,-0.44399435135397186,-0.6743125532824429,1,0,0,1,0,1,0,0,0,0,0,0,0,0,0,0,0,0,0,0,0,0,0,0,1,0,1
5067-XJQFU,1,1.3642490183577978,1.4441485725205894,2.0965121995983726,1,1,1,1,0,1,1,0,0,0,0,1,0,1,0,1,0,1,0,1,1,0,1,0,1,0,0
8966-KZXXA,0,0.14307697319997809,-1.3216987509406526,-0.6016705232287843,1,1,1,1,0,1,0,1,1,0,1,0,1,0,1,0,1,0,1,0,0,1,0,1,0,0,0
9495-SKLKD,0,0.5094285867473239,1.0293544328293414,0.9463137944513837,1,1,1,1,0,1,1,0,0,0,0,1,0,1,0,0,0,0,0,1,0,0,1,0,0,0,0
8313-NDOIA,0,-0.3453918448631497,1.3014593884668002,0.08488337459476256,0,0,0,1,0,1,1,0,0,0,0,1,0,1,0,0,0,1,0,1,0,0,1,0,1,0,0
4854-CIDCF,1,-1.2002122764736234,0.29599839385521454,-0.9241800619166952,0,0,0,1,0,0,1,0,0,0,0,0,0,1,0,0,0,0,0,0,0,0,0,0,1,0,0
7017-VFHAY,0,1.1607203441648277,1.664819054836333,2.066568491833733,0,1,1,1,0,1,1,0,0,1,0,1,0,1,0,1,0,1,0,1,0,1,0,1,0,0,0
4707-YNOQA,0,0.06166550352279012,-1.3051069853530026,-0.6077295139494884,0,1,1,1,0,1,0,1,1,0,1,0,1,0,1,0,1,0,1,0,1,0,1,1,0,0,0
2077-DDHJK,0,1.4456604880349857,0.1981069768880804,1.1459531481255971,0,1,0,1,0,1,0,0,0,1,0,1,0,1,0,1,0,0,0,0,0,1,0,1,0,0,0
5839-SUYVZ,0,-0.6710377235719016,0.3192268656779245,-0.4964943473487366,1,0,0,1,0,0,1,0,0,0,0,0,0,0,0,1,0,0,0,0,0,0,1,1,0,0,0
5389-FFVKB,1,-0.019745966154397852,0.5100321699358986,0.07979030993098238,1,1,0,1,0,0,1,0,0,0,0,0,0,0,0,0,0,0,0,1,0,0,1,1,0,0,1
9754-CLVZW,0,-0.2639803751859618,-0.8654251972802797,-0.5603113257005,0,1,1,0,1,0,0,0,0,1,0,1,0,0,0,1,0,0,0,0,0,0,0,1,0,0,0
7168-HDQHG,0,0.14307697319997809,-1.5174815848749215,-0.7017975401749119,0,1,1,1,0,0,0,1,1,0,1,0,1,0,1,0,1,0,1,0,0,0,0,0,0,0,0
4393-OBCRR,0,-1.2002122764736234,-1.4826388771408567,-0.9791500357016337,0,0,0,1,0,0,0,1,1,0,1,0,1,0,1,0,1,0,1,0,1,0,0,0,0,1,0
9889-TMAHG,1,-0.9966836022806536,1.1737027934418955,-0.6449615728709163,1,0,0,1,0,0,1,0,0,1,0,0,0,0,0,1,0,1,0,1,0,0,0,1,0,0,1
6252-DFGTK,0,0.18378270803857208,0.10519308959724047,0.07812189219629567,0,1,0,1,0,1,0,0,0,1,0,0,0,1,0,1,0,0,0,0,1,0,0,1,0,0,0
8559-WNQZS,0,-1.2816237461508113,-1.4760021709057967,-1.0014321936056723,1,0,0,1,0,0,0,1,1,0,1,0,1,0,1,0,1,0,1,0,0,1,0,0,0,1,0
1209-VFFOC,0,1.4456604880349857,-0.28305422515376755,0.7231848753019776,1,1,1,0,1,0,0,0,0,1,0,1,0,1,0,1,0,0,0,1,0,1,1,0,0,1,0
4822-YCXMX,0,-0.30468611002455576,0.659358060224748,-0.11321927853434428,1,0,0,1,0,1,1,0,0,0,0,0,0,0,0,0,0,0,0,1,0,0,1,0,1,0,1
6217-TOWGS,0,-0.6303319887333076,0.34743286717692967,-0.42973568509634147,0,1,0,1,0,1,0,0,0,0,0,1,0,0,0,0,0,1,0,1,0,0,1,0,0,0,0
7694-VLBWQ,0,1.4049547531963917,1.2998002119080347,2.0809256654980106,1,1,0,1,0,1,1,0,0,0,0,1,0,1,0,0,0,1,0,1,1,0,0,0,1,0,1
6235-VDHOM,1,-1.1188008067964355,-1.2105339215033981,-0.9528724563803191,0,0,0,0,1,0,0,0,0,0,0,1,0,0,0,0,0,0,0,0,0,0,0,0,1,0,1
0533-UCAAU,1,0.9978974048104517,0.20474368312314,0.8073302065790021,1,1,0,1,0,1,0,0,0,0,0,1,0,1,0,0,0,1,0,0,1,0,1,1,0,0,0
7967-HYCDE,0,-0.9966836022806536,0.19147027065302033,-0.7674366063158726,1,0,0,1,0,0,1,0,0,0,0,0,0,0,0,0,0,0,0,0,0,0,0,0,0,0,0
9591-YVTEB,1,0.9164859351332638,-0.6663240102284806,0.0780340807365754,1,0,0,0,1,0,0,0,0,1,0,1,0,0,0,0,0,1,0,0,0,0,1,0,1,0,0
0019-GFNTW,0,0.9571916699718578,-0.6596873039934208,0.11361967478824661,0,0,0,0,1,0,0,0,0,1,0,1,0,1,0,1,0,0,0,0,0,1,0,0,0,0,0
3452-GWUIN,1,-0.5489205190561197,0.9961709016540415,-0.23756030549835816,0,1,0,1,0,1,1,0,0,0,0,0,0,0,0,0,0,1,0,1,0,0,1,0,1,0,0
3128-YOVTD,0,0.7536629957788878,0.47187110908430413,0.7539627919339601,0,1,1,1,0,0,1,0,0,1,0,1,0,0,0,0,0,0,0,0,0,0,1,0,0,0,0
8069-RHUXK,0,1.4049547531963917,-0.9699533204824742,0.10729724968838146,0,1,1,0,1,0,0,0,0,1,0,0,0,0,0,1,0,0,0,0,0,1,0,1,0,0,0
5206-XZZQI,0,0.8350744654560759,0.5199872292884885,0.8986541246881649,1,0,0,1,0,0,1,0,0,0,0,1,0,0,0,1,0,0,0,0,0,0,1,0,0,1,0
6124-ACRHJ,0,-1.2816237461508113,-1.4992306427285067,-1.0017395337146933,0,0,0,1,0,0,0,1,1,0,1,0,1,0,1,0,1,0,1,0,0,0,0,0,0,1,0
2332-EFBJY,0,-0.6710377235719016,-1.5008898192872717,-0.8600776963208406,1,0,0,1,0,0,0,1,1,0,1,0,1,0,1,0,1,0,1,0,0,0,1,0,0,1,1
6261-LHRTG,0,-0.2639803751859618,-0.3378070515930122,-0.3927012019592843,0,0,0,1,0,0,0,0,0,0,0,1,0,1,0,0,0,0,0,0,0,0,1,1,0,0,0
6959-GQEGV,0,0.5094285867473239,0.36568380932334454,0.4269748688003113,1,0,0,1,0,0,0,0,0,1,0,0,0,1,0,0,0,1,0,1,0,0,1,0,1,0,0
1171-TYKUR,0,0.590840056424512,-1.3117436915880627,-0.5102368407949711,1,1,0,1,0,1,0,1,1,0,1,0,1,0,1,0,1,0,1,0,0,0,0,0,1,0,0
5244-IRFIH,1,0.020959768684196134,0.9812383126251565,0.35310347831056793,1,1,0,1,0,1,1,0,0,0,0,0,0,0,0,0,0,1,0,1,0,0,1,0,1,0,1
9938-EKRGF,0,-0.7117434584104956,0.6477438243133932,-0.444970973357822,0,0,0,1,0,0,0,0,0,1,0,1,0,1,0,1,0,1,0,1,0,0,0,0,0,1,0
8215-NGSPE,0,0.387311382231542,-1.4909347599346818,-0.6444347041125942,0,1,1,1,0,0,0,1,1,0,1,0,1,0,1,0,1,0,1,0,0,1,0,0,0,1,0
2812-SFXMJ,0,-1.2816237461508113,-1.4892755833759168,-1.0016078165251128,1,0,1,1,0,0,0,1,1,0,1,0,1,0,1,0,1,0,1,0,0,0,0,0,0,1,0
4612-THJBS,1,0.9571916699718578,1.32136950717198,1.4090801871776217,0,0,0,1,0,1,1,0,0,0,0,1,0,1,0,0,0,1,0,1,1,0,1,0,0,0,1
5195-KPUNQ,1,0.8350744654560759,1.0559012577695812,1.2755628626728317,0,0,0,1,0,0,1,0,0,1,0,1,0,0,0,1,0,0,0,1,1,0,1,0,0,1,0
0207-MDKNV,0,-0.7117434584104956,1.3329837430833347,-0.3154929760001677,0,0,0,1,0,0,1,0,0,1,0,0,0,1,0,1,0,1,0,1,0,0,0,0,1,0,1
8208-EUMTE,0,-0.6710377235719016,-0.33448869847548224,-0.6081685712480901,1,0,0,0,1,0,0,0,0,1,0,1,0,1,0,1,0,1,0,0,0,1,0,0,0,1,0
1964-SVLEA,0,-0.5082147842175256,-1.5008898192872717,-0.8278069848736125,1,0,0,1,0,0,0,1,1,0,1,0,1,0,1,0,1,0,1,0,1,0,1,0,0,1,0
5937-EORGB,1,-0.7117434584104956,1.0476053749757561,-0.3991333913837999,1,1,0,1,0,1,1,0,0,1,0,0,0,1,0,0,0,1,0,0,0,0,1,0,1,0,0
3865-QBWSJ,1,0.22448844287716607,0.5150096996121938,0.37817365006072745,1,0,1,1,0,1,1,0,0,1,0,0,0,0,0,0,0,0,0,0,0,0,1,0,0,1,0
5909-ECHUI,0,-1.2816237461508113,-0.2880317548300625,-0.9857139423157296,0,0,0,1,0,0,0,0,0,0,0,0,0,0,0,0,0,0,0,1,0,0,1,0,1,0,1
7416-CKTEP,0,0.9978974048104517,-1.5042081724048018,-0.5124101744230498,0,1,0,1,0,0,0,1,1,0,1,0,1,0,1,0,1,0,1,0,0,1,1,0,0,0,0
3518-FSTWG,1,1.6084834273893616,1.4806504568134191,2.4672302296727544,1,1,0,1,0,1,1,0,0,1,0,1,0,1,0,0,0,1,0,1,0,1,1,0,0,0,0
5515-AKOAJ,0,0.8757802002946699,1.1670660872068355,1.3784559406001502,0,0,0,1,0,1,1,0,0,0,0,0,0,0,0,1,0,1,0,1,0,0,1,0,1,0,1
9554-DFKIC,0,-0.10115743583158582,-0.3477621109456021,-0.3128805850734873,1,1,1,1,0,1,0,0,0,1,0,0,0,0,0,0,0,0,0,0,0,0,1,0,0,0,0
6198-ZFIOJ,0,-1.1188008067964355,0.3540695734119893,-0.8336903526748759,0,0,0,1,0,1,1,0,0,0,0,0,0,0,0,0,0,0,0,0,0,0,0,0,1,0,0
9052-VKDUW,1,1.3235432835192036,1.4756729271371243,2.162853757417096,0,1,0,1,0,1,1,0,0,1,0,1,0,1,0,0,0,1,0,1,0,0,1,1,0,0,0
8515-OCTJS,0,-0.30468611002455576,-1.3333129868520075,-0.7065393589998109,0,0,0,1,0,1,0,1,1,0,1,0,1,0,1,0,1,0,1,0,0,1,0,1,0,0,1
1269-FOYWN,0,0.46872285190873,-1.4909347599346818,-0.6324484398607666,1,1,1,1,0,0,0,1,1,0,1,0,1,0,1,0,1,0,1,0,1,0,0,0,0,0,0
4513-CXYIX,1,1.5677776925507676,0.5233055824060188,1.4816783115014203,0,1,0,1,0,1,1,0,0,1,0,0,0,0,0,0,0,0,0,0,0,1,1,1,0,0,0
0810-BDHAW,0,-0.3453918448631497,0.44698346070282924,-0.20588232140424229,0,1,1,1,0,1,0,0,0,1,0,1,0,0,0,0,0,1,0,1,1,0,0,0,1,0,0
1710-RCXUS,0,0.7536629957788878,0.8435266582476619,1.0156409419005994,1,1,0,1,0,1,1,0,0,0,0,1,0,0,0,0,0,0,0,1,1,0,1,1,0,0,0
6794-HKIAJ,0,1.2014260790034217,0.8551408941590172,1.4423607304116342,1,0,0,1,0,1,1,0,0,1,0,1,0,1,0,0,0,0,0,0,0,0,0,0,0,0,0
0643-OKLRP,1,0.590840056424512,0.5116913464946635,0.6693564504934039,0,1,0,1,0,1,1,0,0,1,0,0,0,0,0,0,0,0,0,0,0,0,0,0,1,0,1
4573-JKNAE,0,-0.8338606629262776,-1.5125040551986266,-0.9171990508689275,1,0,1,1,0,0,0,1,1,0,1,0,1,0,1,0,1,0,1,0,0,1,0,0,0,0,0
2862-PFNIK,0,-1.2816237461508113,-1.3349721634107725,-0.9995662000866148,1,0,1,0,1,0,0,0,0,0,0,0,0,0,0,0,0,0,0,0,0,0,1,0,1,0,0
4250-ZBWLV,0,1.4456604880349857,1.4441485725205894,2.1405057409182673,1,0,0,1,0,1,1,0,0,0,0,1,0,1,0,1,0,1,0,1,1,0,0,0,1,0,1
2806-MLNTI,1,0.7943687306174818,1.3329837430833347,1.3501367448403376,1,1,0,1,0,1,1,0,0,0,0,1,0,1,0,0,0,1,0,1,1,0,1,0,0,0,0
6839-ITVZJ,0,-0.2639803751859618,-0.16193433636392318,-0.30082846222686943,0,1,1,1,0,1,0,0,0,0,0,1,0,0,0,1,0,0,0,0,0,0,1,0,1,0,1
9506-UXUSK,0,-0.7931549280876836,0.1732193285066055,-0.601319277389903,1,0,0,1,0,0,1,0,0,0,0,0,0,0,0,0,0,0,0,0,0,0,1,0,1,0,0
1474-JUWSM,0,1.0386031396490458,0.1151481489498308,0.7336344390086992,0,1,0,1,0,1,0,0,0,1,0,0,0,0,0,1,0,0,0,1,1,0,1,0,1,0,0
1757-TCATG,0,0.1023712383613841,-1.4892755833759168,-0.6825448776312255,1,1,1,1,0,0,0,1,1,0,1,0,1,0,1,0,1,0,1,0,1,0,0,0,0,0,0
7921-LMDFQ,1,0.7536629957788878,0.9646465470375066,1.143494427253427,1,0,0,1,0,0,1,0,0,0,0,0,0,1,0,0,0,1,0,1,1,0,1,0,0,0,0
6734-JDTTV,0,1.3235432835192036,-1.4959122896109767,-0.4541033651687382,1,1,1,1,0,0,0,1,1,0,1,0,1,0,1,0,1,0,1,0,0,1,1,1,0,0,0
9894-QMIMJ,0,-0.38609757970174374,-0.3029643438589475,-0.4274086814137522,0,0,0,1,0,0,0,0,0,0,0,1,0,1,0,0,0,0,0,0,1,0,0,0,0,0,0
3671-SHRSP,0,-1.1595065416350294,0.5199872292884885,-0.8702857785133312,1,1,0,1,0,0,1,0,0,0,0,0,0,1,0,1,0,0,0,0,0,0,1,0,0,1,1
6116-RFVHN,0,0.06166550352279012,1.1786803231181906,0.4888160893083669,0,1,0,1,0,1,1,0,0,0,0,0,0,1,0,0,0,1,0,1,0,0,1,0,1,0,0
2157-MXBJS,0,-0.7931549280876836,0.3441145140593994,-0.5759856712605823,1,1,0,1,0,1,0,0,0,0,0,0,0,1,0,0,0,1,0,1,1,0,1,0,0,1,1
4989-LIXVT,1,1.4456604880349857,1.0276952562705766,1.8448665089047827,1,0,0,1,0,1,1,0,0,0,0,1,0,1,0,0,0,0,0,1,0,0,1,0,1,0,0
8882-TLVRW,0,1.4863662228735797,-0.8571293144864547,0.20994884610146924,1,1,1,0,1,0,0,0,0,1,0,0,0,1,0,1,0,0,0,0,0,1,0,0,0,1,0
2642-MAWLJ,0,0.14307697319997809,-1.4826388771408567,-0.6951897278309558,0,1,1,1,0,0,0,1,1,0,1,0,1,0,1,0,1,0,1,0,0,1,0,0,0,0,0
8189-DUKMV,0,-1.1595065416350294,-1.4743429943470319,-0.9757034359076098,0,1,0,1,0,0,0,1,1,0,1,0,1,0,1,0,1,0,1,0,1,0,0,0,0,0,0
1536-YHDOE,0,-0.6303319887333076,-0.09390809745455836,-0.5289187288504753,1,1,1,1,0,1,0,0,0,1,0,0,0,0,0,1,0,0,0,0,1,0,1,0,0,1,0
7508-MYBOG,0,-0.7524491932490895,0.7024966507526377,-0.46793367007469316,1,1,0,1,0,1,1,0,0,0,0,0,0,0,0,0,0,1,0,0,0,0,1,0,1,0,1
4915-BFSXL,0,1.5270719577121736,0.13339909109624562,1.122836781354215,1,1,1,1,0,1,0,0,0,1,0,0,0,1,0,0,0,1,0,0,0,1,0,1,0,0,0
7599-FKVXZ,0,0.387311382231542,1.3678264508173998,0.9709229560380116,1,1,0,1,0,1,1,0,0,0,0,0,0,1,0,1,0,1,0,1,0,0,1,0,0,0,1
7868-BGSZA,0,0.428017117070136,0.5067138168183688,0.562116705309928,1,1,0,1,0,1,0,0,0,1,0,0,0,1,0,0,0,1,0,1,1,0,1,0,1,0,0
9552-TGUZV,0,-0.9966836022806536,0.3341594547068096,-0.7214673071522701,1,1,0,1,0,0,1,0,0,1,0,0,0,0,0,0,0,0,0,0,0,0,1,0,0,1,0
3612-YUNGG,0,1.2828375486806096,1.4690362209020642,1.9493401931070675,1,1,1,1,0,1,1,0,0,0,0,1,0,1,0,1,0,1,0,1,0,1,1,1,0,0,0
4549-ZDQYY,0,0.7943687306174818,-0.23161975183205266,0.32531115130907745,0,0,0,1,0,0,0,0,0,1,0,0,0,1,0,1,0,0,0,0,1,0,0,1,0,0,0
0813-TAXXS,0,0.9164859351332638,0.427073341997649,0.8877874565477717,1,0,0,1,0,1,0,0,0,0,0,0,0,1,0,0,0,1,0,1,0,1,1,0,0,0,0
7044-YAACC,1,-1.1595065416350294,0.17487850506537042,-0.8873212016990789,1,1,0,1,0,0,1,0,0,0,0,0,0,0,0,0,0,0,0,0,0,0,1,0,1,0,0
1213-NGCUN,0,-1.0780950719578415,-0.5070430605870415,-0.8930289465809016,0,0,0,1,0,0,0,0,0,0,0,0,0,0,0,1,0,0,0,0,0,0,1,0,0,0,1
5240-IJOQT,1,-1.2816237461508113,0.3242043953542197,-0.9776133351565276,1,0,0,1,0,1,1,0,0,0,0,0,0,0,0,0,0,0,0,0,0,0,1,0,1,0,1
6624-JDRDS,0,-1.0780950719578415,-1.1773503903280982,-0.9395251145028263,0,0,0,0,1,0,0,0,0,1,0,0,0,0,0,0,0,0,0,0,0,0,0,0,0,0,0
2262-SLNVK,0,-1.2816237461508113,0.17156015194784016,-0.9796329987300956,0,0,0,1,0,0,1,0,0,0,0,0,0,0,0,0,0,0,0,0,0,0,0,0,1,0,0
7298-IZWLY,0,-1.2816237461508113,-1.5108448786398618,-1.0018932037692039,0,0,0,1,0,0,0,1,1,0,1,0,1,0,1,0,1,0,1,0,0,0,1,0,0,1,0
4080-IIARD,0,-0.7931549280876836,0.37397969211716947,-0.5794981296493963,0,1,0,1,0,1,0,0,0,1,0,1,0,0,0,1,0,1,0,0,0,0,1,0,1,0,0
1918-ZBFQJ,0,-0.7931549280876836,0.4751894622018339,-0.5223328693714492,0,0,0,1,0,0,1,0,0,0,0,1,0,1,0,0,0,0,0,0,0,0,1,0,1,0,1
9178-JHUVJ,0,-0.3453918448631497,-1.3548822821159523,-0.7525086581634134,1,1,1,1,0,1,0,1,1,0,1,0,1,0,1,0,1,0,1,0,0,1,1,0,0,0,0
1240-HCBOH,0,1.4049547531963917,-1.2885152197653527,-0.23786764560737939,0,0,0,1,0,1,0,1,1,0,1,0,1,0,1,0,1,0,1,0,0,1,1,0,0,1,0
8097-OMULG,0,1.0793088744876398,0.3922306342635843,0.9837434291571825,1,1,1,1,0,0,0,0,0,0,0,1,0,1,0,1,0,1,0,1,1,0,0,1,0,0,0
6997-UVGOX,0,1.5677776925507676,0.680927355488693,1.6370606894765773,1,1,1,1,0,0,0,0,0,1,0,1,0,1,0,1,0,1,0,1,0,1,0,0,0,0,0
8495-LJDFO,1,1.2828375486806096,1.4607403381082393,2.111857252184503,0,0,0,1,0,1,1,0,0,1,0,0,0,1,0,1,0,1,0,1,0,0,1,0,0,0,0
4369-HTUIF,1,-1.0780950719578415,0.6709722961361032,-0.7893016597862396,1,0,0,1,0,0,1,0,0,1,0,0,0,0,0,0,0,1,0,0,0,0,1,0,0,0,1
2402-TAIRZ,0,0.18378270803857208,0.5017362871420736,0.31514697484644705,0,0,0,1,0,0,1,0,0,0,0,1,0,1,0,0,0,0,0,0,1,0,0,0,1,0,0
1766-GKNMI,0,-0.1418631706701798,0.6626764133422782,0.09434505937963002,1,0,0,1,0,1,1,0,0,0,0,0,0,0,0,0,0,0,0,1,0,0,1,0,1,0,0
4193-IBKSW,0,1.6084834273893616,-1.3333129868520075,-0.23345511975643188,1,1,1,1,0,1,0,1,1,0,1,0,1,0,1,0,1,0,1,0,0,1,0,0,0,0,0
6365-MTGZX,0,-0.3453918448631497,1.0310136093881064,-0.07853375194480662,1,0,0,1,0,0,1,0,0,0,0,0,0,0,0,1,0,1,0,1,0,0,1,0,1,0,1
7658-UYUQS,1,-0.4675090493789317,0.7174292397815226,-0.194971747533989,1,1,0,1,0,0,1,0,0,0,0,0,0,1,0,0,0,1,0,0,0,0,0,0,0,0,0
1635-FJFCC,0,-1.1188008067964355,-0.6928708351687206,-0.9216554824497352,0,0,0,1,0,0,0,0,0,0,0,0,0,0,0,0,0,0,0,0,0,0,1,1,0,0,0
4159-NAAIX,0,1.2421318138420157,1.079129729592291,1.7350143727946266,0,0,0,1,0,1,1,0,0,0,0,1,0,0,0,0,0,1,0,1,0,1,0,0,0,0,0
0898-XCGTF,0,1.1607203441648277,1.0476053749757561,1.480668479714636,1,1,0,1,0,1,1,0,0,0,0,0,0,0,0,0,0,1,0,1,1,0,1,0,0,0,0
0621-CXBKL,0,0.8350744654560759,-1.5340733504625714,-0.568850990158304,0,0,0,1,0,0,0,1,1,0,1,0,1,0,1,0,1,0,1,0,0,1,0,0,0,1,0
0661-XEYAN,1,-1.2816237461508113,-1.2984702791179428,-0.9990832370581527,0,0,0,0,1,0,0,0,0,0,0,0,0,0,0,0,0,0,0,0,0,0,1,0,0,1,1
3709-OIJEA,0,-0.2639803751859618,0.6726314726948681,-0.0512463408367082,1,0,0,1,0,0,1,0,0,0,0,1,0,1,0,1,0,0,0,0,1,0,1,0,1,0,0
0224-NIJLP,0,-0.9966836022806536,-1.4859572302583868,-0.9377469324434892,1,1,1,1,0,0,0,1,1,0,1,0,1,0,1,0,1,0,1,0,0,1,0,0,0,1,0
3915-ODIYG,1,1.1200146093262338,0.22631297838708508,0.9102671902361809,1,0,0,1,0,1,0,0,0,1,0,1,0,0,0,0,0,0,0,1,1,0,1,0,1,0,0
0564-MUUQK,0,-0.5082147842175256,1.0144218438004564,-0.1690893197814162,0,1,1,1,0,1,1,0,0,0,0,0,0,1,0,1,0,0,0,1,0,0,1,0,0,0,0
6627-CFOSN,0,1.0793088744876398,1.145496791942891,1.458715614784549,0,0,0,1,0,1,1,0,0,1,0,1,0,1,0,0,0,0,0,1,0,0,1,0,0,0,0
3345-JHUEO,0,-1.1595065416350294,-1.4842980536996218,-0.9859554238299607,1,0,0,1,0,0,0,1,1,0,1,0,1,0,1,0,1,0,1,0,0,0,1,0,1,0,0
3936-QQFLL,0,-1.2409180113122174,-1.4992306427285067,-0.9931559635270292,1,0,0,1,0,0,0,1,1,0,1,0,1,0,1,0,1,0,1,0,0,0,0,0,0,1,0
4072-IPYLT,0,0.14307697319997809,-0.46058611694162177,-0.2135219183999127,0,1,1,1,0,0,0,0,0,1,0,0,0,0,0,0,0,0,0,0,0,0,0,1,0,0,0
2120-SMPEX,0,-0.30468611002455576,-1.4859572302583868,-0.7749225332570325,1,0,0,1,0,0,0,1,1,0,1,0,1,0,1,0,1,0,1,0,0,0,1,0,0,1,0
8200-LGKSR,0,1.5677776925507676,0.6062644103442684,1.6792980016020653,1,1,0,1,0,1,0,0,0,1,0,0,0,1,0,1,0,1,0,1,0,1,0,0,1,0,0
0487-RPVUM,0,1.1607203441648277,1.1438376153841259,1.5991919974721769,1,1,0,1,0,1,1,0,0,1,0,0,0,1,0,1,0,1,0,0,0,0,0,0,0,0,0
3026-ATZYV,0,0.18378270803857208,0.3374778078243394,0.15695463016023886,0,1,1,1,0,0,0,0,0,1,0,1,0,0,0,0,0,1,0,1,1,0,0,0,0,0,0
5020-ZSTTY,1,0.8757802002946699,0.5813767619627935,0.8995322392853683,0,0,0,1,0,1,0,0,0,1,0,1,0,0,0,1,0,1,0,1,1,0,0,0,0,0,1
9258-CNWAC,0,1.5677776925507676,1.6167029346321486,2.575282230858644,0,1,1,1,0,1,1,0,0,1,0,1,0,1,0,1,0,1,0,1,0,1,0,1,0,0,0
7493-TPUWZ,0,-1.2816237461508113,0.47187110908430413,-0.9756595301777496,1,0,0,1,0,1,1,0,0,0,0,1,0,0,0,0,0,0,0,0,0,0,1,0,1,0,1
0744-BIKKF,0,1.6084834273893616,0.7207475928990529,1.7226329569740575,1,0,0,1,0,1,0,0,0,1,0,1,0,1,0,1,0,1,0,1,0,1,0,0,0,0,0
6267-DCFFZ,1,-0.10115743583158582,0.8335715988950722,0.1430804195244236,0,1,0,1,0,1,1,0,0,0,0,1,0,0,0,0,0,1,0,0,0,0,1,0,1,0,0
1958-RNRKS,0,-0.10115743583158582,-0.49874717779321653,-0.3773122436432932,1,1,0,1,0,1,0,0,0,0,0,0,0,0,0,0,0,0,0,0,0,0,0,0,1,0,0
5973-EJGDP,0,0.7536629957788878,0.7439760647217625,0.9534923812835224,1,0,0,1,0,1,1,0,0,0,0,1,0,1,0,1,0,0,0,0,0,0,1,0,1,0,0
5934-RMPOV,0,-0.4268033145403377,0.6576988836659831,-0.21275356812735963,0,0,1,1,0,1,1,0,0,0,0,0,0,0,0,0,0,0,0,1,0,0,1,0,1,0,0
4043-MKDTV,0,1.5677776925507676,1.3379612727596297,2.191085141717188,1,1,0,1,0,0,1,0,0,0,0,1,0,1,0,1,0,1,0,1,0,1,1,0,1,0,0
3441-CGZJH,0,0.428017117070136,-0.1503201004525682,0.14894183446075704,0,1,1,0,1,0,0,0,0,1,0,0,0,1,0,1,0,1,0,1,1,0,1,1,0,0,0
2619-WFQWU,0,-1.2816237461508113,0.1732193285066055,-0.9796110458651653,0,0,0,1,0,0,1,0,0,0,0,0,0,0,0,0,0,0,0,0,0,0,1,0,0,1,1
7005-CYUIL,1,1.5677776925507676,1.1438376153841259,2.1368615653398724,0,1,0,1,0,0,1,0,0,1,0,1,0,1,0,1,0,1,0,0,0,1,1,0,1,0,0
8879-ZKJOF,0,0.346605647392948,0.4950995809070136,0.4475886089696631,0,0,0,1,0,0,0,0,0,1,0,0,0,1,0,1,0,1,0,1,1,0,1,0,0,0,0
9903-LYSAB,0,-0.5896262538947137,0.27276992203250505,-0.43702403625313035,1,1,0,1,0,1,1,0,0,0,0,0,0,0,0,0,0,0,0,0,0,0,1,0,1,0,0
7008-LZVOZ,0,1.3642490183577978,-1.3150620447055927,-0.2761534420454515,1,1,1,1,0,1,0,1,1,0,1,0,1,0,1,0,1,0,1,0,0,1,1,1,0,0,0
2777-PHDEI,0,-1.2816237461508113,0.435369224791474,-0.9761424932062116,0,0,0,1,0,0,1,0,0,0,0,0,0,0,0,0,0,1,0,0,0,0,0,0,1,0,1
2568-OIADY,0,0.18378270803857208,1.1471559685016557,0.6413226419776826,0,1,0,1,0,1,1,0,0,0,0,0,0,1,0,0,0,1,0,1,0,0,1,0,1,0,1
4250-FDVOU,0,-1.0780950719578415,-0.2880317548300625,-0.8395737204761393,0,0,0,1,0,0,0,0,0,1,0,1,0,0,0,0,0,0,0,0,0,0,0,0,1,0,1
3803-KMQFW,0,-1.2816237461508113,-1.472683817788267,-1.0013882878758118,0,1,1,1,0,0,0,1,1,0,1,0,1,0,1,0,1,0,1,0,0,0,0,0,0,1,1
2105-PHWON,0,0.020959768684196134,0.9978300782128064,0.31033929742675803,0,1,0,1,0,1,1,0,0,0,0,0,0,1,0,1,0,0,0,1,0,0,1,1,0,0,0
2927-QRRQV,0,0.5501343215859179,0.9862158423014517,0.8830236848579426,1,1,0,1,0,1,1,0,0,0,0,1,0,1,0,0,0,1,0,0,1,0,1,0,1,0,0
3090-HAWSU,0,1.1607203441648277,1.5486766957227835,2.008569022688443,1,0,0,1,0,1,1,0,0,1,0,0,0,1,0,1,0,1,0,1,0,1,1,1,0,0,1
6051-PTVNS,0,0.9164859351332638,-1.5191407614336867,-0.5721878256276772,0,1,1,1,0,0,0,1,1,0,1,0,1,0,1,0,1,0,1,0,1,0,0,1,0,0,0
7627-JKIAZ,0,0.18378270803857208,0.46523440284924406,0.23635814261236418,0,1,0,1,0,1,1,0,0,0,0,0,0,1,0,0,0,0,0,0,0,0,1,1,0,0,1
7078-NVFAM,0,-0.019745966154397852,-0.9882042626288892,-0.5489397416667149,0,1,1,0,1,0,0,0,0,1,0,1,0,0,0,0,0,0,0,0,0,0,1,0,1,0,0
5647-URDKA,0,-0.9966836022806536,-1.5008898192872717,-0.9532237022192006,1,1,1,1,0,0,0,1,1,0,1,0,1,0,1,0,1,0,1,0,0,1,0,0,0,1,0
5453-YBTWV,0,1.5270719577121736,1.2002496183821352,2.0607070768974003,1,1,1,1,0,0,1,0,0,1,0,1,0,1,0,1,0,1,0,0,0,1,1,1,0,0,0
7776-QWNFX,1,-0.10115743583158582,-0.4821554122055666,-0.339750891747914,1,1,0,1,0,0,0,0,0,0,0,1,0,0,0,0,0,0,0,0,0,0,1,0,0,0,1
0233-FTHAV,0,1.1200146093262338,0.473530285643069,1.0816971124752317,0,0,0,1,0,1,1,0,0,0,0,0,0,1,0,0,0,0,0,0,1,0,1,0,0,0,0
3727-JEZTU,0,-1.2816237461508113,-1.477661347464562,-1.0014541464706022,0,0,0,1,0,0,0,1,1,0,1,0,1,0,1,0,1,0,1,0,0,0,0,0,0,1,0
0177-PXBAT,1,0.020959768684196134,1.4922646927247742,0.6117740857817852,1,1,0,1,0,1,1,0,0,1,0,0,0,1,0,1,0,1,0,1,0,0,1,0,0,0,0
4220-TINQT,0,1.1607203441648277,1.3744631570524595,1.9538185775528056,0,1,0,1,0,1,1,0,0,0,0,0,0,1,0,1,0,1,0,1,0,0,1,0,1,0,0
2506-CLAKW,0,-1.0780950719578415,1.102358201415001,-0.7612678512705182,0,0,0,1,0,0,1,0,0,1,0,1,0,1,0,1,0,0,0,1,0,0,1,0,0,0,1
6976-BWGLQ,0,1.6084834273893616,-1.3183803978231226,-0.22566185270625094,0,1,1,1,0,1,0,1,1,0,1,0,1,0,1,0,1,0,1,0,0,1,0,0,0,0,0
0620-XEFWH,0,-1.1595065416350294,-1.5290958207862766,-0.973442290819811,1,1,1,1,0,0,0,1,1,0,1,0,1,0,1,0,1,0,1,0,0,0,0,0,0,1,0
2000-MPKCA,0,1.0386031396490458,1.4209201006978793,1.7700291923581155,0,0,0,1,0,1,1,0,0,1,0,1,0,1,0,0,0,1,0,1,1,0,1,0,1,0,0
5049-GLYVG,0,-1.2816237461508113,-1.4710246412295018,-1.001366335010882,1,0,0,1,0,0,0,1,1,0,1,0,1,0,1,0,1,0,1,0,0,0,0,0,0,1,1
6326-MTTXK,0,-0.9966836022806536,1.1919537355883103,-0.6505815062930186,1,0,0,1,0,1,1,0,0,0,0,1,0,0,0,0,0,1,0,1,0,0,0,0,1,0,1
4558-CGYCZ,0,-1.1595065416350294,-1.4992306427285067,-0.9760327288815611,1,0,0,1,0,0,0,1,1,0,1,0,1,0,1,0,1,0,1,0,0,0,0,0,0,1,0
2499-AJYUA,1,1.6084834273893616,1.522129870782544,2.4503484765415178,0,1,0,1,0,1,1,0,0,0,0,1,0,1,0,1,0,1,0,1,0,1,1,1,0,0,0
6867-ACCZI,0,-0.3453918448631497,-0.4124699967374369,-0.4799638400563809,0,1,1,0,1,0,0,0,0,1,0,1,0,1,0,1,0,0,0,1,0,1,1,0,0,1,0
2575-GFSOE,0,-1.0373893371192475,0.13505826765501053,-0.7878527707008538,0,1,1,1,0,0,1,0,0,0,0,0,0,0,0,0,0,0,0,0,0,0,1,0,1,0,1
9518-XXBXE,1,-0.9152721326034655,0.3441145140593994,-0.6940920845844514,1,1,0,1,0,0,1,0,0,1,0,0,0,0,0,0,0,0,0,0,0,0,0,0,1,0,0
2516-VQRRV,1,-1.2409180113122174,0.3490920437356946,-0.9408642392635614,0,0,0,1,0,1,1,0,0,0,0,0,0,0,0,0,0,0,0,0,0,0,1,0,0,1,1
2074-GUHPQ,0,-0.6303319887333076,0.9215079565096169,-0.32686456003395287,0,0,1,1,0,1,1,0,0,0,0,1,0,1,0,1,0,0,0,0,0,0,1,1,0,0,0
0872-CASZJ,0,1.0793088744876398,0.13837662077254032,0.7883629312794065,1,1,0,1,0,1,0,0,0,1,0,0,0,0,0,1,0,0,0,1,1,0,1,0,0,1,0
5038-ETMLM,0,1.6084834273893616,1.6167029346321486,2.582285194771342,0,1,0,1,0,1,1,0,0,1,0,1,0,1,0,1,0,1,0,1,0,1,1,0,0,0,0
1265-XTECC,1,1.4456604880349857,1.0492645515345211,1.87942031830474,0,1,0,1,0,1,1,0,0,1,0,1,0,0,0,0,0,0,0,1,1,0,1,1,0,0,1
2819-GWENI,0,-0.1825689055087738,-1.4942531130522119,-0.7720028022213309,0,1,1,1,0,0,0,1,1,0,1,0,1,0,1,0,1,0,1,0,1,0,0,0,0,1,0
2027-DNKIV,0,0.18378270803857208,-0.20507292689181286,-0.04312378081257594,1,1,1,1,0,0,0,0,0,1,0,0,0,1,0,1,0,0,0,0,1,0,1,0,0,1,0
4644-OBGFZ,0,0.9164859351332638,-1.5075265255223318,-0.559784456942178,1,1,1,1,0,0,0,1,1,0,1,0,1,0,1,0,1,0,1,0,1,0,0,0,0,1,0
1216-BGTSP,0,0.5094285867473239,1.4441485725205894,1.1693768550059997,1,0,0,1,0,1,1,0,0,1,0,0,0,1,0,1,0,1,0,1,0,0,1,1,0,0,0
4833-QTJNO,1,1.4049547531963917,0.6278337056082129,1.4433925150633482,1,1,0,1,0,1,1,0,0,1,0,1,0,0,0,0,0,0,0,0,0,0,0,0,0,0,0
3197-NNYNB,0,1.3235432835192036,1.3329837430833347,1.9013512303698974,1,0,0,1,0,1,1,0,0,0,0,1,0,1,0,0,0,1,0,1,0,1,0,1,0,0,0
9481-WHGWY,0,1.5270719577121736,0.3457736906181643,1.377072910109555,0,1,1,1,0,0,0,0,0,1,0,0,0,0,0,1,0,1,0,1,0,1,0,1,0,0,0
5115-SQAAU,0,1.4863662228735797,-1.3051069853530026,-0.27569243188191955,0,1,1,1,0,1,0,1,1,0,1,0,1,0,1,0,1,0,1,0,0,1,1,0,0,0,0
2799-TSLAG,0,1.3235432835192036,-1.3150620447055927,-0.24269727589199858,0,1,1,1,0,1,0,1,1,0,1,0,1,0,1,0,1,0,1,0,0,1,1,0,0,0,0
1298-PHBTI,0,1.5677776925507676,0.659358060224748,1.690845208555291,1,1,1,1,0,1,1,0,0,0,0,1,0,0,0,1,0,0,0,0,0,1,1,0,1,0,0
7781-EWARA,0,1.5270719577121736,-0.15197927701133307,0.8067155263609594,1,1,1,0,1,0,0,0,0,0,0,1,0,1,0,1,0,1,0,1,1,0,0,0,1,0,0
7018-FPXHH,0,0.9571916699718578,-0.17023021915774814,0.5076077416885214,1,1,1,1,0,0,0,0,0,1,0,1,0,1,0,0,0,0,0,0,0,1,1,0,0,0,0
2270-CHBFN,0,0.46872285190873,1.0011484313303363,0.7724031984752333,0,1,0,1,0,1,1,0,0,1,0,1,0,1,0,1,0,0,0,0,0,0,1,1,0,0,0
8791-GFXLZ,0,-0.8338606629262776,-0.5269531792922214,-0.7500279844263136,1,0,0,1,0,0,0,0,0,0,0,1,0,0,0,0,0,0,0,0,0,0,1,0,0,0,0
9828-AOQLM,0,-1.2816237461508113,-0.6381180087294758,-0.9903459968159781,0,1,1,1,0,0,0,0,0,0,0,0,0,0,0,0,0,0,0,0,0,0,1,0,1,0,1
3023-GFLBR,0,0.020959768684196134,0.704155827311403,0.19510870940873024,0,1,1,1,0,1,1,0,0,0,0,0,0,0,0,0,0,0,0,1,0,0,0,1,0,0,1
0637-YLETY,0,-0.6710377235719016,1.0177401969179862,-0.3273914287922749,0,0,0,1,0,1,1,0,0,0,0,1,0,1,0,0,0,0,0,1,0,0,1,1,0,0,1
5019-GQVCR,1,0.428017117070136,0.6610172367835129,0.5902163724204396,1,0,0,1,0,1,1,0,0,0,0,0,0,0,0,0,0,1,0,0,0,0,1,0,1,0,0
2616-UUTFK,0,0.020959768684196134,0.2594965095623849,0.06415987010076013,1,1,0,1,0,1,0,0,0,1,0,1,0,1,0,0,0,1,0,0,0,0,1,0,0,0,0
3640-PHQXK,0,-0.06045170099299184,0.8285940692187774,0.22197901608315707,0,0,0,1,0,1,1,0,0,0,0,0,0,1,0,0,0,0,0,1,0,0,1,0,1,0,1
1389-CXMLU,1,-1.2002122764736234,0.866755130070372,-0.8834794503363137,1,0,0,1,0,1,1,0,0,0,0,0,0,1,0,0,0,1,0,0,0,0,0,0,1,0,1
0112-QWPNC,0,0.6722515261016999,0.6444254711958629,0.7718763297169111,1,1,0,1,0,1,0,0,0,1,0,0,0,1,0,1,0,1,0,1,1,0,0,0,1,0,1
4816-JBHOV,1,-1.2409180113122174,-0.6713015399047756,-0.9692712464830945,1,0,0,1,0,0,0,0,0,0,0,0,0,0,0,0,0,0,0,0,0,0,1,0,1,0,1
1567-DSCIC,0,-0.9966836022806536,0.9646465470375066,-0.6707342362988385,1,0,0,1,0,1,1,0,0,0,0,1,0,1,0,0,0,1,0,0,0,0,1,0,1,0,1
9526-JAWYF,0,-0.2639803751859618,0.8252757161012472,0.014919594062574721,1,0,0,1,0,0,1,0,0,0,0,1,0,1,0,0,0,1,0,0,0,0,0,0,1,0,1
1029-QFBEN,0,-1.2816237461508113,-1.5058673489635668,-1.0018273451744135,1,0,0,1,0,0,0,1,1,0,1,0,1,0,1,0,1,0,1,0,0,0,0,0,0,1,1
6614-YOLAC,0,1.5677776925507676,-0.2083912800093429,0.809591351666801,0,1,1,0,1,0,0,0,0,1,0,1,0,0,0,1,0,1,0,1,0,1,0,0,0,1,0
9880-TDQAC,0,1.6084834273893616,-0.16359351292268806,0.861729405875758,0,1,1,0,1,0,0,0,0,0,0,1,0,1,0,1,0,1,0,1,0,1,1,0,1,0,0
9251-WNSOD,0,1.4049547531963917,0.3374778078243394,1.2131728205415238,0,1,0,1,0,1,0,0,0,1,0,1,0,1,0,0,0,0,0,1,1,0,0,0,0,1,0
0557-ASKVU,0,-0.5896262538947137,-0.34942128750436724,-0.5901891748703487,0,1,1,1,0,0,0,0,0,0,0,0,0,1,0,1,0,0,0,0,1,0,1,1,0,0,0
9114-VEPUF,0,1.2014260790034217,1.034331962505636,1.6245695093313577,1,1,0,1,0,1,1,0,0,1,0,1,0,0,0,0,0,0,0,1,1,0,0,0,1,0,0
7813-ZGGAW,1,-0.06045170099299184,1.050923728093286,0.25317403714881087,1,0,0,1,0,1,1,0,0,0,0,0,0,1,0,1,0,1,0,0,0,0,1,0,0,0,0
5345-BMKWB,0,-0.9966836022806536,-1.4826388771408567,-0.9408861921284917,1,1,0,1,0,0,0,1,1,0,1,0,1,0,1,0,1,0,1,0,0,0,0,0,0,1,0
0562-KBDVM,0,1.5270719577121736,-0.6746198930223056,0.3322921623568452,0,0,0,0,1,0,0,0,0,1,0,1,0,1,0,1,0,0,0,0,0,1,1,0,0,0,0
9955-QOPOY,0,1.4863662228735797,-0.1370466879824483,0.8614659714965968,1,1,0,0,1,0,0,0,0,0,0,1,0,1,0,1,0,1,0,1,1,0,1,1,0,0,0
5797-APWZC,0,-1.2816237461508113,0.8518225410414869,-0.9706323241087598,0,0,0,1,0,0,1,0,0,0,0,0,0,0,0,0,0,1,0,1,0,0,0,0,1,0,1
7673-LPRNY,0,-0.38609757970174374,0.4519609903791239,-0.2012063611741338,0,0,0,1,0,1,0,0,0,1,0,0,0,1,0,0,0,1,0,1,1,0,1,0,1,0,0
4723-BEGSG,0,1.6084834273893616,0.7207475928990529,1.6653140266415996,1,1,0,1,0,1,0,0,0,1,0,0,0,1,0,1,0,1,0,1,0,1,0,1,0,0,0
8329-GWVPJ,0,0.7129572609402939,0.1599459160364854,0.5516232358733463,0,1,1,1,0,0,1,0,0,0,0,0,0,0,0,0,0,0,0,0,0,0,1,0,0,0,0
8782-LKFPK,0,0.46872285190873,0.8451858348064274,0.7734788888568075,1,0,0,1,0,1,1,0,0,0,0,0,0,1,0,0,0,0,0,1,0,0,1,0,0,1,0
7463-IFMQU,0,1.6084834273893616,-1.4892755833759168,-0.3853469922077051,0,1,0,1,0,0,0,1,1,0,1,0,1,0,1,0,1,0,1,0,0,1,0,0,0,0,0
7421-ZLUPA,0,-0.9966836022806536,-1.1839870965631583,-0.9107668614444121,0,0,0,0,1,0,0,0,0,0,0,1,0,0,0,0,0,0,0,0,0,0,1,0,0,1,0
8898-KASCD,0,0.26519417771576004,-0.9749308501587693,-0.4356190528976048,1,0,0,0,1,0,0,0,0,0,0,0,0,1,0,1,0,0,0,0,1,0,0,0,0,1,0
5843-TTHGI,0,-0.5896262538947137,-0.4954288246756865,-0.618464464900301,0,0,0,1,0,0,0,0,0,0,0,0,0,1,0,0,0,0,0,0,0,0,1,0,0,1,0
0111-KLBQG,1,-0.019745966154397852,0.9629873704787417,0.24592959172188208,1,1,1,1,0,0,1,0,0,0,0,1,0,0,0,0,0,1,0,1,0,0,1,0,0,1,0
9571-EDEBV,0,1.5677776925507676,1.118949967002651,2.0466791962070747,1,1,0,1,0,1,1,0,0,0,0,0,0,1,0,0,0,1,0,1,1,0,1,1,0,0,0
8835-VSDSE,0,-1.2409180113122174,0.19147027065302033,-0.9483062604748612,0,1,0,1,0,0,1,0,0,0,0,0,0,0,0,0,0,0,0,0,0,0,1,0,1,0,1
9625-RZFUK,0,1.2421318138420157,-1.5008898192872717,-0.4502396609410429,1,1,1,1,0,0,0,1,1,0,1,0,1,0,1,0,1,0,1,0,0,1,0,0,0,1,0
3397-AVTKU,0,0.428017117070136,-0.16359351292268806,0.1085485629893966,1,0,0,1,0,0,0,0,0,0,0,1,0,0,0,0,0,0,0,1,0,1,1,0,1,0,0
7621-VPNET,0,0.387311382231542,0.695859944517578,0.6271630440977763,0,1,0,1,0,1,1,0,0,0,0,0,0,1,0,1,0,0,0,0,0,0,1,1,0,0,0
1535-VTJOQ,0,-0.3453918448631497,-1.3200395743818876,-0.7676122292353134,0,0,0,1,0,1,0,1,1,0,1,0,1,0,1,0,1,0,1,0,0,1,0,1,0,0,0
9995-HOTOH,0,1.2421318138420157,-0.1967770440979879,0.6174379249337477,1,1,1,0,1,0,0,0,0,1,0,1,0,1,0,0,0,1,0,1,0,1,0,0,1,0,0
4732-RRJZC,0,-1.0373893371192475,-1.4826388771408567,-0.9470329943089161,1,1,1,1,0,0,0,1,1,0,1,0,1,0,1,0,1,0,1,0,0,0,0,0,0,1,0
5616-PRTNT,0,-0.5082147842175256,-1.5108448786398618,-0.8459839570357247,1,0,1,1,0,0,0,1,1,0,1,0,1,0,1,0,1,0,1,0,0,0,1,0,1,0,1
0129-QMPDR,0,0.46872285190873,-1.4743429943470319,-0.6306043992066392,1,1,1,1,0,0,0,1,1,0,1,0,1,0,1,0,1,0,1,0,1,0,1,0,0,0,0
4134-BSXLX,0,-0.1825689055087738,-0.13372833486491825,-0.22640825011387383,1,1,0,1,0,0,0,0,0,1,0,1,0,0,0,1,0,0,0,0,0,0,0,0,0,1,0
9489-UTFKA,1,-0.9966836022806536,-0.13372833486491825,-0.7680732393988452,1,1,0,1,0,0,0,0,0,1,0,0,0,0,0,0,0,1,0,0,0,0,0,0,0,0,0
8707-HOEDG,0,1.5270719577121736,1.5022197520773641,2.365851899425612,0,1,1,1,0,1,1,0,0,0,0,1,0,1,0,1,0,1,0,1,0,1,1,0,1,0,0
0336-PIKEI,1,1.6084834273893616,0.31424933600162985,1.3432654981172205,1,1,0,1,0,0,0,0,0,1,0,1,0,1,0,1,0,1,0,0,0,1,0,0,0,0,0
1928-BXYIV,0,-1.2816237461508113,-0.1254324520710933,-0.983562561552581,1,0,0,1,0,1,0,0,0,1,0,1,0,0,0,0,0,0,0,0,0,0,0,0,1,0,0
3873-WOSBC,0,1.4049547531963917,-1.3051069853530026,-0.22673754308782512,1,1,0,1,0,1,0,1,1,0,1,0,1,0,1,0,1,0,1,0,0,1,0,1,0,0,0
5198-HQAEN,0,0.1023712383613841,0.8219573629837174,0.3794688690916025,1,1,1,1,0,0,1,0,0,0,0,1,0,0,0,1,0,1,0,0,1,0,1,0,1,0,0
7779-ORAEL,1,0.5094285867473239,0.33913698438310474,0.5176621538265014,1,1,0,1,0,1,0,0,0,1,0,0,0,1,0,1,0,0,0,1,0,1,0,1,0,0,0
6319-QSUSR,0,-0.8745663977648716,-1.5008898192872717,-0.9154867274043809,0,0,1,1,0,0,0,1,1,0,1,0,1,0,1,0,1,0,1,0,0,0,0,1,0,0,0
8313-KTIHG,0,-1.1595065416350294,-0.12045492239479837,-0.9009100250908028,1,0,0,1,0,0,0,0,0,0,0,0,0,0,0,1,0,1,0,0,0,0,1,0,1,0,0
3243-ZHOHY,0,-0.6710377235719016,-1.4876164068171518,-0.8803840963811713,0,0,0,1,0,0,0,1,1,0,1,0,1,0,1,0,1,0,1,0,1,0,0,0,0,1,0
1237-WIYYZ,0,-0.5896262538947137,-1.5058673489635668,-0.839507861881349,0,0,0,1,0,0,0,1,1,0,1,0,1,0,1,0,1,0,1,0,0,0,1,0,0,1,0
1374-DMZUI,1,-1.1595065416350294,0.9746016063900964,-0.8240530449705675,0,0,0,1,0,1,1,0,0,0,0,0,0,0,0,0,0,1,0,1,0,0,1,0,1,0,1
7813-TKCVO,0,-0.5082147842175256,-1.4793205240233267,-0.8377955384168021,0,1,0,1,0,0,0,1,1,0,1,0,1,0,1,0,1,0,1,0,1,0,0,0,0,1,0
6352-GIGGQ,0,1.4049547531963917,0.7920921849259474,1.5814101768788063,1,0,0,1,0,1,0,0,0,1,0,1,0,1,0,1,0,1,0,1,1,0,1,0,0,0,0
5996-NRVXR,1,0.30589991255435406,1.102358201415001,0.7971001715215814,1,1,0,1,0,0,1,0,0,1,0,1,0,1,0,1,0,1,0,0,1,0,1,1,0,0,0
5955-EPOAZ,0,-1.0780950719578415,-1.459410405318147,-0.9623341411651868,0,0,0,1,0,0,0,1,1,0,1,0,1,0,1,0,1,0,1,0,0,0,1,0,0,1,0
6300-BWMJX,0,1.0793088744876398,0.9430772517735615,1.3545712235562155,0,1,0,1,0,1,1,0,0,0,0,0,0,1,0,1,0,1,0,0,0,0,0,0,1,0,0
3933-DQPWX,0,0.7129572609402939,-0.8372191957812748,-0.16182292148955735,0,0,0,0,1,0,0,0,0,0,0,1,0,1,0,1,0,0,0,0,0,1,0,1,0,0,0
6877-TJMBR,0,-1.2816237461508113,0.659358060224748,-0.9731788564406498,1,1,0,1,0,0,1,0,0,0,0,0,0,0,0,1,0,1,0,0,0,0,1,0,1,0,1
3638-DIMPH,0,-0.7931549280876836,-0.7011667179625456,-0.7502036073457542,0,1,0,1,0,0,0,0,0,0,0,0,0,0,0,0,0,0,0,0,1,0,0,0,1,0,0
3486-KHMLI,0,-0.4675090493789317,-1.3349721634107725,-0.8053052983202731,1,0,1,1,0,1,0,1,1,0,1,0,1,0,1,0,1,0,1,0,0,0,0,0,0,1,0
0337-CNPZE,0,0.346605647392948,1.3728039804936945,0.9405182381098408,0,0,0,1,0,1,1,0,0,0,0,1,0,1,0,0,0,1,0,1,0,0,1,0,1,0,1
2133-TSRRM,0,0.06166550352279012,1.3412796258771595,0.6090958362603145,0,0,1,1,0,0,1,0,0,1,0,1,0,1,0,0,0,1,0,1,0,0,1,0,0,0,0
0468-YRPXN,0,-0.1418631706701798,1.1239274966789456,0.22206682754287735,1,0,0,1,0,0,1,0,0,0,0,0,0,1,0,1,0,1,0,1,0,0,1,1,0,0,0
4795-WRNVT,0,0.30589991255435406,0.0056424960713409395,0.12499125882203183,0,0,0,1,0,0,0,0,0,1,0,1,0,0,0,0,0,1,0,0,0,0,0,0,0,1,0
7153-OANIO,0,-1.2816237461508113,0.16658262227154547,-0.9796988573248858,1,0,0,1,0,0,1,0,0,0,0,0,0,0,0,0,0,0,0,0,0,0,0,0,1,0,1
3545-CNWRG,0,0.6722515261016999,1.1089949076500607,1.1362280289615683,0,1,1,1,0,1,1,0,0,0,0,1,0,0,0,0,0,1,0,1,0,0,1,0,1,0,0
6131-FOYAS,0,0.1023712383613841,-0.17686692539280796,-0.09062978052128454,1,0,0,1,0,1,0,0,0,1,0,0,0,1,0,0,0,0,0,0,0,0,1,0,1,0,0
5515-RUGKN,0,-0.9966836022806536,-0.3378070515930122,-0.8180818657095839,1,0,0,1,0,0,0,0,0,0,0,0,0,0,0,0,0,0,0,1,0,0,1,1,0,0,0
7799-DSEWS,0,-0.5896262538947137,0.11348897239106542,-0.43972423863953114,1,0,0,1,0,0,0,0,0,1,0,0,0,1,0,1,0,1,0,0,0,0,1,0,1,0,0
7516-GMHUV,1,0.7129572609402939,1.3313245665245697,1.2565736345083063,1,1,0,1,0,1,1,0,0,1,0,0,0,1,0,0,0,1,0,1,0,1,1,1,0,0,0
5307-DZCVC,1,-0.019745966154397852,0.697519121076343,0.14369509974246608,0,1,0,1,0,1,1,0,0,0,0,0,0,0,0,0,0,1,0,0,0,0,1,1,0,0,1
7811-JIVPF,0,-0.38609757970174374,-0.5053838840282764,-0.5356802112489423,0,0,0,1,0,0,0,0,0,0,0,0,0,1,0,0,0,0,0,0,0,0,0,1,0,0,0
9837-BMCLM,0,-1.2002122764736234,0.450301813820359,-0.9041370962355256,1,0,0,1,0,0,1,0,0,0,0,0,0,0,0,0,0,1,0,0,0,0,1,0,1,0,1
4000-VGMQP,0,0.22448844287716607,0.46523440284924406,0.24641255475034415,1,1,1,1,0,1,0,0,0,0,0,1,0,1,0,0,0,1,0,1,1,0,0,1,0,0,0
1810-BOHSY,0,0.7536629957788878,1.0442870218582263,1.1458214309360164,1,1,0,1,0,1,1,0,0,1,0,1,0,0,0,0,0,0,0,1,1,0,1,1,0,0,0
4482-FTFFX,0,-1.1188008067964355,-0.29135010794759253,-0.8824476656845995,1,0,0,1,0,0,0,0,0,0,0,0,0,1,0,1,0,0,0,0,0,0,0,0,1,0,0
6728-VOIFY,0,1.2421318138420157,1.0310136093881064,1.6721194147699268,0,1,0,1,0,0,1,0,0,0,0,1,0,0,0,0,0,1,0,1,1,0,1,0,1,0,0
8644-XLFBW,1,-1.2816237461508113,0.2229946252695553,-0.9789524599172628,1,0,0,1,0,0,1,0,0,0,0,0,0,0,0,0,0,0,0,0,0,0,1,0,1,0,1
3694-DELSO,0,-1.1595065416350294,-0.8753802566328698,-0.9418740710503456,1,1,1,0,1,0,0,0,0,1,0,0,0,0,0,0,0,1,0,0,0,0,0,1,0,0,0
4445-KWOKW,0,0.387311382231542,-0.15861598324639314,0.0528102389319051,0,0,0,1,0,1,0,0,0,1,0,1,0,0,0,0,0,0,0,0,1,0,1,0,0,0,0
6463-HHXJR,0,1.5677776925507676,1.1803394996769556,2.0764472810522725,0,1,1,1,0,1,1,0,0,1,0,1,0,1,0,0,0,1,0,0,0,1,0,0,0,0,0
9117-SHLZX,0,-1.2816237461508113,-0.6381180087294758,-0.9903459968159781,1,0,0,1,0,0,0,0,0,0,0,0,0,0,0,0,0,0,0,0,0,0,1,0,0,1,1
7016-NVRIC,1,-0.1418631706701798,0.8352307754538371,0.15603260983317505,1,1,0,1,0,0,1,0,0,1,0,0,0,1,0,0,0,0,0,1,1,0,0,0,0,0,0
5899-OUVKV,0,-0.06045170099299184,0.9812383126251565,0.2976285886322374,1,0,0,1,0,0,1,0,0,0,0,1,0,0,0,0,0,1,0,1,0,0,1,0,1,0,0
4283-IVYCI,0,-0.9559778674420595,0.0006649663950462456,-0.7698953271880425,1,0,0,1,0,0,0,0,0,1,0,0,0,0,0,1,0,0,0,1,0,0,0,0,0,1,0
8679-JOEVF,1,-0.6710377235719016,-0.18350363162786804,-0.5608601473237522,0,0,0,1,0,0,0,0,0,0,0,0,0,0,0,1,0,1,0,0,0,0,0,0,1,0,1
6579-JPICP,0,-1.2816237461508113,-1.477661347464562,-1.0014541464706022,1,0,0,1,0,0,0,1,1,0,1,0,1,0,1,0,1,0,1,0,0,0,0,0,0,1,0
3976-BWUCK,0,-0.10115743583158582,0.9679649001550363,0.2209033257015827,0,1,0,1,0,1,1,0,0,0,0,1,0,0,0,1,0,1,0,0,0,0,1,1,0,0,1
9732-OUYRN,0,0.6722515261016999,-1.5241182911099815,-0.6070489751366557,0,1,0,1,0,0,0,1,1,0,1,0,1,0,1,0,1,0,1,0,1,0,0,1,0,0,0
1684-FLBGS,0,-0.38609757970174374,0.15165003324266044,-0.2850443523421368,0,1,1,1,0,1,0,0,0,0,0,1,0,0,0,1,0,1,0,0,0,0,1,1,0,0,0
6996-KNSML,0,-1.2816237461508113,0.33084110158927976,-0.9775255236968071,0,0,0,1,0,0,1,0,0,0,0,0,0,1,0,0,0,0,0,0,0,0,1,0,1,0,1
8865-TNMNX,0,-0.9152721326034655,-0.5103614137045716,-0.8015513584172282,1,1,1,1,0,0,0,0,0,0,0,1,0,0,0,0,0,0,0,0,1,0,0,0,0,1,0
5549-ZGHFB,0,0.7129572609402939,-1.3266762806169474,-0.456562086040908,1,1,1,1,0,1,0,1,1,0,1,0,1,0,1,0,1,0,1,0,0,1,0,0,0,1,0
5334-JLAXU,0,1.1200146093262338,0.9679649001550363,1.3938229460512113,0,1,0,1,0,1,1,0,0,1,0,1,0,0,0,0,0,0,0,1,0,0,1,1,0,0,0
8073-IJDCM,0,-1.2816237461508113,-1.480979700582092,-1.0014980522004622,0,0,0,1,0,0,0,1,1,0,1,0,1,0,1,0,1,0,1,0,0,0,1,0,0,1,1
4662-EKDPQ,0,-1.2409180113122174,-0.09556727401332349,-0.9584704369374913,1,0,0,1,0,1,0,0,0,0,0,0,0,0,0,0,0,0,0,1,0,0,0,0,0,0,1
0265-EDXBD,1,-0.019745966154397852,0.33084110158927976,0.0008917133722488853,1,1,0,1,0,1,1,0,0,0,0,0,0,0,0,0,0,0,0,0,0,0,1,0,1,0,1
6147-CBCRA,0,0.020959768684196134,-1.4892755833759168,-0.7164840068131403,0,1,0,1,0,0,0,1,1,0,1,0,1,0,1,0,1,0,1,0,0,0,0,0,0,1,0
7826-VVKWT,1,-0.3453918448631497,1.0492645515345211,-0.016626672841960732,0,1,1,1,0,0,1,0,0,0,0,0,0,1,0,0,0,1,0,1,0,1,1,0,1,0,0
2403-BCASL,1,0.346605647392948,1.560290931634139,0.9806700280669702,1,1,1,1,0,1,1,0,0,0,0,1,0,1,0,1,0,1,0,1,1,0,1,0,1,0,1
1862-SKORY,1,0.30589991255435406,-0.8504926082513949,-0.29149849463158234,0,1,0,0,1,0,0,0,0,0,0,1,0,0,0,0,0,1,0,0,0,0,1,0,1,0,1
9650-VBUOG,0,0.22448844287716607,-1.3233579274994176,-0.5871816323749267,1,1,1,1,0,1,0,1,1,0,1,0,1,0,1,0,1,0,1,0,0,1,0,1,0,0,0
1891-QRQSA,1,1.2828375486806096,1.5486766957227835,2.106456847411702,1,1,1,1,0,1,1,0,0,1,0,0,0,1,0,1,0,1,0,1,0,1,1,0,0,0,0
0993-OSGPT,1,1.4456604880349857,-0.1420242176587432,0.7352369981485957,0,1,0,1,0,0,0,0,0,0,0,1,0,1,0,1,0,0,0,0,1,0,1,0,0,0,0
6559-ILWKJ,0,1.5677776925507676,-0.5169981199396313,0.5329852535477023,1,1,0,0,1,0,0,0,0,0,0,1,0,0,0,0,0,1,0,1,0,1,0,0,1,0,1
4097-YODCF,0,0.06166550352279012,1.2898451525554449,0.5134691566248548,1,0,1,1,0,1,1,0,0,1,0,1,0,0,0,0,0,1,0,1,1,0,1,0,1,0,0
4325-NFSKC,1,-0.5489205190561197,0.8518225410414869,-0.28157579968318297,1,0,0,1,0,1,1,0,0,1,0,0,0,0,0,0,0,1,0,0,0,0,1,0,1,0,1
6380-ARCEH,0,-1.2816237461508113,-1.4842980536996218,-1.0015419579303226,1,0,0,1,0,0,0,1,1,0,1,0,1,0,1,0,1,0,1,0,0,0,0,0,0,1,0
0365-BZUWY,0,-0.6303319887333076,1.24836573858632,-0.24535357254853912,1,1,0,1,0,1,1,0,0,0,0,1,0,1,0,0,0,1,0,1,0,0,1,0,1,0,0
6353-BRMMA,0,0.8757802002946699,1.2998002119080347,1.4684187810836478,0,1,1,1,0,1,1,0,0,1,0,1,0,0,0,0,0,1,0,1,0,0,1,0,0,0,0
0384-LPITE,0,0.30589991255435406,-0.09556727401332349,0.09230344294113207,1,0,0,0,1,0,0,0,0,1,0,1,0,1,0,0,0,1,0,1,1,0,0,1,0,0,0
1557-EMYVT,0,0.428017117070136,1.6631598782775683,1.1388184670233188,0,0,0,1,0,1,1,0,0,1,0,1,0,1,0,1,0,1,0,1,0,1,0,1,0,0,0
5899-MQZZL,0,-0.7931549280876836,0.3341594547068096,-0.5715950982745649,0,0,0,1,0,1,1,0,0,0,0,0,0,0,0,0,0,0,0,0,0,0,1,0,0,1,1
8042-RNLKO,0,1.3642490183577978,-1.3100845150292975,-0.26438670644292467,1,0,0,1,0,1,0,1,1,0,1,0,1,0,1,0,1,0,1,0,1,0,0,0,0,0,0
3669-OYSJI,0,-1.2816237461508113,-0.6215262431418258,-0.9901264681666773,1,0,0,1,0,0,0,0,0,0,0,0,0,0,0,0,0,0,0,0,0,0,0,1,0,0,1
6519-CFDBX,0,-1.2409180113122174,-0.6480730680820658,-0.9748692270402667,0,0,0,1,0,0,0,0,0,0,0,0,0,0,0,0,0,0,0,0,0,0,1,0,1,0,0
3417-TSCIC,0,-0.1418631706701798,-1.3299946337344775,-0.6644118111989735,1,0,0,0,1,0,0,0,0,0,0,0,0,0,0,0,0,0,0,0,1,0,1,0,0,1,0
3393-FMZPV,0,-0.30468611002455576,1.1720436168831305,0.03794814937423611,0,0,0,1,0,1,1,0,0,0,0,1,0,0,0,0,0,1,0,1,0,0,1,0,1,0,1
0623-IIHUG,1,-0.4675090493789317,-0.7642154271956153,-0.6415588788067528,0,0,0,0,1,0,0,0,0,1,0,0,0,0,0,0,0,1,0,0,0,0,1,0,1,0,1
2921-XWDJH,1,0.22448844287716607,0.6145602931380933,0.3713682619324004,0,1,0,1,0,0,1,0,0,1,0,0,0,0,0,0,0,0,0,1,0,0,1,0,1,0,0
0661-KQHNK,0,-1.0780950719578415,-1.5241182911099815,-0.9640903703595938,0,1,1,1,0,0,0,1,1,0,1,0,1,0,1,0,1,0,1,0,1,0,0,1,0,0,0
4088-YLDSU,0,0.9164859351332638,1.3014593884668002,1.5111171033726674,1,1,0,1,0,1,1,0,0,0,0,0,0,1,0,1,0,1,0,1,1,0,1,0,1,0,1
6103-LIANB,0,1.0793088744876398,1.1471559685016557,1.5632332047166941,1,1,1,1,0,1,1,0,0,0,0,0,0,1,0,0,0,1,0,1,0,1,1,1,0,0,0
2821-WARNZ,0,0.6722515261016999,-1.5091857020810966,-0.6059074261602911,0,0,1,1,0,0,0,1,1,0,1,0,1,0,1,0,1,0,1,0,1,0,0,1,0,0,0
3146-JTQHR,0,-0.9152721326034655,-1.5042081724048018,-0.9272315101419775,1,1,0,1,0,0,0,1,1,0,1,0,1,0,1,0,1,0,1,0,1,0,0,0,0,0,0
7703-ZEKEF,0,-0.38609757970174374,0.5332606417586087,-0.16869416821267466,1,0,0,1,0,1,1,0,0,0,0,0,0,1,0,0,0,0,0,0,0,0,1,0,1,0,1
0670-KDOMA,0,-1.2816237461508113,-1.4826388771408567,-1.0015200050653925,0,0,0,1,0,0,0,1,1,0,1,0,1,0,1,0,1,0,1,0,0,0,1,0,0,1,0
5150-LJNSR,0,-0.06045170099299184,1.0990398482974708,0.3428075846583569,1,1,1,1,0,1,1,0,0,1,0,0,0,1,0,0,0,1,0,0,1,0,0,0,0,0,0
4295-YURET,1,0.9571916699718578,0.25451897988608974,0.7828527621819547,0,1,1,1,0,0,0,0,0,1,0,0,0,0,0,1,0,1,0,1,0,1,1,1,0,0,0
9479-HYNYL,0,1.5677776925507676,0.5233055824060188,1.4944329260258011,0,1,0,1,0,0,0,0,0,0,0,1,0,1,0,1,0,1,0,1,0,1,1,1,0,0,0
2933-XEUJM,0,0.5501343215859179,0.473530285643069,0.5674732043528693,0,0,0,1,0,1,0,0,0,1,0,0,0,1,0,0,0,1,0,1,0,1,0,0,0,1,0
9947-OTFQU,1,-0.7117434584104956,0.31424933600162985,-0.5387316594742244,1,0,0,1,0,0,1,0,0,0,0,1,0,0,0,0,0,0,0,0,0,0,1,0,1,0,1
2303-PJYHN,0,-1.2409180113122174,-1.4959122896109767,-0.9875799358347871,0,1,0,1,0,0,0,1,1,0,1,0,1,0,1,0,1,0,1,0,0,0,0,0,0,0,0
7161-DFHUF,0,1.5677776925507676,-1.3631781649097774,-0.27626320637010193,0,1,0,1,0,1,0,1,1,0,1,0,1,0,1,0,1,0,1,0,0,1,0,0,0,1,0
1106-HRLKZ,0,0.30589991255435406,-1.5042081724048018,-0.6552355136581971,1,1,1,1,0,0,0,1,1,0,1,0,1,0,1,0,1,0,1,0,0,1,0,0,0,1,0
7845-URHJN,0,-0.9966836022806536,-1.4859572302583868,-0.9418082124555552,0,1,0,1,0,0,0,1,1,0,1,0,1,0,1,0,1,0,1,0,0,0,0,0,0,0,1
5392-AKEMH,0,-0.8338606629262776,-0.6596873039934208,-0.7807400424635056,0,0,0,1,0,0,0,0,0,0,0,0,0,0,0,0,0,0,0,0,0,0,1,0,1,0,0
5150-ITWWB,1,-1.2002122764736234,0.9928525485365113,-0.8629974273565423,1,0,0,1,0,1,1,0,0,0,0,0,0,0,0,0,0,1,0,1,0,0,1,0,1,0,0
1658-BYGOY,1,-0.5896262538947137,1.0127626672416914,-0.24094104669759162,1,0,0,1,0,1,1,0,0,0,0,0,0,0,0,0,0,1,0,1,0,0,1,0,1,0,1
9031-ZVQPT,0,1.6084834273893616,1.4358526897267645,2.4320617400547553,1,1,0,1,0,1,1,0,0,0,0,1,0,1,0,1,0,1,0,1,0,1,1,0,1,0,0
8174-TBVCF,0,1.5270719577121736,0.9911933719777464,2.0011050486122133,0,1,0,1,0,1,0,0,0,1,0,1,0,1,0,1,0,1,0,1,0,1,1,1,0,0,0
5232-NXPAY,0,0.590840056424512,0.31590851256039476,0.5308119199196237,0,0,0,1,0,0,0,0,0,0,0,0,0,1,0,1,0,1,0,1,0,1,0,0,0,1,0
2186-QZEYA,1,-0.1418631706701798,-0.21170963312687294,-0.25569337193061015,0,0,0,1,0,1,0,0,0,1,0,1,0,0,0,0,0,0,0,0,0,0,1,0,0,0,0
6855-VLGOS,0,1.6084834273893616,-1.472683817788267,-0.3814393822501496,1,1,1,1,0,0,0,1,1,0,1,0,1,0,1,0,1,0,1,0,0,1,0,0,1,0,0
8350-NYMVI,0,0.26519417771576004,-0.790762252135855,-0.3092144566301628,0,0,0,0,1,0,0,0,0,0,0,1,0,1,0,1,0,0,0,0,0,0,0,0,0,0,0
5774-XZTQC,0,-1.0373893371192475,-1.4760021709057967,-0.9442230275978649,0,1,1,1,0,0,0,1,1,0,1,0,1,0,1,0,1,0,1,0,0,0,0,0,0,1,0
1696-HXOWK,0,1.5677776925507676,1.0193993734767515,2.0001830282851496,0,1,0,1,0,1,1,0,0,1,0,1,0,0,0,0,0,1,0,0,1,0,0,0,0,1,0
1142-IHLOO,0,0.7536629957788878,0.7506127709568226,0.9547656474494673,0,0,0,1,0,0,1,0,0,0,0,0,0,0,0,0,0,1,0,1,1,0,0,1,0,0,0
3253-HKOKL,0,0.7943687306174818,1.1737027934418955,1.2922031342898377,0,1,1,1,0,0,1,0,0,1,0,0,0,1,0,0,0,1,0,1,1,0,0,0,1,0,0
4187-CINZD,1,0.5501343215859179,1.0061259610066313,0.9320663851117573,0,0,0,1,0,0,1,0,0,0,0,1,0,0,0,0,0,1,0,1,1,0,0,1,0,0,1
2037-SGXHH,0,0.22448844287716607,0.9862158423014517,0.5808644519602225,1,1,1,1,0,1,1,0,0,0,0,1,0,1,0,0,0,1,0,0,0,0,1,0,1,0,1
4881-JVQOD,1,-0.9152721326034655,-1.0081143813340692,-0.8512087388890854,1,1,1,0,1,0,0,0,0,0,0,0,0,0,0,0,0,0,0,1,0,0,1,0,0,0,0
1779-PWPMG,1,1.6084834273893616,1.6498864658074486,2.6486706583199258,0,1,0,1,0,1,1,0,0,1,0,1,0,1,0,1,0,1,0,1,0,1,1,0,0,0,0
8456-QDAVC,0,-0.5489205190561197,0.4569385200554191,-0.3539763482226106,1,0,0,1,0,0,1,0,0,0,0,0,0,0,0,0,0,1,0,0,0,0,1,0,0,0,0
0013-EXCHZ,1,-1.2002122764736234,0.6294928821669784,-0.8930069937159714,0,1,0,1,0,0,1,0,0,0,0,0,0,0,0,1,0,1,0,0,0,0,1,0,0,1,1
9110-HSGTV,0,1.4863662228735797,0.5813767619627935,1.4286840955601898,0,0,0,1,0,0,0,0,0,1,0,0,0,1,0,1,0,1,0,1,0,1,1,1,0,0,0
2228-BZDEE,0,0.8757802002946699,-1.4876164068171518,-0.5364705143864253,0,0,0,1,0,0,0,1,1,0,1,0,1,0,1,0,1,0,1,0,0,1,0,0,0,1,0
1271-SJBGZ,1,-0.8338606629262776,-0.7061442476388405,-0.7790496718638888,1,0,0,0,1,0,0,0,0,0,0,0,0,1,0,1,0,0,0,1,0,0,1,0,1,0,1
1045-LTCYT,0,-0.9966836022806536,-1.456092052200617,-0.949052657882484,0,1,1,1,0,0,0,1,1,0,1,0,1,0,1,0,1,0,1,0,0,0,0,1,0,0,0
2322-VCZHZ,1,-0.38609757970174374,0.8319124223363072,-0.12171503726228808,1,1,0,1,0,0,1,0,0,1,0,1,0,0,0,0,0,0,0,1,0,0,1,0,1,0,0
4343-EJVQB,0,-1.0373893371192475,0.3125901594428645,-0.7761299408281873,1,0,0,1,0,0,1,0,0,1,0,0,0,0,0,0,0,0,0,0,0,0,0,0,0,1,0
2079-FBMZK,0,-1.0780950719578415,0.14335415044883548,-0.8267093416271081,0,0,0,1,0,0,1,0,0,0,0,0,0,0,0,0,0,0,0,0,0,0,1,0,0,1,1
3572-UUHRS,0,0.5094285867473239,-1.5290958207862766,-0.6296165202847853,1,0,0,1,0,0,0,1,1,0,1,0,1,0,1,0,1,0,1,0,1,0,0,0,0,0,0
0988-AADSA,0,1.6084834273893616,0.5282831120823135,1.5469880846684296,0,1,1,1,0,1,0,0,0,1,0,1,0,1,0,1,0,0,0,1,0,1,0,0,0,0,0
4634-JLRJT,0,-1.2816237461508113,-1.4793205240233267,-1.0014760993355323,0,0,0,1,0,0,0,1,1,0,1,0,1,0,1,0,1,0,1,0,0,0,1,0,0,1,0
3389-KTRXV,0,-0.38609757970174374,-1.3631781649097774,-0.7357147164918967,0,1,1,1,0,1,0,1,1,0,1,0,1,0,1,0,1,0,1,0,0,1,0,0,0,1,0
0129-KPTWJ,0,1.6084834273893616,0.9862158423014517,1.9520623483583988,1,1,0,1,0,0,1,0,0,0,0,0,0,1,0,0,0,1,0,1,0,0,1,0,1,0,0
8311-UEUAB,0,1.4049547531963917,0.3507512202944595,1.2856172748108115,0,1,1,1,0,1,0,0,0,1,0,0,0,0,0,0,0,1,0,1,0,1,1,0,1,0,0
6682-VCIXC,0,0.428017117070136,-0.4539494107065617,-0.06573523169056575,0,1,1,0,1,0,0,0,0,1,0,1,0,0,0,1,0,1,0,0,1,0,1,0,0,0,0
2135-RXIHG,0,-1.2816237461508113,-0.6397771852882409,-0.9903679496809081,1,0,0,1,0,0,0,0,0,0,0,0,0,0,0,0,0,0,0,0,0,0,1,0,1,0,1
2519-LBNQL,1,1.1200146093262338,1.3080960947018598,1.7729708762587473,1,1,0,1,0,1,1,0,0,0,0,1,0,1,0,0,0,1,0,1,1,0,1,0,1,0,0
5712-PTIWW,0,-1.2409180113122174,0.4950995809070136,-0.943476630190242,1,0,0,1,0,0,1,0,0,0,0,0,0,1,0,1,0,0,0,0,0,0,1,0,1,0,1
5043-TRZWM,0,-1.2816237461508113,0.3524103968532244,-0.9772401364527159,0,0,0,1,0,0,1,0,0,0,0,0,0,1,0,0,0,0,0,0,0,0,0,0,1,0,0
9065-ZCPQX,0,1.6084834273893616,0.4619160497317138,1.5199421550745622,1,1,0,1,0,1,0,0,0,1,0,1,0,1,0,1,0,0,0,1,0,1,0,0,0,0,0
4821-SJHJV,0,-0.019745966154397852,0.8186390098661871,0.2636455537204626,0,1,1,1,0,1,1,0,0,1,0,0,0,0,0,0,0,1,0,0,0,0,0,0,1,0,0
2863-IMQDR,0,1.1607203441648277,0.8202981864249524,1.3204125657249997,0,0,0,1,0,1,0,0,0,1,0,1,0,1,0,1,0,1,0,1,0,1,0,0,1,0,0
2789-CZANW,0,1.2828375486806096,1.505538105194894,2.0618047201439045,0,1,1,1,0,1,1,0,0,1,0,1,0,0,0,1,0,1,0,1,0,1,0,0,0,0,0
3131-NWVFJ,0,-0.7524491932490895,-1.5058673489635668,-0.8811085409238641,0,1,1,1,0,0,0,1,1,0,1,0,1,0,1,0,1,0,1,0,1,0,0,0,0,1,0
0928-XUTSN,0,-0.7931549280876836,0.5166688761709587,-0.5661727406368333,0,0,0,1,0,0,1,0,0,0,0,0,0,0,0,0,0,0,0,1,0,0,1,0,1,0,0
3452-FLHYD,0,-0.30468611002455576,-1.459410405318147,-0.7930116939594243,1,1,0,1,0,0,0,1,1,0,1,0,1,0,1,0,1,0,1,0,1,0,1,0,0,0,0
7253-UVNDW,0,0.5501343215859179,-0.35108046406313215,0.0697358977930024,0,0,0,1,0,0,0,0,0,0,0,0,0,1,0,1,0,0,0,0,0,1,0,1,0,0,1
2831-EBWRN,0,-1.1595065416350294,-0.6314813024944159,-0.9227092199663794,1,0,0,1,0,0,0,0,0,0,0,0,0,0,0,0,0,0,0,0,0,0,1,0,1,0,0
6961-MJKBO,0,0.590840056424512,-1.4760021709057967,-0.5963798827806334,1,0,0,1,0,0,0,1,1,0,1,0,1,0,1,0,1,0,1,0,0,1,0,0,0,0,0
5707-ZMDJP,0,0.8350744654560759,0.1582867394777205,0.627097185502986,1,1,1,1,0,0,0,0,0,1,0,1,0,0,0,1,0,1,0,0,0,1,1,0,0,1,0
1304-BCCFO,0,-0.9559778674420595,0.16990097538907525,-0.7626069760312535,1,1,0,1,0,0,0,0,0,0,0,0,0,1,0,0,0,1,0,1,0,0,1,0,0,1,0
1679-JRFBR,0,1.5270719577121736,1.4341935131679995,2.471554944063982,0,1,1,1,0,1,1,0,0,1,0,1,0,1,0,0,0,1,0,1,1,0,1,1,0,0,0
6893-ODYYE,0,0.7129572609402939,0.8352307754538371,0.9870583117616257,1,0,0,1,0,0,1,0,0,1,0,1,0,1,0,1,0,0,0,0,1,0,1,1,0,0,0
6339-YPSAH,0,-0.9559778674420595,0.2943392172964497,-0.7011828599568696,1,0,0,1,0,0,1,0,0,0,0,0,0,1,0,0,0,0,0,0,0,0,1,0,1,0,0
0505-SPOOW,0,1.5270719577121736,-1.497571466169742,-0.39676248197135044,0,1,0,1,0,0,0,1,1,0,1,0,1,0,1,0,1,0,1,0,0,1,0,0,0,0,0
8199-ZLLSA,0,1.4049547531963917,1.7726655311560575,2.416058101520721,1,0,0,1,0,1,1,0,0,1,0,1,0,1,0,1,0,1,0,1,1,0,1,0,0,0,1
7291-CDTMJ,0,-1.2816237461508113,-1.5025489958460367,-1.0017834394445535,1,0,0,1,0,0,0,1,1,0,1,0,1,0,1,0,1,0,1,0,0,0,1,0,0,0,0
1096-ADRUX,0,1.3642490183577978,0.3092718063253347,1.123078262868446,0,1,1,1,0,1,1,0,0,0,0,0,0,0,0,0,0,0,0,0,1,0,1,0,0,0,0
3457-PQBYH,0,1.0386031396490458,-1.480979700582092,-0.5007751560101036,0,1,1,1,0,0,0,1,1,0,1,0,1,0,1,0,1,0,1,0,0,1,0,1,0,0,0
4472-LVYGI,0,-1.3223294809894055,-0.410810820178672,-0.3968393169986058,0,1,1,0,1,0,0,0,0,1,0,0,0,1,0,1,0,1,0,0,0,1,1,0,0,0,0
7538-GWHML,0,-1.2409180113122174,0.1566275629189556,-0.9466817484700346,0,0,0,1,0,0,1,0,0,0,0,0,0,0,0,0,0,0,0,0,0,0,0,0,1,0,1
5231-FIQPA,0,0.346605647392948,-1.4959122896109767,-0.6545769277102944,0,0,0,1,0,0,0,1,1,0,1,0,1,0,1,0,1,0,1,0,0,1,1,0,0,1,0
9231-ZJYAM,1,-1.1595065416350294,0.4619160497317138,-0.8818549383314872,0,0,0,1,0,0,1,0,0,0,0,0,0,0,0,0,0,1,0,0,0,0,1,0,1,0,1
7137-NAXML,0,-0.38609757970174374,-1.4859572302583868,-0.8323292750492105,1,0,0,1,0,0,0,1,1,0,1,0,1,0,1,0,1,0,1,0,1,0,0,0,0,0,0
5756-OZRIO,1,1.1607203441648277,-0.029200211662723803,0.7030540981610878,1,1,0,1,0,1,0,0,0,0,0,1,0,0,0,0,0,0,0,1,1,0,0,0,0,0,0
2717-HVIZY,0,-0.9966836022806536,-1.4892755833759168,-0.9385811413108325,0,0,1,1,0,0,0,1,1,0,1,0,1,0,1,0,1,0,1,0,0,0,0,0,0,1,0
5054-IEXZT,0,-1.2816237461508113,0.3457736906181643,-0.9773279479124364,1,0,1,1,0,0,1,0,0,0,0,1,0,0,0,0,0,0,0,0,0,0,1,0,1,0,1
4950-HKQTE,0,-0.4268033145403377,-1.2835376900890578,-0.7443860981392811,0,0,0,1,0,1,0,1,1,0,1,0,1,0,1,0,1,0,1,0,0,1,0,0,0,1,0
7377-DMMRI,0,-1.2409180113122174,-0.5684325932613462,-0.9698200681063466,1,0,0,1,0,0,0,0,0,1,0,0,0,0,0,0,0,0,0,0,0,0,1,0,1,0,1
5536-SLHPM,0,0.9164859351332638,0.42541416543888416,0.9469723803992864,0,1,0,1,0,1,1,0,0,0,0,0,0,1,0,0,0,0,0,0,0,0,1,0,1,0,1
4450-MDZFX,0,1.1200146093262338,0.3125901594428645,0.9448429525010682,1,1,1,1,0,1,1,0,0,0,0,0,0,0,0,0,0,0,0,0,0,0,0,0,0,0,0
4531-AUZNK,0,0.7536629957788878,1.0028076078891015,1.1848975305115717,0,1,1,1,0,1,1,0,0,1,0,0,0,0,0,1,0,1,0,0,1,0,1,0,0,1,0
0947-IDHRQ,0,-1.0373893371192475,0.5100321699358986,-0.7791594361885392,0,0,0,1,0,0,1,0,0,0,0,0,0,0,0,0,0,1,0,0,0,0,1,0,0,1,1
5276-KQWHG,1,-1.2409180113122174,0.15496838636019022,-0.9526090220011582,0,0,0,1,0,0,1,0,0,0,0,0,0,0,0,0,0,0,0,0,0,0,1,0,1,0,1
3842-IYKUE,0,0.1023712383613841,0.6759498258123978,0.2705387533085099,0,0,0,1,0,1,1,0,0,0,0,1,0,0,0,1,0,0,0,0,0,0,0,1,0,0,1
4701-LKOZD,0,1.5270719577121736,0.8236165395424823,1.7851547162949455,0,0,0,1,0,1,0,0,0,1,0,1,0,1,0,1,0,1,0,1,0,1,0,1,0,0,0
7577-SWIFR,0,-1.2816237461508113,0.8070247739548323,-0.9712250514618721,1,0,0,1,0,0,1,0,0,0,0,0,0,0,0,0,0,1,0,1,0,0,1,0,1,0,0
6609-MXJHJ,0,-0.10115743583158582,-1.3216987509406526,-0.6637532252510709,0,1,1,1,0,1,0,1,1,0,1,0,1,0,1,0,1,0,1,0,0,1,1,0,0,1,0
0587-DMGBH,0,-0.9966836022806536,-0.5004063543519814,-0.8499135198582103,0,0,0,1,0,0,0,0,0,1,0,0,0,0,0,0,0,0,0,0,0,0,1,0,1,0,1
2815-CPTUL,1,-1.1188008067964355,0.17653768162413533,-0.8646877979561589,1,0,0,1,0,0,1,0,0,0,0,0,0,0,0,0,0,0,0,0,0,0,1,0,0,1,1
5174-RNGBH,0,-0.9559778674420595,0.04380355692293595,-0.7379539087147656,0,0,0,1,0,0,0,0,0,0,0,1,0,0,0,1,0,1,0,0,0,0,0,0,0,1,1
1428-GTBJJ,0,-0.8745663977648716,0.3192268656779245,-0.6482984083402895,1,0,0,1,0,0,1,0,0,0,0,1,0,0,0,0,0,0,0,0,0,0,1,0,1,0,1
2162-FRZAA,0,1.2421318138420157,-0.8488334316926298,0.041153267654028915,1,1,1,0,1,0,0,0,0,0,0,1,0,1,0,1,0,0,0,0,0,1,0,0,0,0,0
8859-AXJZP,0,0.26519417771576004,-1.3648373414685424,-0.6135909288858217,1,1,1,1,0,1,0,1,1,0,1,0,1,0,1,0,1,0,1,0,0,1,1,0,0,1,0
2979-SXESE,0,-0.6303319887333076,0.9779199595076267,-0.304758025049355,0,1,1,1,0,1,1,0,0,1,0,0,0,1,0,0,0,1,0,0,0,0,0,0,1,0,1
6994-ORCWG,0,-0.7524491932490895,-0.3543988171806622,-0.6709318120832094,0,0,0,1,0,1,0,0,0,0,0,1,0,0,0,0,0,0,0,0,1,0,1,0,0,1,0
3214-IYUUQ,0,1.1607203441648277,0.9546914876849167,1.5627721945531623,0,1,0,1,0,0,1,0,0,1,0,1,0,0,0,1,0,0,0,1,1,0,0,0,0,0,0
1352-HNSAW,0,1.6084834273893616,1.681410820423983,2.598815702063697,0,1,1,1,0,1,1,0,0,1,0,1,0,1,0,1,0,1,0,1,0,1,1,0,0,0,0
1371-WEPDS,1,0.30589991255435406,-0.3029643438589475,-0.007911385464715958,1,1,0,1,0,0,0,0,0,0,0,0,0,0,0,0,0,0,0,1,1,0,0,0,1,0,0
7853-GVUDZ,0,-1.2816237461508113,-1.4859572302583868,-1.0015639107952525,0,1,1,1,0,0,0,1,1,0,1,0,1,0,1,0,1,0,1,0,0,0,1,1,0,0,1
6810-VCAEX,0,0.590840056424512,-0.8388783723400399,-0.22070050523205115,0,0,0,0,1,0,0,0,0,1,0,1,0,0,0,1,0,0,0,0,1,0,0,1,0,0,0
1689-MRZQR,0,0.06166550352279012,0.443665107585299,0.11546371544237406,1,1,1,1,0,0,1,0,0,0,0,0,0,0,0,0,0,1,0,0,0,0,0,0,1,0,1
4654-GGUII,0,-0.5896262538947137,-0.8206274301936248,-0.6978240716225662,0,0,0,0,1,0,0,0,0,1,0,1,0,0,0,1,0,0,0,0,1,0,1,0,0,1,0
7596-IIWYC,0,-0.22327464034736777,-1.4826388771408567,-0.7741102772546192,0,0,0,1,0,0,0,1,1,0,1,0,1,0,1,0,1,0,1,0,0,1,1,0,0,0,0
3190-ITQXP,0,0.5501343215859179,-1.4826388771408567,-0.6194962495520152,0,1,1,1,0,0,0,1,1,0,1,0,1,0,1,0,1,0,1,0,0,1,0,0,0,0,0
1930-QPBVZ,0,1.4456604880349857,1.0011484313303363,1.9239846341128168,1,1,1,1,0,0,1,0,0,1,0,1,0,0,0,1,0,0,0,1,0,1,0,0,0,0,0
0137-UDEUO,0,-1.2002122764736234,-1.4959122896109767,-0.9824210125762166,0,0,0,1,0,0,0,1,1,0,1,0,1,0,1,0,1,0,1,0,0,0,0,0,0,1,1
4124-MMETB,0,-0.4268033145403377,0.9862158423014517,-0.08639287758977766,1,0,0,1,0,1,1,0,0,0,0,0,0,0,0,0,0,1,0,1,0,0,1,1,0,0,1
4039-HEUNW,1,0.14307697319997809,1.0476053749757561,0.49823386836337424,1,1,0,1,0,1,1,0,0,0,0,1,0,0,0,0,0,1,0,1,0,0,1,0,1,0,1
3275-RHRNE,0,-0.1825689055087738,-0.16359351292268806,-0.2718945862490145,1,1,1,0,1,0,0,0,0,0,0,1,0,1,0,1,0,1,0,1,1,0,1,1,0,0,0
7297-DVYGA,0,0.7536629957788878,-1.4959122896109767,-0.5726927415210692,0,0,0,1,0,0,0,1,1,0,1,0,1,0,1,0,1,0,1,0,1,0,1,0,0,0,0
4132-KALRO,0,-1.1595065416350294,1.1919537355883103,-0.8351172888953315,0,0,0,1,0,1,1,0,0,0,0,0,0,0,0,1,0,1,0,1,0,0,1,0,0,1,0
6559-PDZLR,0,-0.2639803751859618,1.118949967002651,0.10347745119054637,1,0,0,1,0,0,1,0,0,0,0,0,0,1,0,1,0,1,0,1,0,0,1,0,1,0,0
7483-IQWIB,0,0.18378270803857208,0.9298038393034418,0.4890795236875279,1,1,1,1,0,1,1,0,0,0,0,1,0,1,0,0,0,1,0,0,0,0,1,0,1,0,0
8180-AKMJV,0,-1.2816237461508113,-0.6762790695810708,-0.99085091270937,0,0,0,1,0,0,0,0,0,0,0,0,0,0,0,0,0,0,0,0,0,0,1,1,0,0,0
4140-WJAWW,0,-1.1188008067964355,-1.4959122896109767,-0.9629707742481592,0,0,0,1,0,0,0,1,1,0,1,0,1,0,1,0,1,0,1,0,0,0,0,1,0,0,1
8429-XIBUM,0,-0.4268033145403377,1.2085455011759603,0.006928751228022863,1,0,0,1,0,1,1,0,0,1,0,0,0,0,0,0,0,1,0,1,0,0,1,0,0,0,1
5451-MHQOF,0,0.9571916699718578,-1.3432680462045974,-0.38183453381889115,1,1,1,1,0,1,0,1,1,0,1,0,1,0,1,0,1,0,1,0,1,0,1,0,0,1,0
8884-FEEWR,0,0.1023712383613841,-1.4710246412295018,-0.6793617122163629,1,0,0,1,0,0,0,1,1,0,1,0,1,0,1,0,1,0,1,0,1,0,0,0,0,0,0
5108-ADXWO,0,-0.8745663977648716,0.2843841579438598,-0.662787299194147,1,0,0,1,0,0,1,0,0,1,0,0,0,0,0,0,0,0,0,0,0,0,1,0,1,0,1
7872-RDDLZ,1,1.4049547531963917,-0.33282952191671733,0.625297050578719,0,0,0,1,0,1,0,0,0,0,0,1,0,0,0,0,0,0,0,0,0,0,0,0,1,0,0
4418-LZMSV,0,-0.7931549280876836,-0.10386315680714844,-0.6810740356809097,1,1,1,1,0,0,0,0,0,0,0,1,0,1,0,1,0,0,0,0,0,0,0,0,0,0,0
2361-FJWNO,0,0.30589991255435406,-0.9599982611298843,-0.40323857712572614,1,0,0,0,1,0,0,0,0,0,0,1,0,0,0,1,0,0,0,0,1,0,0,1,0,0,0
6185-TASNN,1,-1.2816237461508113,-0.618207890024296,-0.9900825624368169,1,0,0,1,0,0,0,0,0,0,0,0,0,0,0,0,0,0,0,0,0,0,0,0,1,0,0
2253-KPMNB,0,1.4863662228735797,-0.6198670665830609,0.3600625364934055,0,1,1,0,1,0,0,0,0,1,0,1,0,1,0,1,0,0,0,0,0,1,0,0,0,0,0
7758-XKCBS,0,-0.7117434584104956,-1.1690545075342733,-0.8179940542498635,1,0,0,0,1,0,0,0,0,0,0,0,0,0,0,1,0,0,0,0,0,0,1,0,1,0,1
9932-WBWIK,0,-0.8745663977648716,-1.4793205240233267,-0.9159038318380524,1,0,0,1,0,0,0,1,1,0,1,0,1,0,1,0,1,0,1,0,0,0,0,0,0,1,0
8006-PYCSW,0,-1.2409180113122174,-1.4876164068171518,-0.9929364348777283,0,0,0,1,0,0,0,1,1,0,1,0,1,0,1,0,1,0,1,0,0,0,0,0,0,1,0
1755-RMCXH,0,-1.2409180113122174,-1.480979700582092,-0.9927388590933576,1,1,1,1,0,0,0,1,1,0,1,0,1,0,1,0,1,0,1,0,0,0,0,0,0,1,0
4238-JSSWH,1,0.1023712383613841,1.2317739729986703,0.505456360925373,0,1,0,1,0,1,1,0,0,0,0,0,0,1,0,0,0,1,0,1,0,0,0,0,0,0,0
2378-YIZKA,0,1.4456604880349857,0.665994766459808,1.4517126508718512,0,1,1,1,0,0,0,0,0,1,0,1,0,1,0,1,0,1,0,1,0,1,1,1,0,0,0
8205-VSLRB,0,1.5270719577121736,0.4104815764099991,1.4036139238100303,1,1,0,1,0,1,0,0,0,1,0,0,0,1,0,1,0,0,0,1,0,1,0,1,0,0,0
0946-FKYTX,0,0.7943687306174818,-1.1557810950641534,-0.29764529681200674,1,0,0,0,1,0,0,0,0,0,0,1,0,0,0,0,0,0,0,0,1,0,0,0,0,1,0
9121-PHQSR,1,-0.6710377235719016,0.667653943018573,-0.3996163544122618,1,1,0,1,0,1,1,0,0,0,0,0,0,0,0,0,0,1,0,0,0,0,1,1,0,0,0
2862-JVEOY,0,-1.0780950719578415,-1.5191407614336867,-0.9557921874160208,1,0,0,1,0,0,0,1,1,0,1,0,1,0,1,0,1,0,1,0,1,0,0,0,0,1,0
4514-GFCFI,1,-0.6710377235719016,0.6576988836659831,-0.4176177036549333,0,0,0,1,0,1,1,0,0,0,0,0,0,0,0,0,0,1,0,0,0,0,1,0,1,0,1
2632-IVXVF,0,1.4456604880349857,1.5536542253990788,2.2874801716252007,0,1,1,1,0,1,1,0,0,1,0,0,0,1,0,1,0,1,0,1,0,1,0,1,0,0,0
1571-SAVHK,0,-0.8338606629262776,1.1620885575305409,-0.5130687603709524,1,0,0,1,0,1,1,0,0,0,0,0,0,0,0,1,0,1,0,1,0,0,1,0,0,1,1
2267-FPIMA,0,0.7129572609402939,0.9779199595076267,1.147511801535633,1,1,0,1,0,1,1,0,0,1,0,1,0,0,0,0,0,0,0,1,0,0,1,1,0,0,0
8434-VGEQQ,0,1.1607203441648277,-1.472683817788267,-0.43702403625313035,1,1,1,1,0,0,0,1,1,0,1,0,1,0,1,0,1,0,1,0,0,1,0,1,0,0,0
1456-TWCGB,0,-1.1595065416350294,-0.5203164730571613,-0.9188894214685444,1,0,0,1,0,0,0,0,0,0,0,1,0,0,0,0,0,0,0,0,0,0,0,0,0,1,0
9061-TIHDA,1,-0.7931549280876836,1.0061259610066313,-0.4687678789420364,1,1,0,1,0,1,1,0,0,0,0,0,0,0,0,0,0,1,0,1,0,0,1,0,1,0,1
4659-NZRUF,0,-0.5489205190561197,1.0028076078891015,-0.22482764383890758,0,0,0,1,0,1,1,0,0,1,0,1,0,0,0,0,0,0,0,1,0,0,1,0,1,0,1
7502-BNYGS,0,0.5501343215859179,0.13837662077254032,0.3805226066082467,0,1,0,1,0,0,0,0,0,0,0,1,0,0,0,0,0,1,0,1,0,0,1,1,0,0,0
5393-HJZSM,0,-0.019745966154397852,0.3772980452346993,0.045148689071304746,0,1,1,1,0,0,0,0,0,1,0,1,0,1,0,1,0,0,0,1,0,0,0,0,0,0,0
8644-XYTSV,0,0.387311382231542,-0.82228660675239,-0.2964817949707122,1,1,0,0,1,0,0,0,0,1,0,0,0,0,0,0,0,1,0,0,0,0,1,0,0,0,0
3748-FVMZZ,0,-1.1595065416350294,-0.82560495986992,-0.9390860572042246,1,0,0,0,1,0,0,0,0,0,0,0,0,0,0,1,0,0,0,1,0,0,1,0,1,0,0
9415-ZNBSX,0,1.5270719577121736,0.7987288911610074,1.7526644761984165,0,1,1,1,0,1,0,0,0,1,0,1,0,1,0,1,0,1,0,1,0,1,1,0,0,0,0
7025-WCBNE,1,0.590840056424512,-0.17686692539280796,0.1987528849871248,1,0,0,1,0,1,0,0,0,0,0,1,0,0,0,1,0,0,0,0,0,1,0,0,0,0,0
8226-BXGES,0,1.2828375486806096,0.8136614801898924,1.488988615523139,1,1,0,1,0,1,1,0,0,1,0,1,0,1,0,0,0,0,0,0,1,0,0,0,0,0,0
1098-TDVUQ,0,-1.2816237461508113,-1.5158224083161567,-1.0019590623639942,0,0,0,1,0,0,0,1,1,0,1,0,1,0,1,0,1,0,1,0,0,0,1,0,0,0,0
6990-YNRIO,0,1.3235432835192036,1.4507852787556494,2.035746669471891,1,1,1,1,0,1,1,0,0,1,0,0,0,1,0,1,0,1,0,1,0,1,0,0,0,0,1
6701-DHKWQ,0,1.1607203441648277,-0.45063105758903166,0.41406658422142,0,1,1,0,1,0,0,0,0,0,0,1,0,1,0,1,0,1,0,0,0,1,0,1,0,0,0
1791-PQHBB,0,-1.2409180113122174,-0.12377327551232817,-0.9551116486031882,0,0,1,1,0,0,0,0,0,1,0,0,0,0,0,0,0,0,0,1,0,0,1,1,0,0,0
3398-ZOUAA,1,-0.4675090493789317,0.13837662077254032,-0.36291116424915604,1,1,0,1,0,0,1,0,0,0,0,0,0,0,0,0,0,0,0,0,0,0,1,0,1,0,1
6275-YDUVO,0,-1.2409180113122174,0.7058150038701679,-0.9319513761019462,0,0,0,1,0,0,1,0,0,0,0,0,0,1,0,0,0,0,0,1,0,0,1,0,0,1,1
6986-IJDHX,0,0.26519417771576004,0.7091333569876977,0.42355022187121766,1,1,1,1,0,0,1,0,0,0,0,1,0,0,0,0,0,1,0,0,0,0,1,0,0,1,1
2153-MREFK,0,0.18378270803857208,1.1372009091490658,0.6380736179680296,0,1,0,1,0,1,1,0,0,1,0,0,0,1,0,1,0,0,0,1,1,0,1,0,1,0,1
2929-ERCFZ,0,-0.9966836022806536,0.9712832532725666,-0.6691316771589423,0,1,1,1,0,0,1,0,0,0,0,0,0,1,0,0,0,1,0,1,0,0,1,0,1,0,1
1409-PHXTF,1,0.8757802002946699,1.510515634871189,1.6580695812146709,1,1,0,1,0,1,1,0,0,0,0,1,0,1,0,1,0,1,0,1,0,1,1,0,1,0,0
7629-WFGLW,1,0.9571916699718578,1.0193993734767515,1.392000858262014,0,1,0,1,0,1,1,0,0,1,0,1,0,1,0,1,0,0,0,0,1,0,0,0,1,0,0
3104-OWCGK,0,1.1200146093262338,0.8634367769528422,1.383944156832672,1,1,1,1,0,0,1,0,0,0,0,1,0,1,0,0,0,1,0,0,1,0,0,0,1,0,1
4322-RCYMT,0,1.4456604880349857,0.3607062796470494,1.313936470570624,1,1,1,1,0,1,0,0,0,0,0,1,0,1,0,1,0,0,0,1,1,0,1,0,0,0,1
4074-SJFFA,0,-1.2816237461508113,-0.3378070515930122,-0.9863725282636323,0,0,0,1,0,0,0,0,0,0,0,0,0,0,0,0,0,0,0,1,0,0,1,0,0,1,1
6478-HRRCZ,0,-0.019745966154397852,0.18483356441796028,-0.04371650816568825,1,1,0,1,0,0,0,0,0,1,0,1,0,0,0,1,0,0,0,1,1,0,0,0,0,1,0
2599-CIPQE,0,1.5677776925507676,1.472354574019594,2.4067061810605046,1,1,1,1,0,0,1,0,0,1,0,1,0,1,0,1,0,1,0,1,0,1,0,1,0,0,0
3198-VELRD,0,-1.2002122764736234,0.6576988836659831,-0.8941265898274059,0,1,1,1,0,1,1,0,0,0,0,0,0,0,0,0,0,0,0,1,0,0,1,0,0,0,1
8975-SKGRX,0,1.5677776925507676,1.698002586011633,2.638396717532644,1,1,0,1,0,1,1,0,0,1,0,1,0,1,0,1,0,1,0,1,0,1,1,0,0,0,0
9103-CXVOK,0,-1.2816237461508113,-1.4992306427285067,-1.0017395337146933,1,1,1,1,0,0,0,1,1,0,1,0,1,0,1,0,1,0,1,0,0,0,0,0,1,0,0
0611-DFXKO,0,-0.5082147842175256,0.7987288911610074,-0.21112905612253316,1,1,0,1,0,0,1,0,0,0,0,0,0,0,0,0,0,1,0,1,0,0,1,0,0,1,1
6240-EURKS,0,-0.5896262538947137,-0.9931817923051841,-0.7676122292353134,0,0,1,0,1,0,0,0,0,0,0,0,0,0,0,0,0,0,0,1,0,0,1,0,1,0,1
0384-RVBPI,0,-0.5082147842175256,-0.017585975751368575,-0.39634537753767884,1,0,0,1,0,0,0,0,0,1,0,0,0,1,0,0,0,0,0,1,0,0,0,1,0,0,0
9237-HQITU,0,-1.2409180113122174,0.19147027065302033,-0.9438278760291232,0,0,0,1,0,0,1,0,0,0,0,0,0,0,0,0,0,0,0,0,0,0,1,0,1,0,1
4657-FWVFY,0,0.30589991255435406,1.042627845299461,0.7086740315831901,0,1,1,1,0,1,1,0,0,0,0,1,0,1,0,0,0,1,0,0,0,0,1,1,0,0,0
9509-MPYOD,0,0.1023712383613841,-1.466047111553207,-0.7028732305564862,0,0,0,1,0,0,0,1,1,0,1,0,1,0,1,0,1,0,1,0,1,0,0,0,0,1,0
4114-QMKVN,0,0.9571916699718578,0.12676238486118555,0.6647683017230157,0,1,1,1,0,1,0,0,0,1,0,1,0,0,0,0,0,0,0,1,1,0,0,0,0,0,0
1482-OXZSY,0,-0.10115743583158582,1.1770211465594258,0.2787710776572926,1,0,0,1,0,1,1,0,0,1,0,0,0,0,0,0,0,1,0,1,0,0,1,0,0,0,0
6656-GULJQ,0,1.6084834273893616,0.6178786462556232,1.6648969222079282,1,1,1,1,0,1,0,0,0,1,0,0,0,1,0,1,0,1,0,1,0,1,1,1,0,0,0
9919-YLNNG,0,0.387311382231542,1.2898451525554449,0.8896095443369687,0,0,0,1,0,0,1,0,0,0,0,1,0,1,0,1,0,1,0,1,0,0,1,0,0,0,0
2999-AANRQ,0,-0.4675090493789317,0.2030845065643751,-0.3409143935892087,0,0,0,1,0,0,0,0,0,1,0,1,0,0,0,1,0,1,0,0,0,1,0,1,0,0,0
8752-IMQOS,0,-1.1188008067964355,-1.4876164068171518,-0.9730471392510694,1,1,1,1,0,0,0,1,1,0,1,0,1,0,1,0,1,0,1,0,1,0,0,0,0,1,0
8945-MUQUF,0,0.7536629957788878,0.9911933719777464,1.1135726723537185,1,0,0,1,0,1,1,0,0,1,0,1,0,0,0,0,0,1,0,0,1,0,1,0,1,0,1
3079-BCHLN,0,0.590840056424512,-1.4942531130522119,-0.5964018356455634,1,1,0,1,0,0,0,1,1,0,1,0,1,0,1,0,1,0,1,0,1,0,0,0,0,0,0
0506-YLVKJ,0,0.5501343215859179,-1.4842980536996218,-0.6075977967599079,1,1,1,1,0,0,0,1,1,0,1,0,1,0,1,0,1,0,1,0,0,1,1,0,0,1,0
5130-YPIRV,0,1.2014260790034217,0.23460886118091004,0.8705983633075132,0,1,0,1,0,0,0,0,0,1,0,1,0,1,0,0,0,1,0,0,0,1,1,1,0,0,0
7661-CPURM,0,-0.5489205190561197,0.7555903006331177,-0.25261997084039794,1,0,0,1,0,0,1,0,0,0,0,0,0,0,0,1,0,0,0,1,1,0,1,1,0,0,0
3707-LRWZD,0,-0.019745966154397852,0.634470411843273,0.21098063075318332,0,0,0,1,0,1,1,0,0,0,0,0,0,0,0,0,0,1,0,0,1,0,0,0,1,0,1
1428-IEDPR,0,0.7943687306174818,1.472354574019594,1.5060020858439567,1,0,0,1,0,1,1,0,0,1,0,0,0,1,0,1,0,1,0,1,0,1,1,0,1,0,0
6368-TZZDT,0,-1.1595065416350294,-1.5075265255223318,-0.9678882159924989,1,1,1,1,0,0,0,1,1,0,1,0,1,0,1,0,1,0,1,0,0,1,0,1,0,0,0
5135-RDDQL,0,1.2421318138420157,-0.47385952941174164,0.4039024077587896,0,1,1,1,0,0,0,0,0,1,0,0,0,0,0,0,0,0,0,0,0,1,1,0,0,0,0
7966-YOTQW,0,-0.9152721326034655,-0.3461029343868372,-0.7609385582965669,1,0,0,1,0,1,0,0,0,1,0,0,0,0,0,0,0,0,0,0,0,0,1,1,0,0,0
1345-GKDZZ,0,-1.0780950719578415,-1.5058673489635668,-0.9539481467618935,1,0,1,1,0,0,0,1,1,0,1,0,1,0,1,0,1,0,1,0,0,0,0,0,0,1,0
3791-LGQCY,1,0.9571916699718578,1.1853170293532507,1.4869689519495715,0,1,0,1,0,1,1,0,0,0,0,0,0,1,0,0,0,1,0,1,0,0,1,0,0,0,1
8097-VBQTZ,0,0.8757802002946699,0.16492344571278056,0.6945802922980742,1,0,0,1,0,0,0,0,0,1,0,1,0,0,0,1,0,1,0,0,0,0,1,0,0,1,0
3315-TOTBP,0,-0.7117434584104956,0.3673429858821094,-0.5139029692382958,1,0,0,1,0,1,1,0,0,0,0,0,0,0,0,0,0,0,0,0,0,0,1,0,0,1,1
7929-DMBCV,0,-0.5082147842175256,0.5332606417586087,-0.27117014170632164,0,1,0,1,0,0,1,0,0,0,0,0,0,1,0,1,0,0,0,0,0,0,1,0,0,1,0
9961-JBNMK,1,-0.4675090493789317,1.057560434328346,-0.11899288201095726,1,0,0,1,0,0,1,0,0,0,0,0,0,1,0,0,0,1,0,1,0,0,1,0,0,0,1
3099-OONVS,0,-0.30468611002455576,-0.3527396406218973,-0.44104141053533635,1,1,1,1,0,0,0,0,0,1,0,0,0,0,0,1,0,0,0,0,0,0,0,0,1,0,0
4462-CYWMH,1,1.2014260790034217,0.8252757161012472,1.4612840999813694,1,1,0,1,0,1,1,0,0,0,0,1,0,0,0,0,0,0,0,1,0,0,1,0,0,0,0
1469-LBJQJ,0,1.3642490183577978,1.336302096200865,2.035263706443429,0,1,0,1,0,1,1,0,0,0,0,1,0,1,0,0,0,1,0,1,0,0,1,0,1,0,0
9572-MTILT,0,1.0793088744876398,1.3877365695225796,1.734970467064766,1,1,0,1,0,1,1,0,0,1,0,1,0,1,0,1,0,1,0,0,0,0,1,0,1,0,1
3363-DTIVD,0,1.5677776925507676,1.3479163321122196,2.2410279094331362,1,1,1,1,0,1,1,0,0,1,0,0,0,1,0,0,0,1,0,1,0,1,0,0,1,0,0
0771-WLCLA,0,-0.6710377235719016,1.5934744628094386,-0.1838635978793649,0,1,1,1,0,1,1,0,0,1,0,0,0,1,0,1,0,1,0,1,0,0,1,0,1,0,0
4003-OCTMP,0,-0.06045170099299184,-0.0308593882214887,-0.1714821820587957,0,1,0,1,0,0,0,0,0,1,0,0,0,0,0,1,0,0,0,1,1,0,1,0,1,0,0
4994-OBRSZ,0,-0.7524491932490895,0.3706613389996392,-0.5472932767969584,1,0,1,1,0,0,0,0,0,1,0,1,0,1,0,1,0,0,0,1,0,1,0,0,0,0,0
0967-BMLBD,0,-0.8745663977648716,-1.4909347599346818,-0.9242020147816254,0,1,1,1,0,0,0,1,1,0,1,0,1,0,1,0,1,0,1,0,1,0,1,0,0,1,0
0928-JMXNP,1,-1.1595065416350294,-1.1624178012992135,-0.9584923898024216,1,1,0,0,1,0,0,0,0,0,0,0,0,1,0,0,0,0,0,0,0,0,1,0,1,0,0
4811-JBUVU,0,-0.10115743583158582,0.8285940692187774,0.18520796732526104,1,0,0,1,0,1,1,0,0,0,0,0,0,0,0,1,0,0,0,1,0,0,1,1,0,0,0
8242-JSVBO,0,-1.0373893371192475,-0.6729607164635407,-0.8688149365630153,1,0,0,1,0,0,0,0,0,0,0,0,0,0,0,0,0,0,0,0,0,0,1,0,0,0,0
9127-QRZMH,0,0.46872285190873,-0.168571042598983,0.13287233733193304,1,1,0,1,0,0,0,0,0,1,0,1,0,0,0,1,0,0,0,0,1,0,1,0,0,0,0
4878-BUNFV,0,0.387311382231542,-1.4677062881119718,-0.6464982734160224,1,1,1,1,0,0,0,1,1,0,1,0,1,0,1,0,1,0,1,0,0,1,0,0,0,1,0
3583-EKAPL,0,-1.2816237461508113,-0.3295111687991873,-0.9862627639389818,1,0,0,1,0,0,0,0,0,0,0,0,0,0,0,0,0,0,0,1,0,0,1,0,1,0,1
9135-MGVPY,0,1.4863662228735797,0.6560397071072182,1.570763037387714,1,1,0,1,0,0,0,0,0,1,0,1,0,1,0,1,0,1,0,1,0,1,1,0,0,1,0
5857-TYBCJ,1,0.46872285190873,0.8053655973960674,0.7634683824486876,1,1,0,1,0,1,1,0,0,0,0,0,0,1,0,0,0,1,0,0,0,0,1,0,1,0,0
4925-LMHOK,0,-0.7117434584104956,-0.2100504565681078,-0.597828771866019,1,0,0,1,0,1,0,0,0,0,0,1,0,0,0,1,0,0,0,0,0,0,1,1,0,0,1
9507-HSMMZ,0,0.8757802002946699,-1.4909347599346818,-0.505648692024583,1,0,0,1,0,0,0,1,1,0,1,0,1,0,1,0,1,0,1,0,0,1,0,0,0,1,0
7977-HXJKU,0,-0.4675090493789317,-1.5042081724048018,-0.8361051678171855,1,0,1,1,0,0,0,1,1,0,1,0,1,0,1,0,1,0,1,0,0,1,0,0,0,1,0
0027-KWYKW,0,-0.38609757970174374,0.6245153524906832,-0.19817686581378172,0,1,1,1,0,1,1,0,0,0,0,0,0,0,0,0,0,1,0,0,0,0,1,0,1,0,0
2969-QWUBZ,0,-1.2409180113122174,-0.44897188103026675,-0.9679101688574289,0,0,0,0,1,0,0,0,0,0,0,1,0,0,0,0,0,1,0,1,0,0,0,0,1,0,0
4291-SHSBH,0,-1.0373893371192475,0.15330920980142534,-0.7815083927360587,1,0,0,1,0,0,1,0,0,0,0,0,0,0,0,0,0,0,0,0,0,0,1,0,1,0,0
0206-OYVOC,0,0.5501343215859179,-1.5158224083161567,-0.6309775979104507,0,1,1,1,0,0,0,1,1,0,1,0,1,0,1,0,1,0,1,0,0,1,1,0,0,1,0
7905-NJMXS,1,-1.0373893371192475,-0.024222681986428636,-0.8018586985262495,1,1,0,1,0,1,0,0,0,1,0,1,0,0,0,1,0,0,0,0,0,0,0,0,1,0,0
6177-PEVRA,0,0.631545791263106,-0.3129194032115374,0.14314627811921388,0,0,0,1,0,0,0,0,0,1,0,1,0,0,0,0,0,0,0,0,0,1,0,1,0,0,0
2929-QNSRW,0,0.9571916699718578,1.1056765545325309,1.408070355390838,0,1,0,1,0,1,1,0,0,0,0,1,0,0,0,0,0,1,0,1,1,0,1,0,1,0,1
9084-OAYKL,0,1.0386031396490458,-1.464387934994442,-0.47816370513211376,1,0,0,1,0,0,0,1,1,0,1,0,1,0,1,0,1,0,1,0,0,1,0,0,0,1,0
1075-BGWOH,1,-0.6710377235719016,1.1222683201201809,-0.31338550096687934,1,1,0,1,0,1,1,0,0,0,0,0,0,1,0,0,0,1,0,1,0,0,1,0,1,0,1
8267-KFGYD,0,-1.2816237461508113,-1.456092052200617,-1.001168759226511,1,0,1,1,0,0,0,1,1,0,1,0,1,0,1,0,1,0,1,0,0,0,1,0,0,1,0
0378-XSZPU,0,1.0386031396490458,-0.1536384535700982,0.554301485394817,1,1,0,1,0,0,0,0,0,1,0,1,0,1,0,0,0,0,0,0,1,0,0,1,0,0,1
3778-FOAQW,0,-0.3453918448631497,-1.4859572302583868,-0.8098275884958711,0,1,0,1,0,0,0,1,1,0,1,0,1,0,1,0,1,0,1,0,1,0,0,0,0,1,0
6985-HAYWX,0,-0.2639803751859618,0.4768486387605988,-0.12535921284068255,0,1,0,1,0,1,1,0,0,0,0,1,0,0,0,0,0,0,0,0,0,0,0,0,0,0,0
0902-XKXPN,0,1.4863662228735797,-1.4842980536996218,-0.40604854383677735,1,1,1,1,0,0,0,1,1,0,1,0,1,0,1,0,1,0,1,0,0,1,0,0,0,0,0
8382-SHQEH,0,-0.9966836022806536,0.6626764133422782,-0.6745540347966738,0,1,0,1,0,1,1,0,0,0,0,0,0,0,0,0,0,0,0,1,0,0,1,0,1,0,1
8224-UAXBZ,0,1.0386031396490458,-0.6497322446408307,0.10483852881621174,0,1,0,0,1,0,0,0,0,1,0,1,0,0,0,0,0,1,0,0,1,0,1,0,1,0,0
8963-MQVYN,0,-0.4268033145403377,-1.472683817788267,-0.8041198436140484,0,0,1,1,0,0,0,1,1,0,1,0,1,0,1,0,1,0,1,0,0,0,1,0,1,0,0
2521-NPUZR,0,1.5270719577121736,1.1969312652646056,2.100529573880578,1,1,0,1,0,0,1,0,0,1,0,1,0,1,0,1,0,0,0,1,0,1,0,1,0,0,0
8612-GXIDD,0,-0.8338606629262776,-1.3117436915880627,-0.8729859808997319,1,1,1,1,0,1,0,1,1,0,1,0,1,0,1,0,1,0,1,0,0,1,1,0,0,0,0
0754-EEBDC,0,-1.1595065416350294,-1.4942531130522119,-0.976757173424254,1,1,1,1,0,0,0,1,1,0,1,0,1,0,1,0,1,0,1,0,0,1,0,0,0,1,0
7802-EFKNY,0,-1.1188008067964355,-1.3266762806169474,-0.9663295625824626,1,1,0,0,1,0,0,0,0,0,0,0,0,0,0,0,0,0,0,0,0,0,1,0,1,0,1
7123-WQUHX,0,0.22448844287716607,0.9978300782128064,0.5726540804763698,1,0,0,1,0,1,1,0,0,0,0,0,0,1,0,1,0,1,0,0,1,0,0,0,0,0,0
6923-JHPMP,0,-1.2409180113122174,0.5150096996121938,-0.9502161597237787,0,0,0,1,0,0,1,0,0,1,0,0,0,1,0,0,0,0,0,0,0,0,1,0,1,0,0
2581-VKIRT,0,1.0793088744876398,0.018915908541461066,0.6585775938127312,0,1,1,1,0,1,0,0,0,1,0,1,0,0,0,1,0,0,0,0,1,0,0,0,0,1,0
3154-CFSZG,0,0.590840056424512,0.8335715988950722,0.8060569404130568,1,1,1,1,0,0,1,0,0,1,0,0,0,1,0,0,0,0,0,1,0,0,0,0,1,0,0
8220-OCUFY,0,-0.4675090493789317,-0.1552976301288631,-0.45792316366657343,0,0,0,1,0,0,0,0,0,1,0,0,0,1,0,1,0,0,0,0,1,0,1,0,1,0,0
2656-FMOKZ,1,-0.7117434584104956,0.31590851256039476,-0.5073829683540598,0,0,0,1,0,1,1,0,0,0,0,0,0,0,0,0,0,0,0,0,0,0,1,0,0,1,1
6637-KYRCV,0,-1.1188008067964355,-1.1425076825940335,-0.9370005350358662,0,1,1,0,1,0,0,0,0,0,0,1,0,0,0,0,0,0,0,0,0,0,1,0,1,0,0
9474-PHLYD,0,-0.7117434584104956,-0.18184445506910288,-0.6184864177652311,0,0,0,1,0,0,0,0,0,0,0,0,0,1,0,0,0,0,0,1,0,0,1,0,1,0,1
5376-PCKNB,0,1.6084834273893616,1.31141444781939,2.2645174749083297,1,1,1,1,0,1,1,0,0,0,0,1,0,1,0,0,0,1,0,1,1,0,1,1,0,0,0
7605-SNLQG,0,0.5094285867473239,-0.4871329418818615,-0.035023173653373645,0,1,0,1,0,0,0,0,0,0,0,0,0,1,0,0,0,0,0,0,0,0,1,1,0,0,0
1116-FRYVH,0,0.631545791263106,-0.8471742551338649,-0.14167019148373727,0,1,1,0,1,0,0,0,0,1,0,1,0,0,0,1,0,0,0,0,0,1,0,0,0,1,0
3629-ZNKXA,1,-0.6303319887333076,1.2234780902048452,-0.24098495242745174,1,0,0,1,0,0,1,0,0,0,0,1,0,1,0,0,0,1,0,1,0,0,1,0,1,0,0
4011-ARPHK,0,-0.22327464034736777,-0.48381458876433153,-0.39074739698050664,1,0,0,1,0,0,0,0,0,1,0,0,0,0,0,0,0,0,0,0,0,0,0,0,0,1,0
7446-KQISO,0,0.5094285867473239,1.4872871630484792,1.141255235030558,1,1,1,1,0,1,1,0,0,0,0,1,0,1,0,1,0,1,0,1,0,1,1,0,0,0,0
1465-VINDH,0,-0.9152721326034655,1.233433149557435,-0.5411245217516039,0,1,1,1,0,1,1,0,0,0,0,1,0,1,0,0,0,1,0,1,0,0,1,1,0,0,1
3716-UVSPD,0,-1.2816237461508113,-0.5186572964983965,-0.9887653905410118,1,0,0,1,0,0,0,0,0,0,0,0,0,0,0,1,0,0,0,0,0,0,1,0,1,0,0
4391-LNRXK,0,-0.4268033145403377,0.9961709016540415,-0.06959893591826097,1,0,0,1,0,0,1,0,0,0,0,1,0,1,0,1,0,0,0,1,0,0,1,0,0,0,0
1047-NNCBF,0,-0.5082147842175256,0.18649274097672516,-0.35465688703544324,1,0,0,1,0,0,1,0,0,0,0,0,0,0,0,0,0,0,0,0,0,0,0,1,0,0,0
5215-LNLDJ,0,-1.0373893371192475,-1.3349721634107725,-0.9449694250054878,0,1,1,0,1,0,0,0,0,0,0,0,0,0,0,0,0,0,0,0,0,0,1,0,1,0,0
6888-SBYAI,0,-1.2816237461508113,-0.4722003528529765,-0.9881507103229694,1,0,0,1,0,0,0,0,0,1,0,0,0,0,0,0,0,0,0,0,0,0,1,0,0,1,0
4104-PVRPS,0,-0.3453918448631497,-0.37596811244460704,-0.43289689764627404,1,1,0,1,0,0,0,0,0,1,0,0,0,0,0,1,0,0,0,0,0,0,0,0,0,1,0
5220-AGAAX,0,1.4456604880349857,-1.3582006352334823,-0.2796878532991955,1,1,1,1,0,1,0,1,1,0,1,0,1,0,1,0,1,0,1,0,0,1,1,0,0,0,0
8875-AKBYH,1,-0.5082147842175256,0.6444254711958629,-0.24416811784231437,1,0,0,1,0,1,1,0,0,0,0,0,0,0,0,0,0,1,0,0,0,0,1,0,1,0,0
7089-XXAYG,0,-0.30468611002455576,-0.8903128456617546,-0.5843497127989455,1,1,0,0,1,0,0,0,0,0,0,0,0,1,0,0,0,1,0,0,1,0,1,1,0,0,0
6702-OHFWR,1,-1.2816237461508113,-0.7177584835501956,-0.9913997343326222,1,0,0,0,1,0,0,0,0,0,0,1,0,1,0,0,0,0,0,1,0,0,1,0,1,0,1
6211-WHMYA,1,1.2828375486806096,-0.6995075414037805,0.19743571309131955,0,0,0,0,1,0,0,0,0,0,0,1,0,0,0,1,0,1,0,0,0,0,1,0,1,0,0
4049-ZPALD,0,1.2828375486806096,1.1305642029140057,1.7889306090629207,0,1,0,1,0,0,1,0,0,1,0,0,0,1,0,0,0,1,0,1,0,1,1,0,0,0,0
6286-ZHAOK,0,-0.5082147842175256,-1.3067661619117676,-0.7876332420515529,0,1,1,1,0,1,0,1,1,0,1,0,1,0,1,0,1,0,1,0,0,0,1,0,0,0,0
0080-OROZO,0,0.1023712383613841,1.1388600857078308,0.5403394632992815,0,0,0,1,0,0,1,0,0,0,0,0,0,1,0,1,0,1,0,1,1,0,1,0,1,0,0
0266-GMEAO,0,1.6084834273893616,1.6382722298960932,2.527754278285005,1,1,1,1,0,1,1,0,0,1,0,1,0,1,0,1,0,1,0,1,0,1,1,1,0,0,0
8597-CWYHH,0,0.428017117070136,0.9762607829488613,0.7112644696449405,1,0,0,1,0,1,1,0,0,0,0,0,0,0,0,0,0,1,0,1,1,0,0,0,0,1,0
9391-LMANN,0,0.8350744654560759,1.0293544328293414,1.2010767919650456,1,0,1,1,0,0,1,0,0,1,0,1,0,1,0,0,0,0,0,1,1,0,0,0,1,0,0
4656-CAURT,0,1.4863662228735797,-1.3598598117922474,-0.25826185712743044,1,0,0,1,0,1,0,1,1,0,1,0,1,0,1,0,1,0,1,0,0,1,0,0,0,0,0
1660-HSOOQ,0,-1.2816237461508113,-0.5070430605870415,-0.9886117204865011,1,0,0,1,0,0,0,0,0,0,0,0,0,1,0,0,0,0,0,0,0,0,1,0,0,1,1
6578-KRMAW,0,-0.019745966154397852,0.9447364283323268,0.29767249436209775,1,0,0,1,0,0,1,0,0,1,0,1,0,1,0,0,0,0,0,1,0,0,1,1,0,0,0
0825-CPPQH,0,1.5677776925507676,-1.5207999379924515,-0.4078267258961144,0,1,0,1,0,0,0,1,1,0,1,0,1,0,1,0,1,0,1,0,0,1,0,1,0,0,0
8859-DZTGQ,0,0.020959768684196134,-1.4793205240233267,-0.707571143651525,1,0,0,1,0,0,0,1,1,0,1,0,1,0,1,0,1,0,1,0,0,1,0,0,0,1,0
3675-YDUPJ,0,-0.9152721326034655,-1.4959122896109767,-0.925650903867011,1,0,0,1,0,0,0,1,1,0,1,0,1,0,1,0,1,0,1,0,0,0,1,0,0,1,0
6509-TSGWN,0,0.18378270803857208,-1.2769009838539978,-0.6101662819567281,0,1,1,1,0,1,0,1,1,0,1,0,1,0,1,0,1,0,1,0,0,0,0,0,0,1,0
1410-RSCMR,0,-1.0373893371192475,0.21303956591696496,-0.7839671136082283,1,1,1,1,0,0,0,0,0,1,0,0,0,1,0,1,0,0,0,1,0,0,1,1,0,0,0
3164-YAXFY,0,0.9978974048104517,-0.3709905827683121,0.3928162109690956,1,0,0,0,1,0,0,0,0,1,0,0,0,1,0,0,0,1,0,1,0,0,1,0,1,0,0
0932-YIXYU,0,0.590840056424512,-1.4826388771408567,-0.5582697092620019,0,0,0,1,0,0,0,1,1,0,1,0,1,0,1,0,1,0,1,0,0,1,0,1,0,0,0
0018-NYROU,0,-1.1188008067964355,0.13339909109624562,-0.8560822749035648,0,1,0,1,0,0,1,0,0,0,0,0,0,0,0,0,0,0,0,0,0,0,1,0,1,0,0
4446-BZKHU,0,1.1607203441648277,1.3479163321122196,1.747505552939846,1,1,0,1,0,1,1,0,0,0,0,1,0,1,0,0,0,1,0,1,0,0,1,0,1,0,1
7101-HRBLJ,0,1.6084834273893616,0.6228561759319183,1.666477528482894,0,1,1,1,0,0,0,0,0,1,0,1,0,1,0,1,0,1,0,1,0,1,1,0,0,0,0
7601-GNDYK,0,0.1023712383613841,-1.5042081724048018,-0.7088005040876098,1,1,1,1,0,0,0,1,1,0,1,0,1,0,1,0,1,0,1,0,0,1,0,0,0,1,0
7901-TBKJX,1,0.9571916699718578,1.1985904418233704,1.4456756130160773,1,0,0,1,0,1,1,0,0,0,0,0,0,1,0,0,0,1,0,1,0,0,1,0,1,0,0
2974-GGUXS,1,0.14307697319997809,0.896620308128142,0.43893918018720884,0,1,0,1,0,1,1,0,0,0,0,1,0,0,0,0,0,1,0,0,0,0,1,1,0,0,0
3211-AAPKX,0,-0.5082147842175256,1.1156316138851208,-0.11826843746826433,1,0,0,1,0,1,1,0,0,0,0,0,0,0,0,1,0,1,0,1,0,0,1,0,0,1,0
9184-GALIL,0,0.22448844287716607,-1.4760021709057967,-0.6673974008294654,0,1,1,1,0,0,0,1,1,0,1,0,1,0,1,0,1,0,1,0,0,0,0,0,0,1,0
6680-NENYN,0,0.428017117070136,1.3163919774956847,1.0794359673874327,0,0,0,1,0,1,1,0,0,0,0,1,0,1,0,0,0,1,0,1,0,1,1,0,1,0,1
4884-ZTHVF,1,-0.9966836022806536,0.7356801819279375,-0.6970996270798734,0,0,0,1,0,0,1,0,0,0,0,1,0,0,0,0,0,1,0,0,0,0,1,0,1,0,0
6202-JVYEU,0,-0.9559778674420595,-1.4942531130522119,-0.9381420840122308,1,0,0,1,0,0,0,1,1,0,1,0,1,0,1,0,1,0,1,0,1,0,1,0,1,0,0
9742-XOKTS,0,1.4049547531963917,0.8169798333074222,1.6408585351094827,1,1,1,1,0,1,1,0,0,1,0,1,0,0,0,1,0,0,0,0,1,0,0,0,1,0,0
5858-EAFCZ,0,-1.2816237461508113,-0.6795974226986006,-0.9908948184392303,1,0,0,1,0,0,0,0,0,0,0,0,0,0,0,0,0,0,0,0,0,0,0,0,0,1,0
0877-SDMBN,0,0.8757802002946699,1.2948226822317401,1.4654551443180859,0,0,0,1,0,1,1,0,0,1,0,0,0,1,0,0,0,1,0,1,1,0,1,0,0,0,1
5028-HTLJB,1,-1.2816237461508113,-1.4892755833759168,-1.0016078165251128,1,0,0,1,0,0,0,1,1,0,1,0,1,0,1,0,1,0,1,0,0,0,0,0,0,1,1
7299-GNVPL,0,-0.38609757970174374,0.6460846477546283,-0.16002278656529023,0,1,1,1,0,0,1,0,0,1,0,1,0,0,0,1,0,0,0,0,0,0,0,0,0,1,0
5609-CEBID,1,-0.5082147842175256,0.9679649001550363,-0.2278351863343295,0,0,0,1,0,1,1,0,0,0,0,1,0,1,0,0,0,0,0,1,0,0,1,0,1,0,1
9314-IJWSQ,0,-0.7524491932490895,0.659358060224748,-0.4818298335754383,0,1,1,1,0,1,1,0,0,0,0,0,0,0,0,0,0,1,0,0,0,0,1,0,1,0,0
5651-WYIPH,1,-0.5896262538947137,-0.5004063543519814,-0.630297059097618,0,0,0,1,0,0,0,0,0,0,0,1,0,0,0,0,0,0,0,0,0,0,1,1,0,0,0
2834-SPCJV,0,0.7943687306174818,0.6361295884020379,0.8988956062023954,1,1,0,1,0,0,1,0,0,1,0,0,0,0,0,0,0,1,0,0,0,0,0,0,1,0,1
7434-SHXLS,0,-1.2816237461508113,-1.461069581876912,-1.0012346178213012,0,0,0,1,0,0,0,1,1,0,1,0,1,0,1,0,1,0,1,0,0,0,0,0,0,1,1
7190-XHTWJ,0,0.22448844287716607,-1.5141632317573919,-0.6787031262684603,0,0,0,1,0,0,0,1,1,0,1,0,1,0,1,0,1,0,1,0,1,0,0,0,0,1,0
9250-WYPLL,0,-1.1188008067964355,0.3524103968532244,-0.8287948637954664,0,0,0,1,0,1,1,0,0,0,0,0,0,0,0,0,0,0,0,0,0,0,0,0,1,0,1
7989-CHGTL,0,-1.2816237461508113,-1.5042081724048018,-1.0018053923094836,1,0,0,1,0,0,0,1,1,0,1,0,1,0,1,0,1,0,1,0,0,0,1,0,0,1,1
7402-EYFXX,1,-0.2639803751859618,0.9513731345673865,0.04512673620637458,1,0,0,1,0,1,1,0,0,0,0,0,0,0,0,0,0,1,0,1,0,0,1,0,1,0,0
6723-WSNTY,1,1.3642490183577978,1.4325343366092342,2.142876650330716,0,1,0,1,0,1,1,0,0,0,0,1,0,1,0,1,0,1,0,1,1,0,1,1,0,0,0
3399-BMLVW,0,0.7536629957788878,-0.14700174733503815,0.3600844893583355,1,1,1,1,0,0,0,0,0,1,0,1,0,0,0,1,0,0,0,0,0,1,0,1,0,0,0
9494-MRNYX,0,-0.9152721326034655,0.3358186312655745,-0.6651801614715266,1,0,0,1,0,1,1,0,0,0,0,0,0,0,0,0,0,0,0,0,0,0,0,0,1,0,0
0278-YXOOG,0,-1.1188008067964355,-1.456092052200617,-0.9604242419162693,1,0,0,1,0,0,0,1,1,0,1,0,1,0,1,0,1,0,1,0,0,0,0,0,0,1,1
3496-LFSZU,0,-1.1595065416350294,0.18483356441796028,-0.8812402581134448,1,1,0,1,0,0,1,0,0,0,0,0,0,0,0,0,0,0,0,0,0,0,0,0,1,0,0
0060-FUALY,0,1.0793088744876398,0.9895341954189815,1.4472781721559735,0,1,0,1,0,1,1,0,0,1,0,1,0,0,0,0,0,1,0,0,0,0,1,0,1,0,0
5956-VKDTT,1,-1.1188008067964355,0.3125901594428645,-0.863414531790214,0,1,0,1,0,1,1,0,0,0,0,0,0,0,0,0,0,0,0,0,0,0,1,0,1,0,1
7905-TVXTA,0,-1.1188008067964355,-0.019245152310133944,-0.8555773590101727,0,0,0,1,0,0,0,0,0,1,0,0,0,0,0,1,0,1,0,0,0,0,1,0,1,0,0
2637-FKFSY,0,-1.2002122764736234,-0.6248445962593558,-0.9532676079490607,0,1,0,1,0,0,0,0,0,0,0,0,0,0,0,0,0,0,0,0,0,0,1,0,0,1,0
6137-MFAJN,0,0.631545791263106,-0.6679831867872458,-0.08639287758977766,0,0,0,0,1,0,0,0,0,1,0,1,0,0,0,0,0,1,0,0,0,0,1,0,1,0,0
8237-ULIXL,0,1.6084834273893616,-1.3299946337344775,-0.18856151097440357,0,1,0,1,0,1,0,1,1,0,1,0,1,0,1,0,1,0,1,0,0,1,0,1,0,0,0
8104-OSKWT,0,-0.8338606629262776,0.4934404043482487,-0.5708267480020118,0,0,0,1,0,1,1,0,0,1,0,0,0,0,0,0,0,0,0,0,0,0,1,0,1,0,0
5649-ANRML,1,-1.2409180113122174,1.0011484313303363,-0.9312708372891134,1,0,0,1,0,0,1,0,0,0,0,1,0,1,0,1,0,0,0,1,0,0,1,1,0,0,1
2266-SJNAT,0,1.6084834273893616,1.4673770443432994,2.409669817826066,0,1,0,1,0,1,1,0,0,0,0,1,0,1,0,1,0,1,0,1,1,0,0,1,0,0,0
6954-OOYZZ,0,-0.5896262538947137,-0.6829157758161306,-0.6731929571710085,1,1,0,1,0,0,0,0,0,0,0,0,0,0,0,0,0,0,0,0,0,0,1,0,0,0,0
3230-IUALN,0,0.5094285867473239,0.5332606417586087,0.5410419549770442,0,1,1,1,0,0,0,0,0,1,0,0,0,1,0,1,0,1,0,1,0,1,1,0,0,1,0
8486-AYEQH,0,-0.06045170099299184,0.3690021624408743,-0.03227906553711274,0,0,0,1,0,1,1,0,0,0,0,0,0,0,0,0,0,0,0,0,0,0,1,0,1,0,0
0380-ZCSBI,0,-0.9152721326034655,-1.4909347599346818,-0.9231702301299113,1,0,0,1,0,0,0,1,1,0,1,0,1,0,1,0,1,0,1,0,0,0,0,1,0,0,0
2479-BRAMR,1,0.346605647392948,0.6245153524906832,0.4268651044756609,1,1,0,1,0,1,1,0,0,1,0,0,0,1,0,0,0,0,0,0,0,0,1,0,0,0,1
9734-UYXQI,0,-1.2409180113122174,-0.5153389433808665,-0.9636293601960618,0,0,0,1,0,1,0,0,0,0,0,0,0,0,0,0,0,0,0,0,0,0,1,0,1,0,1
6993-OHLXR,0,-1.2409180113122174,0.13339909109624562,-0.9578338038545189,0,0,0,1,0,0,1,0,0,0,0,0,0,0,0,0,0,0,0,0,0,0,0,0,1,0,1
9711-FJTBX,0,0.9571916699718578,0.6942007679588127,1.094341962674962,1,1,1,1,0,0,1,0,0,0,0,1,0,1,0,1,0,0,0,0,1,0,1,0,0,1,0
0218-QNVAS,0,1.5677776925507676,1.1819986762357204,2.1129329425660774,1,1,1,1,0,1,1,0,0,0,0,1,0,0,0,0,0,1,0,1,1,0,0,0,0,0,0
7319-ZNRTR,0,-0.30468611002455576,-1.5042081724048018,-0.8298925070419707,1,1,1,1,0,0,0,1,1,0,1,0,1,0,1,0,1,0,1,0,1,0,0,0,1,0,0
1093-YSWCA,0,-0.8745663977648716,-1.5058673489635668,-0.9124352791790986,1,0,0,1,0,0,0,1,1,0,1,0,1,0,1,0,1,0,1,0,0,1,0,1,0,0,0
5348-CAGXB,0,-0.8338606629262776,0.8169798333074222,-0.561804120515746,1,0,0,1,0,1,1,0,0,0,0,0,0,1,0,0,0,1,0,0,0,0,1,0,1,0,0
2302-OUZXB,0,1.6084834273893616,0.5714217026102036,1.5292282169399893,1,1,0,1,0,1,0,0,0,0,0,1,0,1,0,0,0,1,0,1,0,1,0,0,0,0,0
1043-UXOVO,0,1.5677776925507676,1.6001111690444987,2.4991057895512414,0,0,0,1,0,1,1,0,0,1,0,1,0,1,0,1,0,1,0,1,0,1,1,1,0,0,0
9057-MSWCO,1,-0.22327464034736777,-1.1342117998002084,-0.6569258842578138,1,1,0,0,1,0,0,0,0,1,0,0,0,0,0,0,0,0,0,0,0,0,0,1,0,0,1
8008-HAWED,0,-0.7524491932490895,-0.4705411762942116,-0.6974728257836849,1,0,0,0,1,0,0,0,0,0,0,0,0,1,0,0,0,1,0,1,0,0,1,0,1,0,1
3633-CDBUW,0,-0.6303319887333076,0.5282831120823135,-0.3755560144488862,1,0,1,1,0,0,0,0,0,0,0,1,0,1,0,1,0,1,0,1,1,0,0,0,1,0,0
8267-ZNYVZ,0,0.020959768684196134,1.28818597599668,0.46528261810331345,0,1,0,1,0,0,1,0,0,1,0,0,0,1,0,1,0,1,0,1,1,0,1,0,1,0,1
3247-ZVOUO,1,-0.9152721326034655,0.6842457086062228,-0.6364438612780424,1,1,0,1,0,1,1,0,0,0,0,0,0,0,0,0,0,0,0,1,0,0,0,0,1,0,1
8868-GAGIO,0,0.5094285867473239,0.651062177430923,0.6202259387798688,1,1,0,1,0,1,1,0,0,1,0,0,0,1,0,0,0,0,0,0,0,0,1,0,0,1,0
4990-ALDGW,0,0.9978974048104517,-1.466047111553207,-0.5191936096864468,1,0,0,1,0,0,0,1,1,0,1,0,1,0,1,0,1,0,1,0,0,1,0,0,0,1,0
3941-XTSKM,0,0.387311382231542,-0.6580281274346557,-0.11076055766217445,1,1,1,0,1,0,0,0,0,0,0,1,0,1,0,0,0,0,0,1,1,0,1,1,0,0,0
2275-RBYQS,0,-1.2816237461508113,-0.6480730680820658,-0.9904777140055585,0,0,0,1,0,0,0,0,0,0,0,0,0,0,0,0,0,0,0,0,0,0,1,0,0,1,0
3345-PBBFH,0,-0.9966836022806536,-0.5103614137045716,-0.8376638212272216,1,1,0,1,0,0,0,0,0,0,0,1,0,0,0,0,0,0,0,0,0,0,1,0,0,0,0
0516-QREYC,1,-0.3453918448631497,-1.480979700582092,-0.8084665108702056,0,0,0,1,0,0,0,1,1,0,1,0,1,0,1,0,1,0,1,0,0,0,1,0,0,1,0
4277-UDIEF,0,-0.3453918448631497,0.5332606417586087,-0.16573053144711292,1,1,1,1,0,1,0,0,0,1,0,0,0,0,0,1,0,1,0,1,0,0,0,0,0,0,0
5871-DGTXZ,0,-0.019745966154397852,-1.497571466169742,-0.743595795001798,1,0,0,1,0,0,0,1,1,0,1,0,1,0,1,0,1,0,1,0,1,0,0,0,0,1,0
4581-SSPWD,0,-1.2002122764736234,0.3607062796470494,-0.9022711027164682,0,0,0,1,0,1,1,0,0,0,0,0,0,0,0,0,0,0,0,0,0,0,1,0,1,0,1
7480-QNVZJ,1,0.7129572609402939,1.0210585500355165,1.1043963748129417,1,0,0,1,0,1,1,0,0,0,0,0,0,0,0,0,0,1,0,1,0,0,1,0,1,0,1
8205-MQUGY,0,-0.8338606629262776,-0.5219756496159262,-0.7596433392656917,1,1,1,1,0,0,0,0,0,1,0,0,0,0,0,0,0,0,0,0,0,0,1,0,1,0,0
2657-VPXTA,0,-0.9152721326034655,0.7937513614847123,-0.6023291091766869,0,1,1,1,0,0,1,0,0,0,0,0,0,0,0,0,0,1,0,1,0,0,1,0,1,0,0
0366-NQSHS,0,-1.2409180113122174,-1.5125040551986266,-0.990060609571887,1,0,0,1,0,0,0,1,1,0,1,0,1,0,1,0,1,0,1,0,0,0,0,0,0,1,0
2660-EMUBI,1,-0.9152721326034655,1.0094443141241611,-0.6159837911632012,1,0,0,1,0,1,1,0,0,0,0,0,0,0,0,0,0,1,0,1,0,0,1,0,1,0,1
0564-JJHGS,0,-0.9559778674420595,1.0144218438004564,-0.646388509091372,1,0,0,1,0,1,1,0,0,0,0,0,0,0,0,0,0,1,0,1,0,0,1,0,1,0,1
3389-YGYAI,1,-0.9966836022806536,1.3462571555534548,-0.6461909333070012,0,0,0,1,0,1,1,0,0,0,0,1,0,1,0,0,0,1,0,1,0,0,1,0,1,0,1
0617-FHSGK,0,0.6722515261016999,0.34079616094186965,0.6045735460847167,1,0,1,1,0,1,1,0,0,0,0,0,0,0,0,0,0,0,0,0,0,0,0,1,0,0,1
0927-LCSMG,0,-1.0373893371192475,0.32254521879545484,-0.7713222634084982,1,0,0,1,0,0,1,0,0,0,0,0,0,1,0,0,0,0,0,0,0,0,0,0,0,1,1
3195-TQDZX,0,-1.2002122764736234,-1.4826388771408567,-0.9834308443630007,1,0,0,1,0,0,0,1,1,0,1,0,1,0,1,0,1,0,1,0,0,0,1,0,1,0,0
1644-IRKSF,0,0.020959768684196134,0.9580098408024466,0.36142361411907087,0,1,1,1,0,0,1,0,0,0,0,0,0,1,0,0,0,1,0,1,1,0,1,0,1,0,1
5118-MUEYH,0,0.631545791263106,1.3329837430833347,1.2215588149448173,0,1,0,1,0,1,1,0,0,0,0,1,0,0,0,1,0,1,0,1,0,0,1,1,0,0,0
9398-MMQTO,0,-1.2002122764736234,0.31590851256039476,-0.9133353466412323,1,0,0,1,0,0,1,0,0,0,0,1,0,0,0,0,0,0,0,0,0,0,0,1,0,0,0
9411-TPQQV,0,0.30589991255435406,-0.3444437578280723,-0.028590984228858255,0,0,0,0,1,0,0,0,0,1,0,0,0,0,0,1,0,1,0,1,1,0,1,0,0,0,0
2058-DCJBE,0,-1.1188008067964355,0.1599459160364854,-0.8678929162359518,1,0,0,1,0,0,1,0,0,0,0,0,0,0,0,0,0,0,0,0,0,0,1,0,1,0,1
3387-VATUS,0,-1.1188008067964355,0.9928525485365113,-0.8072151975691907,1,0,0,1,0,1,1,0,0,0,0,0,0,0,0,0,0,1,0,1,0,0,1,0,0,0,1
5760-IFJOZ,0,-1.2002122764736234,1.4275568069329394,-0.8727225465205709,1,0,0,1,0,1,1,0,0,0,0,1,0,1,0,0,0,1,0,1,0,0,0,0,0,1,0
7771-CFQRQ,0,0.590840056424512,-0.037496094456548765,0.30994414585801644,0,1,1,1,0,0,0,0,0,0,0,1,0,0,0,1,0,0,0,1,0,1,0,0,0,0,0
8461-EFQYM,0,0.22448844287716607,-1.3499047524396575,-0.6089369215206432,0,0,0,1,0,1,0,1,1,0,1,0,1,0,1,0,1,0,1,0,1,0,1,0,1,0,0
5397-NSKQG,0,1.4049547531963917,-0.4655636466179167,0.43042146859433494,1,1,1,0,1,0,0,0,0,1,0,0,0,0,0,0,0,1,0,1,0,1,0,1,0,0,0
1178-PZGAB,0,-0.5489205190561197,-1.4826388771408567,-0.8419665827535187,0,0,0,1,0,0,0,1,1,0,1,0,1,0,1,0,1,0,1,0,1,0,0,1,0,0,0
1098-KFQEC,0,0.9164859351332638,-1.5108448786398618,-0.5349118609763892,0,1,1,1,0,0,0,1,1,0,1,0,1,0,1,0,1,0,1,0,0,1,0,1,0,0,0
6994-FGRHH,0,1.5270719577121736,1.3678264508173998,2.271586297415818,1,1,1,1,0,0,1,0,0,0,0,1,0,1,0,1,0,1,0,1,1,0,1,0,1,0,0
0104-PPXDV,0,1.0386031396490458,-0.48547376532309666,0.2534374715279721,1,1,0,1,0,0,0,0,0,0,0,0,0,1,0,0,0,0,0,0,1,0,0,1,0,0,0
0325-XBFAC,0,-0.9966836022806536,0.9878750188602166,-0.6853767972072068,1,0,0,1,0,0,1,0,0,0,0,0,0,1,0,0,0,1,0,1,0,0,1,0,1,0,1
5729-KLZAR,0,-1.1595065416350294,0.5282831120823135,-0.8774863182103998,0,1,1,1,0,0,1,0,0,0,0,0,0,0,0,0,0,0,0,1,0,0,0,0,1,0,1
5948-UJZLF,0,-1.2409180113122174,-0.5203164730571613,-0.9678223573977086,1,0,0,1,0,0,0,0,0,0,0,1,0,0,0,0,0,0,0,0,0,0,0,0,0,1,0
9763-GRSKD,0,-0.7931549280876836,-0.4970880012344514,-0.7524867052984833,1,1,1,1,0,0,0,0,0,1,0,0,0,0,0,0,0,0,0,0,0,0,1,0,0,1,0
4919-MOAVT,0,-1.2002122764736234,0.1566275629189556,-0.913774403939834,1,0,1,1,0,0,1,0,0,0,0,0,0,0,0,0,0,0,0,0,0,0,0,0,1,0,1
0621-JFHOL,0,-0.9152721326034655,-1.1723728606518034,-0.8791108302152263,0,0,0,0,1,0,0,0,0,0,0,0,0,0,0,1,0,0,0,0,0,1,1,0,0,1,0
2669-OIDSD,0,0.631545791263106,1.1654069106480704,1.111992066078752,0,1,0,1,0,0,1,0,0,0,0,0,0,1,0,1,0,1,0,1,0,0,1,1,0,0,0
6860-YRJZP,1,-0.9559778674420595,0.3026351000902746,-0.7125324911257246,1,0,0,1,0,1,1,0,0,0,0,0,0,0,0,0,0,0,0,0,0,0,1,0,1,0,0
8019-ENHXU,0,0.387311382231542,1.145496791942891,0.8064301391168684,1,1,0,1,0,1,1,0,0,0,0,1,0,1,0,1,0,0,0,1,0,0,1,0,1,0,1
5622-UEJFI,0,0.1023712383613841,-1.3117436915880627,-0.5933942931501415,0,1,1,1,0,1,0,1,1,0,1,0,1,0,1,0,1,0,1,0,0,1,1,1,0,0,0
7580-UGXNC,1,-1.2409180113122174,-0.33448869847548224,-0.9646611448477761,0,0,0,1,0,0,0,0,0,1,0,1,0,0,0,0,0,0,0,0,0,0,0,0,0,1,1
4115-UMJFQ,0,1.4863662228735797,-0.9682941439237093,0.08382963707811834,1,0,0,0,1,0,0,0,0,0,0,1,0,1,0,0,0,0,0,0,1,0,1,0,0,0,0
4760-XOHVN,0,-1.2816237461508113,-1.5091857020810966,-1.001871250904274,0,1,1,1,0,0,0,1,1,0,1,0,1,0,1,0,1,0,1,0,0,0,0,0,0,1,1
9375-MHRRS,0,-1.0780950719578415,-0.4937696481169216,-0.8838087433102649,1,0,0,1,0,0,0,0,0,0,0,0,0,0,0,1,0,0,0,0,0,0,0,0,0,1,0
1156-ZFYDO,0,-1.2816237461508113,-1.4992306427285067,-1.0017395337146933,0,0,0,1,0,0,0,1,1,0,1,0,1,0,1,0,1,0,1,0,0,0,0,0,1,0,0
8234-GSZYK,0,0.428017117070136,-1.2769009838539978,-0.523035361049212,1,0,0,1,0,1,0,1,1,0,1,0,1,0,1,0,1,0,1,0,0,1,0,0,0,0,0
3460-TJBWI,0,-0.3453918448631497,-1.3515639289984223,-0.7430030676486857,1,1,1,1,0,1,0,1,1,0,1,0,1,0,1,0,1,0,1,0,0,1,0,0,0,1,0
4568-TTZRT,0,-0.9559778674420595,-1.477661347464562,-0.9305902984762806,1,0,0,1,0,0,0,1,1,0,1,0,1,0,1,0,1,0,1,0,0,0,0,0,0,1,0
3323-CPBWR,0,-0.38609757970174374,1.0608787874458763,-0.09477887199307114,1,0,0,1,0,1,1,0,0,0,0,0,0,1,0,1,0,1,0,0,0,0,1,1,0,0,0
2900-PHPLN,1,1.5270719577121736,-1.5058673489635668,-0.3684871919413982,0,1,0,1,0,0,0,1,1,0,1,0,1,0,1,0,1,0,1,0,0,1,1,1,0,0,0
8637-XJIVR,0,-0.8338606629262776,0.46523440284924406,-0.6032511295037506,0,0,0,1,0,1,1,0,0,1,0,0,0,0,0,0,0,0,0,0,0,0,1,0,1,0,1
7128-GGCNO,0,0.5501343215859179,0.2611556861211498,0.4162618707144287,1,0,0,1,0,1,1,0,0,0,0,0,0,0,0,0,0,0,0,0,0,0,0,0,0,0,0
9565-AXSMR,0,0.7943687306174818,-1.5174815848749215,-0.5473152296618884,1,1,1,1,0,0,0,1,1,0,1,0,1,0,1,0,1,0,1,0,0,1,0,0,0,1,0
7684-XSZIY,0,1.6084834273893616,-1.3482455758808924,-0.28893000943476216,1,1,1,1,0,1,0,1,1,0,1,0,1,0,1,0,1,0,1,0,0,1,0,0,0,0,0
8854-CCVSQ,0,-0.5896262538947137,0.5216464058472539,-0.37294362352220584,1,0,0,1,0,1,1,0,0,0,0,1,0,0,0,0,0,0,0,0,0,0,1,0,1,0,1
5840-NVDCG,0,-0.6710377235719016,0.11017061927353564,-0.5209278860159237,0,1,1,1,0,0,0,0,0,1,0,1,0,0,0,1,0,0,0,1,0,1,0,0,0,0,0
2845-KDHVX,0,1.2828375486806096,0.11182979583230053,0.9121331837552382,0,1,0,1,0,0,0,0,0,0,0,1,0,1,0,1,0,0,0,1,0,1,1,0,0,1,0
5968-VXZLG,0,-1.2409180113122174,-0.6082528306717059,-0.9718177788149844,1,0,0,1,0,0,0,0,0,0,0,0,0,0,0,0,0,0,0,0,0,0,1,0,0,0,0
9548-ZMVTX,0,1.6084834273893616,0.8468450113651922,1.8723734486621821,1,1,1,1,0,1,1,0,0,0,0,1,0,1,0,1,0,0,0,0,0,1,0,0,0,0,0
5125-CNDSP,0,1.2421318138420157,-0.807354017723505,0.1262864778529069,1,0,1,0,1,0,0,0,0,1,0,1,0,0,0,1,0,0,0,0,1,0,1,0,0,0,0
6653-CBBOM,0,-1.2816237461508113,0.1781968581829002,-0.9795451872703751,0,0,0,1,0,0,1,0,0,0,0,0,0,0,0,0,0,0,0,0,0,0,1,0,1,0,1
1934-SJVJK,0,-1.2816237461508113,-1.4859572302583868,-1.0015639107952525,1,0,0,1,0,0,0,1,1,0,1,0,1,0,1,0,1,0,1,0,0,0,0,0,0,1,1
9581-GVBXT,0,1.0793088744876398,-0.9998184985402442,-0.14094574694104445,1,1,1,0,1,0,0,0,0,1,0,0,0,1,0,0,0,0,0,0,1,0,0,0,0,1,0
3404-JNXAX,0,0.7536629957788878,0.5249647589647837,0.7971440772514413,0,1,1,1,0,1,1,0,0,0,0,0,0,0,0,1,0,0,0,0,0,0,1,0,1,0,0
6505-OZNPG,0,-1.0780950719578415,-0.05076950692666865,-0.8572677296097895,0,0,0,0,1,0,0,0,0,1,0,1,0,1,0,1,0,1,0,1,0,1,1,0,0,1,0
0602-DDUML,0,0.9978974048104517,0.1599459160364854,0.6994538283125535,0,0,0,1,0,0,0,0,0,0,0,1,0,1,0,1,0,1,0,0,0,1,0,0,0,1,0
6199-IWKGC,1,0.5501343215859179,1.1720436168831305,1.0768016235958224,0,1,0,1,0,1,1,0,0,0,0,0,0,0,0,1,0,1,0,1,1,0,0,0,1,0,0
8645-KWHJO,0,-0.7524491932490895,-0.3295111687991873,-0.6714806337064616,1,0,0,0,1,0,0,0,0,0,0,0,0,1,0,1,0,1,0,1,0,0,1,0,1,0,0
9530-EHPOH,0,-0.8745663977648716,-0.3709905827683121,-0.7434640778122175,1,0,0,1,0,1,0,0,0,0,0,0,0,1,0,0,0,0,0,0,0,0,0,0,1,0,1
2393-DIVAI,0,-1.2002122764736234,-1.4909347599346818,-0.9833210800383503,0,0,0,1,0,0,0,1,1,0,1,0,1,0,1,0,1,0,1,0,0,0,1,0,0,1,0
2150-WLKUW,0,0.30589991255435406,-0.03417774133901873,0.14650506645351727,0,1,0,1,0,1,0,0,0,0,0,1,0,0,0,0,0,1,0,0,1,0,0,0,0,0,0
6538-POCHL,0,0.020959768684196134,0.46689357940800896,0.12095193167489586,1,0,0,1,0,0,1,0,0,0,0,1,0,1,0,0,0,0,0,0,0,0,1,1,0,0,0
4299-SIMNS,0,-0.9559778674420595,0.5382381714349038,-0.6659924174739398,1,0,0,1,0,1,1,0,0,1,0,0,0,0,0,0,0,0,0,0,0,0,1,0,1,0,0
2150-UWTFY,0,-0.4268033145403377,-0.1254324520710933,-0.38604948388546795,0,1,1,1,0,0,0,0,0,1,0,1,0,1,0,0,0,0,0,0,0,0,0,0,0,1,1
4452-ROHMO,0,-0.7117434584104956,-1.5042081724048018,-0.8648195151457395,0,0,0,1,0,0,0,1,1,0,1,0,1,0,1,0,1,0,1,0,0,1,0,0,0,1,0
4367-NUYAO,0,-1.3223294809894055,-1.3001294556767078,-0.3968393169986058,1,1,1,1,0,1,0,1,1,0,1,0,1,0,1,0,1,0,1,0,0,1,0,0,0,1,0
8617-ENBDS,0,-1.2002122764736234,0.2877025110613896,-0.9083300934371723,1,0,0,1,0,0,1,0,0,0,0,0,0,1,0,0,0,0,0,0,0,0,1,1,0,0,0
0689-NKYLF,0,-0.7931549280876836,0.6062644103442684,-0.5447467444650683,1,0,0,1,0,0,1,0,0,0,0,0,0,1,0,0,0,1,0,0,0,0,1,0,1,0,1
7047-YXDMZ,0,-0.4675090493789317,-1.4909347599346818,-0.8270166817361293,1,0,0,1,0,0,0,1,1,0,1,0,1,0,1,0,1,0,1,0,0,0,0,0,0,1,0
6218-KNUBD,0,-1.0780950719578415,-0.18184445506910288,-0.8534040253820941,1,0,0,1,0,0,0,0,0,0,0,1,0,0,0,0,0,1,0,0,0,0,0,0,1,0,0
8584-KMVXD,0,-0.9966836022806536,0.3540695734119893,-0.7752737790959139,0,0,0,1,0,0,1,0,0,0,0,1,0,0,0,0,0,0,0,0,0,0,0,0,1,0,0
1763-WQFUK,0,-1.2002122764736234,-0.4788370590880366,-0.9455401994936701,1,0,0,1,0,0,0,0,0,0,0,0,0,0,0,1,0,0,0,0,0,0,1,0,0,1,0
8043-PNYSD,0,1.2421318138420157,-1.5058673489635668,-0.4635211442237457,1,1,1,1,0,0,0,1,1,0,1,0,1,0,1,0,1,0,1,0,0,1,0,0,0,1,0
9447-YPTBX,0,0.7129572609402939,-1.4959122896109767,-0.5963359770507731,0,1,0,1,0,0,0,1,1,0,1,0,1,0,1,0,1,0,1,0,1,0,1,0,0,0,0
6067-NGCEU,0,1.3235432835192036,1.5304257535763688,2.1099693058005156,0,0,0,1,0,1,1,0,0,1,0,1,0,1,0,0,0,1,0,1,0,0,1,1,0,0,0
6896-SRVYQ,1,0.46872285190873,0.29599839385521454,0.36050159379200725,1,0,0,1,0,0,1,0,0,0,0,0,0,1,0,0,0,0,0,0,0,0,0,0,1,0,0
3097-NNSPB,0,-1.2409180113122174,-0.5269531792922214,-0.9704127954594589,0,0,0,1,0,0,0,0,0,0,0,1,0,0,0,0,0,0,0,0,0,0,1,1,0,0,1
1184-PJVDB,0,-0.9152721326034655,0.4984179340245439,-0.6340509990006629,1,1,0,1,0,0,1,0,0,0,0,0,0,0,0,0,0,1,0,0,0,0,1,0,1,0,1
8634-MPHTR,1,0.590840056424512,1.1654069106480704,1.1282591389919467,1,1,0,1,0,1,1,0,0,0,0,0,0,1,0,0,0,1,0,1,0,0,1,0,1,0,1
6265-SXWBU,0,1.4863662228735797,1.0227177265942813,1.8484009201585268,1,1,1,1,0,1,1,0,0,0,0,1,0,1,0,0,0,1,0,0,1,0,0,1,0,0,0
2894-QOJRX,0,-0.30468611002455576,-1.026365323480484,-0.6358950396547902,0,1,0,0,1,0,0,0,0,0,0,0,0,0,0,0,0,1,0,0,0,0,1,0,0,0,1
5311-IHLEI,0,-0.8338606629262776,-0.46390447005915153,-0.7444519567340714,1,0,0,0,1,0,0,0,0,1,0,1,0,0,0,1,0,1,0,0,0,0,1,0,0,0,0
5605-XNWEN,1,1.6084834273893616,-1.3250171040581826,-0.21898818176750443,1,1,0,1,0,1,0,1,1,0,1,0,1,0,1,0,1,0,1,0,0,1,1,0,0,0,0
6447-GORXK,0,-0.06045170099299184,-1.3250171040581826,-0.6639068953055814,1,0,1,0,1,0,0,0,0,0,0,0,0,0,0,0,0,0,0,0,0,0,0,1,0,0,0
7908-QCBCA,0,-1.2816237461508113,0.14833168012513065,-0.9799403388391167,0,1,0,1,0,0,1,0,0,0,0,0,0,0,0,0,0,0,0,0,0,0,1,0,0,1,1
9139-TWBAS,0,-0.2639803751859618,-0.5667734167025811,-0.4877132013767017,0,1,0,0,1,0,0,0,0,1,0,1,0,1,0,0,0,1,0,0,1,0,0,0,0,0,0
5949-XIKAE,0,-0.9966836022806536,0.6178786462556232,-0.7118299994479619,0,1,1,1,0,0,1,0,0,0,0,1,0,0,0,0,0,1,0,0,0,0,1,0,1,0,1
6522-YRBXD,1,0.1023712383613841,0.9828974891839214,0.467192517352231,1,1,0,1,0,1,1,0,0,1,0,1,0,0,0,0,0,0,0,1,0,0,1,0,1,0,0
7272-QDCKA,0,-0.1825689055087738,1.1703844403243657,0.1699726790637804,1,0,0,1,0,1,1,0,0,0,0,1,0,0,0,0,0,1,0,1,1,0,0,0,1,0,0
5149-TGWDZ,0,-0.4675090493789317,1.31473280093692,-0.027186000873332554,0,0,0,1,0,0,1,0,0,0,0,1,0,1,0,1,0,1,0,1,1,0,1,0,0,1,0
6507-DTJZV,0,-0.7931549280876836,0.04878108659923111,-0.6452250072500774,1,0,1,1,0,0,0,0,0,0,0,0,0,0,0,0,0,1,0,1,0,0,0,1,0,0,0
7730-CLDSV,0,1.6084834273893616,1.118949967002651,2.1198261421541247,0,1,1,1,0,1,1,0,0,0,0,1,0,1,0,1,0,0,0,1,0,1,1,0,0,0,0
0415-MOSGF,0,-1.2816237461508113,-0.6812565992573657,-0.9909167713041603,0,0,0,1,0,0,0,0,0,0,0,0,0,0,0,0,0,0,0,0,0,0,0,0,0,1,1
6060-QBMGV,0,1.5270719577121736,-1.4959122896109767,-0.38089056062689747,1,1,0,1,0,0,0,1,1,0,1,0,1,0,1,0,1,0,1,0,0,1,0,1,0,0,0
4398-HSCJH,0,-1.2002122764736234,-0.04413280069160859,-0.9420716468347163,0,0,0,1,0,1,0,0,0,0,0,0,0,0,0,1,0,1,0,0,0,0,1,0,1,0,1
8474-UMLNT,0,-0.7931549280876836,0.0952380302446506,-0.640614905614759,0,0,0,1,0,0,0,0,0,1,0,1,0,0,0,1,0,0,0,1,0,0,0,0,0,0,0
7923-IYJWY,1,1.4049547531963917,1.698002586011633,2.4317324470808037,1,0,0,1,0,1,1,0,0,1,0,1,0,1,0,1,0,1,0,1,0,1,1,1,0,0,0
8550-XSXUQ,0,0.631545791263106,0.18649274097672516,0.4913845745051871,1,1,0,1,0,1,0,0,0,0,0,1,0,1,0,0,0,0,0,1,1,0,1,1,0,0,0
2080-CAZNM,1,0.346605647392948,1.309755271260625,0.8046300041926011,0,0,0,1,0,1,1,0,0,0,0,1,0,1,0,0,0,1,0,1,0,0,1,0,1,0,0
6169-PGNCD,0,0.9978974048104517,0.3109309828840996,0.8188554606672979,0,0,0,1,0,0,0,0,0,1,0,1,0,1,0,1,0,1,0,0,0,1,1,1,0,0,0
8950-MTZNV,0,-1.2816237461508113,-0.6630056571109506,-0.9906752897899295,1,0,0,1,0,0,0,0,0,0,0,0,0,0,0,0,0,0,0,0,0,0,1,0,0,1,0
4526-EXKKN,0,0.30589991255435406,-1.3382905165283026,-0.5827910593889093,1,0,0,1,0,1,0,1,1,0,1,0,1,0,1,0,1,0,1,0,0,1,1,0,0,1,0
6894-LFHLY,1,-1.2816237461508113,0.35904710308828447,-0.9771523249929956,1,0,0,1,0,1,1,0,0,0,0,0,0,0,0,0,0,0,0,0,0,0,1,0,1,0,1
6082-OQFBA,0,-0.38609757970174374,-1.5025489958460367,-0.8185867816029758,1,1,1,1,0,0,0,1,1,0,1,0,1,0,1,0,1,0,1,0,1,0,0,0,0,1,0
2348-KCJLT,0,0.46872285190873,-0.1138182161597383,0.18479086289158925,0,1,0,1,0,0,0,0,0,1,0,1,0,1,0,0,0,0,0,0,1,0,1,0,0,1,0
4910-AQFFX,0,-0.9559778674420595,0.4785078153193637,-0.7200842766616746,1,1,1,1,0,1,1,0,0,0,0,0,0,1,0,0,0,0,0,0,0,0,1,0,0,0,1
4818-DRBQT,0,-0.1418631706701798,0.505054640259604,-0.015836369704477514,1,1,0,1,0,1,1,0,0,0,0,1,0,0,0,0,0,0,0,0,0,0,1,0,0,0,1
5206-HPJKM,0,-0.6303319887333076,-0.3129194032115374,-0.6002655398732587,1,0,0,1,0,0,0,0,0,1,0,1,0,0,0,0,0,0,0,0,0,0,1,1,0,0,0
3205-MXZRA,0,-0.2639803751859618,-0.18184445506910288,-0.3487515663692498,1,0,0,1,0,0,0,0,0,0,0,0,0,0,0,1,0,1,0,0,1,0,0,1,0,0,0
4682-BLBUC,0,0.46872285190873,0.1997661534468453,0.41672288087796044,1,1,0,1,0,0,0,0,0,0,0,1,0,1,0,1,0,1,0,0,1,0,1,0,1,0,0
1621-YNCJH,0,0.14307697319997809,1.3645080976998696,0.6731103903964488,0,1,0,1,0,1,1,0,0,1,0,1,0,1,0,1,0,0,0,1,0,1,1,1,0,0,0
2868-LLSKM,0,1.4456604880349857,0.6211969993731534,1.5068802004411603,0,1,1,1,0,1,1,0,0,0,0,1,0,0,0,1,0,0,0,0,1,0,1,0,0,0,0
5882-CMAZQ,0,-1.1188008067964355,-1.018069440686659,-0.9386030941757625,0,1,1,0,1,0,0,0,0,0,0,1,0,0,0,1,0,0,0,0,0,0,0,0,1,0,0
8276-MQBYC,1,0.7536629957788878,1.090743965503646,1.1468093098578704,1,0,0,1,0,1,1,0,0,0,0,0,0,1,0,0,0,1,0,1,0,0,1,0,1,0,1
7164-BPTUT,0,0.9978974048104517,0.8169798333074222,1.1902979352843732,1,0,1,1,0,1,0,0,0,1,0,1,0,1,0,1,0,1,0,1,0,1,0,0,0,1,0
5115-GZDEL,0,1.6084834273893616,0.0753279115394709,1.0407330665156889,1,0,1,0,1,0,0,0,0,1,0,1,0,1,0,1,0,1,0,1,0,1,0,1,0,0,0
0356-ERHVT,0,-0.8745663977648716,-0.6314813024944159,-0.7812669112218276,1,1,0,1,0,0,0,0,0,0,0,0,0,0,0,0,0,0,0,0,0,0,1,0,0,0,0
0319-QZTCO,0,-1.2002122764736234,-0.20673210345057777,-0.9363858548178238,0,1,1,1,0,0,0,0,0,0,0,1,0,0,0,0,0,1,0,0,0,0,1,1,0,0,0
4824-GUCBY,1,-0.4268033145403377,0.5564891135813186,-0.21093148033816236,0,0,0,1,0,0,1,0,0,1,0,1,0,0,0,0,0,0,0,0,0,0,0,0,1,0,0
8164-OCKUJ,0,1.0793088744876398,-1.4710246412295018,-0.4457832293602352,0,1,1,1,0,0,0,1,1,0,1,0,1,0,1,0,1,0,1,0,0,1,0,0,0,1,0
2830-LEWOA,0,1.1607203441648277,1.293163505672975,1.8211354619153584,1,1,1,1,0,0,1,0,0,0,0,1,0,1,0,1,0,1,0,1,1,0,0,1,0,0,0
8406-LNMHF,1,1.0793088744876398,0.5979685275504434,1.1423528782770624,1,1,0,1,0,0,1,0,0,1,0,1,0,1,0,0,0,0,0,0,1,0,1,1,0,0,0
7982-VCELR,0,0.14307697319997809,0.9911933719777464,0.5551137413972302,0,0,0,1,0,0,1,0,0,0,0,1,0,0,0,0,0,1,0,1,0,0,1,1,0,0,0
2439-QKJUL,0,-1.1188008067964355,-1.4826388771408567,-0.9622024239756062,1,0,0,1,0,0,0,1,1,0,1,0,1,0,1,0,1,0,1,0,0,0,0,0,0,1,0
2740-TVLFN,0,-1.2816237461508113,-0.49045129499939155,-0.9883921918372003,1,0,0,1,0,1,0,0,0,0,0,0,0,0,0,0,0,0,0,0,0,0,1,0,1,0,0
8224-DWCKX,1,-0.8338606629262776,0.2777474517087997,-0.6468495192549037,1,0,0,1,0,1,1,0,0,0,0,0,0,0,0,0,0,0,0,0,0,0,1,1,0,0,0
5088-QZLRL,0,-1.2816237461508113,-1.469365464670737,-1.0013443821459518,1,0,0,1,0,0,0,1,1,0,1,0,1,0,1,0,1,0,1,0,0,0,0,0,1,0,0
0635-WKOLD,0,0.30589991255435406,0.19312944721178524,0.2724047468275673,1,1,0,1,0,1,0,0,0,0,0,1,0,0,0,1,0,1,0,0,1,0,0,1,0,0,0
4879-GZLFH,0,0.387311382231542,0.903257014363202,0.6911117396391204,0,1,1,1,0,0,1,0,0,0,0,0,0,1,0,0,0,1,0,1,0,0,1,0,1,0,0
0042-RLHYP,0,1.4863662228735797,-1.5008898192872717,-0.39709177494530173,0,1,1,1,0,0,0,1,1,0,1,0,1,0,1,0,1,0,1,0,0,1,0,0,0,0,0
1104-FEJAM,0,-0.1825689055087738,-0.017585975751368575,-0.21916380468694505,1,1,1,1,0,1,0,0,0,0,0,1,0,0,0,0,0,0,0,1,0,0,0,0,1,0,0
2371-KFUOG,0,1.0386031396490458,1.135541732590301,1.5014139370735686,1,0,0,1,0,0,1,0,0,1,0,1,0,0,0,0,0,1,0,1,1,0,0,0,0,0,0
8879-XUAHX,0,1.5677776925507676,1.702980115687928,2.750005082837208,1,1,0,1,0,1,1,0,0,1,0,1,0,1,0,1,0,1,0,1,0,1,1,0,1,0,0
6248-TKCQV,0,1.5270719577121736,0.5199872292884885,1.3869297464631638,0,1,1,1,0,1,0,0,0,1,0,0,0,0,0,1,0,1,0,1,0,1,1,0,0,0,0
1248-DYXUB,0,0.7943687306174818,-1.3316538102932427,-0.47076558965067444,1,1,1,1,0,1,0,1,1,0,1,0,1,0,1,0,1,0,1,0,0,1,0,0,0,1,0
6791-YBNAK,0,-0.5896262538947137,-1.3067661619117676,-0.804997958211252,1,1,1,0,1,0,0,0,0,0,0,0,0,0,0,0,0,0,0,0,0,0,0,1,0,0,0
4291-TPNFG,0,1.6084834273893616,0.5763992322864984,1.6153932117905814,1,1,0,1,0,1,0,0,0,1,0,1,0,1,0,1,0,0,0,1,0,1,1,0,0,0,0
0991-BRRFB,0,-0.5896262538947137,-0.5153389433808665,-0.6263235905452723,1,0,0,1,0,0,0,0,0,1,0,0,0,0,0,0,0,0,0,0,0,0,0,0,1,0,1
4188-PCPIG,0,0.9978974048104517,0.17985603474166512,0.8005467713156048,0,1,0,1,0,0,0,0,0,1,0,1,0,0,0,1,0,1,0,0,0,1,1,1,0,0,0
8224-IVVPA,0,-0.22327464034736777,-0.27309916580117743,-0.28467115363832524,0,0,0,1,0,0,0,0,0,1,0,1,0,0,0,0,0,0,0,0,0,0,1,0,0,1,0
8625-AZYZY,0,-0.3453918448631497,1.3180511540544502,0.1058703134679258,1,1,0,1,0,1,1,0,0,0,0,1,0,1,0,0,0,1,0,1,0,0,1,0,1,0,1
3724-BSCVH,0,-0.9152721326034655,-1.4760021709057967,-0.903983426181015,1,1,1,1,0,0,0,1,1,0,1,0,1,0,1,0,1,0,1,0,1,0,0,0,0,1,0
7980-MHFLQ,0,1.6084834273893616,-1.3283354571757127,-0.1941155858017156,0,1,1,1,0,1,0,1,1,0,1,0,1,0,1,0,1,0,1,0,0,1,0,0,0,1,0
9027-YFHQJ,0,-1.0373893371192475,-1.3233579274994176,-0.9432571015409411,1,0,0,1,0,1,0,1,1,0,1,0,1,0,1,0,1,0,1,0,0,0,1,0,0,0,0
4906-ZHGPK,0,0.8757802002946699,0.19147027065302033,0.6448351003664965,1,1,1,1,0,1,0,0,0,0,0,1,0,0,0,1,0,1,0,0,1,0,1,0,1,0,0
1394-SUIUH,1,0.46872285190873,0.6709722961361032,0.601148899155623,0,1,0,1,0,0,1,0,0,1,0,1,0,0,0,1,0,0,0,0,0,0,1,0,1,0,0
4869-EPIUS,0,0.9571916699718578,0.5299422886410788,0.9905927230153698,1,1,0,1,0,0,1,0,0,0,0,0,0,0,0,0,0,0,0,1,1,0,1,0,1,0,0
7601-WFVZV,0,-1.2816237461508113,-1.5058673489635668,-1.0018273451744135,1,0,0,1,0,0,0,1,1,0,1,0,1,0,1,0,1,0,1,0,0,0,0,0,0,1,0
8853-TZDGH,0,1.6084834273893616,1.5486766957227835,2.507645454009045,0,0,0,1,0,1,1,0,0,0,0,1,0,1,0,1,0,1,0,1,0,1,1,0,0,0,0
6178-KFNHS,0,-0.8338606629262776,0.443665107585299,-0.6111980666084421,0,0,1,1,0,1,1,0,0,1,0,0,0,0,0,0,0,0,0,0,0,0,1,0,1,0,1
3422-WJOYD,0,-0.1825689055087738,-0.35108046406313215,-0.3841176317716202,1,1,0,1,0,0,0,0,0,1,0,0,0,0,0,1,0,0,0,0,1,0,0,0,0,1,0
6728-DKUCO,0,1.6084834273893616,1.3014593884668002,2.196046489191388,0,1,1,1,0,1,1,0,0,1,0,1,0,0,0,0,0,1,0,1,1,0,1,0,1,0,0
9026-RNUJS,1,-1.1188008067964355,-0.48381458876433153,-0.9062445712688141,1,0,0,1,0,0,0,0,0,0,0,0,0,1,0,0,0,0,0,0,0,0,0,0,1,0,1
2475-MROZF,0,-0.10115743583158582,0.9978300782128064,0.24195612316953644,1,0,0,1,0,1,1,0,0,1,0,1,0,1,0,1,0,0,0,0,0,0,1,1,0,0,0
7392-YYPYJ,0,-0.4268033145403377,1.1853170293532507,0.0503295651948052,1,0,0,1,0,1,1,0,0,0,0,1,0,0,0,0,0,1,0,1,0,0,1,0,1,0,0
2360-RDGRO,0,1.3235432835192036,1.30477774158433,1.9808645071466728,1,1,0,1,0,1,1,0,0,1,0,0,0,1,0,0,0,1,0,1,0,0,1,0,1,0,0
3714-NTNFO,0,0.6722515261016999,0.6494030008721581,0.7048542330853549,0,0,0,1,0,1,1,0,0,0,0,0,0,0,0,0,0,0,0,1,0,0,1,0,1,0,0
9625-QSTYE,0,-0.7931549280876836,0.5382381714349038,-0.5922966499036371,0,0,0,1,0,0,1,0,0,0,0,1,0,1,0,0,0,0,0,0,0,0,1,0,1,0,1
1725-IQNIY,0,0.8757802002946699,1.4872871630484792,1.6723169905542974,1,1,0,1,0,0,1,0,0,1,0,1,0,1,0,1,0,1,0,1,0,1,0,0,0,0,1
8727-JQFHV,0,0.9978974048104517,-1.466047111553207,-0.5172837104375291,1,1,1,1,0,0,0,1,1,0,1,0,1,0,1,0,1,0,1,0,0,1,0,0,0,1,0
6145-NNPNO,0,-1.2816237461508113,-0.6895524820511906,-0.9910265356288107,0,0,0,1,0,0,0,0,0,0,0,0,0,0,0,0,0,0,0,0,0,0,0,0,0,0,0
0730-BGQGF,0,1.5677776925507676,0.841867481688897,1.7500740381366664,1,1,1,1,0,1,0,0,0,1,0,1,0,1,0,1,0,1,0,1,0,1,0,1,0,0,0
0623-GDISB,0,-1.2816237461508113,-0.5468632979974012,-0.9891385892448233,0,0,0,1,0,0,0,0,0,1,0,0,0,0,0,0,0,0,0,0,0,0,1,0,0,0,0
8469-SNFFH,0,1.5270719577121736,0.48016699187812906,1.4170929828771037,1,1,0,1,0,1,0,0,0,1,0,1,0,1,0,1,0,1,0,0,1,0,0,0,0,0,0
4254-QPEDE,0,0.7943687306174818,0.04380355692293595,0.4516937947115894,0,1,0,0,1,0,0,0,0,1,0,1,0,1,0,1,0,1,0,1,0,1,0,1,0,0,0
1020-JPQOW,0,0.9571916699718578,0.850163364482722,1.2360696586636049,0,1,0,1,0,1,1,0,0,0,0,1,0,1,0,1,0,0,0,0,0,0,0,0,1,0,0
4801-JZAZL,0,-0.8745663977648716,-1.1723728606518034,-0.8582995142615035,0,1,1,0,1,0,0,0,0,1,0,0,0,0,0,0,0,0,0,0,0,0,1,0,1,0,0
6377-KSLXC,0,-1.1188008067964355,-1.4925939364934466,-0.963409831546761,1,0,0,1,0,0,0,1,1,0,1,0,1,0,1,0,1,0,1,0,0,0,0,0,0,1,0
4177-JPDFU,0,-0.8338606629262776,-1.026365323480484,-0.8161500135957361,1,0,0,0,1,0,0,0,0,0,0,1,0,0,0,1,0,0,0,0,0,0,0,0,0,1,0
2672-HUYVI,0,-1.0780950719578415,0.8684143066291369,-0.8105081273087038,0,0,0,1,0,0,1,0,0,0,0,0,0,0,0,0,0,1,0,1,0,0,1,0,1,0,1
9317-WZPGV,1,-1.2409180113122174,0.4917812277894838,-0.9404251819649597,0,0,0,1,0,0,1,0,0,0,0,0,0,0,0,0,0,0,0,1,0,0,1,0,0,0,1
2931-XIQBR,0,0.7129572609402939,1.26495750417397,1.2522708729820091,0,1,1,1,0,0,1,0,0,0,0,0,0,1,0,1,0,1,0,1,1,0,0,0,0,1,0
3481-JHUZH,0,0.346605647392948,0.5083729933771337,0.49950713452931933,1,1,0,1,0,1,1,0,0,0,0,1,0,0,0,0,0,0,0,0,0,0,1,0,1,0,0
3638-VBZTA,0,1.4456604880349857,0.7157700632227577,1.572453407987331,1,0,1,1,0,1,0,0,0,1,0,1,0,0,0,1,0,1,0,1,0,1,1,0,0,0,0
8212-CRQXP,0,-0.4268033145403377,0.5000771105833088,-0.261181588163132,0,1,0,1,0,0,1,0,0,0,0,0,0,0,0,0,0,1,0,0,0,0,1,1,0,0,0
1784-EZDKJ,0,0.7536629957788878,1.3893957460813444,1.4038773581891915,1,1,0,1,0,1,1,0,0,0,0,1,0,1,0,0,0,1,0,1,1,0,1,0,0,0,0
2925-MXLSX,0,-0.10115743583158582,0.13339909109624562,-0.11530480070270256,0,0,0,1,0,1,0,0,0,0,0,1,0,1,0,0,0,1,0,0,1,0,1,1,0,0,0
6906-MPARY,0,0.30589991255435406,0.8186390098661871,0.5210868007555951,1,0,0,1,0,0,1,0,0,0,0,1,0,0,0,1,0,0,0,1,1,0,1,1,0,0,0
6196-HBOBZ,0,1.3235432835192036,1.1421784388253606,1.7765272403774215,1,1,0,1,0,1,1,0,0,1,0,1,0,1,0,0,0,1,0,0,0,1,1,0,1,0,0
8395-ETZKQ,1,1.4456604880349857,-1.5075265255223318,-0.48637407661596643,1,1,1,1,0,0,0,1,1,0,1,0,1,0,1,0,1,0,1,0,1,0,0,0,0,0,0
5424-RLQLC,0,-0.9152721326034655,-0.17520774883404305,-0.7298752544204935,1,0,0,1,0,0,0,0,0,0,0,1,0,0,0,0,0,1,0,0,0,0,1,0,0,1,0
2434-EEVDB,0,1.2828375486806096,0.9845566657426863,1.6014092368301158,0,1,0,1,0,1,1,0,0,1,0,0,0,1,0,0,0,1,0,0,0,1,1,1,0,0,0
1502-XFCVR,0,1.0386031396490458,1.3777815101699897,1.6879693832494498,0,0,0,1,0,0,1,0,0,1,0,1,0,1,0,0,0,1,0,1,1,0,1,0,1,0,1
4451-RWASJ,0,-0.7117434584104956,-1.5075265255223318,-0.9051469280223097,1,1,1,1,0,0,0,1,1,0,1,0,1,0,1,0,1,0,1,0,1,0,1,0,0,1,0
9558-IHEZX,0,1.5677776925507676,1.3877365695225796,2.187353154679073,0,0,0,1,0,1,1,0,0,1,0,1,0,1,0,0,0,1,0,1,0,1,1,1,0,0,0
7295-JOMMD,0,-1.1595065416350294,1.1006990248562358,-0.8364125079262067,0,0,1,1,0,0,1,0,0,0,0,0,0,1,0,1,0,1,0,1,0,0,1,0,0,0,1
7301-ABVAD,0,1.6084834273893616,0.7190884163402875,1.7778224594082965,0,0,0,1,0,1,0,0,0,0,0,1,0,1,0,1,0,1,0,1,0,1,0,0,0,0,0
0148-DCDOS,0,-0.30468611002455576,0.9878750188602166,0.026686329665101337,1,0,0,1,0,1,1,0,0,0,0,0,0,0,0,0,0,1,0,1,0,0,1,0,0,0,1
1121-QSIVB,0,0.46872285190873,0.4187774592038241,0.5136008738144353,0,0,1,1,0,1,0,0,0,0,0,1,0,0,0,0,0,1,0,1,1,0,1,0,0,1,0
0867-LDTTC,0,-1.1188008067964355,0.33913698438310474,-0.838015067066103,1,0,0,1,0,0,0,0,0,0,0,0,0,1,0,1,0,1,0,1,0,0,0,0,0,0,0
1518-OMDIK,0,0.020959768684196134,-0.6762790695810708,-0.36824571042716725,1,1,0,1,0,0,0,0,0,0,0,0,0,0,0,0,0,0,0,0,0,0,1,1,0,0,0
1406-PUQVY,0,-1.2816237461508113,-0.49874717779321653,-0.9885019561618507,1,0,1,1,0,0,0,0,0,0,0,1,0,0,0,0,0,0,0,0,0,0,1,0,1,0,0
6986-IXNDM,0,-0.7524491932490895,0.928144662744677,-0.4231937313471754,1,0,0,1,0,0,1,0,0,0,0,0,0,0,0,0,0,1,0,1,0,0,1,0,1,0,0
0519-DRGTI,0,-0.5082147842175256,-1.4793205240233267,-0.816084155000946,0,1,1,1,0,0,0,1,1,0,1,0,1,0,1,0,1,0,1,0,0,0,0,0,0,1,0
1907-YLNYW,0,-0.9966836022806536,0.05873614595182097,-0.7561967394716681,1,0,0,1,0,0,0,0,0,1,0,0,0,1,0,0,0,0,0,1,0,0,1,0,1,0,0
3082-VQXNH,0,-1.2002122764736234,-1.1657361544167435,-0.9689639063740731,1,1,0,0,1,0,0,0,0,0,0,1,0,0,0,0,0,0,0,0,0,0,0,1,0,0,0
2626-VEEWG,0,1.4049547531963917,-1.5108448786398618,-0.4465735324977183,1,1,1,1,0,0,0,1,1,0,1,0,1,0,1,0,1,0,1,0,0,1,1,1,0,0,0
4077-HWUYD,0,1.6084834273893616,0.7506127709568226,1.8272822640957829,1,1,1,1,0,1,0,0,0,1,0,1,0,1,0,1,0,1,0,1,0,1,1,0,0,0,0
9488-HGMJH,1,-1.2816237461508113,0.20640285968190536,-0.9791719885665636,0,0,0,1,0,0,1,0,0,0,0,0,0,0,0,0,0,0,0,0,0,0,1,0,1,0,1
7136-IHZJA,0,0.30589991255435406,0.21303956591696496,0.23967302521680722,0,1,1,1,0,0,0,0,0,1,0,1,0,0,0,1,0,0,0,1,0,0,1,0,0,1,0
1599-EAHXY,0,1.1200146093262338,-1.3598598117922474,-0.3490150007484108,1,1,1,1,0,1,0,1,1,0,1,0,1,0,1,0,1,0,1,0,1,0,0,1,0,0,0
6128-DAFVY,0,0.9571916699718578,-0.6663240102284806,0.11574910268646503,0,0,0,0,1,0,0,0,0,0,0,0,0,0,0,0,0,1,0,1,0,0,1,1,0,0,0
5593-SUAOO,0,-0.3453918448631497,0.6046052337855035,-0.11778547443980246,0,1,1,1,0,1,1,0,0,0,0,1,0,1,0,0,0,0,0,0,1,0,0,0,0,0,0
7169-YWAMK,0,1.6084834273893616,0.1151481489498308,1.1213659394038993,1,1,1,1,0,0,0,0,0,1,0,1,0,0,0,1,0,1,0,0,0,1,0,0,0,0,0
1680-VDCWW,0,-0.8338606629262776,-1.497571466169742,-0.921611576719875,1,1,0,1,0,0,0,1,1,0,1,0,1,0,1,0,1,0,1,0,1,0,0,0,0,0,0
9746-YKGXB,0,0.7943687306174818,-0.6862341289336606,-0.011072598014648634,1,1,1,0,1,0,0,0,0,1,0,0,0,1,0,0,0,0,0,1,1,0,0,0,0,0,0
4815-GBTCD,0,-1.1595065416350294,-1.3200395743818876,-0.9665271383668336,0,1,0,0,1,0,0,0,0,0,0,0,0,0,0,0,0,0,0,0,0,0,1,0,1,0,0
9644-UMGQA,0,-1.0780950719578415,-0.5236348261746914,-0.8806036250304722,1,1,1,1,0,0,0,0,0,1,0,0,0,0,0,0,0,0,0,0,0,0,1,0,1,0,0
9239-ZBZZV,0,-1.0780950719578415,-0.563455063585051,-0.8764545335586857,0,0,0,0,1,0,0,0,0,0,0,0,0,1,0,0,0,1,0,1,0,0,1,0,1,0,1
7632-MNYOY,1,1.3642490183577978,1.5254482239000742,2.2526848807110125,1,0,0,1,0,1,1,0,0,0,0,1,0,1,0,1,0,1,0,1,1,0,0,1,0,0,1
3279-DYZQM,0,1.5677776925507676,-1.5091857020810966,-0.4051923821045039,1,1,1,1,0,0,0,1,1,0,1,0,1,0,1,0,1,0,1,0,0,1,0,0,0,1,0
1038-ZAGBI,0,-0.8338606629262776,-1.497571466169742,-0.9096033596031174,0,1,1,1,0,0,0,1,1,0,1,0,1,0,1,0,1,0,1,0,1,0,0,0,0,0,1
0404-SWRVG,0,-1.2002122764736234,0.31424933600162985,-0.9096253124680473,1,0,0,1,0,1,1,0,0,0,0,0,0,0,0,0,0,0,0,0,0,0,1,0,1,0,1
8992-VONJD,0,-0.7931549280876836,-0.2963276376238874,-0.6747296577161145,0,0,1,1,0,0,0,0,0,1,0,1,0,0,0,0,0,0,0,0,0,0,1,0,1,0,0
2927-CVULT,0,0.8350744654560759,1.29814103534927,1.433557631574669,0,1,1,1,0,1,1,0,0,1,0,1,0,1,0,1,0,0,0,1,0,1,1,0,0,0,0
9442-JTWDL,0,-0.8745663977648716,-1.4892755833759168,-0.9060469954844433,0,0,0,1,0,0,0,1,1,0,1,0,1,0,1,0,1,0,1,0,1,0,0,1,0,0,0
2876-GZYZC,0,-0.7931549280876836,0.697519121076343,-0.4766709103168678,0,0,0,1,0,1,1,0,0,0,0,0,0,0,0,0,0,0,0,1,0,0,1,0,1,0,0
6674-KVJHG,0,-0.8745663977648716,-1.3183803978231226,-0.9027760186098602,0,0,0,1,0,1,0,1,1,0,1,0,1,0,1,0,1,0,1,0,1,0,0,0,1,0,0
7783-YKGDV,0,-0.8338606629262776,1.1537926747367158,-0.4666604039087481,0,0,0,1,0,1,1,0,0,1,0,1,0,1,0,0,0,0,0,1,0,0,1,0,0,0,1
1934-MKPXS,0,0.020959768684196134,-1.4876164068171518,-0.7379539087147656,1,1,1,1,0,0,0,1,1,0,1,0,1,0,1,0,1,0,1,0,1,0,0,1,0,0,0
7643-RCHXS,0,1.2421318138420157,-1.5125040551986266,-0.45550834852426386,0,1,1,1,0,0,0,1,1,0,1,0,1,0,1,0,1,0,1,0,0,1,0,0,1,0,0
4860-IJUDE,0,-0.7931549280876836,0.2926800407376848,-0.5903867506547195,1,0,0,1,0,0,1,0,0,1,0,0,0,0,0,0,0,0,0,0,0,0,1,1,0,0,0
7382-DFJTU,0,-0.5896262538947137,-0.3228744625641272,-0.5458443877115726,1,0,0,1,0,0,0,0,0,0,0,0,0,1,0,1,0,0,0,0,0,0,0,1,0,0,0
4505-EXZHB,1,-1.0780950719578415,0.31424933600162985,-0.8198161420390608,0,0,0,1,0,0,1,0,0,0,0,0,0,1,0,0,0,0,0,0,0,0,0,0,1,0,1
6961-VCPMC,1,0.5501343215859179,0.5133505230534289,0.572478457556929,1,1,0,1,0,0,1,0,0,0,0,0,0,0,0,0,0,0,0,1,0,0,1,0,1,0,1
7410-OIEDU,0,-0.9152721326034655,0.4950995809070136,-0.6208134214478204,1,0,0,1,0,0,1,0,0,1,0,0,0,1,0,0,0,0,0,0,0,0,1,0,0,1,0
6641-XRPSU,0,0.06166550352279012,0.16824179883031035,0.0503954237895955,0,0,0,1,0,0,1,0,0,0,0,0,0,0,0,0,0,0,0,0,0,0,1,1,0,0,1
4176-RELJR,1,1.4049547531963917,-1.3216987509406526,-0.27624125350517176,1,0,0,1,0,1,0,1,1,0,1,0,1,0,1,0,1,0,1,0,0,1,0,1,0,0,0
8640-SDGKB,0,-1.1595065416350294,0.31424933600162985,-0.8788254429711351,1,0,0,1,0,0,0,0,0,0,0,0,0,1,0,1,0,1,0,1,0,0,1,0,1,0,1
1840-BIUOG,0,-0.5082147842175256,0.12510320830242067,-0.38861796908228813,1,0,0,1,0,1,0,0,0,0,0,1,0,0,0,1,0,1,0,0,1,0,1,0,1,0,0
5583-SXDAG,0,-1.2816237461508113,0.16824179883031035,-0.9796769044599557,1,1,0,1,0,0,1,0,0,0,0,0,0,0,0,0,0,0,0,0,0,0,0,0,1,0,1
9753-OYLBX,0,-1.2816237461508113,-1.4743429943470319,-1.001410240740742,0,0,0,1,0,0,0,1,1,0,1,0,1,0,1,0,1,0,1,0,0,0,0,0,0,1,0
8519-QJGJD,0,-0.7524491932490895,0.3457736906181643,-0.5599600798616187,0,0,0,1,0,0,1,0,0,0,0,0,0,1,0,0,0,0,0,0,0,0,0,0,1,0,1
3572-UOLYZ,0,0.5501343215859179,0.659358060224748,0.7277510712074358,0,0,1,1,0,1,1,0,0,0,0,0,0,1,0,1,0,0,0,0,0,0,1,0,0,0,0
3059-NGMXB,0,-0.7524491932490895,0.14169497389007057,-0.5956554382379404,1,1,1,1,0,1,0,0,0,1,0,1,0,0,0,0,0,0,0,1,0,0,0,0,0,1,0
6979-TNDEU,0,-0.9966836022806536,-1.5174815848749215,-0.9415447780763943,0,0,0,1,0,0,0,1,1,0,1,0,1,0,1,0,1,0,1,0,0,0,0,0,0,1,0
2219-MVUSO,0,-0.9966836022806536,-0.6563689508758908,-0.8179281956550732,1,0,0,1,0,0,0,0,0,0,0,0,0,0,0,0,0,0,0,0,0,0,1,0,0,1,1
1472-TNCWL,0,0.14307697319997809,0.9878750188602166,0.5317778459765475,1,0,1,1,0,0,1,0,0,0,0,1,0,0,0,0,0,1,0,1,0,0,1,0,1,0,0
0495-ZBNGW,1,-1.1188008067964355,0.49675875746577897,-0.8593971575080079,1,1,0,1,0,1,1,0,0,0,0,0,0,1,0,0,0,0,0,0,0,0,1,0,0,0,1
3733-ZEECP,0,-0.4268033145403377,-0.45892694038285664,-0.4690971719159877,1,1,1,1,0,0,0,0,0,0,0,0,0,0,0,1,0,0,0,0,0,0,1,0,1,0,0
1623-NLDOT,0,0.387311382231542,-1.041297912509369,-0.3758414016929774,0,1,0,0,1,0,0,0,0,0,0,1,0,0,0,1,0,0,0,0,1,0,0,0,0,1,1
3724-UCSHY,0,-1.0780950719578415,-1.5058673489635668,-0.9564507733639234,1,1,1,1,0,0,0,1,1,0,1,0,1,0,1,0,1,0,1,0,0,0,0,0,0,1,0
0118-JPNOY,1,-0.2639803751859618,0.6925415914000478,-0.04727287228436233,0,0,0,1,0,0,1,0,0,1,0,0,0,0,0,0,0,1,0,0,0,0,1,1,0,0,0
4628-CTTLA,0,0.9978974048104517,-0.8504926082513949,-0.0833633822294258,1,0,0,0,1,0,0,0,0,0,0,1,0,0,0,0,0,1,0,0,0,0,1,0,1,0,1
4522-XRWWI,0,0.387311382231542,0.5150096996121938,0.4718026189875493,1,1,0,1,0,1,0,0,0,1,0,0,0,0,0,1,0,1,0,1,1,0,0,1,0,0,0
8058-INTPH,0,-1.2816237461508113,0.48846287467195404,-0.9754400015284488,0,0,0,1,0,0,1,0,0,0,0,0,0,0,0,0,0,1,0,0,0,0,1,0,1,0,1
4583-PARNH,1,-0.6710377235719016,0.8833468956580218,-0.3342407226504622,1,1,0,1,0,0,1,0,0,0,0,0,0,1,0,1,0,0,0,1,0,0,1,0,1,0,0
2823-LKABH,0,-0.5896262538947137,0.9994892547715714,-0.2730580880903091,0,0,0,1,0,1,1,0,0,0,0,0,0,1,0,1,0,0,0,1,0,0,1,0,0,0,0
5760-WRAHC,1,-0.4268033145403377,0.1599459160364854,-0.3318917661029428,0,0,0,1,0,0,0,0,0,1,0,0,0,1,0,1,0,0,0,1,0,0,1,0,0,1,0
9593-CVZKR,0,0.9571916699718578,-1.3432680462045974,-0.4019433580948511,0,1,1,1,0,1,0,1,1,0,1,0,1,0,1,0,1,0,1,0,0,1,1,0,0,1,0
2141-RRYGO,0,-1.1595065416350294,0.12344403174365576,-0.8957071961023721,0,0,0,1,0,0,0,0,0,0,0,1,0,0,0,0,0,1,0,1,0,0,1,0,0,0,1
3523-BRGUW,1,-0.2639803751859618,-1.5141632317573919,-0.7890382254070785,1,0,0,1,0,0,0,1,1,0,1,0,1,0,1,0,1,0,1,0,1,0,0,1,0,0,0
9522-BNTHX,1,0.06166550352279012,-0.2880317548300625,-0.2350576788963282,0,0,0,0,1,0,0,0,0,0,0,1,0,1,0,0,0,1,0,1,0,0,1,0,1,0,0
4429-WYGFR,0,-0.2639803751859618,-0.5236348261746914,-0.4671653198021401,1,0,0,1,0,0,0,0,0,0,0,0,0,0,0,1,0,0,0,0,0,0,0,0,0,0,0
1025-FALIX,0,-0.2639803751859618,0.1367174442137754,-0.2132365311558215,0,0,0,1,0,0,1,0,0,0,0,0,0,0,0,0,0,0,0,0,0,0,1,1,0,0,0
2809-ZMYOQ,0,-0.019745966154397852,1.2085455011759603,0.45380126974487783,0,0,0,1,0,1,1,0,0,0,0,0,0,1,0,0,0,1,0,1,0,0,1,0,1,0,0
0219-YTZUE,0,-1.1595065416350294,0.659358060224748,-0.8471255060120891,1,1,1,1,0,1,1,0,0,0,0,1,0,1,0,0,0,0,0,0,0,0,1,0,0,0,1
8687-BAFGU,0,-1.2816237461508113,0.3009759235315097,-0.9779206752655487,1,0,0,1,0,0,1,0,0,0,0,0,0,0,0,1,0,0,0,0,0,0,0,0,1,0,0
2123-AGEEN,1,-1.0373893371192475,0.6444254711958629,-0.7427396332695246,0,0,0,1,0,0,1,0,0,0,0,0,0,1,0,0,0,1,0,0,0,0,1,0,1,0,0
6532-YLWSI,0,0.8350744654560759,-1.464387934994442,-0.5617821676508159,0,1,0,1,0,0,0,1,1,0,1,0,1,0,1,0,1,0,1,0,1,0,0,0,0,0,1
8167-GJLRN,0,-1.2002122764736234,-1.1458260357115635,-0.9743423582819445,1,0,0,0,1,0,0,0,0,0,0,0,0,0,0,1,0,0,0,0,0,0,0,0,1,0,0
5146-YYFRZ,0,1.4049547531963917,-1.4925939364934466,-0.4344775039212403,1,0,0,1,0,0,0,1,1,0,1,0,1,0,1,0,1,0,1,0,0,1,0,0,0,0,0
6212-ATMLK,0,0.7129572609402939,1.0210585500355165,1.0662203426995203,0,0,0,1,0,1,1,0,0,0,0,0,0,0,0,0,0,1,0,1,0,0,1,0,1,0,0
3785-NRHYR,0,-1.2816237461508113,-1.5025489958460367,-1.0017834394445535,1,0,0,1,0,0,0,1,1,0,1,0,1,0,1,0,1,0,1,0,0,0,0,0,0,1,0
6278-FEPBZ,0,-0.9559778674420595,-1.4826388771408567,-0.9286803992273631,0,0,0,1,0,0,0,1,1,0,1,0,1,0,1,0,1,0,1,0,0,0,0,0,0,1,0
4959-JOSRX,0,-1.2409180113122174,-0.6746198930223056,-0.9750448499597072,0,1,0,1,0,0,0,0,0,0,0,0,0,0,0,0,0,0,0,0,0,0,1,1,0,0,1
0612-RTZZA,1,-1.2816237461508113,-1.3167212212643575,-0.9993247185723837,0,0,0,0,1,0,0,0,0,0,0,0,0,0,0,0,0,0,0,0,0,0,0,0,1,0,1
9154-QDGTH,0,0.428017117070136,1.3064369181430948,0.9442063194180957,1,1,1,1,0,1,1,0,0,0,0,0,0,1,0,1,0,1,0,1,1,0,1,1,0,0,0
0848-SOMKO,0,1.5270719577121736,-0.5485224745561663,0.501175552264006,1,0,0,0,1,0,0,0,0,1,0,0,0,1,0,1,0,0,0,1,0,1,0,0,0,0,0
3996-ZNWYK,1,1.5677776925507676,-1.497571466169742,-0.4008018091184865,1,1,1,1,0,0,0,1,1,0,1,0,1,0,1,0,1,0,1,0,0,1,0,1,0,0,0
0943-ZQPXH,0,0.46872285190873,0.9298038393034418,0.7997784210430517,1,1,1,1,0,0,1,0,0,0,0,0,0,1,0,0,0,1,0,1,0,0,1,0,0,0,0
5028-GZLDO,0,-1.2409180113122174,0.19147027065302033,-0.9486355534488125,1,0,0,1,0,0,1,0,0,0,0,0,0,0,0,0,0,0,0,0,0,0,0,1,0,0,1
7786-WBJYI,0,-1.1595065416350294,0.4320508716739442,-0.8762569577743149,0,0,0,1,0,1,1,0,0,0,0,1,0,0,0,0,0,0,0,0,0,0,0,0,0,0,1
0807-ZABDG,0,-1.2002122764736234,-0.32619281568165726,-0.9425107041333181,0,0,1,1,0,0,0,0,0,1,0,0,0,0,0,1,0,0,0,0,0,0,1,0,0,1,1
7361-YPXFS,1,-0.1825689055087738,-0.015926799192603674,-0.190427504493461,0,0,0,1,0,1,0,0,0,0,0,1,0,1,0,1,0,0,0,0,0,0,0,0,0,0,0
3014-WJKSM,0,-0.1418631706701798,0.3441145140593994,-0.016648625706890702,1,1,0,1,0,0,1,0,0,0,0,0,0,1,0,0,0,0,0,0,0,0,1,1,0,0,0
9603-OAIHC,1,-1.2816237461508113,0.16990097538907525,-0.9796549515950255,1,0,0,1,0,0,1,0,0,0,0,0,0,0,0,0,0,0,0,0,0,0,1,0,1,0,0
6210-KBBPI,1,-0.9559778674420595,1.145496791942891,-0.6067416350276345,1,0,0,1,0,1,1,0,0,0,0,1,0,0,0,0,0,1,0,1,0,0,1,1,0,0,1
2834-JRTUA,0,1.5677776925507676,1.4308751600504692,2.296634516301047,1,0,0,1,0,1,1,0,0,1,0,0,0,1,0,1,0,1,0,1,0,1,1,0,1,0,1
0471-LVHGK,0,0.346605647392948,0.2677923923562099,0.3072878492014758,1,1,0,1,0,1,0,0,0,0,0,0,0,1,0,0,0,1,0,1,1,0,1,0,1,0,1
4710-FDUIZ,0,0.9571916699718578,1.1737027934418955,1.454654334772483,1,1,0,1,0,1,1,0,0,0,0,1,0,0,0,0,0,1,0,1,1,0,0,1,0,0,1
1496-GGSUK,1,-1.2816237461508113,-1.3017886322354726,-0.9991271427880131,0,0,0,0,1,0,0,0,0,0,0,0,0,0,0,0,0,0,0,0,0,0,1,0,0,1,1
7963-SHNDT,0,0.7943687306174818,-0.8571293144864547,-0.14015544380356132,0,0,0,0,1,0,0,0,0,1,0,1,0,0,0,1,0,0,0,0,0,1,0,0,0,1,0
0639-TSIQW,0,1.4049547531963917,1.2616391510564402,2.013047407134181,0,0,0,1,0,1,1,0,0,1,0,1,0,1,0,0,0,1,0,0,0,0,1,1,0,0,1
1627-AFWVJ,0,-0.1418631706701798,-1.5108448786398618,-0.7670634076120613,0,0,0,1,0,0,0,1,1,0,1,0,1,0,1,0,1,0,1,0,0,1,0,0,0,1,0
8738-JOKAR,0,0.387311382231542,0.09191967712712082,0.2550619835327984,0,0,0,1,0,0,0,0,0,1,0,1,0,0,0,1,0,0,0,1,1,0,1,0,0,1,0
2810-FTLEM,0,-0.6710377235719016,-0.49045129499939155,-0.6757394895028985,0,0,0,1,0,0,0,0,0,1,0,0,0,0,0,0,0,0,0,0,0,0,1,0,1,0,1
8069-YQQAJ,0,-0.7524491932490895,-1.1225975638888535,-0.8261385671389259,1,0,0,0,1,0,0,0,0,0,0,1,0,0,0,0,0,0,0,0,0,0,1,0,0,1,0
0439-IFYUN,1,-0.5896262538947137,0.3242043953542197,-0.4420073365922602,0,0,0,1,0,0,1,0,0,0,0,1,0,0,0,0,0,0,0,0,0,0,1,0,1,0,0
7450-NWRTR,1,-0.8338606629262776,1.145496791942891,-0.48347629844519485,1,0,0,1,0,1,1,0,0,0,0,0,0,1,0,0,0,1,0,1,0,0,1,0,1,0,1
1755-FZQEC,0,0.26519417771576004,-1.4942531130522119,-0.6630507335733081,1,0,0,1,0,0,0,1,1,0,1,0,1,0,1,0,1,0,1,0,1,0,0,0,0,1,0
4883-QICIH,0,-0.019745966154397852,0.1599459160364854,0.020451716024956653,1,1,1,1,0,0,1,0,0,0,0,0,0,0,0,0,0,0,0,0,0,0,1,0,0,0,1
7274-CGTOD,0,1.2014260790034217,-0.7044850710800754,0.13917280956686823,1,0,0,0,1,0,0,0,0,1,0,1,0,1,0,1,0,0,0,0,0,1,1,0,0,0,0
6728-WYQBC,0,-1.2816237461508113,-1.459410405318147,-1.0012126649563713,1,0,0,1,0,0,0,1,1,0,1,0,1,0,1,0,1,0,1,0,0,0,0,0,0,0,0
0022-TCJCI,1,0.5094285867473239,-0.0739979787493784,0.21521753368469018,1,0,0,1,0,0,0,0,0,1,0,0,0,1,0,0,0,0,0,1,1,0,0,1,0,0,1
1384-RCUXW,0,-0.6710377235719016,0.5183280527297236,-0.4620722551383598,1,0,0,1,0,1,1,0,0,0,0,1,0,0,0,0,0,0,0,0,0,0,1,0,0,1,0
6260-ONULR,0,-1.2816237461508113,-0.07067962563184861,-0.9828381170098882,1,0,0,1,0,0,0,0,0,0,0,0,0,0,0,0,0,1,0,1,0,0,1,0,0,1,0
9778-OGKQZ,0,1.6084834273893616,0.8982794846869069,1.9673415423497391,1,1,0,1,0,1,0,0,0,1,0,1,0,1,0,1,0,1,0,1,0,1,1,1,0,0,0
7384-GHBPI,0,-1.2002122764736234,-0.9882042626288892,-0.9666149498265538,1,1,0,0,1,0,0,0,0,0,0,0,0,0,0,0,0,0,0,1,0,0,1,0,1,0,1
2282-YGNOR,0,-0.1418631706701798,-0.22996057527328775,-0.24886603093735307,0,0,0,1,0,0,0,0,0,1,0,0,0,1,0,1,0,0,0,0,1,0,0,1,0,0,0
1272-ILHFG,0,-0.7117434584104956,-1.5025489958460367,-0.8643585049822077,1,1,1,1,0,0,0,1,1,0,1,0,1,0,1,0,1,0,1,0,1,0,0,0,0,1,0
1297-VQDRP,1,1.4456604880349857,1.4010099819926998,2.2297441368590714,1,1,1,1,0,1,1,0,0,0,0,0,0,1,0,1,0,1,0,1,1,0,1,1,0,0,0
1371-DWPAZ,0,-1.3223294809894055,-0.29466846106512257,-0.3968393169986058,0,1,1,0,1,0,0,0,0,1,0,1,0,1,0,1,0,1,0,0,0,1,0,1,0,0,0
1845-CSBRZ,1,-0.4268033145403377,0.6776090023711627,-0.14915611842489707,0,1,1,1,0,1,1,0,0,0,0,0,0,0,0,0,0,1,0,0,0,0,0,0,0,0,0
7120-RFMVS,0,-1.2816237461508113,0.6494030008721581,-0.9733105736302304,1,0,0,1,0,1,1,0,0,0,0,0,0,0,0,0,0,1,0,0,0,0,0,0,1,0,1
2192-OZITF,0,0.5094285867473239,0.2860433345026247,0.4600358833850225,0,0,0,1,0,1,0,0,0,1,0,0,0,0,0,1,0,0,0,1,0,1,0,0,0,1,0
0311-UNPFF,0,-0.2639803751859618,0.7920921849259474,-0.011840948287201686,0,0,0,1,0,0,1,0,0,0,0,0,0,0,0,0,0,1,0,1,0,0,1,0,0,0,1
4718-WXBGI,0,1.6084834273893616,0.896620308128142,1.8939092091585974,1,1,1,1,0,1,0,0,0,1,0,1,0,1,0,1,0,1,0,1,0,1,1,1,0,0,0
2773-OVBPK,0,1.4049547531963917,1.5387216363701939,2.312023474617038,1,1,0,1,0,1,1,0,0,0,0,1,0,1,0,1,0,1,0,1,0,1,1,0,0,0,0
1960-UYCNN,0,-0.9152721326034655,1.0061259610066313,-0.5618919319754664,1,0,0,1,0,1,1,0,0,0,0,1,0,1,0,0,0,0,0,1,0,0,1,0,1,0,0
3027-ZTDHO,0,-1.2816237461508113,0.8285940692187774,-0.970939664217781,1,0,0,1,0,0,1,0,0,0,0,0,0,0,0,0,0,1,0,1,0,0,1,0,1,0,1
7740-KKCXF,0,0.7536629957788878,-1.1574402716229184,-0.33889473001564063,1,1,0,0,1,0,0,0,0,0,0,1,0,0,0,0,0,0,0,0,0,0,1,1,0,0,0
6521-YYTYI,0,-1.2816237461508113,0.9414180752147966,-0.969446869402535,1,0,1,1,0,1,1,0,0,0,0,0,0,0,0,0,0,1,0,1,0,0,1,0,1,0,1
1043-YCUTE,0,0.9571916699718578,-1.3200395743818876,-0.4277160215227734,1,1,0,1,0,1,0,1,1,0,1,0,1,0,1,0,1,0,1,0,0,1,1,1,0,0,1
8639-NHQEI,0,1.6084834273893616,1.0276952562705766,2.042859397709239,0,1,1,1,0,1,1,0,0,1,0,1,0,0,0,0,0,1,0,0,0,1,1,0,0,0,0
2740-JFBOK,0,-0.9152721326034655,-1.3582006352334823,-0.9109424843638526,1,0,0,1,0,1,0,1,1,0,1,0,1,0,1,0,1,0,1,0,0,0,1,0,1,0,0
5847-MXBEO,0,-0.4268033145403377,-1.480979700582092,-0.8018147927963893,1,0,0,1,0,0,0,1,1,0,1,0,1,0,1,0,1,0,1,0,1,0,0,0,0,1,0
1925-GMVBW,0,-1.1188008067964355,-1.472683817788267,-0.9682175089664502,0,0,0,1,0,0,0,1,1,0,1,0,1,0,1,0,1,0,1,0,0,0,0,1,0,0,0
5419-JKZNQ,1,-0.10115743583158582,0.43039169511517933,0.022010369434992724,1,1,0,1,0,1,1,0,0,0,0,0,0,0,0,0,0,0,0,0,0,0,0,0,0,1,0
8627-EHGIP,0,0.46872285190873,-0.364353876533252,0.032525791736504606,1,0,0,0,1,0,0,0,0,0,0,1,0,1,0,0,0,1,0,1,1,0,1,0,0,1,1
6693-FRIRW,0,-0.5896262538947137,1.2068863246171952,-0.22245673442645814,1,0,0,1,0,0,1,0,0,0,0,1,0,1,0,0,0,1,0,1,0,0,0,1,0,0,0
0224-RLWWD,1,-1.2409180113122174,-0.6845749523748957,-0.971203098596942,0,0,0,1,0,0,0,0,0,0,0,0,0,0,0,0,0,0,0,0,0,0,1,0,1,0,0
7029-IJEJK,0,0.8757802002946699,-0.6912116586099555,0.03002316513447455,0,0,0,0,1,0,0,0,0,1,0,0,0,0,0,1,0,0,0,1,1,0,0,0,0,0,0
9223-UCPVT,0,-1.2816237461508113,0.9779199595076267,-0.9689639063740731,0,0,0,1,0,0,1,0,0,0,0,0,0,1,0,0,0,1,0,1,0,0,0,0,1,0,1
4957-SREEC,0,1.5270719577121736,-1.4793205240233267,-0.3702214682708751,1,1,1,1,0,0,0,1,1,0,1,0,1,0,1,0,1,0,1,0,0,1,0,1,0,0,0
0875-CABNR,1,-0.9152721326034655,0.6527213539896879,-0.6303848705573384,0,0,0,1,0,0,1,0,0,0,0,0,0,1,0,0,0,0,0,1,0,0,1,1,0,0,1
4831-EOBFE,0,-0.1418631706701798,0.9862158423014517,0.15271772722873198,1,1,1,1,0,0,1,0,0,1,0,0,0,0,0,0,0,1,0,1,0,0,0,1,0,0,1
0781-LKXBR,1,-0.9559778674420595,1.1803394996769556,-0.6070928808665159,1,0,0,1,0,1,1,0,0,0,0,0,0,1,0,0,0,1,0,1,0,0,1,0,1,0,1
6901-GOGZG,0,1.1200146093262338,0.6643355899010431,1.1782238595728252,1,0,1,1,0,1,0,0,0,1,0,0,0,1,0,1,0,1,0,1,0,1,1,0,1,0,0
1818-ESQMW,0,-0.22327464034736777,0.8053655973960674,0.03612606158503883,0,0,0,1,0,0,1,0,0,0,0,0,0,1,0,1,0,0,0,1,0,0,1,0,1,0,0
8922-NPKBJ,0,0.387311382231542,-1.5125040551986266,-0.6296165202847853,1,1,1,1,0,0,0,1,1,0,1,0,1,0,1,0,1,0,1,0,0,1,0,0,0,1,0
0595-ITUDF,0,1.2828375486806096,0.8916427784518468,1.6065901129536164,1,1,1,1,0,1,1,0,0,1,0,1,0,1,0,0,0,0,0,0,0,0,1,0,1,0,0
0485-ZBSLN,0,1.3235432835192036,-1.3333129868520075,-0.25738374253022694,1,1,1,1,0,1,0,1,1,0,1,0,1,0,1,0,1,0,1,0,0,1,0,1,0,0,0
7394-LWLYN,0,-1.2409180113122174,0.1732193285066055,-0.9560556217951818,0,0,0,1,0,0,1,0,0,0,0,0,0,0,0,0,0,0,0,0,0,0,1,0,1,0,0
8756-RDDLT,0,1.4456604880349857,-0.6630056571109506,0.34423452087881257,0,0,0,0,1,0,0,0,0,0,0,1,0,0,0,1,0,0,0,1,0,0,0,0,1,0,0
0907-HQNTS,1,1.5270719577121736,1.5951336393682036,2.4966031629492114,0,1,0,1,0,1,1,0,0,1,0,1,0,1,0,1,0,1,0,1,0,1,1,1,0,0,0
7693-QPEFS,1,0.7943687306174818,0.266133215797445,0.6710687739579507,1,0,0,1,0,1,1,0,0,0,0,0,0,0,0,0,0,0,0,0,0,0,1,0,0,0,0
3500-NSDOA,0,1.4456604880349857,0.19478862377055015,1.1233856029774671,1,1,1,1,0,1,0,0,0,0,0,1,0,0,0,1,0,0,0,1,0,1,0,1,0,0,0
8966-SNIZF,0,1.5270719577121736,-1.5091857020810966,-0.43809972663470464,0,1,0,1,0,0,0,1,1,0,1,0,1,0,1,0,1,0,1,0,0,1,0,0,0,0,0
2969-VAPYH,0,1.4049547531963917,-0.14700174733503815,0.6887408302266709,0,0,0,1,0,0,0,0,0,1,0,1,0,0,0,1,0,0,0,0,1,0,0,1,0,0,0
1785-BPHTP,0,-0.1825689055087738,0.680927355488693,-0.005013607293944489,1,1,1,1,0,0,1,0,0,0,0,0,0,1,0,0,0,1,0,0,0,0,0,0,1,0,0
3737-XBQDD,0,-0.3453918448631497,0.6610172367835129,-0.1108703219868249,1,0,0,1,0,1,1,0,0,0,0,1,0,1,0,0,0,0,0,0,0,0,1,0,0,0,0
4741-WWJQZ,0,-1.2409180113122174,0.505054640259604,-0.9249923179191084,0,1,0,1,0,0,1,0,0,1,0,0,0,0,0,1,0,0,0,0,0,0,1,0,1,0,0
1032-MAELW,0,1.4456604880349857,0.44864263726159415,1.331235328135533,0,1,1,1,0,1,0,0,0,1,0,1,0,1,0,1,0,0,0,1,1,0,1,0,1,0,0
3259-QMXUN,0,1.0386031396490458,0.7024966507526377,1.1367988034497505,1,1,0,1,0,1,0,0,0,1,0,1,0,1,0,0,0,1,0,1,0,1,1,0,1,0,0
9601-BRXPO,0,-0.30468611002455576,1.32800621340704,0.11642964149929781,0,1,0,1,0,1,1,0,0,0,0,0,0,1,0,1,0,1,0,1,0,0,1,0,0,0,1
4307-KWMXE,0,-0.9152721326034655,-0.9682941439237093,-0.839266380367118,1,0,0,0,1,0,0,0,0,0,0,1,0,0,0,1,0,0,0,0,0,0,0,0,1,0,0
2805-EDJPQ,0,0.9571916699718578,1.1554518512954808,1.4519980381159423,0,1,1,1,0,1,1,0,0,0,0,1,0,1,0,1,0,0,0,1,1,0,1,1,0,0,0
5325-UWTWJ,0,-0.06045170099299184,0.850163364482722,0.27591720521638124,1,1,0,1,0,1,1,0,0,1,0,1,0,0,0,1,0,0,0,0,0,0,1,1,0,0,0
5799-JRCZO,0,1.2421318138420157,-1.5075265255223318,-0.47691239183109885,0,0,1,1,0,0,0,1,1,0,1,0,1,0,1,0,1,0,1,0,0,1,0,1,0,0,0
4576-CSAJH,0,-0.4268033145403377,-0.32453363912289235,-0.4865936052652673,1,0,0,1,0,0,0,0,0,0,0,1,0,0,0,1,0,0,0,0,1,0,1,1,0,0,1
2351-RRBUE,0,-1.0373893371192475,-1.469365464670737,-0.9515552844845139,0,1,1,1,0,0,0,1,1,0,1,0,1,0,1,0,1,0,1,0,1,0,0,0,0,1,0
2460-FPSYH,1,0.30589991255435406,-0.3029643438589475,-0.08428540255648942,0,0,0,0,1,0,0,0,0,1,0,1,0,0,0,0,0,1,0,1,0,0,1,0,1,0,1
5243-SAOTC,0,0.8757802002946699,0.4950995809070136,0.8811576913388851,1,0,0,1,0,1,1,0,0,0,0,1,0,0,0,0,0,0,0,0,0,0,1,0,0,0,0
7799-LGRDP,0,0.428017117070136,-1.3017886322354726,-0.4887230331634857,0,0,0,1,0,1,0,1,1,0,1,0,1,0,1,0,1,0,1,0,0,1,1,1,0,0,0
5095-AESKG,0,-1.2002122764736234,0.881687719099257,-0.9037419446667841,0,1,0,1,0,1,1,0,0,0,0,1,0,0,0,0,0,0,0,1,0,0,1,1,0,0,1
6646-JPPHA,1,-0.7524491932490895,0.4619160497317138,-0.5521229070815775,0,0,0,1,0,0,1,0,0,1,0,1,0,0,0,0,0,0,0,0,0,0,0,0,1,0,0
5562-BETPV,0,-1.2816237461508113,-1.5025489958460367,-1.0017834394445535,1,1,1,1,0,0,0,1,1,0,1,0,1,0,1,0,1,0,1,0,1,0,0,0,0,1,0
4098-NAUKP,1,1.4456604880349857,0.6543805305484532,1.4850151469707937,1,1,1,1,0,1,1,0,0,0,0,1,0,1,0,0,0,0,0,0,0,0,1,0,1,0,0
7268-WNTCP,0,1.2014260790034217,-1.4760021709057967,-0.44079992902110543,1,1,1,1,0,0,0,1,1,0,1,0,1,0,1,0,1,0,1,0,0,1,0,0,0,0,0
7820-ZYGNY,0,1.2421318138420157,0.8468450113651922,1.547317377642381,1,0,0,1,0,1,1,0,0,0,0,1,0,0,0,0,0,0,0,1,1,0,0,1,0,0,0
3347-YJZZE,0,-0.1418631706701798,0.5033954637008385,-0.039303982314740644,1,1,1,1,0,1,0,0,0,0,0,1,0,1,0,0,0,1,0,1,0,0,0,1,0,0,0
5294-DMSFH,0,-0.1418631706701798,0.7589086537506474,0.14068755724704415,0,1,1,1,0,0,1,0,0,0,0,0,0,0,0,0,0,1,0,1,0,0,1,1,0,0,0
6243-OZGFH,0,-0.38609757970174374,-0.6630056571109506,-0.5727366472509294,0,0,0,0,1,0,0,0,0,0,0,0,0,0,0,0,0,1,0,1,0,0,1,0,1,0,0
3130-ICDUP,0,-1.2409180113122174,0.5183280527297236,-0.9278242374950898,0,0,1,1,0,1,1,0,0,1,0,0,0,0,0,0,0,0,0,0,0,0,0,1,0,0,0
6496-JDSSB,0,-0.9966836022806536,0.5000771105833088,-0.7361757266554286,0,0,0,1,0,0,1,0,0,0,0,0,0,0,0,0,0,1,0,0,0,0,1,0,0,0,0
1910-FMXJM,0,0.14307697319997809,0.5133505230534289,0.2793857578753351,0,1,0,1,0,0,1,0,0,0,0,0,0,0,0,0,0,0,0,1,0,0,0,0,1,0,0
5553-AOINX,1,1.3642490183577978,1.326347036848275,2.0153305050869097,0,1,1,1,0,1,1,0,0,0,0,1,0,1,0,0,0,1,0,1,1,0,1,0,1,0,0
2311-QYMUQ,0,-0.6710377235719016,0.8136614801898924,-0.3824492140369336,0,1,1,1,0,0,1,0,0,0,0,1,0,1,0,0,0,1,0,0,0,0,1,1,0,0,1
2775-SEFEE,0,-1.3223294809894055,-0.10054480368961842,-0.3968393169986058,1,0,1,1,0,1,0,0,0,1,0,1,0,0,0,1,0,0,0,0,0,1,1,0,0,0,0
3982-DQLUS,1,1.3235432835192036,0.6908824148412829,1.487144574869012,1,1,1,1,0,1,1,0,0,1,0,1,0,0,0,0,0,0,0,0,0,0,1,0,1,0,0
8133-ANHHJ,1,0.6722515261016999,1.2632983276152052,1.2578469006742512,0,0,0,1,0,1,1,0,0,1,0,1,0,1,0,1,0,0,0,1,1,0,0,0,0,0,0
9940-HPQPG,0,-0.9559778674420595,0.8899836018930819,-0.630275106232688,0,1,0,1,0,1,1,0,0,1,0,1,0,1,0,0,0,0,0,0,0,0,0,0,0,0,1
9885-AIBVB,0,-0.1418631706701798,0.6925415914000478,0.06099865755082766,1,1,0,1,0,1,1,0,0,0,0,1,0,1,0,0,0,0,0,0,0,0,1,0,1,0,0
3296-SILRA,1,-1.2816237461508113,0.38061639835222955,-0.9768669377489045,0,1,0,1,0,0,1,0,0,0,0,1,0,0,0,0,0,0,0,0,0,0,1,0,0,1,1
8017-LXHFA,1,-0.38609757970174374,0.9895341954189815,-0.0033890952891181174,0,0,0,1,0,0,1,0,0,0,0,1,0,0,0,0,0,1,0,1,0,0,1,0,1,0,1
2904-GGUAZ,0,1.6084834273893616,0.634470411843273,1.6468736201003265,0,1,0,1,0,1,1,0,0,1,0,1,0,0,0,0,0,0,0,0,0,1,1,0,0,0,0
7941-RCJOW,0,1.3235432835192036,-1.5058673489635668,-0.4753537384210626,1,0,0,1,0,0,0,1,1,0,1,0,1,0,1,0,1,0,1,0,0,1,1,1,0,0,0
9547-ITEFG,0,-0.9559778674420595,1.250024915145085,-0.6162472255423622,1,1,1,1,0,1,1,0,0,0,0,1,0,1,0,0,0,1,0,1,0,0,1,1,0,0,0
3096-JRDSO,1,-0.22327464034736777,1.3064369181430948,0.24869565270307314,0,1,0,1,0,1,1,0,0,1,0,0,0,0,0,1,0,1,0,1,0,0,1,0,0,0,1
2639-UGMAZ,1,1.5677776925507676,-0.2813950485950024,0.739386089620382,1,0,0,0,1,0,0,0,0,1,0,1,0,0,0,0,0,1,0,1,1,0,1,0,1,0,0
1089-XZWHH,0,-0.3453918448631497,-1.5008898192872717,-0.7934946569878862,0,1,1,1,0,0,0,1,1,0,1,0,1,0,1,0,1,0,1,0,0,1,1,0,0,1,0
1080-BWSYE,1,1.2828375486806096,-1.3034478087942378,-0.2460999699561621,1,1,0,1,0,1,0,1,1,0,1,0,1,0,1,0,1,0,1,0,0,1,0,1,0,0,0
0336-KXKFK,0,1.6084834273893616,-0.12377327551232817,0.9171603898242282,1,0,0,0,1,0,0,0,0,1,0,0,0,1,0,1,0,1,0,1,0,1,1,1,0,0,0
4057-FKCZK,0,1.0386031396490458,0.5830359385215584,1.1093796751520717,1,1,1,1,0,1,1,0,0,0,0,0,0,0,0,0,0,1,0,0,0,1,0,0,0,0,0
6576-FBXOJ,0,-0.6303319887333076,-0.34278458126930716,-0.5999801526291676,1,1,0,0,1,0,0,0,0,0,0,0,0,1,0,1,0,1,0,1,1,0,0,0,1,0,0
9696-RMYBA,0,-1.1188008067964355,0.5033954637008385,-0.8354246290043528,1,0,0,1,0,0,1,0,0,0,0,0,0,0,0,0,0,1,0,0,0,0,1,0,0,1,0
6897-RWMUB,0,1.1607203441648277,0.10353391303847558,0.8152990965486235,1,1,1,1,0,0,0,0,0,1,0,1,0,1,0,1,0,0,0,0,0,1,1,0,0,0,0
8707-RMEZH,1,1.4863662228735797,0.7423168881629976,1.6483225091857123,0,1,0,1,0,0,1,0,0,1,0,1,0,0,0,0,0,0,0,1,1,0,0,1,0,0,0
6655-LHBYW,0,0.7129572609402939,1.6399314064548582,1.5322138065704811,1,0,0,1,0,1,1,0,0,1,0,1,0,1,0,1,0,1,0,1,1,0,0,1,0,0,0
6813-GZQCG,0,0.5094285867473239,-1.3366313399695375,-0.4961431015098552,0,1,1,1,0,1,0,1,1,0,1,0,1,0,1,0,1,0,1,0,0,1,1,1,0,0,0
4182-BGSIQ,0,-0.9152721326034655,-1.497571466169742,-0.9240263918621846,0,1,1,1,0,0,0,1,1,0,1,0,1,0,1,0,1,0,1,0,0,0,1,0,0,0,0
2683-BPJSO,0,-0.1418631706701798,0.6477438243133932,0.07278734601828445,1,1,0,1,0,1,1,0,0,1,0,1,0,0,0,0,0,0,0,0,0,0,1,0,1,0,1
6425-YQLLO,1,1.3642490183577978,1.3611897445823398,2.052123506709736,0,1,0,1,0,1,1,0,0,0,0,0,0,1,0,1,0,1,0,1,1,0,1,1,0,0,1
3239-TPHPZ,0,-0.8338606629262776,-1.4892755833759168,-0.8942583070169864,0,1,0,1,0,0,0,1,1,0,1,0,1,0,1,0,1,0,1,0,0,1,1,0,1,0,0
8361-LBRDI,0,1.0386031396490458,-1.3465863993221274,-0.3852591807479848,0,0,0,1,0,1,0,1,1,0,1,0,1,0,1,0,1,0,1,0,0,1,0,1,0,0,0
2373-NTKOD,0,-0.9966836022806536,0.04380355692293595,-0.7704880545411548,1,0,0,1,0,0,0,0,0,0,0,0,0,0,0,0,0,1,0,1,0,0,1,0,1,0,0
3120-FAZKD,0,0.8757802002946699,-1.3565414586747175,-0.4699752865131912,1,1,1,1,0,1,0,1,1,0,1,0,1,0,1,0,1,0,1,0,0,1,1,0,0,0,0
9194-GFVOI,0,0.387311382231542,0.6444254711958629,0.5577261323239106,0,1,0,1,0,1,0,0,0,1,0,0,0,1,0,1,0,1,0,1,0,1,0,1,0,0,0
2519-FAKOD,0,0.22448844287716607,1.1388600857078308,0.647974360051499,1,0,1,1,0,1,1,0,0,0,0,0,0,1,0,0,0,1,0,1,0,0,1,0,0,0,1
7613-LLQFO,0,-0.8338606629262776,0.6477438243133932,-0.5452077546286,1,0,0,1,0,1,1,0,0,0,0,0,0,0,0,0,0,1,0,0,0,0,1,0,1,0,1
8544-GOQSH,0,-0.7524491932490895,0.5017362871420736,-0.5220474821273581,0,0,0,1,0,0,1,0,0,0,0,1,0,0,0,1,0,0,0,0,0,0,1,1,0,0,0
8690-ZVLCL,0,1.4456604880349857,0.7655453599857075,1.6950162528920074,0,1,1,1,0,1,0,0,0,1,0,1,0,1,0,1,0,1,0,1,0,1,0,1,0,0,0
1219-NNDDO,0,-0.9559778674420595,0.3955489873811141,-0.7190744448748907,0,0,0,1,0,1,1,0,0,0,0,0,0,0,0,0,0,0,0,0,0,0,1,0,1,0,0
8417-FMLZI,0,-1.0780950719578415,0.6178786462556232,-0.800739102414815,1,1,1,1,0,0,1,0,0,0,0,1,0,0,0,0,0,0,0,1,0,0,1,1,0,0,1
6481-OGDOO,0,1.4049547531963917,0.8518225410414869,1.648585943564873,1,1,0,1,0,0,1,0,0,1,0,1,0,0,0,0,0,0,0,1,1,0,1,1,0,0,1
3692-JHONH,1,0.7943687306174818,1.3794406867287545,1.457903358782136,0,1,0,1,0,1,1,0,0,0,0,1,0,1,0,0,0,1,0,1,1,0,1,0,1,0,0
0585-EGDDA,0,0.30589991255435406,0.5000771105833088,0.38085189958219806,1,1,0,1,0,0,1,0,0,0,0,1,0,1,0,0,0,0,0,0,0,0,1,0,1,0,0
3066-RRJIO,0,-1.2816237461508113,0.16658262227154547,-0.9796988573248858,0,0,0,1,0,0,1,0,0,0,0,0,0,0,0,0,0,0,0,0,0,0,1,0,0,1,1
5183-SNMJQ,0,-0.9152721326034655,1.0011484313303363,-0.6305824463417092,1,0,0,1,0,0,1,0,0,0,0,0,0,0,0,1,0,1,0,1,0,0,1,1,0,0,0
8098-TDCBU,0,0.387311382231542,-1.3167212212643575,-0.5238476170516252,0,1,0,1,0,1,0,1,1,0,1,0,1,0,1,0,1,0,1,0,0,1,0,0,1,0,0
6927-WTFIV,1,-0.5082147842175256,0.21138038935820005,-0.40047251614453516,1,0,0,1,0,0,1,0,0,0,0,0,0,0,0,0,0,0,0,0,0,0,0,1,0,0,1
5310-NOOVA,0,0.5501343215859179,-1.4925939364934466,-0.612163992665366,1,0,0,1,0,0,0,1,1,0,1,0,1,0,1,0,1,0,1,0,0,1,0,0,1,0,0
4060-LDNLU,0,-1.0373893371192475,1.0376503156231662,-0.7295459614465422,1,0,0,1,0,1,1,0,0,0,0,0,0,0,0,0,0,1,0,1,0,0,0,0,1,0,0
0394-YONDK,0,1.5270719577121736,-1.3200395743818876,-0.22443249227016598,1,1,1,1,0,1,0,1,1,0,1,0,1,0,1,0,1,0,1,0,0,1,0,1,0,0,0
0201-MIBOL,1,1.3642490183577978,1.2433882089100254,1.8311020625936183,0,0,0,1,0,1,1,0,0,1,0,0,0,0,0,0,0,1,0,1,0,1,1,0,0,0,0
0112-QAWRZ,0,-0.6710377235719016,0.858459247276547,-0.37720247931864276,1,1,1,1,0,1,1,0,0,0,0,0,0,1,0,0,0,1,0,0,0,0,1,0,0,0,0
4883-KCPZJ,0,-0.4268033145403377,-1.3167212212643575,-0.7665584917186692,0,1,1,1,0,1,0,1,1,0,1,0,1,0,1,0,1,0,1,0,0,1,0,1,0,0,0
4871-JTKJF,1,-1.2816237461508113,0.1566275629189556,-0.9798305745144662,0,0,0,1,0,0,1,0,0,0,0,0,0,0,0,0,0,0,0,0,0,0,1,0,1,0,1
1078-TDCRN,1,-1.2002122764736234,-1.1342117998002084,-0.9740350181729234,0,1,0,0,1,0,0,0,0,0,0,1,0,0,0,0,0,0,0,0,0,0,1,0,1,0,0
4680-KUTAJ,1,-0.8745663977648716,-0.30960105009400735,-0.7554064363341849,0,0,0,1,0,1,0,0,0,1,0,0,0,0,0,0,0,0,0,0,0,0,1,0,1,0,0
4986-MXSFP,0,-1.2409180113122174,-1.4909347599346818,-0.9924534718492664,0,0,0,1,0,0,0,1,1,0,1,0,1,0,1,0,1,0,1,0,0,0,1,0,0,1,0
2719-BDAQO,0,-0.6303319887333076,0.9596690173612115,-0.2966574178901528,1,0,0,1,0,0,1,0,0,1,0,0,0,0,0,0,0,1,0,1,0,0,0,0,1,0,1
4702-IOQDC,0,-1.2816237461508113,0.17156015194784016,-0.9796329987300956,0,0,0,1,0,0,1,0,0,0,0,0,0,0,0,0,0,0,0,0,0,0,1,0,1,0,1
8048-DSDFQ,0,-1.2816237461508113,-1.4842980536996218,-1.0015419579303226,1,0,0,1,0,0,0,1,1,0,1,0,1,0,1,0,1,0,1,0,0,0,0,0,0,1,0
5522-JBWMO,0,-1.2816237461508113,-0.6945300117274855,-0.9910923942236011,1,0,1,1,0,0,0,0,0,0,0,0,0,0,0,0,0,0,0,0,0,0,0,0,1,0,0
8592-PLTMQ,0,1.2828375486806096,-1.3349721634107725,-0.2891495380840631,0,0,0,1,0,1,0,1,1,0,1,0,1,0,1,0,1,0,1,0,1,0,0,0,0,1,0
1304-NECVQ,1,-1.2409180113122174,0.4519609903791239,-0.9447498963561869,0,0,0,1,0,1,1,0,0,0,0,0,0,1,0,0,0,0,0,0,0,0,1,0,1,0,1
7903-CMPEY,1,-1.2816237461508113,0.5100321699358986,-0.9751546142843577,1,1,0,1,0,1,1,0,0,1,0,0,0,0,0,0,0,0,0,0,0,0,1,0,1,0,1
0739-UUAJR,0,1.6084834273893616,-0.3693314062095472,0.7249411044963846,0,1,1,0,1,0,0,0,0,1,0,0,0,1,0,0,0,1,0,1,0,1,1,1,0,0,0
9788-HNGUT,0,1.6084834273893616,1.726208587510638,2.7630231317407494,1,1,0,1,0,1,1,0,0,1,0,1,0,1,0,1,0,1,0,1,0,1,1,1,0,0,0
9993-LHIEB,0,1.4049547531963917,0.0968972068034155,1.021392592512282,1,1,1,1,0,0,0,0,0,1,0,0,0,1,0,1,0,0,0,1,0,1,0,0,0,1,0
5327-XOKKY,1,1.6084834273893616,0.2827249813850949,1.3293254288866152,1,1,0,1,0,1,0,0,0,0,0,0,0,1,0,0,0,1,0,1,0,1,1,1,0,0,0
3761-FLYZI,1,1.3235432835192036,1.455762808431944,2.0991904491198428,0,1,0,1,0,1,1,0,0,0,0,1,0,1,0,0,0,1,0,1,0,0,1,0,0,0,0
5893-KCLGT,0,1.6084834273893616,-1.4992306427285067,-0.32240812845314515,0,0,1,1,0,0,0,1,1,0,1,0,1,0,1,0,1,0,1,0,0,1,1,0,0,1,0
0829-XXPLX,0,-0.5082147842175256,0.8120023036311275,-0.18886885108342472,0,0,0,1,0,0,1,0,0,1,0,0,0,1,0,0,0,1,0,0,0,0,1,0,0,0,0
3097-NQYSN,1,-1.2409180113122174,0.7273842991341125,-0.9417643067256951,1,1,0,1,0,1,1,0,0,0,0,0,0,0,0,0,0,1,0,0,0,0,1,0,0,1,1
1325-USMEC,0,1.5270719577121736,1.1421784388253606,2.0386224947777323,1,1,0,1,0,1,1,0,0,1,0,1,0,1,0,0,0,1,0,0,0,1,1,1,0,0,0
2137-DQMEV,0,1.4456604880349857,-0.6679831867872458,0.2995823936110153,1,1,1,0,1,0,0,0,0,1,0,1,0,0,0,0,0,1,0,0,1,0,0,0,0,1,0
9681-KYGYB,1,0.6722515261016999,0.7721820662207676,0.8158259653069456,1,1,0,1,0,1,1,0,0,1,0,1,0,1,0,0,0,0,0,0,0,0,1,0,1,0,0
8819-WFGGJ,0,1.4456604880349857,-0.3593763468569571,0.6555920041822393,1,1,0,0,1,0,0,0,0,1,0,0,0,1,0,0,0,1,0,1,0,1,1,0,0,0,0
7026-YMSBE,0,-0.10115743583158582,-1.5008898192872717,-0.7359781508710578,1,0,0,1,0,0,0,1,1,0,1,0,1,0,1,0,1,0,1,0,1,0,0,0,0,1,0
5203-XEHAX,0,0.06166550352279012,-0.019245152310133944,-0.10900432846776748,0,0,0,1,0,0,0,0,0,1,0,1,0,0,0,0,0,0,0,1,1,0,0,0,1,0,0
5578-NKCXI,0,1.0386031396490458,1.1388600857078308,1.5566034395078077,0,1,1,1,0,0,1,0,0,1,0,1,0,0,0,0,0,1,0,1,1,0,0,1,0,0,0
0547-HURJB,0,-0.8338606629262776,-1.456092052200617,-0.9068812043517864,1,0,1,1,0,0,0,1,1,0,1,0,1,0,1,0,1,0,1,0,0,0,0,1,0,0,0
8292-TYSPY,0,-0.5489205190561197,-0.3295111687991873,-0.5509374523753529,1,0,0,1,0,0,0,0,0,0,0,0,0,1,0,1,0,0,0,0,0,0,1,1,0,0,1
5666-CYCYZ,0,-0.3453918448631497,0.8169798333074222,-0.018426807766227845,0,0,0,1,0,1,1,0,0,0,0,0,0,0,0,1,0,0,0,1,0,0,1,0,1,0,0
3647-GMGDH,0,-0.4268033145403377,0.9878750188602166,-0.16966009426959844,1,1,0,1,0,0,1,0,0,0,0,0,0,1,0,0,0,1,0,1,0,0,1,1,0,0,1
0397-GZBBC,1,1.0793088744876398,0.9596690173612115,1.4372237600179938,1,1,0,1,0,1,1,0,0,0,0,0,0,0,0,0,0,1,0,1,0,0,1,0,0,0,1
6518-KZXCB,0,-0.4268033145403377,-1.3167212212643575,-0.7616849557041898,1,0,0,1,0,1,0,1,1,0,1,0,1,0,1,0,1,0,1,0,0,1,0,0,0,1,0
9200-NLNPD,0,0.9571916699718578,-0.3610355234157222,0.2891108770393638,1,1,0,0,1,0,0,0,0,0,0,0,0,1,0,1,0,1,0,1,1,0,1,0,0,0,0
8189-XRIKE,1,-0.019745966154397852,0.8634367769528422,0.26195518312084576,0,0,0,1,0,0,1,0,0,0,0,0,0,0,0,0,0,1,0,1,0,0,0,0,1,0,0
4232-JGKIY,0,-1.2816237461508113,-1.5174815848749215,-1.0019810152289244,1,0,0,1,0,0,0,1,1,0,1,0,1,0,1,0,1,0,1,0,0,0,0,0,1,0,0
3865-YIOTT,0,1.6084834273893616,1.3661672742586346,2.435530292713709,1,1,1,1,0,1,1,0,0,1,0,0,0,1,0,0,0,1,0,1,1,0,1,0,0,0,0
6870-ZWMNX,0,1.5270719577121736,0.3706613389996392,1.3008964688021523,1,1,0,1,0,1,0,0,0,0,0,1,0,1,0,1,0,1,0,0,0,1,0,1,0,0,0
8784-CGILN,0,-0.5896262538947137,1.1587702044130104,-0.230228048611709,0,0,0,1,0,1,1,0,0,0,0,0,0,0,0,1,0,1,0,1,0,0,1,0,0,0,1
5915-ANOEI,0,1.5270719577121736,0.47187110908430413,1.420429818346477,1,1,0,1,0,1,0,0,0,1,0,1,0,1,0,1,0,1,0,0,0,1,0,0,0,1,0
3569-VLDHH,0,1.3642490183577978,0.3374778078243394,1.190583322528464,1,1,1,1,0,0,0,0,0,1,0,1,0,1,0,1,0,1,0,0,1,0,1,0,1,0,0
7340-KEFQE,0,0.7536629957788878,-1.0197286172454239,-0.22801080925377024,0,1,1,0,1,0,0,0,0,1,0,0,0,0,0,1,0,0,0,0,0,1,0,0,0,0,0
4020-KIUDI,0,-1.0780950719578415,-1.4959122896109767,-0.9494478094512256,1,1,1,1,0,0,0,1,1,0,1,0,1,0,1,0,1,0,1,0,0,0,0,1,0,0,0
4424-TKOPW,1,-1.2409180113122174,0.9596690173612115,-0.9240263918621846,1,0,0,1,0,1,1,0,0,0,0,0,0,0,0,0,0,1,0,1,0,0,1,0,1,0,1
8587-XYZSF,0,1.4049547531963917,-0.4771778825292717,0.4209597838094673,1,0,0,1,0,0,0,0,0,0,0,0,0,0,0,1,0,0,0,0,0,1,0,0,0,0,0
3656-TKRVZ,0,-1.2002122764736234,-0.3178969328878323,-0.9378786496330698,0,0,0,1,0,0,0,0,0,1,0,1,0,0,0,0,0,0,0,0,0,0,0,0,1,0,1
3973-SKMLN,0,1.5677776925507676,-1.4942531130522119,-0.4154443700268547,1,0,0,1,0,0,0,1,1,0,1,0,1,0,1,0,1,0,1,0,0,1,1,1,0,0,0
8109-YUOHE,0,-0.6303319887333076,-0.29300928450635744,-0.5946456064511564,1,0,0,1,0,0,0,0,0,1,0,1,0,0,0,0,0,0,0,0,1,0,0,0,0,1,0
7881-INRLC,0,0.5094285867473239,1.1919537355883103,1.070720680010188,1,0,0,1,0,1,1,0,0,0,0,1,0,0,0,0,0,1,0,1,0,0,1,1,0,0,1
2667-WYLWJ,0,-0.9966836022806536,-1.4992306427285067,-0.9467476070648249,0,1,1,1,0,0,0,1,1,0,1,0,1,0,1,0,1,0,1,0,1,0,1,0,0,1,1
6885-PKOAM,0,1.5677776925507676,0.6908824148412829,1.7221938996754556,0,1,0,1,0,1,0,0,0,1,0,1,0,1,0,1,0,1,0,1,0,1,0,1,0,0,0
1334-PDUKM,0,1.4456604880349857,0.7141108866639929,1.519854343614842,0,1,0,1,0,1,1,0,0,0,0,1,0,1,0,0,0,0,0,0,1,0,0,1,0,0,0
7760-OYPDY,0,-1.2409180113122174,0.5216464058472539,-0.9471208057686363,0,0,0,1,0,0,1,0,0,0,0,0,0,0,0,0,0,1,0,0,0,0,1,0,1,0,1
9624-EGDEQ,0,0.18378270803857208,-1.497571466169742,-0.6533256144092795,0,0,0,1,0,0,0,1,1,0,1,0,1,0,1,0,1,0,1,0,0,1,0,0,0,1,0
9777-WJJPR,0,-0.06045170099299184,0.7871146552496526,0.16766762824612125,1,1,0,1,0,1,1,0,0,0,0,0,0,1,0,0,0,1,0,0,0,0,0,1,0,0,0
7426-GSWPO,1,1.2828375486806096,1.2798900932028552,1.864821663126232,1,0,0,1,0,1,1,0,0,1,0,1,0,0,0,0,0,1,0,1,0,0,1,0,0,0,0
9541-PWTWO,0,0.7943687306174818,0.5316014651998437,0.8485357340527755,0,0,0,1,0,1,0,0,0,0,0,0,0,1,0,1,0,1,0,1,0,1,1,0,0,0,0
7994-XIRTR,1,0.8757802002946699,0.010620025747636104,0.5394393958371478,1,0,0,1,0,0,0,0,0,0,0,0,0,1,0,1,0,0,0,1,1,0,0,0,0,0,0
3714-JTVOV,1,0.387311382231542,0.30595345320780487,0.40748072474239383,0,1,0,1,0,0,1,0,0,1,0,0,0,0,0,0,0,0,0,0,0,0,1,1,0,0,1
0098-BOWSO,0,-0.22327464034736777,-1.5108448786398618,-0.7777983585628739,1,0,0,1,0,0,0,1,1,0,1,0,1,0,1,0,1,0,1,0,0,0,1,0,1,0,0
6458-CYIDZ,1,-1.1188008067964355,0.5233055824060188,-0.8458522398461442,0,0,0,1,0,0,1,0,0,1,0,1,0,0,0,0,0,0,0,0,0,0,0,0,1,0,0
5003-XZWWO,0,1.5677776925507676,0.6394479415195682,1.6049875538137202,1,1,0,1,0,1,0,0,0,0,0,1,0,1,0,1,0,1,0,1,0,1,0,1,0,0,0
7479-NITWS,0,-1.0373893371192475,0.8103431270723621,-0.732992561240566,1,0,0,1,0,1,1,0,0,0,0,0,0,1,0,0,0,1,0,0,0,0,1,1,0,0,1
9626-WEQRM,0,-1.1595065416350294,-1.1873054496806883,-0.9620926596509558,0,0,0,0,1,0,0,0,0,1,0,0,0,0,0,0,0,0,0,0,0,0,1,0,0,1,0
0003-MKNFE,0,-0.9559778674420595,-0.1669118660402181,-0.7722662366004919,1,0,0,1,0,1,0,0,0,0,0,0,0,0,0,0,0,0,0,1,0,0,0,0,0,1,0
1053-MXTTK,0,1.6084834273893616,1.4507852787556494,2.381899443689506,0,1,1,1,0,0,1,0,0,1,0,1,0,1,0,1,0,1,0,1,0,1,1,0,0,0,0
6691-CCIHA,0,1.2014260790034217,0.6643355899010431,1.250975653951134,0,1,0,1,0,1,0,0,0,1,0,1,0,0,0,1,0,1,0,1,0,1,1,0,1,0,0
0562-HKHML,0,1.5677776925507676,-1.3615189883510124,-0.29632812491620153,1,1,1,1,0,1,0,1,1,0,1,0,1,0,1,0,1,0,1,0,0,1,0,1,0,0,0
9436-ZBZCT,0,-0.7524491932490895,0.8302532457775423,-0.49302579468978275,1,0,0,1,0,1,1,0,0,0,0,0,0,0,0,1,0,1,0,0,0,0,1,0,1,0,1
7321-VGNKU,0,-1.2409180113122174,0.17985603474166512,-0.957614275205218,0,1,0,1,0,0,1,0,0,0,0,0,0,0,0,0,0,0,0,0,0,0,1,0,1,0,0
2038-LLMLM,0,0.631545791263106,1.2915043291142099,1.1611884363870775,0,0,0,1,0,1,1,0,0,0,0,0,0,1,0,1,0,1,0,1,0,0,1,0,1,0,0
5183-KLYEM,0,1.6084834273893616,1.5868377565743785,2.586609909162569,0,0,0,1,0,1,1,0,0,1,0,1,0,1,0,1,0,1,0,1,0,1,1,1,0,0,0
3472-OAOOR,0,-0.5489205190561197,-0.994840968863949,-0.7424981517552937,1,1,1,0,1,0,0,0,0,1,0,1,0,0,0,0,0,0,0,0,0,0,1,0,0,1,0
5366-OBVMR,0,-0.5896262538947137,-0.48547376532309666,-0.6114175952577431,0,1,0,1,0,0,0,0,0,0,0,0,0,0,0,1,0,0,0,0,0,0,1,0,0,1,0
8144-DGHXP,0,0.8757802002946699,0.5199872292884885,0.8775135157604906,0,0,0,1,0,0,0,0,0,1,0,0,0,1,0,1,0,1,0,1,0,1,0,0,1,0,0
0114-PEGZZ,0,0.020959768684196134,1.4142833944628193,0.5901724666905794,0,0,0,1,0,1,1,0,0,0,0,1,0,1,0,0,0,1,0,1,0,0,0,0,1,0,0
1356-MKYSK,0,-1.0780950719578415,0.45527934349665417,-0.798214522947855,1,0,0,1,0,0,0,0,0,1,0,0,0,1,0,1,0,1,0,1,0,0,0,1,0,0,0
3621-CHYVB,0,0.9978974048104517,-0.49874717779321653,0.21122211226741436,0,1,0,0,1,0,0,0,0,1,0,0,0,1,0,1,0,0,0,1,0,0,1,0,0,0,0
4378-BZYFP,0,-0.6303319887333076,-1.4743429943470319,-0.8498037555335599,1,0,0,1,0,0,0,1,1,0,1,0,1,0,1,0,1,0,1,0,1,0,1,0,0,1,0
9894-EZEWG,0,-1.2816237461508113,0.3109309828840996,-0.9777889580759681,0,0,0,1,0,0,1,0,0,0,0,1,0,0,0,0,0,0,0,0,0,0,1,1,0,0,1
1099-GODLO,0,-1.2816237461508113,-1.4793205240233267,-1.0014760993355323,0,1,1,1,0,0,0,1,1,0,1,0,1,0,1,0,1,0,1,0,0,1,0,0,0,1,0
6217-KDYWC,0,0.9978974048104517,-1.5042081724048018,-0.49647239448380653,1,0,1,1,0,0,0,1,1,0,1,0,1,0,1,0,1,0,1,0,0,1,1,0,0,1,0
6615-ZGEDR,0,-1.2816237461508113,-1.5008898192872717,-1.0017614865796234,1,0,0,1,0,0,0,1,1,0,1,0,1,0,1,0,1,0,1,0,0,0,0,0,0,1,1
9831-BPFRI,0,0.26519417771576004,0.8169798333074222,0.5150717157647511,0,1,1,1,0,1,1,0,0,0,0,1,0,1,0,1,0,0,0,0,1,0,1,0,1,0,1
7112-OPOTK,0,0.020959768684196134,0.11017061927353564,-0.057151661502901574,1,0,0,1,0,0,1,0,0,0,0,0,0,0,0,0,0,0,0,0,0,0,0,0,1,0,1
4742-DRORA,0,1.1200146093262338,1.0111034906829266,1.5413901041112574,1,1,1,1,0,1,1,0,0,1,0,0,0,1,0,0,0,1,0,0,1,0,1,0,0,0,0
2840-XANRC,1,-0.3453918448631497,0.9364405455385019,-0.030852129316657075,1,1,0,1,0,0,1,0,0,0,0,0,0,1,0,0,0,1,0,1,0,0,1,0,1,0,1
2242-MFOTG,0,0.020959768684196134,0.5033954637008385,0.13258695008784208,1,0,0,1,0,1,1,0,0,1,0,0,0,0,0,0,0,0,0,0,1,0,0,0,0,0,0
4323-OHFOW,1,1.5270719577121736,1.3479163321122196,2.14876001813198,0,1,0,1,0,1,1,0,0,0,0,1,0,0,0,1,0,1,0,1,1,0,1,0,0,0,0
5119-KEPFY,0,0.14307697319997809,0.9978300782128064,0.5000559561525715,1,1,0,1,0,1,1,0,0,0,0,0,0,0,0,0,0,1,0,1,0,0,1,0,0,0,0
5168-MQQCA,0,1.6084834273893616,1.4458077490793544,2.50371589118656,0,1,0,1,0,1,1,0,0,0,0,1,0,1,0,1,0,1,0,1,1,0,1,0,0,0,0
6567-HOOPW,1,-1.2816237461508113,0.473530285643069,-0.9756375773128197,0,0,0,1,0,0,1,0,0,0,0,0,0,0,0,0,0,1,0,0,0,0,1,0,1,0,1
0929-HYQEW,0,-1.2002122764736234,-0.49045129499939155,-0.9397885488819873,1,0,0,1,0,0,0,0,0,1,0,0,0,0,0,0,0,0,0,0,0,0,1,0,0,1,0
3807-XHCJH,0,-1.2816237461508113,-1.4909347599346818,-1.001629769390043,0,1,1,1,0,0,0,1,1,0,1,0,1,0,1,0,1,0,1,0,0,0,0,0,1,0,0
8023-QHAIO,1,0.9571916699718578,0.3955489873811141,0.8668883291343285,0,1,0,1,0,1,1,0,0,0,0,0,0,0,0,1,0,0,0,0,0,0,1,0,0,0,0
9494-BDNNC,0,1.3642490183577978,1.0077851375653963,1.743971141686102,1,1,0,1,0,1,1,0,0,0,0,1,0,1,0,0,0,0,0,1,1,0,0,0,1,0,0
2883-ILGWO,1,0.9978974048104517,1.326347036848275,1.5861519957037051,1,0,0,1,0,1,1,0,0,0,0,1,0,0,0,1,0,1,0,1,0,0,1,0,0,0,0
2957-JIRMN,1,1.2014260790034217,0.6477438243133932,1.16694008699876,0,0,0,1,0,1,1,0,0,0,0,0,0,0,0,0,0,1,0,0,1,0,0,0,1,0,0
8295-FHIVV,0,-1.0373893371192475,-1.5108448786398618,-0.9363639019528937,1,0,0,1,0,0,0,1,1,0,1,0,1,0,1,0,1,0,1,0,0,0,1,0,0,1,0
6038-GCYEC,0,-0.3453918448631497,-0.3577171702981922,-0.46587010077126495,0,0,0,0,1,0,0,0,0,0,0,1,0,1,0,0,0,1,0,1,0,0,1,1,0,0,1
1460-UZPRJ,0,1.1200146093262338,-1.4925939364934466,-0.4580109751262937,1,1,0,1,0,0,0,1,1,0,1,0,1,0,1,0,1,0,1,0,0,1,0,0,0,1,0
9786-YWNHU,0,1.2421318138420157,-0.045791977250373726,0.7520528926850423,0,1,1,1,0,0,0,0,0,1,0,1,0,1,0,1,0,0,0,0,0,1,0,0,0,1,0
3005-TYFRD,0,0.9164859351332638,1.2848676228791502,1.4819636987455114,0,1,0,1,0,1,1,0,0,0,0,1,0,1,0,0,0,1,0,1,0,0,1,1,0,0,0
5153-LXKDT,0,1.4456604880349857,1.5022197520773641,2.2682494619464446,1,1,1,1,0,1,1,0,0,1,0,1,0,1,0,0,0,1,0,1,0,1,1,0,1,0,0
6419-ZTTLE,1,-0.38609757970174374,-1.466047111553207,-0.7973803140805116,1,1,0,1,0,0,0,1,1,0,1,0,1,0,1,0,1,0,1,0,1,0,1,0,1,0,0
0618-XWMSS,0,-0.1825689055087738,0.33084110158927976,-0.10219894033944045,1,0,1,1,0,0,1,0,0,1,0,0,0,0,0,0,0,0,0,0,0,0,1,0,0,0,1
4973-MGTON,0,1.5677776925507676,0.6460846477546283,1.6104538171813119,0,1,0,1,0,0,0,0,0,1,0,1,0,1,0,1,0,1,0,1,0,1,1,1,0,0,0
6139-ZZRBQ,1,1.2828375486806096,-1.4892755833759168,-0.4843983187722586,1,0,0,1,0,0,0,1,1,0,1,0,1,0,1,0,1,0,1,0,0,1,1,0,0,0,0
4465-VDKIQ,0,-0.5896262538947137,0.427073341997649,-0.4139076694817486,0,0,0,1,0,0,1,0,0,0,0,1,0,1,0,0,0,0,0,0,0,0,0,0,1,0,0
3462-BJQQA,0,-1.0780950719578415,0.8236165395424823,-0.767765899289824,0,0,0,1,0,1,1,0,0,0,0,1,0,0,0,0,0,1,0,0,0,0,1,0,1,0,0
2642-DTVCO,1,-0.9559778674420595,0.667653943018573,-0.682654641955876,1,0,0,1,0,1,1,0,0,0,0,0,0,0,0,0,0,0,0,1,0,0,1,0,1,0,1
9524-EGPJC,0,-0.5896262538947137,0.8352307754538371,-0.3023212570421154,0,0,0,1,0,1,1,0,0,0,0,0,0,0,0,1,0,0,0,1,0,0,1,0,1,0,1
2890-WFBHU,0,1.0793088744876398,0.4950995809070136,1.0909612214757287,0,0,0,1,0,1,0,0,0,1,0,1,0,1,0,1,0,0,0,1,1,0,0,1,0,0,0
5356-RHIPP,0,-1.2816237461508113,-1.4842980536996218,-1.0015419579303226,1,0,0,1,0,0,0,1,1,0,1,0,1,0,1,0,1,0,1,0,0,0,1,0,0,1,1
8659-IOOPU,0,1.5677776925507676,1.1786803231181906,2.1331076254368275,0,1,1,1,0,1,1,0,0,1,0,0,0,1,0,1,0,0,0,1,0,1,0,0,1,0,0
3096-IZETN,0,-0.8338606629262776,0.4370284013502389,-0.5944919363966459,0,0,0,1,0,0,1,0,0,0,0,0,0,0,0,0,0,0,0,1,0,0,0,0,0,0,1
2085-BOJKI,0,-0.6303319887333076,1.0525829046520514,-0.3130781608578581,1,1,0,1,0,0,1,0,0,0,0,0,0,1,0,0,0,1,0,1,1,0,1,0,0,0,0
4282-ACRXS,1,0.22448844287716607,-1.3299946337344775,-0.590781902223461,1,1,0,0,1,0,0,0,0,0,0,0,0,0,0,0,0,0,0,0,0,0,1,0,1,0,0
2749-CTKAJ,0,-0.4268033145403377,-1.4859572302583868,-0.8260507556792055,1,1,1,1,0,0,0,1,1,0,1,0,1,0,1,0,1,0,1,0,1,0,0,0,0,1,0
2320-YKQBO,0,-1.0373893371192475,-1.5141632317573919,-0.9467695599297551,0,0,0,1,0,0,0,1,1,0,1,0,1,0,1,0,1,0,1,0,0,0,0,0,0,1,0
6253-GNHWH,0,1.5677776925507676,0.20474368312314,1.2836415169671036,0,1,1,1,0,1,0,0,0,1,0,1,0,1,0,1,0,0,0,0,0,1,0,0,0,1,0
5712-AHQNN,0,0.428017117070136,0.8866652487755522,0.7256655490390775,0,0,0,1,0,0,1,0,0,0,0,1,0,1,0,0,0,1,0,0,0,0,1,0,1,0,0
4987-GQWPO,0,-0.6303319887333076,-1.3216987509406526,-0.8423397814573302,1,0,0,0,1,0,0,0,0,0,0,0,0,0,0,0,0,0,0,0,0,0,0,1,0,0,0
0196-VULGZ,1,-1.0780950719578415,0.6444254711958629,-0.8019026042561096,0,1,0,1,0,1,1,0,0,0,0,0,0,0,0,0,0,0,0,1,0,0,1,0,1,0,1
4633-MKHYU,0,-0.9559778674420595,0.7788187724558276,-0.6641703296847427,0,0,0,1,0,0,1,0,0,0,0,0,0,0,0,0,0,1,0,1,0,0,1,0,0,1,0
2722-VOJQL,0,1.2828375486806096,1.3512346852297499,2.02044552261562,1,0,0,1,0,1,1,0,0,0,0,1,0,0,0,1,0,1,0,1,1,0,1,1,0,0,1
2234-EOFPT,0,1.6084834273893616,0.4785078153193637,1.515595487818405,1,1,0,1,0,0,0,0,0,1,0,1,0,0,0,1,0,1,0,1,0,1,1,0,0,0,0
8751-EDEKA,0,-0.1825689055087738,0.8285940692187774,0.05803502078526589,0,1,0,1,0,0,1,0,0,0,0,1,0,1,0,0,0,0,0,1,0,0,0,1,0,0,0
7563-BIUPC,0,-1.1188008067964355,0.5199872292884885,-0.8279606549281231,1,0,0,1,0,0,1,0,0,0,0,0,0,0,0,0,0,1,0,0,0,0,1,0,1,0,1
3938-YFPXD,0,1.6084834273893616,0.642766294637098,1.6226596100824404,1,0,0,1,0,1,0,0,0,1,0,0,0,1,0,1,0,1,0,1,0,1,0,1,0,0,0
2866-IKBTM,0,-1.2816237461508113,-1.5058673489635668,-1.0018273451744135,0,0,0,1,0,0,0,1,1,0,1,0,1,0,1,0,1,0,1,0,0,0,0,0,0,1,0
3256-EZDBI,1,0.7536629957788878,-1.1773503903280982,-0.3696726466476229,1,1,0,0,1,0,0,0,0,0,0,1,0,0,0,0,0,0,0,0,0,0,1,1,0,0,0
5302-BDJNT,0,0.1023712383613841,1.0144218438004564,0.490374742718403,1,0,0,1,0,1,1,0,0,0,0,0,0,1,0,1,0,1,0,0,0,0,0,0,1,0,0
4529-CKBCL,0,-1.2409180113122174,0.5067138168183688,-0.946286596901293,0,0,0,1,0,0,1,0,0,0,0,0,0,0,0,0,0,1,0,0,0,0,1,0,1,0,1
8095-WANWK,0,-0.9152721326034655,-0.6530505977583607,-0.8221870514515102,0,0,0,1,0,0,0,0,0,0,0,0,0,0,0,0,0,0,0,0,0,0,0,0,0,1,0
4767-HZZHQ,0,-0.10115743583158582,0.5681033494926734,0.1180541535041242,1,1,1,1,0,0,1,0,0,0,0,1,0,1,0,0,0,0,0,0,0,0,0,0,0,0,0
1247-QBVSH,0,0.428017117070136,-0.4887921184406264,-0.057920011775454625,0,1,1,1,0,0,0,0,0,0,0,1,0,0,0,0,0,0,0,0,0,0,0,0,0,1,0
0939-YAPAF,0,0.1023712383613841,1.1720436168831305,0.5384076111854338,0,0,0,1,0,1,1,0,0,0,0,0,0,1,0,0,0,1,0,1,0,0,1,0,1,0,1
1998-VHJHK,0,-0.22327464034736777,-1.5191407614336867,-0.7902895387080935,0,0,0,1,0,0,0,1,1,0,1,0,1,0,1,0,1,0,1,0,1,0,0,0,0,1,0
8189-HBVRW,0,0.8350744654560759,0.858459247276547,1.150277862516824,0,0,0,1,0,1,1,0,0,1,0,1,0,1,0,0,0,0,0,0,0,0,0,0,1,0,0
9365-SRSZE,1,-0.22327464034736777,0.18649274097672516,-0.15692743261014785,1,1,0,1,0,0,1,0,0,0,0,0,0,0,0,0,0,0,0,0,0,0,1,0,1,0,0
3886-CERTZ,0,1.6084834273893616,1.4706953974608292,2.5502559648383447,0,1,0,1,0,1,1,0,0,0,0,1,0,1,0,1,0,1,0,1,1,0,1,0,1,0,1
2592-SEIFQ,0,-1.2002122764736234,-1.3333129868520075,-0.9810160292206911,1,0,0,0,1,0,0,0,0,0,0,0,0,0,0,0,0,0,0,0,0,0,0,0,1,0,1
6439-GTPCA,0,0.5094285867473239,0.7406577116042327,0.7202212385364158,0,0,0,1,0,1,1,0,0,0,0,0,0,1,0,1,0,0,0,0,0,0,1,0,1,0,1
3392-EHMNK,0,1.4049547531963917,0.9679649001550363,1.7568794262649934,0,1,1,1,0,1,1,0,0,0,0,1,0,0,0,1,0,1,0,0,0,1,0,1,0,0,0
9732-EQMWY,0,0.6722515261016999,1.1438376153841259,1.195852010111685,0,1,0,1,0,0,1,0,0,0,0,1,0,1,0,0,0,1,0,1,0,0,0,0,1,0,0
3845-FXCYS,0,-1.2409180113122174,-1.5025489958460367,-0.9967123276457034,1,0,0,1,0,0,0,1,1,0,1,0,1,0,1,0,1,0,1,0,0,0,1,0,1,0,0
3926-CUQZX,0,-1.2816237461508113,-0.6580281274346557,-0.9906094311951391,1,0,0,1,0,0,0,0,0,0,0,0,0,0,0,0,0,0,0,0,0,0,1,0,0,0,1
2240-HSJQD,0,0.22448844287716607,0.5614666432576133,0.3689753996550208,1,0,1,1,0,1,1,0,0,0,0,1,0,0,0,0,0,0,0,0,0,0,1,0,0,1,0
9944-HKVVB,0,-1.2002122764736234,1.0011484313303363,-0.8754447017719017,0,0,0,1,0,0,1,0,0,0,0,1,0,0,0,0,0,1,0,1,0,0,1,0,1,0,1
2817-NTQDO,0,-0.7931549280876836,-0.6430955384057709,-0.7482937080968367,1,0,0,0,1,0,0,0,0,1,0,0,0,0,0,1,0,1,0,0,0,0,1,1,0,0,1
3003-CMDUU,0,-0.30468611002455576,1.0028076078891015,0.04143865489811989,0,1,0,1,0,0,1,0,0,0,0,0,0,0,0,1,0,1,0,1,0,0,1,0,1,0,0
5802-ADBRC,0,0.7129572609402939,1.309755271260625,1.2871320224909875,0,1,0,1,0,1,1,0,0,1,0,0,0,1,0,0,0,1,0,1,1,0,1,0,0,1,0
4854-SSLTN,0,-1.2409180113122174,-0.180185278510338,-0.9531139378945502,1,1,1,1,0,0,0,0,0,1,0,1,0,0,0,1,0,0,0,0,0,1,0,0,0,1,0
3372-KWFBM,1,-0.6710377235719016,0.7190884163402875,-0.4479785158532439,1,0,0,1,0,1,1,0,0,0,0,0,0,0,0,0,0,1,0,0,0,0,1,0,1,0,1
7868-TMWMZ,1,1.1200146093262338,1.495583045842304,1.917376821768861,0,1,0,1,0,0,1,0,0,1,0,1,0,1,0,1,0,1,0,1,0,1,1,0,0,0,0
2056-EVGZL,0,1.4456604880349857,1.3545530383472797,2.2045861536491915,1,1,1,1,0,0,1,0,0,0,0,1,0,1,0,1,0,1,0,1,1,0,0,1,0,0,0
5730-RIITO,1,0.428017117070136,-1.044616265626899,-0.3517152031348116,0,0,0,0,1,0,0,0,0,1,0,1,0,0,0,0,0,0,0,0,0,0,1,1,0,0,0
0820-FNRNX,0,-0.6303319887333076,0.05873614595182097,-0.5375242519030695,1,1,1,1,0,1,0,0,0,0,0,1,0,1,0,1,0,0,0,0,0,0,1,0,0,1,0
1206-EHBDD,0,0.9571916699718578,0.5100321699358986,0.9713400604716832,0,1,0,1,0,0,1,0,0,1,0,0,0,1,0,0,0,0,0,0,0,1,0,0,0,0,0
7734-DBOAI,0,-1.2816237461508113,-0.8239457833111549,-0.9928047176881478,0,1,1,0,1,0,0,0,0,0,0,0,0,0,0,1,0,1,0,0,0,0,0,0,1,0,1
7569-NMZYQ,0,1.6084834273893616,1.7859389436261777,2.797291553896616,0,1,1,1,0,1,1,0,0,1,0,1,0,1,0,1,0,1,0,1,0,1,1,0,0,0,0
0347-UBKUZ,0,-0.7117434584104956,-1.4942531130522119,-0.8697150040251489,0,0,0,1,0,0,0,1,1,0,1,0,1,0,1,0,1,0,1,0,0,0,0,0,0,1,0
6754-WKSHP,0,-0.10115743583158582,-1.3134028681468275,-0.6928407712834365,1,0,1,1,0,1,0,1,1,0,1,0,1,0,1,0,1,0,1,0,1,0,0,0,0,0,0
2436-QBZFP,0,-0.4268033145403377,-0.8538109613689248,-0.6372561172804556,0,1,1,0,1,0,0,0,0,0,0,1,0,0,0,0,0,1,0,0,0,0,0,0,1,0,0
9432-RUVSL,0,0.631545791263106,1.2467065620275553,1.1428358413055244,0,0,0,1,0,0,1,0,0,1,0,0,0,1,0,1,0,1,0,1,0,1,1,1,0,0,0
2799-ARNLO,1,-1.1188008067964355,0.14667250356636527,-0.8604289421597221,0,1,0,1,0,0,1,0,0,0,0,0,0,0,0,0,0,0,0,0,0,0,1,0,1,0,0
1635-HDGFT,0,-0.5489205190561197,-1.4743429943470319,-0.8354246290043528,0,0,1,1,0,0,0,1,1,0,1,0,1,0,1,0,1,0,1,0,0,1,0,0,0,1,0
3482-ABPKK,0,-0.1825689055087738,-0.3527396406218973,-0.33149661453420126,0,0,0,1,0,0,0,0,0,1,0,0,0,0,0,1,0,0,0,0,1,0,0,0,0,1,0
7054-DMVAS,0,0.8757802002946699,0.012279202306401001,0.5319534688959883,1,0,0,1,0,0,0,0,0,1,0,1,0,0,0,0,0,1,0,0,0,1,1,0,0,0,0
3509-GWQGF,1,-0.3453918448631497,0.16824179883031035,-0.2497002398046964,1,0,0,1,0,0,1,0,0,0,0,0,0,0,0,0,0,0,0,0,0,0,0,1,0,0,0
5986-WWXDV,0,0.26519417771576004,-1.5125040551986266,-0.668297468291599,1,0,1,1,0,0,0,1,1,0,1,0,1,0,1,0,1,0,1,0,1,0,0,0,0,0,0
6506-EYCNH,0,-0.1825689055087738,-1.5058673489635668,-0.7716515563824494,0,1,1,1,0,0,0,1,1,0,1,0,1,0,1,0,1,0,1,0,0,0,1,0,0,0,0
0650-BWOZN,1,-0.5896262538947137,0.2860433345026247,-0.4135344707779371,0,0,0,1,0,0,1,0,0,0,0,1,0,0,0,0,0,0,0,0,0,0,1,0,1,0,0
7422-WNBTY,0,0.020959768684196134,0.9430772517735615,0.3471542519145142,1,1,0,1,0,1,1,0,0,0,0,1,0,1,0,0,0,0,0,1,0,0,1,0,1,0,0
7156-MXBJE,0,0.428017117070136,0.6693131195773377,0.5975266764421586,0,0,0,1,0,1,0,0,0,0,0,1,0,1,0,1,0,1,0,1,1,0,0,1,0,0,0
8722-PRFDV,0,1.5677776925507676,0.4187774592038241,1.4370481370985533,0,1,1,1,0,0,0,0,0,1,0,0,0,1,0,0,0,1,0,1,0,1,0,1,0,0,0
4566-QVRRW,0,-0.8745663977648716,-0.6928708351687206,-0.7980389000284143,0,1,0,1,0,0,0,0,0,0,0,0,0,0,0,0,0,0,0,0,0,0,1,0,1,0,1
3890-RTCMS,0,-0.6710377235719016,-0.5136797668221014,-0.6596041337792844,1,0,0,1,0,0,0,0,0,0,0,0,0,0,0,1,0,0,0,0,0,0,1,0,0,1,0
3370-HXOPH,0,-1.2002122764736234,0.3706613389996392,-0.8973097552422686,0,0,0,1,0,1,1,0,0,0,0,0,0,0,0,0,0,0,0,0,0,0,0,0,1,0,0
3796-ENZGF,0,1.2421318138420157,0.07698708809823579,0.8486235455124957,1,1,0,1,0,1,0,0,0,0,0,1,0,0,0,1,0,0,0,1,0,1,0,0,0,1,0
4054-CUMIA,0,-0.5896262538947137,-1.4826388771408567,-0.8339318341891068,0,1,1,1,0,0,0,1,1,0,1,0,1,0,1,0,1,0,1,0,0,0,1,0,0,1,0
1135-HIORI,0,1.2828375486806096,1.543699166046489,2.1801965207118648,0,1,1,1,0,1,1,0,0,0,0,1,0,1,0,1,0,1,0,1,1,0,1,0,1,0,0
5944-UGLLK,0,0.8350744654560759,-0.33282952191671733,0.3268478518541836,1,0,0,0,1,0,0,0,0,0,0,0,0,1,0,1,0,1,0,1,1,0,0,1,0,0,0
5529-GIBVH,0,0.590840056424512,-1.4859572302583868,-0.5510691695649333,0,0,0,1,0,0,0,1,1,0,1,0,1,0,1,0,1,0,1,0,0,1,0,0,0,1,0
7217-JYHOQ,0,-0.3453918448631497,0.1781968581829002,-0.261181588163132,1,1,1,1,0,0,0,0,0,1,0,1,0,0,0,1,0,0,0,1,0,0,1,1,0,0,0
5180-UCIIQ,1,-0.4268033145403377,-0.82560495986992,-0.6239526811328228,1,1,1,0,1,0,0,0,0,1,0,0,0,0,0,0,0,0,0,1,0,0,0,0,0,1,1
5515-IDEJJ,0,-1.2816237461508113,-1.4942531130522119,-1.001673675119903,1,1,1,1,0,0,0,1,1,0,1,0,1,0,1,0,1,0,1,0,0,0,0,0,0,1,1
4315-MURBD,0,-0.8338606629262776,1.127245849796476,-0.518249636494453,0,0,0,1,0,0,1,0,0,1,0,0,0,0,0,1,0,1,0,1,0,0,1,0,0,0,1
7730-IUTDZ,0,0.428017117070136,0.34079616094186965,0.39395775994546006,1,0,0,1,0,0,1,0,0,1,0,0,0,0,0,0,0,0,0,0,0,0,1,0,1,0,1
5366-IJEQJ,0,-0.5082147842175256,0.7887738318084175,-0.23703343674003605,1,0,0,1,0,1,1,0,0,0,0,0,0,1,0,0,0,1,0,0,0,0,1,0,1,0,1
4597-NUCQV,1,-0.3453918448631497,1.2052271480584305,0.060954751820967525,1,0,0,1,0,1,1,0,0,0,0,1,0,0,0,0,0,1,0,1,0,0,1,0,1,0,1
7560-QRBXH,0,0.631545791263106,-1.4925939364934466,-0.5991459437618243,0,0,1,1,0,0,0,1,1,0,1,0,1,0,1,0,1,0,1,0,1,0,0,0,0,1,0
0654-PQKDW,0,1.2014260790034217,0.19312944721178524,0.861487924361527,0,1,1,1,0,0,0,0,0,1,0,0,0,1,0,1,0,1,0,0,1,0,1,0,0,0,0
2858-MOFSQ,0,-0.6303319887333076,-0.30130516730018236,-0.5987946979229429,0,0,1,1,0,1,0,0,0,0,0,0,0,1,0,0,0,0,0,0,1,0,1,0,0,1,1
1360-RCYRT,0,-0.38609757970174374,-1.1474852122703283,-0.7124007739361441,1,1,1,0,1,0,0,0,0,0,0,0,0,0,0,1,0,0,0,0,0,0,1,0,0,0,0
9644-KVCNC,0,1.3642490183577978,0.903257014363202,1.6489152365388244,0,0,0,1,0,1,1,0,0,0,0,0,0,1,0,0,0,1,0,0,1,0,1,0,0,0,0
2908-WGAXL,0,0.9571916699718578,-1.3266762806169474,-0.36547964944597616,0,1,1,1,0,1,0,1,1,0,1,0,1,0,1,0,1,0,1,0,0,1,1,1,0,0,0
0867-MKZVY,0,-0.5082147842175256,0.5797175854040286,-0.311278025933591,0,1,0,1,0,1,1,0,0,1,0,0,0,0,0,0,0,0,0,0,0,0,0,0,1,0,1
7644-OMVMY,0,-1.3223294809894055,-1.4959122896109767,-0.3968393169986058,1,1,1,1,0,0,0,1,1,0,1,0,1,0,1,0,1,0,1,0,0,1,0,0,0,1,0
2026-TGDHM,0,-1.0373893371192475,0.4768486387605988,-0.7807180895985755,0,0,0,1,0,0,1,0,0,0,0,0,0,0,0,0,0,0,0,1,0,0,1,0,1,0,1
6143-JQKEA,0,-0.9152721326034655,-0.634799655611946,-0.818894121711997,1,0,0,1,0,0,0,0,0,0,0,0,0,0,0,0,0,0,0,0,0,0,1,1,0,0,0
4747-LCAQL,0,-0.30468611002455576,0.46689357940800896,-0.17532393342156097,1,0,0,1,0,0,0,0,0,1,0,1,0,0,0,1,0,1,0,1,0,0,1,0,0,1,0
3254-YRILK,1,-0.5489205190561197,0.7721820662207676,-0.23073296450510106,1,0,0,1,0,1,1,0,0,0,0,1,0,0,0,0,0,1,0,0,0,0,1,0,1,0,1
6907-FLBER,0,-1.2816237461508113,-0.3527396406218973,-0.9865701040480029,1,0,0,1,0,1,0,0,0,0,0,1,0,0,0,0,0,0,0,0,0,0,0,0,1,0,0
3957-SQXML,0,0.06166550352279012,-1.3266762806169474,-0.6177619732225382,0,1,1,1,0,1,0,1,1,0,1,0,1,0,1,0,1,0,1,0,0,1,0,1,0,0,0
2154-KVJFF,0,-0.7117434584104956,0.4917812277894838,-0.5222450579117289,0,0,0,1,0,1,1,0,0,0,0,1,0,0,0,0,0,0,0,0,0,0,1,0,1,0,1
8207-DMRVL,0,1.6084834273893616,1.6465681126899183,2.6364209596889365,1,1,1,1,0,1,1,0,0,1,0,1,0,1,0,1,0,1,0,1,0,1,0,0,0,0,0
4194-FJARJ,0,0.8757802002946699,-0.16359351292268806,0.4270407273951014,0,1,1,1,0,1,0,0,0,1,0,0,0,0,0,1,0,0,0,0,0,1,0,0,0,0,0
5095-ETBRJ,0,0.9164859351332638,-0.2697808126836477,0.3559573507514793,0,1,0,1,0,0,0,0,0,1,0,1,0,0,0,1,0,0,0,0,0,1,0,0,0,1,0
9133-AYJZG,0,-0.38609757970174374,1.1206091435614158,-0.02292714507689572,0,0,0,1,0,1,1,0,0,0,0,1,0,0,0,0,0,1,0,1,0,0,1,1,0,0,0
0324-BRPCJ,1,1.4456604880349857,1.1703844403243657,1.9978560246025603,0,1,0,1,0,1,1,0,0,0,0,1,0,0,0,0,0,1,0,1,0,0,1,0,1,0,1
2476-YGEFM,0,-0.1418631706701798,0.3673429858821094,-0.037789234634564704,0,0,0,1,0,1,1,0,0,0,0,0,0,0,0,0,0,0,0,0,0,0,1,1,0,0,0
9068-FHQHD,0,0.30589991255435406,-1.4859572302583868,-0.6691097242940122,0,1,1,1,0,0,0,1,1,0,1,0,1,0,1,0,1,0,1,0,0,1,0,0,0,0,0
5520-FVEWJ,0,-0.8338606629262776,0.6494030008721581,-0.6078392782741388,0,1,1,1,0,1,1,0,0,0,0,1,0,1,0,0,0,0,0,0,0,0,1,0,1,0,1
4566-NECEV,0,-1.1188008067964355,1.0492645515345211,-0.7908383603313457,1,0,0,1,0,1,1,0,0,0,0,1,0,1,0,0,0,0,0,1,0,0,0,0,1,0,0
5154-VEKBL,0,-0.9559778674420595,-0.21336880968563784,-0.7733858327119264,0,0,0,0,1,0,0,0,0,1,0,0,0,1,0,1,0,1,0,1,0,0,0,0,0,1,1
0565-JUPYD,0,1.2421318138420157,1.313073624378155,1.8833279282622957,1,0,0,1,0,1,1,0,0,1,0,1,0,1,0,1,0,1,0,0,1,0,0,1,0,0,0
8695-WDYEA,0,-1.2816237461508113,-0.4539494107065617,-0.9879092288087384,1,0,0,1,0,0,0,0,0,1,0,0,0,0,0,0,0,0,0,0,0,0,0,0,0,1,0
6397-JNZZG,1,0.428017117070136,-0.3112602266527725,0.017949089422926594,0,1,0,0,1,0,0,0,0,0,0,1,0,1,0,0,0,1,0,1,0,0,0,1,0,0,1
6308-CQRBU,0,1.5677776925507676,1.4706953974608292,2.373711025070583,0,1,0,1,0,1,1,0,0,0,0,1,0,1,0,1,0,1,0,1,0,1,0,0,1,0,0
2842-JTCCU,0,-1.2409180113122174,-0.626503772818121,-0.9751326614194277,1,0,0,1,0,0,0,0,0,0,0,0,0,0,0,0,0,0,0,0,0,0,0,0,0,0,1
6402-ZFPPI,1,-0.30468611002455576,1.2566616213801451,0.15756931037828115,0,0,0,1,0,1,1,0,0,1,0,1,0,0,0,0,0,1,0,1,0,0,1,0,0,1,1
3594-BDSOA,0,-0.3453918448631497,-1.477661347464562,-0.7984340515971559,0,1,0,1,0,0,0,1,1,0,1,0,1,0,1,0,1,0,1,0,1,0,0,1,0,0,0
6490-FGZAT,0,-1.0780950719578415,-1.469365464670737,-0.962421952624907,1,0,0,1,0,0,0,1,1,0,1,0,1,0,1,0,1,0,1,0,0,0,0,0,0,1,0
