customerID,SeniorCitizen,tenure,MonthlyCharges,TotalCharges,gender_Male,Partner_Yes,Dependents_Yes,PhoneService_Yes,MultipleLines_No phone service,MultipleLines_Yes,InternetService_Fiber optic,InternetService_No,OnlineSecurity_No internet service,OnlineSecurity_Yes,OnlineBackup_No internet service,OnlineBackup_Yes,DeviceProtection_No internet service,DeviceProtection_Yes,TechSupport_No internet service,TechSupport_Yes,StreamingTV_No internet service,StreamingTV_Yes,StreamingMovies_No internet service,StreamingMovies_Yes,Contract_One year,Contract_Two year,PaperlessBilling_Yes,PaymentMethod_Credit card (automatic),PaymentMethod_Electronic check,PaymentMethod_Mailed check,Churn
4950-BDEUX,0,0.102371238361384,-0.521975649615926,-0.26328906319642,1,0,0,0,1,0,0,0,0,0,0,0,0,1,0,0,0,1,0,1,0,0,0,0,1,0,0
7993-NQLJE,0,-0.711743458410496,0.337477807824339,-0.50481448315724,1,1,1,1,0,0,1,0,0,1,0,0,0,0,0,0,0,0,0,0,0,0,0,0,0,1,0
7321-ZNSLA,0,-0.793154928087684,-0.80901319428227,-0.751213439132538,1,1,1,0,1,0,0,0,0,1,0,1,0,0,0,1,0,0,0,0,0,1,0,0,0,1,0
4922-CVPDX,0,-0.263980375185962,0.28438415794386,-0.173699421416735,0,1,0,1,0,0,0,0,0,0,0,1,0,1,0,0,0,1,0,1,0,1,1,1,0,0,0
2903-YYTBW,0,-1.28162374615081,-0.676279069581071,-0.99085091270937,1,1,1,1,0,0,0,0,0,0,0,0,0,0,0,0,0,0,0,0,0,0,0,0,1,0,0
8414-OOEEL,0,1.3642490183578,0.483485344995659,1.27097471390244,1,0,1,1,0,0,0,0,0,0,0,1,0,1,0,1,0,1,0,1,0,1,1,1,0,0,0
8562-GHPPI,0,-1.28162374615081,-1.49757146616974,-1.00171758084976,0,0,0,1,0,0,0,1,1,0,1,0,1,0,1,0,1,0,1,0,0,0,0,1,0,0,0
8017-UVSZU,0,0.305899912554354,-0.276417518918708,0.034150303741331,0,1,0,1,0,1,0,0,0,0,0,1,0,0,0,0,0,0,0,0,0,0,0,1,0,0,0
1972-XMUWV,0,1.3235432835192,-0.170230219157748,0.661607089173083,0,1,0,1,0,0,0,0,0,0,0,0,0,0,0,1,0,1,0,0,0,1,1,1,0,0,0
2054-PJOCK,0,1.12001460932623,0.518328052729724,1.11772176382551,0,0,0,1,0,1,0,0,0,0,0,0,0,1,0,1,0,1,0,1,1,0,0,1,0,0,0
8250-ZNGGW,1,-1.11880080679644,-0.166911866040218,-0.884028271959566,0,0,0,1,0,0,0,0,0,1,0,1,0,0,0,1,0,0,0,0,0,0,0,1,0,0,0
2075-RMJIK,0,-1.11880080679644,-0.515338943380866,-0.908308140572242,0,1,1,1,0,0,0,0,0,1,0,0,0,0,0,0,0,0,0,0,0,0,1,0,0,1,0
6629-LADHQ,0,-1.24091801131222,-0.463904470059151,-0.956384914769133,0,0,0,1,0,0,0,0,0,1,0,0,0,0,0,0,0,0,0,0,0,0,0,0,0,1,0
1810-MVMAI,0,-0.101157435831586,0.0886013240095905,-0.13220850669887,1,1,1,1,0,1,0,0,0,1,0,1,0,1,0,1,0,0,0,0,0,0,0,0,1,0,0
0396-YCHWO,0,0.143076973199978,1.01110349068293,0.514961951440101,1,1,0,1,0,1,1,0,0,0,0,0,0,0,0,0,0,1,0,1,0,0,1,0,1,0,0
1303-SRDOK,0,0.916485935133264,0.136717444213775,0.676710660244983,0,1,1,1,0,0,1,0,0,0,0,0,0,0,0,0,0,0,0,0,0,1,1,1,0,0,0
2455-USLMV,0,-0.0604517009929918,0.657698883665983,0.13702142880372,0,0,0,1,0,1,1,0,0,1,0,0,0,1,0,0,0,0,0,0,0,0,1,1,0,0,0
5697-GOMBF,1,-0.182568905508774,-0.963316614247414,-0.58292277657849,0,1,1,0,1,0,0,0,0,0,0,0,0,0,0,0,0,1,0,0,0,0,1,0,1,0,0
7469-LKBCI,0,-0.671037723571902,-1.52577746766875,-0.866926990179028,1,0,0,1,0,0,0,1,1,0,1,0,1,0,1,0,1,0,1,0,0,1,0,1,0,0,0
7787-BNTZM,0,-1.07809507195784,-1.48595723025839,-0.95311393789455,1,0,0,1,0,0,0,1,1,0,1,0,1,0,1,0,1,0,1,0,0,0,0,0,0,0,0
6726-WEXXK,1,-0.223274640347368,0.695859944517578,-0.0356598067363463,1,1,0,1,0,1,1,0,0,1,0,0,0,1,0,0,0,0,0,0,1,0,1,0,1,0,0
5995-LFTLE,0,1.03860313964905,-1.31506204470559,-0.363086787168597,1,0,0,1,0,1,0,1,1,0,1,0,1,0,1,0,1,0,1,0,0,1,1,1,0,0,0
2984-TBYKU,0,1.60848342738936,1.32634703684828,2.3846655046707,1,1,1,1,0,1,1,0,0,1,0,1,0,1,0,1,0,0,0,1,0,1,1,1,0,0,0
7746-AWNQW,0,-0.182568905508774,-0.968294143923709,-0.588301228486361,0,0,0,0,1,0,0,0,0,0,0,0,0,1,0,1,0,0,0,0,0,0,1,0,0,1,0
4851-BQDNX,0,0.305899912554354,0.667653943018573,0.462911708690864,1,1,1,1,0,0,1,0,0,0,0,0,0,1,0,0,0,1,0,0,1,0,1,0,1,0,0
4745-LSPLO,0,-1.28162374615081,-1.47434299434703,-1.00141024074074,1,0,0,1,0,0,0,1,1,0,1,0,1,0,1,0,1,0,1,0,0,0,0,0,0,1,1
6941-PMGEP,0,-1.11880080679644,0.500077110583309,-0.829299779688858,0,0,0,1,0,0,1,0,0,0,0,0,0,0,0,0,0,0,0,1,0,0,1,0,1,0,1
9728-FTTVZ,0,-1.28162374615081,0.141694973890071,-0.980028150298837,0,0,0,1,0,0,1,0,0,0,0,0,0,0,0,0,0,0,0,0,0,0,1,0,1,0,1
7145-FEJWU,0,-0.833860662926278,1.33962044931839,-0.450327472400763,0,0,1,1,0,1,1,0,0,0,0,1,0,1,0,0,0,1,0,1,0,0,1,0,1,0,0
0306-JAELE,0,-1.11880080679644,1.03433196250564,-0.811342336176047,1,0,0,1,0,0,1,0,0,0,0,0,0,0,0,1,0,1,0,1,0,0,1,0,1,0,1
9435-JMLSX,0,1.56777769255077,0.702496650752638,1.64408560625421,1,1,0,1,0,0,0,0,0,1,0,1,0,1,0,1,0,1,0,1,0,1,1,0,0,0,0
5835-BEQEU,0,-1.20021227647362,0.398867340498644,-0.910130228361439,1,0,0,1,0,1,1,0,0,0,0,0,0,0,0,0,0,0,0,0,0,0,1,0,1,0,1
1577-HKTFG,0,-0.101157435831586,-1.50254899584604,-0.722455186074124,0,1,0,1,0,0,0,1,1,0,1,0,1,0,1,0,1,0,1,0,0,0,0,0,0,0,1
9621-OUPYD,0,-0.304686110024556,-1.48429805369962,-0.787413713402252,0,1,0,1,0,0,0,1,1,0,1,0,1,0,1,0,1,0,1,0,1,0,1,0,0,0,0
2207-RYYRL,0,0.794368730617482,-1.33994969308707,-0.426003698058227,1,1,1,1,0,1,0,1,1,0,1,0,1,0,1,0,1,0,1,0,0,1,0,0,0,1,0
0691-IFBQW,1,0.550134321585918,1.4955830458423,1.1299056038617,0,0,0,1,0,1,1,0,0,1,0,1,0,1,0,0,0,1,0,1,1,0,1,0,1,0,1
8270-RKSAP,0,-0.955977867442059,0.18483356441796,-0.747898556528095,1,0,0,1,0,0,1,0,0,0,0,0,0,0,0,0,0,0,0,0,0,0,1,0,1,0,0
0168-XZKBB,0,-0.54892051905612,0.727384299134113,-0.32354967742951,0,1,0,1,0,1,1,0,0,0,0,0,0,0,0,0,0,1,0,0,0,0,1,0,1,0,0
6789-HJBWG,0,-0.833860662926278,-0.515338943380866,-0.741861518672321,0,0,0,1,0,0,0,0,0,0,0,1,0,0,0,0,0,0,0,0,0,0,1,0,1,0,0
7856-GANIL,1,0.509428586747324,1.12060914356142,0.976674606649695,1,1,0,1,0,1,1,0,0,0,0,1,0,1,0,1,0,1,0,0,1,0,1,0,0,0,0
8123-QBNAZ,0,0.143076973199978,1.31307362437815,0.607493277120418,0,1,1,1,0,1,1,0,0,1,0,0,0,1,0,0,0,1,0,1,0,0,1,1,0,0,0
6075-SLNIL,0,0.224488442877166,1.00114843133034,0.610237385236679,1,0,0,1,0,1,1,0,0,0,0,1,0,1,0,0,0,0,0,1,0,0,1,1,0,0,0
3373-YZZYM,0,-1.28162374615081,-1.51748158487492,-1.00198101522892,1,1,1,1,0,0,0,1,1,0,1,0,1,0,1,0,1,0,1,0,0,0,0,0,0,1,0
1455-UGQVH,0,-0.915272132603466,1.11397243732636,-0.554779203738118,1,1,0,1,0,1,1,0,0,0,0,0,0,1,0,0,0,1,0,1,0,0,1,0,1,0,1
3640-JQGJG,0,-0.793154928087684,-0.667983186787246,-0.764890073983983,1,1,1,1,0,0,0,0,0,0,0,0,0,0,0,0,0,0,0,0,0,0,0,0,0,0,0
3230-WYKIR,0,-0.589626253894714,0.566444172933908,-0.384556689070222,1,0,0,1,0,1,0,0,0,0,0,0,0,1,0,1,0,1,0,1,1,0,1,1,0,0,1
2580-ASVVY,0,0.183782708038572,-0.648073068082066,-0.31094873295964,0,1,0,0,1,0,0,0,0,1,0,0,0,0,0,1,0,1,0,0,0,1,0,0,1,0,0
2739-CCZMB,0,-1.11880080679644,-1.47932052402333,-0.956845924932665,1,0,1,1,0,0,0,1,1,0,1,0,1,0,1,0,1,0,1,0,0,0,0,1,0,0,0
4503-BDXBD,0,-0.874566397764872,0.332500278148045,-0.652359688352356,1,0,0,1,0,0,1,0,0,0,0,1,0,0,0,0,0,0,0,0,0,0,0,0,1,0,1
9974-JFBHQ,0,1.28283754868061,1.1355417325903,1.699099485769,1,0,1,1,0,0,1,0,0,0,0,1,0,0,0,1,0,1,0,1,0,0,1,1,0,0,0
4727-MCYZG,0,-1.28162374615081,-0.311260226652772,-0.986021282424751,1,0,0,1,0,0,0,0,0,0,0,0,0,0,0,0,0,0,0,1,0,0,0,0,0,1,0
3990-QYKBE,1,0.183782708038572,0.914871250274557,0.514610705601219,1,1,0,1,0,1,1,0,0,0,0,0,0,0,0,0,0,1,0,1,0,0,1,0,1,0,1
6891-JPYFF,0,0.631545791263106,1.33796127275963,1.18377793440014,0,1,1,1,0,1,1,0,0,1,0,1,0,0,0,0,0,1,0,1,0,0,1,1,0,0,0
1626-ERCMM,1,-0.508214784217526,0.982897489183921,-0.176355718073275,1,1,0,1,0,1,1,0,0,0,0,0,0,0,0,0,0,1,0,1,0,0,1,0,1,0,1
8663-UPDGF,0,-0.263980375185962,0.15165003324266,-0.220085825014009,0,0,0,1,0,1,0,0,0,1,0,1,0,0,0,0,0,1,0,0,0,0,1,0,0,0,0
0839-QNXME,0,-0.101157435831586,-1.51084487863986,-0.756416268120969,0,0,0,1,0,0,0,1,1,0,1,0,1,0,1,0,1,0,1,0,0,1,0,1,0,0,0
8990-YOZLV,0,1.48636622287358,0.065372852186881,0.999549491906845,0,0,0,1,0,1,0,0,0,1,0,1,0,0,0,1,0,0,0,0,0,1,1,0,0,1,0
1187-WILMM,0,1.24213181384202,0.812002303631127,1.44727817215597,1,1,1,1,0,1,0,0,0,1,0,1,0,1,0,1,0,1,0,1,0,1,1,1,0,0,0
4903-UYAVB,0,-1.11880080679644,-1.51250405519863,-0.955067742873328,1,1,0,1,0,0,0,1,1,0,1,0,1,0,1,0,1,0,1,0,0,0,0,0,0,1,1
4884-LEVMQ,0,0.26519417771576,-1.4760021709058,-0.6635556494667,1,1,0,1,0,0,0,1,1,0,1,0,1,0,1,0,1,0,1,0,0,1,1,0,0,0,0
0702-PGIBZ,0,-1.15950654163503,1.22015973708731,-0.850352577156812,1,0,1,1,0,1,1,0,0,0,0,1,0,0,0,0,0,1,0,1,0,0,1,0,1,0,1
3716-LRGXK,0,1.12001460932623,1.2019087949409,1.65352533817414,1,1,0,1,0,1,1,0,0,0,0,0,0,1,0,0,0,1,0,1,0,1,0,1,0,0,0
5449-FIBXJ,0,-0.54892051905612,1.2732533869678,-0.126720290466348,1,1,1,1,0,1,1,0,0,0,0,0,0,1,0,1,0,1,0,1,0,0,0,0,1,0,1
6688-UZPWD,0,-0.874566397764872,1.23011479643991,-0.50753663840857,0,1,0,1,0,1,1,0,0,0,0,1,0,0,0,0,0,1,0,1,0,0,1,0,1,0,1
1254-IZEYF,1,-0.0604517009929918,1.16208855753054,0.388711025227169,0,0,0,1,0,1,1,0,0,0,0,1,0,0,0,0,0,1,0,1,0,0,1,0,1,0,1
0215-BQKGS,0,-0.101157435831586,0.642766294637098,0.0602742130081347,1,0,0,1,0,0,1,0,0,1,0,1,0,1,0,0,0,0,0,0,0,0,1,1,0,0,0
3785-KTYSH,0,0.835074465456076,-1.3382905165283,-0.448856630450447,1,0,0,1,0,1,0,1,1,0,1,0,1,0,1,0,1,0,1,0,0,1,0,0,0,1,0
8481-YYXWG,0,-1.11880080679644,0.810343127072362,-0.807698160597653,0,0,0,1,0,0,1,0,0,0,0,1,0,0,0,1,0,0,0,1,0,0,1,0,1,0,1
0549-CYCQN,1,0.753662995778888,0.486803698113189,0.734710129390273,1,0,0,1,0,1,1,0,0,0,0,1,0,0,0,0,0,0,0,0,1,0,1,0,0,0,0
2194-IIQOF,0,1.56777769255077,0.808683950513597,1.79457249534995,0,1,0,1,0,1,0,0,0,1,0,1,0,1,0,1,0,1,0,1,0,1,0,1,0,0,0
2481-SBOYW,0,1.16072034416483,-1.32501710405818,-0.352549412002155,0,0,1,1,0,1,0,1,1,0,1,0,1,0,1,0,1,0,1,0,0,1,1,1,0,0,0
3488-PGMQJ,1,-0.996683602280654,0.31756768911916,-0.74410071089519,1,0,0,1,0,0,1,0,0,0,0,1,0,0,0,0,0,0,0,0,0,0,1,0,1,0,1
8735-DCXNF,0,-0.915272132603466,-0.331170345357952,-0.760653171052476,1,1,0,1,0,0,0,0,0,1,0,0,0,0,0,1,0,0,0,0,0,0,1,1,0,0,0
7176-WIONM,0,-0.833860662926278,-0.500406354351981,-0.739446703530012,0,1,0,0,1,0,0,0,0,0,0,0,0,1,0,0,0,1,0,1,0,0,1,0,0,0,0
8548-AWOFC,0,1.3642490183578,-0.0358369178977836,0.861992840254919,1,1,0,1,0,1,0,0,0,0,0,0,0,0,0,1,0,0,0,1,0,0,0,0,1,0,0
6620-HVDUJ,0,-0.34539184486315,-0.148660923893803,-0.377839112401615,1,0,0,1,0,0,0,0,0,1,0,1,0,0,0,1,0,0,0,0,0,0,0,0,0,0,0
8976-OQHGT,0,-1.15950654163503,-0.279735872036238,-0.907188544460808,0,1,1,1,0,0,0,0,0,0,0,1,0,0,0,1,0,0,0,0,0,0,0,0,0,1,1
4951-UKAAQ,0,-1.15950654163503,0.797069714602243,-0.854457762898738,0,0,0,1,0,1,1,0,0,0,0,1,0,0,0,0,0,0,0,1,0,0,1,0,1,0,1
6693-DJWTY,0,0.102371238361384,-0.309601050094007,-0.125073825596591,0,0,1,1,0,0,0,0,0,1,0,1,0,0,0,0,0,0,0,0,1,0,0,1,0,0,0
6563-VNPMN,1,0.509428586747324,0.689223238282518,0.648391464485171,0,0,0,1,0,0,1,0,0,1,0,1,0,0,0,1,0,0,0,0,0,0,1,0,0,0,0
6333-YDVLT,0,1.3235432835192,1.4955830458423,2.12386546930126,1,0,0,1,0,1,1,0,0,1,0,0,0,1,0,1,0,1,0,1,1,0,1,1,0,0,0
6551-GNYDG,0,-0.75244919324909,0.529942288641079,-0.504265661533987,0,1,1,1,0,0,1,0,0,0,0,0,0,0,0,0,0,0,0,1,0,0,1,0,0,0,0
2405-LBMUW,0,1.16072034416483,-0.472200352852977,0.345727315694059,0,1,1,0,1,0,0,0,0,1,0,1,0,0,0,1,0,0,0,1,1,0,1,0,0,0,0
9541-ZPSEA,0,1.44566048803499,0.511691346494664,1.34958792321709,1,1,1,1,0,0,1,0,0,1,0,0,0,1,0,0,0,0,0,0,0,1,0,1,0,0,0
6543-JXSOO,0,-0.386097579701744,-0.238256458067113,-0.447166259850831,0,1,1,1,0,0,0,0,0,1,0,1,0,0,0,1,0,0,0,0,1,0,1,0,0,1,0
6968-GMKPR,0,0.916485935133264,0.551511583905023,0.969517972682486,0,0,0,1,0,0,1,0,0,0,0,1,0,1,0,0,0,0,0,0,0,0,1,0,1,0,0
4195-PNGZS,0,1.48636622287358,-1.3432680462046,-0.256022664904561,1,1,1,1,0,1,0,1,1,0,1,0,1,0,1,0,1,0,1,0,0,1,0,0,0,0,0
4646-QZXTF,0,-1.03738933711925,0.541556524552434,-0.755713776443206,0,1,0,1,0,0,0,0,0,1,0,0,0,1,0,1,0,1,0,1,0,0,0,0,0,0,0
7564-GHCVB,0,1.60848342738936,0.468552755966774,1.50569474573494,0,1,1,1,0,1,1,0,0,1,0,0,0,0,0,0,0,0,0,0,0,1,0,0,0,0,0
1534-OULXE,0,1.16072034416483,-0.505383884028276,0.289813368717126,0,1,1,1,0,0,0,0,0,1,0,0,0,0,0,0,0,0,0,0,1,0,1,0,0,0,0
8348-JLBUG,1,1.28283754868061,0.510032169935899,1.19264689183189,1,1,0,1,0,0,1,0,0,1,0,0,0,1,0,0,0,0,0,0,1,0,0,1,0,0,0
8290-YWKHZ,1,-0.0197459661543978,0.938099722097267,0.276466026839633,0,1,0,1,0,1,1,0,0,0,0,0,0,0,0,0,0,1,0,1,0,0,1,0,1,0,1
6618-RYATB,0,-1.28162374615081,0.485144521554424,-0.975483907258309,0,0,0,1,0,1,1,0,0,0,0,0,0,1,0,0,0,0,0,0,0,0,1,0,0,1,1
0641-EVBOJ,0,-1.20021227647362,0.576399232286498,-0.916277030541864,1,0,0,1,0,0,1,0,0,1,0,0,0,0,0,1,0,0,0,0,0,0,1,0,0,1,0
3039-MJSLN,0,-1.20021227647362,-1.48429805369962,-0.98819461605283,1,0,1,1,0,0,0,1,1,0,1,0,1,0,1,0,1,0,1,0,0,0,0,0,0,0,0
8661-BOYNW,0,1.60848342738936,0.646084647754628,1.66627995269852,0,1,0,1,0,1,0,0,0,1,0,0,0,1,0,1,0,1,0,1,0,1,1,1,0,0,0
4310-KEDTB,0,-0.263980375185962,-1.16573615441674,-0.665092350011806,0,0,1,0,1,0,0,0,0,0,0,0,0,1,0,0,0,0,0,0,0,0,1,0,0,1,0
1116-DXXDF,0,0.26519417771576,1.17868032311819,0.658753216732172,1,0,0,1,0,0,1,0,0,1,0,0,0,1,0,0,0,1,0,1,0,1,1,0,1,0,0
8605-ITULD,0,-1.28162374615081,-1.50586734896357,-1.00182734517441,0,0,0,1,0,0,0,1,1,0,1,0,1,0,1,0,1,0,1,0,0,0,0,0,0,1,0
8566-YPRGL,0,-1.28162374615081,-1.50752652552233,-1.00184929803934,0,0,0,1,0,0,0,1,1,0,1,0,1,0,1,0,1,0,1,0,0,0,1,0,0,1,0
4355-CVPVS,0,0.957191669971858,0.795410538043478,1.17082574409139,0,1,1,1,0,0,1,0,0,0,0,0,0,0,0,0,0,1,0,1,1,0,0,0,0,0,0
8327-LZKAS,1,0.428017117070136,1.41428339446282,0.980230970768369,0,1,0,1,0,1,1,0,0,0,0,0,0,1,0,1,0,1,0,1,1,0,1,0,1,0,1
2080-SRCDE,0,-1.28162374615081,-1.31174369158806,-0.999258859977593,0,0,1,1,0,1,0,1,1,0,1,0,1,0,1,0,1,0,1,0,0,0,0,0,0,1,0
4903-CNOZC,0,-0.14186317067018,0.19810697688808,-0.147838946529092,1,0,0,1,0,1,0,0,0,0,0,1,0,1,0,0,0,0,0,1,1,0,0,1,0,0,0
7314-OXENN,0,-1.24091801131222,0.566444172933908,-0.929338985175266,1,0,0,1,0,1,1,0,0,0,0,1,0,0,0,0,0,0,0,0,0,0,1,0,1,0,1
6869-FGJJC,0,1.44566048803499,0.486803698113189,1.38747856808642,1,0,0,1,0,0,1,0,0,0,0,1,0,1,0,0,0,0,0,0,1,0,0,1,0,0,0
9350-VLHMB,0,1.40495475319639,0.816979833307422,1.7877451543567,1,1,1,1,0,1,1,0,0,0,0,1,0,0,0,0,0,0,0,1,0,0,1,0,0,0,0
2995-YWTCD,0,-0.54892051905612,-1.32833545717571,-0.805063816806042,0,1,1,1,0,1,0,1,1,0,1,0,1,0,1,0,1,0,1,0,0,1,1,0,0,0,0
8165-CBKXO,0,1.3642490183578,-0.271439989242413,0.617789170772629,1,1,1,0,1,0,0,0,0,0,0,1,0,1,0,0,0,1,0,1,0,1,1,1,0,0,0
7853-OETYL,0,-1.15950654163503,-1.19062380279822,-0.953509089463292,0,1,0,0,1,0,0,0,0,1,0,0,0,0,0,0,0,0,0,0,0,0,1,0,1,0,0
3352-RICWQ,0,-0.955977867442059,-1.49923064272851,-0.91792349541162,0,1,1,1,0,0,0,1,1,0,1,0,1,0,1,0,1,0,1,0,0,1,0,0,0,1,0
6646-VRFOL,1,0.835074465456076,1.29150432911421,1.39803789611779,1,1,0,1,0,1,1,0,0,0,0,1,0,1,0,0,0,1,0,1,0,0,1,0,1,0,1
9391-TTOYH,0,-0.386097579701744,-1.50752652552233,-0.803966173559538,0,0,0,1,0,0,0,1,1,0,1,0,1,0,1,0,1,0,1,0,0,0,1,0,0,1,0
9101-BWFSS,0,0.712957260940294,1.44746692563812,1.45300786990273,0,1,0,1,0,1,1,0,0,1,0,1,0,0,0,1,0,1,0,1,1,0,0,0,1,0,1
2080-GKCWQ,0,-1.24091801131222,0.332500278148045,-0.943783970299263,1,0,0,1,0,0,1,0,0,0,0,1,0,0,0,0,0,0,0,0,0,0,0,0,1,0,0
1074-WVEVG,0,1.07930887448764,-1.47932052402333,-0.454125318033668,0,1,0,1,0,0,0,1,1,0,1,0,1,0,1,0,1,0,1,0,1,0,0,0,0,1,0
0459-SPZHJ,0,1.24213181384202,0.616219469696858,1.3758655025384,1,1,1,1,0,1,0,0,0,1,0,1,0,1,0,0,0,1,0,1,0,1,0,1,0,0,0
8851-RAGOV,0,-0.304686110024556,0.203084506564375,-0.203555317721653,0,1,0,1,0,0,0,0,0,1,0,1,0,0,0,1,0,0,0,1,0,0,1,0,0,1,0
9921-ZVRHG,0,-0.75244919324909,0.515009699612194,-0.539741491261008,0,0,0,1,0,1,1,0,0,0,0,0,0,1,0,0,0,0,0,0,0,0,1,0,1,0,1
9253-VIFJQ,0,1.3235432835192,0.0703503818631757,0.881728465827068,1,1,0,1,0,1,0,0,0,1,0,1,0,1,0,0,0,0,0,0,1,0,0,1,0,0,0
8169-SAEJD,1,1.48636622287358,-0.278076695477473,0.725028915956105,1,1,0,0,1,0,0,0,0,1,0,1,0,0,0,0,0,1,0,1,0,1,0,1,0,0,0
1396-QWFBJ,0,-0.467509049378932,0.302635100090275,-0.322978902941327,0,1,1,1,0,0,1,0,0,0,0,1,0,0,0,0,0,0,0,0,0,0,1,0,0,0,1
5681-LLOEI,0,0.428017117070136,0.873391836305432,0.751877269765602,1,1,1,1,0,1,1,0,0,1,0,0,0,1,0,1,0,0,0,0,1,0,1,1,0,0,0
8752-GHJFU,1,1.56777769255077,0.898279484686907,1.88086920739013,1,1,0,1,0,1,1,0,0,1,0,1,0,1,0,1,0,0,0,0,1,0,1,0,1,0,0
9862-KJTYK,0,-0.54892051905612,-1.31340286814683,-0.761860578623631,1,0,1,0,1,0,0,0,0,0,0,0,0,0,0,0,0,0,0,0,0,0,1,1,0,0,0
0362-RAOQO,0,0.305899912554354,-1.50254899584604,-0.64588359319798,0,0,0,1,0,0,0,1,1,0,1,0,1,0,1,0,1,0,1,0,0,1,0,1,0,0,0
8931-GJJIQ,0,-0.955977867442059,0.609582763461798,-0.657716187395297,0,0,0,1,0,1,1,0,0,0,0,0,0,0,0,0,0,0,0,1,0,0,1,0,1,0,1
2239-JALAW,0,1.03860313964905,1.27159421040903,1.63168223756871,1,0,0,1,0,1,1,0,0,0,0,1,0,1,0,0,0,1,0,1,1,0,1,0,0,0,1
2654-VBVPB,0,-1.28162374615081,-1.49425311305221,-1.0016736751199,0,0,0,1,0,0,0,1,1,0,1,0,1,0,1,0,1,0,1,0,0,0,0,0,0,0,0
9746-MDMBK,0,0.590840056424512,1.61006622839709,1.32440798714228,1,1,1,1,0,1,1,0,0,1,0,1,0,1,0,1,0,1,0,1,1,0,1,0,0,0,0
5641-DMBFJ,0,1.03860313964905,0.642766294637098,1.14817038748354,0,1,0,1,0,1,0,0,0,1,0,0,0,1,0,1,0,1,0,1,0,1,1,0,1,0,0
3352-ALMCK,0,0.305899912554354,1.25168409170385,0.793302325888676,1,0,0,1,0,1,1,0,0,0,0,1,0,1,0,0,0,1,0,1,0,0,1,0,0,1,0
1921-KYSAY,0,0.346605647392948,0.12178485518489,0.252778885580069,0,0,0,1,0,1,0,0,0,0,0,0,0,1,0,1,0,0,0,1,1,0,1,0,1,0,0
8402-EIVQS,0,1.40495475319639,1.19361291214708,1.94582773471825,1,1,0,1,0,0,1,0,0,1,0,1,0,0,0,0,0,1,0,1,1,0,1,1,0,0,0
0380-NEAVX,1,0.0616655035227901,1.15877020441301,0.457423492458342,1,0,0,1,0,0,1,0,0,0,0,1,0,1,0,0,0,1,0,1,1,0,1,0,1,0,0
9039-ZVJDC,0,-1.20021227647362,-1.52079993799245,-0.987118925671255,1,0,0,1,0,0,0,1,1,0,1,0,1,0,1,0,1,0,1,0,0,0,1,0,0,1,0
8261-GWDBQ,1,1.12001460932623,1.69634340945287,2.03045602902374,0,1,0,1,0,1,1,0,0,1,0,1,0,1,0,1,0,1,0,1,0,1,1,0,0,0,0
4145-UQXUQ,1,-0.996683602280654,0.901597837804437,-0.689921040247735,0,0,0,1,0,0,1,0,0,0,0,0,0,1,0,0,0,1,0,1,0,0,1,0,1,0,1
6906-ANDWJ,0,-0.711743458410496,0.33084110158928,-0.524264721485297,1,1,1,1,0,1,1,0,0,0,0,0,0,0,0,0,0,0,0,0,0,0,1,0,0,0,1
6999-CHVCF,0,1.44566048803499,1.23343314955744,2.1285633823963,1,0,0,1,0,1,1,0,0,1,0,1,0,1,0,0,0,0,0,1,0,1,1,0,0,0,0
1635-NZATJ,1,1.56777769255077,-1.3100845150293,-0.224652020919467,1,1,0,1,0,1,0,1,1,0,1,0,1,0,1,0,1,0,1,0,0,1,0,1,0,0,0
1867-TJHTS,0,1.03860313964905,0.493440404348249,0.977135616813226,0,0,0,1,0,1,1,0,0,1,0,0,0,0,0,0,0,0,0,0,0,0,1,0,0,0,0
9137-NOQKA,1,-1.24091801131222,-1.51748158487492,-0.994077983854093,1,0,0,1,0,0,0,1,1,0,1,0,1,0,1,0,1,0,1,0,0,0,0,0,1,0,0
1670-SVOWZ,0,-0.75244919324909,0.820298186424952,-0.479876028596661,0,1,1,1,0,0,1,0,0,0,0,1,0,0,0,1,0,0,0,1,0,0,1,1,0,0,1
6892-BOGQE,0,1.56777769255077,-1.46106958187691,-0.354810557089954,0,1,0,1,0,0,0,1,1,0,1,0,1,0,1,0,1,0,1,0,0,1,1,0,0,0,0
6615-NGGZJ,0,-0.75244919324909,1.18199867623572,-0.388903356326379,1,0,0,1,0,1,1,0,0,0,0,1,0,0,0,0,0,1,0,1,0,0,1,0,1,0,1
7351-MHQVU,0,-1.07809507195784,-0.463904470059151,-0.875356890312181,0,0,0,0,1,0,0,0,0,1,0,1,0,0,0,1,0,0,0,1,0,0,0,1,0,0,0
3466-BYAVD,0,-0.711743458410496,0.15165003324266,-0.540004925640169,1,1,1,1,0,0,0,0,0,0,0,1,0,1,0,1,0,0,0,1,0,0,1,0,0,1,0
1573-LGXBA,0,0.997897404810452,1.08244808270982,1.44743184221048,1,1,1,1,0,0,1,0,0,0,0,1,0,1,0,0,0,1,0,1,1,0,1,1,0,0,0
5993-JSUWV,0,1.3642490183578,-0.125432452071093,0.753479828905498,0,0,0,1,0,0,0,0,0,1,0,1,0,1,0,0,0,0,0,0,0,1,1,0,0,0,0
1891-FZYSA,1,1.48636622287358,0.830253245777542,1.68678392854322,1,1,0,1,0,1,1,0,0,0,0,1,0,0,0,0,0,1,0,0,0,0,1,0,1,0,1
3067-SVMTC,0,1.44566048803499,-0.299645990741418,0.679432815496314,0,1,0,1,0,0,0,0,0,1,0,0,0,0,0,1,0,0,0,0,1,0,0,0,0,0,0
1004-NOZNR,1,0.957191669971858,0.991193371977746,1.30091842166708,1,0,1,1,0,0,1,0,0,1,0,0,0,0,0,0,0,1,0,1,1,0,0,1,0,0,0
7028-DVOIQ,1,0.102371238361384,1.13222337947277,0.480539859229724,1,0,0,1,0,1,1,0,0,0,0,0,0,1,0,0,0,1,0,1,0,0,1,0,1,0,1
4580-TMHJU,0,0.428017117070136,-0.291350107947592,0.0869249910332607,0,1,1,1,0,0,0,0,0,0,0,0,0,0,0,0,0,1,0,0,0,0,0,0,1,0,1
7036-ZZKBD,0,-0.0604517009929918,0.0487810865992311,-0.123602983646276,1,1,0,1,0,0,0,0,0,0,0,0,0,1,0,1,0,0,0,1,0,0,1,1,0,0,0
5844-QVTAT,0,0.0209597686841961,-0.215027986244403,-0.151878273676228,0,1,1,1,0,0,0,0,0,1,0,1,0,1,0,0,0,0,0,0,1,0,1,0,0,1,0
3428-XZMAZ,0,-1.28162374615081,0.146672503566365,-0.979962291704047,1,0,0,1,0,0,1,0,0,0,0,0,0,0,0,0,0,0,0,0,0,0,1,0,1,0,1
2578-JQPHZ,0,0.46872285190873,1.16706608720684,0.911935607970868,1,0,0,1,0,0,1,0,0,0,0,0,0,1,0,1,0,1,0,1,0,1,0,0,0,0,0
2550-AEVRU,0,0.997897404810452,-0.380945642120902,0.330031017269046,0,1,1,1,0,0,0,0,0,1,0,1,0,0,0,0,0,0,0,0,1,0,0,0,1,0,0
8597-CTXVJ,0,1.52707195771217,0.000664966395046246,0.987958379223759,1,0,1,1,0,1,0,0,0,1,0,1,0,0,0,1,0,0,0,0,1,0,0,0,0,0,0
9708-KFDBY,0,-1.28162374615081,-1.47268381778827,-1.00138828787581,1,0,0,1,0,0,0,1,1,0,1,0,1,0,1,0,1,0,1,0,0,0,0,1,0,0,0
1335-MXCSE,0,0.916485935133264,-0.321215286005362,0.359403950545503,1,1,1,1,0,0,0,0,0,0,0,0,0,1,0,1,0,0,0,0,0,1,1,1,0,0,0
9253-QXKBE,1,-0.14186317067018,0.979579136066392,0.15469348507244,1,1,0,1,0,1,1,0,0,0,0,0,0,0,0,0,0,1,0,1,0,0,1,0,1,0,1
5478-JJVZK,0,0.0209597686841961,-0.133728334864918,-0.117434228600921,0,0,0,1,0,1,0,0,0,1,0,1,0,0,0,0,0,0,0,0,0,0,1,0,0,1,0
9274-CNFMO,1,-1.15950654163503,0.332500278148045,-0.874873927283719,1,1,0,1,0,1,1,0,0,0,0,0,0,0,0,0,0,0,0,0,0,0,0,0,1,0,1
2996-XAUVF,0,1.52707195771217,-0.82560495986992,0.218839756398155,1,0,0,0,1,0,0,0,0,0,0,0,0,0,0,1,0,0,0,1,0,1,1,0,0,1,0
4163-KIUHY,0,0.102371238361384,-1.305106985353,-0.614710524997256,1,0,0,1,0,1,0,1,1,0,1,0,1,0,1,0,1,0,1,0,0,0,1,0,1,0,0
5365-LLFYV,0,-1.24091801131222,-0.633140479053181,-0.964046464629734,0,0,0,1,0,0,0,0,0,0,0,0,0,0,0,0,0,0,0,0,0,0,1,0,0,1,0
8337-UPOAQ,1,-0.915272132603466,0.825275716101247,-0.608980827250503,1,1,0,1,0,1,1,0,0,0,0,0,0,1,0,0,0,0,0,1,0,0,1,0,1,0,1
1866-OBPNR,0,-1.28162374615081,0.320886042236689,-0.977657240886388,1,1,1,1,0,0,1,0,0,0,0,1,0,0,0,0,0,0,0,0,0,0,0,1,0,0,0
6265-FRMTQ,0,-0.0604517009929918,-1.47766134746456,-0.742981114783756,1,0,0,1,0,0,0,1,1,0,1,0,1,0,1,0,1,0,1,0,0,1,0,0,0,0,0
6741-EGCBI,1,-0.101157435831586,0.848504187923957,0.129315973213259,1,0,0,1,0,1,1,0,0,1,0,0,0,0,0,0,0,0,0,1,0,0,1,1,0,0,0
4250-WAROZ,1,1.12001460932623,0.939758898656032,1.52494740827862,1,1,1,1,0,1,1,0,0,1,0,1,0,0,0,0,0,0,0,1,0,0,1,0,1,0,0
1266-NZYUI,0,1.60848342738936,0.0637136756281157,1.0789749572239,0,1,1,1,0,1,0,0,0,1,0,0,0,1,0,1,0,0,0,0,0,1,0,0,0,0,0
7976-CICYS,0,-1.15950654163503,-1.46770628811197,-0.973639866604182,1,0,0,1,0,0,0,1,1,0,1,0,1,0,1,0,1,0,1,0,0,0,1,1,0,0,0
8120-JDCAM,0,-1.15950654163503,0.153309209801425,-0.885323490990441,1,1,1,1,0,0,1,0,0,0,0,0,0,0,0,0,0,0,0,0,0,0,1,0,0,1,0
4009-ALQFH,0,-0.304686110024556,1.14715596850166,0.0297377778903836,0,0,0,1,0,0,1,0,0,0,0,1,0,1,0,0,0,1,0,1,0,0,1,0,1,0,1
6586-MYGKD,0,1.52707195771217,0.398867340498644,1.31211438278143,1,1,0,1,0,1,0,0,0,1,0,0,0,0,0,1,0,1,0,1,0,1,1,1,0,0,0
8262-COGGB,0,-1.28162374615081,-1.4760021709058,-1.00143219360567,1,0,0,1,0,0,0,1,1,0,1,0,1,0,1,0,1,0,1,0,0,0,1,0,0,1,0
9967-ATRFS,0,-0.54892051905612,-1.49425311305221,-0.849035405261007,0,0,0,1,0,0,0,1,1,0,1,0,1,0,1,0,1,0,1,0,0,0,0,0,0,1,0
7551-JOHTI,0,-1.28162374615081,-1.50752652552233,-1.00184929803934,0,0,0,1,0,0,0,1,1,0,1,0,1,0,1,0,1,0,1,0,0,0,0,0,0,1,1
0064-SUDOG,0,-0.833860662926278,-1.48097970058209,-0.911842551825986,0,1,1,1,0,0,0,1,1,0,1,0,1,0,1,0,1,0,1,0,0,1,0,0,0,0,0
3976-HXHCE,0,1.60848342738936,-1.51416323175739,-0.389232649300331,1,0,0,1,0,0,0,1,1,0,1,0,1,0,1,0,1,0,1,0,0,1,0,0,0,0,0
2342-CKIAO,0,-1.24091801131222,-1.48097970058209,-0.992321754659686,0,0,0,1,0,0,0,1,1,0,1,0,1,0,1,0,1,0,1,0,0,0,0,0,0,1,0
7682-AZNDK,0,0.0616655035227901,0.826934892660012,0.347044487589864,1,1,1,1,0,0,1,0,0,0,0,1,0,1,0,0,0,1,0,0,0,0,1,0,1,0,0
3891-NLXJB,0,0.183782708038572,-0.80901319428227,-0.399748071601842,1,0,0,0,1,0,0,0,0,1,0,1,0,0,0,1,0,0,0,0,0,1,1,0,0,1,0
2205-LPVGL,1,1.03860313964905,0.826934892660012,1.24008703294581,1,1,1,1,0,1,1,0,0,1,0,1,0,0,0,1,0,0,0,0,1,0,1,0,0,0,0
3566-HJGPK,0,-1.28162374615081,-0.643095538405771,-0.990411855410768,1,0,0,1,0,0,0,0,0,0,0,0,0,0,0,0,0,0,0,0,0,0,1,0,0,1,0
3878-AVSOQ,1,-1.28162374615081,0.209721212799435,-0.979128082836703,0,0,0,1,0,0,1,0,0,0,0,0,0,0,0,0,0,0,0,0,0,0,1,0,1,0,0
7767-UXAGJ,0,-1.28162374615081,-0.480496235646801,-0.98826047464762,1,0,0,1,0,1,0,0,0,0,0,0,0,0,0,0,0,0,0,0,0,0,1,0,1,0,1
6087-YPWHO,0,1.60848342738936,0.106852266156006,1.10088391642413,1,1,0,1,0,1,0,0,0,1,0,1,0,1,0,1,0,0,0,0,0,1,0,0,0,1,0
0282-NVSJS,1,-0.833860662926278,-1.18232792000439,-0.854150422789717,0,1,1,0,1,0,0,0,0,0,0,0,0,0,0,1,0,0,0,0,0,0,1,0,0,1,0
0883-EIBTI,0,-1.24091801131222,-1.50752652552233,-0.996558657591193,0,0,0,1,0,0,0,1,1,0,1,0,1,0,1,0,1,0,1,0,0,0,0,0,0,1,1
5093-FEGLU,0,0.590840056424512,-1.50254899584604,-0.605797661835641,0,1,0,1,0,0,0,1,1,0,1,0,1,0,1,0,1,0,1,0,0,1,0,0,0,0,0
7593-JNWRU,0,-1.07809507195784,-0.674619893022306,-0.895904771886743,1,1,1,1,0,0,0,0,0,0,0,0,0,0,0,0,0,0,0,0,0,0,1,0,0,0,1
5110-CHOPY,0,1.12001460932623,-0.375968112444607,0.410839513076697,0,0,0,0,1,0,0,0,0,1,0,0,0,1,0,0,0,1,0,1,0,1,0,0,1,0,0
6407-UTSLV,1,-1.24091801131222,0.626174529049448,-0.938537235580972,0,0,0,1,0,0,1,0,0,0,0,1,0,0,0,0,0,1,0,0,0,0,1,0,0,0,0
3720-DBRWL,0,0.753662995778888,0.627833705608213,0.880652775445493,1,1,0,1,0,0,0,0,0,1,0,1,0,1,0,1,0,1,0,1,0,1,1,1,0,0,0
9802-CAQUT,0,1.60848342738936,1.48065045681342,2.45254376303453,0,1,1,1,0,1,1,0,0,1,0,1,0,1,0,0,0,1,0,1,0,1,0,1,0,0,0
9225-BZLNZ,0,1.60848342738936,0.674290649253633,1.66041853776219,1,1,0,1,0,1,0,0,0,1,0,1,0,1,0,0,0,1,0,1,0,1,1,0,1,0,0
1207-BLKSA,0,0.794368730617482,-1.38972498985002,-0.459350099887029,0,1,1,1,0,1,0,1,1,0,1,0,1,0,1,0,1,0,1,0,0,1,0,0,0,1,0
3779-OSWCF,0,1.56777769255077,0.938099722097267,1.84616172793566,0,1,0,1,0,1,0,0,0,1,0,1,0,1,0,1,0,1,0,1,0,1,0,1,0,0,0
9891-NQDBD,0,-0.182568905508774,-1.30676616191177,-0.715276599241985,0,1,0,1,0,1,0,1,1,0,1,0,1,0,1,0,1,0,1,0,1,0,0,0,0,1,0
5227-JSCFE,1,1.56777769255077,-0.616548713465531,0.46192382976901,1,1,0,0,1,0,0,0,0,1,0,1,0,1,0,1,0,0,0,0,0,1,0,1,0,0,0
9938-TKDGL,0,1.44566048803499,1.14881514506042,1.91722315171435,1,1,1,1,0,0,1,0,0,1,0,0,0,0,0,1,0,1,0,1,0,1,1,0,1,0,0
7465-ZZRVX,0,-1.28162374615081,0.179856034741665,-0.979523234405445,1,0,0,1,0,0,1,0,0,0,0,0,0,0,0,0,0,0,0,0,0,0,1,0,1,0,0
1173-XZPYF,0,-0.874566397764872,0.805365597396067,-0.575612472556771,0,0,0,1,0,1,1,0,0,0,0,0,0,1,0,0,0,1,0,0,0,0,1,0,1,0,0
8824-RWFXJ,0,-1.20021227647362,-0.291350107947592,-0.936583430602195,1,1,1,1,0,0,0,0,0,0,0,1,0,1,0,0,0,0,0,0,0,0,1,0,0,1,1
8715-KKTFG,0,1.16072034416483,1.2732533869678,1.8515182269786,0,1,0,1,0,1,1,0,0,0,0,0,0,1,0,1,0,1,0,1,1,0,1,0,0,0,0
8185-UPYBR,0,-1.07809507195784,0.350751220294459,-0.818103818574514,1,1,0,1,0,1,1,0,0,0,0,0,0,0,0,0,0,0,0,0,0,0,1,0,1,0,1
5619-PTMIK,0,0.550134321585918,-0.392559878032257,0.0695822277384918,0,1,0,1,0,1,0,0,0,1,0,0,0,0,0,0,0,0,0,0,0,0,0,0,1,0,0
9174-IHETN,0,0.712957260940294,0.179856034741665,0.541041954977044,0,0,1,1,0,0,1,0,0,0,0,0,0,0,0,0,0,0,0,0,0,1,0,1,0,0,0
6305-YLBMM,0,1.48636622287358,1.29814103534927,2.17802318708379,1,0,0,1,0,0,1,0,0,0,0,1,0,1,0,1,0,1,0,1,1,0,1,0,0,0,1
7037-MTYVW,0,0.224488442877166,0.679268178929928,0.437160998127872,1,1,1,1,0,1,0,0,0,1,0,0,0,1,0,1,0,1,0,1,0,1,1,0,0,0,0
9306-CPCBC,0,-1.20021227647362,0.309271806325335,-0.918077165466131,0,0,0,1,0,1,1,0,0,0,0,0,0,0,0,0,0,0,0,0,0,0,1,0,1,0,1
6818-WOBHJ,1,1.44566048803499,0.818639009866187,1.67995658754997,0,1,0,1,0,1,1,0,0,0,0,1,0,0,0,0,0,0,0,1,0,0,1,0,0,0,1
1760-CAZHT,0,-0.304686110024556,-1.46438793499444,-0.808356746545555,1,0,1,1,0,0,0,1,1,0,1,0,1,0,1,0,1,0,1,0,0,0,0,0,0,1,0
7240-FQLHE,1,-0.589626253894714,1.15545185129548,-0.204191950804626,0,1,0,1,0,1,1,0,0,0,0,0,0,0,0,1,0,1,0,1,0,0,0,0,0,0,1
3834-XUIFC,0,-1.03738933711925,0.672631472694868,-0.745856940089597,1,0,0,1,0,1,1,0,0,0,0,0,0,0,0,0,0,0,0,1,0,0,1,0,0,1,1
8316-BBQAY,0,1.3235432835192,-0.165252689481453,0.71117665818522,0,0,0,0,1,0,0,0,0,1,0,0,0,1,0,1,0,1,0,1,0,1,0,1,0,0,0
5602-BVFMK,0,-0.833860662926278,-1.51416323175739,-0.909976558306929,0,0,0,1,0,0,0,1,1,0,1,0,1,0,1,0,1,0,1,0,1,0,0,0,0,1,0
6366-ZGQGL,0,-1.28162374615081,-1.33165381029324,-0.999522294356754,1,0,0,0,1,0,0,0,0,0,0,0,0,0,0,0,0,0,0,0,0,0,0,0,0,0,1
2023-VQFDL,0,-0.589626253894714,-1.52411829110998,-0.857267729609789,1,0,0,1,0,0,0,1,1,0,1,0,1,0,1,0,1,0,1,0,0,0,0,0,1,0,0
9795-NREXC,0,1.28283754868061,0.665994766459808,1.39755493308933,0,1,0,1,0,1,0,0,0,1,0,0,0,1,0,1,0,1,0,1,0,1,1,1,0,0,0
8404-FYDIB,0,-0.263980375185962,0.720747592899053,-0.040643107075476,1,0,0,1,0,1,1,0,0,1,0,1,0,0,0,0,0,0,0,0,0,0,1,1,0,0,0
9565-DJPIB,0,-1.15950654163503,0.818639009866187,-0.84986961412835,0,0,1,1,0,1,1,0,0,0,0,1,0,0,0,0,0,1,0,0,0,0,0,0,0,1,1
7688-AWMDX,0,1.56777769255077,-0.346102934386837,0.648435370215031,1,1,0,1,0,0,0,0,0,1,0,0,0,0,0,1,0,0,0,0,0,1,0,0,0,0,0
8624-GIOUT,0,0.6722515261017,-0.171889395716513,0.277914915925019,0,0,0,1,0,1,0,0,0,1,0,1,0,0,0,0,0,0,0,0,0,0,1,1,0,0,1
9451-LPGOO,0,-1.03738933711925,0.725725122575348,-0.738041720174486,1,0,0,1,0,1,1,0,0,0,0,0,0,0,0,0,0,0,0,1,0,0,1,0,1,0,1
4118-CEVPF,1,0.102371238361384,1.52212987078254,0.673944599263792,0,0,0,1,0,1,1,0,0,1,0,1,0,1,0,1,0,1,0,1,1,0,1,0,0,0,0
1363-TXLSL,1,-1.28162374615081,0.1781968581829,-0.979545187270375,1,1,0,1,0,0,1,0,0,0,0,0,0,0,0,0,0,0,0,0,0,0,1,0,1,0,1
0345-HKJVM,0,-1.07809507195784,0.808683950513597,-0.756811419689711,0,0,0,1,0,0,1,0,0,0,0,0,0,0,0,0,0,1,0,1,0,0,0,0,1,0,1
4607-CHPCA,0,-0.304686110024556,0.845185834806427,-0.0538806846283187,1,1,1,1,0,0,1,0,0,0,0,0,0,0,0,0,0,1,0,1,1,0,1,0,1,0,1
0939-EREMR,0,-0.793154928087684,-0.380945642120902,-0.695123869236166,0,0,1,1,0,0,0,0,0,0,0,0,0,1,0,1,0,0,0,0,0,0,0,0,0,1,0
5707-ORNDZ,1,-0.955977867442059,-0.344443757828072,-0.793494656987886,1,0,0,1,0,1,0,0,0,1,0,0,0,0,0,0,0,0,0,0,0,0,0,0,1,0,1
8125-QPFJD,0,1.60848342738936,0.662676413342278,1.65260331784708,0,1,0,1,0,1,0,0,0,1,0,0,0,1,0,1,0,1,0,1,0,1,1,0,0,0,0
7163-OCEQI,0,-0.426803314540338,0.455279343496654,-0.279929334813426,1,1,1,1,0,1,0,0,0,0,0,0,0,1,0,1,0,1,0,1,1,0,1,0,0,1,0
0454-OKRCT,0,0.0209597686841961,0.519987229288489,0.153573888961005,1,0,0,1,0,0,1,0,0,0,0,1,0,0,0,1,0,0,0,0,0,1,0,0,0,0,0
1986-PHGZF,1,-0.589626253894714,-0.216687162803168,-0.586764527941255,1,0,0,1,0,1,0,0,0,1,0,1,0,0,0,0,0,0,0,0,0,0,1,1,0,0,0
9086-YJYXS,0,0.0616655035227901,0.407163223292469,0.198665073527405,1,1,1,1,0,1,0,0,0,0,0,0,0,1,0,0,0,1,0,1,1,0,0,0,0,0,0
8780-IXSTS,0,-1.07809507195784,0.835230775453837,-0.781530345600989,0,0,0,1,0,1,1,0,0,0,0,1,0,0,0,0,0,1,0,0,0,0,1,0,1,0,1
0835-DUUIQ,0,-0.34539184486315,-1.45609205220062,-0.777030008290321,0,0,1,1,0,0,0,1,1,0,1,0,1,0,1,0,1,0,1,0,1,0,0,0,0,0,0
0236-HFWSV,0,-0.711743458410496,0.943077251773561,-0.376126788937069,1,0,0,1,0,1,1,0,0,0,0,0,0,0,0,0,0,1,0,1,0,0,1,0,1,0,1
4191-XOVOM,0,1.24213181384202,1.34293880243593,1.93706854161115,1,0,0,1,0,1,1,0,0,0,0,1,0,0,0,1,0,1,0,1,0,0,0,0,1,0,0
3223-DWFIO,1,-1.15950654163503,0.146672503566365,-0.895531573182931,1,0,0,1,0,0,1,0,0,0,0,0,0,0,0,0,0,0,0,0,0,0,0,0,1,0,0
8016-ZMGMO,1,1.3642490183578,0.196447800329315,1.0702157641168,0,1,0,1,0,1,0,0,0,0,0,1,0,1,0,0,0,1,0,0,1,0,1,0,0,0,0
1552-TKMXS,0,0.387311382231542,-1.47932052402333,-0.628474971308421,0,1,0,1,0,0,0,1,1,0,1,0,1,0,1,0,1,0,1,0,0,0,0,1,0,0,0
1251-STYSZ,1,-1.15950654163503,0.508372993377134,-0.877069213776728,0,0,0,1,0,1,1,0,0,1,0,0,0,0,0,0,0,0,0,0,0,0,1,0,1,0,0
7714-YXSMB,0,-0.263980375185962,1.18033949967696,0.131116108137526,0,0,0,1,0,1,1,0,0,0,0,0,0,1,0,0,0,1,0,1,0,0,1,0,0,0,0
9738-QLWTP,0,0.26519417771576,0.563125819816379,0.403243821810887,1,0,0,1,0,0,1,0,0,0,0,0,0,1,0,1,0,0,0,0,1,0,0,0,1,0,0
8285-ABVLB,0,1.52707195771217,-1.49591228961098,-0.427189152764451,0,1,0,1,0,0,0,1,1,0,1,0,1,0,1,0,1,0,1,0,0,1,0,1,0,0,0
8806-EAGWC,0,-1.20021227647362,-0.324533639122892,-0.94053494628961,1,0,0,1,0,0,0,0,0,0,0,0,0,0,0,0,0,1,0,0,0,0,0,0,0,1,1
0843-WTBXE,0,0.835074465456076,0.680927355488693,0.97292066674665,1,0,0,1,0,1,1,0,0,0,0,0,0,0,0,0,0,1,0,0,0,0,0,0,0,0,1
9588-OZDMQ,0,-1.24091801131222,-0.661346480552186,-0.971005522812571,0,1,0,1,0,0,0,0,0,0,0,0,0,0,0,0,0,0,0,0,0,0,1,0,1,0,0
8468-FZTOE,0,1.60848342738936,0.312590159442865,1.2891077803347,0,1,1,1,0,0,0,0,0,1,0,1,0,1,0,1,0,0,0,1,0,1,1,0,1,0,0
5275-PMFUT,0,1.60848342738936,-0.00431256328124892,1.0618297697135,1,1,1,0,1,0,0,0,0,1,0,1,0,1,0,1,0,1,0,1,0,1,1,1,0,0,0
9822-OAOVB,0,-1.28162374615081,-0.314578579770302,-0.986065188154611,0,0,0,1,0,0,0,0,0,0,0,0,0,0,0,0,0,0,0,1,0,0,1,0,1,0,0
6339-RZCBJ,0,0.631545791263106,0.463575226290479,0.645493686314399,1,0,0,1,0,0,0,0,0,0,0,1,0,1,0,1,0,1,0,1,0,1,0,1,0,0,0
7860-UXCRM,0,1.24213181384202,0.31756768911916,1.0419843798167,1,1,1,1,0,0,0,0,0,1,0,1,0,1,0,1,0,1,0,0,0,1,0,1,0,0,0
7010-BRBUU,0,1.60848342738936,-1.35488228211595,-0.248800172342563,1,1,1,1,0,1,0,1,1,0,1,0,1,0,1,0,1,0,1,0,0,1,0,1,0,0,0
9102-OXKFY,0,1.07930887448764,-0.357717170298192,0.357757485675746,1,0,0,1,0,1,0,0,0,0,0,0,0,1,0,0,0,0,0,0,0,1,0,1,0,0,0
1430-SFQSA,0,-0.14186317067018,-0.973271673600004,-0.539478056881847,1,0,0,0,1,0,0,0,0,1,0,0,0,0,0,1,0,0,0,0,1,0,0,0,0,1,0
7153-CHRBV,0,0.997897404810452,-0.186821984745398,0.427216350314542,0,1,1,1,0,0,0,0,0,1,0,0,0,1,0,1,0,0,0,0,1,0,1,0,0,1,0
6647-ZEDXT,0,-0.101157435831586,1.51051563487119,0.450354669950854,0,0,0,1,0,1,1,0,0,0,0,1,0,1,0,1,0,1,0,1,1,0,0,1,0,0,0
7459-IMVYU,0,0.224488442877166,0.166582622271545,0.156405808536987,1,0,0,1,0,1,0,0,0,1,0,1,0,1,0,1,0,0,0,0,0,0,0,0,1,0,0
7998-ZLXWN,0,-0.711743458410496,-1.4760021709058,-0.865170760984621,0,1,0,1,0,0,0,1,1,0,1,0,1,0,1,0,1,0,1,0,0,0,0,1,0,0,0
2674-MLXMN,1,1.56777769255077,1.15213349817795,2.04154222581343,0,0,0,1,0,1,1,0,0,0,0,1,0,0,0,0,0,1,0,1,0,0,1,1,0,0,0
2645-QTLMB,0,-1.03738933711925,0.972942429831332,-0.716681582597511,1,0,0,1,0,0,1,0,0,0,0,1,0,0,0,0,0,1,0,1,0,0,1,0,1,0,1
3721-WKIIL,0,-0.223274640347368,-1.5042081724048,-0.764033912251709,0,0,0,1,0,0,0,1,1,0,1,0,1,0,1,0,1,0,1,0,0,1,1,0,0,1,0
4933-BSAIP,0,0.305899912554354,-1.52079993799245,-0.667902316722857,0,1,0,1,0,0,0,1,1,0,1,0,1,0,1,0,1,0,1,0,0,1,0,0,0,1,0
4844-JJWUY,1,-1.28162374615081,0.699178297635108,-0.972651987682328,0,0,0,1,0,0,1,0,0,0,0,1,0,0,0,0,0,0,0,1,0,0,1,0,1,0,1
9614-RMGHA,0,1.3235432835192,0.893301955010612,1.59796263703609,1,1,0,1,0,1,1,0,0,0,0,1,0,0,0,0,0,1,0,0,0,0,1,0,0,0,1
4614-NUVZD,0,-1.28162374615081,0.536578994876138,-0.974803368445476,0,0,0,1,0,0,1,0,0,0,0,0,0,0,0,0,0,0,0,1,0,0,1,0,1,0,1
4855-SNKMY,0,-1.28162374615081,-0.691211658609955,-0.991048488493741,0,0,0,1,0,0,0,0,0,0,0,0,0,0,0,0,0,0,0,0,0,0,1,0,1,0,1
5066-GFJMM,0,-1.20021227647362,-1.49425311305221,-0.990324043951048,0,1,0,1,0,0,0,1,1,0,1,0,1,0,1,0,1,0,1,0,0,0,1,0,0,1,0
3565-UNOCC,1,-0.14186317067018,1.13222337947277,0.286059428814081,0,1,0,1,0,1,1,0,0,0,0,0,0,1,0,0,0,1,0,1,0,0,1,0,0,0,1
3721-CNZHX,0,-0.711743458410496,-1.49757146616974,-0.876674062207987,1,0,0,1,0,0,0,1,1,0,1,0,1,0,1,0,1,0,1,0,1,0,0,0,0,1,0
3486-HOOGQ,0,1.52707195771217,0.490122051230719,1.51122686769732,0,1,1,1,0,1,0,0,0,1,0,1,0,1,0,1,0,1,0,0,0,1,0,0,0,0,0
9912-GVSEQ,1,-0.263980375185962,0.959669017361211,0.0352259941229054,0,1,0,1,0,1,1,0,0,0,0,1,0,1,0,0,0,0,0,1,0,0,1,0,1,0,1
8547-NSBBO,0,0.102371238361384,1.05590125776958,0.483876694699097,1,0,0,1,0,1,1,0,0,1,0,1,0,1,0,1,0,0,0,0,0,0,1,0,0,1,0
2256-YLYLP,0,1.44566048803499,0.266133215797445,1.16434964893701,1,1,1,1,0,0,0,0,0,0,0,0,0,1,0,1,0,1,0,1,0,1,1,0,0,0,0
6358-LYNGM,0,-1.28162374615081,0.33084110158928,-0.977525523696807,1,0,0,1,0,1,1,0,0,0,0,0,0,0,0,0,0,0,0,0,0,0,1,0,1,0,1
8203-XJZRC,0,-1.28162374615081,-1.48263887714086,-1.00152000506539,1,0,0,1,0,0,0,1,1,0,1,0,1,0,1,0,1,0,1,0,0,0,0,0,0,1,0
6670-MFRPK,0,1.48636622287358,0.473530285643069,1.36956503030346,1,1,1,1,0,1,1,0,0,0,0,0,0,1,0,0,0,0,0,0,0,1,1,1,0,0,0
1336-EZFZY,0,-1.15950654163503,-1.48927558337592,-0.973837442388552,0,0,0,1,0,0,0,1,1,0,1,0,1,0,1,0,1,0,1,0,0,0,0,0,0,1,0
9518-IMLHK,0,-0.0604517009929918,0.249541450209795,-0.0636936152520676,1,0,0,1,0,0,0,0,0,1,0,1,0,1,0,1,0,1,0,0,0,0,1,0,0,0,0
3424-NMNBO,1,1.03860313964905,1.45742198499071,1.75005208527174,1,1,0,1,0,1,1,0,0,1,0,1,0,1,0,0,0,1,0,1,1,0,1,0,1,0,1
3227-WLKLI,0,1.3235432835192,0.883346895658022,1.60810486063379,0,1,1,1,0,1,0,0,0,1,0,1,0,1,0,1,0,1,0,1,0,1,0,0,0,0,0
0743-HNPFG,0,0.753662995778888,0.159945916036485,0.553730710906635,0,1,1,1,0,0,0,0,0,1,0,1,0,0,0,1,0,0,0,1,1,0,1,1,0,0,0
6569-KTMDU,0,-1.28162374615081,-1.52079993799245,-1.00202492095879,0,0,0,1,0,0,0,1,1,0,1,0,1,0,1,0,1,0,1,0,0,0,0,0,0,1,0
0680-DFNNY,0,-0.711743458410496,1.20024961838213,-0.350046785400125,1,1,0,1,0,1,1,0,0,0,0,0,0,1,0,0,0,1,0,1,0,0,1,0,1,0,1
1834-ABKHQ,0,0.794368730617482,-0.463904470059151,0.135814021232565,0,1,1,1,0,0,0,0,0,0,0,0,0,1,0,0,0,0,0,0,1,0,1,0,0,0,0
2672-DZUOY,0,-1.28162374615081,-1.32003957438189,-0.999368624302244,1,0,0,0,1,0,0,0,0,0,0,0,0,0,0,0,0,0,0,0,0,0,1,0,1,0,1
7521-YXVZY,0,-1.20021227647362,-1.49259393649345,-0.984813874853596,1,0,1,1,0,0,0,1,1,0,1,0,1,0,1,0,1,0,1,0,0,0,0,0,0,1,0
4522-AKYLR,1,-0.793154928087684,-0.336147875034247,-0.689328312894622,0,0,0,1,0,0,0,0,0,0,0,1,0,1,0,0,0,0,0,0,0,0,1,0,1,0,0
3494-JCHRQ,0,-1.28162374615081,0.169900975389075,-0.979654951595025,1,0,0,1,0,0,1,0,0,0,0,0,0,0,0,0,0,0,0,0,0,0,1,0,1,0,1
6060-DRTNL,1,-1.11880080679644,0.661017236783513,-0.827960654928123,0,0,0,1,0,0,1,0,0,0,0,0,0,1,0,0,0,1,0,0,0,0,1,0,0,1,1
7175-NTIXE,0,-0.304686110024556,0.372320515558405,-0.135391672113732,0,0,0,1,0,0,0,0,0,1,0,0,0,0,0,1,0,1,0,1,0,0,1,1,0,0,0
7519-JTWQH,0,1.48636622287358,1.51217481142995,2.26295882149829,0,0,0,1,0,1,1,0,0,0,0,1,0,1,0,1,0,1,0,1,0,1,1,0,0,0,0
5172-MIGPM,0,-1.15950654163503,0.020575085100226,-0.906266524133744,1,0,0,1,0,1,0,0,0,0,0,0,0,0,0,1,0,0,0,1,0,0,0,0,0,1,0
9770-LXDBK,0,-1.20021227647362,-1.47766134746456,-0.982684446955378,0,0,0,1,0,0,0,1,1,0,1,0,1,0,1,0,1,0,1,0,0,0,0,0,0,1,0
6180-YBIQI,0,-1.11880080679644,-1.34824557588089,-0.966417374042183,1,0,0,0,1,0,0,0,0,0,0,0,0,0,0,0,0,0,0,0,0,0,0,0,0,1,0
3904-UKFRE,0,-1.15950654163503,0.503395463700839,-0.862821804437102,1,0,0,1,0,1,1,0,0,1,0,0,0,0,0,0,0,0,0,0,0,0,1,0,1,0,0
1226-IENZN,1,-0.671037723571902,0.458597696614184,-0.475529361340503,1,0,0,1,0,0,1,0,0,0,0,0,0,0,0,0,0,0,0,1,0,0,1,0,1,0,0
3021-VLNRJ,0,0.712957260940294,0.19478862377055,0.516696227769578,0,0,1,1,0,0,0,0,0,1,0,0,0,1,0,1,0,1,0,0,1,0,1,1,0,0,0
7746-QYVCO,0,-0.671037723571902,-0.301305167300182,-0.633787564621502,1,1,1,1,0,0,0,0,0,1,0,1,0,0,0,0,0,0,0,0,1,0,1,0,0,1,0
0701-RFGFI,0,0.6722515261017,1.01110349068293,1.01537750752144,0,1,1,1,0,1,1,0,0,0,0,0,0,0,0,0,0,1,0,1,0,0,1,0,0,0,0
0696-UKTOX,0,-0.386097579701744,-0.357717170298192,-0.434170163812219,1,0,1,1,0,0,0,0,0,0,0,1,0,0,0,1,0,0,0,0,0,0,0,0,1,0,0
0434-CSFON,0,0.590840056424512,1.18033949967696,1.05627569488619,0,1,0,1,0,1,1,0,0,0,0,0,0,1,0,0,0,1,0,1,0,0,1,0,1,0,0
7639-SUPCW,0,-0.426803314540338,-0.535249062086046,-0.547381088256679,0,0,0,1,0,0,0,0,0,1,0,0,0,0,0,0,0,0,0,0,0,0,1,1,0,0,1
0864-FVJNJ,0,1.28283754868061,1.60674787527956,2.16079018811367,0,1,1,1,0,1,1,0,0,1,0,1,0,1,0,1,0,1,0,1,1,0,0,0,1,0,0
1208-NBVFH,0,-0.508214784217526,-0.508702237145806,-0.597784866136159,1,1,1,1,0,0,0,0,0,0,0,0,0,1,0,0,0,0,0,0,0,0,1,0,1,0,0
2330-PQGDQ,0,0.753662995778888,0.639447941519568,0.87742570430077,1,1,1,1,0,1,1,0,0,0,0,1,0,0,0,1,0,0,0,0,1,0,0,0,0,0,0
3677-TNKIO,0,-0.75244919324909,0.20142533000561,-0.609112544440084,0,0,0,1,0,0,1,0,0,0,0,0,0,0,0,0,0,0,0,0,0,0,1,1,0,0,1
9060-HJJRW,0,0.753662995778888,-0.283054225153767,0.275368383593129,0,0,0,0,1,0,0,0,0,0,0,1,0,1,0,0,0,1,0,1,1,0,1,1,0,0,0
3391-JSQEW,0,0.305899912554354,-0.490451294999392,-0.106611466190388,1,1,0,1,0,0,0,0,0,0,0,1,0,0,0,0,0,0,0,0,0,0,1,0,0,1,0
6108-OQZDQ,0,-1.15950654163503,1.09572149517994,-0.841593384049707,0,1,1,1,0,1,1,0,0,0,0,1,0,0,0,0,0,1,0,1,0,0,1,0,1,0,1
8348-HFYIV,0,-1.24091801131222,-0.520316473057161,-0.97074208843341,1,0,0,0,1,0,0,0,0,0,0,0,0,1,0,0,0,1,0,1,0,0,1,0,1,0,1
3537-HPKQT,0,0.916485935133264,0.425414165438884,0.862783143392402,0,1,0,1,0,1,1,0,0,0,0,1,0,0,0,0,0,0,0,0,0,0,1,1,0,0,0
0440-EKDCF,0,1.20142607900342,-0.158615983246393,0.637458937749987,1,1,0,1,0,0,0,0,0,0,0,1,0,1,0,1,0,0,0,0,0,1,1,1,0,0,0
3620-MWJNE,0,-1.24091801131222,-0.347762110945602,-0.972081213194145,1,0,0,1,0,0,0,0,0,1,0,0,0,0,0,1,0,0,0,0,0,0,1,0,0,1,0
3577-AMVUX,0,-1.28162374615081,-0.327851992240422,-0.986240811074052,1,0,0,1,0,0,0,0,0,0,0,0,0,1,0,1,0,0,0,0,0,0,0,0,0,1,0
8999-BOHSE,1,-0.874566397764872,0.821957362983717,-0.550410583617031,0,0,0,1,0,0,1,0,0,0,0,0,0,0,0,0,0,1,0,1,0,0,0,0,0,0,1
6435-SRWBJ,0,-1.11880080679644,0.591331821315383,-0.826994728871199,0,0,0,1,0,1,1,0,0,0,0,0,0,1,0,1,0,0,0,0,0,0,1,0,1,0,0
7798-JVXYM,0,-0.75244919324909,0.156627562918956,-0.605863520430431,0,0,0,1,0,0,0,0,0,0,0,0,0,0,0,1,0,1,0,1,0,0,1,0,1,0,0
4686-GEFRM,0,1.52707195771217,1.12060914356142,2.00103919001742,1,1,0,1,0,1,1,0,0,0,0,1,0,1,0,1,0,0,0,1,0,1,1,0,0,0,0
9153-BTBVV,0,1.56777769255077,-1.32501710405818,-0.240743470913221,0,1,0,1,0,1,0,1,1,0,1,0,1,0,1,0,1,0,1,0,0,1,0,0,0,0,0
1125-SNVCK,1,0.6722515261017,-0.701166717962546,-0.0857342916418751,0,0,0,1,0,0,0,0,0,0,0,0,0,0,0,0,0,0,0,0,0,0,0,0,0,1,0
5474-LAMUQ,0,-0.34539184486315,-1.48761640681715,-0.775998223638607,1,1,0,1,0,0,0,1,1,0,1,0,1,0,1,0,1,0,1,0,1,0,0,0,0,1,0
0303-UNCIP,0,0.346605647392948,0.00232414295381114,0.101194353237817,1,0,0,1,0,1,0,0,0,0,0,0,0,1,0,0,0,0,0,1,1,0,0,0,0,1,0
1442-BQPVU,0,-0.793154928087684,-1.18730544968069,-0.853601601166465,0,0,0,0,1,0,0,0,0,0,0,1,0,0,0,0,0,0,0,0,0,0,0,0,1,0,0
7252-NTGSS,0,-1.28162374615081,-0.656368950875891,-0.990587478330209,0,0,0,1,0,0,0,0,0,0,0,0,0,0,0,0,0,0,0,0,0,0,0,0,0,1,0
2453-SAFNS,1,0.87578020029467,0.23792721429844,0.695787699869229,0,0,0,1,0,1,0,0,0,0,0,1,0,0,0,1,0,1,0,0,1,0,0,0,0,1,0
3799-ISUZQ,0,-1.03738933711925,0.166582622271545,-0.777930075752454,1,1,1,1,0,0,1,0,0,0,0,0,0,0,0,0,0,0,0,0,0,0,1,0,0,0,1
4737-AQCPU,0,1.60848342738936,0.23792721429844,1.19218588166836,1,1,1,1,0,1,0,0,0,1,0,1,0,1,0,1,0,0,0,0,0,1,0,1,0,0,0
3957-LXOLK,1,-0.182568905508774,1.3678264508174,0.37371721847992,0,0,0,1,0,1,1,0,0,0,0,1,0,1,0,0,0,1,0,1,0,0,1,0,1,0,1
7284-BUYEC,0,-1.11880080679644,-0.463904470059151,-0.909691171062838,0,0,0,0,1,0,0,0,0,0,0,1,0,0,0,0,0,1,0,1,0,0,1,1,0,0,0
1342-JPNKI,0,-0.915272132603466,0.700837474193873,-0.644193222598363,1,0,0,1,0,1,1,0,0,0,0,0,0,0,0,0,0,1,0,0,0,0,1,0,0,0,1
7472-EQOAV,1,1.56777769255077,0.722406769457818,1.70267780275261,1,1,1,1,0,0,1,0,0,1,0,1,0,1,0,0,0,0,0,0,1,0,1,0,0,0,0
5472-CVMDX,0,1.44566048803499,-0.863766020721515,0.183473690995784,0,0,0,0,1,0,0,0,0,1,0,0,0,1,0,1,0,0,0,0,0,1,0,0,0,1,0
4537-DKTAL,0,-1.24091801131222,-0.643095538405771,-0.973354479360091,0,0,0,1,0,0,0,0,0,0,0,0,0,0,0,0,0,0,0,0,0,0,0,0,1,0,0
0442-ZXKVS,1,0.87578020029467,1.68141082042398,1.81318852481067,0,1,0,1,0,1,1,0,0,1,0,1,0,1,0,1,0,1,0,1,1,0,1,0,0,0,0
1794-SWWKL,0,-0.711743458410496,-0.175207748834043,-0.629704331744506,1,1,1,1,0,1,0,0,0,0,0,0,0,1,0,1,0,0,0,0,0,0,1,0,0,0,0
0975-VOOVL,0,-1.20021227647362,-1.18564627312192,-0.967163771449806,0,0,0,0,1,0,0,0,0,0,0,1,0,0,0,0,0,0,0,0,0,0,0,0,0,1,0
6435-VWCCY,1,1.3235432835192,0.921507956509617,1.61005866561257,1,1,0,1,0,1,1,0,0,1,0,1,0,0,0,0,0,1,0,0,0,1,1,1,0,0,0
5003-OKNNK,0,-0.711743458410496,-1.47932052402333,-0.862909615896822,0,1,1,1,0,0,0,1,1,0,1,0,1,0,1,0,1,0,1,0,1,0,0,1,0,0,0
8294-UIMBA,0,-0.101157435831586,0.977919959507627,0.147866144079183,0,0,0,1,0,0,1,0,0,0,0,0,0,0,0,1,0,1,0,1,1,0,1,0,0,0,0
9067-YGSCA,0,1.52707195771217,-1.29017439632412,-0.1953449462378,0,0,0,1,0,1,0,1,1,0,1,0,1,0,1,0,1,0,1,0,1,0,0,1,0,0,0
5148-HKFIR,0,-0.508214784217526,-1.50088981928727,-0.831736547696098,0,0,0,1,0,0,0,1,1,0,1,0,1,0,1,0,1,0,1,0,0,1,0,0,0,1,0
5261-QSHQM,0,-1.15950654163503,-1.3432680462046,-0.972388553303167,0,0,0,0,1,0,0,0,0,0,0,0,0,0,0,0,0,0,0,0,0,0,1,0,1,0,1
6741-QRLUP,0,1.24213181384202,0.510032169935899,1.18283396120814,0,0,0,1,0,1,0,0,0,1,0,1,0,1,0,1,0,0,0,1,0,1,1,1,0,0,0
2379-ENZGV,0,-1.07809507195784,0.661017236783513,-0.780564419544065,1,0,0,1,0,0,1,0,0,0,0,1,0,0,0,0,0,1,0,0,0,0,1,0,1,0,1
4291-HYEBC,1,-0.182568905508774,-0.857129314486455,-0.528940681715406,0,1,1,0,1,0,0,0,0,0,0,1,0,0,0,0,0,0,0,1,1,0,1,0,1,0,0
3556-BVQGL,0,-0.508214784217526,-1.49093475993468,-0.827565503359382,0,1,0,1,0,0,0,1,1,0,1,0,1,0,1,0,1,0,1,0,1,0,1,0,0,1,0
4957-TREIR,0,-1.20021227647362,-0.0175859757513686,-0.924509354890647,1,0,0,1,0,0,0,0,0,1,0,0,0,0,0,1,0,1,0,0,0,0,1,1,0,0,0
8182-PNAGI,0,-0.833860662926278,-0.487132941881862,-0.749720644317292,1,0,0,1,0,0,0,0,0,0,0,0,0,0,0,1,0,0,0,0,0,0,0,0,0,0,1
8722-NGNBH,0,-1.11880080679644,-0.827264136428685,-0.912303561989518,1,0,0,0,1,0,0,0,0,1,0,0,0,1,0,1,0,0,0,0,0,0,0,0,0,1,1
6064-PUPMC,0,-0.386097579701744,-0.256507400213528,-0.385478709397286,1,1,1,1,0,0,0,0,0,1,0,0,0,0,0,1,0,0,0,0,1,0,0,1,0,0,0
0214-JHPFW,0,1.52707195771217,-0.236597281508348,0.763073230879946,0,1,0,0,1,0,0,0,0,0,0,1,0,1,0,1,0,1,0,1,0,1,0,0,0,0,0
0687-ZVTHB,0,1.3235432835192,0.249541450209795,1.03289589373565,1,1,1,1,0,1,0,0,0,1,0,1,0,1,0,0,0,0,0,1,1,0,0,1,0,0,1
4827-DPADN,0,1.60848342738936,0.609582763461798,1.64268062289868,0,1,1,1,0,1,0,0,0,1,0,0,0,1,0,1,0,1,0,1,0,1,1,0,0,0,0
8665-UTDHZ,0,-1.28162374615081,-1.15246274194662,-0.997151384944305,1,1,1,0,1,0,0,0,0,0,0,1,0,0,0,0,0,0,0,0,0,0,0,0,1,0,1
7758-UJWYS,0,0.0616655035227901,-0.80901319428227,-0.428286796010956,1,1,1,0,1,0,0,0,0,0,0,0,0,0,0,1,0,1,0,0,0,1,1,0,1,0,0
7969-AULMZ,0,-0.467509049378932,1.07581137647476,-0.0798289709756817,0,0,0,1,0,1,1,0,0,0,0,0,0,0,0,0,0,1,0,1,0,0,1,0,1,0,1
6668-CNMFP,0,-0.54892051905612,0.810343127072362,-0.269787111215726,0,1,1,1,0,1,1,0,0,0,0,0,0,0,0,1,0,0,0,1,1,0,1,0,0,0,0
3181-VTHOE,0,1.52707195771217,-0.460586116941622,0.585628223650051,1,1,0,0,1,0,0,0,0,0,0,1,0,1,0,1,0,0,0,1,1,0,1,0,0,0,0
4007-NHVHI,1,0.957191669971858,1.05921961088711,1.28131451328451,0,0,0,1,0,1,1,0,0,1,0,1,0,0,0,0,0,0,0,1,0,0,1,0,1,0,0
6629-CZTTH,0,-1.28162374615081,-0.306282696976477,-0.985955423829961,1,0,0,1,0,0,0,0,0,0,0,0,0,0,0,0,0,0,0,1,0,0,1,0,0,1,1
9555-SAHUZ,0,0.224488442877166,-0.346102934386837,-0.0989060105999274,0,1,1,1,0,0,0,0,0,1,0,1,0,0,0,0,0,0,0,0,0,0,0,0,1,0,0
2592-HODOV,0,-0.793154928087684,-1.51416323175739,-0.896409687780135,1,0,0,1,0,0,0,1,1,0,1,0,1,0,1,0,1,0,1,0,1,0,0,1,0,0,0
4433-JCGCG,1,0.550134321585918,1.19693126526461,1.04439919495901,1,1,0,1,0,1,1,0,0,0,0,0,0,1,0,0,0,1,0,1,0,0,1,0,1,0,1
8904-OPDCK,1,0.87578020029467,-1.32667628061695,-0.411207467095348,1,1,0,0,1,0,0,0,0,0,0,0,0,0,0,0,0,0,0,0,0,0,1,0,0,0,0
1996-DBMUS,1,0.631545791263106,0.189811094094256,0.546069161046034,0,1,0,1,0,0,1,0,0,0,0,0,0,0,0,0,0,0,0,0,0,0,1,0,0,0,0
6369-MCAKO,0,1.44566048803499,0.800388067719772,1.70550972232859,0,1,1,1,0,1,0,0,0,1,0,1,0,1,0,1,0,1,0,1,0,1,1,0,0,0,0
4070-OKWVH,0,0.794368730617482,0.984556665742686,1.19620325595057,0,1,0,1,0,1,1,0,0,0,0,1,0,1,0,0,0,1,0,0,0,0,0,0,0,0,0
4443-EMBNA,0,1.56777769255077,-1.33331298685201,-0.203906563560534,0,1,0,1,0,1,0,1,1,0,1,0,1,0,1,0,1,0,1,0,0,1,0,0,0,0,0
2856-HYAPG,0,-1.28162374615081,0.123444031743656,-0.980269631813068,0,0,0,1,0,0,1,0,0,0,0,0,0,0,0,0,0,0,0,0,0,0,0,0,1,0,1
5148-ORICT,0,1.28283754868061,0.312590159442865,1.07930425019785,0,1,0,1,0,0,0,0,0,1,0,1,0,1,0,1,0,0,0,1,0,1,1,0,0,1,0
0842-IWYCP,0,0.550134321585918,-0.663005657110951,-0.0581395404247555,0,0,0,1,0,0,0,0,0,0,0,0,0,0,0,0,0,0,0,0,0,0,0,0,0,0,0
7321-PKUYW,0,-0.874566397764872,0.836889952012602,-0.576644257208485,0,0,0,1,0,1,1,0,0,0,0,0,0,0,0,1,0,1,0,0,0,0,0,0,1,0,1
7470-DYNOE,0,0.835074465456076,-0.127091628629858,0.463899587612718,1,0,0,1,0,0,0,0,0,0,0,0,0,1,0,0,0,0,0,1,1,0,1,0,1,0,0
0871-OPBXW,0,-1.24091801131222,-1.48927558337592,-0.993177916391959,0,0,0,1,0,0,0,1,1,0,1,0,1,0,1,0,1,0,1,0,0,0,1,0,0,1,0
3768-NLUBH,1,0.997897404810452,1.18365785279448,1.51247818099833,1,1,0,1,0,1,1,0,0,0,0,0,0,1,0,0,0,1,0,1,0,0,0,0,1,0,1
9619-GSATL,0,0.428017117070136,-0.314578579770302,0.0627548867452346,0,0,0,1,0,0,0,0,0,0,0,1,0,0,0,1,0,0,0,0,1,0,0,0,1,0,0
6725-TPKJO,0,0.46872285190873,-1.48927558337592,-0.639297733718954,1,0,0,1,0,0,0,1,1,0,1,0,1,0,1,0,1,0,1,0,0,1,0,0,0,1,0
1866-DIOQZ,0,1.56777769255077,0.0620544990693508,1.04839461637629,0,1,0,0,1,0,0,0,0,1,0,1,0,1,0,1,0,1,0,1,1,0,0,0,0,0,0
4459-BBGHE,0,-0.101157435831586,-0.677938246139836,-0.436211780250717,1,0,1,0,1,0,0,0,0,0,0,0,0,0,0,0,0,1,0,1,0,0,1,0,1,0,0
4092-OFQZS,0,-0.508214784217526,-1.46936546467074,-0.82710449319585,1,1,0,1,0,0,0,1,1,0,1,0,1,0,1,0,1,0,1,0,1,0,0,0,0,1,0
0859-YGKFW,0,-0.589626253894714,-1.48927558337592,-0.858540995775735,1,1,1,1,0,0,0,1,1,0,1,0,1,0,1,0,1,0,1,0,1,0,0,0,0,0,0
8910-LEDAG,1,0.0616655035227901,0.219676272152025,0.0553348183988651,1,1,0,1,0,0,1,0,0,0,0,0,0,0,0,0,0,0,0,0,0,0,0,1,0,0,0
5762-TJXGK,0,0.794368730617482,-0.205072926891813,0.323686639304251,0,0,0,0,1,0,0,0,0,1,0,1,0,1,0,0,0,1,0,1,0,1,1,0,0,0,0
0786-IVLAW,1,1.3642490183578,1.43253433660923,2.16774924629651,0,0,0,1,0,1,1,0,0,0,0,1,0,1,0,0,0,1,0,1,1,0,0,0,0,0,0
4021-RQSNY,1,-0.14186317067018,1.11397243732636,0.308583068232351,1,1,0,1,0,1,1,0,0,0,0,0,0,1,0,0,0,1,0,1,0,0,1,0,1,0,1
9170-GYZJC,0,0.346605647392948,0.496758757465779,0.449981471247043,0,1,1,1,0,1,0,0,0,1,0,1,0,1,0,1,0,0,0,1,0,0,0,1,0,0,1
2882-WDTBA,0,1.48636622287358,0.359047103088285,1.35529566809891,1,1,1,1,0,0,0,0,0,1,0,1,0,1,0,1,0,1,0,0,0,1,1,0,0,0,0
3536-IQCTX,1,-0.0197459661543978,0.675949825812398,0.157964461947023,1,1,0,1,0,1,1,0,0,0,0,0,0,0,0,0,0,0,0,1,0,0,0,0,1,0,1
5895-QSXOD,0,-0.955977867442059,0.169900975389075,-0.721730741531431,1,0,0,1,0,0,1,0,0,0,0,0,0,0,0,0,0,0,0,0,0,0,0,0,0,1,0
1142-WACZW,0,-1.24091801131222,-1.16407697785798,-0.977218183587786,1,0,0,0,1,0,0,0,0,0,0,0,0,0,0,1,0,0,0,0,0,0,0,0,0,0,1
8327-WKMIE,0,0.183782708038572,-1.48595723025839,-0.665421642985758,1,0,0,1,0,0,0,1,1,0,1,0,1,0,1,0,1,0,1,0,1,0,0,1,0,0,0
2483-XSSMZ,0,0.26519417771576,-0.566773416702581,-0.182173227279748,0,0,0,1,0,0,0,0,0,1,0,0,0,0,0,0,0,0,0,0,1,0,1,0,1,0,0
5229-PRWKT,0,-0.996683602280654,0.717429239781523,-0.725177341325455,1,0,0,1,0,1,1,0,0,0,0,0,0,0,0,0,0,0,0,1,0,0,1,0,1,0,1
2690-DVRVK,0,-1.11880080679644,-1.47268381778827,-0.966746667016134,1,1,1,1,0,0,0,1,1,0,1,0,1,0,1,0,1,0,1,0,1,0,0,0,1,0,0
1853-ARAAQ,0,-0.263980375185962,-0.483814588764331,-0.44951521639835,0,0,0,0,1,0,0,0,0,0,0,0,0,1,0,0,0,1,0,1,0,0,1,1,0,0,0
2796-UUZZO,0,1.24213181384202,0.510032169935899,1.13936728864657,1,1,1,1,0,0,1,0,0,0,0,1,0,1,0,0,0,0,0,0,0,0,1,1,0,0,0
6847-KJLTS,1,1.03860313964905,1.17702114655943,1.51408074013823,0,1,0,1,0,1,1,0,0,0,0,0,0,0,0,1,0,1,0,1,0,0,1,0,0,0,0
2569-WGERO,0,1.60848342738936,-1.45277369908309,-0.387212985726762,0,0,0,1,0,0,0,1,1,0,1,0,1,0,1,0,1,0,1,0,0,1,1,0,0,0,0
7359-SSBJK,1,1.28283754868061,0.17487850506537,0.957004839672336,0,0,0,1,0,0,0,0,0,1,0,1,0,0,0,1,0,1,0,0,0,1,1,1,0,0,1
0023-UYUPN,1,0.712957260940294,-1.31838039782312,-0.43687036619862,0,1,0,1,0,1,0,1,1,0,1,0,1,0,1,0,1,0,1,0,1,0,0,0,1,0,0
2680-XKKNJ,0,-0.996683602280654,-0.223323869038228,-0.804383277993209,0,0,0,1,0,0,0,0,0,1,0,1,0,0,0,1,0,0,0,0,1,0,0,0,0,0,0
8945-GRKHX,0,-1.28162374615081,0.455279343496654,-0.975879058827051,0,0,1,1,0,0,1,0,0,0,0,0,0,0,0,0,0,0,0,1,0,0,0,0,1,0,1
9620-ENEJV,0,-1.07809507195784,0.186492740976725,-0.819882000633851,0,0,0,1,0,0,1,0,0,0,0,0,0,0,0,0,0,0,0,0,0,0,0,1,0,0,0
9227-YBAXE,0,1.3235432835192,0.583035938521558,1.27931680257588,0,1,1,1,0,1,0,0,0,1,0,1,0,0,0,1,0,1,0,1,0,1,1,0,0,0,0
9705-ZJBCG,0,-0.793154928087684,-0.357717170298192,-0.702609796177325,0,1,1,1,0,0,0,0,0,1,0,0,0,0,0,1,0,0,0,0,1,0,0,0,0,0,0
6599-RCLCJ,0,0.590840056424512,1.48065045681342,1.23956016418749,1,1,0,1,0,1,1,0,0,0,0,1,0,1,0,1,0,1,0,1,0,0,1,0,1,0,1
1260-TTRXI,0,-1.15950654163503,-0.352739640621897,-0.924663024945157,1,0,0,1,0,0,0,0,0,0,0,0,0,0,0,0,0,0,0,1,0,0,0,0,1,0,1
6407-GSJNL,0,0.753662995778888,-1.32667628061695,-0.444905114763032,0,0,0,1,0,1,0,1,1,0,1,0,1,0,1,0,1,0,1,0,0,1,0,0,0,0,0
5337-IIWKZ,0,0.0616655035227901,-0.666324010228481,-0.377026856399202,1,1,1,0,1,0,0,0,0,0,0,0,0,1,0,1,0,1,0,0,0,0,1,0,1,0,0
2207-QPJED,1,0.183782708038572,0.831912422336307,0.469980531198352,0,1,0,1,0,0,1,0,0,0,0,0,0,1,0,1,0,1,0,0,0,0,0,0,1,0,0
4813-HQMGZ,0,-0.996683602280654,0.840208305130132,-0.683862049527031,0,1,0,1,0,1,1,0,0,0,0,0,0,0,0,1,0,0,0,1,0,0,1,0,1,0,0
0089-IIQKO,0,0.26519417771576,1.16208855753054,0.643693551390132,0,1,1,1,0,1,1,0,0,0,0,0,0,0,0,1,0,1,0,1,0,0,1,1,0,0,0
8654-DHAOW,0,-1.24091801131222,-0.357717170298192,-0.96578074095921,0,0,0,1,0,1,0,0,0,0,0,1,0,0,0,0,0,0,0,0,0,0,0,0,0,1,0
8739-QOTTN,0,-1.24091801131222,-1.47932052402333,-0.992036367415595,0,1,0,1,0,0,0,1,1,0,1,0,1,0,1,0,1,0,1,0,0,0,0,0,0,1,0
6171-ZTVYB,0,0.428017117070136,0.043803556922936,0.266082321727702,1,1,0,1,0,1,0,0,0,1,0,1,0,0,0,1,0,0,0,0,0,0,0,0,0,0,0
0107-YHINA,0,-1.28162374615081,1.15545185129548,-0.966614949826554,1,0,1,1,0,1,1,0,0,0,0,0,0,1,0,0,0,1,0,1,0,0,1,0,1,0,1
4713-ZBURT,0,0.509428586747324,1.15379267473672,1.02433427641291,1,0,1,1,0,1,1,0,0,0,0,0,0,1,0,0,0,1,0,1,0,1,0,0,0,0,0
0812-WUPTB,1,-1.28162374615081,0.196447800329315,-0.979303705756144,1,1,0,1,0,0,1,0,0,0,0,0,0,0,0,0,0,0,0,0,0,0,0,0,0,1,1
2103-ZRXFN,0,-1.28162374615081,-0.470541176294212,-0.988128757458039,1,0,0,1,0,1,0,0,0,0,0,0,0,0,0,0,0,0,0,0,0,0,0,0,0,1,0
3370-GQEAL,0,-0.101157435831586,0.680927355488693,0.0916009512633691,1,1,1,1,0,1,1,0,0,0,0,0,0,0,0,0,0,1,0,0,0,0,0,0,1,0,0
1282-IHQAC,1,1.52707195771217,-0.692870835168721,0.311875997971864,1,0,0,0,1,0,0,0,0,0,0,1,0,1,0,0,0,1,0,0,1,0,1,1,0,0,0
5074-FBGHB,0,1.28283754868061,1.31805115405445,2.01460606054422,1,0,0,1,0,1,1,0,0,0,0,0,0,1,0,1,0,1,0,1,1,0,1,1,0,0,0
1092-WPIVQ,0,-0.589626253894714,-1.32169875094065,-0.822296815776161,0,1,1,1,0,1,0,1,1,0,1,0,1,0,1,0,1,0,1,0,0,1,0,0,0,1,0
7696-CFTAT,0,0.183782708038572,-1.49757146616974,-0.691611410847352,1,1,1,1,0,0,0,1,1,0,1,0,1,0,1,0,1,0,1,0,0,1,0,0,0,0,0
6115-ZTBFQ,0,1.60848342738936,0.0189159085414611,1.14961927656892,0,1,0,0,1,0,0,0,0,1,0,1,0,1,0,1,0,1,0,1,0,1,0,0,0,0,0
2959-EEXWB,0,0.509428586747324,-0.465563646617917,0.0142829609796021,0,1,1,0,1,0,0,0,0,1,0,0,0,0,0,0,0,1,0,1,0,0,1,0,0,0,0
3050-RLLXC,0,0.957191669971858,0.541556524552434,1.01820942709742,0,1,1,1,0,1,0,0,0,1,0,1,0,1,0,1,0,1,0,0,0,1,0,1,0,0,0
5216-WASFJ,1,-0.0604517009929918,0.661017236783513,0.145802574775755,0,1,0,1,0,1,1,0,0,0,0,0,0,0,0,0,0,0,0,1,0,0,1,0,1,0,0
4636-TVXVG,0,1.20142607900342,-1.49259393649345,-0.463872390062627,1,1,1,1,0,0,0,1,1,0,1,0,1,0,1,0,1,0,1,0,1,0,0,0,0,0,0
9309-BZGNT,1,1.48636622287358,-1.16573615441674,-0.0733309229563758,1,1,0,0,1,0,0,0,0,0,0,0,0,1,0,0,0,0,0,0,1,0,1,1,0,0,0
2495-TTHBQ,0,-1.15950654163503,-1.47766134746456,-0.97320080930558,0,0,1,1,0,0,0,1,1,0,1,0,1,0,1,0,1,0,1,0,1,0,1,0,0,1,0
1764-VUUMT,0,1.3642490183578,-1.49259393649345,-0.453203297706605,1,0,1,1,0,0,0,1,1,0,1,0,1,0,1,0,1,0,1,0,0,1,0,1,0,0,0
9489-DEDVP,0,1.52707195771217,0.141694973890071,1.12882991348013,0,1,1,1,0,1,0,0,0,1,0,1,0,0,0,0,0,1,0,0,0,1,1,1,0,0,0
8999-XXGNS,1,1.60848342738936,1.35455303834728,2.33953041437444,0,1,0,1,0,1,1,0,0,0,0,1,0,1,0,0,0,1,0,1,1,0,1,1,0,0,0
9150-HEPMB,0,0.957191669971858,-0.405833290502377,0.315410409225608,1,0,0,1,0,0,0,0,0,1,0,0,0,1,0,0,0,0,0,0,1,0,0,0,0,1,0
5649-VUKMC,0,-0.833860662926278,1.01442184380046,-0.520796168826343,0,0,0,1,0,0,1,0,0,0,0,0,0,1,0,0,0,1,0,1,1,0,0,0,0,1,1
0519-XUZJU,0,-1.28162374615081,0.193129447211785,-0.979347611486004,0,0,0,1,0,0,1,0,0,0,0,0,0,0,0,0,0,0,0,0,0,0,0,0,0,1,1
4361-BKAXE,0,0.346605647392948,1.64490893613115,0.977399051192387,0,0,0,1,0,1,1,0,0,1,0,1,0,1,0,1,0,1,0,1,0,0,1,0,0,0,1
2853-CWQFQ,0,-1.28162374615081,-0.178526101951573,-0.984265053230344,1,0,1,1,0,0,0,0,0,0,0,0,0,0,0,1,0,0,0,1,0,0,1,0,0,1,0
0956-SYCWG,0,-0.793154928087684,-1.50254899584604,-0.902929688664371,0,0,0,1,0,0,0,1,1,0,1,0,1,0,1,0,1,0,1,0,1,0,0,0,1,0,0
8436-BJUMM,0,-0.263980375185962,0.624515352490683,-0.101298872877307,1,1,1,1,0,1,1,0,0,0,0,0,0,0,0,0,0,1,0,0,0,0,1,0,1,0,1
8652-YHIYU,0,-0.671037723571902,0.483485344995659,-0.455354678469753,0,0,1,1,0,1,1,0,0,0,0,0,0,0,0,1,0,0,0,0,1,0,1,1,0,0,0
9261-WDCAF,0,-1.20021227647362,-0.341125404710542,-0.927385180196488,1,0,0,1,0,0,0,0,0,0,0,0,0,0,0,0,0,0,0,1,0,0,0,0,0,1,0
0556-FJEGU,0,1.03860313964905,0.17156015194784,0.767310133811453,1,0,0,1,0,0,0,0,0,0,0,1,0,1,0,1,0,1,0,0,0,1,0,0,0,0,0
3219-JQRSL,1,1.60848342738936,0.802047244278537,1.77865666827564,0,1,0,1,0,1,0,0,0,1,0,1,0,1,0,1,0,1,0,1,0,1,0,1,0,0,0
6922-NCEDI,0,0.957191669971858,-1.45111452252432,-0.466572592449028,1,0,1,1,0,0,0,1,1,0,1,0,1,0,1,0,1,0,1,0,1,0,1,0,0,1,0
7254-IQWOZ,0,-1.28162374615081,0.156627562918956,-0.979830574514466,1,0,0,1,0,0,1,0,0,0,0,0,0,0,0,0,0,0,0,0,0,0,1,0,1,0,1
7841-FCRQD,0,0.0209597686841961,-0.370990582768312,-0.194949794669059,0,1,0,1,0,0,0,0,0,0,0,1,0,0,0,1,0,0,0,0,1,0,1,1,0,0,0
7852-LECYP,1,-0.793154928087684,0.958009840802447,-0.456759661825279,1,1,0,1,0,1,1,0,0,1,0,1,0,0,0,0,0,0,0,1,0,0,0,1,0,0,0
4685-ERGHK,0,0.997897404810452,0.729043475692878,1.15820284675659,1,0,0,1,0,1,1,0,0,0,0,0,0,0,0,0,0,1,0,0,1,0,1,0,1,0,0
7401-RUBNK,0,-0.589626253894714,0.32752274847175,-0.37902456710784,0,1,0,1,0,0,1,0,0,1,0,0,0,0,0,0,0,0,0,0,0,0,0,0,1,0,0
1723-HKXJQ,0,0.387311382231542,1.22181891364608,0.865878497347544,1,0,0,1,0,1,1,0,0,0,0,1,0,0,0,0,0,1,0,1,0,0,1,0,1,0,1
9730-DRTMJ,0,-0.0197459661543978,0.26115568612115,0.0139317151407208,1,1,0,1,0,1,0,0,0,1,0,0,0,0,0,1,0,1,0,0,1,0,1,1,0,0,0
4803-LBYPN,0,0.0616655035227901,-1.46438793499444,-0.731214379181229,1,1,1,1,0,0,0,1,1,0,1,0,1,0,1,0,1,0,1,0,0,0,0,0,0,1,0
8984-EYLLL,0,1.28283754868061,1.33796127275963,1.98545265591706,1,1,0,1,0,1,1,0,0,0,0,1,0,0,0,1,0,1,0,1,0,1,1,0,1,0,0
7625-XCQRH,0,-0.874566397764872,0.383934751469759,-0.642502851998746,0,0,0,1,0,1,1,0,0,0,0,0,0,0,0,0,0,0,0,0,0,0,1,0,1,0,1
2040-VZIKE,0,0.6722515261017,1.19195373558831,1.11785348101509,0,1,0,1,0,1,1,0,0,1,0,0,0,0,0,0,0,1,0,1,0,0,1,0,0,1,0
0461-CVKMU,0,-0.386097579701744,0.626174529049448,-0.176092283694114,0,1,1,1,0,0,1,0,0,0,0,1,0,1,0,1,0,0,0,0,0,0,0,0,1,0,1
5791-KAJFD,0,0.957191669971858,0.126762384861185,0.661519277713363,0,1,1,1,0,1,0,0,0,1,0,0,0,1,0,0,0,0,0,1,1,0,1,0,0,0,0
9467-ROOLM,0,-0.304686110024556,-1.52245911455122,-0.807873783517093,0,0,0,1,0,0,0,1,1,0,1,0,1,0,1,0,1,0,1,0,0,0,0,0,0,1,0
2761-XECQW,1,-0.996683602280654,-0.71609930699143,-0.84734503466139,1,1,0,0,1,0,0,0,0,0,0,1,0,1,0,0,0,0,0,1,0,0,1,0,0,1,0
9259-PACGQ,0,0.0616655035227901,-0.0756571553081435,-0.0115994667729707,0,1,0,1,0,1,0,0,0,1,0,1,0,0,0,1,0,0,0,0,0,0,0,0,1,0,1
1222-LRYKO,0,-1.07809507195784,-1.28021933697153,-0.929602419554427,1,0,1,1,0,1,0,1,1,0,1,0,1,0,1,0,1,0,1,0,0,0,0,0,0,1,0
4391-RESHN,0,-0.386097579701744,1.29814103534927,0.0741045179140897,1,0,0,1,0,1,1,0,0,0,0,0,0,1,0,1,0,1,0,1,0,0,1,0,0,1,1
4139-SUGLD,0,-0.0604517009929918,-0.979908379835064,-0.537326676118699,1,1,1,0,1,0,0,0,0,1,0,0,0,0,0,1,0,0,0,0,0,0,0,0,0,0,1
0953-LGOVU,0,-0.833860662926278,-0.976590026717534,-0.820628398041474,1,1,1,0,1,0,0,0,0,0,0,1,0,0,0,1,0,0,0,0,0,0,0,0,0,1,0
0793-TWELN,0,-1.15950654163503,0.505054640259604,-0.86997843840431,0,0,0,1,0,1,1,0,0,1,0,0,0,0,0,0,0,0,0,0,0,0,1,0,1,0,0
7549-MYGPK,0,1.24213181384202,1.18199867623572,1.71848386550227,0,1,1,1,0,1,1,0,0,1,0,1,0,1,0,0,0,1,0,0,0,0,1,0,1,0,1
2640-LYMOV,0,-1.24091801131222,-1.50254899584604,-0.99337549217633,1,0,0,1,0,0,0,1,1,0,1,0,1,0,1,0,1,0,1,0,0,0,1,0,0,1,0
8229-BUJHX,0,1.56777769255077,-1.47434299434703,-0.35140786302579,0,1,1,1,0,0,0,1,1,0,1,0,1,0,1,0,1,0,1,0,0,1,0,0,0,0,0
2672-TGEFF,0,0.183782708038572,0.792092184925947,0.456281943481978,0,1,1,1,0,1,1,0,0,0,0,1,0,0,0,0,0,1,0,0,0,0,1,0,1,0,0
1612-EOHDH,0,-1.28162374615081,-0.656368950875891,-0.990587478330209,0,0,0,1,0,0,0,0,0,0,0,0,0,0,0,0,0,0,0,0,0,0,0,0,1,0,1
5119-NZPTV,1,-1.24091801131222,0.17156015194784,-0.948218449015141,1,1,0,1,0,0,1,0,0,0,0,0,0,0,0,0,0,0,0,0,0,0,0,0,1,0,0
5445-UTODQ,0,-1.03738933711925,0.536578994876138,-0.757228524123382,0,1,0,1,0,0,1,0,0,0,0,0,0,0,0,0,0,1,0,0,0,0,1,0,1,0,1
7524-VRLPL,1,1.48636622287358,0.30429427664904,1.1984863539033,1,0,0,1,0,1,0,0,0,1,0,0,0,1,0,1,0,0,0,1,0,1,0,1,0,0,0
4013-TLDHQ,0,-0.54892051905612,0.442005931026534,-0.355798436011808,1,0,0,1,0,0,1,0,0,0,0,1,0,1,0,0,0,0,0,0,0,0,1,0,1,0,1
7825-ECJRF,0,-0.54892051905612,1.38275903984628,-0.161076524081934,0,0,0,1,0,0,1,0,0,1,0,0,0,1,0,1,0,1,0,1,0,0,1,0,1,0,1
5980-BDHPY,0,1.60848342738936,0.735680181927937,1.72495996065665,1,1,0,1,0,1,0,0,0,1,0,1,0,1,0,1,0,1,0,1,0,1,1,0,0,0,0
8949-JTMAY,0,-0.14186317067018,1.11729079044389,0.277431952896557,0,0,0,1,0,1,1,0,0,0,0,0,0,1,0,0,0,1,0,1,0,0,1,1,0,0,1
7675-OZCZG,1,-1.20021227647362,-0.661346480552186,-0.954606732709796,0,0,0,1,0,0,0,0,0,0,0,0,0,0,0,0,0,0,0,0,0,0,0,0,1,0,1
9496-IVVRP,0,-0.874566397764872,-0.462245293500387,-0.755011284765443,0,1,1,1,0,0,0,0,0,1,0,0,0,0,0,0,0,0,0,0,0,0,0,0,0,0,0
2045-BMBTJ,1,0.0209597686841961,-0.181844455069103,-0.182941577552301,0,0,0,0,1,0,0,0,0,1,0,1,0,1,0,0,0,1,0,1,0,0,1,0,0,0,0
8152-VETUR,0,1.60848342738936,1.08742561238612,2.00578100884232,0,1,0,1,0,1,1,0,0,0,0,1,0,0,0,0,0,1,0,1,0,1,1,1,0,0,0
4785-NKHCX,1,-1.11880080679644,-1.48927558337592,-0.969073670698724,1,0,0,1,0,0,0,1,1,0,1,0,1,0,1,0,1,0,1,0,0,0,0,0,0,0,0
3445-HXXGF,1,1.03860313964905,-0.651391421199596,0.153617794690866,1,1,0,0,1,0,0,0,0,0,0,1,0,1,0,0,0,0,0,1,0,0,1,0,1,0,1
6257-DTAYD,0,1.56777769255077,1.3014593884668,2.22337780602935,1,1,0,1,0,1,1,0,0,0,0,1,0,0,0,1,0,1,0,1,0,1,1,1,0,0,0
7511-YMXVQ,0,-0.955977867442059,-0.648073068082066,-0.826533718707667,1,0,0,0,1,0,0,0,0,0,0,0,0,0,0,0,0,1,0,1,0,0,1,0,1,0,1
0248-IPDFW,0,-1.28162374615081,-0.492110471558157,-0.98841414470213,0,0,0,1,0,1,0,0,0,0,0,0,0,0,0,0,0,0,0,0,0,0,1,0,1,0,0
9667-TKTVZ,0,-1.24091801131222,-0.351080464063132,-0.959019258560744,0,0,0,1,0,1,0,0,0,0,0,0,0,0,0,1,0,0,0,0,0,0,1,0,0,1,0
2085-JVGAD,0,0.183782708038572,-1.47932052402333,-0.704102590992571,1,1,0,1,0,0,0,1,1,0,1,0,1,0,1,0,1,0,1,0,0,0,0,0,0,0,0
7551-DACSP,0,-1.07809507195784,-0.319556109446597,-0.868046586290462,1,1,1,1,0,0,0,0,0,0,0,1,0,1,0,0,0,0,0,0,0,0,1,0,0,1,1
7964-YESJC,0,-0.34539184486315,0.0454627334817008,-0.325723011057588,0,1,0,1,0,1,0,0,0,1,0,1,0,1,0,0,0,0,0,0,0,0,0,0,0,1,0
7609-YBPXG,0,0.87578020029467,0.735680181927937,1.0686132049769,1,0,0,1,0,1,0,0,0,1,0,0,0,1,0,1,0,1,0,1,0,1,0,0,0,0,0
9801-NOSHQ,0,-0.386097579701744,-1.49757146616974,-0.806051695727896,1,0,1,1,0,0,0,1,1,0,1,0,1,0,1,0,1,0,1,0,1,0,0,0,0,1,0
6877-LGWXO,1,-0.589626253894714,0.451960990379124,-0.385786049506307,1,1,0,1,0,0,1,0,0,0,0,0,0,0,0,0,0,0,0,1,0,0,0,0,1,0,1
6166-YIPFO,0,1.60848342738936,-0.00763091639877871,1.07337697666673,1,1,0,0,1,0,0,0,0,1,0,1,0,1,0,1,0,1,0,1,0,1,1,0,1,0,0
9677-AVKED,0,0.835074465456076,0.652721353989688,0.943284299091032,0,0,1,1,0,1,0,0,0,0,0,1,0,1,0,1,0,1,0,1,1,0,1,0,1,0,0
6427-FEFIG,0,-0.34539184486315,0.453620166937889,-0.199625754899168,0,1,1,1,0,1,0,0,0,1,0,0,0,1,0,0,0,1,0,1,0,1,0,1,0,0,0
7622-FWGEW,1,0.957191669971858,0.687564061723753,1.10779906887711,1,1,0,1,0,0,0,0,0,1,0,1,0,1,0,1,0,1,0,1,0,1,1,0,0,0,0
0320-JDNQG,0,-0.386097579701744,1.15877020441301,0.0131633648681677,1,1,1,1,0,0,1,0,0,1,0,0,0,0,0,1,0,1,0,1,0,0,1,0,1,0,1
3261-CQXOL,0,1.56777769255077,-1.3100845150293,-0.214246362942606,0,1,1,1,0,1,0,1,1,0,1,0,1,0,1,0,1,0,1,0,0,1,0,0,0,0,0
7568-PODML,0,-1.28162374615081,-0.651391421199596,-0.990521619735419,1,0,0,0,1,0,0,0,0,0,0,0,0,0,0,0,0,1,0,1,0,0,1,0,0,1,1
8685-WHQPW,1,-0.426803314540338,0.31424933600163,-0.267262531748766,0,0,0,1,0,1,1,0,0,0,0,0,0,0,0,0,0,0,0,0,0,0,1,0,0,0,1
7493-GVFIO,0,0.997897404810452,-1.47268381778827,-0.460337978808883,1,0,0,1,0,0,0,1,1,0,1,0,1,0,1,0,1,0,1,0,0,1,0,1,0,0,0
8039-EQPIM,0,1.48636622287358,-0.155297630128863,0.770185959117294,1,1,0,0,1,0,0,0,0,1,0,0,0,1,0,1,0,1,0,1,0,1,0,0,0,0,0
6771-XWBDM,0,0.997897404810452,1.31307362437815,1.58940101971336,0,1,0,1,0,1,1,0,0,0,0,1,0,1,0,0,0,1,0,1,0,0,1,1,0,0,1
4381-MHQDC,0,0.590840056424512,0.00232414295381114,0.254030198881084,0,0,0,1,0,1,0,0,0,1,0,0,0,1,0,1,0,0,0,0,0,1,1,0,0,1,0
5688-KZTSN,0,-0.711743458410496,-1.49093475993468,-0.883940460499845,1,1,1,1,0,0,0,1,1,0,1,0,1,0,1,0,1,0,1,0,0,0,1,0,1,0,1
3689-MOZGR,0,-0.14186317067018,-1.11927921077132,-0.603756045397143,0,0,0,0,1,0,0,0,0,0,0,0,0,0,0,1,0,0,0,0,0,0,1,0,1,0,0
6765-MBQNU,0,-0.263980375185962,-1.29183357288288,-0.710073770253555,0,1,0,1,0,1,0,1,1,0,1,0,1,0,1,0,1,0,1,0,1,0,0,0,0,1,0
5124-EOGYE,0,-0.0604517009929918,-1.4760021709058,-0.730050877339934,1,0,0,1,0,0,0,1,1,0,1,0,1,0,1,0,1,0,1,0,0,1,0,0,0,1,0
5288-AHOUP,1,-0.874566397764872,0.450301813820359,-0.626587024924433,1,0,0,1,0,0,1,0,0,0,0,0,0,0,0,0,0,0,0,1,0,0,1,0,1,0,0
8434-PNQZX,0,0.387311382231542,0.448642637261594,0.470704975741045,0,0,0,1,0,1,0,0,0,0,0,0,0,1,0,1,0,1,0,1,0,1,1,1,0,0,0
5010-IPEAQ,0,1.40495475319639,-0.356057993739427,0.580710781905712,0,1,1,0,1,0,0,0,0,1,0,1,0,1,0,1,0,1,0,0,0,1,0,1,0,0,0
1932-UEDCX,1,0.0209597686841961,1.18365785279448,0.425416215390275,1,1,0,1,0,1,1,0,0,0,0,1,0,0,0,0,0,1,0,1,0,0,1,0,0,0,0
1226-JZNKR,0,-0.996683602280654,-1.49757146616974,-0.940139794720869,0,1,1,1,0,0,0,1,1,0,1,0,1,0,1,0,1,0,1,0,1,0,0,0,1,0,0
8098-LLAZX,1,-1.15950654163503,1.01276266724169,-0.836500319385927,0,0,0,1,0,1,1,0,0,0,0,0,0,0,0,0,0,1,0,1,0,0,1,0,1,0,1
0230-WEQUW,0,1.3642490183578,-0.276417518918708,0.65326500049965,1,1,0,0,1,0,0,0,0,1,0,1,0,1,0,1,0,1,0,0,0,1,1,0,0,0,0
3143-ILDAL,0,0.957191669971858,0.979579136066392,1.23958211705242,1,0,0,1,0,1,1,0,0,0,0,1,0,0,0,1,0,0,0,1,0,0,1,0,1,0,1
4795-KTRTH,1,-1.11880080679644,0.533260641758609,-0.84723527033674,0,1,0,1,0,1,1,0,0,0,0,1,0,0,0,0,0,0,0,0,0,0,1,0,1,0,1
6330-JKLPC,0,-0.874566397764872,0.516668876170959,-0.616620424246174,1,1,0,1,0,1,1,0,0,0,0,1,0,0,0,0,0,0,0,0,0,0,1,0,0,0,1
2235-DWLJU,1,-1.07809507195784,-0.681256599257366,-0.894916892964889,0,0,0,0,1,0,0,0,0,0,0,0,0,0,0,0,0,1,0,1,0,0,1,0,1,0,0
6479-SZPLM,0,0.143076973199978,-1.5091857020811,-0.679142183567062,1,1,1,1,0,0,0,1,1,0,1,0,1,0,1,0,1,0,1,0,0,1,0,1,0,0,0
0318-QUUOB,0,-1.28162374615081,0.518328052729724,-0.975044849959707,1,1,0,1,0,0,1,0,0,0,0,0,0,0,0,0,0,1,0,0,0,0,1,0,1,0,1
2896-TBNBE,0,0.305899912554354,0.526623935523549,0.365045836832535,1,1,0,1,0,0,1,0,0,0,0,1,0,1,0,0,0,0,0,0,1,0,0,0,1,0,0
7080-TNUWP,0,1.52707195771217,0.997830078212806,1.88864052157538,1,1,0,1,0,1,1,0,0,0,0,1,0,1,0,0,0,1,0,0,1,0,1,0,0,0,0
0723-FDLAY,0,0.46872285190873,0.674290649253633,0.615923177253572,1,0,0,1,0,1,0,0,0,0,0,1,0,1,0,1,0,1,0,1,1,0,1,0,0,0,0
9095-HFAFX,0,-1.11880080679644,0.533260641758609,-0.839354191826838,0,0,0,1,0,0,1,0,0,0,0,0,0,0,0,0,0,1,0,0,0,0,1,1,0,0,1
7609-NRNCA,0,-0.630331988733308,-1.50586734896357,-0.887101673049778,0,0,0,1,0,0,0,1,1,0,1,0,1,0,1,0,1,0,1,0,1,0,0,0,0,1,0
8749-TZYEC,0,1.60848342738936,-1.33165381029324,-0.187485820592829,1,1,0,1,0,1,0,1,1,0,1,0,1,0,1,0,1,0,1,0,0,1,0,1,0,0,0
5092-STPKP,0,-0.34539184486315,-0.284713401712533,-0.403984974533349,0,0,0,1,0,0,0,0,0,1,0,0,0,0,0,1,0,0,0,0,0,0,0,1,0,0,0
9851-QXEEQ,0,0.346605647392948,1.31971033061321,0.897907727280542,1,0,0,1,0,1,1,0,0,0,0,1,0,1,0,0,0,1,0,1,0,0,1,0,1,0,1
2160-GPFXD,0,0.87578020029467,0.0238934382177562,0.555574751560762,1,1,1,1,0,1,0,0,0,1,0,1,0,0,0,1,0,0,0,0,0,1,1,1,0,0,0
4116-IQRFR,0,-1.15950654163503,-1.35488228211595,-0.97831582683429,1,1,1,1,0,1,0,1,1,0,1,0,1,0,1,0,1,0,1,0,1,0,0,1,0,0,0
0811-GSDTP,0,-0.793154928087684,-1.15412191850539,-0.842603215836491,0,0,1,0,1,0,0,0,0,0,0,1,0,0,0,0,0,0,0,0,0,0,0,0,1,0,0
4625-XMOYM,0,1.60848342738936,-1.28353769008906,-0.137543052876881,0,1,1,1,0,1,0,1,1,0,1,0,1,0,1,0,1,0,1,0,0,1,1,0,0,0,0
0594-UFTUL,0,-0.793154928087684,-1.49591228961098,-0.899768476114438,1,1,1,1,0,0,0,1,1,0,1,0,1,0,1,0,1,0,1,0,0,0,1,0,0,1,0
2480-JZOSN,0,-1.28162374615081,-1.46936546467074,-1.00134438214595,0,1,0,1,0,0,0,1,1,0,1,0,1,0,1,0,1,0,1,0,0,0,1,0,0,1,0
8405-IGQFX,0,1.24213181384202,0.833571598895072,1.54358539060427,0,0,0,1,0,0,1,0,0,0,0,0,0,1,0,1,0,1,0,0,1,0,1,1,0,0,0
4423-YLHDV,0,-0.467509049378932,1.30975527126063,-0.0443750941135909,0,1,0,1,0,1,1,0,0,1,0,0,0,1,0,0,0,1,0,1,0,0,1,0,0,0,1
7030-FZTFM,0,1.60848342738936,1.52544822390007,2.46813029713489,1,1,1,1,0,1,1,0,0,0,0,1,0,1,0,1,0,1,0,1,0,1,0,1,0,0,0
4361-FEBGN,0,0.631545791263106,-1.48595723025839,-0.578839543701494,1,0,0,1,0,0,0,1,1,0,1,0,1,0,1,0,1,0,1,0,0,1,0,1,0,0,0
5902-WBLSE,0,1.52707195771217,-1.48595723025839,-0.390813255575297,0,1,1,1,0,0,0,1,1,0,1,0,1,0,1,0,1,0,1,0,0,1,1,1,0,0,0
9848-JQJTX,0,1.60848342738936,1.19361291214708,2.26453942777326,1,0,0,1,0,1,1,0,0,0,0,1,0,1,0,0,0,1,0,1,0,1,1,0,0,0,0
8096-LOIST,0,-0.54892051905612,-0.289690931388827,-0.530345665070931,0,0,0,1,0,0,0,0,0,0,0,0,0,0,0,0,0,0,0,1,0,0,1,0,1,0,0
6352-TWCAU,0,0.102371238361384,0.714110886663993,0.319537547832465,0,0,0,1,0,1,1,0,0,0,0,0,0,0,0,0,0,1,0,0,0,0,1,0,1,0,1
1642-HMARX,0,1.44566048803499,0.888324425334317,1.81040051096455,0,1,0,1,0,1,0,0,0,1,0,1,0,1,0,1,0,1,0,1,0,1,1,0,1,0,0
2038-OEQZH,0,-1.15950654163503,0.700837474193873,-0.87513736166288,1,0,0,1,0,0,1,0,0,0,0,0,0,1,0,0,0,0,0,1,0,0,0,0,1,0,0
8679-LZBMD,0,0.46872285190873,0.853481717600252,0.734468647876043,1,1,0,1,0,0,1,0,0,0,0,0,0,0,0,0,0,1,0,1,1,0,1,0,0,0,0
5073-WXOYN,0,1.12001460932623,-0.468881999735447,0.318791150424842,0,0,0,0,1,0,0,0,0,0,0,1,0,0,0,0,0,1,0,1,0,0,1,0,1,0,1
9392-XBGTD,0,-0.223274640347368,-1.4710246412295,-0.754945426170653,1,0,1,1,0,0,0,1,1,0,1,0,1,0,1,0,1,0,1,0,0,1,0,0,0,1,0
4826-DXMUP,0,0.102371238361384,0.23792721429844,0.0851029032440634,1,0,1,1,0,0,0,0,0,0,0,0,0,0,0,1,0,1,0,1,1,0,1,0,0,1,0
2623-DRYAM,0,1.52707195771217,1.22181891364608,2.09341684564323,0,1,0,1,0,1,1,0,0,0,0,0,0,1,0,0,0,1,0,1,1,0,1,0,1,0,0
5916-QEWPT,0,-1.24091801131222,0.13505826765501,-0.94551824662874,0,1,0,1,0,0,0,0,0,0,0,0,0,1,0,0,0,1,0,1,0,0,0,1,0,0,0
4770-UEZOX,0,-1.24091801131222,0.325863571912985,-0.946835418524545,1,0,0,1,0,0,1,0,0,0,0,1,0,0,0,0,0,0,0,0,0,0,1,0,1,0,0
2380-DAMQP,0,1.60848342738936,1.6664782313951,2.6555858107729,0,1,0,1,0,1,1,0,0,1,0,1,0,1,0,1,0,1,0,1,0,1,0,0,1,0,0
5377-NDTOU,0,1.56777769255077,0.866755130070372,1.75290595771265,0,1,1,1,0,1,0,0,0,1,0,1,0,1,0,1,0,1,0,1,0,1,0,0,0,1,0
3838-OZURD,0,1.3642490183578,1.32966538996581,2.12149455988881,1,1,0,1,0,1,1,0,0,0,0,1,0,1,0,0,0,1,0,1,0,0,1,1,0,0,1
3657-COGMW,1,0.794368730617482,1.43253433660923,1.55337636836309,0,0,0,1,0,1,1,0,0,1,0,1,0,1,0,0,0,1,0,1,0,0,0,1,0,0,0
7691-KGKGP,0,0.835074465456076,0.00232414295381114,0.466490025674468,1,1,1,1,0,0,0,0,0,0,0,1,0,0,0,1,0,1,0,0,0,0,0,1,0,0,0
5321-NTRKC,0,1.3642490183578,0.495099580907014,1.28803208995312,1,1,1,1,0,1,0,0,0,0,0,1,0,1,0,0,0,1,0,1,0,1,0,0,0,0,0
9099-FTUHS,0,-0.386097579701744,-0.349421287504367,-0.461918585083849,0,0,0,1,0,1,0,0,0,1,0,0,0,0,0,0,0,0,0,0,0,0,0,0,1,0,0
6110-OHIHY,0,-1.20021227647362,0.475189462201834,-0.892919182256251,1,0,0,1,0,0,1,0,0,0,0,0,0,0,0,0,0,1,0,0,0,0,0,0,1,0,1
4816-LXZYW,0,-0.386097579701744,0.471871109084304,-0.274133778471883,0,0,0,1,0,1,1,0,0,0,0,1,0,0,0,0,0,0,0,0,0,0,1,0,1,0,1
9693-XMUOB,1,1.07930887448764,-0.487132941881862,0.305641384331719,1,1,0,0,1,0,0,0,0,0,0,1,0,0,0,0,0,1,0,1,0,0,1,0,1,0,0
3170-GWYKC,0,1.12001460932623,1.32800621340704,1.72787969169235,0,0,0,1,0,0,1,0,0,1,0,0,0,1,0,1,0,1,0,1,0,0,1,0,0,0,0
3086-RUCRN,0,1.3642490183578,1.26661668073274,1.88517196891642,0,0,0,1,0,1,1,0,0,1,0,1,0,1,0,1,0,0,0,1,0,0,1,0,0,0,0
4957-TIALW,0,-0.711743458410496,0.0222342616589909,-0.566963043774316,0,0,1,1,0,0,0,0,0,1,0,1,0,1,0,1,0,0,0,0,1,0,0,1,0,0,0
1215-FIGMP,0,1.12001460932623,0.828594069218777,1.38275870212645,1,0,0,1,0,1,1,0,0,0,0,1,0,0,0,0,0,1,0,0,0,0,1,0,0,0,0
6603-QWSPR,0,0.550134321585918,1.30975527126063,1.14281388844059,0,0,0,1,0,0,1,0,0,0,0,1,0,1,0,1,0,1,0,1,0,1,1,0,0,0,0
2869-ADAWR,0,0.509428586747324,0.808683950513597,0.753216394526337,0,0,0,1,0,1,1,0,0,0,0,1,0,0,0,0,0,1,0,0,0,0,1,1,0,0,1
5583-EJXRD,0,0.46872285190873,-0.361035523415722,0.0324379802767841,1,1,1,0,1,0,0,0,0,1,0,1,0,1,0,1,0,0,0,1,0,1,1,1,0,0,0
8631-WUXGY,0,0.550134321585918,1.15711102785425,0.91759944712283,0,0,1,1,0,0,1,0,0,0,0,1,0,1,0,0,0,1,0,1,0,0,1,0,1,0,0
3372-CDXFJ,0,-0.793154928087684,-1.34160886964583,-0.859550827562519,1,1,1,1,0,1,0,1,1,0,1,0,1,0,1,0,1,0,1,0,1,0,0,0,0,0,0
5375-XLDOF,0,1.48636622287358,1.63993140645486,2.35531452425917,1,1,1,1,0,1,1,0,0,1,0,1,0,1,0,1,0,1,0,1,0,1,1,0,0,0,0
3551-HUAZH,1,-1.28162374615081,0.31424933600163,-0.977745052346108,1,0,0,1,0,1,1,0,0,0,0,0,0,0,0,0,0,0,0,0,0,0,1,0,1,0,1
8357-EQXFO,0,-1.03738933711925,1.00944431412416,-0.720237946716185,0,0,0,1,0,0,1,0,0,0,0,0,0,1,0,0,0,1,0,1,0,0,1,0,1,0,1
0114-IGABW,0,1.56777769255077,-0.221664692479463,0.809876738910892,0,1,0,0,1,0,0,0,0,0,0,1,0,1,0,1,0,1,0,1,0,1,0,0,0,0,0
7552-KEYGT,0,-0.223274640347368,-1.50586734896357,-0.78185963857494,1,1,0,1,0,0,0,1,1,0,1,0,1,0,1,0,1,0,1,0,0,1,0,0,0,0,0
8659-HDIYE,1,1.28283754868061,0.322545218795455,1.12751274158432,0,0,0,1,0,1,0,0,0,0,0,1,0,1,0,1,0,0,0,1,0,0,0,1,0,0,0
5930-GBIWP,0,1.48636622287358,0.549852407346259,1.42778402809806,1,0,0,1,0,1,0,0,0,1,0,1,0,1,0,1,0,0,0,1,0,1,1,1,0,0,0
7310-EGVHZ,0,-1.28162374615081,-1.48429805369962,-1.00154195793032,1,0,0,1,0,0,0,1,1,0,1,0,1,0,1,0,1,0,1,0,0,0,0,0,0,0,0
6289-CPNLD,0,0.0209597686841961,0.29765757041398,0.0455438406400464,1,1,1,1,0,0,0,0,0,0,0,0,0,1,0,1,0,1,0,1,1,0,1,0,0,1,1
0375-HVGXO,0,-1.28162374615081,-1.00313685165777,-0.995175627100597,0,0,0,0,1,0,0,0,0,0,0,0,0,0,0,0,0,1,0,0,0,0,1,0,1,0,1
4716-HHKQH,1,-0.508214784217526,1.39769162887517,-0.05675650993416,1,1,0,1,0,1,1,0,0,0,0,1,0,0,0,1,0,1,0,1,0,0,0,0,1,0,0
1583-IHQZE,0,-0.833860662926278,1.59347446280944,-0.402426321123313,1,0,0,1,0,1,1,0,0,0,0,1,0,1,0,1,0,1,0,1,0,0,1,0,0,1,1
3898-BSJYF,0,-0.915272132603466,0.286043334502625,-0.706012490241489,0,0,1,1,0,1,0,0,0,1,0,0,0,1,0,1,0,0,0,1,1,0,0,1,0,0,0
6689-VRRTK,1,0.46872285190873,1.48894633960724,1.12356122589691,0,0,0,1,0,1,1,0,0,1,0,1,0,1,0,0,0,1,0,1,1,0,1,1,0,0,0
6339-DKLMK,0,-0.793154928087684,-1.10434662174244,-0.839200521772328,0,0,0,0,1,0,0,0,0,0,0,1,0,0,0,0,0,0,0,0,0,0,1,0,1,0,0
0621-TSSMU,0,0.957191669971858,-1.49259393649345,-0.515703104162563,1,1,0,1,0,0,0,1,1,0,1,0,1,0,1,0,1,0,1,0,1,0,0,1,0,0,0
0754-UKWQP,0,-1.24091801131222,1.02603607971181,-0.923609287428513,1,0,0,1,0,0,1,0,0,0,0,0,0,1,0,0,0,1,0,1,0,0,1,0,1,0,1
5935-FCCNB,1,-0.630331988733308,0.971283253272567,-0.304340920615683,0,0,0,1,0,1,1,0,0,0,0,0,0,0,0,0,0,1,0,1,0,0,1,0,1,0,0
2433-KMEAS,0,-0.426803314540338,-0.347762110945602,-0.515439669783402,1,0,0,1,0,1,0,0,0,1,0,0,0,0,0,0,0,0,0,0,0,0,1,0,1,0,1
7245-JMTTQ,0,0.753662995778888,1.54535834260525,1.49364262288832,0,0,0,1,0,1,1,0,0,0,0,1,0,1,0,1,0,1,0,1,1,0,1,0,1,0,0
2676-OXPPQ,0,-1.07809507195784,-0.306282696976477,-0.863041333086402,1,0,0,1,0,0,0,0,0,1,0,1,0,0,0,0,0,0,0,0,0,0,1,0,0,0,0
6356-ELRKD,0,-1.28162374615081,1.01774019691799,-0.968437037615751,0,0,0,1,0,0,1,0,0,1,0,0,0,0,0,0,0,1,0,1,0,0,1,0,1,0,1
2688-BHGOG,1,-0.955977867442059,0.485144521554424,-0.694926293451795,1,0,0,1,0,0,1,0,0,0,0,0,0,0,0,0,0,0,0,1,0,0,1,0,1,0,0
2692-BUCFV,1,-0.14186317067018,1.21186385429349,0.284193435295024,1,0,0,1,0,0,1,0,0,0,0,1,0,1,0,0,0,1,0,1,0,0,1,0,0,0,0
2082-CEFLT,0,-1.28162374615081,-0.641436361847006,-0.990389902545838,1,0,0,1,0,0,0,0,0,0,0,0,0,0,0,0,0,0,0,0,0,0,1,0,1,0,1
9782-LGXMC,0,0.6722515261017,-0.105522333365913,0.317364214204386,0,1,1,1,0,0,0,0,0,1,0,0,0,1,0,1,0,0,0,0,0,0,0,0,0,0,0
4608-LCIMN,0,-0.996683602280654,-0.672960716463541,-0.848332913583244,1,1,1,1,0,0,0,0,0,0,0,0,0,0,0,0,0,0,0,0,0,0,0,0,0,0,0
0872-NXJYS,0,-0.955977867442059,0.485144521554424,-0.692796865553576,0,0,0,1,0,0,1,0,0,0,0,0,0,0,0,0,0,0,0,1,0,0,1,0,1,0,1
5651-CRHKQ,0,0.346605647392948,0.705815003870168,0.455623357534075,0,1,0,1,0,0,1,0,0,0,0,1,0,1,0,1,0,0,0,0,1,0,1,0,0,0,0
3683-QKIUE,0,-1.07809507195784,-0.468881999735447,-0.883940460499845,0,0,0,1,0,0,0,0,0,0,0,0,0,0,0,1,0,0,0,0,0,0,1,0,0,0,1
5136-KCKGI,0,0.0209597686841961,1.28652679943792,0.511800738890168,0,1,1,1,0,1,1,0,0,1,0,0,0,1,0,0,0,1,0,1,1,0,1,0,0,1,1
5804-JMYIO,0,0.26519417771576,-1.49923064272851,-0.677627435886886,0,1,1,1,0,0,0,1,1,0,1,0,1,0,1,0,1,0,1,0,0,1,0,0,0,1,0
9058-CBREO,1,-1.28162374615081,-0.477177882529272,-0.98821656891776,0,0,0,1,0,1,0,0,0,0,0,0,0,0,0,0,0,0,0,0,0,0,0,0,0,1,1
0550-DCXLH,0,-0.793154928087684,0.279406628267565,-0.601407088849623,1,0,0,1,0,0,0,0,0,0,0,1,0,0,0,1,0,1,0,1,0,0,0,0,0,1,0
9809-IMGCQ,1,-0.426803314540338,1.05424208121082,-0.0958765152395755,1,0,0,1,0,1,1,0,0,0,0,0,0,0,0,0,0,1,0,1,0,0,1,0,1,0,1
3162-KKZXO,1,0.916485935133264,1.1687252637656,1.36477930574871,0,0,0,1,0,1,1,0,0,0,0,0,0,1,0,0,0,1,0,1,1,0,1,0,1,0,0
6357-JJPQT,0,-1.20021227647362,0.516668876170959,-0.908395952031963,0,0,0,1,0,0,1,0,0,0,0,0,0,0,0,0,0,1,0,0,0,0,1,0,1,0,0
8672-OAUPW,0,0.753662995778888,-0.566773416702581,0.0243373731175821,1,0,1,1,0,0,0,0,0,0,0,0,0,0,0,1,0,0,0,0,1,0,0,1,0,0,0
8668-KNZTI,0,0.794368730617482,-0.370990582768312,0.214844334980879,1,0,0,1,0,0,0,0,0,1,0,0,0,1,0,0,0,0,0,0,1,0,0,0,1,0,0
5640-CAXOA,0,-0.101157435831586,-0.81564990051733,-0.489227949056878,0,0,0,0,1,0,0,0,0,0,0,0,0,0,0,1,0,0,0,1,1,0,1,1,0,0,0
3472-QPRCH,0,0.305899912554354,-1.31672122126436,-0.568324121399982,1,1,1,1,0,1,0,1,1,0,1,0,1,0,1,0,1,0,1,0,0,1,0,1,0,0,0
9185-TQCVP,0,-0.75244919324909,0.670972296136103,-0.510236840794971,1,1,0,1,0,1,1,0,0,0,0,0,0,0,0,0,0,0,0,1,0,0,1,0,1,0,1
2887-JPYLU,0,0.346605647392948,-0.654709774317126,-0.201711277067526,0,0,1,1,0,0,0,0,0,0,0,0,0,0,0,0,0,0,0,0,0,0,0,0,0,0,0
9839-ETQOE,0,0.428017117070136,-0.8123315473998,-0.170560161731732,1,0,1,0,1,0,0,0,0,1,0,1,0,1,0,0,0,0,0,0,0,0,1,0,1,0,0
0078-XZMHT,0,1.60848342738936,0.670972296136103,1.76276279406626,1,1,0,1,0,1,0,0,0,0,0,1,0,1,0,1,0,1,0,1,0,1,1,0,0,0,0
3315-IKYZQ,0,-0.182568905508774,-0.468881999735447,-0.401526253661179,1,1,1,0,1,0,0,0,0,1,0,0,0,1,0,1,0,1,0,0,1,0,0,0,0,1,0
8883-ANODQ,0,1.44566048803499,0.646084647754628,1.51274161537749,0,1,1,1,0,1,1,0,0,0,0,1,0,1,0,0,0,0,0,0,0,1,1,1,0,0,0
2272-JKMSI,0,1.20142607900342,1.52212987078254,1.99315811150752,0,1,1,1,0,1,1,0,0,0,0,1,0,1,0,1,0,1,0,1,1,0,1,0,1,0,0
4361-JEIVL,0,-1.28162374615081,-0.681256599257366,-0.99091677130416,1,0,1,1,0,0,0,0,0,0,0,0,0,0,0,0,0,0,0,0,0,0,1,0,1,0,1
3009-JWMPU,0,1.20142607900342,1.05590125776958,1.67899066149304,1,0,0,1,0,1,1,0,0,0,0,0,0,1,0,0,0,1,0,1,1,0,1,0,1,0,1
1897-RCFUM,0,0.26519417771576,-1.35156392899842,-0.608849110060923,0,1,1,1,0,1,0,1,1,0,1,0,1,0,1,0,1,0,1,0,1,0,1,0,0,1,0
5032-MIYKT,0,-1.28162374615081,0.19147027065302,-0.979369564350935,0,0,0,1,0,0,1,0,0,0,0,0,0,0,0,0,0,0,0,0,0,0,1,0,0,1,0
1597-FZREH,0,-1.24091801131222,0.380616398352229,-0.939810501746917,0,0,0,1,0,0,0,0,0,0,0,0,0,1,0,1,0,1,0,1,0,0,0,0,1,0,1
2530-ENDWQ,0,1.56777769255077,0.954691487684917,1.88093506598492,0,1,0,1,0,1,1,0,0,0,0,0,0,0,0,0,0,1,0,1,0,1,1,0,0,0,1
8364-TRMMK,0,-1.20021227647362,-0.473859529411742,-0.943981546083634,0,0,0,1,0,1,0,0,0,0,0,0,0,0,0,0,0,0,0,0,0,0,1,0,0,1,1
3696-XRIEN,0,0.712957260940294,0.583035938521558,0.82445344122447,0,0,0,1,0,1,0,0,0,1,0,0,0,1,0,1,0,1,0,1,1,0,1,1,0,0,0
8200-KLNYW,0,-0.467509049378932,0.529942288641079,-0.257449601125017,0,1,0,1,0,0,0,0,0,1,0,0,0,1,0,1,0,1,0,1,1,0,0,0,0,1,0
5568-DMXZS,0,-0.996683602280654,0.0172567319826962,-0.766975596152341,0,0,0,1,0,0,0,0,0,0,0,1,0,0,0,1,0,1,0,0,0,0,1,0,1,0,0
9102-IAYHT,0,-0.630331988733308,0.680927355488693,-0.373075340711786,0,1,1,1,0,1,1,0,0,0,0,0,0,0,0,0,0,0,0,1,0,0,1,0,1,0,1
4584-LBNMK,1,0.509428586747324,-1.33497216341077,-0.49480397674912,1,1,0,1,0,1,0,1,1,0,1,0,1,0,1,0,1,0,1,0,1,0,0,1,0,0,0
2626-URJFX,0,-1.15950654163503,-0.465563646617917,-0.911359588797524,1,1,1,1,0,1,0,0,0,0,0,0,0,0,0,0,0,0,0,0,0,0,1,0,1,0,1
3813-DHBBB,0,1.40495475319639,-0.463904470059151,0.535817173123683,1,1,0,0,1,0,0,0,0,1,0,1,0,0,0,1,0,0,0,1,0,1,1,0,0,0,0
3815-SLMEF,0,-1.20021227647362,-1.01806944068666,-0.949228280801925,0,0,0,0,1,0,0,0,0,1,0,0,0,0,0,1,0,0,0,0,0,0,0,0,0,1,1
5998-DZLYR,0,1.16072034416483,0.976260782948861,1.49353285856367,0,1,0,1,0,1,1,0,0,0,0,1,0,0,0,1,0,0,0,1,0,1,1,0,0,0,0
0083-PIVIK,0,1.28283754868061,0.541556524552434,1.43406254746806,1,0,0,1,0,1,0,0,0,1,0,1,0,1,0,1,0,1,0,0,1,0,0,0,1,0,0
8022-BECSI,0,-0.426803314540338,-1.5042081724048,-0.824909206702841,1,0,0,1,0,0,0,1,1,0,1,0,1,0,1,0,1,0,1,0,1,0,0,0,0,1,0
6994-KERXL,0,-1.15950654163503,-0.299645990741418,-0.905695749645562,1,0,0,1,0,0,0,0,0,0,0,0,0,0,0,0,0,0,0,1,0,0,1,0,1,0,0
1309-XGFSN,1,0.794368730617482,0.528283112082313,0.780745287148666,1,1,1,1,0,1,0,0,0,0,0,1,0,1,0,0,0,1,0,1,1,0,1,0,1,0,0
5628-RKIFK,1,0.6722515261017,1.21518220741102,1.2157852114682,0,0,0,1,0,1,1,0,0,1,0,0,0,0,0,0,0,1,0,1,0,0,0,1,0,0,0
4350-ZTLPI,0,0.835074465456076,1.46074033810824,1.50020652950241,0,1,0,1,0,1,1,0,0,0,0,1,0,1,0,1,0,1,0,1,1,0,1,0,0,0,0
8884-MRNSU,0,-0.630331988733308,-1.49425311305221,-0.865631771148153,1,1,1,1,0,0,0,1,1,0,1,0,1,0,1,0,1,0,1,0,1,0,0,0,0,0,0
5397-TUPSH,1,1.3235432835192,0.199766153446845,0.989582891228586,1,1,0,1,0,0,1,0,0,0,0,0,0,0,0,0,0,0,0,0,1,0,1,0,0,0,0
2874-YXVVA,0,0.0616655035227901,1.33298374308333,0.585474553595541,0,0,0,1,0,0,1,0,0,0,0,1,0,1,0,1,0,1,0,1,0,0,1,0,1,0,0
5567-WSELE,1,-1.20021227647362,0.984556665742686,-0.88767244753796,1,1,0,1,0,1,1,0,0,0,0,0,0,0,0,0,0,1,0,1,0,0,1,0,1,0,1
0310-VQXAM,0,-0.955977867442059,-1.49591228961098,-0.931907470372086,1,0,0,1,0,0,0,1,1,0,1,0,1,0,1,0,1,0,1,0,0,0,0,0,0,1,0
7136-RVDTZ,1,1.52707195771217,-0.653050597758361,0.422869683058385,1,0,0,0,1,0,0,0,0,0,0,0,0,0,0,0,0,1,0,1,1,0,1,0,1,0,1
6007-TCTST,0,1.60848342738936,1.68804752665904,2.7112582762356,0,1,1,1,0,1,1,0,0,1,0,1,0,1,0,1,0,1,0,1,0,1,1,0,0,0,0
2292-XQWSV,0,0.305899912554354,-0.153638453570098,0.064620880264292,1,1,1,0,1,0,0,0,0,0,0,1,0,1,0,1,0,1,0,1,1,0,0,0,0,1,0
8331-ZXFOE,0,1.03860313964905,0.20474368312314,0.877184222786539,0,0,0,1,0,1,0,0,0,1,0,1,0,1,0,1,0,0,0,0,1,0,1,1,0,0,0
4592-IWTJI,0,-1.20021227647362,-1.16905450753427,-0.970149361080298,0,1,1,0,1,0,0,0,0,1,0,0,0,0,0,0,0,0,0,0,0,0,0,1,0,0,1
7794-JASDG,0,-1.28162374615081,-0.470541176294212,-0.988128757458039,1,0,0,1,0,0,0,0,0,1,0,0,0,0,0,0,0,0,0,0,0,0,1,0,0,1,0
5939-SXWHM,0,0.631545791263106,-1.28187851353029,-0.463762625737977,1,1,1,1,0,1,0,1,1,0,1,0,1,0,1,0,1,0,1,0,0,1,0,0,0,0,0
8929-KSWIH,0,-0.304686110024556,1.1405192622666,0.0931596046734054,1,0,0,1,0,0,1,0,0,0,0,0,0,1,0,1,0,1,0,1,0,1,0,0,0,0,0
6386-SZZKH,0,0.6722515261017,1.42755680693294,1.31360717759667,0,1,1,1,0,1,1,0,0,0,0,1,0,1,0,1,0,1,0,1,0,1,1,0,0,0,1
4116-TZAQJ,0,-0.955977867442059,0.309271806325335,-0.729567914311472,0,0,0,1,0,0,1,0,0,1,0,0,0,0,0,0,0,0,0,0,0,0,1,1,0,0,1
8903-WMRNW,0,-0.711743458410496,1.22181891364608,-0.277448661076326,0,1,0,1,0,0,1,0,0,1,0,0,0,1,0,0,0,1,0,1,0,0,0,0,1,0,0
0771-CHWSK,0,1.3642490183578,0.320886042236689,1.09636162624853,1,0,0,1,0,1,0,0,0,1,0,1,0,1,0,0,0,0,0,1,0,1,1,1,0,0,0
1448-CYWKC,0,1.03860313964905,1.33630209620086,1.72289639135322,0,1,1,1,0,1,1,0,0,0,0,1,0,1,0,0,0,1,0,1,1,0,1,1,0,0,0
7100-FQPRV,0,0.428017117070136,0.23129050806338,0.382871563155766,1,1,1,1,0,1,0,0,0,1,0,0,0,0,0,1,0,0,0,1,1,0,1,1,0,0,0
6718-BDGHG,0,0.428017117070136,-0.00265338672248402,0.266455520431514,0,1,0,1,0,1,0,0,0,0,0,0,0,0,0,1,0,1,0,0,1,0,1,0,0,0,0
2452-SNHFZ,0,0.590840056424512,0.349092043735695,0.546091113910964,0,0,0,1,0,0,1,0,0,1,0,0,0,0,0,0,0,0,0,0,0,0,0,1,0,0,0
5035-PGZXH,0,0.957191669971858,1.38939574608134,1.58634957148808,0,0,0,1,0,1,1,0,0,0,0,1,0,1,0,0,0,1,0,1,1,0,1,0,1,0,0
1814-WFGVS,0,1.60848342738936,-0.531930708968516,0.538144176806273,1,1,1,0,1,0,0,0,0,1,0,0,0,1,0,1,0,1,0,0,0,1,0,0,0,1,0
5146-CBVOE,0,-0.671037723571902,0.337477807824339,-0.477900270752953,0,0,0,1,0,0,1,0,0,0,0,1,0,0,0,0,0,0,0,0,0,0,0,0,0,0,0
9281-CEDRU,0,1.44566048803499,-0.0275410351039589,0.889060722713716,0,1,0,1,0,0,0,0,0,0,0,1,0,0,0,1,0,1,0,0,0,1,0,0,0,0,0
0422-OHQHQ,0,-0.711743458410496,-1.47268381778827,-0.880471907840892,0,1,1,1,0,0,0,1,1,0,1,0,1,0,1,0,1,0,1,0,1,0,0,0,0,1,0
3745-HRPHI,0,1.3642490183578,-0.341125404710542,0.584245193159456,1,1,1,0,1,0,0,0,0,0,0,0,0,1,0,1,0,1,0,1,0,1,0,0,0,0,0
4086-YQSNZ,1,-1.20021227647362,0.513350523053429,-0.912040127610357,0,1,0,1,0,0,1,0,0,0,0,0,0,0,0,0,0,1,0,0,0,0,1,0,1,0,1
9680-NIAUV,0,1.60848342738936,1.48562798648971,2.55881758216108,0,1,1,1,0,1,1,0,0,1,0,1,0,1,0,0,0,1,0,1,0,1,0,1,0,0,0
2346-CZYIL,0,-0.223274640347368,-1.47932052402333,-0.777008055425391,1,0,0,1,0,0,0,1,1,0,1,0,1,0,1,0,1,0,1,0,0,1,0,1,0,0,0
1465-WCZVT,0,-1.20021227647362,-1.50254899584604,-0.983782090201882,0,1,1,1,0,0,0,1,1,0,1,0,1,0,1,0,1,0,1,0,0,0,0,0,0,1,0
6298-QDFNH,0,-0.426803314540338,0.478507815319364,-0.25068811872655,1,0,0,1,0,1,1,0,0,0,0,1,0,0,0,0,0,0,0,0,0,0,1,0,1,0,1
3969-JQABI,0,1.03860313964905,0.0106200257476361,0.654318738016294,0,1,0,1,0,0,0,0,0,1,0,1,0,0,0,0,0,1,0,0,0,0,1,1,0,0,0
2560-QTSBS,0,1.60848342738936,-1.38142910705619,-0.297755061136657,0,1,1,1,0,1,0,1,1,0,1,0,1,0,1,0,1,0,1,0,1,0,1,0,0,0,0
2325-WINES,0,-0.0197459661543978,1.29814103534927,0.489782015365291,0,0,0,1,0,1,1,0,0,0,0,1,0,1,0,0,0,1,0,1,1,0,1,1,0,0,0
0002-ORFBO,0,-0.955977867442059,0.0222342616589909,-0.749918220101663,0,1,1,1,0,0,0,0,0,0,0,1,0,0,0,1,0,1,0,0,1,0,1,0,0,1,0
3272-VUHPV,0,-0.996683602280654,-0.286372578271298,-0.834129409973478,0,1,1,1,0,0,0,0,0,0,0,1,0,0,0,1,0,0,0,0,0,0,0,0,0,0,0
3164-AALRN,0,-1.11880080679644,0.16824179883031,-0.857882409827832,1,0,0,1,0,0,0,0,0,0,0,0,0,1,0,0,0,1,0,1,1,0,1,0,0,1,1
9710-NJERN,0,0.26519417771576,-1.48595723025839,-0.647749586717037,0,0,0,1,0,0,0,1,1,0,1,0,1,0,1,0,1,0,1,0,0,1,0,0,0,1,0
7567-ECMCM,0,-0.34539184486315,0.495099580907014,-0.131857260859988,1,0,0,1,0,0,1,0,0,0,0,0,0,0,0,0,0,0,0,1,0,0,1,1,0,0,0
0269-XFESX,0,-0.386097579701744,-1.34658639932213,-0.773978560065039,1,1,1,1,0,1,0,1,1,0,1,0,1,0,1,0,1,0,1,0,1,0,0,0,0,1,0
1200-TUZHR,1,-0.996683602280654,0.672631472694868,-0.704936799859915,0,0,0,1,0,1,1,0,0,0,0,0,0,0,0,0,0,0,0,1,0,0,0,0,1,0,0
7753-USQYQ,0,0.916485935133264,-0.0242226819864286,0.582181623856028,1,0,0,1,0,0,0,0,0,0,0,1,0,0,0,1,0,0,0,1,1,0,1,0,1,0,0
6416-TVAIH,0,-1.28162374615081,0.118466502067361,-0.980335490407858,1,1,1,1,0,0,1,0,0,0,0,0,0,0,0,0,0,0,0,0,0,0,1,0,1,0,1
1183-CANVH,0,-0.386097579701744,-0.163593512922688,-0.418934875550738,0,1,0,1,0,0,0,0,0,0,0,0,0,0,0,1,0,1,0,0,1,0,0,0,0,0,0
6892-EZDTG,0,-1.15950654163503,0.886665248775552,-0.849979378453001,0,1,0,1,0,1,1,0,0,0,0,1,0,0,0,0,0,1,0,0,0,0,1,0,1,0,1
0956-ACVZC,0,0.87578020029467,0.967964900155036,1.21161416713149,0,0,0,1,0,0,1,0,0,0,0,0,0,1,0,0,0,1,0,1,1,0,1,1,0,0,0
9776-OJUZI,1,1.3235432835192,1.01276266724169,1.72197437102616,0,0,0,1,0,1,1,0,0,0,0,1,0,1,0,0,0,1,0,0,0,0,1,0,0,0,0
1696-MZVAU,0,0.26519417771576,-1.31672122126436,-0.594294360612275,1,1,1,0,1,0,0,0,0,0,0,0,0,0,0,0,0,0,0,0,1,0,1,1,0,0,0
3584-WKTTW,0,0.753662995778888,1.54701751916402,1.50115050269441,1,1,0,1,0,1,1,0,0,1,0,0,0,1,0,1,0,1,0,1,1,0,1,0,1,0,0
3688-FTHLT,0,-0.671037723571902,-0.0623837428380236,-0.541914824889087,0,0,0,1,0,1,0,0,0,0,0,0,0,0,0,0,0,0,0,1,0,0,1,0,0,0,0
5982-FPVQN,0,0.183782708038572,1.0028076078891,0.540712662003093,0,1,1,1,0,1,1,0,0,0,0,1,0,1,0,0,0,0,0,1,0,0,1,0,1,0,0
8295-KMENE,0,1.07930887448764,0.382275574910995,0.973908545668503,0,1,1,1,0,1,0,0,0,1,0,0,0,1,0,1,0,1,0,0,0,1,1,0,0,1,0
8552-OBVRU,1,0.631545791263106,1.31307362437815,1.21475342681649,0,1,1,1,0,0,1,0,0,1,0,0,0,1,0,1,0,1,0,1,0,0,1,0,1,0,0
5458-CQJTA,0,1.3235432835192,0.32752274847175,1.10591112249312,1,1,1,1,0,0,0,0,0,1,0,0,0,0,0,1,0,1,0,1,0,1,1,0,0,0,1
8194-PEEBY,0,-0.34539184486315,-1.49425311305221,-0.776173846558047,0,1,1,1,0,0,0,1,1,0,1,0,1,0,1,0,1,0,1,0,1,0,0,0,0,1,0
7797-EJMDP,0,-0.996683602280654,0.0371668506878759,-0.758172497315376,0,0,0,1,0,0,0,0,0,1,0,0,0,0,0,1,0,0,0,1,0,0,0,0,0,0,0
5175-WLYXL,0,-0.426803314540338,0.461916049731714,-0.307809473274637,1,0,0,1,0,1,1,0,0,0,0,1,0,0,0,0,0,0,0,0,0,0,1,0,0,1,0
7143-BQIBA,0,-0.915272132603466,-0.0889305677782634,-0.741290744184139,1,0,0,1,0,0,0,0,0,1,0,0,0,0,0,1,0,1,0,0,0,0,0,0,0,0,0
3571-RFHAR,0,1.3235432835192,1.4673770443433,2.03717360569235,1,0,0,1,0,1,1,0,0,0,0,1,0,1,0,1,0,1,0,1,0,0,1,0,1,0,1
9921-QFQUL,0,-0.386097579701744,0.836889952012602,-0.112560692586442,0,1,0,1,0,1,1,0,0,0,0,0,0,1,0,0,0,0,0,1,0,0,0,0,0,1,0
5447-VYTKW,0,-0.223274640347368,-0.380945642120902,-0.368750626320559,1,0,0,1,0,0,0,0,0,1,0,0,0,0,0,1,0,0,0,0,0,0,0,0,0,1,0
7244-KXYZN,0,-0.34539184486315,-1.4760021709058,-0.778874048944448,0,0,0,1,0,0,0,1,1,0,1,0,1,0,1,0,1,0,1,0,1,0,0,1,0,0,0
1794-HBQTJ,0,-1.28162374615081,-0.541885768321106,-0.989072730650033,0,0,0,1,0,0,0,0,0,1,0,0,0,0,0,0,0,0,0,0,0,0,1,1,0,0,1
6211-WWLTF,0,1.24213181384202,1.15379267473672,1.7689974077064,1,1,0,1,0,0,1,0,0,1,0,0,0,1,0,0,0,1,0,1,0,1,0,1,0,0,0
7139-JZFVG,0,1.12001460932623,-0.147001747335038,0.611664321457135,1,1,1,1,0,0,0,0,0,1,0,1,0,1,0,0,0,0,0,0,0,1,0,0,0,0,0
7605-BDWDC,0,-0.0604517009929918,-0.500406354351981,-0.342999915757567,0,0,0,0,1,0,0,0,0,1,0,1,0,0,0,1,0,0,0,1,0,1,1,0,0,0,0
3704-IEAXF,0,1.60848342738936,-0.374308935885842,0.650981902546921,0,1,1,0,1,0,0,0,0,0,0,1,0,0,0,1,0,1,0,1,0,1,0,1,0,0,0
6072-NUQCB,0,-0.426803314540338,-1.48263887714086,-0.796041189319776,1,1,1,1,0,0,0,1,1,0,1,0,1,0,1,0,1,0,1,0,1,0,0,0,0,0,0
7351-KYHQH,1,-1.03738933711925,0.000664966395046246,-0.793670279907327,0,0,0,1,0,0,0,0,0,0,0,1,0,1,0,0,0,1,0,0,0,0,1,0,1,0,0
7396-VJUZB,0,-1.15950654163503,-0.653050597758361,-0.942203364024297,1,1,1,1,0,0,0,0,0,0,0,0,0,0,0,0,0,0,0,0,0,0,0,0,0,1,0
1814-DKOLC,0,-1.11880080679644,-1.3100845150293,-0.951247944375493,0,0,0,1,0,1,0,1,1,0,1,0,1,0,1,0,1,0,1,0,0,0,0,0,0,1,0
6288-LBEAR,0,-0.386097579701744,0.470211932525539,-0.227242458981217,0,0,0,1,0,0,1,0,0,0,0,1,0,0,0,1,0,0,0,0,0,0,1,0,0,1,0
8148-WOCMK,0,-0.996683602280654,-1.5042081724048,-0.95552875303686,1,1,1,1,0,0,0,1,1,0,1,0,1,0,1,0,1,0,1,0,0,1,0,1,0,0,0
8990-ZXLSU,0,-0.955977867442059,0.136717444213775,-0.724365085323042,0,0,0,1,0,0,1,0,0,0,0,0,0,0,0,0,0,0,0,0,0,0,0,0,1,0,0
6242-MBHPK,1,-0.386097579701744,1.00114843133034,0.0108583140505086,0,1,0,1,0,0,1,0,0,1,0,0,0,0,0,0,0,1,0,1,0,0,1,0,1,0,0
0270-THENM,0,1.60848342738936,0.163264269154015,1.22981309215853,1,1,1,1,0,1,0,0,0,1,0,1,0,1,0,1,0,0,0,0,0,1,0,0,0,0,0
2115-BFTIW,0,-0.304686110024556,0.199766153446845,-0.234442998678286,1,0,0,1,0,0,1,0,0,0,0,0,0,0,0,0,0,0,0,0,0,0,0,0,0,1,1
2533-TIBIX,0,-0.711743458410496,-1.15246274194662,-0.804207655073769,1,1,1,0,1,0,0,0,0,1,0,0,0,0,0,0,0,0,0,0,0,0,1,0,0,0,0
4320-QMLLA,0,-1.03738933711925,-0.334488698475482,-0.847784091959992,1,0,0,1,0,0,0,0,0,0,0,0,0,0,0,0,0,1,0,0,0,0,0,0,0,1,0
4929-BSTRX,0,-1.28162374615081,-0.377627289003372,-0.986899397021954,0,0,0,1,0,0,0,0,0,0,0,0,0,0,0,0,0,1,0,0,0,0,1,0,0,1,1
3643-AHCFP,1,-1.03738933711925,1.01774019691799,-0.727504345008044,1,1,0,1,0,1,1,0,0,0,0,0,0,0,0,0,0,1,0,1,0,0,1,0,0,0,1
1545-ACTAS,0,0.631545791263106,1.15379267473672,1.17486507123852,0,1,1,1,0,0,1,0,0,1,0,0,0,1,0,0,0,1,0,1,1,0,1,0,0,0,0
8213-TAZPM,0,1.48636622287358,1.45410363187318,2.27946737592572,0,1,1,1,0,1,1,0,0,0,0,1,0,1,0,1,0,1,0,1,1,0,1,0,0,0,0
4913-EHYUI,1,0.957191669971858,1.31473280093692,1.53377245998052,1,1,1,1,0,1,1,0,0,1,0,0,0,1,0,0,0,1,0,1,1,0,1,0,0,0,1
6161-UUUTA,1,-1.20021227647362,0.496758757465779,-0.895860866156883,1,0,0,1,0,0,1,0,0,0,0,0,0,0,0,0,0,1,0,0,0,0,1,0,1,0,1
6873-UDNLD,0,0.305899912554354,0.0836237943332959,0.188654567119285,1,0,0,1,0,0,0,0,0,1,0,0,0,1,0,0,0,0,0,1,0,0,0,0,1,0,0
7196-LIWRH,0,-1.07809507195784,-1.50586734896357,-0.955770234551091,0,0,0,1,0,0,0,1,1,0,1,0,1,0,1,0,1,0,1,0,0,1,0,0,0,1,0
6804-GDMOI,0,1.16072034416483,1.38275903984628,1.81202502296937,0,0,0,1,0,1,1,0,0,0,0,0,0,1,0,1,0,1,0,1,0,1,1,0,1,0,1
4826-XTSOH,1,-1.28162374615081,0.700837474193873,-0.972630034817398,1,1,0,1,0,1,1,0,0,0,0,0,0,0,0,0,0,1,0,0,0,0,1,0,1,0,1
2039-JONDJ,0,-0.223274640347368,-0.314578579770302,-0.361637898083211,1,0,0,1,0,0,0,0,0,1,0,1,0,0,0,0,0,0,0,0,1,0,0,0,0,0,0
5129-HHMZC,0,0.428017117070136,0.714110886663993,0.558999398489856,0,1,0,1,0,1,0,0,0,1,0,1,0,0,0,1,0,1,0,1,0,1,0,1,0,0,0
7000-WCEVQ,1,-0.508214784217526,-0.110499863042208,-0.49480397674912,0,0,0,1,0,1,0,0,0,0,0,0,0,0,0,0,0,0,0,1,0,0,1,0,0,1,1
6198-RTPMF,0,-0.630331988733308,0.918189603392087,-0.316832100760903,0,1,0,1,0,1,1,0,0,0,0,0,0,0,0,0,0,1,0,1,0,0,0,0,1,0,0
3453-RTHJQ,0,-1.07809507195784,0.13837662077254,-0.819420990470319,1,0,0,1,0,0,1,0,0,0,0,0,0,0,0,0,0,0,0,0,0,0,1,0,1,0,0
2073-QBVBI,0,0.346605647392948,-0.978249203276299,-0.399396825762961,0,1,0,0,1,0,0,0,0,0,0,1,0,0,0,1,0,0,0,0,1,0,0,0,0,1,0
1285-OKIPP,0,-1.28162374615081,0.496758757465779,-0.975330237203798,1,0,0,1,0,0,1,0,0,0,0,0,0,0,0,0,0,0,0,1,0,0,0,0,1,0,1
7665-TOALD,0,-1.28162374615081,0.15496838636019,-0.979852527379396,0,0,0,1,0,0,1,0,0,0,0,0,0,0,0,0,0,0,0,0,0,0,1,0,1,0,1
3058-WQDRE,0,-0.793154928087684,-1.32003957438189,-0.864709750821089,1,0,0,0,1,0,0,0,0,0,0,0,0,0,0,0,0,0,0,0,0,0,1,0,0,0,0
6769-DCQLI,0,0.794368730617482,1.32966538996581,1.3722871855548,1,0,0,1,0,0,1,0,0,0,0,1,0,1,0,1,0,1,0,1,1,0,1,0,0,0,1
4130-MZLCC,0,-1.11880080679644,-0.477177882529272,-0.902951641529301,0,0,0,1,0,0,0,0,0,0,0,1,0,0,0,0,0,0,0,0,0,0,0,0,0,0,0
1951-IEYXM,0,1.60848342738936,0.851822541041487,1.81793034363557,1,1,1,1,0,1,0,0,0,1,0,1,0,1,0,1,0,1,0,1,0,1,1,1,0,0,0
9881-VCZEP,0,-0.304686110024556,-0.359376346856957,-0.407585244381883,0,1,0,1,0,1,0,0,0,0,0,1,0,0,0,0,0,0,0,0,0,0,0,0,1,0,0
6408-OTUBZ,0,1.3642490183578,1.31473280093692,1.96598046472407,0,0,0,1,0,1,1,0,0,1,0,1,0,1,0,1,0,1,0,0,1,0,1,0,0,0,0
8626-XHBIE,0,0.957191669971858,-1.33165381029324,-0.385105510693474,1,0,1,1,0,1,0,1,1,0,1,0,1,0,1,0,1,0,1,0,0,1,1,0,0,1,0
3440-JPSCL,0,-1.07809507195784,1.16208855753054,-0.769961185782833,0,0,0,1,0,0,1,0,0,0,0,0,0,1,0,1,0,1,0,1,0,0,1,0,0,1,1
7131-ZQZNK,0,1.12001460932623,-0.168571042598983,0.565892598077903,0,1,1,0,1,0,0,0,0,1,0,0,0,1,0,1,0,1,0,1,0,1,0,1,0,0,0
7064-FRRSW,1,0.631545791263106,1.13056420291401,1.07263057925911,1,0,0,1,0,1,1,0,0,0,0,1,0,0,0,0,0,1,0,1,1,0,1,0,1,0,0
0285-INHLN,0,-0.223274640347368,-0.337807051593012,-0.347302677283864,1,1,1,1,0,0,0,0,0,1,0,1,0,0,0,0,0,0,0,0,0,0,1,1,0,0,0
1452-UZOSF,0,1.60848342738936,1.36616727425864,2.30385700886305,1,1,1,1,0,1,1,0,0,1,0,1,0,1,0,1,0,1,0,0,0,1,1,1,0,0,0
3038-PQIUY,0,0.224488442877166,0.0404852038054061,0.0970672146309609,0,0,0,1,0,1,0,0,0,1,0,1,0,1,0,0,0,0,0,0,0,0,1,0,0,0,0
2656-TABEH,0,-1.15950654163503,1.17038444032437,-0.825919038489625,1,1,0,1,0,1,1,0,0,0,0,1,0,0,0,0,0,1,0,1,0,0,1,0,1,0,1
1354-YZFNB,0,-1.15950654163503,-1.50586734896357,-0.980203773218278,1,1,1,1,0,0,0,1,1,0,1,0,1,0,1,0,1,0,1,0,0,1,0,1,0,0,0
5197-PYEPU,0,0.387311382231542,0.979579136066392,0.712362112891445,0,1,1,1,0,1,1,0,0,1,0,1,0,0,0,0,0,1,0,0,1,0,1,1,0,0,0
2379-GYFLQ,0,0.550134321585918,0.994511725095277,0.931517563488505,1,0,0,1,0,1,1,0,0,0,0,1,0,1,0,0,0,1,0,0,1,0,1,1,0,0,0
8035-BUYVG,0,0.305899912554354,-0.74928283816673,-0.256791015177115,1,1,0,0,1,0,0,0,0,1,0,1,0,1,0,0,0,0,0,0,1,0,1,0,1,0,1
6341-JVQGF,0,-0.0604517009929918,0.538238171434904,0.107319202553312,0,1,1,1,0,0,0,0,0,1,0,0,0,1,0,1,0,1,0,1,1,0,1,0,0,1,0
8800-ZKRFW,0,-0.101157435831586,1.41262421790405,0.413232375354077,0,1,1,1,0,1,1,0,0,0,0,1,0,1,0,1,0,1,0,1,0,0,1,0,1,0,0
0708-LGSMF,0,-0.793154928087684,0.0305301444528158,-0.614271467698654,1,1,0,1,0,1,0,0,0,1,0,0,0,0,0,0,0,0,0,1,0,0,1,0,1,0,0
3082-WQRVY,1,-0.75244919324909,-1.50254899584604,-0.910020464036789,1,1,0,1,0,0,0,1,1,0,1,0,1,0,1,0,1,0,1,0,1,0,0,0,0,1,0
4815-TUMEQ,0,-0.915272132603466,-1.51416323175739,-0.929097503661035,0,0,0,1,0,0,0,1,1,0,1,0,1,0,1,0,1,0,1,0,1,0,1,0,0,1,0
3280-MRDOF,1,-0.101157435831586,0.13837662077254,-0.0910688378198863,1,0,0,1,0,1,0,0,0,0,0,0,0,1,0,1,0,1,0,0,0,1,1,1,0,0,0
2378-HTWFW,1,0.102371238361384,0.865095953511607,0.386010822840768,1,0,0,1,0,1,1,0,0,1,0,0,0,0,0,0,0,0,0,1,0,0,0,1,0,0,0
1422-DGUBX,0,-0.0197459661543978,0.475189462201834,0.13954600827068,1,1,0,1,0,1,1,0,0,0,0,0,0,0,0,1,0,0,0,0,1,0,1,0,1,0,0
8433-WXGNA,0,-1.24091801131222,0.35738792652952,-0.927341274466628,1,0,0,1,0,0,1,0,0,1,0,0,0,0,0,0,0,0,0,0,0,0,1,0,1,0,1
2878-DHMIN,0,0.102371238361384,-1.49425311305221,-0.717998754493316,1,1,1,1,0,0,0,1,1,0,1,0,1,0,1,0,1,0,1,0,1,0,0,0,1,0,0
7587-AOVVU,0,-0.223274640347368,1.18863538247078,0.216117601146824,1,1,1,1,0,1,1,0,0,1,0,1,0,0,0,1,0,1,0,0,0,0,0,0,1,0,0
6181-AXXYF,0,1.60848342738936,-1.33331298685201,-0.194159491531576,1,1,1,1,0,1,0,1,1,0,1,0,1,0,1,0,1,0,1,0,0,1,0,1,0,0,0
3308-MHOOC,0,-1.28162374615081,-1.51748158487492,-1.00198101522892,1,0,1,1,0,0,0,1,1,0,1,0,1,0,1,0,1,0,1,0,0,0,1,0,0,1,0
3085-QUOZK,0,-1.28162374615081,-0.69618918828625,-0.991114347088531,0,0,0,1,0,0,0,0,0,0,0,0,0,0,0,0,0,0,0,0,0,0,0,0,0,1,1
5223-UZAVK,0,1.28283754868061,1.1737027934419,1.88903567314412,1,0,0,1,0,0,1,0,0,1,0,1,0,0,0,0,0,1,0,1,1,0,1,1,0,0,0
5939-XAIXZ,0,-0.54892051905612,-0.293009284506357,-0.556469574337735,0,0,0,1,0,1,0,0,0,0,0,0,0,1,0,0,0,0,0,0,0,0,1,0,0,1,0
5295-PCJOO,0,-1.15950654163503,-0.515338943380866,-0.929448749499916,1,0,1,1,0,0,0,0,0,1,0,0,0,0,0,0,0,0,0,0,0,0,1,0,1,0,1
6502-MJQAE,0,-1.28162374615081,0.15496838636019,-0.979852527379396,1,0,0,1,0,0,1,0,0,0,0,0,0,0,0,0,0,0,0,0,0,0,1,0,1,0,1
0708-SJDIS,0,0.0616655035227901,0.00232414295381114,-0.0631447936288154,0,0,0,1,0,1,0,0,0,0,0,0,0,0,0,1,0,1,0,0,0,0,0,0,0,1,0
2192-CKRLV,0,1.60848342738936,-0.521975649615926,0.561831318065837,0,1,0,0,1,0,0,0,0,1,0,1,0,1,0,0,0,0,0,1,0,1,1,0,1,0,0
3795-CAWEX,0,1.52707195771217,1.71293517504052,2.56891590002892,1,1,1,1,0,1,1,0,0,1,0,1,0,1,0,1,0,1,0,1,0,1,1,1,0,0,0
5176-OLSKT,0,1.3642490183578,0.065372852186881,0.908379243852193,0,1,0,1,0,1,0,0,0,1,0,1,0,1,0,0,0,0,0,0,0,1,0,0,0,0,0
5440-FLBQG,1,1.48636622287358,1.44248939596183,2.2026982072652,1,1,0,1,0,1,1,0,0,0,0,1,0,1,0,1,0,1,0,1,0,1,1,0,0,0,1
7105-BENQF,0,-0.711743458410496,-0.00265338672248402,-0.59297718871647,1,0,1,1,0,0,0,0,0,1,0,0,0,1,0,0,0,0,0,1,1,0,0,0,0,1,0
8071-SBTRN,0,1.52707195771217,1.5337441066939,2.38681688543384,0,0,0,1,0,1,1,0,0,1,0,1,0,1,0,0,0,1,0,1,0,1,1,0,0,1,0
7996-MHXLW,0,1.3642490183578,-1.32003957438189,-0.271214047436182,0,0,0,1,0,1,0,1,1,0,1,0,1,0,1,0,1,0,1,0,0,1,1,1,0,0,0
9490-DFPMD,1,0.387311382231542,0.654380530548453,0.544444649041208,0,0,0,1,0,1,1,0,0,0,0,0,0,0,0,0,0,1,0,0,0,0,1,0,1,0,1
3191-CSNMG,0,-1.20021227647362,0.523305582406019,-0.90527864521189,0,1,1,1,0,0,1,0,0,0,0,0,0,0,0,0,0,1,0,0,0,0,1,0,1,0,0
7774-OJSXI,0,-0.0604517009929918,1.27823091664409,0.33593633793524,1,0,0,1,0,1,1,0,0,0,0,1,0,1,0,0,0,1,0,1,1,0,1,0,1,0,1
1708-PBBOA,0,0.387311382231542,-0.337807051593012,0.0206931975391875,0,0,0,0,1,0,0,0,0,1,0,1,0,1,0,1,0,0,0,1,1,0,1,0,1,0,0
7938-OUHIO,0,-1.20021227647362,1.12060914356142,-0.881481739627676,1,0,0,1,0,0,1,0,0,0,0,0,0,1,0,1,0,1,0,1,0,0,1,0,1,0,1
9639-BUJXT,0,1.24213181384202,-1.47434299434703,-0.427276964224172,1,0,0,1,0,0,0,1,1,0,1,0,1,0,1,0,1,0,1,0,1,0,0,0,0,1,0
1215-EXRMO,0,0.712957260940294,-1.47268381778827,-0.541651390509926,1,1,0,1,0,0,0,1,1,0,1,0,1,0,1,0,1,0,1,0,0,1,0,0,0,1,0
5875-YPQFJ,0,-1.28162374615081,0.164923445712781,-0.979720810189816,1,0,0,1,0,0,1,0,0,0,0,0,0,0,0,0,0,0,0,0,0,0,1,0,1,0,1
3327-YBAKM,0,1.28283754868061,1.06087878744588,1.76195053806384,0,1,0,1,0,0,1,0,0,1,0,0,0,0,0,1,0,1,0,1,1,0,1,0,0,1,0
3137-NYQQI,0,-0.630331988733308,-0.00431256328124892,-0.494255155125868,1,1,0,1,0,0,0,0,0,1,0,1,0,0,0,0,0,0,0,1,1,0,0,0,0,1,0
5306-BVTKJ,0,0.631545791263106,-0.302964343858947,0.153617794690866,1,1,1,1,0,0,0,0,0,0,0,1,0,1,0,0,0,0,0,0,1,0,1,1,0,0,0
8106-GWQOK,0,0.224488442877166,-0.163593512922688,-0.0474704480687332,1,1,0,0,1,0,0,0,0,1,0,1,0,0,0,1,0,1,0,1,0,1,1,0,0,0,0
6586-PSJOX,0,-0.711743458410496,-0.322874462564127,-0.63082392785594,1,0,1,1,0,0,0,0,0,0,0,0,0,1,0,1,0,0,0,0,1,0,0,1,0,0,0
0369-ZGOVK,0,-0.182568905508774,0.18151521130043,-0.135720965087684,0,1,1,1,0,0,1,0,0,0,0,0,0,0,0,0,0,0,0,0,1,0,1,0,0,0,0
2193-SFWQW,0,1.60848342738936,1.56029093163414,2.51658027003559,1,1,1,1,0,0,1,0,0,1,0,1,0,1,0,1,0,1,0,1,0,1,0,0,0,0,0
5656-MJEFC,0,0.387311382231542,-0.556818357349991,-0.118114767413754,1,1,1,0,1,0,0,0,0,1,0,0,0,1,0,1,0,1,0,0,0,1,0,1,0,0,0
2002-MZHWP,0,-1.28162374615081,-1.47434299434703,-1.00141024074074,0,0,0,1,0,0,0,1,1,0,1,0,1,0,1,0,1,0,1,0,0,0,0,0,0,1,1
4911-BANWH,0,-0.0604517009929918,0.717429239781523,0.173902241886266,0,0,1,1,0,1,1,0,0,0,0,0,0,0,0,0,0,1,0,0,0,0,1,1,0,0,1
8919-FYFQZ,1,0.46872285190873,-1.14748521227033,-0.413424706453287,1,1,0,0,1,0,0,0,0,0,0,1,0,0,0,0,0,0,0,0,0,0,1,0,1,0,1
2450-ZKEED,0,-0.874566397764872,-0.369331406209547,-0.724343132458112,0,0,0,1,0,0,0,0,0,0,0,0,0,1,0,1,0,0,0,0,1,0,0,0,0,0,0
6599-SFQVE,0,-1.07809507195784,-0.329511168799187,-0.860955810918044,0,0,0,1,0,0,0,0,0,0,0,0,0,0,0,0,0,0,0,1,0,0,1,0,1,0,0
6500-JVEGC,0,1.44566048803499,1.20854550117596,2.11161577067027,1,0,0,1,0,1,1,0,0,1,0,1,0,1,0,0,0,1,0,0,1,0,0,0,0,0,0
1599-MMYRQ,0,1.20142607900342,0.548193230787494,1.17743355643534,1,1,1,1,0,0,1,0,0,1,0,1,0,0,0,0,0,0,0,0,1,0,1,1,0,0,0
5519-YLDGW,0,-0.467509049378932,1.29316350567298,-0.0206879528540269,0,1,0,1,0,1,1,0,0,1,0,0,0,1,0,0,0,1,0,1,0,0,1,0,1,0,1
4075-WKNIU,0,-1.32232948098941,0.279406628267565,-0.396839316998606,0,1,1,1,0,1,0,0,0,0,0,1,0,1,0,1,0,1,0,0,0,1,0,0,0,1,0
9965-YOKZB,1,-0.955977867442059,0.627833705608213,-0.66348979087191,1,0,0,1,0,1,1,0,0,0,0,0,0,0,0,0,0,0,0,1,0,0,1,0,1,0,1
6993-YGFJV,0,1.48636622287358,1.58020105033932,2.41708988617244,1,1,0,1,0,1,1,0,0,1,0,1,0,1,0,1,0,1,0,1,0,1,1,0,0,0,0
0750-EKNGL,0,-1.03738933711925,-1.46604711155321,-0.948459930529372,1,0,0,1,0,0,0,1,1,0,1,0,1,0,1,0,1,0,1,0,0,0,0,0,0,1,0
3199-NPKCN,0,1.40495475319639,1.53706245981143,2.28763384167971,0,1,0,1,0,1,1,0,0,1,0,0,0,1,0,1,0,1,0,1,1,0,1,0,1,0,0
5906-CVLHP,0,0.509428586747324,-0.357717170298192,0.00811420593424769,0,1,1,1,0,0,0,0,0,0,0,1,0,0,0,1,0,0,0,0,1,0,1,1,0,0,1
7225-CBZPL,1,-0.630331988733308,0.991193371977746,-0.32376920607881,1,1,0,1,0,1,1,0,0,0,0,0,0,0,0,0,0,1,0,1,0,0,1,0,1,0,0
1293-HHSHJ,0,0.102371238361384,-1.45443287564185,-0.685069457098186,0,0,0,1,0,0,0,1,1,0,1,0,1,0,1,0,1,0,1,0,1,0,0,0,0,1,0
4140-MUHUG,1,-1.20021227647362,0.727384299134113,-0.913401205236023,0,0,0,1,0,0,1,0,0,0,0,0,0,1,0,0,0,1,0,0,0,0,1,0,1,0,1
7858-GTZSP,0,-0.833860662926278,0.717429239781523,-0.541980683483877,0,0,0,1,0,1,1,0,0,0,0,0,0,0,0,0,0,0,0,1,0,0,1,0,1,0,0
6345-HOVES,0,0.0616655035227901,-1.32335792749942,-0.636026756844371,1,0,0,0,1,0,0,0,0,0,0,0,0,0,0,0,0,0,0,0,0,0,1,0,0,0,0
5285-MVEHD,0,0.957191669971858,1.34957550867099,1.65407415979739,0,1,0,1,0,0,1,0,0,1,0,1,0,1,0,0,0,1,0,1,1,0,1,1,0,0,0
0187-QSXOE,1,-1.03738933711925,0.798728891161007,-0.744583673923652,1,1,0,1,0,0,1,0,0,0,0,0,0,0,0,0,0,1,0,1,0,0,1,0,1,0,0
2712-SYWAY,0,-1.28162374615081,-1.30178863223547,-0.999127142788013,0,0,0,1,0,1,0,1,1,0,1,0,1,0,1,0,1,0,1,0,0,0,1,0,1,0,0
9504-YAZWB,0,0.835074465456076,-1.48263887714086,-0.550081290643079,0,0,0,1,0,0,0,1,1,0,1,0,1,0,1,0,1,0,1,0,0,1,0,0,0,1,0
7789-HKSBS,1,0.387311382231542,1.33630209620086,1.00887945950213,0,1,0,1,0,1,1,0,0,1,0,0,0,1,0,0,0,1,0,1,1,0,1,0,0,0,0
0750-EBAIU,0,0.794368730617482,0.873391836305432,1.06997428260257,1,0,0,1,0,0,1,0,0,1,0,0,0,1,0,0,0,1,0,0,1,0,0,0,1,0,0
6650-BWFRT,0,1.60848342738936,1.7328452937457,2.7345283130615,0,1,0,1,0,1,1,0,0,1,0,1,0,1,0,1,0,1,0,1,0,1,1,1,0,0,0
2933-FILNV,0,-1.24091801131222,-1.34492722276336,-0.994363371098184,0,1,1,0,1,0,0,0,0,0,0,0,0,0,0,0,0,0,0,0,0,0,1,0,0,1,1
3420-YJLQT,0,-1.24091801131222,0.485144521554424,-0.943783970299263,0,0,0,1,0,1,1,0,0,0,0,1,0,0,0,0,0,0,0,0,0,0,0,0,1,0,0
5811-IWXYM,0,0.794368730617482,1.20522714805843,1.31707573025563,0,1,1,1,0,1,1,0,0,0,0,0,0,1,0,0,0,1,0,1,1,0,0,0,0,0,0
9575-IWCAZ,0,-1.07809507195784,-1.32169875094065,-0.93533211730118,1,1,0,1,0,1,0,1,1,0,1,0,1,0,1,0,1,0,1,0,1,0,0,0,0,1,0
8513-OLYGY,0,1.60848342738936,1.68804752665904,2.64788035518244,1,1,0,1,0,1,1,0,0,1,0,1,0,1,0,1,0,1,0,1,0,1,0,1,0,0,0
3988-RQIXO,1,-1.28162374615081,0.875051012864197,-0.970324983999738,0,0,0,1,0,0,1,0,0,0,0,0,0,0,0,0,0,1,0,1,0,0,1,0,1,0,1
5013-SBUIH,0,0.712957260940294,1.48396880993095,1.42686200777099,0,0,0,1,0,1,1,0,0,1,0,1,0,0,0,1,0,1,0,1,0,1,1,0,1,0,1
5680-LQOGP,0,1.44566048803499,0.581376761962794,1.46877002692253,0,0,0,1,0,0,0,0,0,1,0,1,0,1,0,1,0,1,0,1,0,1,1,1,0,0,0
1447-GIQMR,0,-1.28162374615081,0.140035797331306,-0.980050103163767,1,1,0,1,0,0,1,0,0,0,0,0,0,0,0,0,0,0,0,0,0,0,1,0,1,0,1
3043-TYBNO,0,-1.20021227647362,-0.142024217658743,-0.923960533267394,1,0,0,1,0,0,0,0,0,0,0,0,0,0,0,1,0,0,0,1,0,0,0,0,0,1,0
1353-GHZOS,0,-0.426803314540338,-0.171889395716513,-0.406992517028771,1,1,0,1,0,0,0,0,0,1,0,0,0,0,0,0,0,1,0,0,1,0,1,0,0,0,0
9488-FVZCC,0,1.60848342738936,0.483485344995659,1.47539979213142,0,1,1,1,0,1,0,0,0,1,0,1,0,1,0,1,0,0,0,1,0,1,1,0,0,0,0
1813-JLKWR,0,1.28283754868061,-1.49757146616974,-0.423544977186057,0,1,1,1,0,0,0,1,1,0,1,0,1,0,1,0,1,0,1,0,1,0,0,0,0,0,0
7435-ZNUYY,0,-1.07809507195784,-1.4710246412295,-0.959216834345115,1,0,0,1,0,0,0,1,1,0,1,0,1,0,1,0,1,0,1,0,1,0,0,0,0,1,0
2181-TIDSV,0,1.44566048803499,-1.49259393649345,-0.438209490959355,1,1,1,1,0,0,0,1,1,0,1,0,1,0,1,0,1,0,1,0,0,1,1,0,0,0,0
9821-BESNZ,0,1.3642490183578,1.30477774158433,2.00178558742505,1,0,0,1,0,1,1,0,0,0,0,1,0,0,0,1,0,1,0,1,1,0,1,0,1,0,0
9885-CSMWE,1,-1.28162374615081,0.448642637261594,-0.975966870286771,0,0,0,1,0,0,1,0,0,0,0,0,0,0,0,0,0,1,0,0,0,0,0,0,1,0,1
2990-HWIML,0,-1.07809507195784,0.815320656748657,-0.758699366073698,0,0,0,1,0,0,1,0,0,0,0,0,0,0,0,0,0,1,0,1,0,0,1,0,1,0,1
2055-PDADH,1,-1.20021227647362,0.18151521130043,-0.920535886338301,0,0,0,1,0,0,1,0,0,0,0,0,0,0,0,0,0,0,0,0,0,0,1,0,1,0,1
4374-YMUSQ,0,0.0616655035227901,1.70298011568793,0.701495444751052,1,0,0,1,0,1,1,0,0,1,0,1,0,1,0,1,0,1,0,1,1,0,0,1,0,0,0
9933-QRGTX,0,1.12001460932623,1.07083384679847,1.45346888006626,0,1,0,1,0,0,1,0,0,1,0,0,0,0,0,1,0,1,0,1,0,1,1,0,1,0,0
4572-DVCGN,0,-0.915272132603466,0.508372993377134,-0.638968440745002,0,0,0,1,0,0,1,0,0,0,0,0,0,0,0,0,0,0,0,1,0,0,1,0,0,0,1
6770-UAYGJ,0,0.6722515261017,-1.31672122126436,-0.478427139511275,0,1,1,1,0,1,0,1,1,0,1,0,1,0,1,0,1,0,1,0,0,1,0,0,0,1,0
7445-WMRBW,0,0.631545791263106,0.295998393855214,0.562028893850208,0,0,0,1,0,1,0,0,0,0,0,1,0,1,0,1,0,1,0,0,1,0,1,0,0,0,0
9796-MVYXX,1,-0.75244919324909,-0.837219195781275,-0.70642959467516,0,0,0,0,1,0,0,0,0,1,0,0,0,1,0,1,0,0,0,0,0,1,0,0,0,1,0
6952-OMNWB,1,1.44566048803499,0.511691346494664,1.44361204371265,1,1,0,1,0,1,1,0,0,0,0,0,0,1,0,0,0,0,0,0,0,0,1,1,0,0,0
7041-TXQJH,0,0.183782708038572,-0.820627430193625,-0.361111029324889,0,0,0,0,1,0,0,0,0,0,0,0,0,1,0,0,0,0,0,1,0,0,1,1,0,0,0
3655-SNQYZ,0,1.48636622287358,1.60342952216203,2.45601231569348,0,1,1,1,0,1,1,0,0,1,0,1,0,1,0,1,0,1,0,1,0,1,0,1,0,0,0
0458-HEUZG,0,-0.793154928087684,-0.979908379835064,-0.812659508071852,0,0,0,0,1,0,0,0,0,0,0,0,0,1,0,1,0,0,0,0,0,1,0,0,0,1,0
4801-KFYKL,0,-0.996683602280654,-1.5091857020811,-0.94051299342468,1,0,1,1,0,0,0,1,1,0,1,0,1,0,1,0,1,0,1,0,0,0,0,0,0,0,0
5924-IFQTT,0,-0.793154928087684,0.26115568612115,-0.602065674797526,1,1,1,1,0,1,0,0,0,0,0,1,0,1,0,1,0,1,0,0,0,0,1,0,1,0,0
7633-MVPUY,0,0.997897404810452,-0.171889395716513,0.504402623408729,1,1,0,1,0,0,0,0,0,1,0,1,0,0,0,1,0,0,0,0,0,1,1,0,1,0,0
1775-KWJKQ,0,1.60848342738936,0.826934892660012,1.87107822963131,1,1,1,1,0,1,0,0,0,1,0,1,0,1,0,1,0,1,0,1,0,1,0,1,0,0,0
2005-DWQZJ,0,-0.996683602280654,-1.52245911455122,-0.921853058234106,0,1,1,1,0,0,0,1,1,0,1,0,1,0,1,0,1,0,1,0,0,1,0,0,0,1,0
7284-ZZLOH,0,0.509428586747324,-0.385923171797197,-0.00222559344782346,1,1,0,1,0,0,0,0,0,1,0,0,0,1,0,0,0,0,0,0,0,1,0,1,0,0,0
8706-HRADD,0,-0.467509049378932,-0.709462600756371,-0.566304457826414,1,0,0,0,1,0,0,0,0,1,0,0,0,0,0,1,0,1,0,0,0,0,1,0,0,1,0
7074-STDCN,0,0.26519417771576,-0.807354017723505,-0.354239782601772,1,0,0,0,1,0,0,0,0,0,0,0,0,0,0,1,0,0,0,1,0,0,1,0,1,0,0
9578-FOMUK,0,-0.711743458410496,-1.33165381029324,-0.868090492020322,1,0,1,1,0,1,0,1,1,0,1,0,1,0,1,0,1,0,1,0,0,0,1,0,1,0,0
0757-WCUUZ,0,0.87578020029467,-0.0524286834854336,0.486379321301127,1,1,1,1,0,1,0,0,0,0,0,0,0,1,0,0,0,0,0,1,0,1,0,1,0,0,0
3428-MMGUB,0,1.12001460932623,0.816979833307422,1.28638562508336,1,0,0,1,0,1,1,0,0,0,0,0,0,1,0,0,0,1,0,0,0,1,1,0,1,0,0
2737-WFVYW,0,-1.24091801131222,-0.653050597758361,-0.972871516331629,0,0,0,0,1,0,0,0,0,0,0,0,0,0,0,0,0,1,0,1,0,0,1,0,1,0,1
9469-WEJBT,0,0.183782708038572,0.843526658247662,0.490857705746865,1,1,0,1,0,0,1,0,0,0,0,0,0,1,0,1,0,0,0,1,0,0,1,0,1,0,0
1202-KKGFU,0,-0.833860662926278,-0.356057993739427,-0.707241850677574,0,1,0,1,0,0,0,0,0,1,0,0,0,0,0,1,0,0,0,0,0,0,0,0,0,0,0
1552-AAGRX,0,-0.101157435831586,1.37612233361122,0.399797222016863,0,0,0,1,0,1,1,0,0,1,0,0,0,0,0,1,0,1,0,1,0,0,0,0,0,0,0
1548-FEHVL,0,1.16072034416483,1.36948562737617,1.78866717468376,1,1,0,1,0,1,1,0,0,1,0,1,0,0,0,0,0,1,0,1,0,0,1,0,1,0,0
8204-YJCLA,1,1.60848342738936,-0.00431256328124892,1.06736189167588,1,1,1,0,1,0,0,0,0,1,0,1,0,1,0,1,0,1,0,1,0,1,1,0,0,0,0
6469-MRVET,0,-1.28162374615081,-1.48429805369962,-1.00154195793032,1,1,1,1,0,0,0,1,1,0,1,0,1,0,1,0,1,0,1,0,1,0,1,0,1,0,0
4083-BFNYK,1,0.224488442877166,0.997830078212806,0.566353608241435,0,1,0,1,0,1,1,0,0,1,0,1,0,0,0,0,0,0,0,1,1,0,0,1,0,0,0
4923-ADWXJ,0,-0.304686110024556,0.0288709678940509,-0.272948323765659,0,0,0,1,0,0,0,0,0,0,0,1,0,0,0,1,0,0,0,1,0,0,1,0,0,0,0
4565-NLZBV,0,1.56777769255077,-1.33663133996954,-0.259557076158305,0,1,0,1,0,1,0,1,1,0,1,0,1,0,1,0,1,0,1,0,0,1,1,0,0,0,0
5260-UMPWX,0,-0.263980375185962,-1.48263887714086,-0.793538562717746,0,1,1,1,0,0,0,1,1,0,1,0,1,0,1,0,1,0,1,0,0,0,1,1,0,0,0
5626-MGTUK,0,-0.508214784217526,0.802047244278537,-0.185312486964751,0,0,0,1,0,1,1,0,0,1,0,0,0,0,0,0,0,1,0,0,0,0,1,0,0,0,0
1481-ZUWZA,0,-0.182568905508774,0.981238312625156,0.1572180645394,1,0,0,1,0,1,1,0,0,1,0,1,0,0,0,0,0,0,0,1,0,0,1,1,0,0,1
1855-AGAWH,0,-0.0604517009929918,0.958009840802447,0.280329731067329,1,1,0,1,0,0,1,0,0,0,0,0,0,1,0,0,0,1,0,1,1,0,1,0,1,0,0
5959-BELXA,1,-0.0197459661543978,1.0359911390644,0.315212833441237,1,0,0,1,0,1,1,0,0,0,0,0,0,0,0,0,0,1,0,1,0,0,1,1,0,0,1
8066-POXGX,0,-0.793154928087684,-0.989863439187654,-0.81454745445584,0,0,0,0,1,0,0,0,0,0,0,0,0,0,0,0,0,0,0,1,0,0,1,0,1,0,1
7610-TVOPG,0,-0.711743458410496,-1.28021933697153,-0.844183822111458,1,0,0,1,0,1,0,1,1,0,1,0,1,0,1,0,1,0,1,0,0,0,1,0,1,0,0
0343-QLUZP,0,1.12001460932623,-0.840537548898805,0.0540835050978502,1,0,0,0,1,0,0,0,0,1,0,1,0,1,0,0,0,0,0,0,0,1,0,0,0,0,0
0925-VYDLG,0,-1.20021227647362,0.342455337500635,-0.904159049100456,0,0,0,1,0,1,1,0,0,0,0,0,0,0,0,0,0,0,0,0,0,0,0,0,1,0,1
0931-MHTEM,0,0.87578020029467,1.16540691064807,1.31643909717265,0,0,0,1,0,0,1,0,0,1,0,1,0,0,0,0,0,1,0,1,1,0,1,1,0,0,0
1407-DIGZV,0,-1.20021227647362,-1.52079993799245,-0.987579935834787,0,1,1,1,0,0,0,1,1,0,1,0,1,0,1,0,1,0,1,0,0,1,0,0,0,1,0
3627-FCRDW,0,-0.955977867442059,0.20142533000561,-0.715122929187475,0,0,0,1,0,0,1,0,0,0,0,0,0,0,0,0,0,0,0,0,0,0,0,0,1,0,1
9874-QLCLH,0,-0.630331988733308,1.30311856502557,-0.244914515249937,0,1,1,1,0,1,1,0,0,1,0,0,0,1,0,0,0,1,0,1,0,0,1,0,1,0,1
3500-RMZLT,1,-0.711743458410496,1.0409686687407,-0.38398591458204,0,0,0,1,0,0,1,0,0,1,0,0,0,1,0,1,0,0,0,1,0,0,1,0,0,1,1
3129-AAQOU,0,-0.54892051905612,-1.305106985353,-0.79707297397149,0,1,1,1,0,1,0,1,1,0,1,0,1,0,1,0,1,0,1,0,0,1,0,0,0,1,0
4952-YSOGZ,0,-1.15950654163503,0.697519121076343,-0.842998367405233,0,1,1,1,0,1,1,0,0,0,0,0,0,0,0,0,0,0,0,1,0,0,1,0,1,0,1
5919-TMRGD,0,-1.28162374615081,0.478507815319364,-0.975571718718029,0,0,1,1,0,0,1,0,0,0,0,0,0,0,0,0,0,1,0,0,0,0,1,0,1,0,1
7722-VJRQD,0,1.60848342738936,-0.132069158306153,0.986882688842185,1,1,1,0,1,0,0,0,0,1,0,0,0,1,0,1,0,1,0,1,0,1,0,0,0,0,0
2519-TWKFS,0,-0.304686110024556,-0.326192815681657,-0.366709009882061,1,1,1,1,0,1,0,0,0,0,0,0,0,0,0,1,0,0,0,0,1,0,1,0,0,1,0
5928-QLDHB,0,-0.955977867442059,0.375638868675934,-0.709722524414674,1,0,0,1,0,1,1,0,0,0,0,0,0,0,0,0,0,0,0,0,0,0,1,0,1,0,0
2732-ISEZX,0,-1.11880080679644,-1.47434299434703,-0.964617239117916,0,0,0,1,0,0,0,1,1,0,1,0,1,0,1,0,1,0,1,0,0,0,1,0,0,1,0
2683-JXWQQ,0,1.16072034416483,-1.0396387359506,-0.0808388027624658,1,1,1,0,1,0,0,0,0,1,0,0,0,1,0,0,0,0,0,0,0,0,0,0,0,0,0
5678-VFNEQ,0,1.56777769255077,1.29980021190803,2.2439915461987,0,1,0,1,0,1,1,0,0,1,0,0,0,1,0,0,0,1,0,1,1,0,1,1,0,0,0
7293-LSCDV,0,1.12001460932623,-1.51582240831616,-0.526020950679704,0,1,1,1,0,0,0,1,1,0,1,0,1,0,1,0,1,0,1,0,0,1,1,1,0,0,0
0412-UCCNP,0,0.916485935133264,-0.190140337862928,0.38396920640227,1,0,0,1,0,0,0,0,0,1,0,0,0,1,0,1,0,0,0,0,0,1,1,0,1,0,0
4667-QONEA,1,1.12001460932623,0.329181925030514,0.946182077261804,0,1,1,1,0,0,0,0,0,1,0,1,0,1,0,1,0,0,0,1,1,0,1,1,0,0,0
6635-MYYYZ,0,-0.101157435831586,0.677609002371163,0.100579673019775,0,0,0,1,0,0,0,0,0,1,0,1,0,1,0,1,0,1,0,1,1,0,0,0,0,0,1
9158-VCTQB,0,0.346605647392948,1.61504375807338,1.00703541884801,0,1,0,1,0,1,1,0,0,1,0,1,0,1,0,1,0,1,0,1,0,0,1,0,0,0,1
1877-HKBQX,0,-0.874566397764872,-0.342784581269307,-0.73913936342099,0,0,0,1,0,0,0,0,0,1,0,0,0,0,0,1,0,0,0,0,1,0,1,0,0,1,0
7657-DYEPJ,1,0.224488442877166,0.173219328506606,0.0860688293009872,1,0,0,1,0,0,0,0,0,0,0,1,0,1,0,1,0,1,0,0,1,0,1,1,0,0,1
3798-EPWRR,1,-1.24091801131222,-0.69618918828625,-0.973047139251069,0,0,0,1,0,0,0,0,0,0,0,0,0,0,0,0,0,0,0,0,0,0,0,0,1,0,0
3133-PZNSR,0,1.60848342738936,1.08908478894488,2.05930209354187,1,1,1,1,0,1,1,0,0,1,0,1,0,0,0,1,0,0,0,1,0,1,1,1,0,0,0
0580-PIQHM,0,0.346605647392948,1.21684138396978,0.715325749657007,0,1,1,1,0,1,1,0,0,1,0,1,0,1,0,0,0,0,0,1,1,0,1,0,0,0,0
8149-RSOUN,0,-1.28162374615081,0.959669017361211,-0.969205387888304,0,0,0,1,0,1,1,0,0,0,0,0,0,0,0,0,0,1,0,1,0,0,1,0,1,0,1
2410-CIYFZ,0,-1.24091801131222,-1.47766134746456,-0.991575357252063,1,0,1,1,0,0,0,1,1,0,1,0,1,0,1,0,1,0,1,0,0,0,0,0,0,1,0
6467-CHFZW,0,0.590840056424512,1.14217843882536,1.07473805429239,1,1,1,1,0,1,1,0,0,0,0,1,0,0,0,0,0,1,0,1,0,0,1,0,1,0,1
0094-OIFMO,1,-0.874566397764872,0.997830078212806,-0.518535023738544,0,0,0,1,0,0,1,0,0,0,0,1,0,0,0,0,0,1,0,1,0,0,1,0,1,0,1
7365-BVCJH,0,-1.28162374615081,-1.34492722276336,-0.999697917276195,1,0,0,0,1,0,0,0,0,0,0,0,0,0,0,0,0,0,0,0,0,0,1,0,1,0,0
1257-SXUXQ,0,-1.11880080679644,-1.5091857020811,-0.972630034817398,1,1,1,1,0,0,0,1,1,0,1,0,1,0,1,0,1,0,1,0,0,0,0,0,0,1,0
4611-ANLQC,0,1.12001460932623,-0.493769648116922,0.267904409516899,0,1,0,0,1,0,0,0,0,1,0,1,0,1,0,0,0,0,0,1,1,0,0,0,1,0,0
2817-LVCPP,0,0.712957260940294,-1.51084487863986,-0.560838194458822,0,0,0,1,0,0,0,1,1,0,1,0,1,0,1,0,1,0,1,0,0,1,0,1,0,0,0
0880-FVFWF,0,0.957191669971858,0.712451710105228,1.15080473127515,1,0,0,1,0,1,1,0,0,1,0,1,0,0,0,0,0,0,0,0,0,0,1,0,1,0,0
1193-RTSLK,0,0.224488442877166,0.629492882166978,0.409324765396521,0,0,0,1,0,0,1,0,0,1,0,1,0,1,0,0,0,0,0,0,0,0,1,1,0,0,1
4176-FXYBO,0,0.87578020029467,1.48065045681342,1.67615874191706,1,1,0,1,0,1,1,0,0,1,0,1,0,1,0,0,0,1,0,1,0,0,0,0,1,0,0
1899-VXWXM,0,0.631545791263106,1.36616727425864,1.22122952197087,1,0,0,1,0,1,1,0,0,0,0,1,0,1,0,0,0,1,0,1,1,0,1,1,0,0,1
0697-ZMSWS,0,-1.15950654163503,0.687564061723753,-0.861614396865947,1,0,0,1,0,1,1,0,0,0,0,0,0,0,0,0,0,0,0,1,0,0,1,0,1,0,1
1746-TGTWV,0,-1.28162374615081,0.345773690618164,-0.977327947912436,1,1,0,1,0,0,1,0,0,0,0,0,0,1,0,0,0,0,0,0,0,0,0,1,0,0,0
6030-REHUX,1,-0.182568905508774,1.52378904734131,0.39650429227735,0,1,0,1,0,1,1,0,0,0,0,1,0,1,0,1,0,1,0,1,0,0,1,0,1,0,0
5138-WVKYJ,0,-0.915272132603466,1.11563161388512,-0.567599676857289,1,0,0,1,0,1,1,0,0,1,0,0,0,0,0,0,0,1,0,1,0,0,0,0,1,0,1
4685-TFLLS,0,-0.589626253894714,-1.49757146616974,-0.860121602050701,1,1,1,1,0,0,0,1,1,0,1,0,1,0,1,0,1,0,1,0,1,0,0,0,0,0,0
8466-PZBLH,0,1.40495475319639,1.31639197749568,2.01282787848488,1,1,1,1,0,1,1,0,0,1,0,0,0,0,0,1,0,1,0,1,0,1,0,0,0,0,0
2446-PLQVO,0,-1.28162374615081,0.1781968581829,-0.979545187270375,1,0,0,1,0,0,1,0,0,0,0,0,0,0,0,0,0,0,0,0,0,0,1,0,1,0,1
7113-HIPFI,0,1.3642490183578,0.0305301444528158,0.788428789874197,1,1,1,1,0,0,0,0,0,1,0,1,0,1,0,1,0,0,0,0,0,1,0,0,0,1,0
6439-LAJXL,0,-0.955977867442059,0.133399091096246,-0.749676738587432,1,1,0,1,0,0,0,0,0,1,0,1,0,0,0,1,0,1,0,0,0,0,1,0,0,1,0
2898-MRKPI,0,1.44566048803499,1.19859044182337,1.96222652482103,1,1,1,1,0,1,1,0,0,0,0,1,0,0,0,0,0,1,0,1,1,0,1,1,0,0,0
3585-YNADK,0,0.997897404810452,0.320886042236689,0.907808469364011,0,1,0,1,0,1,0,0,0,0,0,1,0,1,0,1,0,1,0,0,1,0,0,0,0,0,0
6692-UDPJC,0,-0.75244919324909,0.886665248775552,-0.439197369881209,0,1,1,1,0,1,1,0,0,0,0,0,0,0,0,1,0,1,0,0,0,0,1,0,1,0,1
4868-AADLV,1,1.3642490183578,1.70298011568793,2.44156733056948,1,1,1,1,0,1,1,0,0,1,0,1,0,1,0,1,0,1,0,1,1,0,1,0,1,0,0
1970-KKFWL,0,0.102371238361384,-1.38142910705619,-0.660438342646628,0,0,0,1,0,1,0,1,1,0,1,0,1,0,1,0,1,0,1,0,0,1,0,0,0,0,0
7576-OYWBN,1,-1.20021227647362,0.369002162440874,-0.908637433546193,1,0,0,1,0,1,1,0,0,0,0,0,0,0,0,0,0,0,0,0,0,0,1,0,1,0,1
0661-WCQNQ,0,-0.426803314540338,-0.288031754830062,-0.443061074108904,1,1,0,1,0,0,0,0,0,1,0,0,0,0,0,1,0,0,0,0,1,0,1,1,0,0,0
5177-RVZNU,0,0.183782708038572,-1.48097970058209,-0.67874703199832,0,0,1,1,0,0,0,1,1,0,1,0,1,0,1,0,1,0,1,0,1,0,0,0,0,0,0
9717-IOAAF,0,-0.223274640347368,-1.29681110255918,-0.664192282549673,1,0,1,1,0,1,0,1,1,0,1,0,1,0,1,0,1,0,1,0,0,1,1,1,0,0,0
4625-EWPTF,0,-0.996683602280654,-1.1441668591528,-0.910986390093713,1,0,0,0,1,0,0,0,0,1,0,0,0,0,0,0,0,0,0,0,0,0,1,0,1,0,1
3768-VHXQO,0,1.40495475319639,-1.32999463373448,-0.315163683026216,1,1,0,1,0,1,0,1,1,0,1,0,1,0,1,0,1,0,1,0,0,1,0,1,0,0,0
4307-KTUMW,0,0.835074465456076,0.961328193919977,1.19769605076581,1,1,0,1,0,1,1,0,0,1,0,0,0,1,0,0,0,0,0,1,0,0,0,0,1,0,1
8265-HKSOW,0,1.60848342738936,1.41096504134529,2.35202159451966,0,1,1,1,0,1,1,0,0,1,0,1,0,1,0,1,0,0,0,1,0,1,0,1,0,0,0
5442-UTCVD,0,-1.20021227647362,0.893301955010612,-0.8975512367565,1,0,1,1,0,1,1,0,0,0,0,0,0,1,0,0,0,0,0,1,0,0,0,0,1,0,1
0311-QYWSS,0,-1.07809507195784,-0.513679766822101,-0.872283489221969,0,0,0,1,0,0,0,0,0,1,0,0,0,0,0,0,0,0,0,0,0,0,1,0,1,0,0
3841-NFECX,1,1.56777769255077,1.04262784529946,1.96066787141099,0,1,0,1,0,1,1,0,0,1,0,1,0,1,0,1,0,0,0,0,0,1,1,1,0,0,0
8857-CUPFQ,0,1.24213181384202,-1.51582240831616,-0.467011649747629,1,1,0,1,0,0,0,1,1,0,1,0,1,0,1,0,1,0,1,0,0,1,0,0,0,1,0
7055-VKGDA,0,0.87578020029467,1.34293880243593,1.467365043567,1,0,0,1,0,0,1,0,0,1,0,1,0,0,0,1,0,1,0,1,1,0,1,1,0,0,1
0082-LDZUE,0,-1.28162374615081,-0.684574952374896,-0.99096067703402,1,0,0,1,0,0,0,0,0,0,0,0,0,0,0,0,0,0,0,0,0,0,1,0,0,1,0
9500-IWPXQ,0,1.16072034416483,0.480166991878129,1.10608674541256,0,1,1,1,0,1,0,0,0,1,0,1,0,1,0,1,0,0,0,1,1,0,1,0,1,0,0
4770-QAZXN,0,-0.793154928087684,-1.5091857020811,-0.908505716356613,0,0,0,1,0,0,0,1,1,0,1,0,1,0,1,0,1,0,1,0,0,0,0,1,0,0,0
9092-GDZKO,0,-0.426803314540338,-1.32999463373448,-0.793780044231977,1,0,0,1,0,1,0,1,1,0,1,0,1,0,1,0,1,0,1,0,0,0,1,1,0,0,0
5144-PQCDZ,0,-1.15950654163503,-1.49259393649345,-0.984396770419924,1,0,0,1,0,0,0,1,1,0,1,0,1,0,1,0,1,0,1,0,0,0,1,0,0,1,0
5989-OMNJE,0,-0.34539184486315,-0.243233987743408,-0.409890295199543,0,1,1,0,1,0,0,0,0,1,0,1,0,1,0,0,0,1,0,1,1,0,0,0,1,0,0
4782-OSFXZ,1,1.56777769255077,0.589672644756618,1.54982000424441,0,1,0,1,0,1,0,0,0,1,0,1,0,1,0,1,0,0,0,1,0,1,1,0,0,0,0
4853-RULSV,0,1.52707195771217,1.2964818587905,2.17282035809535,1,0,0,1,0,1,1,0,0,1,0,0,0,0,0,1,0,1,0,1,0,1,1,1,0,0,1
8922-LIEGH,1,-0.304686110024556,0.821957362983717,-0.0499511218058329,0,0,0,1,0,1,1,0,0,0,0,1,0,0,0,0,0,0,0,1,0,0,1,0,1,0,1
2091-GPPIQ,0,1.60848342738936,0.465234402849244,1.50545326422071,0,1,1,1,0,1,0,0,0,0,0,1,0,0,0,1,0,1,0,1,0,1,1,0,1,0,0
8051-HJRLT,1,-1.28162374615081,0.186492740976725,-0.979435422945725,0,0,0,1,0,0,1,0,0,0,0,0,0,0,0,0,0,0,0,0,0,0,1,0,1,0,1
1091-SOZGA,0,0.957191669971858,1.15711102785425,1.41118766221091,0,1,1,1,0,1,1,0,0,0,0,0,0,1,0,0,0,1,0,1,1,0,1,1,0,0,0
0479-HMSWA,0,-0.263980375185962,1.34459797899469,0.181761367531237,0,0,1,1,0,0,1,0,0,0,0,1,0,1,0,1,0,1,0,1,0,1,1,0,1,0,0
8627-ZYGSZ,0,0.590840056424512,0.463575226290479,0.592301894588798,1,1,0,1,0,1,1,0,0,0,0,1,0,0,0,0,0,0,0,0,1,0,1,0,1,0,0
3259-KNMRR,1,0.997897404810452,0.491781227789484,0.938213187292182,1,0,0,1,0,1,0,0,0,0,0,1,0,1,0,0,0,1,0,1,0,1,1,0,0,0,0
6439-PKTRR,0,1.52707195771217,0.523305582406019,1.45619103531759,0,1,1,1,0,1,0,0,0,1,0,1,0,1,0,1,0,1,0,0,0,1,0,0,1,0,0
3520-FJGCV,0,1.60848342738936,1.58186022689808,2.55765408031978,1,1,1,1,0,1,1,0,0,1,0,1,0,1,0,1,0,1,0,1,0,1,1,1,0,0,0
8040-MNRTF,0,-1.28162374615081,0.20474368312314,-0.979193941431494,0,0,0,1,0,0,1,0,0,0,0,0,0,0,0,0,0,0,0,0,0,0,0,0,0,1,0
4323-ELYYB,0,-0.793154928087684,-1.49093475993468,-0.914454942752667,1,1,1,1,0,0,0,1,1,0,1,0,1,0,1,0,1,0,1,0,1,0,0,0,0,1,0
3927-NLNRY,0,0.835074465456076,0.972942429831332,1.12689806136628,1,1,0,1,0,0,1,0,0,0,0,1,0,0,0,0,0,1,0,1,1,0,1,0,0,0,1
6047-SUHPR,0,0.26519417771576,-0.170230219157748,0.0186735339656195,1,1,1,1,0,0,0,0,0,1,0,1,0,1,0,0,0,0,0,0,1,0,0,0,1,0,0
5134-IKDAY,0,-1.28162374615081,0.16160509259525,-0.979764715919676,0,1,1,1,0,0,1,0,0,0,0,0,0,0,0,0,0,0,0,0,0,0,1,0,1,0,1
9076-AXYIK,1,1.28283754868061,1.23343314955744,1.86034327868049,1,1,0,1,0,1,1,0,0,0,0,0,0,1,0,1,0,1,0,1,0,1,0,0,1,0,0
2573-GYRUU,1,0.631545791263106,0.866755130070372,0.908598772501494,1,1,0,1,0,1,1,0,0,0,0,0,0,1,0,0,0,0,0,1,0,0,1,1,0,0,0
4729-XKASR,0,-1.28162374615081,-1.33331298685201,-0.999544247221685,1,0,1,0,1,0,0,0,0,0,0,0,0,0,0,0,0,0,0,0,0,0,0,0,1,0,1
2868-MZAGQ,0,-1.28162374615081,0.475189462201834,-0.97561562444789,1,0,0,1,0,0,1,0,0,0,0,0,0,0,0,0,0,0,0,1,0,0,1,0,1,0,1
7216-EWTRS,1,-1.28162374615081,1.19029455902955,-0.966153939663022,0,1,0,1,0,1,1,0,0,0,0,0,0,1,0,0,0,1,0,1,0,0,1,0,1,0,1
6908-VVYHM,0,1.3235432835192,0.853481717600252,1.59363792264486,1,1,0,1,0,1,1,0,0,0,0,1,0,0,0,0,0,0,0,1,0,0,1,0,1,0,0
9714-EDSUC,0,-1.15950654163503,0.994511725095277,-0.852108806351219,1,0,0,1,0,0,1,0,0,1,0,1,0,0,0,1,0,0,0,1,0,0,1,0,0,1,0
3807-BPOMJ,0,0.916485935133264,0.989534195418981,1.30609929779058,0,1,0,1,0,0,1,0,0,1,0,0,0,0,0,0,0,1,0,1,1,0,1,0,1,0,0
5724-BIDBU,0,0.6722515261017,-0.317896932887832,0.146044056289985,1,1,0,1,0,1,0,0,0,1,0,0,0,0,0,0,0,0,0,0,1,0,1,0,1,0,0
2484-DGXPZ,0,-0.0604517009929918,-1.50586734896357,-0.721094108448459,0,1,1,1,0,0,0,1,1,0,1,0,1,0,1,0,1,0,1,0,0,0,1,0,0,1,1
1488-PBLJN,0,1.60848342738936,1.72289023439311,2.71178514499393,0,1,1,1,0,1,1,0,0,1,0,1,0,1,0,1,0,1,0,1,0,1,1,0,0,0,0
9647-ERGBE,0,-0.101157435831586,1.16540691064807,0.327023474773624,0,1,1,1,0,1,1,0,0,0,0,0,0,1,0,0,0,1,0,1,0,0,1,0,1,0,1
6034-ZRYCV,0,1.60848342738936,-0.356057993739427,0.718355245017358,0,1,0,0,1,0,0,0,0,0,0,1,0,1,0,0,0,1,0,1,0,1,1,0,1,0,1
5141-ZUVBH,0,-0.955977867442059,0.931463015862207,-0.62832130125391,0,0,1,1,0,0,1,0,0,1,0,0,0,1,0,1,0,0,0,1,0,0,0,0,0,0,0
9305-CDSKC,0,-0.996683602280654,1.15213349817795,-0.650164401859347,0,0,0,1,0,1,1,0,0,0,0,0,0,1,0,0,0,1,0,1,0,0,1,0,1,0,1
9912-OMZDS,0,1.07930887448764,1.3678264508174,1.73641935615015,0,1,1,1,0,1,1,0,0,0,0,1,0,1,0,0,0,1,0,1,1,0,1,0,1,0,0
5572-ZDXHY,0,-0.426803314540338,0.642766294637098,-0.195674239211752,0,0,0,1,0,0,1,0,0,0,0,1,0,0,0,0,0,0,0,1,0,0,1,0,0,1,1
8920-NAVAY,1,1.20142607900342,1.52047069422378,2.08641388173053,1,0,0,1,0,1,1,0,0,0,0,1,0,1,0,1,0,1,0,1,1,0,1,0,0,0,0
1976-CFOCS,1,-1.28162374615081,-0.628162949376886,-0.990214279626398,0,1,0,1,0,0,0,0,0,0,0,0,0,0,0,0,0,0,0,0,0,0,0,0,1,0,1
3765-JXVKY,0,-1.28162374615081,0.32420439535422,-0.977613335156528,0,0,0,1,0,0,1,0,0,0,0,1,0,0,0,0,0,0,0,0,0,0,1,0,1,0,1
4817-KEQSP,0,1.56777769255077,-1.49591228961098,-0.428067267361655,0,1,1,1,0,0,0,1,1,0,1,0,1,0,1,0,1,0,1,0,0,1,0,0,0,0,0
6510-UPNKS,0,-0.386097579701744,-1.33165381029324,-0.740237006667495,0,0,0,1,0,1,0,1,1,0,1,0,1,0,1,0,1,0,1,0,1,0,0,1,0,0,0
0436-TWFFZ,0,1.40495475319639,0.674290649253633,1.49845030030801,0,0,0,1,0,1,0,0,0,1,0,0,0,1,0,1,0,1,0,1,0,1,1,0,0,1,0
4795-UXVCJ,0,-0.263980375185962,-1.49757146616974,-0.8096300127115,1,0,0,1,0,0,0,1,1,0,1,0,1,0,1,0,1,0,1,0,1,0,0,1,0,0,0
1832-PEUTS,0,1.20142607900342,0.802047244278537,1.36561351461605,1,1,1,1,0,1,1,0,0,0,0,0,0,1,0,0,0,1,0,0,0,1,1,1,0,0,0
9818-XQCUV,0,-1.24091801131222,-1.47932052402333,-0.990521619735419,0,0,0,1,0,0,0,1,1,0,1,0,1,0,1,0,1,0,1,0,0,0,0,0,0,1,0
8720-RQSBJ,1,-1.28162374615081,-0.694530011727486,-0.991092394223601,1,0,0,1,0,0,0,0,0,0,0,0,0,0,0,0,0,0,0,0,0,0,0,0,1,0,0
6870-ECSHE,0,-1.24091801131222,-1.4760021709058,-0.995131721370737,0,0,0,1,0,0,0,1,1,0,1,0,1,0,1,0,1,0,1,0,1,0,0,0,0,1,0
3528-HFRIQ,1,1.56777769255077,-0.419106702972497,0.642661766738418,1,1,0,0,1,0,0,0,0,0,0,1,0,1,0,0,0,1,0,1,0,0,1,0,0,0,0
8844-TONUD,0,-0.793154928087684,1.05258290465205,-0.49985313568304,1,1,1,1,0,0,1,0,0,0,0,0,0,1,0,0,0,1,0,1,0,0,1,0,0,1,1
5149-QYTTU,0,1.56777769255077,1.0028076078891,1.96238019487554,0,1,1,1,0,1,1,0,0,1,0,1,0,1,0,1,0,0,0,0,1,0,1,1,0,0,0
9861-PDSZP,0,1.60848342738936,1.43087516005047,2.4171337919023,0,0,0,1,0,1,1,0,0,0,0,1,0,1,0,1,0,1,0,1,0,1,1,1,0,0,0
0376-OIWME,0,0.143076973199978,0.951373134567386,0.467477904596322,1,1,0,1,0,0,1,0,0,1,0,0,0,0,0,0,0,1,0,1,0,0,1,0,1,0,0
1697-NVVGY,1,-0.54892051905612,0.0487810865992311,-0.445761276495305,1,1,0,1,0,0,0,0,0,1,0,0,0,1,0,0,0,1,0,0,0,0,0,0,0,0,0
0536-ESJEP,0,0.87578020029467,0.319226865677925,0.829875798862201,1,1,0,1,0,0,0,0,0,1,0,1,0,0,0,0,0,1,0,1,0,1,1,0,0,0,0
1060-ENTOF,1,1.40495475319639,1.34293880243593,2.07862061468035,0,1,0,1,0,1,1,0,0,1,0,1,0,1,0,1,0,0,0,1,1,0,1,1,0,0,0
1150-FTQGN,0,1.12001460932623,0.969624076713802,1.54130229265154,0,1,1,1,0,1,1,0,0,1,0,1,0,0,0,0,0,1,0,0,1,0,0,0,0,0,0
9830-ECLEN,0,1.03860313964905,-0.495428824675686,0.271570537960224,1,1,1,0,1,0,0,0,0,1,0,1,0,1,0,0,0,1,0,0,1,0,0,0,0,1,0
1270-XKUCC,0,-0.101157435831586,-1.50088981928727,-0.747305829174983,0,1,1,1,0,0,0,1,1,0,1,0,1,0,1,0,1,0,1,0,0,1,0,0,0,1,0
7921-BEPCI,0,1.60848342738936,-0.171889395716513,0.86216846317436,0,0,0,1,0,1,0,0,0,1,0,1,0,0,0,0,0,0,0,0,0,1,0,0,0,0,0
6616-AALSR,0,1.3235432835192,1.3064369181431,1.94238113492423,0,1,1,1,0,1,1,0,0,1,0,0,0,1,0,0,0,1,0,1,0,1,1,1,0,0,0
6941-KXRRV,1,0.631545791263106,-0.198436220656753,0.214427230547207,0,1,0,1,0,0,0,0,0,0,0,1,0,0,0,0,0,0,0,1,1,0,1,0,0,0,0
0722-TROQR,1,-1.15950654163503,0.33084110158928,-0.869144229536967,0,0,0,1,0,1,1,0,0,0,0,0,0,0,0,0,0,0,0,0,0,0,1,0,1,0,1
6786-OBWQR,0,-1.11880080679644,0.528283112082313,-0.854062611329997,0,1,1,1,0,0,1,0,0,0,0,0,0,0,0,0,0,1,0,0,0,0,1,0,1,0,0
1194-BHJYC,0,1.16072034416483,-0.0922489208957935,0.648720757459122,1,1,0,0,1,0,0,0,0,1,0,0,0,1,0,1,0,1,0,1,0,1,1,0,0,1,0
3914-FDRHP,0,-0.955977867442059,0.707474180428933,-0.672117266789434,1,0,0,1,0,0,1,0,0,0,0,0,0,0,0,1,0,1,0,0,0,0,0,0,1,0,0
5192-EBGOV,1,-1.28162374615081,0.689223238282518,-0.972783704871908,0,0,0,1,0,1,1,0,0,0,0,0,0,0,0,0,0,1,0,0,0,0,1,0,1,0,1
2294-SALNE,0,-0.386097579701744,0.725725122575348,-0.158288510235813,1,1,1,1,0,0,1,0,0,0,0,1,0,1,0,1,0,0,0,0,1,0,0,0,0,1,0
0970-QXPXW,0,-1.28162374615081,-1.50254899584604,-1.00178343944455,0,0,0,1,0,0,0,1,1,0,1,0,1,0,1,0,1,0,1,0,0,0,0,0,0,1,0
8799-OXZMD,0,-0.182568905508774,-1.16739533097551,-0.663248309357679,0,0,0,0,1,0,0,0,0,0,0,0,0,1,0,0,0,0,0,0,0,0,1,0,0,1,0
8272-ONJLV,0,-0.833860662926278,1.02105855003552,-0.490567073817613,1,0,0,1,0,0,1,0,0,0,0,0,0,1,0,0,0,1,0,1,1,0,0,0,1,0,0
5787-KXGIY,0,1.60848342738936,-1.51416323175739,-0.437528952146522,1,1,0,1,0,0,0,1,1,0,1,0,1,0,1,0,1,0,1,0,0,1,0,1,0,0,0
9399-APLBT,0,-1.28162374615081,0.32420439535422,-0.977613335156528,0,1,1,1,0,0,1,0,0,0,0,1,0,0,0,0,0,0,0,0,0,0,1,0,1,0,1
0186-CAERR,0,1.56777769255077,1.70463929224669,2.63795766023404,1,0,0,1,0,1,1,0,0,1,0,1,0,1,0,1,0,1,0,1,1,0,1,0,0,0,0
2978-XXSOG,0,-0.426803314540338,-0.195117867539223,-0.460052591564792,0,0,0,1,0,1,0,0,0,1,0,0,0,0,0,1,0,0,0,0,0,0,1,0,0,1,0
1488-SYSFC,0,-0.0604517009929918,-1.46936546467074,-0.702170738878723,1,1,1,1,0,0,0,1,1,0,1,0,1,0,1,0,1,0,1,0,0,0,1,0,1,0,0
3174-AKMAS,0,0.550134321585918,-0.0242226819864286,0.31093202477987,0,1,0,1,0,0,0,0,0,0,0,1,0,0,0,1,0,1,0,0,0,1,1,1,0,0,0
6127-ISGTU,0,-0.671037723571902,0.664335589901043,-0.405280193564224,0,1,0,1,0,1,1,0,0,0,0,0,0,0,0,0,0,1,0,0,0,0,1,0,1,0,1
3269-ATYWD,1,0.26519417771576,1.01939937347675,0.640027422946807,1,0,0,1,0,1,1,0,0,0,0,0,0,0,0,0,0,1,0,1,0,0,1,0,0,0,1
4676-WLUHT,0,0.87578020029467,-0.621526243141826,0.0573544819724331,1,0,0,0,1,0,0,0,0,1,0,1,0,0,0,0,0,0,0,1,0,1,0,0,0,0,0
8257-RZAHR,0,-0.75244919324909,-0.00763091639877871,-0.597257997377837,0,1,0,1,0,1,0,0,0,1,0,0,0,0,0,0,0,1,0,0,0,0,1,0,0,0,1
0961-ZWLVI,0,0.6722515261017,1.46903622090206,1.31239977002552,1,0,1,1,0,1,1,0,0,1,0,1,0,1,0,0,0,1,0,1,1,0,1,1,0,0,0
8007-YYPWD,0,-0.711743458410496,-1.32335792749942,-0.848354866448174,0,0,0,1,0,1,0,1,1,0,1,0,1,0,1,0,1,0,1,0,0,1,0,0,0,0,0
9503-XJUME,0,0.794368730617482,-1.50254899584604,-0.602790119340219,1,0,1,1,0,0,0,1,1,0,1,0,1,0,1,0,1,0,1,0,1,0,0,1,0,0,0
2587-YNLES,0,-1.07809507195784,-1.48761640681715,-0.966351515447393,0,1,1,1,0,0,0,1,1,0,1,0,1,0,1,0,1,0,1,0,0,1,0,0,0,1,0
3049-SOLAY,0,-1.20021227647362,1.00446678444787,-0.881832985466557,0,1,0,1,0,1,1,0,0,0,0,0,0,0,0,0,0,1,0,1,0,0,1,0,1,0,1
5868-YWPDW,1,-1.07809507195784,0.639447941519568,-0.782474318792982,1,1,0,1,0,0,1,0,0,0,0,1,0,0,0,0,0,0,0,1,0,0,1,0,1,0,1
5393-RXQSZ,0,-1.28162374615081,0.486803698113189,-0.975461954393379,1,0,0,1,0,0,1,0,0,0,0,0,0,0,0,0,0,0,0,1,0,0,0,0,1,0,1
3800-LYTRK,0,-0.75244919324909,-0.306282696976477,-0.661294504378901,0,0,0,1,0,0,0,0,0,1,0,0,0,0,0,1,0,0,0,0,1,0,0,0,0,1,0
8902-ZEOVF,0,0.590840056424512,-1.48927558337592,-0.592625942877588,1,1,1,1,0,0,0,1,1,0,1,0,1,0,1,0,1,0,1,0,1,0,0,0,0,1,0
7890-VYYWG,1,-1.20021227647362,-0.945065672100999,-0.969271246483094,1,1,0,0,1,0,0,0,0,0,0,0,0,0,0,0,0,1,0,0,0,0,1,0,0,1,1
2607-FBDFF,0,-1.28162374615081,-0.528612355850986,-0.988897107730592,1,0,0,1,0,0,0,0,0,0,0,0,0,0,0,1,0,0,0,0,0,0,0,1,0,0,0
1987-AUELQ,0,1.56777769255077,-1.32335792749942,-0.18774925497199,0,1,0,1,0,1,0,1,1,0,1,0,1,0,1,0,1,0,1,0,0,1,0,1,0,0,0
4482-EWFMI,0,-1.24091801131222,0.158286739477721,-0.951050368591122,0,0,0,1,0,0,1,0,0,0,0,0,0,0,0,0,0,0,0,0,0,0,1,0,1,0,0
5546-QUERU,0,-0.793154928087684,-1.49259393649345,-0.89757318962143,1,0,0,1,0,0,0,1,1,0,1,0,1,0,1,0,1,0,1,0,1,0,1,0,0,1,0
0292-WEGCH,0,0.87578020029467,0.705815003870168,0.975906256377142,0,1,1,1,0,1,0,0,0,0,0,1,0,1,0,1,0,1,0,1,0,0,1,0,1,0,0
4324-AHJKS,0,-1.11880080679644,-0.302964343858947,-0.878518102862114,0,0,0,1,0,0,0,0,0,1,0,0,0,1,0,0,0,0,0,0,0,0,0,1,0,0,0
0212-ISBBF,0,-0.426803314540338,-0.483814588764331,-0.527952802793552,0,0,0,0,1,0,0,0,0,0,0,1,0,0,0,0,0,1,0,1,0,0,1,0,1,0,0
0011-IGKFF,1,-0.793154928087684,1.09738067173871,-0.466923838287909,1,1,0,1,0,0,1,0,0,0,0,1,0,1,0,0,0,1,0,1,0,0,1,0,1,0,1
0644-OQMDK,1,-1.15950654163503,0.189811094094256,-0.881393928167955,1,0,0,1,0,0,1,0,0,0,0,0,0,0,0,0,0,0,0,0,0,0,1,0,1,0,0
7130-YXBRO,0,0.631545791263106,1.54369916604649,1.32322253243605,1,1,0,1,0,1,1,0,0,1,0,1,0,1,0,0,0,1,0,1,0,0,1,0,0,0,0
8681-ICONS,0,-0.14186317067018,-1.46936546467074,-0.722894243372726,1,1,1,1,0,0,0,1,1,0,1,0,1,0,1,0,1,0,1,0,0,0,1,0,0,1,0
3387-PLKUI,0,-0.793154928087684,-1.53075499734504,-0.90009776908839,0,1,1,1,0,0,0,1,1,0,1,0,1,0,1,0,1,0,1,0,0,0,0,0,0,1,0
1582-RAFML,0,-1.28162374615081,-0.160275159805158,-0.984023571716113,1,0,0,1,0,1,0,0,0,0,0,1,0,0,0,1,0,0,0,0,0,0,0,0,0,1,1
5117-ZSMHQ,0,1.56777769255077,0.828594069218777,1.7743978124792,0,1,1,1,0,1,0,0,0,1,0,1,0,1,0,1,0,1,0,1,0,1,0,0,0,0,0
1841-YSJGV,0,1.60848342738936,1.49392386928354,2.43724261617825,1,1,0,1,0,1,1,0,0,1,0,1,0,0,0,1,0,1,0,1,0,1,1,1,0,0,0
8060-HIWJJ,0,1.28283754868061,0.717429239781523,1.46260127187718,1,0,0,1,0,1,0,0,0,0,0,1,0,1,0,1,0,1,0,1,0,1,0,1,0,0,0
5862-BRIXZ,0,0.550134321585918,-0.138705864541213,0.259957472412208,1,0,0,0,1,0,0,0,0,1,0,0,0,1,0,1,0,1,0,1,0,1,1,0,0,0,0
8216-AZUUZ,0,0.387311382231542,1.17702114655943,0.879138027765317,0,1,1,1,0,0,1,0,0,0,0,0,0,1,0,1,0,1,0,1,0,1,1,0,1,0,0
5956-YHHRX,1,-0.467509049378932,1.30809609470186,-0.0129385915337061,1,0,0,1,0,1,1,0,0,0,0,1,0,1,0,0,0,1,0,1,0,0,1,0,1,0,0
3196-NVXLZ,0,-0.304686110024556,0.652721353989688,-0.0936373230167064,0,0,0,1,0,1,1,0,0,0,0,0,0,0,0,0,0,1,0,0,0,0,1,0,0,1,0
1834-WULEG,0,-0.34539184486315,-1.48263887714086,-0.817335468301961,1,1,1,1,0,0,0,1,1,0,1,0,1,0,1,0,1,0,1,0,1,0,0,0,0,1,0
4032-RMHCI,0,0.346605647392948,-0.979908379835064,-0.390286386816975,0,1,1,0,1,0,0,0,0,1,0,0,0,1,0,0,0,0,0,0,1,0,0,1,0,0,0
4872-VXRIL,0,0.957191669971858,-0.00929009295754361,0.598975565527544,1,0,0,1,0,1,0,0,0,1,0,1,0,0,0,1,0,0,0,0,1,0,1,0,0,0,0
3439-GVUSX,0,-1.28162374615081,-1.34492722276336,-0.999697917276195,1,0,0,0,1,0,0,0,0,0,0,0,0,0,0,0,0,0,0,0,0,0,0,0,0,1,0
1334-FJSVR,0,-1.28162374615081,-1.34990475243966,-0.999763775870985,1,0,0,0,1,0,0,0,0,0,0,0,0,0,0,0,0,0,0,0,0,0,1,0,1,0,1
6447-EGDIV,0,-0.0604517009929918,-1.45941040531815,-0.710425016092436,0,0,0,1,0,0,0,1,1,0,1,0,1,0,1,0,1,0,1,0,1,0,0,0,0,1,0
5887-IKKYO,0,1.03860313964905,0.976260782948861,1.43235022400351,1,1,1,1,0,1,1,0,0,0,0,0,0,1,0,1,0,0,0,1,0,1,0,0,0,0,0
9780-FKVVF,0,-1.07809507195784,-0.191799514421693,-0.862580322922871,1,0,0,1,0,0,0,0,0,1,0,0,0,0,0,0,0,0,0,1,0,0,1,0,0,0,0
6413-XKKPU,0,-0.630331988733308,0.812002303631127,-0.334504157029623,1,1,1,1,0,0,1,0,0,1,0,0,0,1,0,0,0,1,0,0,0,0,1,0,1,0,1
3898-GUYTS,1,0.509428586747324,1.06585631712217,0.914877291871499,0,0,0,1,0,1,1,0,0,1,0,1,0,0,0,1,0,1,0,0,0,0,1,0,1,0,0
9845-PEEKO,1,1.07930887448764,0.473530285643069,1.00501575527444,0,0,0,1,0,1,1,0,0,0,0,1,0,0,0,0,0,0,0,0,0,1,1,1,0,0,0
5804-LEPIM,1,-1.24091801131222,0.179856034741665,-0.949359997991505,0,0,0,1,0,0,1,0,0,0,0,0,0,0,0,0,0,0,0,0,0,0,1,0,1,0,1
8404-GFGCZ,0,-1.15950654163503,0.0222342616589909,-0.900602684981782,1,1,0,1,0,1,0,0,0,0,0,0,0,1,0,0,0,1,0,0,0,0,0,0,1,0,0
7801-KICAO,0,-0.589626253894714,0.305953453207805,-0.419549555768781,0,0,0,1,0,1,1,0,0,0,0,0,0,0,0,0,0,0,0,0,0,0,1,0,1,0,0
1763-KUAAW,1,-0.589626253894714,-1.47932052402333,-0.848135337798873,0,0,0,1,0,0,0,1,1,0,1,0,1,0,1,0,1,0,1,0,1,0,0,0,0,0,0
2049-BAFNW,0,-1.28162374615081,-0.963316614247414,-0.994648758342275,0,0,0,0,1,0,0,0,0,0,0,0,0,1,0,1,0,0,0,0,0,0,0,0,0,1,0
2347-WKKAE,0,0.387311382231542,0.977919959507627,0.752228515604483,1,1,0,1,0,1,1,0,0,1,0,0,0,1,0,0,0,0,0,1,0,0,1,0,1,0,0
6331-EWIEB,0,-0.508214784217526,0.674290649253633,-0.248866030937353,1,0,0,1,0,1,1,0,0,0,0,0,0,0,0,0,0,1,0,0,0,0,1,0,1,0,1
1170-SASML,0,1.48636622287358,0.679268178929928,1.566591993051,0,1,0,1,0,1,1,0,0,0,0,1,0,1,0,0,0,0,0,0,0,0,1,0,0,0,0
3518-PZXZQ,0,-1.28162374615081,-0.319556109446597,-0.986131046749401,0,1,0,1,0,0,0,0,0,0,0,0,0,0,0,0,0,1,0,0,0,0,1,0,0,1,0
2243-FNMMI,0,-0.508214784217526,-1.51084487863986,-0.828026513522913,1,0,0,1,0,0,0,1,1,0,1,0,1,0,1,0,1,0,1,0,0,0,0,0,0,1,0
5089-IFSDP,0,1.03860313964905,1.47733210369589,1.68739860876127,0,1,0,1,0,1,1,0,0,1,0,1,0,1,0,0,0,1,0,1,0,1,1,0,0,0,1
4024-CSNBY,0,1.60848342738936,0.972942429831332,1.99702181573522,0,1,0,1,0,1,1,0,0,1,0,1,0,1,0,1,0,0,0,0,0,1,1,0,0,0,0
4456-RHSNB,0,-0.54892051905612,-0.508702237145806,-0.587642642538459,0,1,1,1,0,0,0,0,0,0,0,0,0,1,0,0,0,0,0,0,0,0,1,0,0,0,0
9578-VRMNM,0,-0.671037723571902,0.00896084918887121,-0.552320482865948,0,0,0,1,0,1,0,0,0,0,0,0,0,1,0,0,0,0,0,1,0,0,1,1,0,0,1
5519-NPHVG,0,-0.833860662926278,0.971283253272567,-0.551113075294794,0,0,0,1,0,1,1,0,0,0,0,0,0,0,0,0,0,1,0,1,0,0,1,0,1,0,1
1941-HOSAM,0,-1.28162374615081,0.835230775453837,-0.970851852758061,1,1,1,1,0,0,1,0,0,0,0,0,0,0,0,0,0,1,0,1,0,0,1,0,1,0,0
0742-NXBGR,0,-1.28162374615081,0.576399232286498,-0.974276499687154,0,0,0,1,0,0,1,0,0,0,0,1,0,1,0,0,0,0,0,0,0,0,1,0,1,0,1
0795-XCCTE,1,1.60848342738936,-1.31174369158806,-0.216002592137013,1,0,0,1,0,1,0,1,1,0,1,0,1,0,1,0,1,0,1,0,0,1,0,0,0,0,0
3920-HIHMQ,0,-0.263980375185962,-0.512020590263336,-0.454718045386781,0,0,1,1,0,1,0,0,0,0,0,0,0,0,0,0,0,0,0,0,0,0,1,0,0,1,0
4585-HETAI,0,-1.15950654163503,0.292680040737685,-0.86751971753214,0,1,1,1,0,0,1,0,0,0,0,0,0,1,0,0,0,0,0,0,0,0,1,0,1,0,1
6840-RESVB,0,-0.34539184486315,0.659358060224748,-0.136467362495307,1,1,1,1,0,1,0,0,0,1,0,0,0,1,0,1,0,1,0,1,1,0,1,0,0,1,0
4893-GYUJU,0,0.712957260940294,-1.51250405519863,-0.556864725906476,0,0,0,1,0,0,0,1,1,0,1,0,1,0,1,0,1,0,1,0,1,0,1,0,0,1,0
9134-WYRVP,0,0.753662995778888,0.710792533546463,0.863112436366353,1,0,0,1,0,0,1,0,0,1,0,0,0,0,0,0,0,1,0,0,1,0,0,0,0,1,0
9958-MEKUC,0,1.60848342738936,1.29482268223174,2.29029013833625,1,1,1,1,0,1,1,0,0,1,0,1,0,1,0,1,0,0,0,1,0,1,0,1,0,0,0
8821-KVZKQ,0,1.52707195771217,-0.216687162803168,0.795497612381685,0,1,1,0,1,0,0,0,0,0,0,1,0,1,0,1,0,1,0,1,1,0,1,0,0,0,0
7208-PSIHR,0,1.52707195771217,1.3064369181431,2.14575247563656,0,1,0,1,0,1,1,0,0,0,0,0,0,1,0,1,0,1,0,1,0,1,1,0,0,0,0
9402-ORRAH,1,-0.711743458410496,0.881687719099257,-0.395598980130056,0,0,0,1,0,0,1,0,0,0,0,0,0,0,0,0,0,1,0,1,0,0,1,0,1,0,0
6732-FZUGP,0,0.590840056424512,0.994511725095277,1.01594828200962,0,0,0,1,0,1,1,0,0,1,0,0,0,1,0,0,0,1,0,0,1,0,0,1,0,0,0
4006-HKYHO,0,1.24213181384202,0.722406769457818,1.32076381156388,1,0,0,1,0,0,0,0,0,1,0,1,0,1,0,1,0,1,0,1,0,1,1,0,0,0,0
8869-LIHMK,0,1.28283754868061,1.66481905483633,2.20965726544804,0,0,0,1,0,1,1,0,0,1,0,1,0,1,0,1,0,1,0,1,0,1,1,0,0,0,0
6917-YACBP,1,1.07930887448764,0.823616539542482,1.40304314932185,0,0,0,1,0,1,1,0,0,1,0,1,0,1,0,0,0,0,0,0,0,0,1,0,1,0,0
5701-SVCWR,0,-1.28162374615081,-1.35820063523348,-0.999873540195636,0,0,1,1,0,1,0,1,1,0,1,0,1,0,1,0,1,0,1,0,0,0,0,0,0,1,0
7586-ZATGZ,0,0.305899912554354,0.662676413342278,0.468795076492127,1,0,0,1,0,1,1,0,0,0,0,0,0,0,0,0,0,1,0,0,0,0,1,0,1,0,0
1073-XXCZD,0,0.916485935133264,-1.30178863223547,-0.37656584623567,1,1,0,1,0,1,0,1,1,0,1,0,1,0,1,0,1,0,1,0,0,1,0,0,0,0,0
9602-WCXPI,0,0.712957260940294,-1.48595723025839,-0.576161294180023,1,0,0,1,0,0,0,1,1,0,1,0,1,0,1,0,1,0,1,0,1,0,0,1,0,0,0
5336-UFNZP,1,1.3235432835192,1.41096504134529,2.08384539653371,0,1,1,1,0,1,1,0,0,0,0,1,0,1,0,0,0,1,0,1,1,0,1,0,1,0,0
6484-LATFU,0,1.44566048803499,-1.33994969308707,-0.282717348659548,1,0,0,1,0,1,0,1,1,0,1,0,1,0,1,0,1,0,1,0,0,1,0,0,0,1,0
3866-MDTUB,0,-1.24091801131222,0.193129447211785,-0.945913398197482,0,0,0,1,0,0,0,0,0,1,0,0,0,0,0,0,0,1,0,1,0,0,1,0,1,0,1
2055-BFOCC,1,1.24213181384202,0.632811235284508,1.32956691040085,1,1,0,1,0,0,0,0,0,1,0,1,0,1,0,1,0,1,0,1,1,0,1,0,0,0,0
0266-CLZKZ,0,1.40495475319639,1.35123468522975,1.93913211091458,0,1,1,1,0,1,1,0,0,0,0,0,0,1,0,1,0,1,0,1,0,1,1,0,0,0,0
8651-ENBZX,1,1.12001460932623,1.36284892114111,1.81773276785119,0,0,0,1,0,1,1,0,0,0,0,0,0,1,0,1,0,1,0,1,1,0,1,0,1,0,1
2451-YMUXS,1,1.40495475319639,-0.0126084460750739,0.855626509425194,1,0,0,1,0,1,0,0,0,1,0,1,0,0,0,1,0,0,0,0,0,1,1,0,0,0,0
8085-MSNLK,0,1.20142607900342,1.62665799398474,2.01530855222198,0,1,0,1,0,1,1,0,0,1,0,1,0,1,0,1,0,1,0,1,0,1,0,0,0,1,0
8788-DOXSU,0,1.07930887448764,-0.118795745836033,0.590172466690579,1,0,0,1,0,0,0,0,0,0,0,0,0,1,0,0,0,0,0,1,1,0,1,0,0,0,0
3606-SBKRY,0,-0.0604517009929918,-0.493769648116922,-0.341551026672181,1,0,0,0,1,0,0,0,0,0,0,0,0,1,0,0,0,1,0,1,1,0,1,0,1,0,0
6048-UWKAL,1,1.48636622287358,1.34293880243593,2.0625291646866,0,1,0,1,0,1,1,0,0,0,0,1,0,0,0,1,0,1,0,1,0,1,0,1,0,0,0
3446-QDSZF,0,-1.15950654163503,-0.312919403211537,-0.910591238524971,0,0,0,1,0,0,0,0,0,0,0,0,0,0,0,0,0,1,0,0,0,0,0,1,0,0,0
2013-SGDXK,0,-1.28162374615081,0.642766294637098,-0.973398385089951,0,0,0,1,0,0,1,0,0,0,0,1,0,0,0,0,0,1,0,0,0,0,0,0,1,0,1
5353-WILCI,0,-0.182568905508774,-0.294668461065123,-0.341880319646133,0,0,0,1,0,0,0,0,0,1,0,1,0,0,0,0,0,0,0,0,0,0,0,0,1,0,0
7570-WELNY,0,1.44566048803499,0.656039707107218,1.49706726981741,0,1,0,1,0,1,1,0,0,1,0,1,0,0,0,0,0,0,0,0,0,1,1,0,0,0,0
8942-DBMHZ,0,-0.833860662926278,-1.4760021709058,-0.898297634164123,1,0,0,1,0,0,0,1,1,0,1,0,1,0,1,0,1,0,1,0,0,0,0,0,0,1,0
8777-MBMTS,1,1.3235432835192,1.35787139146481,1.94246894638395,0,1,0,1,0,0,1,0,0,0,0,1,0,1,0,1,0,1,0,1,0,1,1,1,0,0,0
0329-GTIAJ,0,-1.20021227647362,1.09406231862118,-0.871976149112948,0,0,0,1,0,0,1,0,0,0,0,1,0,0,0,1,0,1,0,1,0,0,1,0,1,0,1
5442-XSDCW,0,-0.874566397764872,0.483485344995659,-0.629089651526463,1,1,1,1,0,0,1,0,0,0,0,0,0,0,0,0,0,1,0,0,0,0,1,0,0,0,1
3209-ZPKFI,0,0.590840056424512,-0.354398817180662,0.104004319948868,1,1,1,1,0,1,0,0,0,0,0,1,0,0,0,0,0,0,0,0,0,0,0,0,1,0,0
0203-HHYIJ,0,-0.304686110024556,-1.31506204470559,-0.713454511452788,1,0,0,1,0,1,0,1,1,0,1,0,1,0,1,0,1,0,1,0,1,0,0,0,0,0,1
7442-YGZFK,0,-1.28162374615081,-0.502065530910747,-0.988545861891711,1,0,0,1,0,1,0,0,0,0,0,0,0,0,0,0,0,0,0,0,0,0,1,1,0,0,0
5193-QLVZB,0,1.24213181384202,1.32136950717198,1.85948711694822,1,0,0,1,0,1,1,0,0,0,0,1,0,1,0,0,0,1,0,1,0,1,1,0,0,0,0
8595-SIZNC,1,-0.426803314540338,-1.305106985353,-0.769456269889441,0,1,0,1,0,1,0,1,1,0,1,0,1,0,1,0,1,0,1,0,1,0,0,0,0,0,0
8847-GEOOQ,0,1.12001460932623,-0.156956806687628,0.562467951148809,1,1,0,0,1,0,0,0,0,0,0,1,0,1,0,1,0,1,0,1,0,0,1,0,0,0,0
6689-KXGBO,0,-1.28162374615081,-0.477177882529272,-0.98821656891776,0,0,0,1,0,0,0,0,0,0,0,1,0,0,0,0,0,0,0,0,0,0,0,0,1,0,1
0596-BQCEQ,0,1.20142607900342,1.1687252637656,1.74831780894226,0,1,1,1,0,0,1,0,0,0,0,1,0,1,0,0,0,1,0,1,0,0,1,0,1,0,1
3452-ABWRL,1,0.590840056424512,0.700837474193873,0.686808978112823,1,0,0,1,0,1,1,0,0,0,0,0,0,0,0,0,0,1,0,0,0,0,1,1,0,0,0
1162-ECVII,1,1.60848342738936,1.48728716304848,2.47241110579625,1,1,0,1,0,1,1,0,0,0,0,1,0,1,0,1,0,1,0,1,0,1,1,0,0,0,0
8731-WBBMB,0,-0.263980375185962,0.563125819816379,-0.097808367353423,0,1,0,1,0,0,0,0,0,0,0,1,0,1,0,1,0,1,0,1,0,0,0,0,0,0,0
0897-FEGMU,0,-0.874566397764872,1.14715596850166,-0.546349303604965,0,1,0,1,0,1,1,0,0,0,0,0,0,1,0,0,0,1,0,1,0,0,1,0,1,0,1
4806-DXQCE,1,1.52707195771217,1.61670293463215,2.37676247329586,0,1,0,1,0,1,1,0,0,1,0,1,0,1,0,1,0,1,0,1,0,1,1,0,1,0,0
8100-HZZLJ,0,0.428017117070136,-0.0325185647802536,0.191310863775825,0,0,1,1,0,0,0,0,0,1,0,1,0,0,0,0,0,0,0,1,0,0,1,0,1,0,0
9066-QRSDU,0,1.48636622287358,-1.28187851353029,-0.236111416412972,0,1,0,1,0,1,0,1,1,0,1,0,1,0,1,0,1,0,1,0,1,0,1,0,1,0,0
9127-FHJBZ,0,1.60848342738936,1.6283171705435,2.54294566081662,1,1,1,1,0,1,1,0,0,1,0,1,0,1,0,1,0,1,0,1,0,1,1,0,1,0,0
3413-DHLPB,0,1.12001460932623,1.28818597599668,1.6107392044254,1,1,1,1,0,1,1,0,0,0,0,1,0,0,0,1,0,1,0,1,0,0,1,0,0,0,0
7562-UXTPG,0,-0.793154928087684,0.173219328506606,-0.621098808691911,0,0,0,1,0,0,1,0,0,0,0,0,0,0,0,0,0,0,0,0,0,0,1,0,0,1,0
7721-JXEAW,0,1.07930887448764,-0.79242142869462,0.0664649209184193,1,1,0,0,1,0,0,0,0,0,0,1,0,0,0,0,0,0,0,1,0,0,1,0,0,0,1
6625-IUTTT,0,1.40495475319639,0.020575085100226,0.904559445354358,1,0,0,1,0,0,0,0,0,1,0,0,0,1,0,0,0,0,0,1,0,1,0,0,0,0,0
6476-EPYZR,0,-0.833860662926278,-1.47434299434703,-0.898231775569332,1,1,1,1,0,0,0,1,1,0,1,0,1,0,1,0,1,0,1,0,0,0,0,0,0,1,0
9631-XEYKE,0,-1.20021227647362,-0.482155412205567,-0.950150301128988,1,0,0,1,0,1,0,0,0,0,0,0,0,0,0,0,0,0,0,0,0,0,0,0,0,0,0
7754-IXRMC,0,-1.28162374615081,-0.649732244640831,-0.990499666870489,0,0,0,1,0,0,0,0,0,0,0,0,0,0,0,0,0,0,0,0,0,0,0,0,0,1,0
8999-YPYBV,0,0.509428586747324,0.644425471195863,0.68349409550838,1,1,1,1,0,0,0,0,0,1,0,1,0,1,0,1,0,1,0,1,0,1,1,0,0,1,0
5012-YSPJJ,0,-0.0604517009929918,-0.351080464063132,-0.287283544565006,1,1,1,1,0,0,0,0,0,0,0,0,0,1,0,1,0,0,0,0,0,0,0,0,0,1,0
3546-GHEAE,0,-1.03738933711925,-1.5091857020811,-0.937812791038279,1,0,0,1,0,0,0,1,1,0,1,0,1,0,1,0,1,0,1,0,0,1,0,0,0,1,0
1403-LKLIK,0,0.0209597686841961,-1.48761640681715,-0.756021116552227,0,1,1,1,0,0,0,1,1,0,1,0,1,0,1,0,1,0,1,0,1,0,0,0,0,1,0
2931-SVLTV,0,0.305899912554354,1.49890139895983,0.951780057818976,1,1,1,1,0,1,1,0,0,1,0,1,0,0,0,1,0,1,0,1,0,0,1,1,0,0,0
2037-XJFUP,0,0.0209597686841961,1.02437690315305,0.322896336166768,1,1,0,1,0,0,1,0,0,0,0,0,0,1,0,0,0,1,0,1,1,0,1,0,1,0,1
6142-VSJQO,0,-1.28162374615081,-0.682915775816131,-0.99093872416909,0,1,1,1,0,0,0,0,0,0,0,0,0,0,0,0,0,0,0,0,0,0,1,0,0,0,1
0264-CNITK,0,1.56777769255077,-1.48761640681715,-0.400296893225094,0,1,1,1,0,0,0,1,1,0,1,0,1,0,1,0,1,0,1,0,0,1,0,0,0,0,0
4918-QLLIW,0,-1.20021227647362,-0.382604818679667,-0.927560803115929,1,0,0,1,0,0,0,0,0,0,0,0,0,0,0,0,0,1,0,0,0,0,0,1,0,0,1
4971-PUYQO,0,-0.223274640347368,0.982897489183921,0.185844600408234,0,0,0,1,0,1,1,0,0,0,0,0,0,0,0,0,0,1,0,1,0,0,1,0,0,1,1
3642-GKTCT,0,1.16072034416483,1.66481905483633,2.06020216100401,0,0,0,1,0,1,1,0,0,1,0,1,0,1,0,1,0,1,0,1,1,0,1,0,0,1,0
8859-YSTWS,0,0.631545791263106,-1.49259393649345,-0.569377858916626,1,0,0,1,0,0,0,1,1,0,1,0,1,0,1,0,1,0,1,0,1,0,0,0,0,0,0
3097-FQTVJ,0,0.346605647392948,-1.49093475993468,-0.654642786305085,0,0,0,1,0,0,0,1,1,0,1,0,1,0,1,0,1,0,1,0,0,1,0,0,0,1,0
1262-OPMFY,0,-0.955977867442059,0.359047103088285,-0.722433233209194,0,1,0,1,0,0,1,0,0,0,0,0,0,1,0,0,0,0,0,0,0,0,1,0,0,0,1
0308-IVGOK,0,-0.874566397764872,-0.813990723958565,-0.824865300972981,0,0,0,0,1,0,0,0,0,0,0,1,0,1,0,1,0,0,0,0,1,0,1,1,0,0,0
0411-EZJZE,0,-1.20021227647362,-0.155297630128863,-0.93555164595048,0,0,0,1,0,1,0,0,0,0,0,0,0,0,0,0,0,1,0,0,0,0,1,0,1,0,0
8631-NBHFZ,1,1.3642490183578,0.480166991878129,1.25275383601047,1,1,1,1,0,1,0,0,0,1,0,1,0,1,0,1,0,1,0,0,0,1,0,1,0,0,1
8634-CILSZ,0,1.48636622287358,1.31971033061321,2.15973645059702,1,0,0,1,0,1,1,0,0,0,0,1,0,0,0,1,0,1,0,1,1,0,1,0,0,0,1
9356-AXGMP,0,0.224488442877166,1.51881151766501,0.933998237225605,1,1,0,1,0,1,1,0,0,1,0,0,0,1,0,1,0,1,0,1,1,0,1,0,1,0,0
4603-JANFB,0,-1.28162374615081,0.163264269154015,-0.979742763054746,1,0,0,1,0,0,1,0,0,0,0,0,0,0,0,0,0,0,0,0,0,0,1,0,1,0,1
8099-MZPUJ,0,0.631545791263106,1.55531340195784,1.3796633481713,1,1,1,1,0,1,1,0,0,1,0,1,0,1,0,1,0,1,0,1,0,1,0,1,0,0,0
7883-ROJOC,0,-0.54892051905612,-0.664664833669716,-0.641756454591124,0,1,0,1,0,0,0,0,0,0,0,0,0,0,0,0,0,0,0,0,0,0,0,0,0,1,0
2096-XOTMO,0,-0.671037723571902,-1.51250405519863,-0.889275006677857,0,1,1,1,0,0,0,1,1,0,1,0,1,0,1,0,1,0,1,0,0,0,0,0,0,1,0
6620-JDYNW,0,-0.589626253894714,-0.143683394217508,-0.502707008123951,0,0,0,1,0,1,0,0,0,1,0,0,0,1,0,0,0,0,0,0,0,0,1,0,0,1,0
1069-QJOEE,0,-0.304686110024556,-1.49425311305221,-0.788489403783826,1,1,1,1,0,0,0,1,1,0,1,0,1,0,1,0,1,0,1,0,1,0,0,0,1,0,0
7148-XZPHA,0,0.916485935133264,0.480166991878129,0.850511491896483,1,1,1,1,0,0,1,0,0,0,0,1,0,0,0,1,0,0,0,0,0,0,0,0,1,0,0
1589-AGTLK,0,-1.20021227647362,-0.649732244640831,-0.948284307609931,1,0,0,1,0,0,0,0,0,0,0,0,0,0,0,0,0,0,0,0,0,0,1,0,1,0,1
8808-ELEHO,1,-0.996683602280654,0.541556524552434,-0.753145291246386,1,0,0,1,0,1,1,0,0,0,0,0,0,1,0,0,0,0,0,0,0,0,1,0,1,0,1
4328-VUFWD,0,0.26519417771576,-0.186821984745398,-0.0404674841560353,0,0,0,1,0,0,0,0,0,0,0,0,0,0,0,1,0,0,0,1,1,0,0,0,1,0,0
3977-QCRSL,0,-1.11880080679644,-1.48595723025839,-0.958624106992002,0,0,0,1,0,0,0,1,1,0,1,0,1,0,1,0,1,0,1,0,0,0,0,0,0,1,0
5734-EJKXG,0,1.16072034416483,1.78096141394988,2.22355342894879,0,0,0,1,0,1,1,0,0,1,0,1,0,1,0,1,0,1,0,1,1,0,1,0,1,0,0
5378-IKEEG,0,-1.28162374615081,-0.968294143923709,-0.994714616937065,0,0,0,0,1,0,0,0,0,0,0,0,0,0,0,0,0,1,0,0,0,0,1,0,1,0,1
8746-OQQRW,0,-1.15950654163503,-1.31672122126436,-0.96567097663456,1,0,0,1,0,1,0,1,1,0,1,0,1,0,1,0,1,0,1,0,0,0,0,0,0,1,0
9199-PWQVC,0,1.24213181384202,0.490122051230719,1.09098317434066,0,1,0,1,0,1,0,0,0,1,0,1,0,0,0,0,0,1,0,1,1,0,1,1,0,0,0
3823-KYNQY,0,-0.833860662926278,-1.32667628061695,-0.887299248834149,1,0,0,1,0,1,0,1,1,0,1,0,1,0,1,0,1,0,1,0,1,0,0,1,0,0,0
5570-PTWEH,0,-1.20021227647362,0.339136984383105,-0.91524524589015,0,1,0,1,0,1,1,0,0,0,0,0,0,0,0,0,0,0,0,0,0,0,1,1,0,0,1
5947-SGKCL,0,-0.711743458410496,1.34127962587716,-0.325810822517309,0,1,1,1,0,1,1,0,0,0,0,1,0,1,0,0,0,1,0,1,0,0,1,0,0,0,0
6598-KELSS,0,0.712957260940294,-0.726054366344021,-0.0409504471844972,1,0,1,0,1,0,0,0,0,1,0,1,0,0,0,0,0,1,0,0,1,0,1,0,0,0,0
7547-EKNFS,0,0.387311382231542,1.00612596100663,0.727970599856737,1,1,0,1,0,1,1,0,0,0,0,1,0,1,0,0,0,1,0,0,0,0,1,0,0,0,1
0114-RSRRW,0,-0.915272132603466,-1.49259393649345,-0.9279779075496,0,1,0,1,0,0,0,1,1,0,1,0,1,0,1,0,1,0,1,0,0,0,1,0,0,0,0
4547-FZJWE,0,0.916485935133264,-0.181844455069103,0.375692976323628,1,1,1,1,0,0,0,0,0,1,0,0,0,0,0,0,0,0,0,1,1,0,0,1,0,0,0
7850-VWJUU,0,-0.386097579701744,0.33415945470681,-0.229547509798876,0,0,0,1,0,0,1,0,0,1,0,0,0,0,0,0,0,0,0,0,0,0,1,0,0,0,0
9643-YBLUR,0,-0.955977867442059,0.136717444213775,-0.723289394941467,1,1,0,1,0,1,0,0,0,0,0,1,0,1,0,0,0,0,0,1,0,0,1,1,0,0,0
2931-VUVJN,1,1.07930887448764,0.966305723596272,1.39733540444003,0,1,0,1,0,1,1,0,0,1,0,1,0,1,0,1,0,0,0,0,1,0,1,0,1,0,0
9453-PATOS,0,1.60848342738936,0.669313119577338,1.6921623804511,0,1,0,1,0,0,0,0,0,1,0,1,0,1,0,1,0,1,0,1,0,1,0,0,0,1,0
1393-IMKZG,0,-1.28162374615081,1.02603607971181,-0.968327273291101,0,0,0,1,0,0,1,0,0,0,0,0,0,0,0,1,0,1,0,1,0,0,1,0,1,0,0
8067-NIOYM,0,-0.34539184486315,-1.45443287564185,-0.794987451803132,0,1,1,1,0,0,0,1,1,0,1,0,1,0,1,0,1,0,1,0,0,1,1,1,0,0,0
1697-BCSHV,0,1.03860313964905,0.0620544990693508,0.732822183006286,0,1,1,1,0,1,0,0,0,0,0,1,0,0,0,0,0,1,0,0,0,0,1,0,0,0,0
6663-JOCQO,0,-0.0604517009929918,0.342455337500635,0.0189589212097107,1,1,1,1,0,1,0,0,0,1,0,1,0,0,0,1,0,0,0,1,1,0,1,0,0,0,0
6036-TTFYU,0,-0.671037723571902,-1.5042081724048,-0.872349347816759,0,1,0,1,0,0,0,1,1,0,1,0,1,0,1,0,1,0,1,0,0,0,0,0,0,1,0
9592-ERDKV,0,0.183782708038572,0.475189462201834,0.26803612670648,1,1,0,1,0,1,0,0,0,1,0,0,0,1,0,0,0,1,0,1,1,0,0,0,0,1,0
9824-BEMCV,0,-0.630331988733308,0.13505826765501,-0.505648692024583,1,1,1,1,0,0,1,0,0,0,0,0,0,0,0,0,0,0,0,0,0,0,1,0,1,0,1
5002-GCQFH,0,0.6722515261017,0.959669017361211,1.06769118464984,1,1,0,1,0,1,1,0,0,1,0,1,0,0,0,0,0,1,0,0,0,0,1,0,0,0,0
2962-XPMCQ,0,-1.24091801131222,-0.656368950875891,-0.967163771449806,1,0,0,1,0,0,0,0,0,0,0,0,0,0,0,0,0,0,0,0,0,0,1,0,1,0,1
6686-YPGHK,1,0.590840056424512,0.682586532047458,0.764390402775751,1,0,0,1,0,0,1,0,0,1,0,0,0,0,0,0,0,0,0,1,0,0,0,0,0,1,1
0488-GSLFR,0,-1.28162374615081,0.15165003324266,-0.979896433109257,0,0,0,1,0,0,1,0,0,0,0,0,0,0,0,0,0,0,0,0,0,0,1,0,1,0,1
1935-IMVBB,0,0.957191669971858,0.821957362983717,1.16421793174743,1,1,0,1,0,0,1,0,0,0,0,0,0,0,0,0,0,1,0,1,0,0,0,0,0,1,0
7432-FFVAR,0,0.550134321585918,0.863436776952842,0.84969923589407,0,1,1,1,0,0,1,0,0,0,0,0,0,1,0,1,0,0,0,1,1,0,0,0,0,0,0
0238-WHBIQ,0,1.60848342738936,0.821957362983717,1.77290501766396,1,1,1,1,0,1,0,0,0,1,0,1,0,1,0,1,0,1,0,1,0,1,0,1,0,0,0
7486-KSRVI,0,0.428017117070136,1.16374773408931,0.838700850564097,1,0,0,1,0,1,1,0,0,0,0,0,0,0,0,1,0,1,0,1,1,0,1,0,1,0,1
1915-IOFGU,0,-1.28162374615081,0.18483356441796,-0.979457375810655,0,0,0,1,0,0,1,0,0,0,0,0,0,0,0,0,0,0,0,0,0,0,0,0,1,0,1
5304-EFJLP,1,1.60848342738936,1.55033587228155,2.51207993272492,1,1,0,1,0,1,1,0,0,0,0,1,0,1,0,1,0,1,0,1,0,1,1,0,0,0,0
7636-OWBPG,1,-0.833860662926278,-1.18066874344563,-0.843042273135093,1,0,0,0,1,0,0,0,0,0,0,1,0,0,0,0,0,0,0,0,0,0,1,1,0,0,0
3908-MKIMJ,1,1.44566048803499,-0.76255625063685,0.291723267966044,1,1,0,0,1,0,0,0,0,1,0,1,0,1,0,0,0,0,0,0,0,1,1,0,1,0,0
1866-RZZQS,1,0.346605647392948,1.11065408420883,0.828251286857375,1,0,0,1,0,1,1,0,0,0,0,0,0,1,0,0,0,1,0,1,0,0,1,0,1,0,1
4001-TSBTV,0,1.03860313964905,0.883346895658022,1.40951924447622,0,1,1,1,0,0,1,0,0,0,0,1,0,1,0,0,0,1,0,0,0,0,1,0,1,0,0
5202-IVJNU,0,0.26519417771576,-1.15578109506415,-0.513705393453925,0,0,1,0,1,0,0,0,0,0,0,0,0,1,0,0,0,0,0,0,0,0,0,1,0,0,1
4091-TVOCN,0,0.631545791263106,0.458597696614184,0.606395633873914,1,0,1,1,0,1,0,0,0,1,0,0,0,1,0,0,0,1,0,1,1,0,1,1,0,0,0
8815-LMFLX,0,-0.304686110024556,-1.31174369158806,-0.770312431621714,1,1,1,1,0,1,0,1,1,0,1,0,1,0,1,0,1,0,1,0,0,0,1,0,0,0,0
6696-YDAYZ,0,-0.671037723571902,-1.47434299434703,-0.882842817253341,1,1,1,1,0,0,0,1,1,0,1,0,1,0,1,0,1,0,1,0,0,1,0,0,0,1,0
1307-ATKGB,0,-0.34539184486315,0.816979833307422,-0.0501267447252737,1,0,0,1,0,0,1,0,0,0,0,1,0,1,0,0,0,0,0,1,0,0,1,0,1,0,0
9386-LDCZR,0,0.428017117070136,0.853481717600252,0.694141234999472,1,0,0,1,0,0,1,0,0,1,0,1,0,1,0,1,0,0,0,0,1,0,1,1,0,0,0
3751-KTZEL,0,-1.28162374615081,-0.991522615746419,-0.995021957046087,0,0,0,0,1,0,0,0,0,0,0,0,0,0,0,0,0,0,0,1,0,0,0,0,0,1,1
9269-CQOOL,0,-1.20021227647362,-0.339466228151777,-0.936012656114012,1,0,1,1,0,0,0,0,0,0,0,0,0,0,0,0,0,1,0,0,0,0,1,1,0,0,1
9633-XQABV,0,-1.20021227647362,0.176537681624135,-0.909559453873257,0,0,0,1,0,0,1,0,0,0,0,0,0,0,0,0,0,0,0,0,0,0,1,0,1,0,0
7672-VFMXZ,0,0.997897404810452,-0.306282696976477,0.382103212883213,1,1,0,1,0,0,0,0,0,1,0,0,0,0,0,1,0,0,0,0,0,0,0,0,1,0,0
2267-WTPYD,1,0.997897404810452,0.964646547037507,1.37759977886788,0,1,0,1,0,1,1,0,0,0,0,1,0,1,0,0,0,0,0,1,0,0,0,1,0,0,0
7246-ZGQDF,0,-1.28162374615081,-0.346102934386837,-0.986482292588283,0,0,1,1,0,0,0,0,0,1,0,0,0,0,0,1,0,0,0,0,0,0,0,0,1,0,0
6410-LEFEN,0,-0.955977867442059,-0.656368950875891,-0.827565503359382,0,0,0,1,0,0,0,0,0,0,0,0,0,0,0,0,0,0,0,0,0,0,0,0,1,0,1
3319-DWOEP,1,-1.07809507195784,1.02271772659428,-0.758501790289327,1,1,0,1,0,0,1,0,0,0,0,0,0,1,0,0,0,1,0,1,0,0,1,0,1,0,1
3552-CTCYF,0,1.24213181384202,1.32302868373075,1.88615984783828,1,1,1,1,0,1,1,0,0,0,0,1,0,1,0,0,0,1,0,1,0,1,1,0,0,0,0
5599-HVLTW,1,-0.75244919324909,0.511691346494664,-0.545844387711573,0,0,0,1,0,1,1,0,0,0,0,0,0,1,0,0,0,0,0,0,0,0,1,0,0,0,0
0396-UKGAI,0,-0.386097579701744,-0.319556109446597,-0.446573532497718,1,0,1,1,0,0,0,0,0,0,0,1,0,0,0,1,0,0,0,0,0,0,1,0,0,0,0
3612-YVGSJ,0,1.56777769255077,-1.3432680462046,-0.272092162033385,0,1,0,1,0,1,0,1,1,0,1,0,1,0,1,0,1,0,1,0,0,1,1,1,0,0,0
5977-CKHON,0,0.428017117070136,0.916530426833322,0.762941513690366,0,1,1,1,0,1,1,0,0,0,0,0,0,1,0,0,0,0,0,1,0,0,1,0,0,0,0
1792-UXAFY,1,-0.630331988733308,0.803706420837302,-0.353186045085127,0,0,0,1,0,0,1,0,0,0,0,1,0,1,0,0,0,1,0,0,0,0,1,0,1,0,1
0799-DDIHE,0,-0.711743458410496,-0.618207890024296,-0.729655725771193,0,1,1,1,0,0,0,0,0,0,0,0,0,0,0,0,0,0,0,0,0,0,0,0,1,0,0
3057-VJJQE,0,0.102371238361384,-0.321215286005362,-0.165620767122462,1,0,0,1,0,1,0,0,0,1,0,0,0,0,0,0,0,0,0,0,0,1,0,0,0,1,0
4077-CROMM,0,-0.0604517009929918,1.30311856502557,0.413649479787748,0,1,1,1,0,1,1,0,0,0,0,0,0,1,0,1,0,1,0,1,0,0,1,0,1,0,1
5248-KWLAR,0,1.56777769255077,0.843526658247662,1.7667362626186,1,1,1,1,0,1,0,0,0,1,0,1,0,1,0,1,0,1,0,1,0,1,0,0,1,0,0
6599-CEBNN,0,0.0616655035227901,0.299316746972745,0.0979672820930944,0,0,0,1,0,0,1,0,0,0,0,1,0,0,0,0,0,0,0,0,0,0,1,1,0,0,1
7459-RRWQZ,0,-0.711743458410496,-0.00929009295754361,-0.573746479037713,0,0,0,1,0,1,0,0,0,1,0,0,0,0,0,0,0,0,0,1,0,0,1,0,0,0,1
9574-BOSMD,0,1.44566048803499,-1.31174369158806,-0.299050280167532,1,1,1,1,0,1,0,1,1,0,1,0,1,0,1,0,1,0,1,0,0,1,0,0,0,0,0
9470-RTWDV,0,-0.263980375185962,0.566444172933908,-0.0958106566447852,1,1,1,1,0,1,0,0,0,0,0,0,0,1,0,1,0,1,0,1,1,0,1,1,0,0,0
2585-KTFRE,0,-1.28162374615081,0.183174387859195,-0.979479328675585,1,0,1,1,0,0,0,0,0,1,0,1,0,0,0,1,0,0,0,1,0,0,1,0,0,0,0
6463-MVYRY,1,0.997897404810452,0.163264269154015,0.747135450940703,0,0,0,1,0,0,0,0,0,1,0,0,0,1,0,1,0,1,0,0,0,1,0,0,0,0,0
2237-ZFSMY,0,0.26519417771576,1.01608102035922,0.610961829779372,0,0,0,1,0,0,1,0,0,1,0,0,0,1,0,1,0,1,0,0,1,0,1,0,1,0,1
5512-IDZEI,0,0.550134321585918,-1.32833545717571,-0.494606400964749,1,1,1,1,0,1,0,1,1,0,1,0,1,0,1,0,1,0,1,0,1,0,0,0,1,0,0
2324-EFHVG,0,1.28283754868061,1.30975527126063,1.92804591412488,1,0,0,1,0,1,1,0,0,0,0,1,0,1,0,0,0,1,0,1,0,1,1,0,0,0,0
7398-SKNQZ,0,-1.20021227647362,0.994511725095277,-0.890460461384081,0,1,0,1,0,1,1,0,0,0,0,0,0,0,0,0,0,1,0,1,0,0,0,0,1,0,0
5712-VBOXD,0,-1.15950654163503,-1.48595723025839,-0.980357443272789,0,0,0,1,0,0,0,1,1,0,1,0,1,0,1,0,1,0,1,0,0,0,1,1,0,0,0
7579-KKLOE,0,1.56777769255077,0.873391836305432,1.88280105950397,1,1,1,1,0,1,0,0,0,1,0,1,0,1,0,1,0,1,0,1,0,1,1,0,0,1,0
5480-TBGPH,0,-0.34539184486315,1.1405192622666,0.0570910475932721,0,1,0,1,0,0,1,0,0,0,0,1,0,1,0,0,0,1,0,1,0,0,1,1,0,0,1
1985-MBRYP,0,0.428017117070136,-1.50254899584604,-0.668275515426669,0,0,0,1,0,0,0,1,1,0,1,0,1,0,1,0,1,0,1,0,0,1,1,0,0,0,0
1703-MGIAB,0,-0.630331988733308,0.13505826765501,-0.523935428511346,0,0,0,1,0,1,0,0,0,0,0,0,0,1,0,1,0,1,0,0,0,0,1,0,0,1,0
0666-UXTJO,1,0.0616655035227901,0.672631472694868,0.251637336603705,1,1,0,1,0,0,1,0,0,0,0,0,0,1,0,0,0,1,0,0,0,0,1,1,0,0,0
3580-REOAC,0,-0.915272132603466,-0.666324010228481,-0.819245367550878,1,0,0,1,0,0,0,0,0,0,0,0,0,0,0,0,0,0,0,0,0,0,1,1,0,0,1
0093-EXYQL,1,0.305899912554354,0.883346895658022,0.602509976781288,0,0,0,1,0,0,1,0,0,0,0,0,0,0,0,0,0,1,0,1,0,0,1,0,1,0,0
5792-JALQC,1,0.794368730617482,-0.168571042598983,0.352093646523784,0,0,0,1,0,1,0,0,0,1,0,0,0,1,0,0,0,0,0,0,0,1,0,0,0,0,0
3062-ICYZQ,0,0.753662995778888,0.958009840802447,0.982623833045748,0,1,1,1,0,1,1,0,0,1,0,1,0,0,0,0,0,0,0,1,0,0,1,0,1,0,0
7315-WYOAW,0,-0.793154928087684,1.18863538247078,-0.433818917973338,1,0,0,1,0,1,1,0,0,0,0,0,0,0,0,1,0,1,0,1,0,0,0,0,1,0,0
2937-FTHUR,0,-0.589626253894714,-0.00431256328124892,-0.498162765083423,0,0,1,1,0,1,0,0,0,1,0,0,0,0,0,0,0,0,0,1,0,0,0,0,1,0,0
8845-LWKGE,0,-0.101157435831586,-0.0142676226338388,-0.138816319042826,0,1,1,1,0,0,0,0,0,0,0,0,0,1,0,1,0,1,0,0,1,0,1,0,1,0,0
2984-MIIZL,0,-1.15950654163503,0.32752274847175,-0.869078370942176,1,0,0,1,0,0,1,0,0,0,0,0,0,1,0,0,0,0,0,0,0,0,1,0,0,0,1
1564-HJUVY,0,-1.15950654163503,-0.0391552710153137,-0.911096154418363,1,0,0,1,0,0,0,0,0,0,0,1,0,0,0,1,0,1,0,0,0,0,1,0,0,0,0
8305-VHZBZ,0,-1.28162374615081,-1.48429805369962,-1.00154195793032,1,0,0,1,0,0,0,1,1,0,1,0,1,0,1,0,1,0,1,0,0,0,1,0,0,1,1
4487-ZYJZK,0,0.224488442877166,-1.5042081724048,-0.675366290799087,0,1,1,1,0,0,0,1,1,0,1,0,1,0,1,0,1,0,1,0,1,0,0,1,0,0,0
8398-TBIYD,0,1.60848342738936,0.656039707107218,1.7052243350845,0,0,0,1,0,1,1,0,0,1,0,0,0,0,0,1,0,0,0,0,0,1,1,0,0,0,0
1813-JYWTO,0,1.60848342738936,0.515009699612194,1.50872424109529,0,1,0,1,0,1,1,0,0,1,0,0,0,0,0,0,0,0,0,0,0,1,0,0,0,0,0
0674-EYYZV,0,-1.28162374615081,-0.341125404710542,-0.986416433993492,0,0,0,1,0,0,0,0,0,0,0,0,0,0,0,0,0,1,0,0,0,0,1,0,1,0,0
2530-FMFXO,0,0.957191669971858,1.26993503385027,1.56850189229991,1,1,1,1,0,1,1,0,0,0,0,0,0,1,0,1,0,1,0,1,0,1,1,0,1,0,0
0529-ONKER,1,-0.711743458410496,0.355728749970755,-0.506965863920388,1,0,0,1,0,1,1,0,0,0,0,0,0,0,0,0,0,0,0,0,0,0,0,0,1,0,1
5982-XMDEX,0,1.3235432835192,-1.27524180729523,-0.264650140822086,0,0,0,1,0,1,0,1,1,0,1,0,1,0,1,0,1,0,1,0,0,1,0,0,0,0,0
4710-NKCAW,0,-1.11880080679644,-0.0175859757513686,-0.871273657435185,1,1,1,1,0,1,0,0,0,1,0,1,0,0,0,1,0,0,0,0,0,0,0,1,0,0,0
6024-RUGGH,0,1.60848342738936,-1.31838039782312,-0.220590740907401,1,1,1,1,0,1,0,1,1,0,1,0,1,0,1,0,1,0,1,0,0,1,1,0,0,0,0
1304-SEGFY,0,1.60848342738936,1.09240314206241,1.99331178156203,0,1,0,1,0,1,1,0,0,0,0,0,0,1,0,0,0,1,0,1,0,1,1,0,1,0,0
8148-BPLZQ,0,0.0616655035227901,-0.502065530910747,-0.248997748126934,1,0,0,1,0,0,0,0,0,0,0,1,0,0,0,0,0,0,0,0,0,0,1,0,1,0,0
1728-CXQBE,1,1.28283754868061,0.972942429831332,1.65967214035457,1,1,0,1,0,1,1,0,0,0,0,1,0,1,0,0,0,0,0,1,0,0,1,0,1,0,0
0374-FIUCA,0,1.3235432835192,-1.47766134746456,-0.389386319354841,1,1,0,1,0,0,0,1,1,0,1,0,1,0,1,0,1,0,1,0,0,1,1,1,0,0,0
6035-RIIOM,0,0.87578020029467,1.07083384679847,1.24171154495064,0,0,0,1,0,1,1,0,0,0,0,1,0,0,0,0,0,1,0,1,0,1,1,0,0,0,0
3590-TCXTB,0,-1.28162374615081,-1.47932052402333,-1.00147609933553,1,0,0,1,0,0,0,1,1,0,1,0,1,0,1,0,1,0,1,0,0,0,0,0,0,1,0
0315-LVCRK,0,-0.874566397764872,0.659358060224748,-0.620198741229778,1,0,0,1,0,0,1,0,0,0,0,0,0,1,0,0,0,0,0,1,0,0,0,0,1,0,0
0314-TKOSI,0,-1.07809507195784,-0.324533639122892,-0.868639313643575,0,0,0,1,0,0,0,0,0,1,0,1,0,0,0,0,0,0,0,0,0,0,0,0,0,1,0
0971-QIFJK,0,1.48636622287358,-1.34990475243966,-0.289566642517735,0,1,0,1,0,1,0,1,1,0,1,0,1,0,1,0,1,0,1,0,0,1,0,0,0,0,0
2792-VPPET,0,-1.20021227647362,-1.47434299434703,-0.976625456234674,1,0,0,1,0,0,0,1,1,0,1,0,1,0,1,0,1,0,1,0,0,0,1,0,1,0,0
9443-JUBUO,0,1.60848342738936,0.0106200257476361,0.956060866480343,1,1,1,0,1,0,0,0,0,1,0,1,0,1,0,1,0,1,0,1,0,1,1,1,0,0,0
4578-PHJYZ,0,0.794368730617482,0.126762384861185,0.518759797073006,1,1,1,1,0,0,0,0,0,0,0,1,0,1,0,1,0,1,0,0,1,0,1,0,1,0,0
3588-WSTTJ,1,0.102371238361384,1.13222337947277,0.550262158247681,0,0,0,1,0,1,1,0,0,1,0,0,0,0,0,0,0,1,0,1,0,0,1,0,1,0,0
1347-KTTTA,0,1.28283754868061,1.24504738546879,1.91112025526379,1,1,0,1,0,0,1,0,0,0,0,1,0,1,0,1,0,1,0,1,1,0,1,1,0,0,0
7073-QETQY,0,1.3642490183578,-1.47932052402333,-0.413512517913007,1,1,1,1,0,0,0,1,1,0,1,0,1,0,1,0,1,0,1,0,1,0,1,0,1,0,0
7892-POOKP,0,-0.182568905508774,1.32302868373075,0.326979569043764,0,1,0,1,0,1,1,0,0,0,0,0,0,1,0,1,0,1,0,1,0,0,1,0,1,0,1
6480-YAGIY,0,0.509428586747324,1.56858681442796,1.19885955260711,1,0,0,1,0,0,1,0,0,1,0,1,0,1,0,1,0,1,0,1,1,0,0,1,0,0,0
4625-LAMOB,0,0.46872285190873,-1.47766134746456,-0.612822578613269,1,0,0,1,0,0,0,1,1,0,1,0,1,0,1,0,1,0,1,0,0,1,0,1,0,0,0
5277-ZLOOR,1,-1.24091801131222,0.684245708606223,-0.928109624739181,0,0,0,1,0,1,1,0,0,0,0,0,0,0,0,0,0,1,0,0,0,0,1,0,1,0,1
5906-DVAPM,0,0.916485935133264,0.33415945470681,0.83973263521581,0,1,1,1,0,1,0,0,0,1,0,1,0,0,0,1,0,1,0,0,1,0,1,1,0,0,0
1501-SGHBW,0,-1.24091801131222,-0.633140479053181,-0.974847274175336,1,0,0,1,0,0,0,0,0,0,0,0,0,0,0,0,0,0,0,0,0,0,0,0,0,1,1
7663-YJHSN,0,1.60848342738936,1.29482268223174,2.30750118444144,0,1,0,1,0,1,1,0,0,1,0,1,0,1,0,1,0,1,0,0,0,1,1,0,0,0,0
9019-QVLZD,0,-1.28162374615081,0.485144521554424,-0.975483907258309,0,0,0,1,0,0,1,0,0,0,0,0,0,0,0,0,0,1,0,0,0,0,0,0,1,0,1
0117-LFRMW,0,0.183782708038572,-0.820627430193625,-0.374304701147871,1,1,1,0,1,0,0,0,0,1,0,1,0,1,0,0,0,0,0,0,0,0,0,0,0,0,1
0885-HMGPY,0,1.20142607900342,0.148331680125131,0.850094387462812,1,0,0,1,0,1,0,0,0,1,0,1,0,1,0,1,0,0,0,0,0,1,0,0,0,0,0
5158-RIVOP,0,-0.874566397764872,-1.46106958187691,-0.921589623854945,0,1,1,1,0,0,0,1,1,0,1,0,1,0,1,0,1,0,1,0,0,1,0,1,0,0,0
1302-TPUBN,0,1.3642490183578,-1.51250405519863,-0.465628619257034,1,0,0,1,0,0,0,1,1,0,1,0,1,0,1,0,1,0,1,0,0,1,0,0,0,0,0
7105-MXJLL,1,-0.263980375185962,-0.140365041099978,-0.309060786575652,0,1,0,1,0,0,0,0,0,0,0,0,0,1,0,0,0,0,0,1,1,0,0,0,0,1,0
2550-QHZGP,0,-1.03738933711925,-1.50752652552233,-0.953948146761894,1,0,0,1,0,0,0,1,1,0,1,0,1,0,1,0,1,0,1,0,1,0,0,0,0,1,0
8443-WVPSS,0,-0.915272132603466,1.15877020441301,-0.57534903817761,1,1,0,1,0,0,1,0,0,0,0,1,0,0,0,1,0,1,0,1,0,0,1,0,1,0,1
4056-QHXHZ,0,1.60848342738936,1.41096504134529,2.31619451895375,0,1,1,1,0,1,1,0,0,1,0,0,0,1,0,1,0,1,0,1,0,1,0,0,0,1,0
4510-HIMLV,0,-1.28162374615081,0.16160509259525,-0.979764715919676,1,0,0,1,0,0,1,0,0,0,0,0,0,0,0,0,0,0,0,0,0,0,1,0,1,0,1
5071-FBJFS,0,-1.15950654163503,-0.485473765323097,-0.915091575835639,0,1,1,1,0,0,0,0,0,1,0,0,0,0,0,0,0,0,0,0,0,0,0,0,1,0,0
1429-UYJSV,0,-0.833860662926278,-1.50088981928727,-0.895860866156883,0,0,0,1,0,0,0,1,1,0,1,0,1,0,1,0,1,0,1,0,1,0,0,0,0,1,0
8286-AFUYI,0,-1.28162374615081,-0.563455063585051,-0.989358117894124,1,0,0,1,0,0,0,0,0,1,0,0,0,0,0,0,0,0,0,0,0,0,0,0,1,0,0
0345-XMMUG,0,0.550134321585918,1.45908116154947,1.12090492924037,0,1,0,1,0,1,1,0,0,0,0,1,0,1,0,1,0,1,0,1,0,1,1,1,0,0,0
3221-CJMSG,0,-0.34539184486315,-0.458926940382857,-0.452983769057304,1,0,0,1,0,0,0,0,0,0,0,0,0,0,0,1,0,0,0,0,0,0,1,1,0,0,0
8981-FJGLA,0,-0.874566397764872,0.433710048232709,-0.636421908413112,1,0,1,1,0,1,1,0,0,0,0,0,0,1,0,0,0,0,0,0,0,0,1,0,0,1,0
1223-UNPKS,0,-0.508214784217526,-1.48927558337592,-0.83478799592138,1,1,1,1,0,0,0,1,1,0,1,0,1,0,1,0,1,0,1,0,0,1,0,0,0,1,0
9921-EZKBY,0,0.0209597686841961,1.0077851375654,0.427567596153424,1,0,1,1,0,1,1,0,0,1,0,0,0,1,0,0,0,0,0,1,0,0,1,0,0,0,0
4822-NGOCH,0,-0.793154928087684,0.647743824313393,-0.545624859062272,0,0,0,1,0,1,1,0,0,0,0,1,0,1,0,0,0,0,0,0,0,0,1,0,1,0,1
0318-ZOPWS,0,0.6722515261017,-1.48595723025839,-0.58305449376807,0,1,0,1,0,0,0,1,1,0,1,0,1,0,1,0,1,0,1,0,0,1,1,0,0,0,0
4881-GQJTW,0,-0.75244919324909,-1.5042081724048,-0.878518102862114,1,0,0,1,0,0,0,1,1,0,1,0,1,0,1,0,1,0,1,0,0,0,0,1,0,0,0
2956-GGUCQ,1,-0.34539184486315,0.461916049731714,-0.232291617915137,1,1,0,1,0,1,1,0,0,1,0,0,0,0,0,0,0,0,0,0,0,0,1,0,1,0,1
0880-TKATG,0,-1.15950654163503,1.2019087949409,-0.840978703831665,1,1,1,1,0,1,1,0,0,0,0,0,0,1,0,0,0,1,0,1,0,0,0,0,1,0,1
3190-XFANI,0,0.6722515261017,1.18365785279448,1.21545591849425,1,0,1,1,0,1,1,0,0,0,0,0,0,0,0,1,0,1,0,1,1,0,1,0,0,0,1
7234-KMNRQ,0,-1.15950654163503,-1.52411829110998,-0.97816215677978,1,0,0,1,0,0,0,1,1,0,1,0,1,0,1,0,1,0,1,0,0,0,0,0,0,1,0
5406-KGRMX,0,1.56777769255077,-1.33994969308707,-0.25560556047089,0,0,0,1,0,1,0,1,1,0,1,0,1,0,1,0,1,0,1,0,0,1,0,0,1,0,0
0780-XNZFN,0,0.997897404810452,-1.46936546467074,-0.516208020055955,1,0,0,1,0,0,0,1,1,0,1,0,1,0,1,0,1,0,1,0,0,1,0,0,0,0,0
2916-BQZLN,0,-0.54892051905612,0.657698883665983,-0.285110210936927,1,0,0,1,0,1,1,0,0,1,0,0,0,1,0,0,0,0,0,0,0,0,1,0,1,0,0
8496-EJAUI,0,-0.54892051905612,0.295998393855214,-0.384973793503894,1,0,0,1,0,0,1,0,0,0,0,1,0,0,0,0,0,0,0,0,0,0,1,1,0,0,1
6719-OXYBR,0,-0.711743458410496,0.675949825812398,-0.474826869662741,1,0,0,1,0,0,1,0,0,0,0,0,0,1,0,0,0,1,0,0,0,0,0,0,1,0,0
2144-BFDSO,1,0.712957260940294,1.45410363187318,1.37450442491273,0,1,0,1,0,1,1,0,0,1,0,1,0,1,0,0,0,1,0,1,0,0,0,0,0,0,0
9492-TOKRI,0,-0.589626253894714,0.831912422336307,-0.339816750342704,0,0,0,1,0,1,1,0,0,0,0,1,0,0,0,0,0,1,0,0,0,0,1,1,0,0,1
4730-AWNAU,0,0.143076973199978,-0.140365041099978,-0.029315428771551,1,1,1,0,1,0,0,0,0,1,0,0,0,1,0,1,0,1,0,1,1,0,0,1,0,0,0
6992-TKNYO,0,0.224488442877166,0.13505826765501,0.161630590390347,1,1,0,1,0,1,0,0,0,0,0,0,0,1,0,1,0,0,0,1,1,0,0,1,0,0,0
5668-MEISB,0,1.60848342738936,1.36616727425864,2.35162644295091,0,1,1,1,0,1,1,0,0,1,0,1,0,1,0,1,0,1,0,0,0,1,0,1,0,0,0
8263-JQAIK,1,-1.24091801131222,-1.3432680462046,-0.989555693678495,1,0,0,0,1,0,0,0,0,0,0,0,0,0,0,0,0,0,0,0,0,0,1,0,0,1,1
5176-LDKUH,0,0.631545791263106,0.339136984383105,0.645998602207791,0,0,0,1,0,0,1,0,0,0,0,1,0,0,0,0,0,0,0,0,1,0,0,0,1,0,0
4749-VFKVB,0,-1.28162374615081,-0.492110471558157,-0.98841414470213,0,0,0,1,0,1,0,0,0,0,0,0,0,0,0,0,0,0,0,0,0,0,1,0,0,1,1
5161-UBZXI,0,1.48636622287358,1.37446315705246,2.17791342275913,1,1,1,1,0,0,1,0,0,1,0,1,0,0,0,1,0,1,0,1,0,1,1,1,0,0,0
1600-DILPE,0,-0.833860662926278,-0.661346480552186,-0.780191220840253,0,0,0,1,0,0,0,0,0,0,0,0,0,0,0,0,0,0,0,0,0,0,1,0,0,0,0
3097-PYWXL,0,-1.15950654163503,-1.49259393649345,-0.974013065307993,0,1,1,1,0,0,0,1,1,0,1,0,1,0,1,0,1,0,1,0,0,0,1,0,1,0,0
0515-YPMCW,0,-1.28162374615081,0.183174387859195,-0.979479328675585,1,0,1,1,0,0,1,0,0,0,0,0,0,0,0,0,0,0,0,0,0,0,1,0,0,1,1
4163-NCJAK,0,0.550134321585918,-1.3432680462046,-0.542309976457829,0,1,0,1,0,1,0,1,1,0,1,0,1,0,1,0,1,0,1,0,1,0,1,0,0,0,0
2804-ETQDK,0,1.3642490183578,-1.47268381778827,-0.414566255429651,1,0,1,1,0,0,0,1,1,0,1,0,1,0,1,0,1,0,1,0,0,1,0,0,0,1,0
0305-SQECB,0,-0.874566397764872,-0.958339084571119,-0.833646446945016,0,0,1,0,1,0,0,0,0,1,0,0,0,0,0,1,0,0,0,0,1,0,1,0,0,1,0
6122-EFVKN,0,-0.34539184486315,-0.968294143923709,-0.645642111683749,1,0,1,0,1,0,0,0,0,1,0,0,0,0,0,1,0,0,0,0,0,1,0,0,0,1,0
4393-GEADV,0,1.52707195771217,1.65320481892498,2.43280813746238,1,1,1,1,0,1,1,0,0,1,0,1,0,1,0,1,0,1,0,1,0,1,0,1,0,0,0
0281-CNTZX,0,1.24213181384202,-1.49259393649345,-0.468262963048645,1,1,0,1,0,0,0,1,1,0,1,0,1,0,1,0,1,0,1,0,0,1,1,0,0,0,0
6972-SNKKW,0,-1.07809507195784,-1.49093475993468,-0.962465858354767,0,0,0,1,0,0,0,1,1,0,1,0,1,0,1,0,1,0,1,0,0,0,0,0,0,1,0
3061-BCKYI,0,-0.75244919324909,-1.49425311305221,-0.885828406883833,1,0,0,1,0,0,0,1,1,0,1,0,1,0,1,0,1,0,1,0,0,0,0,0,0,1,0
7480-SPLEF,0,1.48636622287358,-1.29183357288288,-0.221622525559115,1,1,1,1,0,1,0,1,1,0,1,0,1,0,1,0,1,0,1,0,0,1,1,0,0,0,0
6135-OZQVA,0,-1.03738933711925,-0.374308935885842,-0.832878096672463,0,0,0,1,0,1,0,0,0,1,0,0,0,0,0,0,0,0,0,0,0,0,1,0,1,0,0
4290-BSXUX,0,-1.20021227647362,0.488462874671954,-0.899878240439089,1,1,0,1,0,1,1,0,0,0,0,0,0,0,0,1,0,0,0,0,0,0,1,0,0,0,1
7670-ZBPOQ,0,1.03860313964905,-0.128750805188623,0.516959662148739,0,1,0,1,0,1,0,0,0,1,0,0,0,0,0,1,0,0,0,0,1,0,1,0,0,0,0
0804-XBFBV,0,-0.874566397764872,-1.31838039782312,-0.869451569645988,0,0,1,0,1,0,0,0,0,0,0,0,0,0,0,0,0,0,0,0,0,0,0,0,1,0,0
8670-ERCJH,0,1.60848342738936,1.60840705183832,2.57409677615242,1,0,0,1,0,1,1,0,0,1,0,1,0,1,0,1,0,1,0,1,0,1,0,0,0,0,0
4335-BSMJS,0,1.20142607900342,-1.29847027911794,-0.32374725321388,0,0,0,1,0,1,0,1,1,0,1,0,1,0,1,0,1,0,1,0,0,1,1,1,0,0,0
8150-QUDFX,0,-1.24091801131222,-1.49591228961098,-0.987755558754228,1,0,0,1,0,0,0,1,1,0,1,0,1,0,1,0,1,0,1,0,0,0,0,0,0,1,0
1550-EENBN,0,-0.0604517009929918,1.30809609470186,0.397031161035672,0,0,0,1,0,1,1,0,0,1,0,1,0,0,0,0,0,1,0,1,0,0,0,0,1,0,0
3797-VTIDR,0,-1.28162374615081,-1.3764515773799,-1.00011502170987,1,1,0,0,1,0,0,0,0,0,0,0,0,0,0,0,0,0,0,0,0,0,1,0,1,0,1
6260-XLACS,0,-1.15950654163503,-1.50088981928727,-0.958689965586792,1,0,0,1,0,0,0,1,1,0,1,0,1,0,1,0,1,0,1,0,1,0,0,0,0,1,0
3946-JEWRQ,0,0.590840056424512,1.00446678444787,0.993007538157679,1,1,0,1,0,1,1,0,0,0,0,0,0,0,0,0,0,1,0,1,1,0,1,1,0,0,0
0440-MOGPM,0,0.346605647392948,0.518328052729724,0.422628201544154,0,0,0,1,0,1,0,0,0,0,0,1,0,1,0,0,0,1,0,1,1,0,1,0,1,0,0
4837-PZTIC,0,0.590840056424512,-0.764215427195615,-0.187068716159158,0,0,0,0,1,0,0,0,0,1,0,0,0,1,0,1,0,0,0,0,0,1,0,0,0,1,0
3091-FYHKI,0,-1.28162374615081,-0.978249203276299,-0.994846334126646,1,0,0,0,1,0,0,0,0,0,0,0,0,0,0,0,0,0,0,1,0,0,1,0,1,0,1
4694-PHWFW,0,-0.996683602280654,-1.49259393649345,-0.93537602303104,0,0,1,1,0,0,0,1,1,0,1,0,1,0,1,0,1,0,1,0,0,0,0,0,0,1,0
5788-YPOEG,0,0.0616655035227901,0.657698883665983,0.236270331152644,0,1,1,1,0,0,0,0,0,1,0,1,0,1,0,1,0,1,0,1,0,1,0,0,0,1,0
2208-NKVVH,0,0.428017117070136,-1.34990475243966,-0.537129100334328,1,1,1,1,0,1,0,1,1,0,1,0,1,0,1,0,1,0,1,0,0,1,0,0,0,1,0
7009-LGECI,0,-1.15950654163503,-0.477177882529272,-0.906947062946577,0,0,0,1,0,0,0,0,0,1,0,0,0,0,0,0,0,0,0,0,0,0,1,0,0,0,0
5294-IMHHT,0,0.835074465456076,1.08908478894488,1.20384285294624,1,1,0,1,0,1,1,0,0,0,0,1,0,0,0,1,0,0,0,1,1,0,0,0,0,0,0
8413-YNHNV,0,1.48636622287358,0.853481717600252,1.76535323212801,1,0,0,1,0,1,0,0,0,1,0,1,0,1,0,1,0,1,0,1,0,1,0,0,0,1,0
7823-JSOAG,0,-1.20021227647362,0.31756768911916,-0.914937905781129,1,0,0,1,0,1,1,0,0,0,0,0,0,0,0,0,0,0,0,0,0,0,0,0,1,0,0
9055-MOJJJ,0,1.28283754868061,0.0288709678940509,0.775674175349816,0,1,1,1,0,0,0,0,0,1,0,0,0,0,0,1,0,1,0,0,1,0,0,0,0,1,0
5555-RNPGT,0,-0.915272132603466,-1.33165381029324,-0.912105986205147,1,0,1,1,0,1,0,1,1,0,1,0,1,0,1,0,1,0,1,0,0,0,0,1,0,0,0
7407-SUJIZ,0,-0.304686110024556,-1.4710246412295,-0.772661388169233,1,0,0,1,0,0,0,1,1,0,1,0,1,0,1,0,1,0,1,0,0,0,0,0,0,1,0
2947-DOMLJ,0,-1.28162374615081,-0.475518705970506,-0.98819461605283,1,0,1,1,0,0,0,0,0,1,0,0,0,0,0,0,0,0,0,0,0,0,0,0,0,1,1
7241-AJHFS,0,-0.0197459661543978,0.753931124074353,0.204197195489786,1,0,0,1,0,1,1,0,0,1,0,0,0,0,0,1,0,0,0,0,0,0,0,0,0,0,0
6092-QZVPP,0,0.143076973199978,0.473530285643069,0.243075719280971,1,0,0,1,0,0,0,0,0,1,0,0,0,1,0,1,0,1,0,1,0,0,1,1,0,0,0
6865-JZNKO,0,-0.101157435831586,-0.319556109446597,-0.338389814122249,0,0,0,1,0,0,0,0,0,1,0,1,0,0,0,0,0,0,0,0,0,0,1,0,0,0,0
4404-HIBDJ,0,-0.304686110024556,0.3109309828841,-0.192095922228148,0,0,0,1,0,0,0,0,0,1,0,1,0,1,0,1,0,1,0,0,1,0,0,0,0,1,1
3001-UNBTL,1,-0.14186317067018,1.29482268223174,0.291306163532372,1,1,1,1,0,1,1,0,0,0,0,0,0,1,0,0,0,1,0,1,0,0,1,0,1,0,0
6960-HVYXR,0,-1.28162374615081,0.367342985882109,-0.977042560668345,0,0,0,1,0,1,1,0,0,0,0,0,0,0,0,0,0,0,0,0,0,0,0,0,1,0,1
0103-CSITQ,0,0.997897404810452,1.47567292713712,1.73488265560505,0,1,0,1,0,1,1,0,0,0,0,1,0,1,0,1,0,1,0,1,1,0,1,0,0,0,0
6479-OAUSD,0,-0.304686110024556,-1.49425311305221,-0.786140447236307,1,0,0,1,0,0,0,1,1,0,1,0,1,0,1,0,1,0,1,0,1,0,0,1,0,0,0
3757-NJYBX,1,-0.0197459661543978,1.37446315705246,0.535400068690012,1,1,0,1,0,1,1,0,0,0,0,1,0,1,0,0,0,1,0,1,0,0,0,0,0,0,1
0363-SVHYR,0,1.56777769255077,0.727384299134113,1.73975619161952,1,1,1,1,0,1,0,0,0,1,0,1,0,1,0,1,0,1,0,1,0,1,0,0,0,0,0
7075-BNDVQ,0,-1.15950654163503,-0.993181792305184,-0.950808887076891,0,0,0,0,1,0,0,0,0,1,0,0,0,1,0,0,0,0,0,0,0,0,0,0,0,1,0
9691-HKOVS,0,0.916485935133264,0.836889952012602,1.14841186899777,0,1,0,1,0,1,0,0,0,1,0,1,0,1,0,1,0,1,0,1,1,0,1,0,1,0,0
4558-FANTW,0,-0.630331988733308,0.893301955010612,-0.319137151578562,0,1,1,1,0,0,1,0,0,1,0,0,0,0,0,1,0,1,0,0,0,0,0,0,1,0,1
8780-IHCRN,0,1.24213181384202,-1.33663133996954,-0.319115198713632,1,1,1,1,0,1,0,1,1,0,1,0,1,0,1,0,1,0,1,0,0,1,0,1,0,0,0
5533-NHFRF,1,-1.03738933711925,-0.681256599257366,-0.893709485393734,1,0,0,0,1,0,0,0,0,0,0,1,0,0,0,1,0,0,0,1,0,0,1,0,1,0,0
2889-FPWRM,0,1.60848342738936,1.75441458900964,2.80271391153435,1,1,0,1,0,1,1,0,0,1,0,1,0,1,0,1,0,1,0,1,1,0,1,0,0,0,1
0723-VSOBE,1,0.509428586747324,-1.01972861724542,-0.309412032414534,0,0,0,0,1,0,0,0,0,0,0,0,0,0,0,0,0,0,0,1,1,0,0,0,1,0,0
4273-MBHYA,0,-1.28162374615081,0.810343127072362,-0.971181145732012,0,0,1,1,0,0,1,0,0,0,0,0,0,0,0,0,0,1,0,1,0,0,1,0,1,0,0
7602-MVRMB,0,1.60848342738936,1.51051563487119,2.52788599547459,0,1,1,1,0,1,1,0,0,1,0,0,0,1,0,1,0,1,0,1,0,1,1,0,0,0,0
1508-DFXCU,0,-0.833860662926278,0.548193230787494,-0.609990659037287,1,0,0,1,0,0,1,0,0,0,0,0,0,0,0,0,0,1,0,0,0,0,1,0,1,0,0
1028-FFNJK,1,-0.101157435831586,1.21352303085226,0.2706046119033,1,1,0,1,0,1,1,0,0,0,0,0,0,0,0,1,0,1,0,1,0,0,1,0,1,0,0
9481-IEBZY,1,1.60848342738936,1.59181528625067,2.52904949731588,1,1,0,1,0,1,1,0,0,1,0,1,0,1,0,1,0,1,0,1,0,0,1,1,0,0,0
7924-GJZFI,1,-0.304686110024556,0.1450133270076,-0.214356127267256,0,1,0,1,0,0,1,0,0,0,0,0,0,0,0,0,0,0,0,0,0,0,1,0,1,0,0
9445-ZUEQE,0,-0.223274640347368,0.672631472694868,-0.0657352316905657,1,1,1,1,0,1,1,0,0,0,0,1,0,0,0,1,0,0,0,0,0,0,1,1,0,0,0
7162-WPHPM,0,1.03860313964905,0.22133544871079,0.846911222047949,1,1,1,1,0,1,0,0,0,1,0,1,0,1,0,1,0,0,0,0,0,1,0,1,0,0,0
4671-LXRDQ,0,-1.24091801131222,-0.661346480552186,-0.96806383891194,1,0,0,1,0,0,0,0,0,0,0,0,0,0,0,0,0,0,0,0,0,0,1,0,0,1,1
1752-OZXFY,0,1.12001460932623,-0.170230219157748,0.553137983553522,1,1,0,1,0,0,0,0,0,1,0,0,0,0,0,0,0,1,0,0,1,0,1,0,0,1,0
2466-FCCPT,0,-0.508214784217526,-1.50088981928727,-0.836719848035228,0,1,1,1,0,0,0,1,1,0,1,0,1,0,1,0,1,0,1,0,1,0,0,0,0,0,0
6121-TNHBO,1,1.24213181384202,0.599627704109208,1.2915884540718,0,0,0,1,0,1,0,0,0,1,0,1,0,1,0,1,0,1,0,0,1,0,0,0,0,0,0
9845-QOMAD,0,-0.75244919324909,-1.49923064272851,-0.874588540039628,1,1,1,1,0,0,0,1,1,0,1,0,1,0,1,0,1,0,1,0,1,0,0,0,0,1,0
1872-EBWSC,0,-0.14186317067018,-1.47932052402333,-0.739358892070291,0,0,0,1,0,0,0,1,1,0,1,0,1,0,1,0,1,0,1,0,1,0,0,0,0,1,0
4806-HIPDW,0,-1.28162374615081,0.133399091096246,-0.980137914623488,0,1,0,1,0,0,1,0,0,0,0,0,0,0,0,0,0,0,0,0,0,0,1,0,1,0,1
6897-UUBNU,0,-0.14186317067018,0.820298186424952,0.141521766114387,1,0,0,1,0,0,1,0,0,0,0,1,0,0,0,1,0,1,0,0,0,0,0,0,0,1,0
6923-EFPNL,0,-1.15950654163503,-0.437357645118912,-0.922116492613267,1,0,0,1,0,1,0,0,0,0,0,0,0,0,0,0,0,0,0,0,0,0,0,1,0,0,1
0201-OAMXR,0,1.52707195771217,1.67975164386522,2.55807118475346,0,0,0,1,0,1,1,0,0,1,0,1,0,1,0,1,0,1,0,1,1,0,0,1,0,0,1
5876-HZVZM,0,-1.07809507195784,-0.299645990741418,-0.850001331317931,0,1,1,1,0,0,0,0,0,1,0,1,0,0,0,0,0,0,0,0,0,0,0,1,0,0,1
6350-XFYGW,1,-1.15950654163503,0.989534195418981,-0.824953112432701,1,0,0,1,0,0,1,0,0,0,0,0,0,1,0,0,0,1,0,1,0,0,1,0,1,0,0
9975-GPKZU,0,0.550134321585918,-1.49923064272851,-0.634358339109684,1,1,1,1,0,0,0,1,1,0,1,0,1,0,1,0,1,0,1,0,0,1,0,1,0,0,0
3589-PPVKW,0,-0.955977867442059,-0.681256599257366,-0.857553116853881,1,0,0,1,0,0,0,0,0,0,0,0,0,0,0,0,0,0,0,0,0,0,1,0,0,1,0
8042-JVNFH,0,-1.28162374615081,0.213039565916965,-0.979084177106843,1,0,0,1,0,0,1,0,0,0,0,0,0,0,0,0,0,0,0,0,0,0,1,0,0,1,1
2603-HVKCG,0,-0.0604517009929918,1.21020467773473,0.369831561387294,1,0,0,1,0,0,1,0,0,0,0,1,0,1,0,0,0,1,0,1,0,0,1,0,1,0,0
4988-IQIGL,1,-1.28162374615081,0.345773690618164,-0.977327947912436,1,0,0,1,0,1,1,0,0,0,0,0,0,0,0,0,0,0,0,0,0,0,1,0,1,0,1
1506-YJTYT,0,0.509428586747324,0.295998393855214,0.469651238224401,1,1,1,1,0,1,0,0,0,1,0,1,0,0,0,1,0,1,0,0,0,1,0,1,0,0,0
2458-EOMRE,0,-0.874566397764872,-0.0292002116627238,-0.688164811053328,0,0,0,1,0,0,0,0,0,1,0,0,0,1,0,0,0,0,0,1,0,0,0,0,0,0,0
1656-DRSMG,0,1.24213181384202,1.49060551616601,2.064285393881,0,0,0,1,0,1,1,0,0,0,0,1,0,1,0,1,0,1,0,1,0,0,1,1,0,0,0
9277-JOOMO,0,-1.20021227647362,-1.3382905165283,-0.972498317627817,0,0,0,1,0,1,0,1,1,0,1,0,1,0,1,0,1,0,1,0,0,0,0,0,0,1,0
6371-NZYEG,0,-0.671037723571902,-0.0225635054276637,-0.560816241593892,1,1,1,1,0,0,0,0,0,1,0,0,0,1,0,0,0,1,0,0,0,1,0,0,0,1,0
6131-IUNXN,0,-0.54892051905612,-1.48429805369962,-0.842603215836491,0,1,1,1,0,0,0,1,1,0,1,0,1,0,1,0,1,0,1,0,0,0,0,0,0,1,0
8766-PAFNE,0,1.56777769255077,0.470211932525539,1.43287709276184,1,1,0,1,0,0,0,0,0,0,0,1,0,1,0,1,0,1,0,1,0,1,1,1,0,0,0
5686-CMAWK,0,-0.630331988733308,0.724065946016583,-0.391230360008968,1,0,0,1,0,1,1,0,0,0,0,0,0,1,0,1,0,0,0,0,1,0,0,0,1,0,0
9702-AIUJO,0,0.712957260940294,-0.667983186787246,-0.0309399407763775,1,1,1,1,0,0,0,0,0,0,0,0,0,0,0,0,0,0,0,0,1,0,1,0,0,0,0
4450-DLLMH,0,-1.24091801131222,0.2113803893582,-0.941149626507653,1,0,0,1,0,0,1,0,0,0,0,0,0,0,0,0,0,0,0,0,0,0,1,1,0,0,0
3374-PZLXD,0,0.0616655035227901,-1.50088981928727,-0.71378380442674,1,0,0,1,0,0,0,1,1,0,1,0,1,0,1,0,1,0,1,0,0,0,0,0,0,1,0
7995-ZHHNZ,0,0.387311382231542,-0.293009284506357,0.0375529978054945,1,1,0,1,0,1,0,0,0,1,0,0,0,0,0,0,0,0,0,0,1,0,0,1,0,0,0
0197-PNKNK,0,1.48636622287358,0.647743824313393,1.55745960124008,0,1,1,1,0,1,1,0,0,1,0,0,0,1,0,0,0,0,0,0,1,0,0,0,0,0,0
8775-CEBBJ,0,-0.955977867442059,-0.687893305492425,-0.833317153971064,0,0,0,1,0,0,0,0,0,0,0,0,0,0,0,0,0,0,0,0,0,0,1,0,0,0,1
8676-OOQEJ,0,-1.15950654163503,-1.14250768259403,-0.958426531207631,1,0,0,0,1,0,0,0,0,0,0,0,0,0,0,1,0,0,0,0,0,0,0,0,1,0,0
0206-TBWLC,0,0.87578020029467,1.64988646580745,1.64566621252917,0,1,0,1,0,1,1,0,0,1,0,1,0,1,0,1,0,1,0,1,1,0,1,0,0,1,0
8383-SGHJU,0,0.0209597686841961,-0.183503631627868,-0.153019822652592,0,0,0,1,0,1,0,0,0,1,0,0,0,0,0,1,0,0,0,0,1,0,0,0,1,0,0
8800-JOOCF,0,-0.833860662926278,0.634470411843273,-0.586040083398562,0,0,1,1,0,1,1,0,0,0,0,0,0,0,0,0,0,1,0,0,0,0,1,0,1,0,0
6161-ERDGD,0,1.56777769255077,0.680927355488693,1.75602326453272,1,1,1,1,0,1,0,0,0,1,0,0,0,1,0,1,0,1,0,1,1,0,0,0,1,0,0
5960-MVTUK,0,-1.20021227647362,-1.16739533097551,-0.967888215992499,1,0,0,0,1,0,0,0,0,0,0,0,0,0,0,1,0,0,0,0,0,0,1,0,1,0,0
8325-QRPZR,0,-1.03738933711925,0.339136984383105,-0.779905833596162,0,0,0,1,0,0,1,0,0,0,0,0,0,1,0,0,0,0,0,0,0,0,1,0,1,0,0
2300-RQGOI,0,0.224488442877166,-1.48927558337592,-0.684849928448885,0,0,0,1,0,0,0,1,1,0,1,0,1,0,1,0,1,0,1,0,0,1,0,0,0,1,0
8748-HFWBO,0,-0.54892051905612,-1.49425311305221,-0.853360119652234,1,1,1,1,0,0,0,1,1,0,1,0,1,0,1,0,1,0,1,0,1,0,0,0,0,1,0
2126-GSEGL,0,1.52707195771217,0.659358060224748,1.58773260197867,0,1,0,1,0,1,0,0,0,0,0,1,0,1,0,1,0,1,0,1,0,1,1,0,0,0,0
2586-CWXVV,0,0.87578020029467,-1.14582603571156,-0.29854536427414,1,1,0,0,1,0,0,0,0,0,0,1,0,0,0,0,0,0,0,0,0,0,0,0,1,0,0
5127-BZENZ,0,0.957191669971858,0.00896084918887121,0.531624175922037,0,1,1,1,0,1,0,0,0,1,0,0,0,0,0,0,0,1,0,0,1,0,0,0,0,0,0
7596-ZYWBB,0,1.3235432835192,-0.176866925392808,0.631575569948724,0,0,0,1,0,0,0,0,0,1,0,1,0,0,0,1,0,0,0,0,0,1,1,0,0,1,0
4628-WQCQQ,0,0.102371238361384,0.670972296136103,0.320196133780367,1,0,1,1,0,0,1,0,0,0,0,0,0,1,0,0,0,1,0,0,1,0,1,0,1,0,1
0621-HJWXJ,0,1.24213181384202,0.551511583905023,1.19763019217102,0,1,0,1,0,1,1,0,0,0,0,1,0,0,0,0,0,0,0,0,0,0,1,0,0,0,0
4750-UKWJK,1,0.183782708038572,-1.5042081724048,-0.690865013439729,0,1,0,1,0,0,0,1,1,0,1,0,1,0,1,0,1,0,1,0,1,0,0,0,0,1,0
4228-ZGYUW,0,-1.15950654163503,0.833571598895072,-0.848793923746776,1,0,0,1,0,1,1,0,0,0,0,1,0,0,0,0,0,0,0,1,0,0,1,0,1,0,1
9172-ANCRX,0,-0.915272132603466,1.12060914356142,-0.583098399497931,0,0,0,1,0,1,1,0,0,1,0,0,0,0,0,0,0,1,0,1,0,0,1,0,1,0,1
1846-XWOQN,1,-1.28162374615081,0.173219328506606,-0.979611045865165,0,0,0,1,0,0,1,0,0,0,0,0,0,0,0,0,0,0,0,0,0,0,1,0,1,0,1
8750-QWZAJ,0,1.52707195771217,-1.49757146616974,-0.405060664914923,0,1,1,1,0,0,0,1,1,0,1,0,1,0,1,0,1,0,1,0,0,1,0,0,0,0,0
7270-BDIOA,0,-0.426803314540338,0.831912422336307,-0.135018473409921,0,0,0,1,0,1,1,0,0,0,0,0,0,0,0,1,0,1,0,0,0,0,1,0,1,0,1
2272-UOINI,0,-1.03738933711925,0.450301813820359,-0.759687244995552,0,0,0,1,0,0,0,0,0,1,0,1,0,0,0,1,0,1,0,1,0,0,1,0,1,0,0
7869-ZYDST,0,-0.0604517009929918,-0.195117867539223,-0.183753833554715,1,1,0,1,0,1,0,0,0,0,0,0,0,0,0,0,0,1,0,0,0,0,1,1,0,0,0
6522-OIQSX,0,1.48636622287358,-0.331170345357952,0.645932743613001,0,1,1,0,1,0,0,0,0,0,0,1,0,1,0,0,0,1,0,1,0,1,1,1,0,0,0
2107-FBPTK,1,-0.101157435831586,1.29980021190803,0.359930819303825,0,0,0,1,0,1,1,0,0,0,0,1,0,1,0,0,0,1,0,1,0,0,1,0,1,0,0
6313-GIDIT,1,0.835074465456076,-0.347762110945602,0.24290009636153,1,0,0,0,1,0,0,0,0,0,0,1,0,1,0,0,0,1,0,1,0,0,1,0,1,0,1
6140-QNRQQ,0,-1.28162374615081,0.219676272152025,-0.978996365647123,1,0,0,1,0,0,1,0,0,0,0,0,0,0,0,0,0,0,0,0,0,0,1,0,0,1,1
2400-XIWIO,0,1.56777769255077,0.835230775453837,1.76043579038367,0,1,0,1,0,1,0,0,0,1,0,1,0,1,0,1,0,1,0,1,0,1,0,0,1,0,0
4360-QRAVE,1,0.183782708038572,-0.938428965865939,-0.433050567700785,1,0,0,0,1,0,0,0,0,0,0,1,0,1,0,0,0,0,0,0,0,0,0,0,1,0,0
4476-OSWTN,1,1.48636622287358,1.51383398798872,2.33085903272705,1,1,0,1,0,1,1,0,0,1,0,0,0,1,0,1,0,1,0,1,1,0,1,0,0,1,0
3842-QTGDL,0,-0.671037723571902,0.524964758964784,-0.430284506719594,1,1,0,1,0,0,1,0,0,1,0,1,0,0,0,0,0,0,0,0,0,0,0,0,0,0,0
5143-WMWOG,0,-1.28162374615081,-1.49259393649345,-1.00165172225497,1,0,0,1,0,0,0,1,1,0,1,0,1,0,1,0,1,0,1,0,0,0,0,0,1,0,1
9220-CXRSC,0,1.48636622287358,-0.117136569277268,0.772095858366212,0,1,1,1,0,1,0,0,0,1,0,0,0,0,0,1,0,0,0,0,0,1,0,1,0,0,0
0115-TFERT,0,-0.467509049378932,1.53540328325266,0.00692875122802286,1,1,0,1,0,1,1,0,0,0,0,1,0,1,0,1,0,1,0,1,0,0,1,0,1,0,1
8535-SFUTN,0,1.16072034416483,1.37778151016999,1.7557159244237,1,0,0,1,0,1,1,0,0,1,0,0,0,1,0,0,0,1,0,1,0,0,1,0,1,0,0
6518-LGAOV,0,0.224488442877166,1.32966538996581,0.757409391727984,0,1,0,1,0,1,1,0,0,0,0,0,0,1,0,1,0,1,0,1,0,0,1,0,1,0,1
9441-QHEVC,0,-1.28162374615081,-1.52079993799245,-1.00202492095879,1,0,0,1,0,0,0,1,1,0,1,0,1,0,1,0,1,0,1,0,0,0,0,0,0,1,0
2474-LCNUE,0,-0.386097579701744,0.289361687620155,-0.289149538084063,0,1,0,1,0,1,0,0,0,0,0,0,0,0,0,1,0,1,0,1,0,0,1,1,0,0,0
9462-MJUAW,0,-1.15950654163503,-0.482155412205567,-0.919701677470958,1,0,0,1,0,1,0,0,0,0,0,0,0,0,0,0,0,0,0,0,0,0,0,0,0,1,1
9332-GYWLO,0,-1.07809507195784,-0.334488698475482,-0.854501668628599,0,1,1,1,0,0,0,0,0,0,0,0,0,0,0,0,0,1,0,0,0,0,0,0,1,0,0
5448-VWNAM,0,-0.54892051905612,0.36402463276458,-0.406443695405519,0,0,1,1,0,1,0,0,0,1,0,1,0,0,0,1,0,1,0,0,0,0,1,0,0,1,0
9091-WTUUY,0,1.28283754868061,0.143354150448836,0.942406184493828,1,1,1,1,0,0,0,0,0,1,0,0,0,1,0,1,0,1,0,0,0,1,0,0,0,1,0
0784-GTUUK,0,1.20142607900342,-1.36649651802731,-0.375182815745075,1,1,0,1,0,1,0,1,1,0,1,0,1,0,1,0,1,0,1,0,1,0,1,1,0,0,0
6772-KSATR,0,-1.28162374615081,0.556489113581319,-0.974539934066315,1,0,0,1,0,1,1,0,0,1,0,0,0,0,0,0,0,0,0,0,0,0,1,0,1,0,1
0032-PGELS,0,-1.28162374615081,-1.14250768259403,-0.997019667754725,0,1,1,0,1,0,0,0,0,1,0,0,0,0,0,0,0,0,0,0,0,0,0,0,0,0,1
5133-VRSAB,0,-0.996683602280654,-1.18066874344563,-0.91537696307973,1,0,0,0,1,0,0,0,0,1,0,0,0,0,0,0,0,0,0,0,0,0,0,0,0,1,0
9239-GZHZE,0,1.60848342738936,1.61670293463215,2.55657838993821,0,1,0,1,0,1,1,0,0,1,0,1,0,1,0,1,0,1,0,1,0,1,1,1,0,0,0
1353-LJWEM,0,-0.874566397764872,-0.133728334864918,-0.708119965274777,1,0,0,1,0,0,0,0,0,0,0,1,0,1,0,1,0,0,0,0,0,0,1,0,1,0,0
7267-FRMJW,0,-0.304686110024556,-1.48761640681715,-0.7970071153767,0,1,1,1,0,0,0,1,1,0,1,0,1,0,1,0,1,0,1,0,0,1,0,0,0,1,0
6900-PXRMS,1,-0.263980375185962,1.35455303834728,0.179544128173299,1,1,1,1,0,1,1,0,0,0,0,1,0,1,0,0,0,1,0,1,0,0,0,0,1,0,1
7088-FBAWU,0,-0.630331988733308,0.319226865677925,-0.476605051722078,0,1,1,1,0,0,0,0,0,1,0,1,0,0,0,0,0,1,0,1,0,0,0,0,0,1,0
9873-MNDKV,0,-0.874566397764872,-0.672960716463541,-0.803066106097404,0,0,0,1,0,0,0,0,0,0,0,0,0,0,0,0,0,0,0,0,0,0,1,0,0,1,0
7695-PKLCZ,0,1.44566048803499,-1.47434299434703,-0.384798170584453,0,0,0,1,0,0,0,1,1,0,1,0,1,0,1,0,1,0,1,0,0,1,0,1,0,0,0
6168-YBYNP,0,1.07930887448764,1.54038081292896,1.85213290719664,1,0,0,1,0,1,1,0,0,0,0,1,0,1,0,1,0,1,0,1,0,0,1,0,1,0,0
8314-DPQHL,0,-0.955977867442059,-0.468881999735447,-0.806863951730309,1,0,0,0,1,0,0,0,0,1,0,0,0,1,0,1,0,0,0,1,1,0,0,0,0,1,0
3295-YVUSR,1,-1.24091801131222,0.25451897988609,-0.942664374187829,1,0,0,1,0,1,1,0,0,0,0,0,0,0,0,0,0,0,0,0,0,0,1,0,0,1,0
2195-ZRVAX,0,0.590840056424512,0.675949825812398,0.765861244726067,0,1,0,1,0,0,1,0,0,0,0,0,0,1,0,0,0,0,0,1,0,0,1,0,1,0,1
2519-ERQOJ,1,0.0209597686841961,-0.342784581269307,-0.218483265874112,1,0,0,0,1,0,0,0,0,0,0,0,0,1,0,1,0,1,0,1,0,0,1,0,1,0,0
5970-GHJAW,0,0.550134321585918,-1.49259393649345,-0.631767901047934,1,1,1,1,0,0,0,1,1,0,1,0,1,0,1,0,1,0,1,0,0,1,0,1,0,0,0
4616-ULAOA,0,1.3235432835192,1.52212987078254,2.1709543645763,0,1,1,1,0,1,1,0,0,0,0,1,0,1,0,1,0,1,0,1,0,1,1,1,0,0,0
6661-EIPZC,0,0.631545791263106,-1.17569121376933,-0.385610426586866,0,1,1,0,1,0,0,0,0,0,0,0,0,0,0,1,0,0,0,0,0,0,1,1,0,0,0
7841-TZDMQ,0,-1.24091801131222,-0.628162949376886,-0.97331057363023,1,0,0,1,0,0,0,0,0,0,0,0,0,0,0,0,0,0,0,0,0,0,1,1,0,0,1
2024-BASKD,0,-1.28162374615081,0.320886042236689,-0.977657240886388,0,0,0,1,0,0,1,0,0,0,0,0,0,1,0,0,0,0,0,0,0,0,1,0,0,1,1
8064-RAVOH,0,-1.28162374615081,-0.500406354351981,-0.988523909026781,1,0,1,1,0,0,0,0,0,0,0,0,0,1,0,0,0,0,0,0,0,0,1,0,1,0,0
6103-BOCOU,0,-0.263980375185962,0.523305582406019,-0.0475582595284535,0,0,0,1,0,1,1,0,0,0,0,0,0,1,0,0,0,0,0,0,0,0,1,0,1,0,0
1159-WFSGR,0,-0.671037723571902,-1.47766134746456,-0.869297899591477,0,1,1,1,0,0,0,1,1,0,1,0,1,0,1,0,1,0,1,0,0,0,0,0,1,0,0
5855-EIBDE,0,0.6722515261017,1.38441821640505,1.26142521765786,0,1,0,1,0,1,1,0,0,1,0,1,0,1,0,1,0,0,0,1,0,1,0,1,0,0,0
8512-WIWYV,0,-0.0197459661543978,-1.47932052402333,-0.699777876601344,1,0,0,1,0,0,0,1,1,0,1,0,1,0,1,0,1,0,1,0,1,0,0,1,0,0,0
2829-HYVZP,0,-0.14186317067018,-1.49757146616974,-0.75918232910216,1,0,0,1,0,0,0,1,1,0,1,0,1,0,1,0,1,0,1,0,1,0,1,0,0,1,0
1777-JYQPJ,0,-1.24091801131222,-1.34824557588089,-0.993529162230841,1,0,0,0,1,0,0,0,0,0,0,0,0,0,0,0,0,0,0,0,0,0,0,0,0,1,0
2988-GBIVW,1,1.52707195771217,0.860118423835312,1.83033371232107,0,1,0,1,0,1,1,0,0,1,0,0,0,0,0,0,0,0,0,1,0,0,1,0,1,0,0
1591-MQJTP,1,0.753662995778888,0.953032311126152,1.11425321116655,1,1,0,1,0,1,1,0,0,1,0,0,0,1,0,0,0,0,0,1,1,0,1,0,0,0,0
3605-JISKB,1,0.916485935133264,-0.163593512922688,0.445546992531165,1,1,0,1,0,1,0,0,0,1,0,1,0,0,0,0,0,0,0,0,1,0,0,1,0,0,0
1624-NALOJ,1,-1.11880080679644,0.825275716101247,-0.789740717084841,1,0,0,1,0,1,1,0,0,0,0,1,0,0,0,0,0,0,0,1,0,0,1,0,1,0,1
3148-AOIQT,0,1.48636622287358,-1.32667628061695,-0.255956806309771,0,1,0,1,0,1,0,1,1,0,1,0,1,0,1,0,1,0,1,0,0,1,1,1,0,0,0
8735-IJJEG,0,-0.75244919324909,-0.488792118440626,-0.716747441192301,1,1,0,1,0,0,0,0,0,0,0,0,0,1,0,0,0,0,0,0,0,0,0,1,0,0,0
1335-HQMKX,0,1.60848342738936,1.20854550117596,2.20487154089328,0,1,0,1,0,1,1,0,0,0,0,1,0,1,0,0,0,1,0,1,1,0,1,0,1,0,0
3911-RSNHI,0,1.56777769255077,-0.117136569277268,0.882079711665949,0,1,0,0,1,0,0,0,0,0,0,1,0,1,0,1,0,1,0,1,0,1,1,1,0,0,0
5546-BYZSM,0,0.346605647392948,-1.4760021709058,-0.669878074566565,0,0,0,1,0,0,0,1,1,0,1,0,1,0,1,0,1,0,1,0,0,0,0,0,1,0,0
0128-MKWSG,0,-0.263980375185962,-0.634799655611946,-0.506812193865878,0,0,1,0,1,0,0,0,0,1,0,0,0,0,0,1,0,0,0,1,0,0,0,0,0,1,0
6311-UEUME,0,-0.14186317067018,0.463575226290479,0.0363675430992699,0,0,0,1,0,0,1,0,0,0,0,0,0,0,0,0,0,1,0,0,0,0,1,0,1,0,1
4135-FRWKJ,1,0.916485935133264,0.375638868675934,0.813674584543797,0,1,1,1,0,1,0,0,0,1,0,0,0,1,0,1,0,1,0,0,1,0,0,0,1,0,0
1452-XRSJV,0,0.26519417771576,-0.460586116941622,-0.103318536450875,0,1,1,1,0,0,0,0,0,1,0,0,0,0,0,0,0,0,0,0,0,0,0,1,0,0,0
3744-ZRRDZ,0,-0.467509049378932,0.578058408845263,-0.196903599647837,1,0,0,1,0,1,1,0,0,0,0,1,0,0,0,0,0,0,0,0,0,0,1,0,1,0,1
3034-ZBEQN,0,0.631545791263106,-1.00313685165777,-0.30594347975558,0,1,0,0,1,0,0,0,0,0,0,1,0,1,0,0,0,0,0,0,1,0,0,0,0,1,1
0774-RMNUW,0,1.56777769255077,-0.173548572275278,0.799668656718401,0,1,1,0,1,0,0,0,0,1,0,1,0,0,0,1,0,1,0,1,0,1,0,0,0,0,0
9553-DLCLU,0,-0.793154928087684,0.797069714602243,-0.500336098711502,0,0,1,1,0,1,0,0,0,1,0,1,0,1,0,1,0,1,0,1,0,1,0,1,0,0,0
4397-FRLTA,0,-1.15950654163503,-1.48595723025839,-0.97331057363023,0,0,0,1,0,0,0,1,1,0,1,0,1,0,1,0,1,0,1,0,0,0,0,0,0,1,0
7055-JCGNI,0,1.52707195771217,1.56029093163414,2.41245783167219,0,0,0,1,0,1,1,0,0,1,0,1,0,1,0,1,0,1,0,1,0,1,1,1,0,0,0
6261-RCVNS,0,0.387311382231542,0.29765757041398,0.377251629733664,0,0,0,1,0,0,0,0,0,1,0,1,0,1,0,1,0,0,0,1,1,0,0,1,0,0,1
3007-FDPEA,0,-1.24091801131222,-1.46770628811197,-0.992914482012798,0,0,0,1,0,0,0,1,1,0,1,0,1,0,1,0,1,0,1,0,0,0,1,0,0,0,0
1790-NESIO,0,-0.793154928087684,-1.47766134746456,-0.895685243237442,0,0,0,1,0,0,0,1,1,0,1,0,1,0,1,0,1,0,1,0,0,1,1,0,0,1,0
4647-XXZAM,0,-1.07809507195784,-0.644754714964536,-0.88519177380086,0,1,1,1,0,0,0,0,0,0,0,0,0,0,0,0,0,0,0,0,0,0,0,0,0,1,0
0511-JTEOY,0,-1.28162374615081,0.20474368312314,-0.979193941431494,0,0,0,1,0,0,1,0,0,0,0,0,0,0,0,0,0,0,0,0,0,0,0,0,0,1,1
1498-DQNRX,0,-0.14186317067018,-1.49591228961098,-0.758809130398349,0,1,0,1,0,0,0,1,1,0,1,0,1,0,1,0,1,0,1,0,0,0,0,0,0,1,0
9501-UKKNL,0,1.07930887448764,-0.439016821677677,0.309307512775044,1,0,0,0,1,0,0,0,0,0,0,0,0,0,0,1,0,1,0,1,0,0,1,0,1,0,0
6723-CEGQI,0,1.3235432835192,-0.653050597758361,0.277761245870508,0,0,1,0,1,0,0,0,0,0,0,1,0,0,0,1,0,1,0,0,0,1,0,0,0,1,0
0795-LAFGP,0,1.56777769255077,0.845185834806427,1.91724510457928,1,1,1,1,0,1,0,0,0,1,0,1,0,1,0,1,0,1,0,1,0,1,0,0,1,0,0
5076-YVXCM,0,0.753662995778888,0.612901116579328,0.811435392320928,1,0,0,1,0,1,1,0,0,0,0,0,0,0,0,0,0,0,0,1,0,0,0,0,0,0,0
1328-EUZHC,0,-0.589626253894714,-1.48761640681715,-0.847740186230132,0,1,0,1,0,0,0,1,1,0,1,0,1,0,1,0,1,0,1,0,0,1,0,0,0,1,0
6537-QLGEX,0,-0.671037723571902,-0.863766020721515,-0.718701246171079,0,0,0,0,1,0,0,0,0,1,0,0,0,0,0,0,0,1,0,0,0,0,1,0,1,0,0
9695-IDRZR,0,0.0616655035227901,1.6996617625704,0.722504336489145,0,0,1,1,0,1,1,0,0,1,0,1,0,1,0,1,0,1,0,1,0,1,1,1,0,0,0
7129-CAKJW,0,-0.630331988733308,0.501736287142074,-0.419593461498641,0,0,0,1,0,1,1,0,0,0,0,0,0,1,0,0,0,0,0,0,0,0,0,0,0,0,0
6933-VLYFX,0,-0.0604517009929918,-0.165252689481453,-0.198681781707174,1,1,1,0,1,0,0,0,0,1,0,0,0,1,0,1,0,1,0,1,1,0,0,0,1,0,0
8417-GSODA,0,-0.182568905508774,0.904916190921967,0.117154086041991,1,1,1,1,0,1,1,0,0,0,0,0,0,0,0,0,0,1,0,1,1,0,0,0,0,0,0
3162-ZJZFU,0,0.835074465456076,0.916530426833322,1.08804149044003,1,1,1,1,0,0,1,0,0,0,0,1,0,0,0,1,0,1,0,0,0,0,1,0,1,0,0
7945-HLKEA,0,1.12001460932623,-0.00597173984001382,0.763161042339667,0,0,0,1,0,1,0,0,0,1,0,0,0,1,0,1,0,0,0,0,1,0,0,0,1,0,0
1208-DNHLN,0,-0.386097579701744,-0.550181651114931,-0.541870919159227,1,1,1,1,0,1,0,0,0,0,0,0,0,0,0,0,0,0,0,0,1,0,1,1,0,0,1
8565-HBFNN,0,1.48636622287358,1.40266915855147,2.20221524423674,1,1,0,1,0,1,1,0,0,1,0,1,0,1,0,1,0,0,0,1,1,0,1,1,0,0,0
3458-IDMFK,0,-0.304686110024556,-1.46604711155321,-0.791145700440367,1,0,0,1,0,0,0,1,1,0,1,0,1,0,1,0,1,0,1,0,0,1,1,0,0,1,0
6988-CJEYV,0,0.6722515261017,1.12060914356142,1.14999247527273,1,0,0,1,0,1,1,0,0,0,0,1,0,0,0,0,0,1,0,1,0,0,0,0,1,0,0
3005-NFMTA,1,0.916485935133264,1.12392749667895,1.45610322385787,1,0,0,1,0,1,1,0,0,1,0,0,0,0,0,0,0,1,0,1,0,0,1,0,1,0,1
1268-ASBGA,1,-0.671037723571902,0.677609002371163,-0.40664127118989,0,1,0,1,0,1,1,0,0,0,0,0,0,0,0,0,0,0,0,1,0,0,1,1,0,0,1
9391-YZEJW,0,1.20142607900342,0.964646547037507,1.51732976414788,0,0,0,1,0,1,1,0,0,0,0,0,0,0,0,0,0,1,0,1,1,0,1,0,0,0,0
5708-EVONK,0,1.03860313964905,0.944736428332327,1.37612893691756,0,1,1,1,0,1,1,0,0,1,0,1,0,0,0,0,0,0,0,1,0,0,1,0,0,0,1
5346-BZCHP,0,1.48636622287358,-1.51084487863986,-0.41935197998441,0,1,1,1,0,0,0,1,1,0,1,0,1,0,1,0,1,0,1,0,0,1,0,0,0,1,0
9444-JTXHZ,0,-1.28162374615081,0.37397969211717,-0.976954749208625,1,1,0,1,0,0,1,0,0,0,0,0,0,1,0,0,0,0,0,0,0,0,0,0,1,0,1
2851-MMUTZ,0,-0.223274640347368,-0.291350107947592,-0.378453792619658,0,0,0,1,0,0,0,0,0,0,0,1,0,0,0,1,0,0,0,0,0,0,1,0,0,1,0
8050-DVOJX,1,0.6722515261017,0.544874877669963,0.772556868529744,1,0,0,1,0,1,0,0,0,1,0,1,0,1,0,1,0,0,0,1,0,1,0,1,0,0,0
5597-GLBUC,0,-1.28162374615081,0.680927355488693,-0.972893469196559,0,0,0,1,0,0,1,0,0,0,0,0,0,1,0,0,0,1,0,0,0,0,1,0,1,0,1
2662-NNTDK,0,1.3235432835192,-1.33165381029324,-0.307502133165616,1,0,0,1,0,1,0,1,1,0,1,0,1,0,1,0,1,0,1,0,1,0,0,1,0,0,0
9801-GDWGV,0,0.26519417771576,1.27823091664409,0.743381511037658,0,0,0,1,0,1,1,0,0,0,0,1,0,1,0,0,0,1,0,1,0,0,1,0,1,0,1
2716-GFZOR,0,0.428017117070136,0.702496650752638,0.548966939216806,1,1,0,1,0,0,1,0,0,1,0,1,0,1,0,0,0,0,0,0,0,0,1,1,0,0,0
5590-YRFJT,0,-0.508214784217526,-1.3432680462046,-0.798434051597156,0,1,0,0,1,0,0,0,0,0,0,0,0,0,0,0,0,0,0,0,0,0,1,0,1,0,1
4536-PLEQY,0,-0.833860662926278,0.667653943018573,-0.571441428220054,1,1,0,1,0,0,1,0,0,0,0,1,0,0,0,0,0,0,0,1,0,0,1,1,0,0,0
4719-UMSIY,0,-1.07809507195784,-1.50254899584604,-0.966110033933162,1,0,1,1,0,0,0,1,1,0,1,0,1,0,1,0,1,0,1,0,0,0,0,0,0,1,0
3696-DFHHB,0,1.44566048803499,-1.30842533847053,-0.210536328769421,0,0,0,1,0,1,0,1,1,0,1,0,1,0,1,0,1,0,1,0,0,1,0,0,0,0,0
5499-ECUTN,0,0.590840056424512,0.0371668506878759,0.316178759498161,0,1,0,1,0,0,0,0,0,1,0,0,0,1,0,0,0,1,0,0,1,0,1,1,0,0,0
8480-PPONV,0,1.20142607900342,1.67975164386522,2.13282223819274,1,1,1,1,0,1,1,0,0,1,0,1,0,1,0,1,0,1,0,1,0,1,0,0,0,0,0
1427-VERSM,0,0.957191669971858,1.12060914356142,1.47882443906051,0,1,0,1,0,0,1,0,0,0,0,0,0,1,0,1,0,1,0,1,0,0,1,0,1,0,0
9766-HGEDE,0,-0.630331988733308,-1.51250405519863,-0.875620324691342,0,1,0,1,0,0,0,1,1,0,1,0,1,0,1,0,1,0,1,0,1,0,0,0,0,1,0
9500-LTVBP,0,0.102371238361384,0.501736287142074,0.234711677742608,0,0,0,1,0,1,1,0,0,0,0,0,0,0,0,1,0,0,0,0,0,0,0,1,0,0,0
5561-NWEVX,1,-1.24091801131222,0.473530285643069,-0.934519861298766,0,1,0,1,0,1,1,0,0,0,0,0,0,1,0,0,0,0,0,0,0,0,0,0,1,0,1
3841-CONLJ,0,-1.28162374615081,-0.993181792305184,-0.995043909911017,0,1,0,0,1,0,0,0,0,0,0,0,0,0,0,0,0,0,0,1,0,0,0,0,1,0,0
4800-CZMPC,0,0.631545791263106,1.27159421040903,1.20136217920914,0,1,1,1,0,1,1,0,0,1,0,1,0,0,0,0,0,1,0,1,1,0,1,1,0,0,1
6233-HXJMX,0,0.509428586747324,0.808683950513597,0.830183138971223,0,0,0,1,0,1,1,0,0,0,0,0,0,1,0,0,0,0,0,1,0,0,1,1,0,0,0
6122-LJADA,0,1.52707195771217,0.836889952012602,1.72801140888193,1,1,1,1,0,1,0,0,0,1,0,1,0,1,0,1,0,1,0,1,0,1,1,1,0,0,0
4183-WCSEP,0,-0.0604517009929918,0.448642637261594,0.0587594653279588,1,0,0,1,0,0,1,0,0,0,0,1,0,0,0,1,0,0,0,0,0,0,1,0,1,0,1
4458-KVRBJ,0,1.07930887448764,-1.32501710405818,-0.347214865824144,1,0,0,1,0,1,0,1,1,0,1,0,1,0,1,0,1,0,1,0,0,1,0,0,0,1,0
9978-HYCIN,1,0.590840056424512,0.664335589901043,0.753743263284659,1,1,1,1,0,0,1,0,0,0,0,1,0,0,0,0,0,1,0,0,1,0,1,0,0,0,0
4635-EJYPD,0,-0.0197459661543978,-1.52577746766875,-0.740851686885537,1,1,1,1,0,0,0,1,1,0,1,0,1,0,1,0,1,0,1,0,0,1,0,0,0,1,0
1154-HYWWO,0,0.224488442877166,0.18815191753549,0.178644060711165,1,0,0,1,0,0,0,0,0,1,0,1,0,0,0,1,0,1,0,0,1,0,0,0,0,1,0
7346-MEDWM,0,1.07930887448764,0.607923586903033,1.16252756114781,0,0,0,1,0,1,1,0,0,0,0,1,0,1,0,0,0,0,0,0,0,0,1,0,1,0,0
8982-NHAVY,0,-0.223274640347368,1.18033949967696,0.163386819584754,1,0,0,1,0,1,1,0,0,0,0,0,0,1,0,0,0,1,0,1,1,0,1,0,0,0,0
5443-SCMKX,0,1.03860313964905,0.974601606390096,1.45276638838849,0,1,0,1,0,1,1,0,0,0,0,1,0,1,0,0,0,0,0,1,1,0,1,0,1,0,0
3508-CFVZL,0,1.56777769255077,1.53872163637019,2.49585676554159,0,0,0,1,0,1,1,0,0,1,0,1,0,1,0,1,0,1,0,1,0,1,0,0,0,1,0
0141-YEAYS,1,-0.223274640347368,0.714110886663993,0.0437876114456394,0,0,0,1,0,1,1,0,0,0,0,1,0,1,0,0,0,0,0,0,0,0,1,0,0,0,0
4832-VRBMR,1,1.3235432835192,1.2682758572915,1.97186383252534,1,1,0,1,0,1,1,0,0,0,0,1,0,1,0,0,0,1,0,1,1,0,1,0,0,0,0
1661-CZBAU,0,0.631545791263106,0.199766153446845,0.583015832723371,1,0,0,1,0,1,0,0,0,1,0,0,0,0,0,1,0,0,0,1,1,0,1,0,0,0,0
3956-MGXOG,0,-0.182568905508774,0.519987229288489,-0.024749232866093,0,0,0,1,0,0,1,0,0,0,0,0,0,0,0,0,0,0,0,1,0,0,1,0,1,0,0
9546-KDTRB,0,-0.54892051905612,-1.33497216341077,-0.805876072808455,0,0,0,1,0,1,0,1,1,0,1,0,1,0,1,0,1,0,1,0,0,0,0,0,0,0,0
5320-BRKGK,0,1.03860313964905,0.360706279647049,0.928356350938573,0,1,1,1,0,1,0,0,0,1,0,0,0,1,0,1,0,1,0,0,0,1,0,0,0,1,0
5447-WZAFP,0,0.835074465456076,1.1737027934419,1.27303828320587,0,0,0,1,0,0,1,0,0,0,0,1,0,1,0,0,0,1,0,1,1,0,1,0,0,1,0
9898-KZQDZ,1,0.305899912554354,0.982897489183921,0.58795522733264,0,1,1,1,0,1,1,0,0,0,0,0,0,0,0,0,0,1,0,1,0,0,1,1,0,0,1
5510-BOIUJ,0,-1.28162374615081,-1.51582240831616,-1.00195906236399,1,0,1,1,0,0,0,1,1,0,1,0,1,0,1,0,1,0,1,0,0,0,0,0,0,1,1
0093-XWZFY,0,0.305899912554354,1.31307362437815,0.761997540498372,1,0,0,1,0,1,1,0,0,0,0,1,0,1,0,0,0,1,0,1,0,0,1,1,0,0,1
1241-EZFMJ,0,1.16072034416483,-1.3100845150293,-0.334877355733435,1,1,0,1,0,1,0,1,1,0,1,0,1,0,1,0,1,0,1,0,0,1,0,0,0,0,0
9835-ZIITK,1,1.3642490183578,1.52378904734131,2.27889660143754,1,1,0,1,0,1,1,0,0,0,0,1,0,1,0,1,0,1,0,1,1,0,1,0,1,0,1
2606-PKWJB,0,0.305899912554354,-0.81896825363486,-0.32370334748402,1,0,1,0,1,0,0,0,0,1,0,1,0,0,0,1,0,0,0,0,1,0,0,0,0,1,0
6215-NQCPY,0,-0.711743458410496,1.15379267473672,-0.322517892777796,1,0,0,1,0,1,1,0,0,1,0,0,0,0,0,0,0,1,0,1,0,0,1,0,1,0,0
7225-IILWY,0,1.44566048803499,-1.30012945567671,-0.270094451324747,1,1,1,1,0,1,0,1,1,0,1,0,1,0,1,0,1,0,1,0,0,1,0,0,0,1,0
9391-EOYLI,1,-0.833860662926278,0.515009699612194,-0.593218670230701,1,1,0,1,0,0,1,0,0,0,0,0,0,0,0,0,0,0,0,1,0,0,1,0,1,0,1
2220-IAHLS,0,-1.28162374615081,-1.51084487863986,-1.0018932037692,0,0,0,1,0,0,0,1,1,0,1,0,1,0,1,0,1,0,1,0,0,0,0,1,0,0,0
2229-DPMBI,0,-0.996683602280654,-1.50752652552233,-0.939217774393805,0,1,1,1,0,0,0,1,1,0,1,0,1,0,1,0,1,0,1,0,0,1,0,0,0,1,0
4826-TZEVA,0,0.305899912554354,0.32752274847175,0.294335658892724,0,0,0,1,0,0,1,0,0,0,0,1,0,0,0,0,0,0,0,0,0,0,0,1,0,0,0
2878-RMWXY,1,1.60848342738936,1.25168409170385,2.30460340627067,1,1,0,1,0,1,1,0,0,1,0,1,0,1,0,0,0,0,0,1,0,1,1,1,0,0,0
0260-ZDLGK,0,-0.955977867442059,0.26447403923868,-0.724408991052902,0,0,1,1,0,0,0,0,0,0,0,0,0,1,0,1,0,1,0,1,0,0,1,0,0,1,1
0851-DFJKB,0,-0.711743458410496,-0.198436220656753,-0.591045336602622,0,0,0,1,0,0,0,0,0,1,0,0,0,1,0,1,0,0,0,0,0,0,0,0,1,0,0
7617-EYGLW,0,-1.28162374615081,-1.5091857020811,-1.00187125090427,1,0,0,1,0,0,0,1,1,0,1,0,1,0,1,0,1,0,1,0,0,0,0,0,1,0,0
3550-SAHFP,0,0.0209597686841961,0.611241940020563,0.200443255586742,0,0,0,1,0,1,1,0,0,0,0,0,0,0,0,0,0,0,0,1,0,0,1,0,1,0,1
9418-RUKPH,0,0.224488442877166,-1.49259393649345,-0.678307974699719,0,1,1,1,0,0,0,1,1,0,1,0,1,0,1,0,1,0,1,0,0,1,1,0,0,1,0
9018-PCIOK,0,0.916485935133264,-0.00597173984001382,0.57770323941029,0,0,0,1,0,0,0,0,0,0,0,1,0,1,0,0,0,0,0,1,0,1,1,0,0,1,0
4293-ETKAP,0,1.3235432835192,0.480166991878129,1.21644379741611,0,1,1,1,0,1,0,0,0,0,0,1,0,0,0,1,0,1,0,1,0,1,1,0,0,0,0
5542-DHSXL,0,-1.15950654163503,-0.339466228151777,-0.907210497325738,0,1,0,1,0,0,0,0,0,1,0,1,0,0,0,0,0,0,0,0,0,0,0,0,0,1,0
5056-FIMPT,0,0.428017117070136,1.36284892114111,0.979528479090606,0,0,1,1,0,0,1,0,0,1,0,1,0,0,0,1,0,1,0,1,1,0,1,1,0,0,0
6133-OZILE,0,-0.589626253894714,-0.986545086070124,-0.743771417921239,0,0,0,0,1,0,0,0,0,0,0,0,0,1,0,1,0,0,0,0,0,0,1,0,1,0,0
9497-QCMMS,1,-1.28162374615081,0.949713958008622,-0.969337105077885,1,0,0,1,0,1,1,0,0,0,0,0,0,0,0,0,0,1,0,1,0,0,1,0,1,0,1
9975-SKRNR,0,-1.28162374615081,-1.52743664422751,-1.00211273241851,1,0,0,1,0,0,0,1,1,0,1,0,1,0,1,0,1,0,1,0,0,0,0,0,0,1,0
7379-POKDZ,0,-1.20021227647362,0.1781968581829,-0.918713798549104,1,1,0,1,0,0,1,0,0,0,0,0,0,0,0,0,0,0,0,0,0,0,1,0,1,0,1
0936-NQLJU,0,0.346605647392948,-1.46936546467074,-0.625994297571321,0,1,0,1,0,0,0,1,1,0,1,0,1,0,1,0,1,0,1,0,0,1,0,1,0,0,0
6087-MVHJH,0,-0.671037723571902,0.780477949014593,-0.386027531020538,0,0,0,1,0,1,1,0,0,0,0,0,0,1,0,0,0,0,0,1,0,0,1,0,1,0,1
6918-UMQCG,0,-1.11880080679644,0.506713816818369,-0.841703148374358,0,0,0,1,0,0,1,0,0,0,0,0,0,0,0,0,0,1,0,0,0,0,0,0,1,0,0
0899-WZRSD,0,0.957191669971858,1.34127962587716,1.5336846485208,1,0,0,1,0,1,1,0,0,1,0,0,0,0,0,1,0,1,0,1,0,0,1,0,0,1,0
5539-HIVAK,1,-0.182568905508774,-1.30178863223547,-0.687879423809237,0,1,0,1,0,1,0,1,1,0,1,0,1,0,1,0,1,0,1,0,0,0,0,0,0,1,0
8540-ZQGEA,0,0.87578020029467,-1.48927558337592,-0.526394149383515,0,1,0,1,0,0,0,1,1,0,1,0,1,0,1,0,1,0,1,0,0,1,0,1,0,0,0
5906-BFOZT,0,-1.28162374615081,-1.50752652552233,-1.00184929803934,1,0,0,1,0,0,0,1,1,0,1,0,1,0,1,0,1,0,1,0,0,0,1,0,0,1,0
6362-QHAFM,0,0.387311382231542,1.43917104284429,1.00317171462031,1,1,0,1,0,1,1,0,0,0,0,0,0,1,0,1,0,1,0,1,1,0,1,0,1,0,0
3186-AJIEK,0,1.3642490183578,1.35123468522975,1.99471676491756,1,0,0,1,0,0,1,0,0,1,0,0,0,1,0,1,0,1,0,1,0,1,1,0,0,0,0
5383-MMTWC,1,-0.996683602280654,0.632811235284508,-0.741093168399768,0,1,0,1,0,1,1,0,0,0,0,0,0,0,0,0,0,0,0,1,0,0,1,0,1,0,1
9146-JRIOX,0,-0.75244919324909,-1.30676616191177,-0.846884024497858,0,1,1,1,0,1,0,1,1,0,1,0,1,0,1,0,1,0,1,0,0,0,0,0,0,1,0
2027-OAQQC,0,0.428017117070136,-0.526953179292221,-0.0988401520051373,0,0,0,0,1,0,0,0,0,0,0,0,0,1,0,0,0,1,0,1,0,0,1,0,0,0,1
4312-GVYNH,0,1.52707195771217,-0.500406354351981,0.469299992385519,0,1,0,0,1,0,0,0,0,1,0,0,0,1,0,1,0,0,0,1,0,1,1,0,0,0,0
5898-IGSLP,0,-0.0604517009929918,0.808683950513597,0.229047838590645,1,1,1,1,0,1,1,0,0,1,0,0,0,1,0,1,0,0,0,0,0,0,0,0,1,0,0
0619-OLYUR,0,1.60848342738936,1.55863175507537,2.53324249451753,1,1,0,1,0,1,1,0,0,1,0,0,0,1,0,1,0,1,0,1,0,1,1,1,0,0,0
9871-ELEYA,0,0.0616655035227901,0.0902605005683559,0.0166758232569817,0,0,1,1,0,0,0,0,0,1,0,0,0,1,0,1,0,1,0,0,0,1,0,1,0,0,0
1561-BWHIN,0,-0.54892051905612,-1.49757146616974,-0.859155675993777,1,1,1,1,0,0,0,1,1,0,1,0,1,0,1,0,1,0,1,0,1,0,0,0,0,1,0
9651-GTSAQ,0,0.835074465456076,1.36616727425864,1.52283993324533,0,1,0,1,0,0,1,0,0,1,0,1,0,1,0,0,0,1,0,1,1,0,1,0,0,0,1
9505-SQFSW,0,-1.20021227647362,-0.817309077076095,-0.969798115241416,0,1,1,0,1,0,0,0,0,0,0,1,0,0,0,0,0,0,0,1,0,0,0,0,0,1,0
5364-EVNIB,0,-0.793154928087684,0.493440404348249,-0.58301058803821,1,0,0,1,0,0,1,0,0,0,0,1,0,1,0,0,0,0,0,0,0,0,1,0,1,0,1
0496-AHOOK,0,-0.34539184486315,0.31424933600163,-0.258349668587151,1,1,0,1,0,0,0,0,0,1,0,0,0,0,0,1,0,1,0,1,1,0,0,0,0,0,0
1273-MTETI,1,-1.15950654163503,0.793751361484712,-0.846884024497858,0,0,0,1,0,1,1,0,0,0,0,0,0,1,0,0,0,0,0,1,0,0,1,0,1,0,1
1730-ZMAME,1,-0.0197459661543978,0.483485344995659,0.15967678541157,0,0,0,1,0,0,1,0,0,0,0,0,0,0,0,0,0,0,0,1,0,0,1,0,1,0,0
7325-ENZFI,0,0.26519417771576,-0.817309077076095,-0.294571895721794,0,0,0,0,1,0,0,0,0,1,0,1,0,0,0,1,0,0,0,0,1,0,1,0,0,0,0
4670-TABXH,0,1.60848342738936,1.48728716304848,2.39619075875899,1,1,0,1,0,1,1,0,0,0,0,1,0,1,0,1,0,1,0,1,0,1,1,1,0,0,0
7752-XUSCI,0,1.12001460932623,1.35953056802357,1.79799714227905,0,0,0,1,0,1,1,0,0,0,0,1,0,1,0,0,0,1,0,1,0,0,1,0,1,0,1
4430-YHXGG,0,-1.15950654163503,-1.3100845150293,-0.973442290819811,0,0,1,1,0,1,0,1,1,0,1,0,1,0,1,0,1,0,1,0,0,0,1,0,0,1,0
8092-NLTGF,0,1.60848342738936,-1.33331298685201,-0.229942661367618,1,0,0,1,0,1,0,1,1,0,1,0,1,0,1,0,1,0,1,0,0,1,0,0,0,0,0
7240-ETPTR,0,-0.955977867442059,-0.536908238644811,-0.816259777920387,0,1,0,0,1,0,0,0,0,0,0,0,0,1,0,0,0,1,0,1,0,0,1,0,1,0,1
6114-TCFID,0,-0.14186317067018,-0.843855902016335,-0.53502162530104,0,0,0,0,1,0,0,0,0,1,0,1,0,0,0,1,0,0,0,0,1,0,0,1,0,0,0
9229-RQABD,0,-0.589626253894714,-1.36649651802731,-0.824031092105638,1,0,0,1,0,1,0,1,1,0,1,0,1,0,1,0,1,0,1,0,1,0,0,0,0,1,0
3398-GCPMU,1,1.60848342738936,0.816979833307422,1.82100374472578,0,1,1,1,0,1,0,0,0,1,0,1,0,1,0,1,0,1,0,1,0,1,1,1,0,0,0
5919-VCZYM,0,-1.24091801131222,-1.48927558337592,-0.991663168711783,1,0,0,1,0,0,0,1,1,0,1,0,1,0,1,0,1,0,1,0,0,0,0,0,0,1,0
5945-AZYHT,0,1.56777769255077,1.48230963337218,2.43801096645081,1,1,0,1,0,1,1,0,0,1,0,1,0,1,0,0,0,1,0,1,1,0,1,0,1,0,0
4365-MSDYN,0,-0.996683602280654,-1.50586734896357,-0.939656831692407,1,1,0,1,0,0,0,1,1,0,1,0,1,0,1,0,1,0,1,0,0,0,1,0,0,0,0
3146-MSEGF,1,1.60848342738936,0.767204536544472,1.81081761539822,0,1,1,1,0,1,0,0,0,1,0,1,0,1,0,1,0,1,0,1,0,1,1,1,0,0,0
5846-NEQVZ,0,1.56777769255077,0.196447800329315,1.17319665350383,1,1,1,1,0,0,0,0,0,1,0,0,0,1,0,1,0,0,0,1,0,1,1,1,0,0,0
4393-RYCRE,0,0.46872285190873,1.36450809769987,0.970088747170668,1,0,0,1,0,0,1,0,0,1,0,1,0,1,0,0,0,1,0,1,1,0,1,0,1,0,0
5968-HYJRZ,0,0.590840056424512,-1.33994969308707,-0.500906873199684,1,1,1,1,0,1,0,1,1,0,1,0,1,0,1,0,1,0,1,0,0,1,0,0,0,1,0
1258-YMZNM,1,-0.223274640347368,1.51217481142995,0.244239221122265,0,0,0,1,0,1,1,0,0,1,0,1,0,1,0,0,0,1,0,1,1,0,1,0,0,0,0
7312-XSBAT,0,-1.28162374615081,-0.503724707469511,-0.988567814756641,1,0,0,1,0,0,0,0,0,1,0,0,0,0,0,0,0,0,0,0,0,0,0,0,1,0,0
4538-WNTMJ,0,0.550134321585918,-1.32667628061695,-0.498514010922305,0,1,1,1,0,1,0,1,1,0,1,0,1,0,1,0,1,0,1,0,1,0,0,0,0,1,0
7950-XWOVN,0,-0.874566397764872,-1.00313685165777,-0.842010488483379,1,0,0,0,1,0,0,0,0,0,0,1,0,1,0,0,0,0,0,0,0,0,0,0,0,1,0
2845-AFFTX,1,0.346605647392948,1.15711102785425,0.85966583657233,1,1,0,1,0,1,1,0,0,0,0,0,0,1,0,0,0,1,0,1,0,0,1,0,1,0,1
6023-GSSXW,0,1.48636622287358,-0.115477392718503,0.803422596621446,0,1,0,1,0,0,0,0,0,0,0,1,0,0,0,0,0,0,0,1,0,1,1,1,0,0,0
9522-ZSINC,0,-0.793154928087684,-1.49259393649345,-0.898978172976955,1,0,0,1,0,0,0,1,1,0,1,0,1,0,1,0,1,0,1,0,1,0,1,0,1,0,0
2208-MPXIO,0,0.509428586747324,-1.49093475993468,-0.621230525881492,0,1,1,1,0,0,0,1,1,0,1,0,1,0,1,0,1,0,1,0,0,1,1,0,0,0,0
5789-LDFXO,0,-0.34539184486315,-1.3382905165283,-0.750203607345754,1,0,0,1,0,1,0,1,1,0,1,0,1,0,1,0,1,0,1,0,1,0,0,0,1,0,0
2097-YVPKN,0,1.3235432835192,-1.30012945567671,-0.283880850500842,1,0,0,1,0,1,0,1,1,0,1,0,1,0,1,0,1,0,1,0,0,1,0,0,0,1,0
2722-JMONI,1,-1.28162374615081,-0.510361413704572,-0.988655626216361,0,1,0,1,0,0,0,0,0,1,0,0,0,0,0,0,0,0,0,0,0,0,1,0,1,0,1
7833-PKIHD,0,0.753662995778888,0.380616398352229,0.731022048082019,1,1,1,1,0,0,0,0,0,1,0,0,0,0,0,1,0,1,0,1,1,0,1,0,0,0,0
8084-OIVBS,0,-0.874566397764872,-1.49093475993468,-0.917352720923438,0,0,0,1,0,0,0,1,1,0,1,0,1,0,1,0,1,0,1,0,1,0,0,0,0,1,0
7548-SEPYI,0,-1.11880080679644,1.03930949218193,-0.785416002693614,0,0,0,1,0,0,1,0,0,0,0,1,0,0,0,0,0,1,0,1,0,0,1,0,1,0,1
3981-QSVQI,0,-0.996683602280654,-1.50088981928727,-0.936254137628243,1,0,0,1,0,0,0,1,1,0,1,0,1,0,1,0,1,0,1,0,0,0,1,0,0,0,0
7898-PDWQE,0,1.56777769255077,0.513350523053429,1.5041360923249,1,1,0,1,0,1,0,0,0,1,0,1,0,1,0,1,0,0,0,1,0,1,0,1,0,0,0
6833-JMZYP,0,-0.711743458410496,0.964646547037507,-0.349432105182083,0,0,0,1,0,0,1,0,0,0,0,0,0,1,0,0,0,1,0,1,0,0,1,1,0,0,0
0536-BGFMZ,0,-0.182568905508774,-1.47434299434703,-0.763199703384366,0,1,0,1,0,0,0,1,1,0,1,0,1,0,1,0,1,0,1,0,0,0,0,0,0,1,0
4546-FOKWR,0,-0.671037723571902,0.325863571912985,-0.514561555186198,0,0,0,1,0,1,1,0,0,0,0,0,0,0,0,0,0,0,0,0,0,0,1,1,0,0,0
1177-XZBJL,0,0.835074465456076,-0.0258818585451935,0.522579595570841,1,1,1,1,0,1,0,0,0,1,0,1,0,0,0,1,0,0,0,0,1,0,0,0,0,0,0
6502-KUGLL,0,-0.75244919324909,-0.181844455069103,-0.667573023748906,0,1,1,1,0,0,0,0,0,1,0,1,0,0,0,1,0,0,0,0,0,0,0,0,0,0,0
5278-PNYOX,0,0.6722515261017,1.18531702935325,1.14876311483665,0,0,0,1,0,0,1,0,0,0,0,0,0,1,0,1,0,1,0,1,0,1,0,1,0,0,0
7110-BDTWG,0,1.56777769255077,-0.593320241642821,0.422496484354573,0,1,0,0,1,0,0,0,0,0,0,0,0,1,0,1,0,0,0,1,0,1,1,0,1,0,0
6619-RPLQZ,0,0.509428586747324,-1.46272875843568,-0.618705946414532,0,1,1,1,0,0,0,1,1,0,1,0,1,0,1,0,1,0,1,0,0,1,0,0,0,1,0
1323-OOEPC,0,0.835074465456076,1.11065408420883,1.2505146437876,0,1,0,1,0,1,1,0,0,0,0,1,0,0,0,0,0,1,0,1,0,0,1,1,0,0,1
2320-SLKMB,0,-0.263980375185962,-0.679597422698601,-0.490654885277333,0,0,0,0,1,0,0,0,0,0,0,0,0,1,0,1,0,1,0,0,0,0,1,1,0,0,0
2990-OGYTD,0,1.40495475319639,0.704155827311403,1.57293637101579,0,1,0,1,0,1,0,0,0,0,0,1,0,1,0,1,0,1,0,1,0,1,0,0,0,0,0
3489-HHPFY,0,-1.24091801131222,0.634470411843273,-0.951555284484514,0,1,0,1,0,1,1,0,0,0,0,0,0,0,0,0,0,1,0,0,0,0,1,0,1,0,0
2739-CACDQ,1,-0.630331988733308,0.588013468197854,-0.364974733552584,0,0,0,1,0,1,1,0,0,0,0,0,0,1,0,0,0,0,0,0,0,0,1,1,0,0,0
1564-NTYXF,1,-0.793154928087684,0.566444172933908,-0.515505528378192,0,0,0,1,0,1,1,0,0,0,0,0,0,0,0,0,0,0,0,1,0,0,1,0,1,0,1
9959-WOFKT,0,1.56777769255077,1.38607739296382,2.23081982724065,1,0,1,1,0,1,1,0,0,1,0,0,0,1,0,0,0,1,0,1,0,1,0,0,0,0,0
6152-ONASV,0,1.44566048803499,-0.221664692479463,0.735149186688875,0,1,0,1,0,1,0,0,0,1,0,0,0,0,0,1,0,0,0,0,1,0,0,0,0,0,0
0247-SLUJI,0,-1.28162374615081,-1.50088981928727,-1.00176148657962,1,1,1,1,0,0,0,1,1,0,1,0,1,0,1,0,1,0,1,0,0,0,0,0,0,1,0
0221-NAUXK,0,-0.915272132603466,-1.49259393649345,-0.914037838318995,1,0,1,1,0,0,0,1,1,0,1,0,1,0,1,0,1,0,1,0,1,0,1,0,0,0,0
2516-XSJKX,0,0.346605647392948,0.448642637261594,0.362279775851344,0,1,1,1,0,0,0,0,0,1,0,1,0,0,0,1,0,1,0,1,0,1,0,0,1,0,0
4023-RTIQM,1,-0.0604517009929918,-0.482155412205567,-0.316656477841462,0,1,0,0,1,0,0,0,0,1,0,1,0,1,0,0,0,0,0,1,1,0,1,1,0,0,0
1399-UBQIU,0,-0.874566397764872,0.146672503566365,-0.697692354432986,1,0,0,1,0,0,0,0,0,0,0,0,0,1,0,0,0,1,0,1,0,0,1,0,1,0,0
8896-BQTTI,0,-1.28162374615081,-1.32501710405818,-0.999434482897034,1,0,0,1,0,1,0,1,1,0,1,0,1,0,1,0,1,0,1,0,0,0,1,0,0,1,0
4018-KJYUY,0,-0.426803314540338,-1.48595723025839,-0.820518633716824,1,0,1,1,0,0,0,1,1,0,1,0,1,0,1,0,1,0,1,0,0,0,0,1,0,0,0
5414-OFQCB,0,0.997897404810452,0.846845011365192,1.28577094486532,1,0,0,1,0,1,1,0,0,0,0,0,0,0,0,1,0,1,0,0,0,1,1,1,0,0,0
6625-UTXEW,0,-0.833860662926278,-0.453949410706562,-0.74166394288795,0,1,0,1,0,0,0,0,0,0,0,1,0,0,0,0,0,0,0,0,0,0,1,0,1,0,0
8441-SHIPE,0,1.40495475319639,-1.305106985353,-0.224344680810446,0,0,0,1,0,1,0,1,1,0,1,0,1,0,1,0,1,0,1,0,0,1,1,0,0,0,0
3016-KSVCP,0,-0.14186317067018,-1.03466120627431,-0.567292336748268,1,1,0,0,1,0,0,0,0,0,0,0,0,0,0,0,0,1,0,0,0,0,0,0,0,1,0
6231-WFGFH,0,-1.15950654163503,-1.47434299434703,-0.976340068990582,1,1,1,1,0,0,0,1,1,0,1,0,1,0,1,0,1,0,1,0,0,0,1,0,0,1,0
7895-VONWT,0,-0.304686110024556,-0.553500004232461,-0.442358582431142,0,0,0,0,1,0,0,0,0,0,0,0,0,1,0,0,0,1,0,1,0,0,1,0,1,0,0
2314-TNDJQ,0,1.60848342738936,-0.307941873535242,0.693153356077619,0,1,1,0,1,0,0,0,0,1,0,1,0,1,0,1,0,0,0,1,0,1,0,1,0,0,0
6408-WHTEF,0,1.60848342738936,0.812002303631127,1.78925990203687,1,1,1,1,0,1,0,0,0,1,0,1,0,1,0,1,0,1,0,1,0,1,1,0,0,1,0
9026-LHEVG,0,-0.955977867442059,-0.80237648804721,-0.852613722244611,0,0,0,0,1,0,0,0,0,0,0,1,0,0,0,0,0,0,0,1,0,0,0,0,1,0,0
1172-VIYBP,0,0.835074465456076,0.158286739477721,0.60797624014888,1,1,1,1,0,1,0,0,0,1,0,1,0,0,0,0,0,0,0,1,0,1,0,0,0,0,0
5795-KTGUD,0,1.44566048803499,1.52212987078254,2.30605229535605,0,1,0,1,0,1,1,0,0,1,0,1,0,1,0,0,0,1,0,1,0,1,1,0,0,0,0
8996-ZROXE,1,0.997897404810452,-0.379286465562137,0.322479231733096,1,0,0,1,0,0,0,0,0,0,0,0,0,1,0,1,0,0,0,0,1,0,1,0,1,0,0
8404-VLQFB,0,-0.711743458410496,-1.31672122126436,-0.837049141009179,0,1,1,1,0,1,0,1,1,0,1,0,1,0,1,0,1,0,1,0,0,0,1,0,1,0,0
8143-ETQTI,0,-0.386097579701744,-1.50254899584604,-0.81215459217846,0,1,1,1,0,0,0,1,1,0,1,0,1,0,1,0,1,0,1,0,0,1,1,0,0,1,0
3549-ZTMNH,0,-0.833860662926278,-1.35820063523348,-0.892019114794117,1,1,1,1,0,1,0,1,1,0,1,0,1,0,1,0,1,0,1,0,0,1,1,0,0,0,0
8318-LCNBW,0,0.102371238361384,-0.390900701473492,-0.162635177491971,1,1,0,0,1,0,0,0,0,1,0,0,0,1,0,0,0,1,0,1,1,0,0,1,0,0,0
5922-ABDVO,0,-0.54892051905612,0.820298186424952,-0.237209059659477,0,1,0,1,0,1,1,0,0,0,0,0,0,1,0,0,0,0,0,1,0,0,0,0,0,1,1
9367-WXLCH,0,-0.996683602280654,0.649403000872158,-0.719469596443632,1,0,0,1,0,1,1,0,0,0,0,0,0,0,0,0,0,0,0,1,0,0,0,0,0,0,1
2675-IJRGJ,0,0.835074465456076,-1.50254899584604,-0.581012877329572,1,0,0,1,0,0,0,1,1,0,1,0,1,0,1,0,1,0,1,0,0,1,0,0,0,0,0
4486-EFAEB,0,-0.793154928087684,-1.47766134746456,-0.899922146168949,1,0,0,1,0,0,0,1,1,0,1,0,1,0,1,0,1,0,1,0,0,0,1,0,1,0,0
5564-NEMQO,1,-1.28162374615081,0.344114514059399,-0.977349900777366,0,0,0,1,0,0,1,0,0,0,0,0,0,1,0,0,0,0,0,0,0,0,1,0,0,0,1
7892-QVYKW,0,-0.386097579701744,0.685904885164988,-0.190076258654579,0,1,1,1,0,1,1,0,0,0,0,0,0,0,0,0,0,0,0,1,0,0,0,0,1,0,0
8648-PFRMP,1,-0.75244919324909,-0.616548713465531,-0.715057070592685,0,0,0,0,1,0,0,0,0,0,0,0,0,0,0,0,0,1,0,1,0,0,1,0,1,0,0
1821-BUCWY,0,-0.101157435831586,-0.307941873535242,-0.284276002069584,1,0,0,1,0,0,0,0,0,1,0,0,0,1,0,0,0,0,0,0,0,1,1,0,0,1,0
5726-CVNYA,0,-0.996683602280654,-1.49591228961098,-0.946045115387062,0,1,1,1,0,0,0,1,1,0,1,0,1,0,1,0,1,0,1,0,0,1,1,0,0,1,0
0106-GHRQR,0,-0.671037723571902,0.21469874247573,-0.478229563726904,1,0,0,1,0,1,0,0,0,0,0,1,0,1,0,0,0,0,0,1,0,0,1,0,0,0,0
2675-DHUTR,1,1.03860313964905,1.12724584979648,1.52764761066502,1,1,0,1,0,1,1,0,0,0,0,1,0,0,0,0,0,1,0,1,0,0,1,0,1,0,0
3811-VBYBZ,0,-1.03738933711925,1.15711102785425,-0.714815589078454,1,0,0,1,0,1,1,0,0,0,0,1,0,0,0,0,0,1,0,1,0,0,1,0,1,0,1
2446-BEGGB,1,-1.07809507195784,1.10567655453253,-0.76427539376594,0,0,0,1,0,1,1,0,0,0,0,1,0,0,0,0,0,1,0,1,0,0,1,0,1,0,1
8146-QQKZH,0,1.56777769255077,0.561466643257613,1.59074014447409,0,1,0,1,0,0,0,0,0,1,0,0,0,1,0,1,0,1,0,1,0,1,0,0,0,0,0
8710-YGLWG,0,-1.28162374615081,-0.664664833669716,-0.990697242654859,1,0,0,1,0,0,0,0,0,0,0,0,0,0,0,0,0,0,0,0,0,0,1,0,0,1,0
4188-FRABG,0,0.997897404810452,1.26495750417397,1.59133287182721,1,1,0,1,0,1,1,0,0,1,0,1,0,1,0,1,0,1,0,0,0,0,1,0,1,0,0
0761-AETCS,0,-1.28162374615081,-1.51416323175739,-1.00193710949906,0,0,0,1,0,0,0,1,1,0,1,0,1,0,1,0,1,0,1,0,0,0,0,0,1,0,1
8204-TIFGJ,0,-0.386097579701744,-1.48097970058209,-0.803790550640097,0,0,0,1,0,0,0,1,1,0,1,0,1,0,1,0,1,0,1,0,0,0,1,0,0,0,0
1898-JSNDC,0,0.26519417771576,-0.210050456568108,-0.0337279546224986,0,0,0,1,0,0,0,0,0,0,0,1,0,0,0,0,0,1,0,0,1,0,1,1,0,0,0
9079-LWTFD,0,0.590840056424512,1.18863538247078,1.03963542326918,1,0,0,1,0,1,1,0,0,1,0,1,0,0,0,1,0,1,0,0,0,0,0,0,0,1,0
4895-TMWIR,1,-0.874566397764872,-1.49259393649345,-0.916123360487353,1,1,0,1,0,0,0,1,1,0,1,0,1,0,1,0,1,0,1,0,0,0,0,0,0,1,1
9626-VFRGG,0,0.346605647392948,0.782137125573357,0.589974890906209,0,0,1,1,0,1,1,0,0,0,0,1,0,0,0,0,0,1,0,0,0,0,1,0,0,0,0
2710-WYVXG,0,-1.20021227647362,0.20474368312314,-0.916738040705396,0,0,0,1,0,0,0,0,0,1,0,1,0,0,0,1,0,0,0,1,0,1,0,0,0,1,0
5832-TRLPB,0,-0.14186317067018,0.345773690618164,-0.0252102430296247,1,0,0,1,0,0,0,0,0,0,0,0,0,1,0,1,0,1,0,1,1,0,1,0,0,0,0
1090-PYKCI,0,1.48636622287358,1.33298374308333,2.16608082856182,0,1,1,1,0,1,1,0,0,1,0,1,0,1,0,1,0,1,0,0,1,0,1,1,0,0,0
4510-PYUSH,1,0.224488442877166,-0.258166576772293,-0.0222466062640629,0,0,0,1,0,0,0,0,0,1,0,1,0,0,0,0,0,0,0,0,0,0,1,1,0,0,1
4652-NNHNY,0,-0.671037723571902,0.295998393855214,-0.446573532497718,1,1,0,1,0,1,1,0,0,0,0,0,0,0,0,0,0,0,0,0,0,0,1,0,0,0,1
9027-TMATR,0,0.428017117070136,0.460256873172949,0.508859054989537,0,1,0,1,0,0,0,0,0,1,0,0,0,1,0,1,0,1,0,1,0,1,1,0,1,0,0
8124-NZVGJ,0,-1.07809507195784,-0.520316473057161,-0.898187869839472,0,0,0,0,1,0,0,0,0,0,0,0,0,0,0,1,0,1,0,1,1,0,1,0,0,1,0
2809-ILCYT,0,-0.304686110024556,-1.26528674794264,-0.688340433972769,0,1,0,1,0,1,0,1,1,0,1,0,1,0,1,0,1,0,1,0,1,0,1,0,0,1,0
9985-MWVIX,0,-1.28162374615081,0.173219328506606,-0.979611045865165,0,0,0,1,0,0,1,0,0,0,0,0,0,0,0,0,0,0,0,0,0,0,1,0,0,1,1
5439-WIKXB,1,0.346605647392948,0.982897489183921,0.680596317337609,1,1,0,1,0,0,1,0,0,0,0,1,0,0,0,0,0,1,0,1,0,0,1,0,1,0,0
3932-IJWDZ,0,0.509428586747324,1.28486762287915,1.07416727980421,1,0,0,1,0,1,1,0,0,0,0,0,0,1,0,1,0,1,0,1,0,0,1,0,0,0,0
2135-DQWAQ,0,-1.11880080679644,0.675949825812398,-0.825809274164975,0,0,0,1,0,0,1,0,0,0,0,1,0,0,0,0,0,1,0,0,0,0,1,0,0,1,0
1950-KSVVJ,0,0.509428586747324,1.60508869872079,1.19903517552655,0,1,0,1,0,1,1,0,0,1,0,1,0,1,0,1,0,1,0,1,1,0,0,0,0,1,0
9168-INPSZ,1,0.46872285190873,1.3014593884668,0.963437029096852,0,1,0,1,0,1,1,0,0,0,0,0,0,1,0,1,0,1,0,1,0,0,0,0,1,0,0
7501-IWUNG,0,1.16072034416483,0.29433921729645,1.0162995278485,0,1,1,1,0,0,0,0,0,0,0,0,0,1,0,1,0,1,0,1,0,1,1,0,0,0,0
1485-YDHMM,0,0.794368730617482,0.939758898656032,1.02317077457162,1,1,1,1,0,1,1,0,0,0,0,1,0,0,0,1,0,0,0,1,0,0,1,0,0,0,0
6400-BWQKW,0,-1.07809507195784,0.468552755966774,-0.81964051911962,0,0,0,1,0,1,1,0,0,1,0,0,0,0,0,0,0,0,0,0,0,0,1,0,1,0,1
1468-DEFNC,1,1.28283754868061,-1.34492722276336,-0.330464829882487,1,1,1,1,0,1,0,1,1,0,1,0,1,0,1,0,1,0,1,0,0,1,1,0,0,0,0
8999-EXMNO,0,-0.54892051905612,-1.48595723025839,-0.840188400694182,0,1,1,1,0,0,0,1,1,0,1,0,1,0,1,0,1,0,1,0,0,1,0,0,0,1,0
0308-GIQJT,1,1.56777769255077,1.35455303834728,2.23108326161981,1,0,0,1,0,1,1,0,0,0,0,1,0,0,0,1,0,1,0,1,1,0,0,0,0,0,0
2826-UWHIS,0,0.509428586747324,0.546534054228729,0.647403585563317,1,1,0,1,0,1,1,0,0,0,0,1,0,0,0,0,0,0,0,0,0,0,0,0,0,0,0
4676-MQUEA,1,0.712957260940294,1.22679644332238,1.3014452904254,1,1,0,1,0,1,1,0,0,1,0,1,0,1,0,0,0,1,0,0,1,0,1,0,0,0,0
5989-AXPUC,0,1.44566048803499,1.78096141394988,2.49767885333079,0,1,0,1,0,1,1,0,0,1,0,1,0,1,0,1,0,1,0,1,0,1,0,0,0,1,0
8062-YBDOE,1,-1.28162374615081,0.156627562918956,-0.979830574514466,1,0,0,1,0,0,1,0,0,0,0,0,0,0,0,0,0,0,0,0,0,0,1,0,1,0,1
3398-FSHON,1,-0.833860662926278,0.875051012864197,-0.529862702042469,0,0,0,1,0,1,1,0,0,0,0,1,0,0,0,0,0,1,0,0,0,0,1,0,1,0,1
2495-KZNFB,0,0.0209597686841961,0.853481717600252,0.302194784537696,0,0,0,1,0,1,1,0,0,1,0,0,0,0,0,0,0,0,0,1,0,0,1,0,1,0,0
9904-EHEVJ,1,-0.0197459661543978,0.876710189422962,0.261340502902803,0,1,1,1,0,1,1,0,0,0,0,0,0,1,0,0,0,1,0,0,0,0,1,0,0,1,0
2718-YSKCS,0,1.56777769255077,-1.5042081724048,-0.401240866417088,1,1,1,1,0,0,0,1,1,0,1,0,1,0,1,0,1,0,1,0,0,1,1,0,0,0,0
7668-XCFYV,1,-0.630331988733308,0.916530426833322,-0.301465095309842,0,1,0,1,0,1,1,0,0,0,0,0,0,0,0,0,0,1,0,1,0,0,1,0,1,0,0
6937-GCDGQ,0,-0.54892051905612,-0.530271532409751,-0.590847760818251,1,1,1,1,0,0,0,0,0,1,0,0,0,0,0,0,0,0,0,0,1,0,1,0,0,0,0
5188-HGMLP,1,0.87578020029467,0.30097592353151,0.710320496452947,1,1,0,1,0,1,1,0,0,0,0,0,0,0,0,0,0,0,0,0,0,0,0,0,0,0,0
0699-NDKJM,0,0.997897404810452,-0.205072926891813,0.498826595716487,0,1,0,0,1,0,0,0,0,1,0,1,0,1,0,0,0,1,0,1,0,0,1,0,0,0,0
3889-VWBID,0,1.44566048803499,0.594650174432913,1.52578161714597,1,1,1,1,0,0,0,0,0,1,0,1,0,0,0,1,0,1,0,1,0,1,0,0,0,0,0
5307-UVGNB,0,0.835074465456076,-0.538567415203576,0.0851248561089934,0,1,1,0,1,0,0,0,0,1,0,1,0,1,0,0,0,0,0,1,0,0,1,0,0,0,0
6394-MFYNG,0,0.631545791263106,1.40930586478653,1.23813322796703,0,0,0,1,0,1,1,0,0,0,0,1,0,1,0,0,0,1,0,1,0,0,1,0,0,0,1
2703-AMTUL,0,0.143076973199978,-0.374308935885842,-0.158925143318786,1,1,1,1,0,0,0,0,0,1,0,1,0,0,0,0,0,0,0,0,1,0,0,0,0,1,0
3727-OWVYD,0,0.102371238361384,-0.123773275512328,-0.122988303428233,1,0,0,1,0,0,0,0,0,1,0,1,0,1,0,0,0,0,0,0,1,0,0,0,0,1,0
4102-HLENU,0,1.40495475319639,0.0238934382177562,0.887567927898471,0,1,0,1,0,1,0,0,0,1,0,1,0,1,0,0,0,0,0,0,0,1,0,0,0,1,0
3160-TYXLT,0,0.835074465456076,-0.618207890024296,0.107802165581773,1,0,0,0,1,0,0,0,0,1,0,1,0,0,0,0,0,0,0,1,0,0,1,0,0,0,0
9800-ONTFE,0,-0.426803314540338,0.360706279647049,-0.301289472390401,0,1,1,1,0,1,1,0,0,0,0,0,0,0,0,0,0,0,0,0,0,0,1,0,0,0,0
0191-ZHSKZ,1,-0.101157435831586,0.325863571912985,-0.0834292408242159,1,0,0,1,0,0,0,0,0,1,0,1,0,0,0,0,0,1,0,1,0,0,1,0,1,0,0
4366-CTOUZ,0,0.712957260940294,1.17038444032437,1.20175733077788,0,0,0,1,0,0,1,0,0,0,0,1,0,0,0,1,0,1,0,1,0,1,1,0,0,1,0
5242-UOWHD,0,0.509428586747324,-1.47932052402333,-0.602438873501337,1,1,1,1,0,0,0,1,1,0,1,0,1,0,1,0,1,0,1,0,0,1,0,0,0,1,0
7016-BPGEU,0,-0.14186317067018,-1.32169875094065,-0.697428920053825,0,0,0,0,1,0,0,0,0,0,0,0,0,0,0,0,0,0,0,0,0,0,1,1,0,0,1
2957-LOLHO,0,-0.833860662926278,-0.648073068082066,-0.782584083117633,1,0,0,1,0,0,0,0,0,0,0,0,0,0,0,0,0,0,0,0,0,0,1,0,0,0,1
4430-UZIPO,0,-1.20021227647362,-0.931792259630879,-0.962685387004068,1,0,0,0,1,0,0,0,0,0,0,1,0,0,0,1,0,0,0,0,0,0,1,0,0,1,1
1740-CSDJP,0,-1.28162374615081,-0.984885909511359,-0.994934145586366,1,0,0,0,1,0,0,0,0,0,0,0,0,0,0,0,0,0,0,1,0,0,1,0,0,0,1
2074-GKOWZ,0,-1.24091801131222,0.816979833307422,-0.928943833606524,1,1,1,1,0,0,1,0,0,0,0,0,0,0,0,0,0,1,0,1,0,0,1,0,0,0,1
2523-EWWZL,0,-0.223274640347368,0.370661338999639,-0.0912883664691872,0,1,0,1,0,0,1,0,0,0,0,1,0,0,0,0,0,0,0,0,0,0,1,0,1,0,0
0533-BNWKF,1,0.916485935133264,0.680927355488693,1.12986169813184,0,1,0,1,0,1,1,0,0,0,0,1,0,1,0,0,0,0,0,0,0,0,1,0,1,0,1
2320-JRSDE,0,-1.28162374615081,-1.49425311305221,-1.0016736751199,0,1,1,1,0,0,0,1,1,0,1,0,1,0,1,0,1,0,1,0,0,0,1,0,1,0,1
2951-QOQTK,0,-1.15950654163503,0.526623935523549,-0.864446316441928,1,0,1,1,0,1,1,0,0,0,0,0,0,0,0,1,0,0,0,0,0,0,0,1,0,0,1
8807-OPMBM,0,0.916485935133264,-1.30344780879424,-0.400999384902857,0,1,1,1,0,1,0,1,1,0,1,0,1,0,1,0,1,0,1,0,0,1,1,1,0,0,0
0277-BKSQP,0,-0.996683602280654,-0.349421287504367,-0.801814792796389,1,1,1,1,0,0,0,0,0,0,0,0,0,0,0,0,0,1,0,0,0,0,1,0,1,0,0
7176-WRTNX,0,1.52707195771217,1.65984152516004,2.37526967848062,1,0,0,1,0,1,1,0,0,1,0,1,0,1,0,1,0,1,0,1,0,1,1,0,0,0,0
0617-AQNWT,0,1.28283754868061,-0.566773416702581,0.371521931986911,0,1,0,0,1,0,0,0,0,1,0,0,0,1,0,1,0,0,0,1,0,1,0,0,1,0,1
5035-BVCXS,0,-0.874566397764872,0.36402463276458,-0.630011671853527,1,0,0,1,0,0,1,0,0,0,0,1,0,0,0,0,0,0,0,0,0,0,1,0,0,1,0
0322-YINQP,0,-1.28162374615081,-0.543544944879871,-0.989094683514963,1,0,0,1,0,0,0,0,0,1,0,0,0,0,0,0,0,0,0,0,0,0,1,0,0,1,1
1084-UQCHV,0,-1.28162374615081,0.159945916036485,-0.979786668784606,1,0,1,1,0,0,1,0,0,0,0,0,0,0,0,0,0,0,0,0,0,0,0,0,0,0,1
9300-RENDD,0,-1.28162374615081,0.498417934024544,-0.975308284338868,1,0,0,1,0,0,1,0,0,0,0,0,0,0,0,0,0,1,0,0,0,0,1,0,1,0,1
3727-OVPRY,0,1.3642490183578,-1.30178863223547,-0.257625224044458,1,1,1,1,0,1,0,1,1,0,1,0,1,0,1,0,1,0,1,0,1,0,1,1,0,0,0
5701-ZIKJE,0,-0.793154928087684,-0.477177882529272,-0.742256670241063,1,0,0,1,0,0,0,0,0,0,0,0,0,0,0,1,0,0,0,0,0,0,1,0,0,1,0
7115-IRDHS,0,1.60848342738936,-1.33663133996954,-0.206914106055956,0,1,0,1,0,1,0,1,1,0,1,0,1,0,1,0,1,0,1,0,0,1,0,0,0,0,0
8908-NMQTX,0,1.60848342738936,0.0222342616589909,0.994544238702786,1,0,0,0,1,0,0,0,0,1,0,1,0,1,0,1,0,1,0,1,0,1,1,0,0,0,0
0689-DSXGL,0,0.794368730617482,0.692541591400048,0.936061806529033,0,1,1,1,0,0,1,0,0,0,0,1,0,1,0,1,0,0,0,0,0,0,0,0,0,0,0
5201-USSQZ,0,-0.263980375185962,0.695859944517578,-0.0460435118482776,0,1,0,1,0,0,1,0,0,0,0,0,0,0,0,1,0,0,0,1,0,0,0,1,0,0,0
5199-FPUSP,0,0.0209597686841961,-1.02470614692172,-0.521323037584665,1,0,1,0,1,0,0,0,0,1,0,0,0,0,0,1,0,0,0,0,1,0,0,1,0,0,0
5889-LFOLL,0,-0.793154928087684,0.652721353989688,-0.520774215961413,0,0,0,1,0,1,1,0,0,0,0,0,0,0,0,0,0,0,0,1,0,0,1,0,1,0,1
8718-PTMEZ,0,-0.793154928087684,-1.12425674044762,-0.857948268422622,0,0,0,0,1,0,0,0,0,0,0,1,0,0,0,0,0,0,0,0,0,0,1,0,1,0,1
5214-CHIWJ,0,-0.223274640347368,-1.48097970058209,-0.74914986982911,1,0,0,1,0,0,0,1,1,0,1,0,1,0,1,0,1,0,1,0,1,0,0,0,0,1,0
7975-JMZNT,0,1.3642490183578,0.888324425334317,1.65725732521226,1,1,0,1,0,1,0,0,0,1,0,1,0,1,0,1,0,1,0,1,0,1,0,0,0,0,0
3726-TBHQT,0,1.56777769255077,1.6283171705435,2.57927765227592,1,1,1,1,0,1,1,0,0,1,0,1,0,1,0,1,0,1,0,1,0,1,1,0,0,0,0
6582-OIVSP,0,-1.28162374615081,-0.651391421199596,-0.990521619735419,0,0,0,1,0,0,0,0,0,0,0,0,0,0,0,0,0,0,0,0,0,0,0,0,0,1,0
5872-OEQNH,0,1.12001460932623,-0.679597422698601,0.207490125229299,0,0,0,0,1,0,0,0,0,1,0,0,0,1,0,0,0,0,0,1,1,0,1,0,1,0,0
3235-ETOOB,0,-0.996683602280654,0.31756768911916,-0.742629868944874,1,1,0,1,0,0,1,0,0,1,0,0,0,0,0,0,0,0,0,0,0,0,1,0,1,0,1
7271-AJDTL,0,0.916485935133264,0.979579136066392,1.21697066617443,0,1,0,1,0,1,1,0,0,0,0,1,0,1,0,0,0,1,0,0,0,0,1,1,0,0,0
7317-GGVPB,0,1.56777769255077,1.44912610219688,2.36633486245407,1,1,0,1,0,1,1,0,0,0,0,1,0,1,0,1,0,1,0,1,0,1,1,1,0,0,1
8033-ATFAS,0,0.26519417771576,-0.168571042598983,0.0176417493139054,0,1,1,1,0,0,0,0,0,0,0,0,0,1,0,0,0,1,0,0,0,0,1,0,0,1,0
0869-PAPRP,1,-0.263980375185962,0.689223238282518,-0.102879479152273,0,1,0,1,0,0,1,0,0,0,0,0,0,1,0,0,0,1,0,0,0,0,1,1,0,0,0
2794-XIMMO,0,0.835074465456076,-0.148660923893803,0.387657287710525,1,1,0,0,1,0,0,0,0,0,0,1,0,1,0,1,0,1,0,1,1,0,1,0,1,0,1
4236-XPXAV,0,-1.11880080679644,1.1355417325903,-0.806227318647337,0,1,1,1,0,0,1,0,0,0,0,1,0,0,0,1,0,1,0,1,0,0,1,0,0,1,1
7203-OYKCT,0,1.60848342738936,1.32800621340704,2.30196906247906,1,0,0,1,0,1,1,0,0,0,0,1,0,1,0,0,0,1,0,1,1,0,1,0,1,0,0
0187-WZNAB,0,-0.223274640347368,0.31424933600163,-0.144436252464928,0,1,1,1,0,0,1,0,0,1,0,0,0,0,0,0,0,0,0,0,0,0,0,0,0,1,0
1357-MVDOZ,0,-0.874566397764872,-0.175207748834043,-0.710425016092436,1,1,1,1,0,0,0,0,0,0,0,0,0,1,0,0,0,1,0,0,0,0,1,0,0,0,0
3786-WOVKF,1,1.60848342738936,1.39105492264011,2.36040758892295,0,1,0,1,0,1,1,0,0,1,0,1,0,0,0,0,0,1,0,1,1,0,1,0,0,0,0
8952-WCVCD,0,0.346605647392948,1.31141444781939,0.81696751428331,0,1,0,1,0,0,1,0,0,1,0,1,0,1,0,0,0,1,0,1,1,0,1,0,0,0,0
4186-ZBUEW,0,0.143076973199978,0.19147027065302,0.0924790658605726,0,0,0,1,0,1,0,0,0,0,0,1,0,0,0,1,0,0,0,1,1,0,1,0,0,1,0
5701-YVSVF,1,-0.874566397764872,0.596309350991678,-0.624018539727613,0,1,0,1,0,0,1,0,0,0,0,0,0,0,0,1,0,1,0,0,0,0,1,0,1,0,0
0847-HGRML,0,1.20142607900342,-1.49093475993468,-0.461545386380038,1,0,1,1,0,0,0,1,1,0,1,0,1,0,1,0,1,0,1,0,0,1,0,0,0,0,0
6344-SFJVH,0,-0.508214784217526,-1.32833545717571,-0.788269875134525,0,0,0,0,1,0,0,0,0,0,0,0,0,0,0,0,0,0,0,0,0,0,0,1,0,0,0
7269-JISCY,0,0.916485935133264,-0.659687303993421,0.0708115881745766,0,0,0,1,0,0,0,0,0,0,0,0,0,0,0,0,0,0,0,0,1,0,0,0,0,0,0
1094-BKOSX,0,0.509428586747324,-0.462245293500387,-0.0161656626784288,0,1,1,0,1,0,0,0,0,0,0,1,0,1,0,1,0,0,0,1,1,0,0,0,0,0,0
3407-JMJQQ,0,1.56777769255077,1.462399514667,2.35355829506476,0,1,1,1,0,1,1,0,0,1,0,1,0,1,0,0,0,1,0,1,0,1,1,0,0,0,0
3776-EKTKM,1,-1.28162374615081,-0.945065672100999,-0.994407276828044,0,0,0,0,1,0,0,0,0,0,0,0,0,0,0,0,0,1,0,0,0,0,1,0,1,0,1
6199-IPCAO,0,-0.14186317067018,-1.28851521976535,-0.70634178321544,0,1,1,1,0,1,0,1,1,0,1,0,1,0,1,0,1,0,1,0,0,1,0,0,0,1,0
5651-CPDND,0,-0.915272132603466,-0.628162949376886,-0.79435081872016,1,0,0,1,0,0,0,0,0,0,0,0,0,0,0,0,0,0,0,0,0,0,0,0,0,1,0
2371-JUNGC,0,-0.874566397764872,-1.48263887714086,-0.919086997252915,1,0,0,1,0,0,0,1,1,0,1,0,1,0,1,0,1,0,1,0,0,0,0,0,0,1,0
9415-DPEWS,0,-0.589626253894714,0.777159595897062,-0.290664285764239,0,0,0,1,0,1,1,0,0,0,0,0,0,0,0,1,0,1,0,0,0,0,1,0,1,0,1
7134-HBPBS,1,1.60848342738936,1.43253433660923,2.40284247683281,0,0,0,1,0,1,1,0,0,0,0,1,0,1,0,1,0,1,0,1,0,1,1,0,0,0,0
1478-VPOAD,0,-1.28162374615081,-0.701166717962546,-0.991180205683321,0,0,0,1,0,0,0,0,0,0,0,0,0,0,0,0,0,0,0,0,0,0,0,0,1,0,0
0356-OBMAC,1,0.957191669971858,1.16042938097178,1.49498174764905,0,0,0,1,0,1,1,0,0,0,0,1,0,1,0,1,0,1,0,0,0,1,1,0,0,0,0
9793-WECQC,0,-0.386097579701744,1.0077851375654,-0.0476021652583136,1,0,0,1,0,0,1,0,0,0,0,1,0,0,0,0,0,1,0,1,0,0,0,0,0,1,0
5955-ERIHD,0,-0.589626253894714,0.987875018860217,-0.269304148187264,1,1,0,1,0,1,1,0,0,0,0,0,0,0,0,0,0,1,0,1,0,0,1,0,1,0,1
2684-EIWEO,1,-0.101157435831586,0.888324425334317,0.200574972776322,0,0,0,1,0,1,1,0,0,1,0,1,0,1,0,0,0,0,0,0,0,0,0,1,0,0,1
3712-PKXZA,0,1.16072034416483,-1.47268381778827,-0.460711177512695,1,1,0,1,0,0,0,1,1,0,1,0,1,0,1,0,1,0,1,0,1,0,1,1,0,0,0
1839-UMACK,0,0.387311382231542,-1.32335792749942,-0.593372340285211,1,0,0,1,0,1,0,1,1,0,1,0,1,0,1,0,1,0,1,0,1,0,0,0,1,0,0
3194-ORPIK,0,0.712957260940294,0.646084647754628,0.79681478427749,0,1,1,1,0,1,1,0,0,0,0,0,0,0,0,0,0,1,0,0,0,0,1,0,0,0,1
5022-KVDQT,0,-0.223274640347368,0.543215701111198,-0.0125214871000343,1,0,0,1,0,1,1,0,0,0,0,0,0,1,0,0,0,0,0,0,0,0,1,0,1,0,0
1031-IIDEO,0,-1.28162374615081,0.196447800329315,-0.979303705756144,0,0,0,1,0,0,1,0,0,0,0,0,0,0,0,0,0,0,0,0,0,0,1,0,1,0,1
1768-HNVGJ,1,0.509428586747324,0.169900975389075,0.334180108740833,0,0,0,1,0,1,0,0,0,1,0,0,0,0,0,1,0,0,0,1,0,0,1,0,1,0,0
1576-PFZIW,1,1.52707195771217,1.34127962587716,2.28774360600436,1,1,0,1,0,0,1,0,0,1,0,1,0,1,0,0,0,1,0,1,0,1,0,1,0,0,0
2011-TRQYE,0,-0.589626253894714,-1.04295708906813,-0.746976536201031,1,0,0,0,1,0,0,0,0,0,0,1,0,1,0,0,0,0,0,0,0,0,1,1,0,0,1
2800-VEQXM,0,-1.20021227647362,0.325863571912985,-0.905871372565003,0,0,0,1,0,0,1,0,0,0,0,0,0,1,0,0,0,0,0,0,0,0,1,0,0,1,0
7776-QGYJC,0,0.26519417771576,0.549852407346259,0.353871828583121,0,1,1,1,0,0,1,0,0,0,0,0,0,1,0,1,0,0,0,0,0,0,1,0,0,0,0
3620-EHIMZ,0,0.794368730617482,-1.51250405519863,-0.557435500394659,0,1,1,1,0,0,0,1,1,0,1,0,1,0,1,0,1,0,1,0,0,1,0,0,0,1,0
9763-PDTKK,0,-1.15950654163503,0.977919959507627,-0.840407929343483,0,0,0,1,0,0,1,0,0,1,0,0,0,1,0,1,0,0,0,1,0,0,1,0,0,0,1
3192-NQECA,0,1.44566048803499,1.4955830458423,2.33162738299961,1,1,0,1,0,1,1,0,0,0,0,1,0,1,0,1,0,1,0,1,0,1,1,0,0,0,1
1439-LCGVL,0,-0.263980375185962,-1.51748158487492,-0.808620180924716,0,1,0,1,0,0,0,1,1,0,1,0,1,0,1,0,1,0,1,0,1,0,0,0,0,1,0
6905-NIQIN,0,-1.28162374615081,-0.473859529411742,-0.988172663187899,1,0,0,1,0,0,0,0,0,0,0,1,0,0,0,0,0,0,0,0,0,0,0,0,0,1,1
8191-XWSZG,0,0.794368730617482,-1.46936546467074,-0.561277251757424,0,0,0,1,0,0,0,1,1,0,1,0,1,0,1,0,1,0,1,0,1,0,0,0,0,1,0
3945-GFWQL,0,-0.833860662926278,-0.676279069581071,-0.79939997765408,0,0,1,1,0,0,0,0,0,0,0,0,0,0,0,0,0,0,0,0,0,0,1,0,1,0,1
2065-MMKGR,0,-0.14186317067018,0.20142533000561,-0.0971278285405904,0,0,0,1,0,1,0,0,0,0,0,0,0,0,0,0,0,1,0,1,1,0,1,1,0,0,0
0495-RVCBF,0,-1.28162374615081,0.490122051230719,-0.975418048663519,0,0,0,1,0,0,1,0,0,0,0,0,0,0,0,0,0,0,0,1,0,0,1,0,1,0,1
3948-XHGNA,0,-0.34539184486315,-0.510361413704572,-0.478975961134527,1,0,0,1,0,0,0,0,0,1,0,0,0,0,0,0,0,0,0,0,0,0,1,0,0,0,1
0016-QLJIS,0,1.3235432835192,0.846845011365192,1.60544856397725,0,1,1,1,0,1,0,0,0,1,0,1,0,1,0,1,0,1,0,1,0,1,1,0,0,1,0
3669-LVWZB,0,-1.11880080679644,-0.462245293500387,-0.876081334854874,1,0,0,0,1,0,0,0,0,0,0,1,0,0,0,0,0,1,0,1,0,0,1,0,0,1,1
3451-VAWLI,0,0.102371238361384,-1.50088981928727,-0.689723464463364,0,1,1,1,0,0,0,1,1,0,1,0,1,0,1,0,1,0,1,0,0,1,0,1,0,0,0
2911-IJORQ,0,0.183782708038572,0.851822541041487,0.464228880586669,1,0,0,1,0,1,0,0,0,1,0,1,0,1,0,1,0,1,0,1,1,0,1,0,0,0,0
2773-MADBQ,0,0.143076973199978,-0.392559878032257,-0.175653226395512,0,0,0,0,1,0,0,0,0,1,0,1,0,1,0,1,0,0,0,1,0,1,1,0,0,1,0
2612-RRIDN,0,-1.15950654163503,0.533260641758609,-0.860758235133673,1,0,0,1,0,0,1,0,0,0,0,0,0,0,0,0,0,1,0,0,0,0,1,0,1,0,1
1299-AURJA,0,1.52707195771217,-1.33497216341077,-0.270204215649398,0,1,1,1,0,1,0,1,1,0,1,0,1,0,1,0,1,0,1,0,0,1,0,0,0,0,0
9426-SXNHE,0,-1.24091801131222,-1.53241417390381,-0.987075019941395,0,0,0,1,0,0,0,1,1,0,1,0,1,0,1,0,1,0,1,0,0,0,0,0,0,0,0
0221-WMXNQ,1,-1.15950654163503,0.345773690618164,-0.890372649924361,1,0,0,1,0,0,1,0,0,1,0,0,0,0,0,0,0,0,0,0,0,0,0,0,1,0,0
3144-KMTWZ,0,1.56777769255077,0.939758898656032,1.91785978479732,1,1,0,1,0,1,1,0,0,0,0,1,0,1,0,0,0,0,0,1,0,0,1,0,0,0,0
7503-MIOGA,1,1.60848342738936,0.826934892660012,1.93010948342831,0,1,0,1,0,1,0,0,0,1,0,1,0,1,0,1,0,1,0,1,0,1,1,0,0,0,0
3537-RYBHH,1,0.590840056424512,0.0836237943332959,0.417403419690793,0,1,0,1,0,1,0,0,0,1,0,1,0,1,0,0,0,0,0,0,0,0,1,1,0,0,0
6504-VBLFL,0,0.916485935133264,-0.210050456568108,0.336880311127233,1,1,0,1,0,0,0,0,0,1,0,1,0,1,0,0,0,0,0,0,0,1,0,0,1,0,0
5364-XYIRR,0,0.753662995778888,0.986215842301452,1.10266209848346,1,1,0,1,0,1,1,0,0,0,0,0,0,0,0,0,0,1,0,1,0,0,1,0,1,0,1
9924-JPRMC,0,1.60848342738936,1.76768800147976,2.74227767438182,1,0,0,1,0,1,1,0,0,1,0,1,0,1,0,1,0,1,0,1,0,1,1,0,1,0,0
2040-XBAVJ,0,1.60848342738936,1.64324975957239,2.54619468482628,1,1,1,1,0,1,1,0,0,1,0,1,0,1,0,1,0,1,0,1,0,1,0,0,0,0,0
8608-OZTLB,0,0.224488442877166,0.302635100090275,0.219959352509589,1,1,1,1,0,0,0,0,0,1,0,1,0,1,0,1,0,1,0,0,1,0,0,0,1,0,0
4526-RMTLL,0,-0.996683602280654,0.372320515558405,-0.726867711925072,1,1,1,1,0,1,0,0,0,1,0,1,0,0,0,1,0,0,0,1,0,1,1,1,0,0,0
0504-HHAPI,1,-0.223274640347368,0.775500419338297,0.0730727332623756,0,0,0,1,0,1,1,0,0,0,0,0,0,1,0,0,0,0,0,1,0,0,0,1,0,0,1
0856-NAOES,0,-1.07809507195784,-0.133728334864918,-0.828597288011096,1,0,0,1,0,0,0,0,0,0,0,0,0,1,0,0,0,1,0,0,0,0,0,0,0,1,0
3266-FTKHB,0,-0.630331988733308,-1.51914076143369,-0.859616686157309,1,0,0,1,0,0,0,1,1,0,1,0,1,0,1,0,1,0,1,0,0,1,0,0,0,1,0
0831-JNISG,0,1.56777769255077,-1.49757146616974,-0.397377162189393,1,1,1,1,0,0,0,1,1,0,1,0,1,0,1,0,1,0,1,0,0,1,0,0,0,1,0
0815-MFZGM,0,0.387311382231542,1.13056420291401,0.805091014356133,0,1,0,1,0,0,1,0,0,0,0,0,0,1,0,1,0,1,0,1,0,1,1,1,0,0,0
2592-YKDIF,0,-1.28162374615081,-1.47932052402333,-1.00147609933553,0,0,0,1,0,0,0,1,1,0,1,0,1,0,1,0,1,0,1,0,0,0,0,0,0,1,0
1984-FCOWB,0,1.52707195771217,1.47899128025465,2.35915627562194,0,1,0,1,0,1,1,0,0,0,0,1,0,1,0,1,0,1,0,1,1,0,1,0,1,0,1
3987-KQDDU,0,-0.955977867442059,0.354069573411989,-0.719952559472094,1,0,0,1,0,0,1,0,0,1,0,0,0,0,0,0,0,0,0,0,0,0,0,0,1,0,0
4291-HPAXL,0,-1.28162374615081,-1.49591228961098,-1.00169562798483,1,0,1,1,0,0,0,1,1,0,1,0,1,0,1,0,1,0,1,0,0,0,0,0,0,1,0
8111-BKVDS,0,-0.915272132603466,-0.804035664605975,-0.813142471100314,0,0,0,0,1,0,0,0,0,1,0,1,0,1,0,0,0,0,0,0,0,0,0,0,0,0,0
6322-PJJDJ,0,0.6722515261017,0.991193371977746,1.04905320232419,1,1,0,1,0,0,1,0,0,0,0,1,0,0,0,0,0,1,0,1,0,1,1,0,1,0,0
9281-PKKZE,0,0.550134321585918,-0.69618918828625,-0.128849718364566,0,1,0,0,1,0,0,0,0,0,0,0,0,0,0,0,0,1,0,1,0,0,1,0,1,0,0
7047-FWEYA,0,0.550134321585918,1.2682758572915,1.00690370165842,0,1,0,1,0,1,1,0,0,0,0,1,0,0,0,1,0,1,0,1,1,0,1,0,1,0,0
2265-CYWIV,1,-1.15950654163503,1.15047432161919,-0.857772645503181,0,1,0,1,0,1,1,0,0,1,0,0,0,0,0,0,0,1,0,1,0,0,1,0,1,0,1
3259-FDWOY,0,1.56777769255077,1.36284892114111,2.38073594184821,1,1,1,1,0,1,1,0,0,0,0,1,0,1,0,0,0,1,0,1,0,1,1,0,0,0,1
9715-SBVSU,0,-0.75244919324909,-0.117136569277268,-0.652337735487426,1,1,1,1,0,0,0,0,0,1,0,1,0,0,0,0,0,0,0,1,0,1,1,0,0,0,0
5067-WJEUN,0,1.40495475319639,-0.356057993739427,0.674778808131135,1,1,1,1,0,0,0,0,0,1,0,1,0,0,0,0,0,0,0,0,0,1,1,0,0,0,0
8049-WJCLQ,0,-0.915272132603466,-0.156956806687628,-0.763002127599995,1,1,1,1,0,0,0,0,0,0,0,0,0,1,0,0,0,1,0,0,0,0,0,0,0,1,0
3635-QQRQD,0,1.20142607900342,-1.48927558337592,-0.482817712497292,1,0,0,1,0,0,0,1,1,0,1,0,1,0,1,0,1,0,1,0,0,1,1,1,0,0,0
8079-XRJRS,0,1.3235432835192,0.823616539542482,1.52277407465054,1,1,0,1,0,1,1,0,0,1,0,1,0,1,0,0,0,0,0,0,1,0,0,0,1,0,1
2634-HCZGT,1,0.835074465456076,-0.161934336363923,0.407590489067044,1,1,0,1,0,1,0,0,0,1,0,0,0,0,0,1,0,0,0,0,1,0,1,0,1,0,1
8410-BGQXN,0,-1.15950654163503,-1.51084487863986,-0.969402963672675,1,0,0,1,0,0,0,1,1,0,1,0,1,0,1,0,1,0,1,0,0,0,0,0,0,1,0
3638-WEABW,0,1.03860313964905,-0.166911866040218,0.528528821966895,0,1,0,1,0,1,0,0,0,0,0,1,0,0,0,1,0,0,0,0,0,1,1,1,0,0,0
5960-WPXQM,0,-1.28162374615081,0.468552755966774,-0.97570343590761,1,0,0,1,0,0,1,0,0,0,0,0,0,0,0,0,0,1,0,0,0,0,1,0,1,0,1
5954-BDFSG,0,1.60848342738936,1.41262421790405,2.43781339066644,0,0,0,1,0,1,1,0,0,0,0,0,0,1,0,1,0,1,0,1,0,1,1,1,0,0,0
7718-UPSKJ,0,1.48636622287358,1.37612233361122,2.17358870836791,0,1,0,1,0,0,1,0,0,1,0,1,0,0,0,1,0,1,0,1,1,0,1,1,0,0,0
8642-GVWRF,0,-1.24091801131222,0.490122051230719,-0.93796646109279,0,1,0,1,0,0,1,0,0,0,0,1,0,1,0,0,0,0,0,0,0,0,0,0,0,0,1
2252-NKNSI,0,0.794368730617482,0.670972296136103,0.948596892404113,1,0,1,1,0,1,0,0,0,1,0,1,0,0,0,1,0,1,0,1,0,1,1,0,0,1,0
4277-PVRAN,0,-0.996683602280654,0.503395463700839,-0.712159292421913,0,0,0,1,0,0,1,0,0,0,0,0,0,0,0,0,0,1,0,0,0,0,1,0,0,0,1
2469-DTSGX,1,1.60848342738936,1.55033587228155,2.47721878321594,0,0,0,1,0,1,1,0,0,0,0,1,0,1,0,1,0,1,0,1,0,1,0,0,1,0,0
8887-IPQNC,0,-1.03738933711925,-0.686234128933661,-0.872788405115361,0,1,0,1,0,0,0,0,0,0,0,0,0,0,0,0,0,0,0,0,0,0,1,0,0,1,0
9770-KXGQU,0,0.835074465456076,1.11729079044389,1.32179559621559,0,0,0,1,0,1,1,0,0,1,0,1,0,1,0,0,0,1,0,0,1,0,0,0,0,1,0
5527-ACHSO,0,-0.874566397764872,0.18483356441796,-0.646300697631652,0,0,0,1,0,0,0,0,0,0,0,0,0,0,0,1,0,1,0,1,0,0,0,0,0,1,0
4712-AUQZO,0,-0.589626253894714,-1.0396387359506,-0.768775731076608,1,0,0,0,1,0,0,0,0,1,0,0,0,1,0,0,0,0,0,0,0,0,0,0,0,1,0
4877-EVATK,0,-1.28162374615081,-1.49093475993468,-1.00162976939004,1,0,0,1,0,0,0,1,1,0,1,0,1,0,1,0,1,0,1,0,0,0,0,0,0,1,1
8946-BFWSG,0,1.24213181384202,-1.31672122126436,-0.319751831796605,1,1,1,1,0,1,0,1,1,0,1,0,1,0,1,0,1,0,1,0,0,1,0,0,0,1,0
7927-AUXBZ,0,-0.101157435831586,0.670972296136103,0.111775634134119,0,0,0,1,0,0,1,0,0,0,0,0,0,0,0,1,0,1,0,0,0,0,0,0,1,0,1
7096-UCLNH,0,-1.28162374615081,-1.48927558337592,-1.00160781652511,1,0,0,1,0,0,0,1,1,0,1,0,1,0,1,0,1,0,1,0,0,0,0,0,0,1,0
9362-MWODR,0,0.305899912554354,-0.0275410351039589,0.0698237092527227,0,0,1,1,0,0,0,0,0,1,0,0,0,0,0,1,0,1,0,0,0,0,1,1,0,0,0
8514-VZHEB,0,1.07930887448764,-1.50752652552233,-0.506438995162066,1,1,1,1,0,0,0,1,1,0,1,0,1,0,1,0,1,0,1,0,0,1,0,0,0,1,0
3402-XRIUO,1,-0.426803314540338,-0.0457919772503737,-0.403721540154188,0,1,0,1,0,1,0,0,0,1,0,1,0,0,0,1,0,0,0,0,0,0,1,0,0,1,0
6348-SNFUS,0,1.60848342738936,-0.314578579770302,0.82449734695433,1,1,1,0,1,0,0,0,0,1,0,1,0,1,0,1,0,0,0,1,0,1,1,1,0,0,0
3317-VLGQT,0,-0.75244919324909,0.437028401350239,-0.51761300341148,0,1,0,1,0,0,1,0,0,0,0,0,0,0,0,0,0,0,0,1,0,0,1,0,1,0,0
8309-PPCED,0,1.60848342738936,1.51051563487119,2.49436397072634,0,1,0,1,0,1,1,0,0,0,0,1,0,1,0,1,0,1,0,1,0,1,1,0,0,0,0
8454-AATJP,0,1.60848342738936,1.66315987827757,2.67986567938558,0,0,0,1,0,1,1,0,0,1,0,1,0,1,0,1,0,1,0,1,0,1,0,1,0,0,0
3452-SRFEG,0,0.6722515261017,0.320886042236689,0.62303590549092,1,0,0,1,0,1,1,0,0,0,0,0,0,0,0,0,0,0,0,0,0,0,1,0,0,0,0
3346-BRMIS,1,-0.589626253894714,-0.550181651114931,-0.654467163385644,0,1,0,0,1,0,0,0,0,0,0,0,0,1,0,0,0,1,0,1,0,0,1,0,1,0,1
4936-YPJNK,0,-0.915272132603466,-1.49425311305221,-0.92284093715596,0,0,0,1,0,0,0,1,1,0,1,0,1,0,1,0,1,0,1,0,0,0,1,0,0,1,0
3106-ULWFW,0,-0.996683602280654,0.672631472694868,-0.734946366219344,0,1,0,1,0,1,1,0,0,0,0,0,0,0,0,0,0,0,0,1,0,0,1,1,0,0,1
2187-LZGPL,0,-1.03738933711925,-0.823945783311155,-0.881635409682186,0,0,0,0,1,0,0,0,0,0,0,1,0,0,0,0,0,0,0,1,0,0,1,1,0,0,1
7389-KBFIT,0,-1.24091801131222,-1.15080356538786,-0.982421012576217,0,1,1,0,1,0,0,0,0,0,0,1,0,0,0,0,0,0,0,0,0,0,1,0,0,1,0
3192-LNKRK,0,0.0616655035227901,0.634470411843273,0.267223870704067,1,1,1,1,0,0,1,0,0,0,0,0,0,1,0,0,0,1,0,0,0,0,1,0,0,1,0
9769-TSBZE,0,1.52707195771217,0.035507674129111,1.13723786074835,0,0,1,1,0,1,0,0,0,1,0,1,0,0,0,1,0,0,0,0,0,1,0,0,1,0,0
5296-PSYVW,0,1.60848342738936,-1.33994969308707,-0.241753302700005,0,1,0,1,0,1,0,1,1,0,1,0,1,0,1,0,1,0,1,0,0,1,0,0,1,0,0
5233-GEEAX,1,-0.996683602280654,-1.17900956688686,-0.912984100802351,1,0,0,0,1,0,0,0,0,0,0,0,0,1,0,0,0,0,0,0,0,0,1,0,1,0,1
7562-GSUHK,0,-0.671037723571902,0.938099722097267,-0.319466444552513,0,0,0,1,0,0,1,0,0,0,0,1,0,1,0,0,0,0,0,1,0,0,1,1,0,0,1
6227-FBDXH,0,1.48636622287358,1.14715596850166,1.99337764015682,1,1,0,1,0,1,1,0,0,0,0,0,0,1,0,0,0,1,0,1,1,0,0,0,0,0,0
1480-IVEVR,1,0.102371238361384,0.553170760463788,0.225645144526482,1,1,0,1,0,1,1,0,0,0,0,0,0,1,0,0,0,0,0,0,1,0,1,0,0,0,0
1552-CZCLL,0,0.916485935133264,-1.49093475993468,-0.533045867457332,0,1,1,1,0,0,0,1,1,0,1,0,1,0,1,0,1,0,1,0,0,0,0,1,0,0,0
9500-WBGRP,0,1.48636622287358,-1.52079993799245,-0.453313062031255,1,0,0,1,0,0,0,1,1,0,1,0,1,0,1,0,1,0,1,0,0,1,1,0,0,1,0
2868-SNELZ,0,-1.24091801131222,0.519987229288489,-0.942005788239926,0,0,0,1,0,1,1,0,0,0,0,0,0,1,0,0,0,0,0,0,0,0,0,0,0,1,1
5598-IKHQQ,0,1.60848342738936,-1.3100845150293,-0.190932420386853,0,0,0,1,0,1,0,1,1,0,1,0,1,0,1,0,1,0,1,0,0,1,0,1,0,0,0
3363-EWLGO,0,-1.11880080679644,-1.49259393649345,-0.962290235435327,0,0,0,1,0,0,0,1,1,0,1,0,1,0,1,0,1,0,1,0,0,0,0,0,0,1,0
9272-LSVYH,0,-0.915272132603466,0.173219328506606,-0.687484272240495,1,0,0,1,0,0,1,0,0,0,0,0,0,0,0,0,0,0,0,0,0,0,0,0,0,1,0
8464-EETCQ,0,0.997897404810452,-1.53075499734504,-0.529928560637259,1,0,0,1,0,0,0,1,1,0,1,0,1,0,1,0,1,0,1,0,0,1,0,1,0,0,0
6207-WIOLX,0,-0.304686110024556,-0.210050456568108,-0.350661465618167,0,1,1,0,1,0,0,0,0,1,0,1,0,1,0,0,0,1,0,1,0,0,1,1,0,0,1
2027-WKXMW,0,1.24213181384202,1.45410363187318,2.00665912343952,0,1,0,1,0,1,1,0,0,0,0,1,0,1,0,1,0,1,0,1,0,0,1,0,1,0,0
1027-LKKQQ,0,1.60848342738936,0.515009699612194,1.5742535429116,0,1,1,1,0,0,0,0,0,1,0,0,0,1,0,1,0,1,0,1,0,1,1,0,0,0,0
5327-CNLUQ,0,0.631545791263106,1.06087878744588,0.953689957067893,1,1,0,1,0,1,1,0,0,1,0,1,0,1,0,0,0,1,0,0,0,1,1,0,0,0,0
5131-PONJI,0,0.6722515261017,0.845185834806427,0.96299797179825,1,1,1,1,0,0,1,0,0,0,0,1,0,1,0,0,0,1,0,0,0,0,1,1,0,0,0
5372-FBKBN,0,-0.467509049378932,-1.46604711155321,-0.811869204934369,0,0,1,1,0,0,0,1,1,0,1,0,1,0,1,0,1,0,1,0,0,0,0,0,0,1,0
3132-TVFDZ,1,0.997897404810452,-0.666324010228481,0.119261561075279,1,1,0,0,1,0,0,0,0,0,0,0,0,0,0,0,0,1,0,1,0,0,1,0,1,0,1
3703-TTEPD,0,-0.467509049378932,0.0139383788651659,-0.385017699233754,1,0,0,1,0,0,0,0,0,1,0,0,0,1,0,0,0,1,0,0,0,0,0,0,0,0,0
3629-WEAAM,0,-0.996683602280654,-0.0275410351039589,-0.789104084001869,0,0,0,1,0,0,0,0,0,0,0,0,0,1,0,1,0,0,0,1,0,0,0,0,0,1,0
2215-ZAFGX,0,-0.955977867442059,0.682586532047458,-0.662809252059077,1,0,0,1,0,1,1,0,0,0,0,0,0,0,0,0,0,1,0,0,0,0,1,0,1,0,0
5349-IECLD,0,-1.24091801131222,0.996170901654042,-0.932214810481107,1,0,0,1,0,0,1,0,0,0,0,0,0,1,0,0,0,1,0,1,0,0,0,0,1,0,1
2344-JMOGN,0,-0.955977867442059,0.992852548536511,-0.619386485227365,1,1,0,1,0,0,1,0,0,0,0,1,0,1,0,1,0,1,0,0,0,0,1,0,0,1,1
5883-GTGVD,0,-0.54892051905612,1.16208855753054,-0.162261978788159,1,0,0,1,0,1,1,0,0,0,0,1,0,0,0,0,0,1,0,1,0,0,1,0,1,0,1
8837-VVWLQ,0,-0.996683602280654,0.664335589901043,-0.716945016976672,0,0,0,1,0,0,1,0,0,1,0,0,0,0,0,0,0,1,0,0,0,0,0,0,1,0,1
8677-HDZEE,0,0.957191669971858,1.34459797899469,1.58746916759951,0,0,0,1,0,1,1,0,0,0,0,1,0,0,0,1,0,1,0,1,0,0,1,0,0,0,0
2898-LSJGD,0,-0.467509049378932,-0.297986814182652,-0.50239966801493,0,1,1,0,1,0,0,0,0,1,0,0,0,1,0,0,0,1,0,1,1,0,1,0,1,0,1
5394-MEITZ,0,1.12001460932623,0.519987229288489,1.16147382363117,0,1,1,1,0,0,0,0,0,0,0,1,0,1,0,1,0,1,0,1,0,1,1,0,0,0,0
6229-UOLQL,0,0.957191669971858,-0.429061762325087,0.256225485374093,1,1,1,0,1,0,0,0,0,1,0,1,0,0,0,1,0,1,0,0,1,0,1,0,0,1,0
8380-MQINP,0,0.916485935133264,-1.48097970058209,-0.536646137305866,0,1,1,1,0,0,0,1,1,0,1,0,1,0,1,0,1,0,1,0,0,1,0,0,0,1,0
7009-PCARS,0,0.916485935133264,-1.52079993799245,-0.570695030812431,1,0,1,1,0,0,0,1,1,0,1,0,1,0,1,0,1,0,1,0,1,0,0,0,0,0,0
2272-QAGFO,1,-0.75244919324909,0.3109309828841,-0.529094351769916,0,0,0,1,0,1,1,0,0,0,0,0,0,0,0,0,0,0,0,0,0,0,1,0,1,0,1
3654-ARMGP,0,1.16072034416483,0.787114655249653,1.32592273482245,0,0,0,1,0,1,0,0,0,0,0,1,0,1,0,1,0,1,0,1,0,1,0,1,0,0,0
9800-OUIGR,0,1.3642490183578,-1.49093475993468,-0.407058375623561,1,1,1,1,0,0,0,1,1,0,1,0,1,0,1,0,1,0,1,0,0,1,0,1,0,0,0
6195-MELTI,0,0.997897404810452,-0.341125404710542,0.365901998564809,1,0,0,1,0,0,0,0,0,0,0,1,0,0,0,1,0,0,0,0,1,0,1,0,0,1,0
3863-QSTYI,0,1.07930887448764,-0.00929009295754361,0.629665670699806,1,0,0,1,0,0,0,0,0,0,0,0,0,1,0,1,0,1,0,0,0,0,1,0,1,0,0
1169-SAOCL,0,0.6722515261017,1.38441821640505,1.2586811095416,1,0,0,1,0,1,1,0,0,0,0,1,0,0,0,1,0,1,0,1,1,0,1,0,0,0,0
1568-LJSZU,0,1.44566048803499,0.904916190921967,1.79641653600408,1,1,1,1,0,1,0,0,0,1,0,1,0,1,0,1,0,1,0,1,0,1,1,1,0,0,0
4948-WBBKL,1,0.143076973199978,0.33084110158928,0.15724001740433,0,0,0,1,0,1,1,0,0,0,0,0,0,0,0,0,0,0,0,0,0,0,1,0,0,0,0
2506-TNFCO,1,-1.28162374615081,0.153309209801425,-0.979874480244326,0,1,0,1,0,0,1,0,0,0,0,0,0,0,0,0,0,0,0,0,0,0,1,0,1,0,1
4998-IKFSE,0,-0.101157435831586,1.17868032311819,0.349305632677663,0,0,0,1,0,1,1,0,0,0,0,0,0,1,0,0,0,1,0,1,0,0,0,0,1,0,0
9964-WBQDJ,0,1.56777769255077,-1.34492722276336,-0.252861452354629,0,1,0,1,0,1,0,1,1,0,1,0,1,0,1,0,1,0,1,0,0,1,1,1,0,0,0
0302-JOIVN,0,-0.996683602280654,1.2019087949409,-0.640329518370668,0,1,0,1,0,0,1,0,0,0,0,1,0,1,0,0,0,1,0,1,0,0,0,0,1,0,1
1704-NRWYE,1,-0.955977867442059,0.528283112082313,-0.680393496868077,0,0,0,1,0,0,1,0,0,0,0,0,0,0,0,0,0,1,0,0,0,0,1,0,1,0,1
5748-RNCJT,0,1.48636622287358,1.37944068672875,2.21613336060242,1,0,0,1,0,1,1,0,0,0,0,0,0,1,0,1,0,1,0,1,0,1,1,0,0,0,1
6465-GSRCL,0,1.40495475319639,1.38275903984628,2.17042749581798,0,0,1,1,0,1,1,0,0,0,0,1,0,0,0,1,0,1,0,1,1,0,1,0,0,0,0
2801-NISEI,0,-0.34539184486315,-0.331170345357952,-0.418342148197626,1,0,0,1,0,0,0,0,0,1,0,0,0,0,0,1,0,0,0,0,0,0,0,0,1,0,0
3755-JBMNH,1,-0.671037723571902,0.22797215494585,-0.497679802054961,1,1,0,1,0,0,1,0,0,0,0,0,0,0,0,0,0,0,0,0,0,0,1,0,0,0,1
7296-PIXQY,0,-0.75244919324909,0.17487850506537,-0.550937452375353,0,1,1,1,0,0,1,0,0,0,0,0,0,0,0,0,0,0,0,0,0,0,0,0,1,0,0
9971-ZWPBF,1,0.0616655035227901,1.45908116154947,0.581259603528964,1,1,1,1,0,1,1,0,0,0,0,1,0,1,0,1,0,1,0,1,0,0,1,0,1,0,0
7872-BAAZR,0,0.835074465456076,-1.50586734896357,-0.56788506410138,0,1,1,1,0,0,0,1,1,0,1,0,1,0,1,0,1,0,1,0,1,0,0,0,0,0,0
2249-YPRNG,0,-0.508214784217526,1.35787139146481,-0.0270762365486821,0,1,1,1,0,1,1,0,0,0,0,1,0,1,0,0,0,1,0,1,0,0,1,0,0,0,1
6778-EICRF,0,-0.34539184486315,0.32752274847175,-0.210799763148582,1,1,1,1,0,1,0,0,0,1,0,0,0,0,0,0,0,1,0,1,1,0,0,0,0,1,0
1265-ZFOSD,0,1.28283754868061,0.543215701111198,1.24164568635585,0,1,0,1,0,1,0,0,0,1,0,1,0,1,0,1,0,0,0,1,0,1,1,0,0,1,0
1131-QQZEB,1,1.56777769255077,-1.35985981179225,-0.239338487557695,1,1,0,1,0,1,0,1,1,0,1,0,1,0,1,0,1,0,1,0,0,1,0,0,0,0,0
9498-FIMXL,0,-0.996683602280654,-1.51748158487492,-0.939305585853525,0,0,0,1,0,0,0,1,1,0,1,0,1,0,1,0,1,0,1,0,1,0,1,0,0,1,0
9565-FLVCG,0,1.3235432835192,0.153309209801425,0.947411437697888,1,1,1,1,0,1,0,0,0,1,0,1,0,0,0,0,0,0,0,1,0,1,1,0,0,1,0
0655-YDGFJ,0,-0.14186317067018,-0.530271532409751,-0.429230769202949,1,0,0,1,0,0,0,0,0,0,0,0,0,1,0,0,0,0,0,0,0,0,0,0,0,0,0
2696-ECXKC,0,0.916485935133264,1.19361291214708,1.38183668179938,0,1,1,1,0,1,1,0,0,1,0,0,0,0,0,0,0,1,0,1,1,0,0,0,0,1,0
4636-OLWOE,0,0.87578020029467,-0.130409981747388,0.431036148812378,1,0,1,1,0,0,0,0,0,0,0,1,0,1,0,1,0,0,0,0,1,0,1,0,1,0,0
5317-FLPJF,0,1.3642490183578,-0.118795745836033,0.830731960594475,0,0,0,0,1,0,0,0,0,1,0,0,0,1,0,1,0,1,0,1,0,1,1,0,0,0,0
8734-FNWVH,0,-0.0604517009929918,-0.173548572275278,-0.208911816764594,1,1,1,1,0,1,0,0,0,0,0,0,0,0,0,0,0,0,0,1,0,0,0,0,0,0,0
6689-TCZHQ,1,-1.11880080679644,0.465234402849244,-0.844271633571178,0,0,0,1,0,0,1,0,0,0,0,0,0,0,0,0,0,0,0,1,0,0,0,0,1,0,1
8992-OBVDG,0,-0.467509049378932,-0.108840686483443,-0.398540664030688,1,0,0,1,0,0,0,0,0,0,0,0,0,1,0,0,0,0,0,1,0,0,0,0,0,1,0
3055-MJDSB,0,-0.955977867442059,-1.3382905165283,-0.926946122897886,1,0,0,0,1,0,0,0,0,0,0,0,0,0,0,0,0,0,0,0,0,0,1,0,0,1,0
5692-ICXLW,1,-0.0604517009929918,0.855140894159017,0.238772957754674,1,0,0,1,0,1,1,0,0,0,0,1,0,0,0,0,0,1,0,0,0,0,1,0,1,0,0
2284-VFLKH,0,0.6722515261017,1.13886008570783,1.15010223959738,1,1,0,1,0,0,1,0,0,0,0,0,0,1,0,1,0,1,0,1,1,0,1,1,0,0,0
2982-VPSGI,0,-0.874566397764872,0.964646547037507,-0.536711995900656,0,1,0,1,0,1,1,0,0,0,0,0,0,0,0,0,0,1,0,1,0,0,1,0,1,0,1
9025-AOMKI,0,-1.07809507195784,0.949713958008622,-0.774900580392102,0,0,0,1,0,1,1,0,0,0,0,0,0,0,0,0,0,1,0,1,0,0,1,0,0,0,1
2520-SGTTA,0,-1.32232948098941,-1.49093475993468,-0.396839316998606,0,1,1,1,0,0,0,1,1,0,1,0,1,0,1,0,1,0,1,0,0,1,0,0,0,1,0
5821-MMEIL,0,0.997897404810452,-1.49425311305221,-0.520598593041972,0,1,0,1,0,0,0,1,1,0,1,0,1,0,1,0,1,0,1,0,0,1,0,0,0,0,0
6778-YSNIH,0,-1.24091801131222,-0.196777044097988,-0.960292524726689,0,0,0,1,0,0,0,0,0,0,0,1,0,0,0,0,0,1,0,0,0,0,1,0,1,0,0
5569-KGJHX,0,-0.955977867442059,0.677609002371163,-0.679076324972272,0,1,1,1,0,1,1,0,0,0,0,0,0,0,0,0,0,1,0,0,0,0,1,0,0,0,1
0582-AVCLN,0,0.224488442877166,-1.48097970058209,-0.684169389636052,0,0,0,1,0,0,0,1,1,0,1,0,1,0,1,0,1,0,1,0,0,1,0,0,0,1,0
2724-FJDYW,0,0.26519417771576,-0.334488698475482,-0.0481290340166358,1,0,1,0,1,0,0,0,0,0,0,0,0,1,0,1,0,1,0,1,1,0,0,0,0,0,0
6100-QQHEB,0,-0.630331988733308,0.916530426833322,-0.345195202250576,1,1,1,1,0,1,1,0,0,0,0,0,0,0,0,0,0,1,0,1,0,0,1,0,1,0,1
5743-KHMNA,0,1.56777769255077,-1.30676616191177,-0.177036256886108,1,0,0,1,0,1,0,1,1,0,1,0,1,0,1,0,1,0,1,0,0,1,0,0,0,0,0
0824-VWDPO,0,0.509428586747324,1.05590125776958,0.94021089800082,0,0,0,1,0,1,1,0,0,1,0,1,0,0,0,0,0,0,0,1,1,0,0,0,0,0,0
3769-MHZNV,0,0.0209597686841961,-1.48761640681715,-0.716088855244399,0,1,1,1,0,0,0,1,1,0,1,0,1,0,1,0,1,0,1,0,0,1,0,0,0,1,0
1293-BSEUN,0,1.60848342738936,-1.46770628811197,-0.359596281644713,0,1,1,1,0,0,0,1,1,0,1,0,1,0,1,0,1,0,1,0,0,1,1,0,0,1,0
6303-KFWSL,0,-0.14186317067018,-0.321215286005362,-0.299050280167532,0,0,0,1,0,1,0,0,0,0,0,1,0,0,0,0,0,0,0,0,1,0,1,0,1,0,0
0020-INWCK,0,1.56777769255077,1.02271772659428,1.99686814568071,0,1,1,1,0,1,1,0,0,0,0,1,0,1,0,0,0,0,0,1,0,1,1,1,0,0,0
9129-UXERG,1,-0.589626253894714,1.28320844632038,-0.217319764032818,0,0,0,1,0,1,1,0,0,0,0,1,0,0,0,1,0,1,0,1,0,0,1,1,0,0,0
1120-BMWUB,0,-0.671037723571902,-0.366013053092017,-0.644171269733433,0,0,0,1,0,0,0,0,0,0,0,1,0,0,0,1,0,0,0,0,0,0,1,0,0,1,1
0886-QGENL,1,-0.223274640347368,1.20522714805843,0.198950460771496,0,1,0,1,0,0,1,0,0,1,0,0,0,1,0,0,0,1,0,1,0,0,1,0,1,0,1
5702-SKUOB,0,-1.15950654163503,-1.5042081724048,-0.969381010807745,0,1,0,1,0,0,0,1,1,0,1,0,1,0,1,0,1,0,1,0,0,0,0,0,0,1,0
7096-ZNBZI,0,1.60848342738936,-1.276900983854,-0.169835717189039,0,1,0,1,0,1,0,1,1,0,1,0,1,0,1,0,1,0,1,0,0,1,0,1,0,0,0
1095-JUDTC,1,0.590840056424512,0.999489254771571,0.967344639054408,0,0,0,1,0,1,1,0,0,0,0,1,0,0,0,1,0,1,0,0,0,0,1,0,1,0,1
9762-YAQAA,0,0.26519417771576,0.546534054228729,0.400609478019276,1,0,0,1,0,1,1,0,0,0,0,1,0,0,0,0,0,0,0,0,1,0,0,1,0,0,0
0392-BZIUW,0,1.60848342738936,1.32966538996581,2.32194616956544,0,1,0,1,0,1,1,0,0,1,0,0,0,1,0,0,0,1,0,1,0,1,1,1,0,0,0
1415-YFWLT,1,-1.28162374615081,0.808683950513597,-0.971203098596942,0,0,0,1,0,0,1,0,0,0,0,0,0,0,0,0,0,1,0,1,0,0,1,0,1,0,1
5985-BEHZK,1,1.60848342738936,1.32966538996581,2.31678724630687,0,1,0,1,0,1,1,0,0,0,0,1,0,1,0,0,0,1,0,1,1,0,0,1,0,0,0
2122-YWVYA,0,-0.589626253894714,0.34743286717693,-0.40433622037223,0,0,0,1,0,0,1,0,0,1,0,0,0,0,0,0,0,0,0,0,0,0,1,0,1,0,0
9470-YFUYI,1,1.56777769255077,0.20142533000561,1.19018817095972,1,1,0,1,0,0,0,0,0,1,0,1,0,0,0,1,0,1,0,0,1,0,1,0,0,0,0
9351-LZYGF,0,0.387311382231542,0.0487810865992311,0.187249583763759,0,1,0,1,0,1,0,0,0,1,0,1,0,0,0,1,0,0,0,0,0,0,1,1,0,0,0
5248-YGIJN,0,1.60848342738936,0.840208305130132,1.7861425952168,1,1,0,1,0,1,0,0,0,1,0,1,0,1,0,1,0,1,0,1,0,1,1,1,0,0,0
9094-AZPHK,0,-0.711743458410496,1.1687252637656,-0.38914483784061,0,0,0,1,0,1,1,0,0,0,0,1,0,0,0,0,0,1,0,1,0,0,1,0,1,0,0
2664-XJZNO,0,1.60848342738936,1.32634703684828,2.30866468628273,1,1,1,1,0,0,1,0,0,1,0,0,0,1,0,1,0,1,0,1,0,1,1,1,0,0,0
6584-VQMYT,0,-0.223274640347368,-0.289690931388827,-0.322166646938914,1,0,1,1,0,0,0,0,0,1,0,1,0,0,0,0,0,0,0,0,1,0,0,0,0,1,0
2884-GBPFB,0,0.102371238361384,0.1781968581829,0.0505929995739664,0,1,0,1,0,0,1,0,0,0,0,0,0,0,0,0,0,0,0,0,0,0,1,0,1,0,1
8118-TJAFG,0,-0.955977867442059,1.21352303085226,-0.612251804125086,1,1,1,1,0,0,1,0,0,0,0,1,0,0,0,1,0,1,0,1,0,0,1,0,1,0,0
2576-HXMPA,0,-1.28162374615081,-1.50586734896357,-1.00182734517441,0,0,0,1,0,0,0,1,1,0,1,0,1,0,1,0,1,0,1,0,0,0,0,1,0,0,0
3808-HFKDE,0,-0.508214784217526,-0.682915775816131,-0.603338940963471,0,0,0,1,0,0,0,0,0,0,0,0,0,0,0,0,0,0,0,0,0,0,1,0,1,0,0
8747-UDCOI,0,1.3235432835192,-1.51250405519863,-0.430877234072706,0,1,0,1,0,0,0,1,1,0,1,0,1,0,1,0,1,0,1,0,0,1,0,0,0,0,0
0426-TIRNE,0,-1.28162374615081,-1.46106958187691,-1.0012346178213,0,0,0,1,0,0,0,1,1,0,1,0,1,0,1,0,1,0,1,0,0,0,0,0,0,1,1
1383-EZRWL,0,-1.03738933711925,-1.48927558337592,-0.93803231968758,0,0,0,1,0,0,0,1,1,0,1,0,1,0,1,0,1,0,1,0,0,0,0,0,0,1,1
4115-BNPJY,0,-0.14186317067018,0.352410396853224,-0.108411601114655,1,1,1,1,0,0,0,0,0,0,0,0,0,1,0,1,0,1,0,1,0,1,0,0,0,1,0
1322-AGOQM,0,0.550134321585918,-1.14914438882909,-0.404467937561811,1,0,0,0,1,0,0,0,0,0,0,1,0,0,0,0,0,0,0,0,0,0,0,0,0,0,1
4065-JJAVA,0,-1.28162374615081,-0.512020590263336,-0.988677579081291,0,0,0,1,0,0,0,0,0,0,0,1,0,0,0,0,0,0,0,0,0,0,0,0,1,0,0
3411-WLRSQ,1,-1.20021227647362,0.320886042236689,-0.905454268131331,0,1,0,1,0,0,1,0,0,0,0,1,0,0,0,0,0,0,0,0,0,0,1,0,0,0,0
1195-OIYEJ,0,-0.793154928087684,0.868414306629137,-0.511773541340077,1,0,0,1,0,0,1,0,0,0,0,0,0,0,0,0,0,1,0,1,0,0,1,0,1,0,1
4291-YZODP,0,-1.03738933711925,-1.48927558337592,-0.967910168857429,0,0,1,1,0,0,0,1,1,0,1,0,1,0,1,0,1,0,1,0,1,0,0,0,0,1,0
0107-WESLM,0,-1.28162374615081,-1.49591228961098,-1.00169562798483,1,0,0,1,0,0,0,1,1,0,1,0,1,0,1,0,1,0,1,0,0,0,1,0,1,0,1
6648-INWPS,0,-0.671037723571902,-1.48595723025839,-0.860538706484373,1,1,1,1,0,0,0,1,1,0,1,0,1,0,1,0,1,0,1,0,0,0,0,0,1,0,0
8792-AOROI,0,-0.996683602280654,0.0189159085414611,-0.762628928896184,0,1,0,1,0,0,0,0,0,1,0,0,0,0,0,1,0,0,0,1,0,1,0,0,0,1,0
5923-GXUOC,0,-0.915272132603466,1.30975527126063,-0.535592399789222,1,0,0,1,0,0,1,0,0,1,0,1,0,1,0,0,0,1,0,1,0,0,1,0,1,0,1
7663-ZTEGJ,0,-0.14186317067018,1.18199867623572,0.232318815465228,1,0,1,1,0,1,1,0,0,0,0,1,0,1,0,1,0,0,0,1,1,0,0,1,0,0,0
5940-NFXKV,0,-0.54892051905612,0.621196999373153,-0.366862679936572,1,1,1,1,0,1,1,0,0,0,0,0,0,0,0,0,0,0,0,1,0,0,1,0,1,0,1
6859-QNXIQ,0,1.60848342738936,1.59845199248573,2.61115321215441,0,1,1,1,0,1,1,0,0,1,0,1,0,1,0,1,0,1,0,1,0,1,1,0,0,0,0
6956-SMUCM,0,-1.20021227647362,1.13056420291401,-0.884225847743937,0,0,0,1,0,0,1,0,0,1,0,0,0,1,0,0,0,1,0,1,0,0,1,1,0,0,1
3378-AJRAO,0,0.46872285190873,-1.32999463373448,-0.56538243749935,1,1,1,1,0,1,0,1,1,0,1,0,1,0,1,0,1,0,1,0,1,0,0,0,1,0,0
9661-ACXBS,0,0.387311382231542,1.33630209620086,0.921770491459546,0,0,0,1,0,1,1,0,0,1,0,0,0,1,0,0,0,1,0,1,0,0,1,0,1,0,1
5060-TQUQN,0,-0.101157435831586,0.617878646255623,0.118054153504124,1,1,1,1,0,1,1,0,0,0,0,1,0,0,0,1,0,0,0,0,0,0,1,0,0,0,0
4138-NAXED,0,0.753662995778888,0.533260641758609,0.783467442399997,1,0,0,1,0,1,1,0,0,0,0,1,0,0,0,0,0,0,0,0,0,0,0,0,0,0,0
8329-IBCTI,0,-1.28162374615081,-1.50254899584604,-1.00178343944455,0,0,0,1,0,0,0,1,1,0,1,0,1,0,1,0,1,0,1,0,0,0,0,0,0,1,1
1401-FTHFQ,0,-0.386097579701744,-1.49093475993468,-0.814898700294721,1,1,1,1,0,0,0,1,1,0,1,0,1,0,1,0,1,0,1,0,1,0,1,1,0,0,0
8008-ESFLK,0,0.835074465456076,1.51217481142995,1.5517079506284,0,1,0,1,0,0,1,0,0,1,0,1,0,1,0,1,0,1,0,1,1,0,0,0,1,0,0
7079-QRCBC,0,-0.34539184486315,1.12226832012018,0.0465317195619003,0,0,0,1,0,1,1,0,0,0,0,0,0,1,0,0,0,1,0,1,0,0,1,0,1,0,1
8974-OVACP,0,-1.28162374615081,-1.48595723025839,-1.00156391079525,0,0,0,1,0,0,0,1,1,0,1,0,1,0,1,0,1,0,1,0,0,0,0,0,0,1,0
1543-LLLFT,1,1.16072034416483,1.1073357310913,1.65315213947033,1,1,0,1,0,1,1,0,0,0,0,1,0,1,0,1,0,1,0,0,1,0,1,0,0,1,0
5482-VXSXJ,0,-0.426803314540338,0.938099722097267,-0.0632326050885357,1,0,0,1,0,0,1,0,0,0,0,1,0,0,0,0,0,1,0,1,0,0,1,0,0,1,0
8414-MYSHR,1,-1.11880080679644,0.878369365981727,-0.812944895315943,1,0,0,1,0,0,1,0,0,0,0,0,0,0,0,0,0,1,0,1,0,0,1,0,1,0,1
4835-YSJMR,0,0.26519417771576,-0.502065530910747,-0.14496312122325,1,0,0,1,0,0,0,0,0,0,0,0,0,0,0,1,0,0,0,0,0,1,1,0,0,0,0
9074-KGVOX,0,0.712957260940294,-0.8455150785751,-0.122922444833443,1,1,1,0,1,0,0,0,0,1,0,0,0,0,0,0,0,1,0,0,0,0,1,1,0,0,0
5016-LIPDW,0,0.997897404810452,-1.51084487863986,-0.544307687166466,1,1,1,1,0,0,0,1,1,0,1,0,1,0,1,0,1,0,1,0,1,0,0,0,0,1,0
7452-FOLON,0,0.26519417771576,-1.3100845150293,-0.589596447517236,1,0,1,1,0,1,0,1,1,0,1,0,1,0,1,0,1,0,1,0,1,0,0,0,0,0,0
3737-GCSPV,0,-0.874566397764872,1.03765031562317,-0.473860943605817,0,1,0,1,0,1,1,0,0,1,0,0,0,0,0,1,0,1,0,0,0,0,1,1,0,0,1
1963-SVUCV,0,-1.28162374615081,-0.651391421199596,-0.990521619735419,1,0,0,1,0,0,0,0,0,0,0,0,0,0,0,0,0,0,0,0,0,0,0,0,1,0,1
1061-PNTHC,0,0.957191669971858,1.48230963337218,1.6032971832141,0,1,1,1,0,1,1,0,0,1,0,0,0,1,0,1,0,1,0,1,0,0,1,0,0,1,0
5575-GNVDE,0,0.0616655035227901,-0.264803283007353,-0.180812149654083,1,0,0,1,0,0,0,0,0,1,0,0,0,1,0,0,0,0,0,0,1,0,0,0,0,1,0
4415-WNGVR,1,-0.833860662926278,0.473530285643069,-0.596006684076822,0,1,0,1,0,0,0,0,0,1,0,0,0,1,0,1,0,1,0,1,1,0,1,0,1,0,0
2725-KXXWT,0,-1.28162374615081,0.856800070717782,-0.97056646551397,1,1,0,1,0,0,1,0,0,0,0,0,0,0,0,0,0,1,0,1,0,0,1,0,1,0,1
6746-WAUWT,0,-0.54892051905612,-1.50088981928727,-0.840715269452504,1,0,0,1,0,0,0,1,1,0,1,0,1,0,1,0,1,0,1,0,1,0,1,1,0,0,0
3096-GKWEB,0,-0.589626253894714,0.989534195418981,-0.267569871857787,1,1,0,1,0,1,1,0,0,0,0,0,0,0,0,0,0,1,0,1,0,0,1,0,1,0,0
3340-QBBFM,1,0.143076973199978,-0.359376346856957,-0.135435577843593,1,1,0,1,0,0,0,0,0,0,0,0,0,1,0,1,0,0,0,0,1,0,0,1,0,0,0
7446-YPODE,1,-0.874566397764872,-0.155297630128863,-0.719337879254052,1,0,0,1,0,1,0,0,0,1,0,1,0,0,0,0,0,0,0,0,0,0,0,0,0,0,0
1450-SKCVI,0,0.957191669971858,0.295998393855214,0.786584749220069,0,0,0,1,0,0,1,0,0,0,0,1,0,0,0,0,0,0,0,0,0,0,1,0,1,0,1
9776-CLUJA,1,0.753662995778888,0.417118282645059,0.661233890469272,0,1,0,1,0,1,1,0,0,1,0,0,0,0,0,0,0,0,0,0,0,0,1,0,1,0,1
1173-NOEYG,0,-0.223274640347368,0.836889952012602,0.0536005420693883,0,1,0,1,0,1,1,0,0,0,0,0,0,1,0,0,0,0,0,1,0,0,0,0,0,0,0
0151-ONTOV,0,-1.28162374615081,0.19810697688808,-0.979281752891214,0,0,0,1,0,0,1,0,0,0,0,0,0,0,0,0,0,0,0,0,0,0,0,0,0,1,1
2718-GAXQD,1,-1.15950654163503,-0.628162949376886,-0.930678109936001,0,1,1,1,0,0,0,0,0,0,0,0,0,0,0,0,0,0,0,0,0,0,0,0,1,0,1
5456-ITGIC,1,1.60848342738936,-0.0159267991926037,1.02729791317848,1,1,0,0,1,0,0,0,0,1,0,1,0,1,0,1,0,1,0,1,0,1,1,1,0,0,0
0523-VNGTF,1,0.794368730617482,-0.478837059088037,0.116341830039578,0,0,0,0,1,0,0,0,0,0,0,1,0,1,0,1,0,1,0,0,0,0,1,0,1,0,0
7083-YNSKY,0,-0.711743458410496,-1.31174369158806,-0.834963618840821,0,0,0,1,0,1,0,1,1,0,1,0,1,0,1,0,1,0,1,0,0,0,1,1,0,0,1
2232-DMLXU,0,-1.28162374615081,-0.322874462564127,-0.986174952479262,0,1,0,1,0,0,0,0,0,0,0,0,0,0,0,0,0,1,0,0,0,0,0,0,0,1,1
4671-VJLCL,0,1.24213181384202,0.495099580907014,1.12404418892537,0,0,0,1,0,1,0,0,0,1,0,1,0,1,0,1,0,1,0,0,0,1,1,1,0,0,0
4373-MAVJG,0,-0.75244919324909,0.861777600394077,-0.457637776422482,0,1,1,1,0,1,1,0,0,0,0,1,0,0,0,0,0,0,0,1,0,0,1,0,0,0,1
2811-POVEX,1,-0.386097579701744,0.780477949014593,-0.0749773878261323,0,1,1,1,0,0,1,0,0,0,0,1,0,1,0,0,0,0,0,1,0,0,1,0,0,0,0
4128-ETESU,1,0.590840056424512,1.15379267473672,1.07388189256012,0,1,0,1,0,1,1,0,0,0,0,0,0,1,0,0,0,1,0,1,0,0,0,0,1,0,0
8901-UPRHR,0,1.60848342738936,1.46903622090206,2.37535748994034,0,1,1,1,0,1,1,0,0,0,0,1,0,1,0,1,0,1,0,1,0,1,1,0,0,0,0
8822-KNBHV,0,0.631545791263106,0.614560293138093,0.696578003006712,0,0,0,1,0,1,0,0,0,1,0,1,0,1,0,0,0,1,0,1,1,0,1,1,0,0,0
4718-DHSMV,0,-0.874566397764872,-0.966634967364944,-0.850967257374854,0,0,0,0,1,0,0,0,0,0,0,0,0,0,0,0,0,1,0,0,0,0,1,0,0,1,0
9251-AWQGT,0,0.631545791263106,-1.49093475993468,-0.599497189600706,0,1,1,1,0,0,0,1,1,0,1,0,1,0,1,0,1,0,1,0,0,1,0,0,0,1,0
6614-YWYSC,1,1.16072034416483,-1.32501710405818,-0.351056617186909,1,1,0,1,0,1,0,1,1,0,1,0,1,0,1,0,1,0,1,0,0,1,0,0,0,0,0
7594-LZNWR,1,0.0616655035227901,0.140035797331306,-0.0115116553132504,1,0,0,1,0,0,1,0,0,0,0,0,0,0,0,0,0,0,0,0,0,0,0,1,0,0,0
1395-WSWXR,0,-0.34539184486315,-1.46604711155321,-0.796568058078098,1,0,0,1,0,0,0,1,1,0,1,0,1,0,1,0,1,0,1,0,0,1,0,0,0,1,0
1402-PTHGN,0,-0.589626253894714,-0.113818216159738,-0.532958055997611,0,1,1,1,0,0,0,0,0,1,0,1,0,0,0,1,0,0,0,0,1,0,1,0,0,1,0
0744-GKNGE,0,1.28283754868061,0.725725122575348,1.32855707861406,0,1,1,1,0,1,1,0,0,1,0,0,0,0,0,1,0,0,0,0,0,0,1,0,0,0,0
1658-XUHBX,1,1.07930887448764,0.790433008367182,1.33795290480414,0,1,1,1,0,1,1,0,0,0,0,0,0,1,0,0,0,0,0,1,0,0,1,1,0,0,0
8070-AAWZP,1,-0.34539184486315,-1.01806944068666,-0.646783660660114,1,1,0,0,1,0,0,0,0,0,0,0,0,1,0,1,0,0,0,0,0,0,0,0,0,1,0
3213-VVOLG,0,-1.32232948098941,-1.31340286814683,-0.396839316998606,1,1,1,1,0,1,0,1,1,0,1,0,1,0,1,0,1,0,1,0,0,1,0,0,0,1,0
9087-EYCPR,0,1.12001460932623,-1.32501710405818,-0.349607728101523,0,0,0,1,0,1,0,1,1,0,1,0,1,0,1,0,1,0,1,0,0,1,0,0,0,1,0
8591-NXRCV,0,0.346605647392948,0.322545218795455,0.346561524561402,0,0,0,1,0,1,0,0,0,1,0,0,0,1,0,1,0,0,0,1,0,0,1,0,0,0,0
0334-GDDSO,1,-1.20021227647362,0.544874877669963,-0.90780322467885,1,0,0,1,0,1,1,0,0,0,0,1,0,0,0,0,0,0,0,0,0,0,1,0,1,0,1
2419-FSORS,0,1.60848342738936,1.44248939596183,2.37889190119408,1,1,0,1,0,1,1,0,0,0,0,1,0,1,0,1,0,1,0,1,0,1,1,0,1,0,0
4789-KWMXN,0,0.590840056424512,1.52378904734131,1.305967580601,1,1,0,1,0,1,1,0,0,1,0,0,0,1,0,1,0,1,0,1,1,0,1,1,0,0,1
1228-ZLNBX,0,-0.467509049378932,0.344114514059399,-0.320783616448319,1,0,0,1,0,1,1,0,0,0,0,0,0,0,0,0,0,0,0,0,0,0,0,0,0,1,0
5312-UXESG,0,0.346605647392948,1.09903984829747,0.741691140438041,0,0,0,1,0,1,1,0,0,0,0,0,0,1,0,0,0,1,0,1,0,0,0,0,0,0,0
3727-RJMEO,0,-1.07809507195784,0.594650174432913,-0.808334793680625,1,1,0,1,0,1,1,0,0,0,0,0,0,0,0,0,0,1,0,0,0,0,1,0,1,0,1
8246-SHFGA,0,-0.630331988733308,-1.45443287564185,-0.841132373886175,1,0,0,1,0,0,0,1,1,0,1,0,1,0,1,0,1,0,1,0,0,0,0,1,0,0,0
0464-WJTKO,0,1.60848342738936,-1.48761640681715,-0.36901406069972,0,1,1,1,0,0,0,1,1,0,1,0,1,0,1,0,1,0,1,0,0,1,0,0,0,0,0
5639-NTUPK,0,-0.793154928087684,-0.425743409207557,-0.715957138054818,1,0,1,1,0,0,0,0,0,1,0,0,0,0,0,0,0,0,0,0,0,0,1,1,0,0,0
9499-XPZXM,0,1.60848342738936,-0.00597173984001382,1.09914964009465,0,1,0,1,0,1,0,0,0,1,0,1,0,0,0,1,0,0,0,0,0,1,0,0,0,0,0
4298-OYIFC,0,-0.711743458410496,1.27823091664409,-0.334350486975113,1,1,0,1,0,1,1,0,0,0,0,0,0,1,0,1,0,1,0,1,0,0,1,0,1,0,0
3050-GBUSH,0,-1.20021227647362,-0.999818498540244,-0.960380336186409,0,0,0,0,1,0,0,0,0,0,0,0,0,0,0,0,0,1,0,0,0,0,1,1,0,0,0
6572-ADKRS,0,0.550134321585918,0.32752274847175,0.54749609726649,0,0,0,1,0,0,1,0,0,0,0,0,0,1,0,0,0,0,0,0,0,0,1,1,0,0,0
6734-PSBAW,0,1.60848342738936,-1.37313322426237,-0.253498085437601,1,1,0,1,0,1,0,1,1,0,1,0,1,0,1,0,1,0,1,0,0,1,1,0,0,0,0
6728-CZFEI,0,-0.711743458410496,-0.291350107947592,-0.601253418795113,0,0,0,1,0,0,0,0,0,0,0,0,0,0,0,0,0,1,0,0,1,0,0,0,0,1,0
2067-QYTCF,0,1.28283754868061,1.5337441066939,2.04253010473529,0,1,0,1,0,1,1,0,0,0,0,1,0,1,0,1,0,1,0,1,0,0,1,0,1,0,0
6736-DHUQI,0,1.40495475319639,0.659358060224748,1.44756355940007,0,1,1,1,0,0,1,0,0,1,0,1,0,1,0,0,0,0,0,0,1,0,0,0,0,0,0
0673-IGUQO,0,-1.28162374615081,-1.4760021709058,-1.00143219360567,1,0,0,1,0,0,0,1,1,0,1,0,1,0,1,0,1,0,1,0,0,0,0,0,0,1,0
8630-QSGXK,0,0.753662995778888,0.34079616094187,0.702461370807975,1,1,0,1,0,1,0,0,0,0,0,0,0,0,0,1,0,1,0,1,0,1,1,0,0,0,0
7876-AEHIG,0,0.753662995778888,-0.158615983246393,0.340568392435488,0,0,1,0,1,0,0,0,0,1,0,0,0,1,0,1,0,1,0,1,1,0,0,0,0,0,0
8740-XLHDR,0,-1.11880080679644,-0.71941766010896,-0.914257366968296,1,0,0,0,1,0,0,0,0,1,0,1,0,1,0,1,0,0,0,0,0,0,1,0,0,1,1
9350-ZXYJC,0,-1.15950654163503,-1.31506204470559,-0.959063164290604,0,0,0,1,0,1,0,1,1,0,1,0,1,0,1,0,1,0,1,0,0,1,1,1,0,0,0
8221-HVAYI,0,0.102371238361384,0.140035797331306,0.0829076167510547,1,1,1,1,0,1,0,0,0,1,0,1,0,1,0,1,0,0,0,0,0,1,1,1,0,0,0
7014-ZZXAW,0,1.56777769255077,-1.34990475243966,-0.249546569750186,0,1,0,1,0,1,0,1,1,0,1,0,1,0,1,0,1,0,1,0,0,1,1,1,0,0,0
0620-DLSLK,0,-0.793154928087684,0.563125819816379,-0.558664860830744,0,0,0,1,0,0,1,0,0,0,0,0,0,0,0,0,0,1,0,0,0,0,1,0,0,1,0
3744-ZBHON,0,-1.20021227647362,-1.48429805369962,-0.981455086519293,0,0,0,1,0,0,0,1,1,0,1,0,1,0,1,0,1,0,1,0,0,0,0,0,1,0,0
4774-HHGGS,0,-0.101157435831586,-1.52245911455122,-0.730489934638536,1,1,0,1,0,0,0,1,1,0,1,0,1,0,1,0,1,0,1,0,0,1,0,0,0,1,0
0947-MUGVO,1,-0.508214784217526,0.289361687620155,-0.367850558858426,1,1,0,1,0,0,1,0,0,0,0,1,0,0,0,0,0,0,0,0,0,0,1,0,1,0,1
7508-DQAKK,0,1.28283754868061,0.712451710105228,1.37896085649354,0,0,0,1,0,1,0,0,0,1,0,1,0,1,0,1,0,1,0,1,0,1,1,1,0,0,0
9764-REAFF,0,1.07930887448764,-1.54402840981516,-0.545954152036223,0,1,0,1,0,0,0,1,1,0,1,0,1,0,1,0,1,0,1,0,0,1,0,0,0,0,0
4201-JMNGR,1,-1.28162374615081,-0.302964343858947,-0.9859115181001,0,0,0,1,0,0,0,0,0,1,0,0,0,1,0,0,0,0,0,0,0,0,1,0,1,0,1
0716-BQNDX,1,0.997897404810452,0.956350664243682,1.45952787078696,1,0,0,1,0,1,1,0,0,1,0,0,0,0,0,1,0,0,0,1,0,1,0,0,1,0,0
0277-ORXQS,0,1.3642490183578,-0.477177882529272,0.46681931864842,1,1,1,0,1,0,0,0,0,0,0,0,0,0,0,1,0,1,0,1,0,1,0,0,0,0,0
9495-REDIY,0,-0.304686110024556,-0.80569484116474,-0.584283854204155,1,0,1,0,1,0,0,0,0,1,0,0,0,0,0,0,0,1,0,0,1,0,1,1,0,0,0
5016-ETTFF,0,-0.915272132603466,-1.17569121376933,-0.898341539893983,1,0,0,0,1,0,0,0,0,0,0,0,0,1,0,0,0,0,0,0,0,0,0,0,0,1,1
5687-DKDTV,0,-1.15950654163503,-1.47932052402333,-0.976383974720443,0,0,0,1,0,0,0,1,1,0,1,0,1,0,1,0,1,0,1,0,0,0,0,0,0,1,1
3084-DOWLE,0,1.60848342738936,0.898279484686907,1.83222165870505,0,1,0,1,0,1,0,0,0,1,0,1,0,1,0,1,0,1,0,1,0,1,0,0,0,0,0
8029-XYPWT,1,1.56777769255077,1.66315987827757,2.50933582460866,1,1,0,1,0,1,1,0,0,1,0,1,0,1,0,1,0,1,0,1,0,1,1,0,0,0,0
8510-BBWMU,0,0.346605647392948,-1.49923064272851,-0.656113628255401,0,0,0,1,0,0,0,1,1,0,1,0,1,0,1,0,1,0,1,0,1,0,1,0,0,1,0
9424-CMPOG,0,-0.955977867442059,-1.5042081724048,-0.923741004618093,1,1,1,1,0,0,0,1,1,0,1,0,1,0,1,0,1,0,1,0,0,1,0,0,0,1,0
3946-MHCZW,0,-1.28162374615081,-0.465563646617917,-0.988062898863249,1,0,0,1,0,0,0,0,0,0,0,0,0,1,0,0,0,0,0,0,0,0,0,0,0,1,1
6390-DSAZX,0,-1.28162374615081,0.28770251106139,-0.978096298184989,0,0,1,1,0,0,1,0,0,1,0,0,0,0,0,0,0,0,0,0,0,0,1,0,0,1,1
1163-VIPRI,0,1.3235432835192,1.47235457401959,2.21119396599315,0,1,1,1,0,1,1,0,0,1,0,0,0,1,0,1,0,1,0,1,0,1,0,0,1,0,0
1602-IJQQE,0,-1.15950654163503,0.345773690618164,-0.861965642704828,0,0,0,1,0,1,1,0,0,0,0,0,0,0,0,0,0,0,0,0,0,0,0,0,1,0,1
9840-EFJQB,0,-1.28162374615081,0.312590159442865,-0.977767005211038,0,0,0,1,0,0,1,0,0,0,0,1,0,0,0,0,0,0,0,0,0,0,0,0,1,0,0
6959-UWKHF,0,-1.28162374615081,-0.731031896020315,-0.991575357252063,1,0,0,1,0,0,0,0,0,0,0,0,0,0,0,0,0,0,0,0,0,0,1,0,1,0,1
3530-CRZSB,0,-1.03738933711925,-1.46936546467074,-0.941961882510066,0,0,0,1,0,0,0,1,1,0,1,0,1,0,1,0,1,0,1,0,0,0,0,0,0,1,0
6621-YOBKI,0,-1.11880080679644,-1.47932052402333,-0.969688350916766,1,0,0,1,0,0,0,1,1,0,1,0,1,0,1,0,1,0,1,0,0,0,0,0,0,1,0
3863-IUBJR,0,-0.833860662926278,-0.374308935885842,-0.704673365480753,1,1,1,1,0,0,0,0,0,0,0,0,0,0,0,0,0,0,0,1,1,0,0,1,0,0,1
0727-BMPLR,1,0.916485935133264,1.16374773408931,1.40848745982451,0,0,0,1,0,1,1,0,0,0,0,0,0,1,0,0,0,1,0,1,1,0,1,0,1,0,1
0017-DINOC,0,0.87578020029467,-0.654709774317126,0.0699115207124431,1,0,0,0,1,0,0,0,0,1,0,0,0,0,0,1,0,1,0,0,0,1,0,1,0,0,0
9799-CAYJJ,1,-1.24091801131222,0.1450133270076,-0.942883902837129,0,1,0,1,0,0,1,0,0,0,0,0,0,0,0,0,0,0,0,0,0,0,1,0,1,0,0
0354-VXMJC,0,-0.386097579701744,-1.5042081724048,-0.823087118913644,1,1,1,1,0,0,0,1,1,0,1,0,1,0,1,0,1,0,1,0,0,1,0,1,0,0,0
2507-QZPQS,0,-0.711743458410496,1.02105855003552,-0.373294869361087,1,0,0,1,0,1,1,0,0,0,0,1,0,0,0,1,0,0,0,1,0,0,0,0,1,0,0
1226-UDFZR,0,-1.24091801131222,-0.508702237145806,-0.960051043212458,0,0,0,1,0,0,0,0,0,0,0,1,0,0,0,0,0,0,0,0,0,0,1,0,0,1,1
2208-UGTGR,0,0.957191669971858,1.11729079044389,1.43998982099919,1,0,0,1,0,1,1,0,0,0,0,1,0,0,0,0,0,1,0,1,0,0,0,0,1,0,0
5055-MGMGF,0,1.3235432835192,1.33132456652457,2.02564835160405,0,1,0,1,0,1,1,0,0,1,0,0,0,1,0,0,0,1,0,1,0,0,1,0,1,0,0
5149-CUZUJ,0,-0.182568905508774,0.928144662744677,0.20505335722206,1,1,1,1,0,0,1,0,0,0,0,1,0,1,0,1,0,1,0,0,1,0,0,0,0,0,0
8260-NGFNY,0,-1.28162374615081,-1.31838039782312,-0.999346671437314,0,0,0,0,1,0,0,0,0,0,0,0,0,0,0,0,0,0,0,0,0,0,0,0,0,1,1
7634-WSWDB,0,-0.996683602280654,-0.877039433191635,-0.865170760984621,0,0,1,0,1,0,0,0,0,1,0,0,0,0,0,0,0,0,0,1,0,0,1,0,1,0,0
5829-NVSQN,0,-0.386097579701744,0.126762384861185,-0.268645562239362,0,1,0,1,0,0,0,0,0,1,0,0,0,1,0,1,0,0,0,1,1,0,1,0,0,0,0
0872-JCPIB,0,-0.630331988733308,0.027211791335286,-0.52253044515582,1,0,0,1,0,1,0,0,0,1,0,0,0,0,0,0,0,0,0,1,0,0,0,0,0,0,0
2364-UFROM,0,-0.101157435831586,0.18151521130043,-0.112648504046162,1,0,0,1,0,0,0,0,0,1,0,1,0,0,0,1,0,1,0,0,1,0,0,0,1,0,0
5897-ZYEKH,1,1.40495475319639,1.34957550867099,2.11223045088831,0,1,0,1,0,1,1,0,0,1,0,1,0,0,0,0,0,1,0,1,1,0,1,0,1,0,0
2018-QKYGT,0,-1.28162374615081,0.534919818317374,-0.974825321310406,1,1,1,1,0,0,1,0,0,0,0,0,0,0,0,0,0,0,0,1,0,0,1,0,1,0,0
6581-NQCBA,0,-0.671037723571902,-0.497088001234451,-0.654686692034945,0,1,0,0,1,0,0,0,0,0,0,0,0,0,0,1,0,1,0,1,0,0,1,0,1,0,1
1135-LMECX,0,-1.28162374615081,-1.49591228961098,-1.00169562798483,0,0,0,1,0,0,0,1,1,0,1,0,1,0,1,0,1,0,1,0,0,0,0,0,0,1,0
3758-CKOQL,0,1.07930887448764,1.3960324523164,1.69080130282543,0,1,0,1,0,1,1,0,0,1,0,1,0,1,0,1,0,0,0,1,1,0,1,1,0,0,0
1891-UAWWU,1,-0.508214784217526,0.858459247276547,-0.153810125790075,0,1,0,1,0,1,1,0,0,0,0,0,0,1,0,0,0,1,0,0,0,0,0,0,1,0,1
4931-TRZWN,0,-0.793154928087684,0.232949684622145,-0.604787830048857,0,0,0,1,0,0,0,0,0,1,0,0,0,0,0,0,0,1,0,1,0,0,1,0,1,0,0
8182-BJDSI,0,-0.182568905508774,0.830253245777542,0.142355974981731,0,0,0,1,0,1,1,0,0,0,0,1,0,0,0,0,0,0,0,1,0,0,1,0,1,0,1
7402-PWYJJ,0,0.835074465456076,0.870073483187902,1.1245051990889,0,1,0,1,0,1,1,0,0,0,0,0,0,0,0,1,0,0,0,1,1,0,1,0,1,0,0
1009-IRMNA,0,-1.03738933711925,-1.49093475993468,-0.949996631074478,0,0,0,1,0,0,0,1,1,0,1,0,1,0,1,0,1,0,1,0,0,0,0,0,0,0,1
5249-QYHEX,0,0.305899912554354,-1.33165381029324,-0.560508901484871,0,1,1,1,0,1,0,1,1,0,1,0,1,0,1,0,1,0,1,0,0,1,1,0,0,1,0
2560-WBWXF,0,1.44566048803499,-1.35322310555719,-0.352329883352854,1,0,0,1,0,1,0,1,1,0,1,0,1,0,1,0,1,0,1,0,0,1,1,0,0,0,0
1122-JWTJW,0,-1.28162374615081,0.189811094094256,-0.979391517215864,1,1,1,1,0,0,1,0,0,0,0,0,0,0,0,0,0,0,0,0,0,0,1,0,0,1,1
1017-FBQMM,0,1.20142607900342,1.36450809769987,1.93280968581471,0,1,1,1,0,1,1,0,0,0,0,1,0,0,0,1,0,1,0,1,1,0,1,1,0,0,0
3736-BLEPA,0,-0.182568905508774,0.873391836305432,0.0800537443101434,1,0,0,1,0,0,1,0,0,0,0,1,0,0,0,1,0,1,0,0,1,0,1,0,0,0,0
5828-DWPIL,1,1.20142607900342,0.802047244278537,1.4563447053721,1,1,0,1,0,1,1,0,0,1,0,1,0,1,0,0,0,0,0,0,0,0,1,0,1,0,0
3470-BTGQO,0,-0.467509049378932,-0.639777185288241,-0.57791752337443,1,0,1,1,0,0,0,0,0,0,0,0,0,0,0,0,0,0,0,0,0,0,0,0,0,1,0
9825-YCXWZ,1,0.346605647392948,1.20024961838213,0.752931007282246,0,0,0,1,0,0,1,0,0,0,0,0,0,1,0,1,0,1,0,1,1,0,1,0,0,0,0
7326-RIGQZ,0,-1.07809507195784,0.16160509259525,-0.844513115085409,1,1,1,1,0,0,1,0,0,0,0,0,0,0,0,0,0,0,0,0,0,0,1,0,1,0,0
4554-YGZIH,1,0.6722515261017,0.833571598895072,0.986092385704702,1,1,0,1,0,1,1,0,0,0,0,1,0,0,0,0,0,0,0,1,0,0,0,1,0,0,1
8849-PRIQJ,0,1.40495475319639,1.47567292713712,2.18662871013638,0,1,1,1,0,1,1,0,0,1,0,0,0,1,0,1,0,1,0,1,1,0,1,0,1,0,0
0853-NWIFK,0,0.509428586747324,1.1737027934419,0.958300058703211,0,0,0,1,0,0,1,0,0,1,0,1,0,0,0,0,0,1,0,1,1,0,1,0,1,0,0
2146-EGVDT,0,1.07930887448764,-1.51416323175739,-0.486747275319778,1,1,1,1,0,0,0,1,1,0,1,0,1,0,1,0,1,0,1,0,0,1,0,1,0,0,0
3186-BAXNB,0,-1.28162374615081,0.888324425334317,-0.970149361080298,0,0,0,1,0,0,1,0,0,0,0,1,0,0,0,1,0,1,0,0,0,0,0,0,1,0,1
4815-YOSUK,0,1.60848342738936,1.32634703684828,2.29898347284857,1,1,1,1,0,1,1,0,0,1,0,1,0,1,0,1,0,0,0,1,1,0,1,1,0,0,0
7558-IMLMT,0,1.40495475319639,-1.46438793499444,-0.390505915466276,1,1,1,1,0,0,0,1,1,0,1,0,1,0,1,0,1,0,1,0,0,1,1,0,0,1,0
1051-EQPZR,0,0.46872285190873,-1.5042081724048,-0.667836458128067,0,1,1,1,0,0,0,1,1,0,1,0,1,0,1,0,1,0,1,0,0,0,0,0,0,1,0
9214-EKVXR,0,-1.28162374615081,-0.694530011727486,-0.991092394223601,0,0,0,1,0,0,0,0,0,0,0,0,0,0,0,0,0,0,0,0,0,0,1,0,0,1,0
2172-EJXVF,1,1.56777769255077,1.35953056802357,2.29215613185531,0,0,0,1,0,1,1,0,0,0,0,1,0,1,0,0,0,1,0,1,1,0,1,0,1,0,0
3420-ZDBMA,1,-1.11880080679644,0.216357919034495,-0.84725722320167,1,0,0,1,0,0,1,0,0,0,0,0,0,0,0,0,0,0,0,0,0,0,1,0,0,1,0
4827-LTQRJ,1,1.3642490183578,1.51549316454748,2.15556540626031,0,1,1,1,0,1,1,0,0,1,0,1,0,0,0,1,0,1,0,1,1,0,1,1,0,0,0
0674-DGMAQ,1,-0.0197459661543978,0.948054781449857,0.293940507323983,1,1,0,1,0,1,1,0,0,0,0,1,0,1,0,0,0,0,0,1,0,0,1,0,1,0,0
4568-KNYWR,0,0.794368730617482,-0.0557470366029636,0.457116152349321,1,0,0,1,0,0,0,0,0,1,0,1,0,0,0,0,0,1,0,0,0,1,1,1,0,0,0
6982-SSHFK,0,-1.28162374615081,-0.681256599257366,-0.99091677130416,1,0,0,1,0,0,0,0,0,0,0,0,0,0,0,0,0,0,0,0,0,0,0,0,0,1,1
7542-CYDDM,0,-0.589626253894714,-1.48927558337592,-0.853008873813353,1,0,0,1,0,0,0,1,1,0,1,0,1,0,1,0,1,0,1,0,0,0,0,0,0,1,0
2430-RRYUW,0,1.3642490183578,-0.336147875034247,0.511229964401986,1,0,0,1,0,0,0,0,0,1,0,1,0,0,0,0,0,0,0,0,1,0,1,0,0,1,0
9948-YPTDG,0,0.224488442877166,0.481826168436894,0.312490678189907,1,1,0,1,0,0,1,0,0,1,0,1,0,0,0,0,0,0,0,0,0,0,1,0,1,0,1
6967-QIQRV,0,-0.711743458410496,1.22679644332238,-0.27839263426832,1,1,1,1,0,0,1,0,0,1,0,0,0,0,0,1,0,1,0,1,1,0,0,0,1,0,0
0572-ZJKLT,0,0.550134321585918,1.15213349817795,1.02251218862372,0,1,1,1,0,1,1,0,0,1,0,0,0,1,0,1,0,0,0,1,0,1,0,0,0,1,0
4837-QUSFT,0,1.3235432835192,1.1687252637656,1.90646624789861,0,1,0,1,0,1,1,0,0,1,0,1,0,0,0,1,0,1,0,0,1,0,1,0,0,0,0
3118-UHVVQ,0,1.44566048803499,-1.29847027911794,-0.171152889084844,0,1,0,1,0,1,0,1,1,0,1,0,1,0,1,0,1,0,1,0,0,1,0,1,0,0,0
3644-QXEHN,0,-0.793154928087684,1.06419714056341,-0.424510903242981,1,1,1,1,0,0,1,0,0,0,0,0,0,1,0,0,0,1,0,1,0,0,0,0,1,0,0
1450-GALXR,0,-0.915272132603466,1.11397243732636,-0.545778529116782,0,0,0,1,0,1,1,0,0,0,0,0,0,0,0,1,0,1,0,1,0,0,1,0,1,0,1
0428-AXXLJ,0,-0.304686110024556,-1.50752652552233,-0.783725632093997,1,0,0,1,0,0,0,1,1,0,1,0,1,0,1,0,1,0,1,0,1,0,1,0,0,0,0
7554-NEWDD,0,-0.915272132603466,-1.30178863223547,-0.899944099033879,1,0,0,1,0,1,0,1,1,0,1,0,1,0,1,0,1,0,1,0,0,1,0,0,0,0,0
4707-MAXGU,0,1.60848342738936,-1.29681110255918,-0.188407840919893,1,1,0,1,0,1,0,1,1,0,1,0,1,0,1,0,1,0,1,0,0,1,0,1,0,0,0
4026-SKKHW,0,-1.20021227647362,-0.487132941881862,-0.943542488785032,1,0,0,1,0,0,0,0,0,0,0,0,0,0,0,1,0,0,0,0,0,0,1,0,0,1,0
1251-KRREG,0,-1.24091801131222,-0.349421287504367,-0.960314477591619,1,0,0,1,0,1,0,0,0,0,0,1,0,0,0,0,0,0,0,0,0,0,1,0,0,1,1
6516-NKQBO,0,0.224488442877166,0.533260641758609,0.344036945094442,1,1,1,1,0,0,0,0,0,1,0,0,0,1,0,1,0,1,0,1,0,1,0,1,0,0,0
4683-WYDOU,0,1.20142607900342,1.41594257102158,2.0246604726822,1,1,0,1,0,1,1,0,0,0,0,0,0,1,0,1,0,1,0,1,0,1,1,0,0,0,0
2460-NGXBJ,1,-0.874566397764872,0.34079616094187,-0.670009791756146,1,1,1,1,0,1,1,0,0,0,0,0,0,0,0,0,0,0,0,0,0,0,1,1,0,0,0
6204-IEUXJ,0,-1.20021227647362,0.503395463700839,-0.914894000051268,0,0,0,1,0,0,1,0,0,0,0,0,0,1,0,1,0,0,0,0,0,0,0,1,0,0,1
7614-QVWQL,0,0.6722515261017,-0.435698468560147,0.105343444709604,1,1,1,0,1,0,0,0,0,0,0,1,0,0,0,0,0,1,0,1,1,0,1,0,0,0,1
5696-EXCYS,0,-0.630331988733308,-1.5091857020811,-0.848376819313104,1,0,0,1,0,0,0,1,1,0,1,0,1,0,1,0,1,0,1,0,0,1,0,1,0,0,0
1614-JBEBI,0,-0.996683602280654,-1.46770628811197,-0.949996631074478,0,0,0,1,0,0,0,1,1,0,1,0,1,0,1,0,1,0,1,0,0,0,1,0,0,1,0
6844-DZKRF,0,-1.24091801131222,-0.488792118440626,-0.962443905489837,1,0,0,1,0,0,0,0,0,0,0,0,0,0,0,1,0,0,0,0,0,0,1,1,0,0,0
0772-GYEQQ,0,-1.20021227647362,0.777159595897062,-0.895355950263491,1,0,0,1,0,0,1,0,0,0,0,0,0,1,0,1,0,1,0,0,0,0,1,0,0,1,1
8058-JMEQO,1,-0.955977867442059,0.647743824313393,-0.675629725178248,0,0,0,1,0,1,1,0,0,0,0,0,0,0,0,0,0,0,0,1,0,0,1,0,1,0,1
4589-IUAJB,0,1.52707195771217,-1.34990475243966,-0.253410273977881,1,1,0,1,0,1,0,1,1,0,1,0,1,0,1,0,1,0,1,0,0,1,0,0,0,0,0
8947-YRTDV,0,-0.0197459661543978,0.991193371977746,0.364518968074213,1,1,1,1,0,0,1,0,0,1,0,1,0,1,0,0,0,0,0,1,1,0,0,0,0,1,0
7611-YKYTC,0,-0.426803314540338,0.33415945470681,-0.319356680227863,1,1,1,1,0,0,1,0,0,1,0,0,0,0,0,0,0,0,0,0,0,0,0,0,0,0,0
3423-HHXAO,0,-0.75244919324909,-1.50752652552233,-0.890987330142403,0,1,1,1,0,0,0,1,1,0,1,0,1,0,1,0,1,0,1,0,1,0,1,0,0,1,0
3703-VAVCL,0,-1.24091801131222,0.831912422336307,-0.926968075762816,1,1,1,1,0,0,1,0,0,0,0,0,0,1,0,1,0,0,0,1,0,0,0,1,0,0,1
2072-ZVJJX,0,1.44566048803499,-1.31672122126436,-0.251632091918544,1,1,0,1,0,1,0,1,1,0,1,0,1,0,1,0,1,0,1,0,0,1,0,0,0,0,0
7817-OMJNA,0,-0.75244919324909,-1.47766134746456,-0.889362818137577,1,0,0,1,0,0,0,1,1,0,1,0,1,0,1,0,1,0,1,0,1,0,0,0,0,0,0
5091-HFAZW,0,-1.24091801131222,0.870073483187902,-0.936429760547684,0,0,0,1,0,0,1,0,0,1,0,1,0,0,0,0,0,1,0,0,0,0,1,0,1,0,0
1981-INRFU,0,-1.24091801131222,0.491781227789484,-0.938185989742091,0,0,0,1,0,0,1,0,0,0,0,0,0,0,0,0,0,1,0,0,0,0,1,0,1,0,1
6821-JPCDC,0,0.631545791263106,1.06585631712217,1.05006303411098,0,1,0,1,0,0,1,0,0,0,0,1,0,1,0,0,0,1,0,1,1,0,1,0,1,0,0
3144-AUDBS,0,-1.07809507195784,-0.523634826174691,-0.891514198900726,0,1,0,1,0,0,0,0,0,0,0,0,0,0,0,1,0,0,0,0,0,0,1,0,1,0,1
7142-HVGBG,1,0.428017117070136,1.2632983276152,0.9277197178556,1,1,0,1,0,1,1,0,0,0,0,1,0,1,0,0,0,1,0,1,0,0,1,0,1,0,1
1866-NXPSP,0,0.143076973199978,0.352410396853224,0.166328503485386,0,0,0,1,0,0,0,0,0,1,0,1,0,1,0,1,0,0,0,1,1,0,1,0,0,1,0
2003-CKLOR,0,1.3642490183578,1.14715596850166,1.93588308690492,1,0,0,1,0,0,1,0,0,0,0,1,0,1,0,0,0,1,0,1,0,0,0,0,1,0,1
1930-WNXSB,0,1.03860313964905,0.926485486185912,1.3188100065851,1,1,1,1,0,0,1,0,0,0,0,1,0,0,0,0,0,1,0,1,0,0,1,0,1,0,0
0634-SZPQA,0,-0.386097579701744,0.833571598895072,-0.0577443888560139,0,0,0,1,0,1,1,0,0,1,0,0,0,0,0,0,0,1,0,0,0,0,1,0,0,0,1
5419-JPRRN,0,-1.28162374615081,1.21186385429349,-0.965868552418931,1,0,0,1,0,1,1,0,0,0,0,0,0,1,0,0,0,1,0,1,0,0,1,0,1,0,1
0829-DDVLK,0,-0.711743458410496,-1.48761640681715,-0.87761803539998,0,0,0,1,0,0,0,1,1,0,1,0,1,0,1,0,1,0,1,0,1,0,0,1,0,0,0
9028-LIHRP,0,1.56777769255077,1.17038444032437,2.15475315025789,1,1,1,1,0,0,1,0,0,1,0,1,0,1,0,1,0,1,0,0,0,1,0,1,0,0,0
5429-LWCMV,0,-0.833860662926278,0.803706420837302,-0.546085869225804,0,0,0,1,0,1,1,0,0,0,0,1,0,0,0,0,0,0,0,1,0,0,1,0,1,0,0
2833-SLKDQ,0,-1.28162374615081,-0.659687303993421,-0.990631384060069,1,0,0,1,0,0,0,0,0,0,0,0,0,0,0,0,0,0,0,0,0,0,0,0,0,1,1
0423-UDIJQ,1,-0.955977867442059,-0.521975649615926,-0.813757151318357,1,0,0,1,0,0,0,0,0,0,0,0,0,0,0,1,0,0,0,0,0,0,0,0,0,1,0
3373-DIUUN,0,-0.101157435831586,-1.44945534596556,-0.697846024487496,1,1,1,1,0,0,0,1,1,0,1,0,1,0,1,0,1,0,1,0,0,1,0,0,0,1,0
4958-XCBDQ,1,0.102371238361384,1.21020467773473,0.524665117739199,1,0,0,1,0,1,1,0,0,0,0,0,0,1,0,0,0,1,0,1,0,0,1,0,1,0,1
3126-WQMGH,0,0.6722515261017,-0.424084232648792,0.124003379900178,0,1,0,1,0,1,0,0,0,0,0,0,0,0,0,0,0,0,0,0,0,0,1,1,0,0,0
4891-NLUBA,0,1.16072034416483,-0.115477392718503,0.636558870287854,0,1,1,0,1,0,0,0,0,0,0,1,0,1,0,1,0,1,0,1,0,1,1,0,0,0,0
2535-PBCGC,0,1.52707195771217,-0.0126084460750739,0.967498309108918,0,1,0,0,1,0,0,0,0,1,0,1,0,1,0,1,0,1,0,1,0,1,0,0,0,0,0
2968-SSGAA,0,-0.915272132603466,1.18365785279448,-0.544922367384509,0,0,0,1,0,1,1,0,0,0,0,0,0,1,0,0,0,1,0,1,0,0,1,0,1,0,1
9838-BFCQT,0,1.60848342738936,-1.28851521976535,-0.197518279865879,1,1,1,1,0,1,0,1,1,0,1,0,1,0,1,0,1,0,1,0,0,1,0,0,0,1,0
8050-XGRVL,0,1.20142607900342,-0.337807051593012,0.493514002403405,0,1,1,1,0,0,0,0,0,1,0,0,0,1,0,0,0,0,0,0,1,0,0,1,0,0,0
1767-TGTKO,0,-0.996683602280654,-0.646413891523301,-0.82962907266281,0,1,1,1,0,0,0,0,0,0,0,0,0,0,0,0,0,0,0,0,0,0,1,0,1,0,0
4234-XTNEA,0,-1.24091801131222,0.498417934024544,-0.933817369621004,1,0,0,1,0,0,1,0,0,0,0,0,0,0,0,0,0,1,0,0,0,0,1,0,1,0,0
0280-XJGEX,0,0.6722515261017,1.28652679943792,1.20081335758589,1,0,0,1,0,1,1,0,0,0,0,1,0,1,0,0,0,1,0,1,0,0,1,0,0,0,1
8393-JMVMB,0,-1.28162374615081,-1.5091857020811,-1.00187125090427,1,0,0,1,0,0,0,1,1,0,1,0,1,0,1,0,1,0,1,0,0,0,0,0,0,1,0
7011-CVEUC,0,-0.304686110024556,1.02105855003552,0.0162587188233099,1,1,0,1,0,0,1,0,0,0,0,0,0,0,0,1,0,1,0,1,0,0,1,1,0,0,0
1676-MQAOA,0,1.60848342738936,0.337477807824339,1.33255250003134,1,0,0,1,0,0,0,0,0,1,0,1,0,1,0,1,0,1,0,0,0,1,1,0,0,0,0
4450-YOOHP,0,0.26519417771576,-0.473859529411742,-0.173831138606315,0,0,0,0,1,0,0,0,0,0,0,0,0,1,0,0,0,1,0,1,0,0,1,1,0,0,0
7159-FVYPK,0,-1.20021227647362,0.140035797331306,-0.907232450190668,0,1,1,1,0,1,0,0,0,0,0,1,0,1,0,0,0,1,0,0,0,0,1,0,0,0,0
5502-RLUYV,0,1.48636622287358,1.29482268223174,2.25920488159525,0,1,1,1,0,1,1,0,0,0,0,1,0,1,0,0,0,1,0,1,0,0,1,0,1,0,1
8573-CGOCC,0,-0.671037723571902,-1.49923064272851,-0.880932918004423,1,0,0,1,0,0,0,1,1,0,1,0,1,0,1,0,1,0,1,0,0,0,0,1,0,0,0
4198-VFOEA,0,-0.833860662926278,-1.0396387359506,-0.819223414685948,0,0,0,0,1,0,0,0,0,1,0,0,0,0,0,1,0,0,0,0,1,0,1,0,0,1,0
9803-FTJCG,0,1.56777769255077,0.0637136756281157,1.07454047850802,1,1,1,1,0,1,0,0,0,1,0,1,0,0,0,1,0,0,0,0,1,0,1,1,0,0,0
0208-BPQEJ,0,-0.833860662926278,-1.51084487863986,-0.923433664509072,0,1,1,1,0,0,0,1,1,0,1,0,1,0,1,0,1,0,1,0,0,0,0,0,0,0,0
4119-ZYPZY,1,1.56777769255077,1.38939574608134,2.33661068333874,1,0,0,1,0,1,1,0,0,0,0,1,0,0,0,1,0,1,0,1,0,1,1,0,1,0,0
2725-IWWBA,0,0.550134321585918,-0.266462459566118,0.113619674788247,1,1,1,1,0,0,0,0,0,1,0,0,0,1,0,1,0,0,0,0,1,0,0,0,0,1,0
0244-LGNFY,0,1.60848342738936,0.919848779950852,1.94576187612346,0,1,1,1,0,1,0,0,0,1,0,1,0,1,0,1,0,1,0,1,0,1,0,0,0,0,0
6202-DYYFX,0,-0.426803314540338,0.367342985882109,-0.227308317576008,0,0,0,1,0,1,1,0,0,0,0,0,0,0,0,0,0,0,0,0,1,0,1,1,0,0,0
2043-WVTQJ,0,-1.28162374615081,-0.306282696976477,-0.985955423829961,1,1,0,1,0,0,0,0,0,1,0,0,0,1,0,0,0,0,0,0,0,0,0,0,0,1,0
0675-NCDYU,0,1.60848342738936,1.70795764536422,2.74056535091727,0,1,1,1,0,1,1,0,0,1,0,1,0,1,0,1,0,1,0,1,0,1,1,1,0,0,0
0484-JPBRU,0,0.346605647392948,-1.31672122126436,-0.57291227017037,1,0,0,1,0,1,0,1,1,0,1,0,1,0,1,0,1,0,1,0,0,0,1,0,0,0,0
0691-JVSYA,0,0.835074465456076,0.992852548536511,1.18496338910636,0,1,0,1,0,0,1,0,0,0,0,0,0,1,0,0,0,1,0,1,1,0,1,0,0,0,1
7182-OVLBJ,0,1.20142607900342,1.2019087949409,1.90420510281081,0,1,1,1,0,1,1,0,0,1,0,0,0,0,0,0,0,1,0,1,0,1,1,0,0,0,0
3158-MOERK,0,-1.24091801131222,1.03101360938811,-0.933663699566493,0,0,0,1,0,1,1,0,0,0,0,0,0,0,0,0,0,1,0,1,0,0,1,0,1,0,1
7710-JSYOA,0,1.48636622287358,0.941418075214797,1.79869963395681,0,1,1,1,0,1,1,0,0,0,0,1,0,0,0,1,0,0,0,1,0,1,1,0,0,0,0
8229-TNIQA,0,-1.15950654163503,-0.651391421199596,-0.923938580402464,0,0,0,1,0,0,0,0,0,0,0,0,0,0,0,0,0,0,0,0,0,0,1,0,0,1,1
5778-BVOFB,0,-0.955977867442059,-0.180185278510338,-0.777688594238223,0,0,0,1,0,0,0,0,0,0,0,0,0,0,0,1,0,1,0,0,0,0,1,0,0,0,0
4890-VMUAV,0,1.24213181384202,0.21801709559326,0.998847000229083,1,0,0,1,0,1,0,0,0,1,0,1,0,1,0,1,0,0,0,0,1,0,0,0,1,0,0
0224-HJAPT,0,-1.11880080679644,-0.590001888525291,-0.912435279179099,1,0,0,1,0,1,0,0,0,0,0,0,0,0,0,0,0,0,0,0,0,0,0,0,1,0,1
8402-OOOHJ,0,0.346605647392948,-1.46936546467074,-0.643732212434831,0,0,0,1,0,0,0,1,1,0,1,0,1,0,1,0,1,0,1,0,0,1,0,0,0,1,0
5380-AFSSK,0,-1.11880080679644,0.961328193919977,-0.796655869537819,0,0,0,1,0,1,1,0,0,0,0,0,0,0,0,0,0,1,0,1,0,0,1,0,0,1,1
4929-XIHVW,1,-1.24091801131222,1.01442184380046,-0.930656157071071,1,1,0,1,0,0,1,0,0,0,0,0,0,1,0,0,0,1,0,1,0,0,1,1,0,0,0
6603-YRDCJ,0,0.0209597686841961,-0.128750805188623,-0.124217663864318,1,1,0,1,0,0,0,0,0,1,0,1,0,0,0,1,0,0,0,0,0,1,1,0,0,1,0
1663-MHLHE,0,-1.28162374615081,-1.51748158487492,-1.00198101522892,1,0,0,1,0,0,0,1,1,0,1,0,1,0,1,0,1,0,1,0,0,0,0,0,0,1,0
5044-XDPYX,0,0.753662995778888,-1.30842533847053,-0.447868751528594,0,1,0,1,0,1,0,1,1,0,1,0,1,0,1,0,1,0,1,0,0,1,0,0,0,1,0
7234-FECYN,1,-0.996683602280654,1.20854550117596,-0.667726693803417,0,0,0,1,0,1,1,0,0,0,0,0,0,1,0,0,0,1,0,1,0,0,0,0,1,0,1
3070-DVEYC,1,-1.03738933711925,0.292680040737685,-0.771058829029337,1,0,0,1,0,1,1,0,0,0,0,0,0,0,0,0,0,0,0,0,0,0,0,0,0,1,1
2369-UAPKZ,0,-1.11880080679644,1.29980021190803,-0.772485765249793,1,0,0,1,0,1,1,0,0,0,0,1,0,1,0,0,0,1,0,1,0,0,0,0,0,1,1
6086-ESGRL,0,-1.28162374615081,0.505054640259604,-0.975220472879148,0,0,0,1,0,0,1,0,0,0,0,0,0,0,0,0,0,0,0,1,0,0,0,1,0,0,1
4081-DYXAV,0,-0.54892051905612,-0.666324010228481,-0.61809126619649,0,0,0,0,1,0,0,0,0,0,0,0,0,0,0,0,0,1,0,1,1,0,1,1,0,0,1
6907-NZZIJ,0,0.143076973199978,1.1355417325903,0.577044653462387,0,0,0,1,0,1,1,0,0,0,0,1,0,0,0,0,0,1,0,1,0,0,1,0,1,0,1
6094-ZIVKX,0,1.44566048803499,-0.347762110945602,0.603102704134401,0,0,0,1,0,0,0,0,0,1,0,0,0,1,0,0,0,0,0,0,1,0,1,1,0,0,0
0420-HLGXF,1,0.26519417771576,1.15545185129548,0.76162434179456,0,0,0,1,0,1,1,0,0,0,0,0,0,1,0,0,0,1,0,1,0,0,1,0,1,0,0
8010-EZLOU,1,-0.711743458410496,0.506713816818369,-0.475968418639105,1,0,0,1,0,1,1,0,0,0,0,1,0,0,0,0,0,0,0,0,0,0,1,0,1,0,1
0640-YJTPY,0,1.60848342738936,-1.45775122875938,-0.354569075575723,1,1,1,1,0,0,0,1,1,0,1,0,1,0,1,0,1,0,1,0,0,1,0,0,0,0,0
1976-AZZPJ,0,-1.03738933711925,-1.01972861724542,-0.89774881254087,1,1,0,0,1,0,0,0,0,1,0,1,0,0,0,0,0,0,0,0,0,0,0,0,0,1,0
5846-ABOBJ,0,1.56777769255077,-1.3432680462046,-0.25055640153697,1,1,0,1,0,1,0,1,1,0,1,0,1,0,1,0,1,0,1,0,0,1,0,0,0,0,0
7683-CBDKJ,0,-0.75244919324909,0.0172567319826962,-0.598750792193083,1,1,1,1,0,0,0,0,0,1,0,1,0,0,0,0,0,1,0,0,0,0,1,0,1,0,1
4623-ZKHLY,0,-0.426803314540338,-1.4760021709058,-0.803373446206425,1,1,0,1,0,0,0,1,1,0,1,0,1,0,1,0,1,0,1,0,0,0,1,0,0,0,0
6904-JLBGY,1,1.60848342738936,1.73948199998076,2.69358621996688,0,0,0,1,0,1,1,0,0,1,0,1,0,1,0,1,0,1,0,1,0,1,1,1,0,0,0
1455-HFBXA,0,0.794368730617482,0.885006072216787,1.02145845110707,1,1,0,1,0,1,1,0,0,1,0,0,0,1,0,1,0,0,0,0,0,1,1,1,0,0,0
8980-WQFWL,0,0.102371238361384,-0.0939080974545584,-0.0901029117629625,0,0,0,1,0,0,0,0,0,0,0,0,0,1,0,0,0,0,0,1,0,0,1,0,1,0,0
3170-NMYVV,0,0.712957260940294,-1.48595723025839,-0.601692476093714,0,1,1,1,0,0,0,1,1,0,1,0,1,0,1,0,1,0,1,0,0,1,0,0,0,0,0
8468-EHYJA,0,0.997897404810452,1.15213349817795,1.40310900791664,0,1,0,1,0,1,1,0,0,1,0,0,0,0,0,0,0,1,0,1,0,0,1,0,1,0,0
8561-NMTBD,0,1.40495475319639,1.57356434410426,2.23354198249198,0,1,1,1,0,1,1,0,0,0,0,1,0,1,0,1,0,1,0,1,1,0,1,1,0,0,0
6416-YJTTB,0,-0.874566397764872,0.483485344995659,-0.6610749757296,1,0,0,1,0,0,1,0,0,1,0,0,0,1,0,0,0,0,0,0,0,0,1,0,0,0,0
9609-BENEA,0,0.102371238361384,0.13505826765501,0.0616352906338001,1,1,0,1,0,1,0,0,0,0,0,1,0,0,0,1,0,1,0,0,1,0,1,0,1,0,0
6513-EECDB,1,-1.28162374615081,0.286043334502625,-0.978118251049919,1,1,0,1,0,1,1,0,0,0,0,0,0,0,0,0,0,0,0,0,0,0,1,0,1,0,1
3002-WQZWT,0,-0.14186317067018,0.30761262976657,-0.135259954924152,0,0,0,1,0,1,1,0,0,0,0,0,0,0,0,0,0,0,0,0,0,0,1,0,1,0,0
5918-VUKWP,0,-0.0197459661543978,-1.47268381778827,-0.723025960562306,0,0,0,1,0,0,0,1,1,0,1,0,1,0,1,0,1,0,1,0,1,0,0,0,0,0,0
4827-USJHP,0,-0.508214784217526,-0.435698468560147,-0.560882100188682,1,0,0,1,0,0,0,0,0,0,0,1,0,0,0,0,0,0,0,0,0,0,1,0,0,1,0
1431-CYWMH,0,-0.426803314540338,-1.52245911455122,-0.811056948931956,0,1,1,1,0,0,0,1,1,0,1,0,1,0,1,0,1,0,1,0,0,0,0,0,0,0,0
3943-KDREE,0,-0.263980375185962,0.332500278148045,-0.204762725292808,0,0,0,1,0,1,1,0,0,0,0,0,0,0,0,0,0,0,0,0,0,0,1,0,0,0,1
7771-ZONAT,0,-0.426803314540338,-0.271439989242413,-0.437506999281592,1,0,0,0,1,0,0,0,0,0,0,0,0,1,0,1,0,1,0,1,0,1,0,0,0,0,0
6010-DDPPW,0,1.52707195771217,-1.32003957438189,-0.158266557370883,1,1,0,1,0,1,0,1,1,0,1,0,1,0,1,0,1,0,1,0,0,1,0,0,0,0,0
2211-RMNHO,0,1.44566048803499,0.675949825812398,1.43074766486362,0,1,1,1,0,1,0,0,0,0,0,1,0,1,0,1,0,1,0,1,0,1,0,0,0,0,0
8563-OYMQY,0,-0.630331988733308,0.863436776952842,-0.302562738556346,1,0,0,1,0,0,1,0,0,0,0,1,0,1,0,0,0,0,0,1,0,0,1,1,0,0,0
4030-VPZBD,0,-1.24091801131222,-1.12923427012391,-0.984484581879645,0,0,0,0,1,0,0,0,0,0,0,0,0,0,0,1,0,0,0,0,0,0,1,0,1,0,1
6974-DAFLI,0,0.916485935133264,-1.50088981928727,-0.50986364209116,0,1,0,1,0,0,0,1,1,0,1,0,1,0,1,0,1,0,1,0,1,0,0,0,1,0,0
6807-SIWJI,0,0.224488442877166,1.32468786028951,0.696314568627551,1,0,0,1,0,1,1,0,0,1,0,1,0,0,0,0,0,1,0,1,1,0,1,0,1,0,0
8259-NFJTV,0,-1.03738933711925,-1.00479602821654,-0.902139385526888,0,1,1,0,1,0,0,0,0,1,0,0,0,0,0,1,0,0,0,0,0,0,0,0,0,1,0
4439-JMPMT,0,-1.11880080679644,0.690882414841283,-0.803636880585586,0,1,1,1,0,0,1,0,0,0,0,0,0,0,0,1,0,1,0,0,0,0,1,0,1,0,1
5229-DTFYB,0,0.346605647392948,1.12392749667895,0.727882788397016,0,0,0,1,0,0,1,0,0,0,0,1,0,0,0,1,0,1,0,1,0,1,1,0,0,0,0
6652-YFFJO,0,-0.874566397764872,-0.000994210163718652,-0.696001983833369,0,0,0,1,0,0,0,0,0,0,0,0,0,0,0,0,0,1,0,1,0,0,1,0,1,0,0
5197-LQXXH,0,1.56777769255077,0.609582763461798,1.5776123312459,0,1,0,1,0,1,0,0,0,0,0,1,0,1,0,1,0,1,0,1,0,1,1,1,0,0,0
6360-SVNWV,1,-0.0604517009929918,0.286043334502625,-0.090739544845935,0,0,0,1,0,0,1,0,0,1,0,0,0,0,0,0,0,0,0,0,0,0,1,1,0,0,0
6258-PVZWJ,0,1.44566048803499,0.858459247276547,1.75690137912992,1,1,0,1,0,1,0,0,0,1,0,1,0,1,0,1,0,1,0,1,0,1,1,1,0,0,0
1937-OTUKY,0,1.60848342738936,1.10401737797377,2.0699711858979,0,1,0,1,0,1,1,0,0,1,0,0,0,1,0,1,0,1,0,0,0,1,1,0,0,0,0
1904-WAJAA,0,-0.34539184486315,-0.0192451523101339,-0.32607425689647,0,1,1,1,0,1,0,0,0,1,0,1,0,1,0,0,0,0,0,0,0,1,0,0,1,0,0
4078-SAYYN,0,-0.874566397764872,1.18863538247078,-0.514385932266758,0,0,0,1,0,1,1,0,0,0,0,0,0,1,0,0,0,1,0,1,0,0,1,0,1,0,1
0541-FITGH,0,-1.24091801131222,-0.0922489208957935,-0.960753534890221,0,1,0,1,0,0,0,0,0,1,0,0,0,0,0,0,0,0,0,1,0,0,1,0,0,1,0
1320-GVNHT,0,1.60848342738936,1.44248939596183,2.39985688720232,1,1,1,1,0,1,1,0,0,1,0,1,0,1,0,0,0,1,0,1,0,1,1,1,0,0,0
1563-IWQEX,0,-0.833860662926278,-1.50088981928727,-0.913664639615184,0,0,0,1,0,0,0,1,1,0,1,0,1,0,1,0,1,0,1,0,0,0,0,0,0,1,0
3282-ZISZV,0,-0.0197459661543978,0.622856175931918,0.145758669045894,1,0,1,1,0,1,0,0,0,0,0,1,0,1,0,1,0,1,0,1,1,0,0,1,0,0,0
1977-STDKI,1,-1.28162374615081,0.26779239235621,-0.97835973256415,0,0,0,1,0,0,1,0,0,0,0,1,0,0,0,0,0,0,0,0,0,0,1,0,1,0,1
8044-BGWPI,0,-0.833860662926278,-1.45277369908309,-0.876037429125014,1,1,1,1,0,0,0,1,1,0,1,0,1,0,1,0,1,0,1,0,0,0,1,0,1,0,0
9600-NAXZN,0,0.428017117070136,1.21020467773473,0.977640532706618,1,0,0,1,0,1,1,0,0,0,0,1,0,0,0,0,0,1,0,1,0,0,1,0,1,0,1
6828-HMKWP,0,-0.833860662926278,-1.45609205220062,-0.895355950263491,1,1,1,1,0,0,0,1,1,0,1,0,1,0,1,0,1,0,1,0,0,1,0,0,0,0,0
2812-ENYMO,0,-0.263980375185962,-0.344443757828072,-0.412041675962691,1,0,0,0,1,0,0,0,0,1,0,0,0,0,0,1,0,1,0,1,1,0,0,1,0,0,0
1640-PLFMP,0,-1.28162374615081,0.176537681624135,-0.979567140135305,0,0,0,1,0,0,1,0,0,0,0,0,0,0,0,0,0,0,0,0,0,0,1,0,1,0,0
8785-EPNCG,0,-0.874566397764872,-1.38640663673249,-0.90275406574493,1,0,0,1,0,1,0,1,1,0,1,0,1,0,1,0,1,0,1,0,0,0,0,1,0,0,1
7622-NXQZR,0,-0.182568905508774,-1.15578109506415,-0.654401304790854,1,0,0,0,1,0,0,0,0,0,0,0,0,0,0,1,0,0,0,0,0,0,1,1,0,0,0
8166-ZZTFS,1,1.3642490183578,0.518328052729724,1.30126966750596,0,1,0,1,0,1,0,0,0,0,0,1,0,1,0,0,0,1,0,1,0,1,1,0,0,0,1
9909-IDLEK,0,-0.508214784217526,1.05756043432835,-0.208384948006272,1,1,1,1,0,1,1,0,0,0,0,1,0,0,0,1,0,1,0,0,0,0,0,0,0,1,0
6341-AEVKX,0,1.20142607900342,1.3064369181431,1.89336038753535,0,1,0,1,0,0,1,0,0,1,0,0,0,1,0,1,0,1,0,1,1,0,1,0,1,0,0
1833-VGRUM,1,-1.28162374615081,0.30761262976657,-0.977832863805828,0,0,0,1,0,1,1,0,0,0,0,0,0,0,0,0,0,0,0,0,0,0,1,0,1,0,1
7964-VEXDG,0,-0.467509049378932,0.511691346494664,-0.243290003245111,1,0,1,1,0,1,1,0,0,1,0,0,0,0,0,0,0,0,0,0,0,0,0,0,1,0,0
9136-ALYBR,0,-1.28162374615081,-1.3432680462046,-0.999675964411265,1,0,0,0,1,0,0,0,0,0,0,0,0,0,0,0,0,0,0,0,0,0,1,0,0,1,1
8465-SBRXP,0,0.224488442877166,0.994511725095277,0.577330040706478,1,1,1,1,0,1,1,0,0,0,0,0,0,1,0,1,0,1,0,0,0,1,1,0,0,0,0
7989-VCQOH,0,-0.589626253894714,0.607923586903033,-0.303023748719878,1,1,1,1,0,0,0,0,0,1,0,0,0,1,0,1,0,1,0,1,0,0,0,0,1,0,0
3154-HMWUU,0,1.12001460932623,-1.47434299434703,-0.484069025798307,1,1,0,1,0,0,0,1,1,0,1,0,1,0,1,0,1,0,1,0,0,1,1,0,0,0,0
5504-WSIUR,0,1.52707195771217,0.840208305130132,1.79338704064373,0,0,0,1,0,1,1,0,0,0,0,1,0,1,0,1,0,0,0,0,1,0,1,0,0,0,0
5996-EBTKM,0,1.40495475319639,0.164923445712781,1.01623366925371,0,1,1,1,0,1,0,0,0,0,0,0,0,1,0,1,0,0,0,1,0,1,1,0,0,0,0
0568-ONFPC,0,-1.11880080679644,-1.29515192600041,-0.951138180050842,1,1,1,1,0,1,0,1,1,0,1,0,1,0,1,0,1,0,1,0,0,0,1,0,0,0,1
0052-DCKON,0,1.3642490183578,1.68804752665904,2.47664800872776,1,1,0,1,0,1,1,0,0,1,0,1,0,1,0,1,0,1,0,1,1,0,0,0,0,0,0
8774-GSBUN,0,1.60848342738936,-1.31174369158806,-0.221381044044884,1,1,0,1,0,1,0,1,1,0,1,0,1,0,1,0,1,0,1,0,0,1,0,0,0,1,0
6437-UDQJM,1,1.60848342738936,0.636129588402038,1.6808566550121,0,1,0,1,0,1,0,0,0,1,0,1,0,1,0,0,0,1,0,1,0,1,1,1,0,0,0
3407-QGWLG,0,-1.20021227647362,-1.48927558337592,-0.977284042182576,1,0,1,1,0,0,0,1,1,0,1,0,1,0,1,0,1,0,1,0,0,0,1,0,0,1,0
0442-TDYUO,0,0.631545791263106,-1.48927558337592,-0.555547554010671,1,1,0,1,0,0,0,1,1,0,1,0,1,0,1,0,1,0,1,0,0,1,1,0,0,1,0
6711-FLDFB,0,-1.03738933711925,0.33084110158928,-0.772815058223744,0,0,0,1,0,1,1,0,0,0,0,0,0,0,0,0,0,0,0,0,0,0,1,0,1,0,1
0139-IVFJG,0,-1.24091801131222,0.843526658247662,-0.926770499978446,0,1,0,1,0,0,1,0,0,1,0,1,0,0,0,0,0,1,0,0,0,0,0,0,1,0,0
4062-HBMOS,0,0.794368730617482,1.26495750417397,1.34504368017656,1,0,0,1,0,1,1,0,0,0,0,1,0,1,0,0,0,1,0,1,0,0,1,0,1,0,0
8577-QSOCG,0,0.224488442877166,-1.48429805369962,-0.682852217740247,0,1,1,1,0,0,0,1,1,0,1,0,1,0,1,0,1,0,1,0,0,1,1,0,0,1,0
6585-WCEWR,0,1.60848342738936,-1.47932052402333,-0.415751710135876,1,1,1,1,0,0,0,1,1,0,1,0,1,0,1,0,1,0,1,0,0,1,0,0,1,0,0
0709-TVGUR,1,-0.955977867442059,0.319226865677925,-0.736922124063051,0,0,0,1,0,1,1,0,0,0,0,0,0,0,0,0,0,0,0,0,0,0,1,0,1,0,1
8755-OGKNA,0,0.997897404810452,-1.50752652552233,-0.497767613514682,0,1,1,1,0,0,0,1,1,0,1,0,1,0,1,0,1,0,1,0,0,1,0,0,0,0,0
8082-GHXOP,0,-0.793154928087684,-0.694530011727486,-0.720918485529018,1,0,1,1,0,0,0,0,0,0,0,0,0,0,0,0,0,0,0,0,0,0,0,0,0,1,0
8564-LDKFL,0,0.305899912554354,1.36284892114111,0.824255865440099,1,1,0,1,0,1,1,0,0,0,0,1,0,1,0,0,0,1,0,1,1,0,1,0,0,0,0
1839-FBNFR,0,0.26519417771576,-1.49591228961098,-0.635104736517307,0,1,1,1,0,0,0,1,1,0,1,0,1,0,1,0,1,0,1,0,0,1,1,0,0,0,0
3336-JORSO,1,0.0209597686841961,1.51051563487119,0.594541086811667,0,0,0,1,0,1,1,0,0,0,0,1,0,1,0,1,0,1,0,1,0,0,1,0,1,0,1
7601-DHFWZ,0,0.631545791263106,-1.35820063523348,-0.490984178251285,0,0,0,1,0,1,0,1,1,0,1,0,1,0,1,0,1,0,1,0,0,1,0,1,0,0,0
5143-EGQFK,1,-0.915272132603466,-1.17071368409304,-0.88246961854953,0,0,0,0,1,0,0,0,0,0,0,0,0,0,0,1,0,0,0,0,0,0,1,0,1,0,1
3969-GYXEL,0,-0.874566397764872,0.380616398352229,-0.642173559024795,0,0,0,1,0,0,1,0,0,1,0,0,0,0,0,0,0,0,0,0,0,0,0,0,1,0,0
3547-LQRIK,0,0.590840056424512,-1.26196839482511,-0.461216093406086,0,1,0,1,0,1,0,1,1,0,1,0,1,0,1,0,1,0,1,0,1,0,0,0,1,0,0
8740-CRYFY,0,-1.28162374615081,0.465234402849244,-0.97574734163747,1,0,0,1,0,0,1,0,0,0,0,0,0,0,0,0,0,1,0,0,0,0,1,0,1,0,1
7109-CQYUZ,0,0.794368730617482,0.807024773954832,1.03225926065268,1,0,0,1,0,1,0,0,0,1,0,1,0,1,0,1,0,1,0,1,0,1,1,0,0,1,0
0455-ENTCR,0,1.3642490183578,0.674290649253633,1.42124207434889,1,1,0,1,0,1,0,0,0,1,0,1,0,0,0,1,0,1,0,1,0,1,0,0,1,0,0
7072-MBHEV,1,-0.874566397764872,0.437028401350239,-0.63069221066636,0,1,1,1,0,1,1,0,0,0,0,0,0,1,0,0,0,0,0,0,0,0,1,1,0,0,0
7356-IWLFW,0,0.550134321585918,0.500077110583309,0.644703383176916,1,1,1,1,0,1,1,0,0,0,0,1,0,0,0,0,0,0,0,0,0,0,1,0,0,0,0
5980-NOPLP,0,0.46872285190873,1.03433196250564,0.905679041465793,0,1,0,1,0,1,1,0,0,0,0,0,0,0,0,0,0,1,0,1,0,0,1,0,1,0,1
5287-QWLKY,1,1.56777769255077,1.33298374308333,2.30363748021374,1,1,1,1,0,1,1,0,0,1,0,1,0,0,0,0,0,1,0,1,0,0,1,1,0,0,1
6214-EDAKZ,0,-0.426803314540338,-0.324533639122892,-0.480885860383445,0,1,1,1,0,0,0,0,0,0,0,1,0,0,0,1,0,0,0,0,0,0,0,0,1,0,1
3082-YVEKW,0,-0.386097579701744,0.405504046733704,-0.23793350420217,0,1,1,1,0,1,0,0,0,1,0,0,0,1,0,1,0,1,0,0,0,1,1,0,0,0,0
5385-SUIRI,1,0.794368730617482,1.30311856502557,1.43441379330694,1,1,0,1,0,1,1,0,0,1,0,0,0,1,0,0,0,1,0,1,0,0,1,0,1,0,1
2848-YXSMW,0,1.60848342738936,-1.51084487863986,-0.411866053043251,1,1,1,1,0,0,0,1,1,0,1,0,1,0,1,0,1,0,1,0,0,1,0,1,0,0,0
2873-ZLIWT,0,0.305899912554354,0.661017236783513,0.439817294784412,0,1,1,1,0,1,1,0,0,0,0,0,0,1,0,1,0,0,0,0,0,0,1,0,1,0,1
8905-IAZPF,0,1.48636622287358,1.01939937347675,1.9506793178678,0,1,0,1,0,0,1,0,0,0,0,1,0,0,0,0,0,1,0,1,1,0,1,1,0,0,0
4902-OHLSK,1,-0.14186317067018,1.11894996700265,0.246500366210064,0,0,0,1,0,1,1,0,0,0,0,0,0,0,0,1,0,1,0,1,0,0,0,0,1,0,1
3258-SYSWS,1,1.60848342738936,1.62168046430844,2.43434483800748,1,0,0,1,0,1,1,0,0,1,0,1,0,1,0,1,0,1,0,1,0,1,0,0,0,0,0
9699-UBQFS,1,0.428017117070136,0.981238312625156,0.814662463465651,0,1,0,1,0,1,1,0,0,1,0,1,0,0,0,0,0,1,0,0,0,0,1,0,1,0,0
6651-RLGGM,0,1.40495475319639,-1.28187851353029,-0.268887043753593,1,1,1,1,0,1,0,1,1,0,1,0,1,0,1,0,1,0,1,0,0,1,0,0,0,1,0
5793-YOLJN,0,0.916485935133264,-1.45775122875938,-0.479019866864387,0,1,1,1,0,0,0,1,1,0,1,0,1,0,1,0,1,0,1,0,0,1,0,0,0,1,0
9668-PUGNU,0,1.56777769255077,-1.34160886964583,-0.212995049641591,1,1,0,1,0,1,0,1,1,0,1,0,1,0,1,0,1,0,1,0,0,1,1,0,1,0,0
0357-NVCRI,0,-0.304686110024556,-1.48927558337592,-0.803307587611635,0,0,1,1,0,0,0,1,1,0,1,0,1,0,1,0,1,0,1,0,0,0,0,1,0,0,0
5624-BQSSA,0,-1.28162374615081,-1.45941040531815,-1.00121266495637,0,0,0,1,0,0,0,1,1,0,1,0,1,0,1,0,1,0,1,0,0,0,0,0,0,1,1
6614-FHDBO,0,1.60848342738936,1.46903622090206,2.44861420021204,1,0,0,1,0,1,1,0,0,0,0,1,0,1,0,1,0,1,0,1,0,1,0,0,0,0,0
2546-KZAAT,0,0.794368730617482,0.34743286717693,0.686743119518033,1,1,0,1,0,0,0,0,0,1,0,1,0,0,0,0,0,1,0,1,1,0,1,0,0,1,0
9617-UDPEU,0,-0.426803314540338,-1.51582240831616,-0.829277826823928,0,0,0,1,0,0,0,1,1,0,1,0,1,0,1,0,1,0,1,0,1,0,1,0,0,1,0
8932-CZHRQ,0,1.44566048803499,0.392230634263584,1.2872856925455,1,0,0,1,0,1,0,0,0,1,0,1,0,1,0,0,0,0,0,1,1,0,0,1,0,0,0
6379-RXJRQ,0,-0.915272132603466,0.17156015194784,-0.720786768339437,1,1,0,1,0,0,1,0,0,0,0,0,0,0,0,0,0,0,0,0,0,0,1,0,1,0,1
5299-RULOA,0,-0.915272132603466,1.17204361688313,-0.542968562405731,0,1,1,1,0,1,1,0,0,1,0,0,0,0,0,0,0,1,0,1,0,0,1,0,1,0,1
0036-IHMOT,0,0.916485935133264,1.28652679943792,1.47322645850334,0,1,1,1,0,0,1,0,0,0,0,1,0,1,0,1,0,1,0,1,1,0,1,0,0,0,0
4597-ELFTS,0,0.957191669971858,-1.32833545717571,-0.424708479027351,1,0,0,1,0,1,0,1,1,0,1,0,1,0,1,0,1,0,1,0,1,0,0,0,1,0,1
7576-JMYWV,1,0.550134321585918,1.50221975207736,1.17262587901565,0,1,1,1,0,1,1,0,0,1,0,1,0,0,0,1,0,1,0,1,0,0,1,0,1,0,0
8937-RDTHP,0,-1.28162374615081,0.652721353989688,-0.97326666790037,1,0,0,1,0,0,1,0,0,1,0,0,0,0,0,0,0,0,0,1,0,0,1,0,0,1,1
2842-BCQGE,0,0.428017117070136,0.345773690618164,0.377624828437475,1,0,0,1,0,1,1,0,0,0,0,0,0,0,0,0,0,0,0,0,0,0,1,1,0,0,0
8111-SLLHI,1,0.26519417771576,1.35123468522975,0.870861797686674,1,1,0,1,0,1,1,0,0,0,0,1,0,1,0,0,0,1,0,1,0,0,1,0,1,0,1
7244-QWYHG,0,0.712957260940294,-0.679597422698601,-0.0495559702370915,1,1,0,0,1,0,0,0,0,1,0,0,0,0,0,1,0,1,0,0,1,0,1,0,0,0,0
9970-QBCDA,0,-1.07809507195784,-1.50088981928727,-0.953531042328222,0,0,0,1,0,0,0,1,1,0,1,0,1,0,1,0,1,0,1,0,0,0,0,1,0,0,0
4652-ODEVH,0,0.509428586747324,-1.3432680462046,-0.53260681015873,1,1,1,1,0,1,0,1,1,0,1,0,1,0,1,0,1,0,1,0,0,1,0,0,0,1,0
2582-FFFZR,0,-0.426803314540338,-0.475518705970506,-0.539170716772826,0,0,0,0,1,0,0,0,0,0,0,0,0,1,0,0,0,1,0,1,0,0,1,0,1,0,0
5884-FBCTL,0,1.60848342738936,-1.32169875094065,-0.194708313154828,0,1,1,1,0,1,0,1,1,0,1,0,1,0,1,0,1,0,1,0,0,1,0,0,0,0,0
0722-SVSFK,0,-1.03738933711925,1.17702114655943,-0.696484946861831,0,0,0,1,0,0,1,0,0,0,0,0,0,1,0,1,0,1,0,1,0,0,1,0,1,0,0
2465-BLLEU,0,-1.28162374615081,-1.49923064272851,-1.00173953371469,1,0,0,1,0,0,0,1,1,0,1,0,1,0,1,0,1,0,1,0,0,0,1,0,0,1,0
3963-RYFNS,0,1.60848342738936,1.70961682192299,2.50799669984793,0,0,0,1,0,1,1,0,0,1,0,1,0,1,0,1,0,1,0,1,0,1,1,0,0,0,0
5747-PMBSQ,1,-0.915272132603466,0.914871250274557,-0.600287492738189,1,1,0,1,0,0,1,0,0,0,0,1,0,1,0,1,0,1,0,0,0,0,1,0,0,1,1
9514-JDSKI,1,-1.28162374615081,-0.820627430193625,-0.992760811958288,1,1,0,0,1,0,0,0,0,0,0,1,0,0,0,0,0,1,0,0,0,0,0,0,1,0,1
0667-NSRGI,0,0.631545791263106,0.153309209801425,0.498014339714073,0,1,0,1,0,1,0,0,0,0,0,0,0,1,0,1,0,0,0,1,1,0,1,0,0,1,0
0042-JVWOJ,0,-0.263980375185962,-1.5042081724048,-0.803241729016845,1,0,0,1,0,0,0,1,1,0,1,0,1,0,1,0,1,0,1,0,1,0,1,0,0,0,0
8871-JLMHM,0,1.44566048803499,0.838549128571367,1.75461828117719,0,1,0,1,0,1,1,0,0,0,0,1,0,1,0,1,0,0,0,0,0,1,0,1,0,0,0
5120-ZBLAI,0,0.712957260940294,0.35738792652952,0.691462985478002,0,1,0,1,0,1,0,0,0,0,0,0,0,1,0,0,0,1,0,1,1,0,0,0,0,0,0
2121-JAFOM,0,1.60848342738936,1.67975164386522,2.63920897353506,0,1,0,1,0,1,1,0,0,1,0,1,0,1,0,1,0,1,0,1,0,1,1,1,0,0,0
4933-IKULF,1,-0.630331988733308,-1.46936546467074,-0.865258572444341,0,0,0,1,0,0,0,1,1,0,1,0,1,0,1,0,1,0,1,0,1,0,0,0,0,1,0
9659-ZTWSM,1,1.3642490183578,1.40764668822776,2.08579920151249,1,1,0,1,0,1,1,0,0,0,0,1,0,1,0,1,0,1,0,1,1,0,1,0,0,0,0
9170-CCKOU,0,-0.630331988733308,0.838549128571367,-0.371955744600352,1,1,0,1,0,1,1,0,0,1,0,1,0,1,0,0,0,0,0,0,0,0,0,1,0,0,1
5815-HGGHV,0,-0.508214784217526,-0.0258818585451935,-0.450854341159085,1,1,0,1,0,0,0,0,0,1,0,0,0,0,0,1,0,0,0,1,1,0,1,0,0,1,0
2357-COQEK,1,-0.182568905508774,1.2732533869678,0.258750064841053,0,0,0,1,0,1,1,0,0,0,0,0,0,1,0,1,0,1,0,1,0,0,1,0,1,0,1
5382-TEMLV,0,0.509428586747324,-0.465563646617917,-0.00121576166103937,1,0,0,1,0,0,0,0,0,1,0,0,0,0,0,0,0,0,0,0,0,0,1,0,0,0,0
6752-APNJL,0,0.387311382231542,-0.346102934386837,-7.42126846748713e-05,1,1,1,1,0,0,0,0,0,1,0,1,0,0,0,0,0,0,0,0,0,0,0,0,0,1,0
5077-DXTCG,0,-1.28162374615081,-0.651391421199596,-0.990521619735419,0,0,0,1,0,0,0,0,0,0,0,0,0,0,0,0,0,0,0,0,0,0,1,0,1,0,1
8155-IBNHG,0,-0.34539184486315,0.34743286717693,-0.24300461600102,0,1,0,1,0,1,1,0,0,0,0,0,0,0,0,0,0,0,0,0,0,0,1,1,0,0,1
4544-RXFMG,0,-0.996683602280654,-0.7127809538739,-0.858716618695175,1,1,1,1,0,0,0,0,0,0,0,0,0,0,0,0,0,0,0,0,1,0,1,0,0,1,0
2316-ESMLS,0,-0.833860662926278,-1.05457132497949,-0.815140181808952,0,1,1,0,1,0,0,0,0,1,0,0,0,0,0,1,0,0,0,0,1,0,0,1,0,0,0
5396-IZEPB,0,-0.955977867442059,-1.50088981928727,-0.931073261504743,1,0,0,1,0,0,0,1,1,0,1,0,1,0,1,0,1,0,1,0,0,0,0,1,0,0,0
3503-TYDAY,0,0.428017117070136,0.515009699612194,0.481900936855389,0,1,0,1,0,1,1,0,0,0,0,1,0,0,0,0,0,0,0,0,0,0,0,0,1,0,0
0731-EBJQB,0,0.794368730617482,-1.47766134746456,-0.531553072642086,0,1,1,1,0,0,0,1,1,0,1,0,1,0,1,0,1,0,1,0,1,0,1,0,1,0,0
3522-CDKHF,0,-0.0197459661543978,0.350751220294459,0.0102655866973961,0,1,0,1,0,0,1,0,0,1,0,0,0,0,0,0,0,0,0,0,0,0,1,0,0,0,0
3871-IKPYH,1,-1.28162374615081,0.13837662077254,-0.980072056028697,1,0,0,1,0,0,1,0,0,0,0,0,0,0,0,0,0,0,0,0,0,0,0,0,1,0,1
3810-DVDQQ,0,1.60848342738936,1.74777788277458,2.63767227298995,0,1,1,1,0,1,1,0,0,1,0,1,0,1,0,1,0,1,0,1,0,1,1,0,0,0,0
3138-BKYAV,0,-1.07809507195784,0.677609002371163,-0.795514320561454,1,0,0,1,0,0,1,0,0,0,0,1,0,0,0,0,0,1,0,0,0,0,1,0,1,0,1
7599-NTMDP,0,1.20142607900342,-0.538567415203576,0.310514920346199,0,1,1,0,1,0,0,0,0,1,0,1,0,0,0,1,0,1,0,0,0,1,0,0,0,0,0
4425-OWHWB,0,-0.508214784217526,-1.51250405519863,-0.819969812093571,0,0,0,1,0,0,0,1,1,0,1,0,1,0,1,0,1,0,1,0,1,0,1,1,0,0,0
3161-GETRM,0,0.0616655035227901,0.833571598895072,0.349349538407523,1,1,1,1,0,1,1,0,0,0,0,0,0,1,0,0,0,0,0,1,0,0,1,1,0,0,0
6017-PPLPX,0,-0.508214784217526,0.183174387859195,-0.364579581983843,1,1,1,1,0,0,1,0,0,0,0,0,0,0,0,0,0,0,0,0,0,0,1,0,1,0,1
2625-TRCZQ,0,0.753662995778888,-0.507043060587042,0.110656038022685,0,1,0,0,1,0,0,0,0,0,0,1,0,0,0,0,0,1,0,1,0,0,1,0,1,0,0
7083-MIOPC,0,1.60848342738936,-1.48263887714086,-0.322452034183005,0,0,0,1,0,0,0,1,1,0,1,0,1,0,1,0,1,0,1,0,0,1,0,1,0,0,0
4059-IIEBK,0,-1.03738933711925,0.451960990379124,-0.780805901058296,0,0,0,1,0,1,1,0,0,0,0,1,0,0,0,0,0,0,0,0,0,0,1,0,0,0,0
3247-MHJKM,0,-1.28162374615081,-1.48429805369962,-1.00154195793032,1,0,0,1,0,0,0,1,1,0,1,0,1,0,1,0,1,0,1,0,0,0,0,0,0,1,0
5590-ZSKRV,0,-0.996683602280654,-0.341125404710542,-0.798675533111387,0,1,1,1,0,0,0,0,0,1,0,1,0,0,0,0,0,0,0,0,0,0,0,0,0,1,0
8878-HMWBV,0,-1.20021227647362,-0.523634826174691,-0.936188279033453,1,0,0,1,0,0,0,0,0,0,0,0,0,1,0,0,0,0,0,0,0,0,1,0,1,0,1
8819-IMISP,0,-0.0604517009929918,0.515009699612194,0.0561031686714182,1,0,0,1,0,1,1,0,0,0,0,1,0,0,0,0,0,0,0,0,0,0,1,0,1,0,0
4282-YMKNA,0,-0.955977867442059,0.325863571912985,-0.700173028170086,0,0,0,1,0,1,1,0,0,0,0,0,0,0,0,0,0,0,0,0,0,0,1,0,1,0,1
9208-OLGAQ,1,-0.589626253894714,0.664335589901043,-0.37656584623567,0,0,0,1,0,0,1,0,0,0,0,0,0,1,0,0,0,0,0,1,0,0,1,0,1,0,0
4143-HHPMK,0,0.794368730617482,0.677609002371163,0.894483080351448,1,0,0,1,0,0,1,0,0,0,0,1,0,0,0,0,0,0,0,1,0,0,1,0,1,0,1
8075-GXIUB,1,-0.955977867442059,-1.49591228961098,-0.929997571123168,1,1,0,1,0,0,0,1,1,0,1,0,1,0,1,0,1,0,1,0,1,0,0,1,0,0,0
3308-DGHKL,0,1.48636622287358,-1.51416323175739,-0.374699852716613,1,0,0,1,0,0,0,1,1,0,1,0,1,0,1,0,1,0,1,0,0,1,1,0,0,0,0
0374-AACSZ,0,-1.28162374615081,-0.490451294999392,-0.9883921918372,0,0,0,1,0,0,0,0,0,1,0,0,0,0,0,0,0,0,0,0,0,0,0,0,1,0,0
7951-QKZPL,0,0.0209597686841961,-1.34160886964583,-0.685376797207207,0,1,1,1,0,1,0,1,1,0,1,0,1,0,1,0,1,0,1,0,0,1,1,0,0,1,1
0787-LHDYT,0,-0.671037723571902,-1.4710246412295,-0.865412242498852,1,0,0,1,0,0,0,1,1,0,1,0,1,0,1,0,1,0,1,0,0,0,1,1,0,0,0
8498-XXGWA,0,1.3235432835192,-0.324533639122892,0.602312400996918,0,1,0,1,0,0,0,0,0,1,0,0,0,1,0,0,0,0,0,0,0,0,1,0,0,1,0
4697-LUPSU,0,-1.24091801131222,-1.48429805369962,-0.995153674235667,1,1,1,1,0,0,0,1,1,0,1,0,1,0,1,0,1,0,1,0,1,0,0,0,0,1,0
9290-SHCMB,1,-0.793154928087684,1.05921961088711,-0.467933670074693,0,0,0,1,0,0,1,0,0,0,0,0,0,1,0,0,0,1,0,1,0,0,1,0,1,0,0
6050-FFXES,0,1.48636622287358,1.34127962587716,2.16864931375864,0,1,0,1,0,1,1,0,0,0,0,0,0,1,0,1,0,1,0,1,0,1,0,0,0,0,0
0727-IWKVK,0,-0.955977867442059,0.496758757465779,-0.684762116989164,1,1,0,1,0,0,1,0,0,0,0,1,0,1,0,0,0,0,0,0,0,0,1,0,1,0,1
9938-ZREHM,0,0.183782708038572,0.23792721429844,0.156779007240798,0,1,0,1,0,1,0,0,0,0,0,1,0,0,0,1,0,0,0,1,1,0,0,0,0,1,0
5151-HQRDG,0,0.183782708038572,-0.327851992240422,-0.118795306226586,1,1,0,1,0,1,0,0,0,1,0,0,0,0,0,0,0,0,0,0,0,0,1,0,0,1,0
6950-TWMYB,0,0.87578020029467,0.498417934024544,0.904778974003659,1,1,1,1,0,0,1,0,0,0,0,1,0,0,0,1,0,0,0,0,0,1,1,0,0,0,0
4422-QVIJA,0,0.102371238361384,-0.490451294999392,-0.283617416121681,0,0,1,1,0,1,0,0,0,0,0,0,0,0,0,0,0,0,0,0,0,0,0,0,0,1,0
2466-NEJOJ,0,-0.996683602280654,-1.50254899584604,-0.935880938924432,1,1,1,1,0,0,0,1,1,0,1,0,1,0,1,0,1,0,1,0,0,0,0,1,0,0,0
3662-FXJFO,0,0.87578020029467,-1.47434299434703,-0.555679271200252,0,0,0,1,0,0,0,1,1,0,1,0,1,0,1,0,1,0,1,0,0,1,1,0,0,1,0
3703-KBKZP,1,-0.671037723571902,0.315908512560395,-0.456605991770768,1,0,0,1,0,1,1,0,0,0,0,0,0,0,0,0,0,0,0,0,0,0,1,0,0,0,0
5756-JYOJT,0,-0.874566397764872,-0.000994210163718652,-0.704278213912012,0,0,0,1,0,0,0,0,0,0,0,0,0,1,0,1,0,0,0,1,1,0,0,1,0,0,0
3551-GAEGL,0,0.0616655035227901,-1.14582603571156,-0.598289782029551,1,1,1,0,1,0,0,0,0,1,0,0,0,0,0,0,0,0,0,0,1,0,0,0,0,0,0
3030-YZADT,0,-0.955977867442059,-0.663005657110951,-0.821177219664726,1,0,0,1,0,0,0,0,0,0,0,0,0,0,0,0,0,0,0,0,0,0,0,0,0,1,1
4836-WNFNO,0,1.60848342738936,-1.32501710405818,-0.198506158787733,0,1,0,1,0,1,0,1,1,0,1,0,1,0,1,0,1,0,1,0,0,1,0,1,0,0,0
1585-MQSSU,0,-0.630331988733308,-0.445653527912737,-0.615039817971207,1,0,0,1,0,0,0,0,0,0,0,0,0,0,0,1,0,0,0,0,0,0,0,0,0,1,1
6817-WTYHE,0,-1.24091801131222,-0.664664833669716,-0.961653602352354,1,0,0,1,0,0,0,0,0,0,0,0,0,0,0,0,0,0,0,0,0,0,0,0,0,0,0
9053-EJUNL,0,0.346605647392948,0.805365597396067,0.59028223101523,1,0,0,1,0,1,1,0,0,0,0,1,0,0,0,0,0,1,0,0,0,0,1,0,1,0,0
3521-SYVOR,0,0.183782708038572,-0.00597173984001382,0.0192662613187318,0,0,0,1,0,0,0,0,0,0,0,0,0,0,0,0,0,1,0,1,0,0,1,0,1,0,1
4908-XAXAY,1,0.6722515261017,0.826934892660012,0.871915535203318,0,0,0,1,0,0,1,0,0,0,0,1,0,1,0,0,0,0,0,1,1,0,1,0,0,0,0
7619-PLRLP,0,0.835074465456076,0.30429427664904,0.672912814612078,0,1,0,1,0,1,0,0,0,1,0,1,0,1,0,0,0,0,0,1,1,0,0,0,0,0,0
6022-KOUQO,0,-1.24091801131222,-1.19062380279822,-0.99076310124965,0,1,1,0,1,0,0,0,0,0,0,0,0,0,0,1,0,0,0,0,0,0,0,0,0,0,0
6987-XQSJT,1,0.87578020029467,0.483485344995659,0.908379243852193,0,0,0,1,0,1,1,0,0,0,0,1,0,0,0,0,0,0,0,0,0,0,1,0,1,0,1
1453-RZFON,0,-1.28162374615081,-0.498747177793216,-0.988501956161851,0,0,1,1,0,0,0,0,0,1,0,0,0,0,0,0,0,0,0,0,0,0,0,0,0,1,0
5849-ASHZJ,0,-0.223274640347368,-1.48927558337592,-0.767656134965174,1,0,1,1,0,0,0,1,1,0,1,0,1,0,1,0,1,0,1,0,1,0,0,1,0,0,0
1539-LNKHM,0,-0.833860662926278,-1.47766134746456,-0.893358239554853,0,0,0,1,0,0,0,1,1,0,1,0,1,0,1,0,1,0,1,0,0,0,0,0,0,1,0
7206-PQBBZ,1,-0.874566397764872,0.17487850506537,-0.643929788219202,1,1,0,1,0,0,1,0,0,0,0,0,0,0,0,0,0,0,0,0,0,0,1,0,1,0,0
0191-EQUUH,0,-0.304686110024556,-0.991522615746419,-0.639648979557835,0,0,1,0,1,0,0,0,0,1,0,0,0,0,0,1,0,0,0,0,0,1,0,0,0,0,0
1179-INLAT,0,-1.20021227647362,-1.5091857020811,-0.980006197433907,1,0,0,1,0,0,0,1,1,0,1,0,1,0,1,0,1,0,1,0,1,0,1,0,0,1,0
8086-OVPWV,0,-1.24091801131222,0.506713816818369,-0.930897638585302,1,0,0,1,0,0,1,0,0,0,0,0,0,0,0,0,0,0,0,1,0,0,1,0,1,0,1
0854-UYHZD,0,-0.793154928087684,-1.50586734896357,-0.893929014043035,0,1,1,1,0,0,0,1,1,0,1,0,1,0,1,0,1,0,1,0,0,1,0,0,0,1,0
4598-XLKNJ,1,-0.304686110024556,1.11397243732636,0.0935986619720071,0,1,0,1,0,0,1,0,0,0,0,1,0,1,0,0,0,1,0,1,0,0,1,0,1,0,1
0940-OUQEC,0,-0.915272132603466,0.523305582406019,-0.664082518225022,1,0,0,1,0,1,1,0,0,0,0,1,0,0,0,0,0,0,0,0,0,0,1,0,0,0,1
0795-GMVQO,0,1.40495475319639,1.49226469272477,2.20893282090535,1,1,0,1,0,1,1,0,0,1,0,1,0,1,0,0,0,1,0,1,1,0,0,1,0,0,0
3569-JFODW,0,1.60848342738936,0.863436776952842,1.91039581072109,0,1,1,1,0,1,0,0,0,1,0,1,0,1,0,1,0,1,0,1,0,1,0,1,0,0,0
2791-SFVEW,0,-0.955977867442059,-1.48595723025839,-0.905849419700072,0,0,0,1,0,0,0,1,1,0,1,0,1,0,1,0,1,0,1,0,0,0,0,0,0,0,0
4726-DLWQN,1,0.712957260940294,0.179856034741665,0.506356428387506,1,0,0,1,0,1,0,0,0,1,0,1,0,0,0,0,0,1,0,0,0,0,1,0,0,0,0
3473-XIIIT,0,-0.671037723571902,1.16374773408931,-0.336567726333051,0,1,0,1,0,1,1,0,0,0,0,1,0,0,0,0,0,1,0,1,0,0,1,0,1,0,1
7596-LDUXP,0,-0.833860662926278,0.670972296136103,-0.58055186716604,0,0,0,1,0,0,1,0,0,1,0,0,0,0,0,0,0,1,0,0,1,0,1,1,0,0,0
0196-JTUQI,0,-0.955977867442059,0.34079616094187,-0.732114446643362,0,0,0,1,0,1,1,0,0,0,0,0,0,0,0,0,0,0,0,0,0,0,1,1,0,0,0
9631-RXVJM,0,0.102371238361384,-1.51582240831616,-0.712773972639956,1,0,0,1,0,0,0,1,1,0,1,0,1,0,1,0,1,0,1,0,0,1,0,0,0,1,0
1389-WNUIB,0,-0.508214784217526,0.367342985882109,-0.312858632208557,0,1,1,1,0,1,0,0,0,1,0,0,0,0,0,0,0,1,0,1,1,0,0,0,0,0,0
9206-GVPEQ,0,-0.793154928087684,-0.347762110945602,-0.700063263845435,1,1,0,0,1,0,0,0,0,1,0,0,0,0,0,1,0,1,0,1,0,0,1,0,1,0,1
2018-PZKMU,0,-0.955977867442059,1.26661668073274,-0.584327759934015,1,1,1,1,0,0,1,0,0,0,0,0,0,1,0,1,0,1,0,1,0,0,0,0,1,0,0
7969-FFOWG,0,1.3235432835192,-1.49425311305221,-0.442885451189464,1,1,1,1,0,0,0,1,1,0,1,0,1,0,1,0,1,0,1,0,0,1,0,0,0,1,0
1022-RKXDR,0,0.346605647392948,-1.32999463373448,-0.58792802978255,0,0,0,1,0,1,0,1,1,0,1,0,1,0,1,0,1,0,1,0,1,0,1,0,0,1,0
0348-SDKOL,0,1.03860313964905,1.23343314955744,1.57361690982863,0,1,0,1,0,1,1,0,0,0,0,0,0,1,0,1,0,1,0,1,0,0,1,1,0,0,1
9169-BSVIN,0,-0.833860662926278,0.325863571912985,-0.647288576553506,1,0,0,1,0,1,0,0,0,0,0,0,0,1,0,0,0,1,0,1,0,0,0,0,0,0,0
4012-ZTHBR,0,-0.467509049378932,-0.663005657110951,-0.603734092532213,0,1,1,1,0,0,0,0,0,0,0,0,0,0,0,0,0,0,0,0,0,0,1,0,1,0,0
0137-OCGAB,0,-1.28162374615081,0.506713816818369,-0.975198520014218,0,0,0,1,0,1,1,0,0,0,0,1,0,0,0,0,0,0,0,0,0,0,1,0,0,1,1
4661-NJEUX,0,-1.28162374615081,-1.48927558337592,-1.00160781652511,1,0,0,1,0,0,0,1,1,0,1,0,1,0,1,0,1,0,1,0,0,0,1,0,0,1,0
7277-KAMWT,0,-0.793154928087684,-1.49093475993468,-0.89254598355244,1,0,0,1,0,0,0,1,1,0,1,0,1,0,1,0,1,0,1,0,0,1,0,1,0,0,0
3961-SXAXY,0,-1.28162374615081,-0.692870835168721,-0.991070441358671,1,0,0,1,0,0,0,0,0,0,0,0,0,0,0,0,0,0,0,0,0,0,1,0,0,0,0
0774-IFUVM,0,-0.874566397764872,0.00730167263010631,-0.692818818418506,1,1,1,1,0,1,0,0,0,1,0,0,0,0,0,0,0,1,0,0,0,0,1,0,0,0,0
1442-OKRJE,0,1.3642490183578,1.2682758572915,2.07673266829636,1,1,1,1,0,0,1,0,0,1,0,1,0,1,0,0,0,1,0,1,1,0,1,0,0,0,0
0409-WTMPL,0,1.03860313964905,1.51715234110625,1.85516240255699,0,1,0,1,0,1,1,0,0,1,0,1,0,1,0,0,0,1,0,1,1,0,1,1,0,0,0
9725-SCPZG,0,-1.28162374615081,0.860118423835312,-0.970522559784109,1,0,1,1,0,0,1,0,0,0,0,0,0,0,0,0,0,1,0,1,0,0,1,0,1,0,1
5480-XTFFL,0,-0.0604517009929918,-1.45775122875938,-0.704080638127641,0,1,1,1,0,0,0,1,1,0,1,0,1,0,1,0,1,0,1,0,0,1,0,0,0,1,0
7878-RTCZG,0,-1.28162374615081,-1.49425311305221,-1.0016736751199,0,0,0,1,0,0,0,1,1,0,1,0,1,0,1,0,1,0,1,0,0,0,0,0,0,1,0
8387-UGUSU,0,-0.711743458410496,-1.48927558337592,-0.885586925369602,0,1,1,1,0,0,0,1,1,0,1,0,1,0,1,0,1,0,1,0,0,0,0,0,0,1,0
7742-MYPGI,0,-1.07809507195784,-0.535249062086046,-0.879857227622849,0,1,1,1,0,0,0,0,0,0,0,0,0,0,0,1,0,0,0,0,0,0,1,0,0,1,0
9953-ZMKSM,0,1.24213181384202,-1.31672122126436,-0.325788869652379,1,0,0,1,0,1,0,1,1,0,1,0,1,0,1,0,1,0,1,0,0,1,0,0,0,1,0
8760-ZRHKE,1,1.56777769255077,0.141694973890071,1.17719207492111,0,1,1,1,0,1,0,0,0,1,0,1,0,0,0,0,0,1,0,0,1,0,0,0,1,0,0
5696-QURRL,0,-1.28162374615081,-0.659687303993421,-0.990631384060069,1,0,0,1,0,0,0,0,0,0,0,0,0,0,0,0,0,0,0,0,0,0,1,0,0,1,1
3211-ILJTT,0,-0.630331988733308,0.18151521130043,-0.477373401994631,1,1,0,1,0,0,1,0,0,0,0,0,0,0,0,0,0,0,0,0,0,0,1,0,0,0,1
4061-UKJWL,0,-1.20021227647362,-0.646413891523301,-0.948196496150211,1,0,0,1,0,0,0,0,0,0,0,0,0,0,0,0,0,0,0,0,0,0,0,0,0,1,0
2081-KJSQF,0,-1.28162374615081,-1.48263887714086,-1.00152000506539,1,0,0,1,0,0,0,1,1,0,1,0,1,0,1,0,1,0,1,0,0,0,1,0,0,1,0
7608-RGIRO,0,1.20142607900342,-1.34492722276336,-0.390022952437814,1,0,1,1,0,1,0,1,1,0,1,0,1,0,1,0,1,0,1,0,0,1,1,0,0,1,0
0320-DWVTU,0,0.835074465456076,1.14715596850166,1.37114563657843,0,0,0,1,0,0,1,0,0,1,0,1,0,1,0,1,0,0,0,1,0,1,0,0,0,1,0
7916-VCCPB,0,-0.671037723571902,0.276088275150035,-0.485408150559043,0,1,1,1,0,0,1,0,0,0,0,1,0,0,0,0,0,0,0,0,0,0,0,0,0,0,0
4334-HOWRP,1,1.60848342738936,0.000664966395046246,0.98554356408145,1,1,0,0,1,0,0,0,0,1,0,1,0,1,0,1,0,1,0,1,0,1,1,1,0,0,0
4439-YRNVD,0,-0.915272132603466,-0.951702378336059,-0.846203485685026,0,0,0,0,1,0,0,0,0,0,0,1,0,0,0,1,0,0,0,0,0,0,0,0,1,0,0
4804-NCPET,0,-0.54892051905612,-1.48429805369962,-0.840320117883762,1,1,1,1,0,0,0,1,1,0,1,0,1,0,1,0,1,0,1,0,0,1,0,0,0,1,0
9385-EHGDO,0,0.102371238361384,-1.49591228961098,-0.685793901640879,0,1,1,1,0,0,0,1,1,0,1,0,1,0,1,0,1,0,1,0,0,1,1,0,0,1,0
3793-MMFUH,1,-0.793154928087684,0.999489254771571,-0.444027000165828,0,0,0,1,0,1,1,0,0,0,0,0,0,0,0,0,0,1,0,1,0,0,1,0,1,0,1
5482-PLVPE,1,-1.24091801131222,-1.34658639932213,-0.992036367415595,0,0,0,0,1,0,0,0,0,0,0,0,0,0,0,0,0,0,0,0,0,0,0,0,1,0,1
7508-SMHXL,1,-0.711743458410496,0.798728891161007,-0.444773397573451,0,0,0,1,0,1,1,0,0,0,0,1,0,0,0,0,0,1,0,0,0,0,0,1,0,0,0
9512-PHSMG,0,-0.915272132603466,-1.47268381778827,-0.899439183140487,0,1,0,1,0,0,0,1,1,0,1,0,1,0,1,0,1,0,1,0,0,0,1,0,0,1,0
3566-VVORZ,0,-0.833860662926278,-0.631481302494416,-0.788269875134525,0,1,0,1,0,0,0,0,0,0,0,0,0,0,0,0,0,0,0,0,0,0,0,0,0,0,0
6486-LHTMA,1,-0.0604517009929918,0.855140894159017,0.234536054823167,0,1,0,1,0,1,1,0,0,0,0,0,0,1,0,0,0,1,0,0,1,0,1,0,1,0,0
6345-ULYRW,1,0.46872285190873,0.778818772455828,0.707576388336686,1,1,0,1,0,1,1,0,0,0,0,1,0,0,0,0,0,0,0,1,1,0,0,0,0,1,1
7831-QGOXH,0,-0.589626253894714,0.672631472694868,-0.328159779064828,0,0,0,1,0,1,1,0,0,0,0,0,0,0,0,0,0,1,0,0,0,0,1,0,1,0,1
2351-BKRZW,0,0.428017117070136,0.34079616094187,0.418435204342507,0,1,1,1,0,0,0,0,0,1,0,0,0,1,0,0,0,1,0,1,0,1,0,0,0,0,0
3663-MITLP,0,-0.711743458410496,1.20522714805843,-0.370594666974687,0,0,0,1,0,0,1,0,0,0,0,1,0,1,0,0,0,1,0,1,0,0,1,0,1,0,1
3733-LSYCE,0,-0.711743458410496,0.345773690618164,-0.521059603205504,0,1,0,1,0,0,1,0,0,0,0,1,0,0,0,0,0,0,0,0,0,0,0,0,0,0,0
7932-WPTDS,1,-1.28162374615081,-1.33165381029324,-0.999522294356754,0,1,0,0,1,0,0,0,0,0,0,0,0,0,0,0,0,0,0,0,0,0,1,0,1,0,1
3887-PBQAO,0,0.509428586747324,-1.29515192600041,-0.476253805883196,0,1,1,1,0,1,0,1,1,0,1,0,1,0,1,0,1,0,1,0,1,0,1,1,0,0,0
9646-NMHXE,0,0.590840056424512,-1.50254899584604,-0.583164258092721,1,1,0,1,0,0,0,1,1,0,1,0,1,0,1,0,1,0,1,0,0,1,0,0,0,1,0
8680-CGLTP,0,-0.14186317067018,-0.205072926891813,-0.2656819254738,1,0,0,1,0,0,0,0,0,1,0,1,0,0,0,1,0,0,0,0,1,0,1,0,1,0,0
0253-ZTEOB,0,0.631545791263106,0.488462874671954,0.688872547416251,0,1,1,1,0,1,0,0,0,0,0,1,0,0,0,1,0,1,0,1,0,1,0,0,1,0,0
2017-CCBLH,0,-0.996683602280654,-1.49093475993468,-0.948240401880071,0,0,0,1,0,0,0,1,1,0,1,0,1,0,1,0,1,0,1,0,0,1,0,0,0,1,0
5339-TJFEK,0,1.20142607900342,1.34625715555346,1.83784159212715,1,1,1,1,0,1,1,0,0,1,0,1,0,0,0,0,0,1,0,1,0,0,1,0,1,0,0
9337-SRRNI,0,1.3642490183578,-1.31506204470559,-0.275516808962479,1,0,1,1,0,1,0,1,1,0,1,0,1,0,1,0,1,0,1,0,0,1,1,1,0,0,0
6734-CKRSM,0,-1.20021227647362,-1.49093475993468,-0.982486871171007,0,0,0,1,0,0,0,1,1,0,1,0,1,0,1,0,1,0,1,0,0,0,0,0,0,1,0
2731-GJRDG,0,-0.0197459661543978,1.48065045681342,0.573707817993014,0,0,0,1,0,1,1,0,0,1,0,0,0,1,0,1,0,1,0,1,1,0,1,0,0,0,0
0786-VSSUD,1,-0.671037723571902,-0.860447667603985,-0.711917810907682,1,0,0,0,1,0,0,0,0,0,0,1,0,0,0,0,0,1,0,0,0,0,1,0,0,1,1
0691-NIKRI,0,0.305899912554354,1.36118974458234,0.892990285536202,0,0,0,1,0,1,1,0,0,0,0,0,0,1,0,1,0,1,0,1,1,0,1,1,0,0,0
8388-DMKAE,0,-0.996683602280654,-1.48263887714086,-0.933729558161283,0,0,0,1,0,0,0,1,1,0,1,0,1,0,1,0,1,0,1,0,0,1,0,0,0,1,0
1548-ARAGG,0,-1.15950654163503,-0.213368809685638,-0.911688881771476,0,1,1,1,0,1,0,0,0,0,0,1,0,0,0,1,0,0,0,0,0,0,1,0,0,1,0
7639-OPLNG,0,1.52707195771217,0.475189462201834,1.50619966162833,1,1,1,1,0,1,0,0,0,1,0,1,0,1,0,1,0,1,0,0,0,1,1,0,0,0,0
7242-QZLXF,0,-1.28162374615081,-1.31506204470559,-0.999302765707454,1,0,1,0,1,0,0,0,0,0,0,0,0,0,0,0,0,0,0,0,0,0,1,0,1,0,1
7821-DPRQE,0,1.44566048803499,1.41926092413911,2.20388366197143,1,1,0,1,0,1,1,0,0,1,0,1,0,0,0,1,0,1,0,1,0,0,1,0,1,0,0
6981-TDRFT,0,0.46872285190873,-0.352739640621897,0.00692875122802286,1,1,1,0,1,0,0,0,0,0,0,0,0,1,0,1,0,1,0,1,1,0,1,0,1,0,0
5309-TAIKL,0,-1.03738933711925,-0.0706796256318486,-0.826753247356968,0,0,0,1,0,0,0,0,0,0,0,0,0,1,0,1,0,0,0,1,0,0,0,0,0,0,0
2176-LVPNX,1,1.56777769255077,0.826934892660012,1.75277424052307,0,0,0,1,0,1,0,0,0,1,0,1,0,1,0,1,0,1,0,1,0,1,0,0,0,1,0
0475-RIJEP,0,0.428017117070136,0.428732518556414,0.467390093136602,1,0,0,1,0,1,1,0,0,0,0,1,0,0,0,0,0,0,0,0,0,0,1,0,1,0,1
5716-LIBJC,0,-0.793154928087684,1.3014593884668,-0.440031578748552,0,0,1,1,0,1,1,0,0,0,0,1,0,1,0,0,0,1,0,1,1,0,1,1,0,0,0
6857-TKDJV,0,1.40495475319639,-1.33663133996954,-0.298940515842882,1,1,1,1,0,1,0,1,1,0,1,0,1,0,1,0,1,0,1,0,0,1,0,0,0,0,0
6849-WLEYG,0,-1.28162374615081,-1.49923064272851,-1.00173953371469,1,0,1,1,0,0,0,1,1,0,1,0,1,0,1,0,1,0,1,0,0,0,0,0,0,1,1
9805-FILKB,0,0.550134321585918,-1.48429805369962,-0.639144063664443,1,1,1,1,0,0,0,1,1,0,1,0,1,0,1,0,1,0,1,0,1,0,1,0,0,0,0
6097-EQISJ,0,1.3642490183578,1.24504738546879,1.89401897348325,0,1,1,1,0,1,1,0,0,0,0,1,0,1,0,0,0,1,0,1,1,0,1,1,0,0,1
2985-JUUBZ,0,0.305899912554354,0.319226865677925,0.313676132896131,1,1,1,1,0,1,0,0,0,0,0,0,0,1,0,0,0,1,0,1,0,0,1,0,1,0,0
3351-NQLDI,0,1.40495475319639,0.976260782948861,1.77384899085595,0,1,1,1,0,1,1,0,0,1,0,0,0,0,0,1,0,0,0,1,1,0,1,1,0,0,1
7107-UBYKY,0,0.102371238361384,-1.30012945567671,-0.622920896481109,0,1,1,1,0,1,0,1,1,0,1,0,1,0,1,0,1,0,1,0,0,0,1,0,1,0,0
4106-HADHQ,0,0.26519417771576,0.500077110583309,0.387086513222343,1,1,1,1,0,0,0,0,0,1,0,0,0,1,0,1,0,1,0,1,1,0,0,1,0,0,1
4759-TRPLW,0,-1.28162374615081,0.18151521130043,-0.979501281540515,1,0,0,1,0,0,1,0,0,0,0,0,0,0,0,0,0,0,0,0,0,0,0,0,1,0,1
3498-LZGQZ,0,1.24213181384202,-1.51914076143369,-0.493618522042895,1,1,1,1,0,0,0,1,1,0,1,0,1,0,1,0,1,0,1,0,0,1,1,0,0,1,0
6876-ADESB,0,-1.28162374615081,-0.530271532409751,-0.988919060595522,1,0,1,1,0,0,0,0,0,0,0,0,0,1,0,0,0,0,0,0,0,0,0,0,1,0,1
9282-IZGQK,0,-1.28162374615081,0.665994766459808,-0.97309104498093,0,0,0,1,0,1,1,0,0,0,0,0,0,0,0,0,0,0,0,1,0,0,1,0,1,0,1
4860-YZGZM,0,-0.915272132603466,-1.49093475993468,-0.929009692201314,1,0,0,1,0,0,0,1,1,0,1,0,1,0,1,0,1,0,1,0,0,0,0,0,1,0,0
1157-BQCUW,0,-1.28162374615081,0.332500278148045,-0.977503570831877,1,0,0,1,0,1,1,0,0,0,0,0,0,0,0,0,0,0,0,0,0,0,1,0,1,0,1
5312-IRCFR,0,1.28283754868061,0.926485486185912,1.6154810232503,0,1,1,1,0,1,1,0,0,0,0,1,0,1,0,0,0,0,0,1,1,0,1,0,1,0,0
4616-EWBNJ,0,-0.671037723571902,-1.48761640681715,-0.870527260027562,0,0,0,1,0,0,0,1,1,0,1,0,1,0,1,0,1,0,1,0,1,0,0,0,0,0,0
1265-BCFEO,0,1.56777769255077,0.515009699612194,1.47564127364565,0,1,0,1,0,1,0,0,0,0,0,0,0,1,0,1,0,1,0,1,0,1,1,0,0,0,0
2754-VDLTR,0,-0.915272132603466,1.00446678444787,-0.601912004743015,1,0,1,1,0,1,1,0,0,0,0,0,0,0,0,0,0,1,0,1,0,0,0,0,1,0,1
5995-SNNEW,1,-0.386097579701744,1.31141444781939,-0.0511365765120578,1,1,0,1,0,1,1,0,0,0,0,1,0,1,0,0,0,1,0,1,0,0,1,0,1,0,0
9124-LHCJQ,0,-1.28162374615081,0.680927355488693,-0.972893469196559,0,0,0,1,0,1,1,0,0,0,0,0,0,0,0,0,0,0,0,1,0,0,1,0,0,1,1
4189-NAKJS,0,-0.263980375185962,-0.443994351353972,-0.441656090753379,1,0,0,1,0,1,0,0,0,0,0,0,0,0,0,0,0,0,0,0,1,0,1,1,0,0,0
6250-CGGUN,0,0.87578020029467,0.646084647754628,0.958343964433072,1,0,0,1,0,0,1,0,0,1,0,0,0,1,0,1,0,0,0,0,1,0,0,0,1,0,0
8128-YVJRG,0,-1.03738933711925,0.488462874671954,-0.744912966897603,0,0,0,1,0,1,1,0,0,1,0,0,0,0,0,0,0,0,0,0,0,0,1,0,0,1,1
0303-WMMRN,0,-1.11880080679644,-1.51582240831616,-0.972630034817398,1,0,0,1,0,0,0,1,1,0,1,0,1,0,1,0,1,0,1,0,0,0,1,0,0,1,0
9445-SZLCH,0,0.143076973199978,1.07581137647476,0.507805317472892,0,1,1,1,0,1,1,0,0,0,0,1,0,1,0,0,0,1,0,0,0,0,1,0,0,0,1
8861-HGGKB,0,-0.915272132603466,0.714110886663993,-0.645620158818819,0,0,0,1,0,1,1,0,0,0,0,0,0,0,0,0,0,0,0,1,0,0,0,0,1,0,1
7343-EOBEU,0,-1.20021227647362,-1.3714740477036,-0.971312862921592,1,1,0,1,0,1,0,1,1,0,1,0,1,0,1,0,1,0,1,0,0,0,1,0,0,1,0
2100-BDNSN,0,-1.11880080679644,0.100215559920946,-0.856609143661887,0,1,0,1,0,1,0,0,0,0,0,0,0,1,0,1,0,1,0,0,0,0,0,0,0,0,1
8749-JMNKX,1,0.753662995778888,0.958009840802447,1.07552835742988,1,1,0,1,0,1,1,0,0,1,0,0,0,1,0,0,0,1,0,0,0,0,1,0,0,0,1
3750-RNQKR,0,-0.833860662926278,-1.5091857020811,-0.902293055581398,0,0,0,1,0,0,0,1,1,0,1,0,1,0,1,0,1,0,1,0,0,0,0,0,0,1,0
7674-YTAFD,0,0.0209597686841961,0.498417934024544,0.168392072788814,0,0,0,1,0,0,1,0,0,0,0,1,0,0,0,1,0,0,0,0,1,0,1,0,0,0,0
1376-HHBDV,0,-0.101157435831586,-0.535249062086046,-0.335689611735848,0,0,0,1,0,0,0,0,0,1,0,0,0,0,0,0,0,0,0,0,0,0,1,0,0,1,0
3669-WHAFY,0,1.56777769255077,1.6664782313951,2.53633784847267,0,1,0,1,0,1,1,0,0,1,0,1,0,1,0,1,0,1,0,1,0,1,1,1,0,0,0
7206-GZCDC,1,-1.28162374615081,0.143354150448836,-0.980006197433907,0,0,0,1,0,0,1,0,0,0,0,0,0,0,0,0,0,0,0,0,0,0,1,0,1,0,1
4629-NRXKX,0,-1.24091801131222,0.18151521130043,-0.945803633872831,0,1,1,1,0,0,1,0,0,0,0,0,0,0,0,0,0,0,0,0,0,0,0,0,1,0,1
5014-GSOUQ,0,-0.793154928087684,-1.49259393649345,-0.903434604557763,1,0,0,1,0,0,0,1,1,0,1,0,1,0,1,0,1,0,1,0,0,1,0,0,0,1,0
2027-CWDNU,0,-0.589626253894714,0.685904885164988,-0.307260651651385,1,1,1,1,0,0,1,0,0,0,0,0,0,0,0,1,0,0,0,1,0,0,1,0,1,0,0
5386-THSLQ,1,1.3642490183578,-0.643095538405771,0.318725291830051,0,1,0,0,1,0,0,0,0,0,0,1,0,1,0,0,0,1,0,0,1,0,0,0,0,0,0
2143-LJULT,0,1.40495475319639,-1.31672122126436,-0.249458758290465,0,1,0,1,0,1,0,1,1,0,1,0,1,0,1,0,1,0,1,0,0,1,1,1,0,0,0
6464-KEXXH,0,-0.996683602280654,-1.31672122126436,-0.928614540632573,1,0,0,0,1,0,0,0,0,0,0,0,0,0,0,0,0,0,0,0,0,0,1,1,0,0,0
9897-KXHCM,0,-1.20021227647362,0.510032169935899,-0.900624637846712,0,1,1,1,0,0,1,0,0,0,0,0,0,0,0,0,0,0,0,1,0,0,1,0,1,0,1
8450-LUGUK,0,0.183782708038572,-1.35488228211595,-0.632009382562165,0,1,1,1,0,1,0,1,1,0,1,0,1,0,1,0,1,0,1,0,0,1,1,0,0,0,0
0136-IFMYD,1,1.48636622287358,1.49392386928354,2.34146226648829,1,1,0,1,0,1,1,0,0,0,0,1,0,1,0,1,0,1,0,1,0,1,1,0,1,0,0
6546-OPBBH,0,0.753662995778888,-1.35985981179225,-0.476363570207847,1,1,1,1,0,1,0,1,1,0,1,0,1,0,1,0,1,0,1,0,1,0,1,0,0,1,0
7968-QUXNS,0,-1.07809507195784,-1.52577746766875,-0.962048753921096,1,0,0,1,0,0,0,1,1,0,1,0,1,0,1,0,1,0,1,0,0,0,0,0,0,1,0
7305-ZWMAJ,0,-0.101157435831586,-1.46770628811197,-0.752640375352994,1,1,0,1,0,0,0,1,1,0,1,0,1,0,1,0,1,0,1,0,1,0,0,1,0,0,0
6963-KQYQB,0,1.52707195771217,-1.35654145867472,-0.23558454765465,0,1,1,1,0,1,0,1,1,0,1,0,1,0,1,0,1,0,1,0,0,1,0,0,0,1,0
1498-NHTLT,0,1.07930887448764,0.724065946016583,1.26654023518657,1,1,1,1,0,0,0,0,0,1,0,1,0,1,0,1,0,1,0,1,0,1,1,0,1,0,0
1307-TVUFB,1,0.387311382231542,0.478507815319364,0.457840596892014,1,0,0,1,0,1,1,0,0,0,0,1,0,0,0,0,0,0,0,0,0,0,1,0,0,0,0
7721-DVEKZ,0,-1.28162374615081,-1.50254899584604,-1.00178343944455,0,0,0,1,0,0,0,1,1,0,1,0,1,0,1,0,1,0,1,0,0,0,0,0,0,1,0
3806-YAZOV,0,-1.20021227647362,-1.53075499734504,-0.98582370664038,0,0,0,1,0,0,0,1,1,0,1,0,1,0,1,0,1,0,1,0,0,0,0,0,0,1,0
8413-VONUO,0,-1.24091801131222,1.01939937347675,-0.936956629306006,1,0,0,1,0,0,1,0,0,0,0,1,0,0,0,0,0,1,0,1,0,0,0,0,1,0,1
3078-ZKNTS,0,-0.793154928087684,-1.49923064272851,-0.902095479797028,0,1,1,1,0,0,0,1,1,0,1,0,1,0,1,0,1,0,1,0,0,1,1,0,0,0,0
5445-GLVOT,0,-0.426803314540338,-0.502065530910747,-0.549817856263918,0,0,0,1,0,0,0,0,0,1,0,0,0,0,0,0,0,0,0,0,0,0,1,0,1,0,0
7409-JURKQ,0,0.835074465456076,1.55531340195784,1.5404022251894,0,1,0,1,0,1,1,0,0,0,0,1,0,1,0,1,0,1,0,1,1,0,1,0,0,0,0
3410-MHHUM,0,0.46872285190873,0.977919959507627,0.875493852186923,0,1,1,1,0,1,1,0,0,0,0,1,0,1,0,0,0,0,0,1,1,0,0,0,1,0,0
5914-XRFQB,0,1.60848342738936,1.68804752665904,2.68860291962775,1,1,0,1,0,1,1,0,0,1,0,1,0,1,0,1,0,1,0,1,0,1,1,0,0,0,0
7929-SKFGK,0,1.52707195771217,1.63827222989609,2.60930917150028,1,1,0,1,0,1,1,0,0,1,0,1,0,1,0,1,0,1,0,1,0,1,0,1,0,0,0
3717-OFRTN,0,-1.28162374615081,-1.49923064272851,-1.00173953371469,1,0,0,1,0,0,0,1,1,0,1,0,1,0,1,0,1,0,1,0,0,0,0,0,0,0,0
0567-GGCAC,0,-1.03738933711925,-0.117136569277268,-0.817708667005772,0,0,0,1,0,0,0,0,0,1,0,1,0,1,0,0,0,0,0,0,0,0,0,0,1,0,0
4829-ZLJTK,1,1.60848342738936,1.57522352066302,2.52261730789137,0,1,0,1,0,1,1,0,0,1,0,1,0,1,0,0,0,1,0,1,0,1,1,0,1,0,0
3855-ONCAR,0,-1.15950654163503,0.463575226290479,-0.878803490106205,0,1,1,1,0,0,1,0,0,0,0,0,0,0,0,0,0,1,0,0,0,0,1,0,0,1,0
2012-NWRPA,1,-0.874566397764872,1.14881514506042,-0.513749299183785,0,1,0,1,0,1,1,0,0,0,0,0,0,1,0,0,0,1,0,1,0,0,1,0,1,0,1
0578-SKVMF,0,-0.426803314540338,0.609582763461798,-0.199955047873119,0,1,1,1,0,0,1,0,0,0,0,1,0,0,0,0,0,0,0,1,0,0,0,0,1,0,1
0512-FLFDW,1,1.12001460932623,1.18033949967696,1.63666553790784,0,1,0,1,0,1,1,0,0,0,0,0,0,1,0,0,0,1,0,1,1,0,1,1,0,0,0
6156-UZDLF,0,-0.263980375185962,0.737339358486703,-0.0119507126118521,0,0,0,1,0,0,1,0,0,1,0,0,0,1,0,1,0,0,0,0,1,0,1,1,0,0,0
5394-SVGJV,0,0.183782708038572,1.12392749667895,0.515554678793213,1,0,0,1,0,1,1,0,0,0,0,0,0,0,0,1,0,1,0,1,0,0,0,0,0,0,1
3992-YWPKO,0,-1.07809507195784,1.49226469272477,-0.71648400681314,0,0,0,1,0,1,1,0,0,0,0,1,0,1,0,1,0,1,0,1,0,0,1,1,0,0,1
2362-IBOOY,0,0.143076973199978,0.657698883665983,0.328779703968031,1,0,0,1,0,1,1,0,0,0,0,0,0,0,0,0,0,0,0,1,0,0,1,0,1,0,1
0229-LFJAF,0,1.60848342738936,0.156627562918956,1.14459207049993,1,0,0,1,0,1,0,0,0,1,0,1,0,1,0,1,0,0,0,0,0,1,0,0,0,0,0
4778-IZARL,0,1.24213181384202,1.49890139895983,1.93377561187164,1,1,0,1,0,0,1,0,0,1,0,1,0,1,0,1,0,1,0,1,0,1,1,1,0,0,0
2595-KIWPV,0,-0.223274640347368,-1.50088981928727,-0.78679903318421,1,0,1,1,0,0,0,1,1,0,1,0,1,0,1,0,1,0,1,0,0,1,0,1,0,0,0
5208-HFSBT,0,-1.24091801131222,-0.327851992240422,-0.965297777930749,0,0,0,1,0,0,0,0,0,0,0,1,0,0,0,1,0,0,0,0,0,0,1,1,0,0,1
2946-KIQSP,0,0.102371238361384,-1.0446162656269,-0.494145390801217,0,0,0,0,1,0,0,0,0,0,0,0,0,1,0,1,0,0,0,0,0,0,1,0,0,1,0
5312-TSZVC,0,-0.711743458410496,-1.50254899584604,-0.891602010360446,0,0,1,1,0,0,0,1,1,0,1,0,1,0,1,0,1,0,1,0,1,0,0,0,0,1,0
4441-NIHPT,1,-0.793154928087684,0.3109309828841,-0.597543384621928,0,0,0,1,0,0,1,0,0,0,0,0,0,1,0,0,0,0,0,0,0,0,1,0,1,0,1
9058-HRZSV,1,1.3235432835192,0.977919959507627,1.679319954467,0,1,0,1,0,0,1,0,0,1,0,1,0,1,0,0,0,0,0,1,0,0,0,0,1,0,0
1518-VOWAV,0,-0.955977867442059,0.322545218795455,-0.701512152930821,0,0,0,1,0,0,0,0,0,1,0,1,0,0,0,0,0,1,0,1,0,0,1,0,1,0,1
7379-FNIUJ,0,-1.24091801131222,1.17038444032437,-0.923258041589632,1,0,0,1,0,0,1,0,0,1,0,1,0,0,0,0,0,1,0,1,0,0,0,0,1,0,0
4817-QRJSX,0,-0.915272132603466,0.533260641758609,-0.651240092240921,0,0,0,1,0,1,1,0,0,0,0,1,0,0,0,0,0,0,0,0,0,0,1,1,0,0,1
0486-LGCCH,0,-0.874566397764872,-1.50254899584604,-0.911293730202734,1,1,1,1,0,0,0,1,1,0,1,0,1,0,1,0,1,0,1,0,0,1,0,0,0,1,0
9531-NSBMR,0,0.143076973199978,-1.51582240831616,-0.711939763772612,0,0,0,1,0,0,0,1,1,0,1,0,1,0,1,0,1,0,1,0,1,0,1,0,0,0,0
0822-QGCXA,1,-0.223274640347368,0.627833705608213,0.00389925586767079,0,1,0,1,0,1,0,0,0,0,0,1,0,1,0,1,0,1,0,1,0,0,0,0,1,0,0
3544-FBCAS,0,1.60848342738936,0.619537822814388,1.60606324419529,0,1,1,1,0,1,0,0,0,1,0,1,0,1,0,0,0,1,0,1,0,1,1,1,0,0,0
0916-KNFAJ,0,1.16072034416483,0.164923445712781,0.845352568637913,1,1,0,1,0,1,0,0,0,1,0,0,0,1,0,0,0,0,0,1,0,1,1,0,0,1,0
0193-ESZXP,1,1.03860313964905,1.34625715555346,1.71415915111104,0,1,0,1,0,0,1,0,0,1,0,1,0,0,0,1,0,1,0,1,1,0,1,1,0,0,1
0428-IKYCP,0,-0.426803314540338,0.732361828810408,-0.19786952570476,1,1,0,1,0,0,1,0,0,0,0,0,0,1,0,0,0,1,0,0,0,0,1,0,0,0,0
7330-WZLNC,0,-1.11880080679644,0.858459247276547,-0.810420315848983,0,0,0,1,0,1,1,0,0,0,0,1,0,0,0,0,0,1,0,0,0,0,1,0,1,0,1
1597-LHYNC,1,-0.263980375185962,0.997830078212806,0.0860029707061969,0,0,0,1,0,1,1,0,0,1,0,1,0,0,0,0,0,0,0,1,0,0,1,0,1,0,1
9705-IOVQQ,1,1.16072034416483,1.13056420291401,1.61045381718131,1,1,1,1,0,1,1,0,0,0,0,1,0,0,0,0,0,1,0,1,1,0,0,0,1,0,0
2474-BRUCM,1,0.305899912554354,1.22513726676361,0.783708923914228,1,1,0,1,0,1,1,0,0,1,0,0,0,0,0,0,0,1,0,1,0,0,0,0,1,0,1
8065-BVEPF,1,1.3235432835192,1.13388255603154,1.84177115494964,1,0,0,1,0,0,1,0,0,0,0,1,0,1,0,0,0,1,0,1,0,0,1,0,0,0,0
2081-VEYEH,0,-1.20021227647362,1.42755680693294,-0.870527260027562,1,0,0,1,0,0,1,0,0,0,0,1,0,1,0,1,0,1,0,1,0,0,1,0,1,0,0
7801-CEDNV,0,-0.223274640347368,-0.538567415203576,-0.386181201075048,1,1,0,1,0,0,0,0,0,1,0,0,0,0,0,0,0,0,0,0,1,0,0,1,0,0,0
5736-YEJAX,0,1.48636622287358,0.481826168436894,1.40552382305895,1,0,1,1,0,1,0,0,0,1,0,1,0,1,0,1,0,1,0,0,0,1,1,1,0,0,0
8510-TMWYB,0,0.87578020029467,-0.170230219157748,0.414966651683554,0,1,1,1,0,1,0,0,0,0,0,1,0,1,0,0,0,0,0,0,0,1,1,0,0,0,0
2038-YSEZE,0,-0.14186317067018,0.0836237943332959,-0.219624814850477,0,0,0,1,0,1,0,0,0,1,0,1,0,0,0,1,0,0,0,0,0,0,0,0,0,1,0
4847-TAJYI,1,-1.07809507195784,0.810343127072362,-0.761114181216008,0,0,0,1,0,0,1,0,0,0,0,0,0,0,0,0,0,1,0,1,0,0,1,0,1,0,0
6082-GLJIX,0,-0.589626253894714,-1.51582240831616,-0.86492927947039,1,0,0,1,0,0,0,1,1,0,1,0,1,0,1,0,1,0,1,0,0,0,0,0,0,1,0
5832-XKAES,0,-1.24091801131222,0.16160509259525,-0.951269897240423,1,0,0,1,0,0,1,0,0,0,0,0,0,0,0,0,0,0,0,0,0,0,1,1,0,0,1
9867-NNXLC,0,-0.426803314540338,-1.48927558337592,-0.803966173559538,0,0,0,1,0,0,0,1,1,0,1,0,1,0,1,0,1,0,1,0,0,0,1,0,0,1,0
7850-THJMU,0,-0.263980375185962,-1.50254899584604,-0.793121458284075,0,1,1,1,0,0,0,1,1,0,1,0,1,0,1,0,1,0,1,0,0,1,0,1,0,0,0
3797-FKOGQ,0,-0.874566397764872,0.705815003870168,-0.618244936251,1,0,1,1,0,1,1,0,0,0,0,0,0,0,0,0,0,0,0,1,0,0,0,0,1,0,0
8647-SDTWQ,0,0.997897404810452,0.3109309828841,0.75387498047424,1,1,1,1,0,1,1,0,0,0,0,0,0,0,0,0,0,0,0,0,0,0,1,0,1,0,0
0690-SRQID,0,-1.15950654163503,-1.50254899584604,-0.98075259484153,1,0,0,1,0,0,0,1,1,0,1,0,1,0,1,0,1,0,1,0,0,0,1,0,0,1,0
0362-ZBZWJ,0,0.143076973199978,0.662676413342278,0.336265630909191,1,0,0,1,0,1,1,0,0,0,0,0,0,0,0,0,0,0,0,1,0,0,1,0,1,0,1
6729-FZWSY,0,1.40495475319639,-1.5091857020811,-0.485320339099322,1,0,0,1,0,0,0,1,1,0,1,0,1,0,1,0,1,0,1,0,1,0,1,0,0,1,0
2338-BQEZT,0,0.916485935133264,-0.477177882529272,0.233328647252012,0,0,0,1,0,0,0,0,0,1,0,0,0,0,0,0,0,0,0,0,0,0,1,1,0,0,0
1194-HVAIF,0,-0.223274640347368,0.997830078212806,0.0707896353096466,0,1,0,1,0,1,1,0,0,0,0,0,0,0,0,0,0,1,0,1,0,0,0,1,0,0,0
0887-HJGAR,0,-1.28162374615081,-0.638118008729476,-0.990345996815978,1,0,0,1,0,0,0,0,0,0,0,0,0,0,0,0,0,0,0,0,0,0,1,0,0,1,1
8957-THMOA,0,0.712957260940294,-1.48595723025839,-0.584152137014575,0,0,1,1,0,0,0,1,1,0,1,0,1,0,1,0,1,0,1,0,0,1,0,1,0,0,0
8197-BFWVU,0,1.60848342738936,0.939758898656032,1.92642140212006,0,1,1,1,0,1,0,0,0,1,0,1,0,1,0,1,0,1,0,1,0,1,1,0,0,0,0
4484-CGXFK,0,-1.20021227647362,-0.319556109446597,-0.924289826241346,0,0,0,1,0,0,0,0,0,0,0,0,0,0,0,0,0,0,0,1,0,0,1,0,1,0,1
1837-YQUCE,0,1.52707195771217,-0.218346339361933,0.839886305270321,0,0,0,0,1,0,0,0,0,1,0,0,0,1,0,1,0,1,0,1,0,1,1,0,0,0,0
0835-JKADZ,0,1.56777769255077,1.53706245981143,2.49508841526903,0,0,0,1,0,1,1,0,0,0,0,1,0,1,0,1,0,1,0,1,0,1,1,0,1,0,0
0031-PVLZI,0,-1.15950654163503,-1.47932052402333,-0.976888890613835,0,1,1,1,0,0,0,1,1,0,1,0,1,0,1,0,1,0,1,0,0,0,0,0,0,1,1
5405-ZMYXQ,0,-0.996683602280654,0.320886042236689,-0.76941236415958,0,0,0,1,0,1,1,0,0,0,0,0,0,0,0,0,0,0,0,0,0,0,1,1,0,0,0
3043-SUDUA,0,-0.0197459661543978,-1.49425311305221,-0.746295997388199,0,0,0,1,0,0,0,1,1,0,1,0,1,0,1,0,1,0,1,0,0,0,0,0,0,0,0
4123-FCVCB,0,-0.833860662926278,0.362365456205814,-0.635258406571818,0,0,0,1,0,1,0,0,0,0,0,0,0,0,0,1,0,1,0,1,1,0,1,0,0,1,0
8734-DKSTZ,0,-0.915272132603466,0.697519121076343,-0.633436318782621,0,1,1,1,0,1,1,0,0,0,0,0,0,0,0,0,0,0,0,1,0,0,0,0,1,0,0
7716-YTYHG,0,0.631545791263106,0.568103349492673,0.75896804513802,0,1,1,1,0,1,1,0,0,0,0,0,0,0,0,0,0,0,0,1,1,0,1,0,0,1,1
1447-PJGGA,0,0.997897404810452,1.00612596100663,1.38888355144194,0,0,0,1,0,0,1,0,0,0,0,0,0,1,0,0,0,1,0,1,0,1,1,0,1,0,1
0570-BFQHT,0,-0.955977867442059,0.518328052729724,-0.723311347806397,0,0,0,1,0,0,1,0,0,0,0,1,0,1,0,0,0,0,0,0,0,0,0,0,1,0,0
8802-UNOJF,1,-0.833860662926278,0.626174529049448,-0.558291662126932,1,0,0,1,0,0,1,0,0,0,0,1,0,1,0,1,0,0,0,0,0,0,1,0,0,1,1
3165-HDOEW,0,-1.28162374615081,-0.633140479053181,-0.990280138221188,1,1,1,1,0,0,0,0,0,0,0,0,0,0,0,0,0,0,0,0,0,0,1,0,0,1,1
6633-SYEUS,0,-0.386097579701744,0.606264410344268,-0.118114767413754,0,0,0,1,0,0,1,0,0,0,0,1,0,1,0,1,0,0,0,0,0,0,0,0,0,0,0
3262-EIDHV,0,1.60848342738936,0.656039707107218,1.57734889686674,0,1,1,1,0,1,0,0,0,1,0,0,0,1,0,1,0,1,0,1,0,1,0,1,0,0,0
6128-CZOMY,0,-1.28162374615081,-0.639777185288241,-0.990367949680908,0,0,0,1,0,0,0,0,0,0,0,0,0,0,0,0,0,0,0,0,0,0,1,0,1,0,1
1850-AKQEP,0,-0.996683602280654,-1.47932052402333,-0.931951376101946,1,0,1,1,0,0,0,1,1,0,1,0,1,0,1,0,1,0,1,0,0,0,0,0,0,1,0
0030-FNXPP,0,-1.20021227647362,-1.49591228961098,-0.985296837882058,0,0,0,1,0,0,0,1,1,0,1,0,1,0,1,0,1,0,1,0,0,0,0,0,0,1,0
8969-PRHFK,0,-0.589626253894714,-1.50254899584604,-0.829848601312111,1,0,0,1,0,0,0,1,1,0,1,0,1,0,1,0,1,0,1,0,1,0,0,0,0,1,0
5590-BYNII,0,-0.426803314540338,1.18863538247078,-0.0905858747914244,1,0,0,1,0,1,1,0,0,1,0,0,0,0,0,0,0,1,0,1,0,0,1,0,1,0,1
4609-KNNWG,0,-0.223274640347368,-1.49425311305221,-0.768885495401259,0,1,1,1,0,0,0,1,1,0,1,0,1,0,1,0,1,0,1,0,0,1,0,0,0,1,0
4803-AXVYP,1,0.224488442877166,1.14881514506042,0.629138801941484,0,0,0,1,0,1,1,0,0,0,0,0,0,0,0,1,0,1,0,1,0,0,1,0,1,0,1
3580-HYCSP,0,1.60848342738936,1.50553810519489,2.48751467686815,1,1,1,1,0,1,1,0,0,1,0,1,0,1,0,0,0,1,0,1,0,1,1,0,0,0,0
7306-YDSOI,0,1.48636622287358,-0.171889395716513,0.77650838421716,1,1,1,1,0,0,0,0,0,1,0,1,0,1,0,0,0,0,0,0,0,1,1,0,0,0,0
3088-LHEFH,0,-0.874566397764872,0.466893579408009,-0.602394967771477,0,0,0,1,0,1,1,0,0,1,0,0,0,0,0,0,0,0,0,0,0,0,1,0,0,0,0
3190-FZATL,0,-0.75244919324909,-1.49259393649345,-0.89256793641737,1,0,1,1,0,0,0,1,1,0,1,0,1,0,1,0,1,0,1,0,0,0,0,0,0,1,0
9297-FVVDH,0,0.997897404810452,0.649403000872158,1.11699731928281,0,1,1,1,0,1,0,0,0,1,0,0,0,1,0,1,0,1,0,1,0,1,1,0,1,0,0
5627-TVBPP,0,0.102371238361384,-1.48761640681715,-0.727438486413254,0,0,1,1,0,0,0,1,1,0,1,0,1,0,1,0,1,0,1,0,1,0,1,1,0,0,0
3090-LETTY,0,-1.24091801131222,-0.132069158306153,-0.951313802970283,1,0,1,1,0,1,0,0,0,1,0,1,0,0,0,0,0,0,0,0,0,0,0,0,0,0,0
8118-LSUEL,1,-0.386097579701744,1.37612233361122,0.0799878857153531,1,0,0,1,0,1,1,0,0,0,0,1,0,1,0,0,0,1,0,1,0,0,1,0,1,0,1
2068-WWXQZ,0,0.550134321585918,-1.48927558337592,-0.614381232023305,1,0,0,1,0,0,0,1,1,0,1,0,1,0,1,0,1,0,1,0,0,1,0,0,0,0,0
2882-DDZPG,0,-0.833860662926278,-1.5091857020811,-0.910547332795111,0,0,0,1,0,0,0,1,1,0,1,0,1,0,1,0,1,0,1,0,0,0,0,0,0,0,0
5816-SCGFC,1,-1.03738933711925,-0.452290234147797,-0.826292237193436,0,0,0,1,0,0,0,0,0,0,0,1,0,0,0,0,0,0,0,0,0,0,1,0,0,1,0
3283-WCWXT,0,-1.07809507195784,-1.31174369158806,-0.94310343148643,1,1,1,1,0,1,0,1,1,0,1,0,1,0,1,0,1,0,1,0,0,1,0,0,0,1,0
3276-HDUEG,0,-1.28162374615081,0.335818631265574,-0.977459665102017,0,0,0,1,0,1,1,0,0,0,0,0,0,0,0,0,0,0,0,0,0,0,1,0,0,1,1
9488-FYQAU,0,1.24213181384202,1.47069539746083,1.99335568729189,0,1,0,1,0,1,1,0,0,0,0,1,0,1,0,1,0,1,0,1,0,1,1,0,0,0,0
7839-NUIAA,0,1.16072034416483,-0.170230219157748,0.588416237496172,0,1,1,1,0,1,0,0,0,1,0,1,0,0,0,0,0,0,0,0,0,0,0,0,1,0,0
4673-KKSLS,0,-0.0604517009929918,0.752271947515587,0.185690930353723,0,0,0,1,0,0,1,0,0,1,0,0,0,1,0,1,0,0,0,0,0,0,0,0,1,0,0
5998-VVEJY,0,-0.263980375185962,0.516668876170959,-0.0933080300427551,1,0,0,1,0,1,1,0,0,0,0,0,0,0,0,1,0,0,0,0,0,0,1,0,1,0,1
9342-VNIMQ,0,0.0209597686841961,-0.341125404710542,-0.279292701730454,1,0,0,1,0,1,0,0,0,0,0,1,0,0,0,0,0,0,0,0,0,0,1,0,0,0,0
5360-XGYAZ,0,1.60848342738936,0.0238934382177562,1.03757185396576,1,1,1,0,1,0,0,0,0,1,0,1,0,1,0,1,0,1,0,1,0,1,1,0,0,0,0
7576-ASEJU,0,0.346605647392948,0.32420439535422,0.389150082525771,0,1,1,1,0,0,0,0,0,1,0,0,0,0,0,1,0,1,0,1,1,0,1,1,0,0,0
7711-YIJWC,0,1.16072034416483,0.662676413342278,1.3010062331268,1,1,1,1,0,0,0,0,0,1,0,1,0,1,0,1,0,1,0,1,1,0,0,0,0,0,0
6508-NJYRO,0,-0.711743458410496,-1.53075499734504,-0.880910965139493,1,1,0,1,0,0,0,1,1,0,1,0,1,0,1,0,1,0,1,0,1,0,0,0,0,1,0
1925-LFCZZ,1,0.916485935133264,-0.493769648116922,0.194120830486876,1,0,0,0,1,0,0,0,0,0,0,0,0,1,0,0,0,1,0,1,1,0,1,0,0,0,0
4566-GOLUK,0,0.590840056424512,1.40764668822776,1.23710144331532,1,1,1,1,0,1,1,0,0,0,0,0,0,1,0,1,0,1,0,1,0,0,1,0,0,0,1
0406-BPDVR,1,0.87578020029467,1.21352303085226,1.34868785575495,0,1,0,1,0,1,1,0,0,0,0,1,0,0,0,0,0,1,0,1,1,0,1,1,0,0,1
2676-ISHSF,0,-1.28162374615081,-1.48097970058209,-1.00149805220046,1,0,0,1,0,0,0,1,1,0,1,0,1,0,1,0,1,0,1,0,0,0,0,0,0,1,0
5630-IXDXV,0,0.590840056424512,1.37446315705246,1.11862183128764,0,0,0,1,0,1,1,0,0,0,0,1,0,1,0,0,0,1,0,1,0,0,1,0,1,0,0
8894-JVDCV,0,1.20142607900342,1.66315987827757,2.12158237134853,0,0,0,1,0,1,1,0,0,1,0,1,0,1,0,1,0,1,0,1,1,0,1,1,0,0,0
6980-CDGFC,0,1.40495475319639,-1.46272875843568,-0.427606257198123,0,1,0,1,0,0,0,1,1,0,1,0,1,0,1,0,1,0,1,0,1,0,1,0,0,0,0
7349-ALMUX,0,0.183782708038572,0.0222342616589909,0.00547986214263723,1,0,0,1,0,0,0,0,0,1,0,1,0,1,0,1,0,0,0,0,0,1,0,0,0,0,0
3055-OYMSE,1,0.835074465456076,0.29433921729645,0.747508649644514,0,0,0,1,0,0,1,0,0,0,0,1,0,0,0,0,0,0,0,0,0,0,1,1,0,0,0
6418-PIQSP,0,1.20142607900342,0.533260641758609,1.17868486973636,0,1,0,1,0,0,0,0,0,1,0,0,0,1,0,1,0,1,0,1,0,1,0,0,0,1,0
8317-BVKSO,0,-0.75244919324909,-1.48927558337592,-0.879001065890576,1,0,0,1,0,0,0,1,1,0,1,0,1,0,1,0,1,0,1,0,0,0,1,0,1,0,0
7623-HKYRK,0,-1.07809507195784,-1.50088981928727,-0.961390167973193,1,0,1,1,0,0,0,1,1,0,1,0,1,0,1,0,1,0,1,0,0,0,0,0,0,1,0
9323-HGFWY,0,-0.223274640347368,1.22679644332238,0.166767560783988,0,1,0,1,0,0,1,0,0,1,0,0,0,0,0,1,0,1,0,1,1,0,1,1,0,0,0
5567-GZKQY,0,1.03860313964905,-1.48097970058209,-0.513617581994205,1,0,0,1,0,0,0,1,1,0,1,0,1,0,1,0,1,0,1,0,0,1,0,1,0,0,0
5536-RTPWK,0,0.6722515261017,1.13222337947277,1.12066344772614,1,1,0,1,0,1,1,0,0,0,0,1,0,0,0,0,0,1,0,1,0,0,1,0,0,0,1
7103-ZGVNT,0,1.48636622287358,0.29102086417892,1.13475718701125,0,1,1,1,0,1,0,0,0,1,0,1,0,0,0,1,0,1,0,0,1,0,0,1,0,0,0
5816-JMLGY,0,1.52707195771217,0.513350523053429,1.5000528594479,0,1,1,1,0,0,0,0,0,0,0,1,0,1,0,1,0,1,0,1,0,1,1,0,0,0,0
7243-LCGGZ,0,-1.28162374615081,-1.46106958187691,-1.0012346178213,0,0,0,1,0,0,0,1,1,0,1,0,1,0,1,0,1,0,1,0,0,0,0,0,0,1,0
9987-LUTYD,0,-0.793154928087684,-0.324533639122892,-0.684235248230842,0,0,0,1,0,0,0,0,0,1,0,0,0,0,0,1,0,0,0,0,1,0,0,0,0,1,0
4367-NHWMM,0,-1.28162374615081,-1.32833545717571,-0.999478388626894,0,0,0,0,1,0,0,0,0,0,0,0,0,0,0,0,0,0,0,0,0,0,1,0,0,1,0
7020-OZKXZ,1,-0.955977867442059,0.350751220294459,-0.730555793233326,0,0,0,1,0,0,1,0,0,0,0,0,0,1,0,0,0,0,0,0,0,0,0,1,0,0,0
2636-SJDOU,0,1.28283754868061,0.642766294637098,1.31178508980748,1,0,0,1,0,1,1,0,0,1,0,1,0,0,0,0,0,0,0,0,1,0,1,1,0,0,0
1230-QAJDW,0,-1.20021227647362,0.0106200257476361,-0.918252788385572,1,0,0,1,0,1,0,0,0,0,0,0,0,0,0,1,0,1,0,0,0,0,1,0,0,1,0
1089-HDMKP,1,-0.874566397764872,-0.344443757828072,-0.746427714577779,1,0,1,1,0,0,0,0,0,0,0,1,0,0,0,1,0,0,0,0,0,0,1,0,1,0,0
4139-JPIAM,0,0.753662995778888,-0.679597422698601,-0.0525854655974434,1,0,0,0,1,0,0,0,0,1,0,0,0,0,0,1,0,0,0,1,0,0,1,1,0,0,0
4942-VZZOM,0,1.28283754868061,0.0404852038054061,0.918148268746082,1,1,0,1,0,1,0,0,0,1,0,0,0,0,0,0,0,1,0,0,1,0,1,1,0,0,0
6131-JLWZM,0,-0.793154928087684,-1.48097970058209,-0.889494535327157,0,0,0,1,0,0,0,1,1,0,1,0,1,0,1,0,1,0,1,0,0,0,1,0,0,1,0
3884-HCSWG,0,-0.630331988733308,0.16824179883031,-0.507909837112382,0,0,0,1,0,0,1,0,0,0,0,0,0,0,0,0,0,0,0,0,0,0,1,0,1,0,1
4644-PIZRT,0,-0.630331988733308,0.179856034741665,-0.482817712497292,1,1,1,1,0,1,0,0,0,1,0,0,0,1,0,0,0,1,0,0,1,0,1,0,0,0,0
9750-BOOHV,0,-0.0197459661543978,-1.15412191850539,-0.60311941231417,0,0,0,0,1,0,0,0,0,1,0,0,0,0,0,0,0,0,0,0,1,0,0,0,0,1,0
5208-FVQKB,0,1.52707195771217,0.100215559920946,1.03741818391125,1,1,0,1,0,0,0,0,0,1,0,1,0,0,0,1,0,0,0,1,0,1,0,0,0,1,0
1761-AEZZR,0,-1.28162374615081,0.485144521554424,-0.975483907258309,1,0,0,1,0,0,1,0,0,0,0,0,0,0,0,0,0,1,0,0,0,0,1,0,1,0,1
7607-QKKTJ,0,0.509428586747324,0.997830078212806,0.907764563634151,1,1,1,1,0,1,1,0,0,0,0,1,0,1,0,0,0,0,0,1,1,0,1,1,0,0,0
4720-VSTSI,0,0.46872285190873,0.659358060224748,0.685469853352088,0,0,0,1,0,1,1,0,0,0,0,1,0,1,0,0,0,0,0,0,0,0,1,0,0,0,1
5197-YPYBZ,0,-0.833860662926278,-1.31672122126436,-0.889801875436179,0,1,1,1,0,1,0,1,1,0,1,0,1,0,1,0,1,0,1,0,0,1,0,1,0,0,0
1591-XWLGB,0,1.56777769255077,-1.49591228961098,-0.404687466211112,0,1,0,1,0,0,0,1,1,0,1,0,1,0,1,0,1,0,1,0,0,1,0,1,0,0,0
7598-UAASY,0,-1.24091801131222,0.380616398352229,-0.943762017434333,1,1,0,1,0,0,1,0,0,0,0,0,0,1,0,0,0,0,0,0,0,0,0,0,1,0,1
4765-OXPPD,0,-0.955977867442059,0.00232414295381114,-0.719293973524192,0,1,1,1,0,0,0,0,0,1,0,1,0,1,0,1,0,0,0,0,0,0,0,0,0,1,1
1329-VHWNP,0,-1.03738933711925,-1.32335792749942,-0.927011981492677,0,0,0,0,1,0,0,0,0,0,0,0,0,0,0,0,0,0,0,0,0,0,0,0,0,0,0
3583-KRKMD,0,-0.589626253894714,0.36402463276458,-0.407563291516953,1,0,0,1,0,0,1,0,0,0,0,0,0,0,0,1,0,0,0,0,0,0,1,0,0,0,0
8111-RKSPX,0,-1.15950654163503,0.24124556741597,-0.876256957774315,1,0,0,1,0,1,1,0,0,0,0,0,0,0,0,0,0,0,0,0,0,0,1,0,0,0,1
6040-CGACY,0,-0.711743458410496,-1.5042081724048,-0.878957160160716,0,0,0,1,0,0,0,1,1,0,1,0,1,0,1,0,1,0,1,0,0,0,0,0,0,1,0
3705-RHRFR,0,1.48636622287358,1.1355417325903,2.00826168257942,0,1,0,1,0,1,1,0,0,1,0,0,0,0,0,0,0,1,0,1,0,1,0,0,0,0,0
6595-COKXZ,0,-1.28162374615081,-0.679597422698601,-0.99089481843923,0,0,0,1,0,0,0,0,0,0,0,0,0,0,0,0,0,0,0,0,0,0,1,0,0,1,1
7503-ZGUZJ,0,-1.28162374615081,0.654380530548453,-0.97324471503544,1,0,0,1,0,1,1,0,0,0,0,0,0,0,0,0,0,1,0,0,0,0,1,0,0,1,1
9795-VOWON,0,-1.03738933711925,-1.34658639932213,-0.944179121868005,1,0,0,0,1,0,0,0,0,0,0,0,0,0,0,0,0,0,0,0,1,0,1,1,0,0,0
6762-QVYJO,0,1.03860313964905,-0.171889395716513,0.580886404825153,0,1,1,0,1,0,0,0,0,1,0,0,0,1,0,1,0,1,0,1,0,1,0,0,0,1,0
9659-QEQSY,0,0.509428586747324,1.68306999698275,1.23997726862116,0,0,0,1,0,1,1,0,0,1,0,1,0,1,0,1,0,1,0,1,0,0,1,0,1,0,0
0930-EHUZA,0,0.143076973199978,0.378957221793464,0.133926074848577,0,0,0,1,0,0,0,0,0,1,0,1,0,1,0,1,0,1,0,0,1,0,1,0,0,1,0
9774-NRNAU,1,-0.223274640347368,0.659358060224748,0.00361386862357982,1,1,0,1,0,1,0,0,0,0,0,1,0,1,0,1,0,1,0,1,0,0,1,0,0,0,0
2378-VTKDH,1,1.3235432835192,1.30809609470186,1.87794947635442,1,1,0,1,0,1,1,0,0,0,0,1,0,1,0,0,0,1,0,1,0,0,1,0,1,0,0
1480-BKXGA,1,1.60848342738936,1.69634340945287,2.67982177365572,1,1,0,1,0,1,1,0,0,1,0,1,0,1,0,1,0,1,0,1,0,1,1,0,0,0,0
2706-QZIHY,0,-0.711743458410496,-1.31838039782312,-0.840100589234461,0,1,0,1,0,1,0,1,1,0,1,0,1,0,1,0,1,0,1,0,0,1,0,0,0,1,0
3234-VKACU,0,-1.24091801131222,0.1781968581829,-0.952279729027207,1,0,0,1,0,0,0,0,0,0,0,0,0,0,0,1,0,1,0,1,0,0,0,0,1,0,0
9518-RWHZL,0,1.28283754868061,1.16540691064807,1.73554124155295,0,0,0,1,0,1,1,0,0,0,0,0,0,1,0,0,0,1,0,1,1,0,1,1,0,0,1
9330-IJWIO,0,-0.793154928087684,1.17536197000066,-0.413797905157098,0,0,0,1,0,1,1,0,0,1,0,0,0,0,0,0,0,1,0,1,0,0,1,0,1,0,1
9477-LGWQI,0,1.52707195771217,0.505054640259604,1.44837581540248,1,1,1,1,0,0,0,0,0,1,0,1,0,1,0,0,0,1,0,1,0,1,1,1,0,0,0
4349-GFQHK,0,-1.28162374615081,-0.351080464063132,-0.986548151183073,1,0,0,1,0,1,0,0,0,0,0,0,0,1,0,0,0,0,0,0,0,0,0,0,1,0,1
3771-PZOBW,0,-0.508214784217526,0.855140894159017,-0.228296196497861,1,0,0,1,0,1,1,0,0,0,0,0,0,1,0,0,0,1,0,0,0,0,1,1,0,0,0
5075-JSDKI,0,1.07930887448764,-1.3432680462046,-0.354854462819814,0,0,0,1,0,1,0,1,1,0,1,0,1,0,1,0,1,0,1,0,0,1,0,0,1,0,0
2675-OTVVJ,1,-0.0604517009929918,0.813661480189892,0.222308309057108,1,1,0,1,0,1,1,0,0,1,0,0,0,0,0,0,0,1,0,0,0,0,0,0,1,0,0
7541-YLXCL,0,0.143076973199978,0.0155975554239313,0.0865298394645191,1,0,0,1,0,0,0,0,0,0,0,1,0,0,0,1,0,0,0,1,1,0,1,0,0,1,1
1455-ESIQH,0,-1.28162374615081,0.802047244278537,-0.971290910056662,1,0,0,1,0,0,1,0,0,0,0,0,0,0,0,0,0,1,0,1,0,0,1,0,1,0,1
3148-BLQJT,0,-1.28162374615081,-1.48761640681715,-1.00158586366018,1,0,0,1,0,0,0,1,1,0,1,0,1,0,1,0,1,0,1,0,0,0,0,0,0,1,1
1991-VOPLL,0,-0.955977867442059,-1.52245911455122,-0.941193532237513,0,0,0,1,0,0,0,1,1,0,1,0,1,0,1,0,1,0,1,0,0,0,0,0,0,1,0
1333-PBMXB,0,0.87578020029467,-1.33331298685201,-0.421130162043747,0,1,1,1,0,1,0,1,1,0,1,0,1,0,1,0,1,0,1,0,1,0,1,0,0,0,0
9063-ZGTUY,0,1.16072034416483,-1.51084487863986,-0.491203706900586,0,1,1,1,0,0,0,1,1,0,1,0,1,0,1,0,1,0,1,0,0,0,1,0,0,1,1
3074-GQWYX,0,-1.11880080679644,0.36402463276458,-0.853338166787304,1,0,0,1,0,1,1,0,0,0,0,0,0,0,0,0,0,0,0,0,0,0,1,0,0,0,1
1163-ONYEY,0,0.346605647392948,0.319226865677925,0.317100779825225,1,1,1,1,0,1,0,0,0,1,0,1,0,1,0,0,0,1,0,0,0,0,1,1,0,0,0
5766-FTRTS,0,1.60848342738936,0.647743824313393,1.6384656728321,1,1,0,1,0,0,0,0,0,1,0,1,0,1,0,1,0,1,0,1,0,1,0,0,0,1,0
8725-JEDFD,0,-0.223274640347368,0.136717444213775,-0.223071414644501,1,0,0,1,0,0,1,0,0,0,0,0,0,0,0,0,0,0,0,0,0,0,1,0,0,1,0
9863-JZAIC,0,0.102371238361384,-0.329511168799187,-0.127664263658342,1,0,0,1,0,0,0,0,0,0,0,0,0,0,0,0,0,1,0,0,0,0,0,0,0,1,1
5565-FILXA,1,-0.671037723571902,1.0359911390644,-0.339004494340291,0,0,0,1,0,1,1,0,0,0,0,0,0,0,0,0,0,1,0,1,0,0,1,0,1,0,1
9847-HNVGP,0,-0.630331988733308,-1.49259393649345,-0.874039718416376,1,0,0,1,0,0,0,1,1,0,1,0,1,0,1,0,1,0,1,0,1,0,0,0,0,1,0
5201-CBWYG,0,1.20142607900342,-1.33165381029324,-0.362252578301253,1,1,1,1,0,1,0,1,1,0,1,0,1,0,1,0,1,0,1,0,1,0,0,0,0,0,0
0021-IKXGC,1,-1.28162374615081,0.23792721429844,-0.978754884132892,0,0,0,1,0,1,1,0,0,0,0,0,0,0,0,0,0,0,0,0,0,0,1,0,1,0,0
6599-GZWCM,0,-0.793154928087684,0.322545218795455,-0.586171800588143,0,0,0,1,0,0,1,0,0,0,0,1,0,0,0,0,0,0,0,0,1,0,1,0,0,1,0
8065-YKXKD,0,-0.915272132603466,0.325863571912985,-0.659318746535193,0,0,0,1,0,1,1,0,0,0,0,0,0,0,0,0,0,0,0,0,0,0,1,0,1,0,1
2235-ZGKPT,0,-1.15950654163503,-0.467222823176682,-0.90523473948203,0,1,1,1,0,1,0,0,0,0,0,0,0,0,0,0,0,0,0,0,0,0,0,0,0,1,1
7665-VIGUD,0,-0.915272132603466,-1.47932052402333,-0.93300511361859,1,0,0,1,0,0,0,1,1,0,1,0,1,0,1,0,1,0,1,0,1,0,0,0,0,1,0
8708-XPXHZ,0,0.387311382231542,0.971283253272567,0.827614653774403,0,1,1,1,0,1,1,0,0,0,0,0,0,0,0,0,0,1,0,1,0,0,1,0,1,0,1
2542-HYGIQ,0,-1.28162374615081,-1.49259393649345,-1.00165172225497,0,0,0,1,0,0,0,1,1,0,1,0,1,0,1,0,1,0,1,0,0,0,0,1,0,0,0
3092-IGHWF,0,1.40495475319639,0.745635241280528,1.58828142360192,1,1,1,1,0,1,1,0,0,0,0,1,0,1,0,0,0,0,0,0,1,0,0,0,1,0,1
7064-JHXCE,0,1.20142607900342,-1.48927558337592,-0.455486395659334,1,1,1,1,0,0,0,1,1,0,1,0,1,0,1,0,1,0,1,0,0,1,0,1,0,0,0
7268-IGMFD,1,-0.589626253894714,0.961328193919977,-0.244738892330497,1,0,0,1,0,1,1,0,0,0,0,0,0,1,0,1,0,1,0,0,0,0,0,0,0,0,0
7517-LDMPS,0,-0.833860662926278,0.652721353989688,-0.563735972629594,0,0,0,1,0,0,1,0,0,0,0,1,0,0,0,0,0,0,0,1,0,0,1,0,1,0,0
8344-WFMFH,0,-0.955977867442059,-0.492110471558157,-0.797885229973904,1,0,1,1,0,0,0,0,0,0,0,1,0,0,0,0,0,0,0,0,0,0,1,0,1,0,0
2509-TFPJU,0,1.60848342738936,-1.30012945567671,-0.191920299308707,1,1,0,1,0,1,0,1,1,0,1,0,1,0,1,0,1,0,1,0,0,1,0,1,0,0,0
1955-IBMMB,0,1.07930887448764,-1.48429805369962,-0.486922898239219,1,0,0,1,0,0,0,1,1,0,1,0,1,0,1,0,1,0,1,0,0,1,1,0,0,0,0
8080-POTJR,0,-0.101157435831586,0.476848638760599,0.0552250540742147,0,0,0,1,0,1,0,0,0,1,0,0,0,1,0,0,0,1,0,1,1,0,1,1,0,0,0
9402-CXWPL,0,1.52707195771217,1.12724584979648,1.99212632685581,0,0,0,1,0,1,1,0,0,0,0,1,0,0,0,0,0,1,0,1,1,0,0,0,1,0,0
7673-BQGKU,0,1.48636622287358,-1.48595723025839,-0.423171778482245,0,1,1,1,0,0,0,1,1,0,1,0,1,0,1,0,1,0,1,0,0,1,0,0,0,0,0
7634-HLQJR,0,0.590840056424512,-1.48927558337592,-0.564021359873685,0,1,1,1,0,0,0,1,1,0,1,0,1,0,1,0,1,0,1,0,0,1,0,1,0,0,0
1699-HPSBG,0,-0.833860662926278,-0.170230219157748,-0.690865013439729,1,0,0,1,0,0,0,0,0,0,0,0,0,0,0,1,0,1,0,0,1,0,1,0,1,0,1
4471-KXAUH,0,0.387311382231542,0.642766294637098,0.56510229494042,0,1,0,1,0,1,1,0,0,0,0,0,0,1,0,1,0,0,0,0,0,0,1,0,1,0,1
4791-QRGMF,0,1.07930887448764,1.14715596850166,1.60685354733278,1,1,0,1,0,1,1,0,0,0,0,0,0,1,0,0,0,1,0,1,1,0,1,0,0,0,1
0481-SUMCB,1,0.509428586747324,1.2350923261162,1.06867906357169,0,0,0,1,0,1,1,0,0,0,0,0,0,1,0,0,0,1,0,1,1,0,1,0,0,0,0
5976-JCJRH,0,-0.915272132603466,0.1781968581829,-0.68629881753427,1,1,0,1,0,0,1,0,0,0,0,0,0,0,0,0,0,0,0,0,0,0,1,0,1,0,1
7696-AMHOD,0,0.6722515261017,0.433710048232709,0.668632005950711,0,1,1,1,0,0,0,0,0,0,0,1,0,1,0,0,0,1,0,1,1,0,0,1,0,0,0
4534-WGCIR,0,1.03860313964905,-1.32003957438189,-0.347478300203305,0,1,1,1,0,1,0,1,1,0,1,0,1,0,1,0,1,0,1,0,0,1,0,1,0,0,0
8399-YNDCH,1,-0.467509049378932,-0.161934336363923,-0.467670235695532,1,0,0,1,0,0,0,0,0,0,0,0,0,1,0,0,0,1,0,0,0,0,1,0,0,0,1
0840-DFEZH,0,-1.03738933711925,0.345773690618164,-0.762497211706603,0,0,0,1,0,1,1,0,0,0,0,0,0,0,0,0,0,0,0,0,0,0,1,0,1,0,0
9931-DCEZH,0,-0.182568905508774,-0.349421287504367,-0.344536616302673,1,0,1,1,0,0,0,0,0,0,0,1,0,0,0,1,0,0,0,0,1,0,1,1,0,0,0
3001-CBHLQ,1,-0.0197459661543978,1.32634703684828,0.461111573766597,1,1,0,1,0,1,1,0,0,0,0,0,0,1,0,1,0,1,0,1,0,0,1,0,1,0,1
2014-MKGMH,0,0.550134321585918,1.20024961838213,1.04191852122191,0,0,0,1,0,1,1,0,0,0,0,0,0,1,0,0,0,1,0,1,1,0,1,0,1,0,0
7526-BEZQB,0,-0.833860662926278,1.03267278594687,-0.506329230837416,1,0,0,1,0,1,1,0,0,0,0,0,0,0,0,0,0,1,0,1,0,0,1,0,1,0,1
7394-FKDNK,0,-0.955977867442059,0.813661480189892,-0.63585113392493,0,1,0,1,0,0,1,0,0,0,0,0,0,0,0,0,0,1,0,1,0,0,0,0,1,0,1
2696-NARTR,0,-0.874566397764872,0.295998393855214,-0.603734092532213,1,0,0,1,0,0,1,0,0,0,0,0,0,0,0,1,0,0,0,0,0,0,1,0,1,0,1
4195-SMMNX,0,-1.24091801131222,-1.47932052402333,-0.9958342130485,1,0,0,1,0,0,0,1,1,0,1,0,1,0,1,0,1,0,1,0,0,0,0,0,0,1,1
0220-EBGCE,0,-1.24091801131222,0.694200767958813,-0.936956629306006,1,0,0,1,0,0,1,0,0,0,0,0,0,1,0,0,0,0,0,1,0,0,1,0,1,0,1
3870-MQAMG,0,0.87578020029467,1.50719728175366,1.57701960389279,0,1,0,1,0,1,1,0,0,0,0,1,0,1,0,1,0,1,0,1,1,0,0,0,1,0,1
9058-MJLZC,0,-0.34539184486315,0.984556665742686,-0.00797724405950626,0,0,0,1,0,0,1,0,0,1,0,0,0,0,0,0,0,1,0,1,0,0,1,0,1,0,0
7245-NIIWQ,0,-1.20021227647362,0.163264269154015,-0.922665314236519,0,0,0,1,0,0,1,0,0,0,0,0,0,0,0,0,0,0,0,0,0,0,1,0,1,0,0
7359-PTSXY,0,-1.28162374615081,-0.636458832170711,-0.990324043951048,1,0,0,1,0,0,0,0,0,0,0,0,0,0,0,0,0,0,0,0,0,0,0,0,1,0,1
1338-CECEE,0,0.346605647392948,0.118466502067361,0.236489859801945,1,1,1,1,0,1,0,0,0,0,0,1,0,1,0,0,0,1,0,0,1,0,0,0,0,0,0
2911-UREFD,0,0.26519417771576,-0.299645990741418,-0.0513561051613586,0,1,0,0,1,0,0,0,0,1,0,0,0,1,0,0,0,1,0,1,0,0,0,0,1,0,1
0895-LNKRC,0,-1.07809507195784,-1.5091857020811,-0.96057791197078,1,1,1,1,0,0,0,1,1,0,1,0,1,0,1,0,1,0,1,0,1,0,0,0,0,1,0
8148-NLEGT,0,0.387311382231542,-1.39304334296755,-0.565097050255259,0,1,1,1,0,1,0,1,1,0,1,0,1,0,1,0,1,0,1,0,0,1,0,0,1,0,0
1641-RQDAY,1,-0.0197459661543978,1.17702114655943,0.402321801483823,0,1,1,1,0,1,1,0,0,0,0,1,0,0,0,0,0,1,0,1,0,0,1,0,1,0,0
7501-VTYLJ,0,-1.24091801131222,-0.443994351353972,-0.963783030250573,0,0,1,1,0,0,0,0,0,0,0,1,0,0,0,0,0,0,0,0,0,0,0,0,0,1,0
3308-JSGML,1,1.07930887448764,-0.0292002116627238,0.69613894570811,1,1,0,0,1,0,0,0,0,1,0,0,0,1,0,1,0,1,0,1,0,1,1,1,0,0,0
6457-USBER,0,-1.28162374615081,0.526623935523549,-0.974935085635057,1,0,0,1,0,0,1,0,0,0,0,0,0,0,0,0,0,0,0,1,0,0,1,0,1,0,1
5384-ZTTWP,0,-0.711743458410496,-1.49757146616974,-0.890570225708732,0,1,1,1,0,0,0,1,1,0,1,0,1,0,1,0,1,0,1,0,0,0,0,0,0,1,0
8003-EWNDZ,0,-0.915272132603466,-1.45111452252432,-0.912654807828399,0,0,0,1,0,0,0,1,1,0,1,0,1,0,1,0,1,0,1,0,0,0,1,0,1,0,0
5605-IYGFG,0,-1.03738933711925,0.163264269154015,-0.784098830797809,0,0,0,1,0,0,1,0,0,0,0,0,0,0,0,0,0,0,0,0,0,0,1,0,0,0,0
2070-XYMFH,1,-0.386097579701744,0.478507815319364,-0.204609055238297,0,0,0,1,0,1,1,0,0,0,0,0,0,1,0,0,0,0,0,0,0,0,1,0,0,1,0
8232-UTFOZ,0,1.48636622287358,-1.49259393649345,-0.396016084563728,1,0,0,1,0,0,0,1,1,0,1,0,1,0,1,0,1,0,1,0,0,1,0,1,0,0,0
3956-CJUST,1,-0.386097579701744,0.34743286717693,-0.288798292245182,0,0,0,1,0,0,1,0,0,1,0,0,0,0,0,0,0,0,0,0,0,0,1,0,0,0,0
7013-PSXHK,0,0.305899912554354,0.524964758964784,0.398370285796408,0,0,0,1,0,1,0,0,0,0,0,0,0,1,0,1,0,1,0,1,1,0,1,0,0,1,0
9152-AMKAK,0,-1.07809507195784,0.508372993377134,-0.793780044231977,1,0,0,1,0,0,0,0,0,1,0,0,0,1,0,1,0,1,0,1,0,1,1,0,0,1,0
8178-EYZUO,0,0.550134321585918,0.954691487684917,0.813784348868448,1,0,0,1,0,1,1,0,0,1,0,1,0,0,0,0,0,0,0,1,0,0,1,0,1,0,1
2007-QVGAW,0,1.44566048803499,-1.51250405519863,-0.442863498324533,0,1,1,1,0,0,0,1,1,0,1,0,1,0,1,0,1,0,1,0,0,1,1,0,0,0,0
4567-AKPIA,0,0.346605647392948,1.46571786778453,0.94526005693474,0,1,1,1,0,1,1,0,0,0,0,1,0,1,0,1,0,1,0,1,1,0,1,0,0,0,0
8292-FRFZQ,0,0.26519417771576,-0.78910307557709,-0.263618356170372,0,0,0,0,1,0,0,0,0,1,0,1,0,0,0,1,0,0,0,0,1,0,0,0,0,0,0
4338-EYCER,0,-0.467509049378932,-0.342784581269307,-0.516383642975396,1,1,0,1,0,0,0,0,0,0,0,0,0,0,0,0,0,1,0,0,0,0,0,0,0,0,0
7147-AYBAA,0,0.183782708038572,0.179856034741665,0.110458462238314,1,0,0,1,0,0,1,0,0,0,0,0,0,0,0,0,0,0,0,0,0,0,1,0,0,1,0
3070-BDOQC,0,1.12001460932623,1.15213349817795,1.59805044849581,0,0,0,1,0,0,1,0,0,0,0,1,0,1,0,0,0,1,0,1,0,1,1,0,1,0,0
8670-MEFCP,0,0.143076973199978,0.928144662744677,0.473273460937865,0,1,1,1,0,1,0,0,0,1,0,1,0,1,0,1,0,1,0,1,0,1,1,1,0,0,0
9137-UIYPG,0,0.102371238361384,1.39271409919887,0.638885873970443,0,1,1,1,0,0,1,0,0,1,0,0,0,1,0,1,0,1,0,1,0,0,1,0,1,0,0
6234-RAAPL,0,1.60848342738936,1.16042938097178,2.17350089690819,0,1,1,1,0,1,1,0,0,1,0,1,0,0,0,1,0,1,0,0,0,1,0,0,0,0,0
5997-OPVFA,0,1.60848342738936,0.800388067719772,1.7356510058776,1,1,0,1,0,1,0,0,0,1,0,1,0,1,0,1,0,1,0,1,0,1,1,0,0,0,0
5027-QPKTE,0,-1.03738933711925,0.146672503566365,-0.812352167962831,1,1,0,1,0,0,1,0,0,0,0,0,0,0,0,0,0,0,0,0,0,0,1,0,1,0,1
8309-IEYJD,1,-1.28162374615081,0.18815191753549,-0.979413470080795,0,0,0,1,0,0,1,0,0,0,0,0,0,0,0,0,0,0,0,0,0,0,1,0,0,1,0
5730-DBDSI,0,1.3642490183578,-1.50088981928727,-0.459920874375211,1,0,0,1,0,0,0,1,1,0,1,0,1,0,1,0,1,0,1,0,0,1,0,0,0,0,0
7954-MLBUN,0,-0.0604517009929918,1.14549679194289,0.355013377559485,1,0,0,1,0,0,1,0,0,0,0,0,0,1,0,1,0,1,0,1,0,1,0,0,0,0,0
4626-GYCZP,0,-1.03738933711925,0.959669017361211,-0.731346096370809,1,0,0,1,0,1,1,0,0,0,0,0,0,0,0,0,0,1,0,1,0,0,1,0,1,0,1
2260-USTRB,1,-1.24091801131222,0.17487850506537,-0.959502221589206,0,0,0,1,0,0,1,0,0,0,0,0,0,0,0,0,0,0,0,0,0,0,1,0,0,0,1
1732-FEKLD,0,0.87578020029467,0.989534195418981,1.2383308037514,0,0,0,1,0,1,1,0,0,0,0,1,0,1,0,0,0,1,0,0,1,0,1,0,0,0,0
2565-JSLRY,0,-1.28162374615081,-1.35654145867472,-0.999851587330706,1,0,0,1,0,1,0,1,1,0,1,0,1,0,1,0,1,0,1,0,0,0,1,0,0,1,1
5676-CFLYY,0,1.56777769255077,0.279406628267565,1.25270993028061,1,1,1,1,0,0,0,0,0,0,0,1,0,0,0,1,0,1,0,1,0,1,1,1,0,0,0
9367-OIUXP,0,-1.15950654163503,-1.46770628811197,-0.97833777969922,1,0,0,1,0,0,0,1,1,0,1,0,1,0,1,0,1,0,1,0,0,0,0,0,0,1,0
1678-FYZOW,0,-1.20021227647362,0.480166991878129,-0.902995547259161,0,0,0,1,0,0,1,0,0,0,0,0,0,0,0,0,0,1,0,0,0,0,1,0,1,0,1
8773-HHUOZ,0,-0.630331988733308,-0.00763091639877871,-0.530477382260512,0,0,1,1,0,0,0,0,0,0,0,0,0,0,0,0,0,1,0,1,0,0,1,0,0,1,1
7639-LIAYI,0,0.794368730617482,0.491781227789484,0.841444958680358,1,0,0,1,0,1,0,0,0,1,0,0,0,0,0,1,0,1,0,1,0,1,1,1,0,0,0
8610-ZIKJJ,0,-1.24091801131222,-1.48097970058209,-0.996404987536682,0,1,1,1,0,0,0,1,1,0,1,0,1,0,1,0,1,0,1,0,1,0,0,0,0,1,0
1113-IUJYX,0,-0.75244919324909,1.36118974458234,-0.418166525278185,0,1,0,1,0,0,1,0,0,1,0,1,0,0,0,1,0,1,0,1,1,0,0,0,0,1,1
3468-DRVQJ,0,-0.915272132603466,0.1781968581829,-0.713542322912509,0,1,1,1,0,1,0,0,0,1,0,1,0,0,0,0,0,1,0,0,1,0,0,0,1,0,0
5067-DGXLL,0,-1.24091801131222,-1.48263887714086,-0.994253606773533,1,0,0,1,0,0,0,1,1,0,1,0,1,0,1,0,1,0,1,0,0,0,0,0,0,1,0
3950-VPYJB,0,0.997897404810452,-0.176866925392808,0.530416768350882,1,1,1,1,0,0,0,0,0,1,0,1,0,0,0,1,0,0,0,0,1,0,0,0,0,1,0
6078-VESFR,1,-0.793154928087684,0.183174387859195,-0.637607363119337,1,1,0,1,0,0,1,0,0,0,0,0,0,0,0,0,0,0,0,0,0,0,0,0,0,0,0
8979-CAMGB,1,1.28283754868061,1.23343314955744,1.92604820341624,1,0,0,1,0,1,1,0,0,0,0,0,0,1,0,1,0,1,0,1,1,0,0,0,1,0,0
8745-PVESG,0,0.997897404810452,-0.790762252135855,-0.0189097707946897,0,0,0,0,1,0,0,0,0,1,0,0,0,1,0,1,0,0,0,0,1,0,1,1,0,0,0
6556-DBKZF,0,1.56777769255077,0.369002162440874,1.37650213562137,0,1,1,1,0,0,1,0,0,0,0,0,0,1,0,0,0,0,0,0,0,1,0,0,1,0,0
9617-INGJY,0,-1.28162374615081,0.18815191753549,-0.979413470080795,1,0,0,1,0,0,1,0,0,0,0,0,0,0,0,0,0,0,0,0,0,0,1,0,0,1,0
8816-VXNZD,0,-1.28162374615081,0.337477807824339,-0.977437712237087,0,0,0,1,0,1,1,0,0,0,0,0,0,0,0,0,0,0,0,0,0,0,1,0,1,0,1
4146-SVFUD,0,-1.28162374615081,-0.674619893022306,-0.99082895984444,1,0,0,1,0,0,0,0,0,0,0,0,0,0,0,0,0,0,0,0,0,0,0,0,0,1,0
2858-EIMXH,1,0.835074465456076,1.02603607971181,1.19201025874892,0,1,0,1,0,1,1,0,0,0,0,0,0,0,0,0,0,1,0,1,1,0,1,1,0,0,0
5673-FSSMF,0,-1.28162374615081,-0.158615983246393,-0.984001618851183,0,0,0,1,0,1,0,0,0,0,0,0,0,0,0,0,0,0,0,1,0,0,1,0,1,0,1
0575-CUQOV,1,1.12001460932623,1.09572149517994,1.56553825553435,1,1,0,1,0,0,1,0,0,0,0,1,0,1,0,0,0,1,0,1,1,0,1,0,1,0,0
8356-WUAOJ,0,-1.28162374615081,-0.661346480552186,-0.990653336924999,0,1,0,1,0,0,0,0,0,0,0,0,0,0,0,0,0,0,0,0,0,0,1,0,1,0,0
9560-ARGQJ,0,-0.671037723571902,0.533260641758609,-0.4343018810018,0,0,1,1,0,0,1,0,0,0,0,0,0,0,0,0,0,1,0,0,0,0,1,0,1,0,1
7706-YLMQA,0,1.52707195771217,-1.50088981928727,-0.421415549287838,0,0,0,1,0,0,0,1,1,0,1,0,1,0,1,0,1,0,1,0,1,0,0,0,0,0,0
3224-DFQNQ,0,1.3642490183578,0.798728891161007,1.57941246617017,0,1,0,1,0,1,1,0,0,1,0,1,0,0,0,1,0,0,0,0,1,0,0,0,1,0,0
7133-VBDCG,0,-0.304686110024556,0.495099580907014,-0.125556788625053,0,0,0,1,0,0,1,0,0,1,0,1,0,0,0,0,0,0,0,0,0,0,1,0,0,0,1
7302-ZHMHP,0,-1.28162374615081,-1.51914076143369,-1.00200296809385,0,0,0,1,0,0,0,1,1,0,1,0,1,0,1,0,1,0,1,0,0,0,0,0,0,1,0
9207-ZPANB,0,0.183782708038572,0.0836237943332959,0.062337782311563,1,0,0,1,0,1,0,0,0,1,0,1,0,1,0,1,0,0,0,0,1,0,0,0,1,0,0
1725-MIMXW,0,-1.28162374615081,-1.5091857020811,-1.00187125090427,1,0,1,1,0,0,0,1,1,0,1,0,1,0,1,0,1,0,1,0,0,0,1,0,0,1,1
4210-QFJMF,0,-1.15950654163503,0.471871109084304,-0.871119987380675,0,0,0,1,0,0,1,0,0,0,0,0,0,0,0,0,0,0,0,1,0,0,1,0,1,0,1
0374-IOEGQ,0,-1.20021227647362,-0.674619893022306,-0.956538584823644,0,0,0,1,0,0,0,0,0,0,0,0,0,0,0,0,0,0,0,0,0,0,0,0,1,0,0
3301-LSLWQ,0,-0.14186317067018,0.0388260272466408,-0.170867501840753,0,0,0,1,0,1,0,0,0,1,0,0,0,0,0,0,0,0,0,1,0,0,1,0,1,0,0
9068-VPWQQ,0,1.16072034416483,0.345773690618164,1.06602276691515,1,1,0,1,0,1,0,0,0,1,0,0,0,1,0,1,0,0,0,1,0,1,0,1,0,0,0
8628-MFKAX,1,1.60848342738936,1.71957188127558,2.62368829802949,0,1,0,1,0,1,1,0,0,1,0,1,0,1,0,1,0,1,0,1,0,1,1,1,0,0,0
9625-QNLUX,0,1.44566048803499,1.27159421040903,2.0956560378661,1,1,1,1,0,0,1,0,0,1,0,1,0,1,0,0,0,1,0,1,0,1,1,1,0,0,0
1066-JKSGK,0,-1.28162374615081,-1.48595723025839,-1.00156391079525,1,0,0,1,0,0,0,1,1,0,1,0,1,0,1,0,1,0,1,0,0,0,0,0,0,1,1
6582-PLFUU,0,0.753662995778888,-1.50586734896357,-0.533265396106633,1,1,1,1,0,0,0,1,1,0,1,0,1,0,1,0,1,0,1,0,0,1,0,1,0,0,0
7089-IVVAZ,0,-0.996683602280654,1.27491256352656,-0.63839766625682,0,0,0,1,0,1,1,0,0,1,0,0,0,0,0,1,0,1,0,1,0,0,1,0,0,0,1
2988-QRAJY,0,1.48636622287358,1.49724222240107,2.25211410622283,1,0,0,1,0,1,1,0,0,1,0,1,0,1,0,0,0,1,0,1,0,1,1,1,0,0,0
1345-ZUKID,0,-0.75244919324909,-1.51250405519863,-0.867805104776231,1,0,0,1,0,0,0,1,1,0,1,0,1,0,1,0,1,0,1,0,1,0,0,0,0,1,0
4553-DVPZG,0,1.20142607900342,1.20854550117596,1.69624561332809,0,1,0,1,0,1,1,0,0,0,0,0,0,1,0,0,0,1,0,1,0,0,1,0,1,0,0
5371-VYLSX,1,0.712957260940294,0.612901116579328,0.795739093895916,0,0,0,1,0,1,1,0,0,1,0,1,0,0,0,0,0,0,0,0,0,0,1,0,1,0,0
0310-SUCIN,0,1.56777769255077,0.659358060224748,1.64417341771393,0,1,0,1,0,0,0,0,0,1,0,1,0,1,0,1,0,1,0,1,1,0,1,0,0,0,0
7931-PXHFC,0,0.224488442877166,-0.0872713912194985,0.0234812113853087,1,0,0,1,0,0,0,0,0,0,0,0,0,1,0,1,0,0,0,1,1,0,1,0,0,1,1
0946-CLJTI,1,1.03860313964905,1.12060914356142,1.54165353849042,1,1,0,1,0,1,1,0,0,0,0,0,0,1,0,0,0,1,0,1,0,0,1,0,1,0,1
1371-OJCEK,0,0.631545791263106,-1.34658639932213,-0.512651655937281,0,0,0,1,0,1,0,1,1,0,1,0,1,0,1,0,1,0,1,0,1,0,0,0,0,0,0
5673-TIYIB,0,-1.24091801131222,-0.813990723958565,-0.976537644774953,1,0,0,0,1,0,0,0,0,0,0,1,0,1,0,1,0,0,0,0,0,0,1,1,0,0,1
5832-EXGTT,0,-0.14186317067018,-0.156956806687628,-0.205113971131689,1,1,1,1,0,0,0,0,0,1,0,0,0,0,0,0,0,0,0,1,0,0,1,0,0,1,0
9795-SHUHB,0,1.3642490183578,-0.223323869038228,0.662748638149448,0,1,1,1,0,0,0,0,0,1,0,1,0,0,0,1,0,0,0,0,0,1,1,1,0,0,0
3763-GCZHZ,0,1.3642490183578,1.29814103534927,2.01469387200394,1,1,0,1,0,1,1,0,0,0,0,1,0,0,0,1,0,1,0,1,1,0,1,0,1,0,1
5126-RCXYW,0,0.87578020029467,-0.628162949376886,0.0538859293134795,1,1,1,0,1,0,0,0,0,0,0,0,0,1,0,1,0,0,0,1,0,1,0,1,0,0,0
8232-CTLKO,0,1.3642490183578,-0.171889395716513,0.744413295689372,0,1,1,1,0,0,0,0,0,1,0,0,0,0,0,0,0,1,0,0,0,1,1,0,1,0,0
8499-BRXTD,0,-0.589626253894714,-1.48761640681715,-0.833975739918967,1,0,0,1,0,0,0,1,1,0,1,0,1,0,1,0,1,0,1,0,1,0,0,0,0,1,0
0822-GAVAP,0,-1.24091801131222,-1.00313685165777,-0.983079598524119,0,0,0,0,1,0,0,0,0,0,0,0,0,0,0,0,0,0,0,1,0,0,1,0,1,0,1
6837-BJYDQ,0,-1.20021227647362,-1.5042081724048,-0.983474750092861,1,0,0,1,0,0,0,1,1,0,1,0,1,0,1,0,1,0,1,0,1,0,0,0,0,1,0
0023-HGHWL,1,-1.28162374615081,-1.32169875094065,-0.999390577167174,1,0,0,0,1,0,0,0,0,0,0,0,0,0,0,0,0,0,0,0,0,0,1,0,1,0,1
1423-BMPBQ,0,-1.28162374615081,-1.52411829110998,-1.00206882668865,0,1,1,1,0,0,0,1,1,0,1,0,1,0,1,0,1,0,1,0,0,0,1,0,0,1,0
0419-YAAPX,0,0.6722515261017,0.675949825812398,0.876635401163287,1,1,0,1,0,0,1,0,0,0,0,1,0,0,0,0,0,1,0,0,0,0,1,1,0,0,0
2226-ICFDO,0,1.60848342738936,0.695859944517578,1.67255847206853,0,1,1,1,0,1,0,0,0,1,0,0,0,1,0,1,0,1,0,1,0,1,1,1,0,0,0
7729-JTEEC,0,-1.24091801131222,-0.677938246139836,-0.970873805622991,1,1,1,1,0,0,0,0,0,0,0,0,0,0,0,0,0,0,0,0,0,0,1,0,1,0,0
6924-TDGMT,0,-0.874566397764872,-1.47268381778827,-0.929207267985685,1,1,0,1,0,0,0,1,1,0,1,0,1,0,1,0,1,0,1,0,1,0,1,0,0,1,0
7785-RDVIG,0,-1.20021227647362,-1.51416323175739,-0.986394481128562,0,1,1,1,0,0,0,1,1,0,1,0,1,0,1,0,1,0,1,0,0,0,0,0,0,1,0
5846-QFDFI,0,0.0209597686841961,0.785455478690887,0.25789390310878,0,1,1,1,0,1,1,0,0,0,0,1,0,1,0,1,0,0,0,0,0,0,0,1,0,0,0
0420-BWTPW,0,-0.996683602280654,-1.30842533847053,-0.915925784702983,1,0,1,0,1,0,0,0,0,0,0,0,0,0,0,0,0,0,0,0,0,0,0,0,0,1,1
3134-DSHVC,0,1.24213181384202,1.09738067173871,1.71984494312794,0,0,0,1,0,1,1,0,0,1,0,1,0,1,0,0,0,1,0,0,0,1,0,1,0,0,0
6861-OKBCE,0,-0.874566397764872,-1.48761640681715,-0.913225582316582,0,0,1,1,0,0,0,1,1,0,1,0,1,0,1,0,1,0,1,0,0,0,0,1,0,0,1
7665-NKLAV,0,0.143076973199978,-0.80569484116474,-0.331035604370669,0,1,1,0,1,0,0,0,0,1,0,0,0,1,0,1,0,0,0,0,0,1,0,1,0,0,0
5168-MSWXT,0,-0.996683602280654,0.989534195418981,-0.676924944209123,1,1,1,1,0,0,1,0,0,0,0,0,0,1,0,0,0,1,0,1,0,0,1,0,1,0,0
2408-WITXK,1,-0.915272132603466,-1.00313685165777,-0.865609818283223,0,0,0,0,1,0,0,0,0,0,0,0,0,0,0,0,0,0,0,1,0,0,1,0,1,0,1
2276-YDAVZ,0,-1.20021227647362,0.337477807824339,-0.891558104630586,0,0,0,1,0,1,1,0,0,0,0,0,0,0,0,0,0,0,0,0,0,0,1,1,0,0,1
5766-XQXMQ,0,-0.14186317067018,0.130080737978715,-0.145248508467341,0,0,0,1,0,0,0,0,0,1,0,1,0,1,0,0,0,0,0,1,0,0,1,0,0,0,1
8259-DZLIZ,0,1.28283754868061,-0.367672229650782,0.482318041289061,0,1,1,1,0,1,0,0,0,0,0,1,0,0,0,0,0,0,0,0,1,0,1,0,0,0,0
7550-WIQVA,0,0.712957260940294,1.43751186628553,1.37428489626343,1,1,1,1,0,1,1,0,0,1,0,1,0,1,0,0,0,1,0,1,1,0,1,0,1,0,0
5539-TMZLF,1,-1.28162374615081,0.159945916036485,-0.979786668784606,1,0,0,1,0,0,1,0,0,0,0,0,0,0,0,0,0,0,0,0,0,0,1,0,1,0,1
9191-MYQKX,0,-1.03738933711925,0.339136984383105,-0.792243343686871,0,1,0,1,0,0,1,0,0,0,0,0,0,1,0,0,0,0,0,0,0,0,1,0,0,0,1
0080-EMYVY,0,-0.75244919324909,-0.447312704471502,-0.690843060574798,0,0,0,1,0,0,0,0,0,0,0,1,0,0,0,0,0,0,0,0,1,0,0,1,0,0,0
5940-AHUHD,0,-1.28162374615081,0.18815191753549,-0.979413470080795,1,0,0,1,0,0,1,0,0,0,0,0,0,0,0,0,0,0,0,0,0,0,0,0,0,1,1
6168-WFVVF,1,-1.20021227647362,0.1781968581829,-0.907012921541367,0,0,0,1,0,0,1,0,0,0,0,0,0,0,0,0,0,0,0,0,0,0,1,0,1,0,1
5356-CSVSQ,0,-1.20021227647362,-0.010949269516309,-0.933927133945654,0,0,0,1,0,1,0,0,0,0,0,0,0,0,0,1,0,1,0,0,0,0,0,0,1,0,0
1618-CFHME,0,-1.24091801131222,0.36402463276458,-0.947472051607518,0,0,0,1,0,1,1,0,0,0,0,0,0,0,0,0,0,0,0,0,0,0,1,0,1,0,1
3739-YBWAB,0,0.143076973199978,-0.981567556393829,-0.431755348669909,1,1,0,0,1,0,0,0,0,1,0,0,0,1,0,0,0,0,0,0,1,0,0,0,0,1,0
0862-PRCBS,0,1.44566048803499,1.28818597599668,2.08031098527997,0,1,1,1,0,1,1,0,0,0,0,1,0,0,0,1,0,1,0,1,0,1,1,1,0,0,0
5813-UECBU,1,0.0209597686841961,0.627833705608213,0.182200424829839,1,0,0,1,0,1,1,0,0,0,0,1,0,1,0,0,0,0,0,0,0,0,1,1,0,0,1
9734-YWGEX,0,-0.955977867442059,1.1073357310913,-0.604941500103367,0,0,0,1,0,1,1,0,0,0,0,0,0,1,0,0,0,1,0,1,0,0,0,1,0,0,1
9606-PBKBQ,1,-0.0197459661543978,0.665994766459808,0.14960042040866,1,1,0,1,0,1,1,0,0,0,0,0,0,0,0,0,0,0,0,1,0,0,1,0,1,0,1
0156-FVPTA,0,-0.426803314540338,-0.356057993739427,-0.504309567263848,1,1,0,1,0,0,0,0,0,1,0,0,0,0,0,1,0,0,0,0,0,0,1,0,1,0,1
3427-GGZZI,0,-0.54892051905612,0.802047244278537,-0.298786845788371,0,1,0,1,0,1,1,0,0,0,0,1,0,0,0,0,0,0,0,1,0,0,1,0,1,0,0
6695-FRVEC,0,1.40495475319639,-0.150320100452568,0.725489926119637,1,1,1,1,0,0,0,0,0,1,0,0,0,1,0,1,0,0,0,0,0,1,1,0,0,0,0
9938-PRCVK,0,0.346605647392948,-1.50088981928727,-0.657299082961625,0,1,1,1,0,0,0,1,1,0,1,0,1,0,1,0,1,0,1,0,0,1,0,0,0,0,0
0378-TOVMS,0,-1.20021227647362,0.692541591400048,-0.890899518682683,0,0,0,1,0,0,1,0,0,0,0,0,0,0,0,1,0,0,0,1,0,0,0,0,1,0,1
1241-FPMOF,0,0.794368730617482,-1.50254899584604,-0.56035523143036,1,0,0,1,0,0,0,1,1,0,1,0,1,0,1,0,1,0,1,0,0,1,0,0,0,1,0
2004-OCQXK,0,-1.28162374615081,0.564784996375144,-0.974430169741665,0,0,0,1,0,0,1,0,0,0,0,0,0,0,0,0,0,0,0,1,0,0,1,0,1,0,1
3415-TAILE,0,-1.24091801131222,0.0255526147765211,-0.951423567294933,0,1,1,1,0,0,0,0,0,0,0,0,0,0,0,0,0,1,0,1,0,0,0,0,0,1,1
5318-IXUZF,0,-1.24091801131222,0.737339358486703,-0.929734136744007,0,0,0,1,0,0,1,0,0,0,0,1,0,0,0,0,0,1,0,0,0,0,1,0,0,0,1
1735-XMJVH,0,-0.996683602280654,-1.51250405519863,-0.943410771595452,1,1,1,1,0,0,0,1,1,0,1,0,1,0,1,0,1,0,1,0,0,0,1,0,0,1,0
4690-PKDQG,1,0.387311382231542,1.01608102035922,0.715347702521937,0,1,0,1,0,1,1,0,0,0,0,1,0,1,0,0,0,1,0,0,0,0,1,0,1,0,0
2398-YPMUR,1,-0.793154928087684,0.173219328506606,-0.607905136868929,0,1,0,1,0,0,1,0,0,0,0,0,0,0,0,0,0,0,0,0,0,0,1,0,1,0,1
4080-OGPJL,0,-0.996683602280654,0.206402859681905,-0.762936269005205,0,0,0,1,0,1,0,0,0,1,0,0,0,0,0,1,0,0,0,1,0,0,0,0,1,0,1
9451-WLYRI,0,0.835074465456076,-1.52245911455122,-0.575546613961981,0,1,0,1,0,0,0,1,1,0,1,0,1,0,1,0,1,0,1,0,1,0,0,1,0,0,0
9274-UARKJ,0,-0.711743458410496,0.606264410344268,-0.514276167942107,0,0,0,1,0,0,1,0,0,0,0,1,0,0,0,0,0,1,0,0,0,0,1,0,0,0,0
5057-LCOUI,0,0.26519417771576,-0.470541176294212,-0.12729106495453,0,0,0,0,1,0,0,0,0,0,0,0,0,1,0,0,0,1,0,1,0,0,1,0,1,0,1
5649-TJHOV,1,-0.223274640347368,-0.943406495542234,-0.557303783205078,1,1,0,0,1,0,0,0,0,0,0,0,0,0,0,0,0,0,0,1,0,0,0,0,0,0,1
3178-FESZO,0,-1.28162374615081,1.17204361688313,-0.966395421177253,0,0,0,1,0,1,1,0,0,0,0,1,0,0,0,0,0,1,0,1,0,0,1,1,0,0,1
9798-OPFEM,0,0.550134321585918,-1.45443287564185,-0.598970320842384,0,0,0,1,0,0,0,1,1,0,1,0,1,0,1,0,1,0,1,0,0,1,1,0,1,0,0
5453-AXEPF,0,-0.630331988733308,0.516668876170959,-0.423435212861406,1,1,0,1,0,1,1,0,0,0,0,1,0,0,0,0,0,0,0,0,0,0,1,0,0,0,0
8249-THVEC,0,0.753662995778888,-1.51084487863986,-0.572341495682188,1,1,1,1,0,0,0,1,1,0,1,0,1,0,1,0,1,0,1,0,1,0,0,0,0,1,0
2959-FENLU,0,-0.955977867442059,0.675949825812398,-0.667331542234675,0,0,0,1,0,0,1,0,0,0,0,0,0,1,0,0,0,0,0,1,0,0,1,1,0,0,0
9233-PSYHO,1,0.509428586747324,1.1687252637656,0.947696824941979,0,0,0,1,0,1,1,0,0,0,0,0,0,1,0,0,0,1,0,1,1,0,1,0,0,0,0
6837-HAEVO,0,1.48636622287358,1.32966538996581,2.1937194855088,1,1,1,1,0,1,1,0,0,0,0,1,0,1,0,0,0,1,0,1,0,1,1,0,1,0,0
1399-OUPJN,0,0.997897404810452,-1.49923064272851,-0.45190807867573,0,1,1,1,0,0,0,1,1,0,1,0,1,0,1,0,1,0,1,0,0,1,0,0,0,0,0
8050-WYBND,0,-0.426803314540338,-0.513679766822101,-0.557567217584239,0,0,1,0,1,0,0,0,0,0,0,0,0,1,0,0,0,1,0,1,1,0,1,1,0,0,0
7439-DKZTW,0,-1.28162374615081,0.518328052729724,-0.975044849959707,1,0,0,1,0,0,1,0,0,0,0,0,0,0,0,0,0,1,0,0,0,0,1,0,1,0,0
2709-UQGNP,0,-0.915272132603466,-0.440675998236442,-0.780125362245463,1,0,0,1,0,0,0,0,0,1,0,0,0,0,0,0,0,0,0,0,0,0,1,0,0,1,0
0301-KOBTQ,0,-0.0197459661543978,-1.48927558337592,-0.740632158236236,1,0,0,1,0,0,0,1,1,0,1,0,1,0,1,0,1,0,1,0,0,1,1,0,0,0,0
4828-FAZPK,0,-0.671037723571902,0.498417934024544,-0.453708213599997,0,1,1,1,0,1,1,0,0,0,0,1,0,0,0,0,0,0,0,0,0,0,1,1,0,0,0
8961-QDZZJ,0,0.997897404810452,0.997830078212806,1.42012247823746,0,1,1,1,0,0,1,0,0,0,0,1,0,0,0,0,0,1,0,1,1,0,1,0,1,0,0
1057-FOGLZ,0,-0.589626253894714,-1.50254899584604,-0.838432171499775,0,0,0,1,0,0,0,1,1,0,1,0,1,0,1,0,1,0,1,0,0,0,0,0,0,1,0
4174-LPGTI,0,0.346605647392948,0.0520994397167609,0.18760082960264,0,1,1,1,0,0,0,0,0,0,0,1,0,0,0,1,0,0,0,1,1,0,1,0,0,0,1
7901-HXJVA,0,-0.75244919324909,0.382275574910995,-0.519742431309699,1,0,0,1,0,0,1,0,0,0,0,0,0,1,0,0,0,0,0,0,0,0,0,0,1,0,0
7943-RQCHR,0,-0.955977867442059,0.989534195418981,-0.619693825336386,0,0,0,1,0,1,1,0,0,0,0,0,0,0,0,0,0,1,0,1,0,0,1,0,1,0,1
8510-AWCXC,1,-0.793154928087684,1.19029455902955,-0.436080063061137,0,0,0,1,0,1,1,0,0,1,0,0,0,0,0,0,0,1,0,1,0,0,1,0,1,0,1
1452-VOQCH,0,-1.28162374615081,0.337477807824339,-0.977437712237087,1,0,0,1,0,1,1,0,0,0,0,0,0,0,0,0,0,0,0,0,0,0,1,0,1,0,0
8375-KVTHK,0,1.44566048803499,1.1737027934419,1.95513574944861,1,1,0,1,0,0,1,0,0,0,0,1,0,0,0,1,0,1,0,1,1,0,1,0,1,0,0
7033-CLAMM,0,0.631545791263106,-1.48429805369962,-0.559389305373436,0,1,1,1,0,0,0,1,1,0,1,0,1,0,1,0,1,0,1,0,0,1,0,0,0,0,0
3606-TWKGI,1,-0.793154928087684,1.39271409919887,-0.411405042879719,1,0,0,1,0,1,1,0,0,0,0,1,0,1,0,0,0,1,0,1,0,0,1,0,1,0,1
5493-SDRDQ,0,-1.24091801131222,-0.326192815681657,-0.96064377056557,1,0,0,1,0,0,0,0,0,1,0,0,0,1,0,0,0,0,0,0,0,0,1,0,0,1,1
5985-TBABQ,0,-0.0197459661543978,0.325863571912985,-0.00806505551922673,0,0,0,1,0,1,0,0,0,1,0,0,0,0,0,0,0,1,0,1,1,0,0,0,0,1,0
2239-CGBUZ,0,0.753662995778888,-0.147001747335038,0.370490147335197,0,1,0,1,0,0,0,0,0,1,0,1,0,0,0,1,0,0,0,0,1,0,1,0,0,0,0
4110-PFEUZ,0,-1.28162374615081,0.153309209801425,-0.979874480244326,0,0,0,1,0,0,1,0,0,0,0,0,0,0,0,0,0,0,0,0,0,0,0,0,0,1,1
6061-PQHMK,0,-0.304686110024556,-1.49425311305221,-0.778808190349658,0,0,0,1,0,0,0,1,1,0,1,0,1,0,1,0,1,0,1,0,1,0,0,1,0,0,0
7473-ZBDSN,0,-0.75244919324909,-1.53075499734504,-0.898209822704402,0,1,1,1,0,0,0,1,1,0,1,0,1,0,1,0,1,0,1,0,0,1,0,0,0,1,0
1137-DGOWI,0,-0.101157435831586,0.176537681624135,-0.0449678214667032,0,1,0,1,0,0,0,0,0,0,0,1,0,1,0,1,0,0,0,1,1,0,0,0,0,0,0
9739-JLPQJ,0,1.60848342738936,1.74445952965705,2.7962597692449,0,1,1,1,0,1,1,0,0,1,0,1,0,1,0,1,0,1,0,1,0,1,0,1,0,0,0
5018-GWURO,0,0.957191669971858,0.685904885164988,1.14219920822255,0,1,0,1,0,1,1,0,0,0,0,0,0,0,0,0,0,1,0,0,0,0,1,0,0,0,0
6176-YJWAS,0,1.60848342738936,1.09572149517994,2.11315247121538,1,1,0,1,0,1,1,0,0,1,0,1,0,1,0,0,0,1,0,0,0,1,1,1,0,0,0
6518-PPLMZ,0,0.835074465456076,-1.51084487863986,-0.522903643859632,1,1,1,1,0,0,0,1,1,0,1,0,1,0,1,0,1,0,1,0,0,1,1,0,0,1,0
8963-JLGJT,0,-1.20021227647362,-0.299645990741418,-0.941237437967373,1,0,1,1,0,0,0,0,0,1,0,0,0,1,0,0,0,0,0,0,0,0,0,0,0,1,0
3208-YPIOE,0,0.26519417771576,0.342455337500635,0.314510341763475,1,0,0,1,0,1,1,0,0,0,0,0,0,0,0,0,0,0,0,0,0,0,0,0,1,0,1
4289-DTDKW,0,0.305899912554354,1.2068863246172,0.795475659516755,1,1,0,1,0,1,1,0,0,0,0,1,0,0,0,0,0,1,0,1,0,0,1,0,1,0,1
3507-GASNP,0,1.12001460932623,-1.49259393649345,-0.487976635755863,1,0,1,1,0,0,0,1,1,0,1,0,1,0,1,0,1,0,1,0,0,1,0,0,0,1,0
2200-DSAAL,0,1.44566048803499,0.521646405847254,1.32985229764494,0,0,0,1,0,1,0,0,0,0,0,1,0,1,0,0,0,1,0,1,0,1,1,0,1,0,0
1960-UOTYM,0,0.794368730617482,0.473530285643069,0.752974913012106,1,1,1,1,0,0,0,0,0,1,0,1,0,1,0,0,0,1,0,1,0,1,0,0,1,0,0
8328-SKJNO,0,-0.386097579701744,-0.80569484116474,-0.594448030666786,1,0,1,0,1,0,0,0,0,1,0,1,0,0,0,1,0,0,0,0,1,0,0,0,0,0,0
9548-LIGTA,0,1.16072034416483,0.534919818317374,1.07407946834449,1,1,0,1,0,0,0,0,0,1,0,1,0,0,0,1,0,1,0,1,0,1,1,0,0,1,0
9972-EWRJS,0,1.40495475319639,-1.51582240831616,-0.407629150111744,0,1,1,1,0,0,0,1,1,0,1,0,1,0,1,0,1,0,1,0,0,1,1,0,0,0,0
5485-ITNPC,0,1.3642490183578,0.695859944517578,1.44624638750426,1,1,0,1,0,0,0,0,0,1,0,1,0,1,0,1,0,1,0,1,0,1,1,0,0,0,0
7089-RKVSZ,0,-0.996683602280654,-1.34492722276336,-0.920865179312252,1,1,1,1,0,1,0,1,1,0,1,0,1,0,1,0,1,0,1,0,1,0,0,0,0,1,0
4504-YOULA,0,0.102371238361384,-0.181844455069103,-0.0721893739800113,0,1,1,1,0,1,0,0,0,1,0,1,0,0,0,0,0,0,0,0,0,0,1,1,0,0,0
8046-DNVTL,0,1.20142607900342,-0.873721080074105,0.0194199313732426,1,1,0,0,1,0,0,0,0,1,0,1,0,0,0,1,0,0,0,0,0,1,1,1,0,0,0
2792-LSHWX,0,-1.28162374615081,0.612901116579328,-0.973793536658692,0,0,0,1,0,0,1,0,0,1,0,1,0,0,0,1,0,0,0,0,0,0,1,0,0,1,0
5996-DAOQL,0,-1.28162374615081,-1.4760021709058,-1.00143219360567,1,0,0,1,0,0,0,1,1,0,1,0,1,0,1,0,1,0,1,0,0,0,1,0,0,1,0
5465-BUBFA,0,0.346605647392948,-1.51416323175739,-0.671283057922091,0,1,1,1,0,0,0,1,1,0,1,0,1,0,1,0,1,0,1,0,0,1,0,0,0,0,0
5663-QBGIS,1,1.60848342738936,1.10899490765006,2.03199272956885,1,1,0,1,0,1,1,0,0,0,0,1,0,0,0,0,0,1,0,1,0,1,0,0,0,0,0
2462-XIIJB,0,-1.11880080679644,0.914871250274557,-0.811649676285068,1,0,0,1,0,1,1,0,0,0,0,0,0,1,0,0,0,1,0,0,0,0,1,0,1,0,1
5322-TEUJK,0,1.56777769255077,1.64822728924868,2.5460629676367,0,1,1,1,0,1,1,0,0,1,0,1,0,1,0,1,0,1,0,1,0,1,0,0,0,0,0
8473-VUVJN,1,-1.28162374615081,0.289361687620155,-0.978074345320059,1,0,0,1,0,1,1,0,0,0,0,0,0,0,0,0,0,0,0,0,0,0,1,0,1,0,1
6650-VJONK,0,-1.28162374615081,-0.69950754140378,-0.991158252818391,1,0,0,1,0,0,0,0,0,0,0,0,0,0,0,0,0,0,0,0,0,0,1,0,0,0,0
6485-QXWWE,0,1.20142607900342,-1.29183357288288,-0.2909277201434,0,0,1,1,0,1,0,1,1,0,1,0,1,0,1,0,1,0,1,0,0,1,0,0,0,0,0
2888-ADFAO,0,0.590840056424512,-1.44779616940679,-0.553001021678781,0,1,1,1,0,0,0,1,1,0,1,0,1,0,1,0,1,0,1,0,0,1,1,0,0,0,0
4385-GZQXV,1,-0.671037723571902,0.979579136066392,-0.346907525715123,0,0,0,1,0,0,1,0,0,0,0,0,0,0,0,1,0,1,0,1,0,0,1,0,1,0,1
4455-BFSPD,0,1.16072034416483,1.2019087949409,1.79248697318159,0,1,0,1,0,1,1,0,0,0,0,0,0,0,0,1,0,1,0,1,1,0,0,0,0,0,0
9347-AERRL,0,-0.386097579701744,-1.51416323175739,-0.79694125678191,1,1,0,1,0,0,0,1,1,0,1,0,1,0,1,0,1,0,1,0,1,0,0,1,0,0,0
1513-XNPPH,0,-0.833860662926278,0.812002303631127,-0.529357786149077,0,0,0,1,0,0,1,0,0,0,0,0,0,1,0,1,0,0,0,1,0,0,1,0,1,0,1
7336-RLLRH,0,-0.223274640347368,0.528283112082313,-0.0425749591893237,1,1,0,1,0,1,0,0,0,1,0,0,0,0,0,1,0,1,0,1,1,0,0,0,0,1,0
6188-UXBBR,0,0.224488442877166,-1.48263887714086,-0.652688981326307,0,1,0,1,0,0,0,1,1,0,1,0,1,0,1,0,1,0,1,0,1,0,1,1,0,0,0
4716-MRVEN,0,-0.14186317067018,-1.49093475993468,-0.747283876310053,0,0,0,1,0,0,0,1,1,0,1,0,1,0,1,0,1,0,1,0,1,0,0,0,0,1,0
3913-RDSJZ,0,1.28283754868061,-1.30676616191177,-0.257449601125017,0,1,0,1,0,1,0,1,1,0,1,0,1,0,1,0,1,0,1,0,0,1,0,0,0,1,0
4807-IZYOZ,0,0.753662995778888,-1.46936546467074,-0.562243177814348,0,0,0,1,0,0,0,1,1,0,1,0,1,0,1,0,1,0,1,0,0,1,0,0,0,0,0
3401-URHDA,0,0.753662995778888,-0.166911866040218,0.32590387866219,1,0,0,1,0,1,0,0,0,1,0,0,0,0,0,1,0,0,0,0,1,0,0,1,0,0,0
1666-JZPZT,0,-0.223274640347368,-0.528612355850986,-0.443434272812716,1,0,0,1,0,1,0,0,0,0,0,0,0,0,0,0,0,0,0,0,0,0,0,0,0,1,0
0295-QVKPB,0,-1.11880080679644,-0.0325185647802536,-0.870746788676863,1,0,0,1,0,0,0,0,0,0,0,0,0,1,0,1,0,1,0,0,0,0,1,1,0,0,0
7765-LWVVH,0,1.60848342738936,1.00114843133034,1.99412403756445,0,1,1,1,0,1,1,0,0,1,0,1,0,0,0,0,0,1,0,0,0,1,1,0,1,0,0
4626-OZDTJ,0,0.753662995778888,0.455279343496654,0.724238612818622,0,1,0,1,0,1,0,0,0,0,0,1,0,0,0,1,0,1,0,1,1,0,1,1,0,0,0
2114-MGINA,0,-0.75244919324909,0.825275716101247,-0.514671319510849,0,0,0,1,0,0,1,0,0,0,0,0,0,0,0,0,0,1,0,1,0,0,1,0,0,1,1
8467-WYNSR,0,-0.426803314540338,-0.326192815681657,-0.460206261619302,1,0,0,1,0,0,0,0,0,1,0,0,0,0,0,1,0,0,0,0,0,0,0,0,0,1,0
3058-HJCUY,0,0.346605647392948,1.25002491514509,0.83949115370158,1,1,1,1,0,1,1,0,0,0,0,0,0,1,0,1,0,1,0,1,1,0,1,0,1,0,1
5542-NKVRU,0,0.387311382231542,-1.46604711155321,-0.639648979557835,0,0,0,1,0,0,0,1,1,0,1,0,1,0,1,0,1,0,1,0,0,1,1,0,0,0,0
9408-SSNVZ,0,-1.15950654163503,0.173219328506606,-0.8925898892823,0,0,0,1,0,0,1,0,0,0,0,0,0,0,0,0,0,0,0,0,0,0,1,0,1,0,1
5684-FJVYR,0,1.60848342738936,0.843526658247662,1.87129775828061,0,1,1,1,0,1,1,0,0,1,0,1,0,0,0,1,0,0,0,0,0,1,1,0,0,0,0
7874-ECPQJ,0,-1.15950654163503,-1.48927558337592,-0.972871516331629,0,0,1,1,0,0,0,1,1,0,1,0,1,0,1,0,1,0,1,0,0,0,1,0,0,0,0
4468-KAZHE,1,-0.508214784217526,-0.163593512922688,-0.457484106367972,0,1,0,1,0,0,0,0,0,0,0,1,0,0,0,0,0,0,0,1,0,0,1,0,1,0,0
7184-LRUUR,0,-0.426803314540338,0.0106200257476361,-0.377378102238083,0,0,0,1,0,0,0,0,0,0,0,1,0,1,0,0,0,1,0,0,1,0,0,0,0,0,0
5370-IIVVL,0,0.183782708038572,1.31307362437815,0.64834755875531,1,0,0,1,0,1,1,0,0,0,0,1,0,0,0,1,0,1,0,1,1,0,1,1,0,0,0
8885-QSQBX,0,-1.28162374615081,-0.510361413704572,-0.988655626216361,0,0,0,1,0,0,0,0,0,1,0,0,0,0,0,0,0,0,0,0,0,0,0,0,0,0,0
6683-VLCTZ,1,-0.508214784217526,1.11563161388512,-0.201316125498784,1,0,0,1,0,1,1,0,0,0,0,0,0,1,0,0,0,1,0,1,0,0,1,0,1,0,1
7978-DKUQH,0,-0.304686110024556,0.320886042236689,-0.221095656800793,0,1,0,1,0,0,1,0,0,0,0,0,0,1,0,0,0,0,0,0,0,0,1,0,1,0,0
3249-ZPQRG,0,-1.15950654163503,0.448642637261594,-0.865500053958572,1,0,0,1,0,1,1,0,0,0,0,1,0,0,0,0,0,0,0,0,0,0,0,0,1,0,1
6285-FTQBF,0,1.60848342738936,-1.30676616191177,-0.190383598763601,1,1,1,1,0,1,0,1,1,0,1,0,1,0,1,0,1,0,1,0,0,1,0,1,0,0,0
6878-GGDWG,0,-0.0197459661543978,-1.51084487863986,-0.72890932836357,0,1,0,1,0,0,0,1,1,0,1,0,1,0,1,0,1,0,1,0,0,0,0,0,0,0,0
7328-ZJAJO,0,1.07930887448764,-1.50752652552233,-0.473597509226656,0,1,1,1,0,0,0,1,1,0,1,0,1,0,1,0,1,0,1,0,0,1,0,1,0,0,0
5186-PEIZU,0,0.102371238361384,-1.51582240831616,-0.739227174880711,0,0,0,1,0,0,0,1,1,0,1,0,1,0,1,0,1,0,1,0,0,0,0,0,0,0,0
4632-XJMEX,0,0.835074465456076,-0.0690204490730835,0.490945517206585,1,0,1,1,0,0,0,0,0,1,0,1,0,0,0,1,0,0,0,0,1,0,0,1,0,0,0
8231-BSWXX,0,1.56777769255077,0.468552755966774,1.4274547351241,1,0,0,1,0,1,1,0,0,0,0,1,0,0,0,0,0,0,0,0,1,0,1,1,0,0,0
8168-UQWWF,0,-0.874566397764872,1.09240314206241,-0.52507697748771,0,0,0,1,0,1,1,0,0,0,0,0,0,1,0,0,0,1,0,1,0,0,1,0,0,0,1
9371-BITHB,0,0.794368730617482,-1.49591228961098,-0.540400077208911,0,1,1,1,0,0,0,1,1,0,1,0,1,0,1,0,1,0,1,0,0,1,0,0,0,1,0
2144-ESWKO,0,0.428017117070136,-0.986545086070124,-0.367762747398705,1,0,0,0,1,0,0,0,0,1,0,0,0,1,0,0,0,0,0,0,1,0,1,1,0,0,0
1982-FEBTD,0,-0.386097579701744,-1.305106985353,-0.78440617090683,0,1,1,1,0,1,0,1,1,0,1,0,1,0,1,0,1,0,1,0,0,1,1,1,0,0,0
8108-UXRQN,0,-0.874566397764872,-0.477177882529272,-0.762189871597582,0,1,1,0,1,0,0,0,0,1,0,0,0,0,0,0,0,1,0,1,0,0,0,0,1,0,0
8868-WOZGU,0,-0.182568905508774,1.35289386178851,0.297760305821818,1,0,0,1,0,1,1,0,0,0,0,1,0,1,0,0,0,1,0,1,0,0,1,0,1,0,1
8769-KKTPH,0,1.24213181384202,1.15213349817795,1.76056750757325,0,1,1,1,0,1,1,0,0,1,0,0,0,0,0,0,0,1,0,1,1,0,1,1,0,0,0
2931-FSOHN,1,-0.793154928087684,-0.166911866040218,-0.664280094009393,1,0,0,1,0,0,0,0,0,0,0,1,0,0,0,0,0,1,0,0,0,0,1,0,1,0,0
9658-WYUFB,0,-0.630331988733308,0.977919959507627,-0.300235734873757,0,0,0,1,0,1,1,0,0,1,0,1,0,0,0,0,0,1,0,0,0,0,1,0,1,0,1
1212-GLHMD,0,-1.20021227647362,0.700837474193873,-0.902907735799441,1,0,0,1,0,0,1,0,0,1,0,0,0,0,0,0,0,0,0,1,0,0,1,0,0,1,0
3859-CVCET,0,-1.15950654163503,-0.639777185288241,-0.926529018464215,0,0,0,1,0,0,0,0,0,0,0,0,0,0,0,0,0,0,0,0,0,0,0,0,0,1,1
0178-SZBHO,0,0.590840056424512,0.738998535045468,0.753479828905498,1,1,1,1,0,1,1,0,0,0,0,1,0,0,0,0,0,1,0,0,0,0,0,0,1,0,0
5795-BKOYE,0,1.48636622287358,-0.193458690980458,0.804959297166552,0,1,1,1,0,0,0,0,0,0,0,1,0,1,0,1,0,0,0,0,1,0,0,0,0,0,0
4587-NUKOX,0,-1.20021227647362,0.470211932525539,-0.902183291256748,0,0,0,1,0,0,1,0,0,1,0,1,0,0,0,0,0,0,0,0,0,0,1,0,1,0,1
1734-ZMNTZ,0,-0.874566397764872,-1.32501710405818,-0.878386385672533,0,1,1,1,0,1,0,1,1,0,1,0,1,0,1,0,1,0,1,0,0,1,0,0,0,1,0
3217-FZDMN,1,-0.996683602280654,0.979579136066392,-0.684213295365912,0,0,0,1,0,0,1,0,0,0,0,0,0,1,0,0,0,1,0,1,0,0,1,1,0,0,1
5222-JCXZT,0,-1.15950654163503,-1.52411829110998,-0.9757692945024,1,0,0,1,0,0,0,1,1,0,1,0,1,0,1,0,1,0,1,0,0,0,0,0,0,1,0
4598-ZADCK,0,0.835074465456076,-0.375968112444607,0.253722858772063,0,0,0,0,1,0,0,0,0,1,0,1,0,1,0,1,0,1,0,0,1,0,1,0,1,0,0
4712-UYOOI,0,-0.508214784217526,-1.49093475993468,-0.827038634601059,0,1,1,1,0,0,0,1,1,0,1,0,1,0,1,0,1,0,1,0,0,0,0,0,1,0,0
9708-HPXWZ,1,-1.11880080679644,-0.648073068082066,-0.916123360487353,1,0,0,0,1,0,0,0,0,0,0,0,0,1,0,1,0,1,0,0,0,0,0,1,0,0,0
2608-BHKFN,0,-1.15950654163503,0.169900975389075,-0.893226522365272,0,0,0,1,0,0,1,0,0,0,0,0,0,0,0,0,0,0,0,0,0,0,1,1,0,0,1
1221-GHZEP,0,1.20142607900342,0.00564249607134094,0.67853274803418,0,0,0,1,0,0,0,0,0,1,0,0,0,0,0,1,0,0,0,1,0,1,1,0,0,1,0
9391-DXGGG,1,0.46872285190873,0.803706420837302,0.741756999032831,0,0,0,1,0,0,1,0,0,0,0,1,0,1,0,0,0,0,0,1,1,0,0,1,0,0,0
1449-XQEMT,0,-1.20021227647362,-1.49757146616974,-0.984879733448386,1,0,0,1,0,0,0,1,1,0,1,0,1,0,1,0,1,0,1,0,0,0,1,0,0,1,1
2725-TTRIQ,0,1.60848342738936,0.639447941519568,1.61802755558219,0,1,1,1,0,1,0,0,0,1,0,0,0,1,0,1,0,1,0,1,0,1,1,0,0,0,0
5442-PPTJY,0,-0.833860662926278,-1.50088981928727,-0.896980462268317,1,1,1,1,0,0,0,1,1,0,1,0,1,0,1,0,1,0,1,0,0,1,0,0,0,1,0
6645-MXQJT,0,-1.24091801131222,1.06751549368094,-0.929558513824567,1,1,1,1,0,0,1,0,0,1,0,0,0,0,0,0,0,1,0,1,0,0,0,0,1,0,0
6425-JWTDV,0,0.631545791263106,-1.51582240831616,-0.634973019327727,1,1,0,1,0,0,0,1,1,0,1,0,1,0,1,0,1,0,1,0,0,1,0,0,0,1,0
5543-QDCRY,0,-1.15950654163503,-0.283054225153767,-0.907298308785458,1,0,0,1,0,0,0,0,0,0,0,0,0,0,0,0,0,1,0,0,0,0,1,0,1,0,0
5153-RTHKF,0,0.0616655035227901,0.677609002371163,0.261362455767733,0,0,0,1,0,1,1,0,0,0,0,0,0,0,0,0,0,1,0,0,0,0,0,0,1,0,0
3658-QQJYD,0,1.20142607900342,0.3109309828841,1.05230222633385,1,0,0,1,0,0,0,0,0,1,0,1,0,0,0,0,0,1,0,1,1,0,1,1,0,0,0
5275-SQEIZ,0,-1.28162374615081,0.528283112082313,-0.974913132770127,1,0,0,1,0,0,1,0,0,0,0,0,0,0,0,0,0,0,0,1,0,0,1,0,0,1,1
7247-XOZPB,0,0.835074465456076,0.413799929527529,0.814289264761839,1,1,0,1,0,1,0,0,0,1,0,0,0,1,0,1,0,1,0,0,1,0,0,0,0,0,0
1754-GKYPY,1,-0.426803314540338,0.823616539542482,-0.159122719103157,1,1,0,1,0,0,1,0,0,0,0,0,0,0,0,0,0,1,0,1,0,0,1,0,0,0,0
6384-VMJHP,0,1.60848342738936,0.26779239235621,1.30131357323582,0,0,0,1,0,0,0,0,0,1,0,1,0,1,0,1,0,0,0,1,0,1,1,1,0,0,0
2984-AFWNC,0,-1.20021227647362,1.01110349068293,-0.881701268276976,0,0,0,1,0,0,1,0,0,0,0,1,0,0,0,0,0,1,0,1,0,0,0,0,1,0,0
1064-FBXNK,0,-1.28162374615081,-1.49591228961098,-1.00169562798483,1,1,1,1,0,0,0,1,1,0,1,0,1,0,1,0,1,0,1,0,1,0,0,1,0,0,0
4129-LYCOI,0,1.40495475319639,1.2964818587905,2.08013536236053,0,0,1,1,0,1,1,0,0,0,0,1,0,0,0,1,0,1,0,1,0,1,1,0,1,0,0
3137-LUPIX,0,-1.15950654163503,-0.0175859757513686,-0.899329418815837,0,0,0,1,0,1,0,0,0,0,0,0,0,0,0,1,0,1,0,0,0,0,1,0,0,1,0
6100-FJZDG,0,-0.263980375185962,-1.48927558337592,-0.788291827999456,1,1,1,1,0,0,0,1,1,0,1,0,1,0,1,0,1,0,1,0,1,0,1,0,0,0,0
6474-FVJLC,0,-1.24091801131222,0.699178297635108,-0.937768885308419,1,0,0,1,0,1,1,0,0,0,0,0,0,0,0,0,0,0,0,1,0,0,1,0,1,0,1
1796-JANOW,0,-1.24091801131222,-1.49259393649345,-0.993660879420421,0,0,0,1,0,0,0,1,1,0,1,0,1,0,1,0,1,0,1,0,0,0,0,0,0,1,0
8329-UTMVM,1,-0.223274640347368,1.31805115405445,0.290954917693491,1,0,0,1,0,1,1,0,0,0,0,1,0,0,0,1,0,1,0,1,1,0,1,0,0,0,0
5256-SKJGO,0,1.28283754868061,-0.342784581269307,0.492701746400992,0,1,1,0,1,0,0,0,0,0,0,1,0,0,0,1,0,1,0,1,0,1,1,0,1,0,0
5087-SUURX,0,-0.589626253894714,-0.85878849104522,-0.7163083838937,0,1,0,0,1,0,0,0,0,0,0,0,0,1,0,0,0,1,0,0,0,0,1,0,1,0,1
4355-HBJHH,0,1.40495475319639,0.490122051230719,1.31369498905639,1,1,1,1,0,1,0,0,0,1,0,0,0,1,0,0,0,1,0,1,0,1,1,0,1,0,1
0679-TDGAK,0,0.712957260940294,0.350751220294459,0.757058145889102,1,1,1,1,0,0,0,0,0,1,0,0,0,0,0,1,0,1,0,1,1,0,0,0,1,0,0
2359-QWQUL,0,0.26519417771576,1.31971033061321,0.805025155761343,0,1,0,1,0,0,1,0,0,1,0,0,0,1,0,1,0,1,0,1,1,0,1,1,0,0,1
7228-OMTPN,0,-1.15950654163503,0.780477949014593,-0.847674327635341,1,0,0,1,0,0,1,0,0,0,0,0,0,0,0,0,0,1,0,1,0,0,1,0,1,0,1
5293-WXJAK,1,-0.874566397764872,1.29814103534927,-0.512673608802211,0,1,0,1,0,1,1,0,0,0,0,0,0,1,0,1,0,1,0,1,0,0,1,0,0,0,1
9050-IKDZA,1,-1.24091801131222,0.549852407346259,-0.939042151474364,0,0,0,1,0,0,1,0,0,0,0,0,0,0,0,0,0,1,0,0,0,0,0,0,0,1,0
1915-OAKWD,0,-0.671037723571902,-1.51416323175739,-0.852196617810939,0,0,1,1,0,0,0,1,1,0,1,0,1,0,1,0,1,0,1,0,1,0,1,0,0,0,0
7530-HDYDS,0,0.224488442877166,0.641107118078333,0.422891635923315,0,0,0,1,0,0,1,0,0,0,0,1,0,1,0,1,0,0,0,0,0,0,1,1,0,0,1
2190-PHBHR,0,1.60848342738936,0.979579136066392,2.02861198836961,0,1,0,1,0,1,1,0,0,1,0,1,0,0,0,0,0,0,0,1,0,1,1,1,0,0,0
3665-JATSN,0,-0.54892051905612,-0.837219195781275,-0.69865828048991,0,0,0,0,1,0,0,0,0,0,0,1,0,0,0,0,0,0,0,1,0,0,1,0,1,0,0
3030-ZKIWL,0,-1.28162374615081,-1.48927558337592,-1.00160781652511,1,0,0,1,0,0,0,1,1,0,1,0,1,0,1,0,1,0,1,0,0,0,0,0,0,1,0
5269-NRGDP,0,0.387311382231542,0.272769922032505,0.345507787044758,1,1,1,1,0,0,0,0,0,0,0,0,0,1,0,1,0,1,0,1,1,0,0,0,1,0,0
0895-UADGO,0,-0.996683602280654,-0.676279069581071,-0.859616686157309,1,0,1,0,1,0,0,0,0,1,0,0,0,0,0,1,0,0,0,1,0,1,1,0,0,1,0
2418-TPEUN,0,0.957191669971858,-1.49757146616974,-0.518710646657985,0,1,1,1,0,0,0,1,1,0,1,0,1,0,1,0,1,0,1,0,0,1,1,1,0,0,0
8184-WMOFI,0,1.20142607900342,0.21469874247573,0.959770900653527,1,1,1,1,0,0,0,0,0,1,0,0,0,1,0,1,0,0,0,1,1,0,0,1,0,0,0
2181-UAESM,0,-1.24091801131222,-0.380945642120902,-0.957943568179169,1,0,0,1,0,0,0,0,0,1,0,0,0,1,0,0,0,0,0,0,0,0,0,0,1,0,0
9821-POOTN,0,0.102371238361384,0.34079616094187,0.120688497295735,1,1,0,1,0,1,1,0,0,0,0,0,0,0,0,0,0,0,0,0,0,0,1,0,1,0,1
0219-QAERP,0,-0.101157435831586,-1.49757146616974,-0.757228524123382,1,1,0,1,0,0,0,1,1,0,1,0,1,0,1,0,1,0,1,0,1,0,0,1,0,0,0
9348-ROUAI,0,1.07930887448764,0.841867481688897,1.27007464644031,0,1,1,1,0,1,0,0,0,1,0,1,0,1,0,1,0,1,0,1,0,1,0,1,0,0,0
2692-AQCPF,0,1.3235432835192,1.43087516005047,2.11519408765388,0,1,0,1,0,1,1,0,0,0,0,1,0,1,0,1,0,1,0,1,1,0,1,1,0,0,0
2382-BCKQJ,0,1.20142607900342,1.1687252637656,1.805548927815,0,0,1,1,0,1,1,0,0,0,0,0,0,1,0,0,0,1,0,1,1,0,1,0,1,0,1
7707-PYBBH,0,0.305899912554354,-0.100544803689618,0.151817659766598,1,0,0,1,0,0,0,0,0,1,0,1,0,0,0,1,0,0,0,0,0,0,1,0,0,1,0
0447-RXSGD,0,-0.34539184486315,1.15213349817795,0.0454560291803259,1,0,0,1,0,1,1,0,0,0,0,1,0,0,0,0,0,1,0,1,0,0,1,0,0,0,0
3753-TSEMP,0,-0.711743458410496,0.770522889662003,-0.399857835926493,0,1,0,1,0,0,1,0,0,0,0,0,0,0,0,0,0,1,0,1,0,0,0,0,1,0,1
8221-EQDGL,0,0.102371238361384,-0.130409981747388,-0.0750212935559927,1,1,0,1,0,0,0,0,0,1,0,1,0,1,0,0,0,0,0,0,0,0,0,0,0,1,0
1084-MNSMJ,0,0.753662995778888,0.682586532047458,0.931078506189903,0,1,1,1,0,0,0,0,0,1,0,1,0,1,0,1,0,1,0,1,0,1,0,1,0,0,0
2782-JEEBU,0,-0.467509049378932,-0.959998261129884,-0.667880363857927,1,0,0,0,1,0,0,0,0,0,0,1,0,0,0,1,0,0,0,0,0,0,1,0,0,1,0
2977-CEBSX,0,1.3642490183578,0.833571598895072,1.608982975231,0,0,0,1,0,1,0,0,0,1,0,1,0,1,0,1,0,1,0,1,0,1,1,1,0,0,0
5494-WOZRZ,0,1.56777769255077,0.566444172933908,1.62386701765359,0,1,1,1,0,0,0,0,0,1,0,0,0,1,0,1,0,1,0,1,0,1,1,1,0,0,0
8384-FZBJK,0,0.997897404810452,1.18365785279448,1.45344692720133,0,1,1,1,0,1,1,0,0,0,0,1,0,0,0,0,0,1,0,1,0,0,1,0,1,0,0
0067-DKWBL,1,-1.24091801131222,-0.520316473057161,-0.970412795459459,1,0,0,1,0,0,0,0,0,1,0,0,0,0,0,0,0,0,0,0,0,0,1,0,1,0,1
9957-YODKZ,1,-1.07809507195784,0.526623935523549,-0.809717824171221,1,1,0,1,0,1,1,0,0,0,0,0,0,1,0,0,0,0,0,0,0,0,1,0,1,0,0
0386-CWRGM,0,0.550134321585918,-1.51084487863986,-0.58546930891038,0,1,1,1,0,0,0,1,1,0,1,0,1,0,1,0,1,0,1,0,0,1,0,0,0,1,0
1216-JWVUX,0,-0.304686110024556,0.350751220294459,-0.175741037855233,1,1,1,1,0,0,1,0,0,0,0,1,0,0,0,0,0,0,0,0,0,0,1,0,1,0,0
0188-GWFLE,0,-1.24091801131222,-1.48927558337592,-0.995614684399199,1,0,0,1,0,0,0,1,1,0,1,0,1,0,1,0,1,0,1,0,0,0,0,0,0,1,0
2685-SREOM,0,-0.304686110024556,0.802047244278537,0.0294523906462924,0,1,1,1,0,1,1,0,0,0,0,0,0,1,0,0,0,0,0,1,0,0,1,0,1,0,1
3285-UCQVC,0,0.183782708038572,-1.2055563918271,-0.58296668230835,0,0,0,0,1,0,0,0,0,0,0,0,0,0,0,1,0,0,0,0,0,0,0,1,0,0,1
5219-YIPTK,0,0.0209597686841961,1.30975527126063,0.486598849950428,0,1,0,1,0,1,1,0,0,0,0,1,0,1,0,0,0,1,0,1,0,0,1,0,1,0,1
9227-UAQFT,0,-0.671037723571902,-1.49923064272851,-0.885564972504672,1,0,0,1,0,0,0,1,1,0,1,0,1,0,1,0,1,0,1,0,0,1,0,0,0,1,0
7426-RHZGU,0,-0.955977867442059,1.02769525627058,-0.647112953634065,1,0,0,1,0,0,1,0,0,0,0,0,0,0,0,1,0,1,0,1,0,0,1,0,0,0,0
5552-ZNFSJ,0,-1.28162374615081,-0.651391421199596,-0.990521619735419,1,0,0,1,0,0,0,0,0,0,0,0,0,0,0,0,0,0,0,0,0,0,0,0,1,0,1
9929-PLVPA,0,-1.15950654163503,-1.47766134746456,-0.968920000644213,0,0,1,1,0,0,0,1,1,0,1,0,1,0,1,0,1,0,1,0,0,0,0,1,0,0,0
6745-JEFZB,0,0.102371238361384,0.881687719099257,0.410532172967676,1,1,0,1,0,1,1,0,0,0,0,0,0,0,0,1,0,1,0,0,0,0,1,1,0,0,0
5995-WWKKG,0,0.183782708038572,-1.49757146616974,-0.705244139968936,0,0,0,1,0,0,0,1,1,0,1,0,1,0,1,0,1,0,1,0,1,0,1,0,1,0,0
2673-CXQEU,1,0.957191669971858,1.51217481142995,1.68518136940333,0,0,0,1,0,1,1,0,0,1,0,1,0,1,0,0,0,1,0,1,1,0,0,0,1,0,0
7956-XQWGU,0,-0.223274640347368,-1.51084487863986,-0.808334793680625,1,0,0,1,0,0,0,1,1,0,1,0,1,0,1,0,1,0,1,0,0,0,1,1,0,0,0
1087-GRUYI,0,0.224488442877166,-1.47766134746456,-0.683971813851681,1,1,0,1,0,0,0,1,1,0,1,0,1,0,1,0,1,0,1,0,0,1,0,0,0,0,0
3845-JHAMY,0,-0.671037723571902,-0.976590026717534,-0.767743946424894,0,1,1,0,1,0,0,0,0,0,0,0,0,0,0,0,0,0,0,1,0,0,1,1,0,0,0
7207-RMRDB,0,1.3235432835192,1.34625715555346,2.05668970261519,0,1,1,1,0,1,1,0,0,0,0,1,0,1,0,0,0,1,0,1,0,0,1,0,1,0,1
7228-PAQPD,0,-0.75244919324909,-0.193458690980458,-0.67108548213772,0,0,0,1,0,0,0,0,0,0,0,0,0,0,0,1,0,0,0,1,1,0,0,1,0,0,0
1724-BQUHA,1,-1.11880080679644,0.815320656748657,-0.800673243820025,1,0,0,1,0,0,1,0,0,0,0,0,0,0,0,0,0,1,0,1,0,0,1,0,1,0,1
8107-RZLNV,0,1.60848342738936,1.37280398049369,2.31121121861463,1,1,0,1,0,1,1,0,0,0,0,1,0,1,0,0,0,1,0,1,0,1,1,0,0,0,0
7339-POGZN,0,-1.15950654163503,-0.472200352852977,-0.916211171947074,0,0,0,1,0,1,0,0,0,0,0,0,0,0,0,0,0,0,0,0,0,0,0,0,1,0,0
8883-GRDWQ,1,-0.508214784217526,-0.362694699974487,-0.546810313768496,1,0,0,1,0,0,0,0,0,1,0,0,0,0,0,1,0,0,0,0,1,0,0,0,0,1,0
0508-SQWPL,0,0.997897404810452,-1.48761640681715,-0.532848291672961,0,1,1,1,0,0,0,1,1,0,1,0,1,0,1,0,1,0,1,0,0,1,1,0,0,0,0
1830-GGFNM,0,1.3235432835192,0.982897489183921,1.65850863851327,1,1,1,1,0,1,1,0,0,1,0,1,0,1,0,1,0,0,0,0,0,1,0,1,0,0,0
7488-MXJIV,0,-1.15950654163503,0.687564061723753,-0.869188135266827,0,0,0,1,0,1,1,0,0,0,0,0,0,0,0,0,0,1,0,0,0,0,1,0,1,0,1
2277-AXSDC,0,-0.0197459661543978,-1.49923064272851,-0.736373302439799,0,0,0,1,0,0,0,1,1,0,1,0,1,0,1,0,1,0,1,0,1,0,0,0,0,0,0
4475-NVTLU,0,0.509428586747324,-1.51748158487492,-0.613634834615682,1,1,1,1,0,0,0,1,1,0,1,0,1,0,1,0,1,0,1,0,0,1,0,0,1,0,0
0921-OHLVP,0,-0.426803314540338,0.601286880667973,-0.22041511798796,1,0,0,1,0,1,1,0,0,0,0,0,0,0,0,0,0,0,0,1,0,0,0,0,1,0,0
4636-JGAAI,0,0.0616655035227901,0.793751361484712,0.306870744767804,1,1,0,1,0,1,1,0,0,0,0,1,0,0,0,0,0,0,0,1,0,0,0,0,0,1,0
0840-DCNZE,0,0.590840056424512,0.730702652251643,0.80680333782068,1,0,0,1,0,0,0,0,0,1,0,1,0,1,0,1,0,1,0,1,1,0,1,0,0,0,0
2333-KWEWW,0,-0.589626253894714,-1.48927558337592,-0.83979324912544,1,0,0,1,0,0,0,1,1,0,1,0,1,0,1,0,1,0,1,0,0,1,0,1,0,0,0
7594-RQHXR,0,-1.28162374615081,0.486803698113189,-0.975461954393379,0,0,1,1,0,0,1,0,0,0,0,0,0,0,0,0,0,0,0,1,0,0,1,0,1,0,1
3258-SANFR,1,-1.07809507195784,-0.671301539904776,-0.889011572298696,1,0,0,1,0,0,0,0,0,0,0,0,0,0,0,0,0,0,0,0,0,0,0,1,0,0,0
2908-ZTPNF,0,0.143076973199978,-0.998159321981479,-0.454037506573948,0,0,0,0,1,0,0,0,0,0,0,1,0,0,0,1,0,0,0,0,0,0,1,0,0,0,0
2577-GVSIL,0,0.102371238361384,0.282724981385095,0.157964461947023,1,1,1,1,0,1,0,0,0,0,0,0,0,0,0,1,0,1,0,1,1,0,1,0,0,0,0
6595-YGXIT,1,-0.304686110024556,0.797069714602243,-0.00444283280576234,1,0,0,1,0,1,1,0,0,0,0,1,0,0,0,0,0,1,0,0,0,0,1,0,1,0,1
5404-GGUKR,0,-1.11880080679644,-0.450631057589032,-0.89524618593884,1,0,0,1,0,0,0,0,0,0,0,1,0,0,0,0,0,0,0,0,0,0,1,0,1,0,0
1215-VFYVK,0,-1.15950654163503,-0.553500004232461,-0.921611576719875,0,0,0,0,1,0,0,0,0,1,0,0,0,1,0,1,0,0,0,1,0,0,0,0,0,1,0
4565-EVZMJ,0,0.590840056424512,-0.200095397215518,0.224679218469558,0,0,0,1,0,0,0,0,0,1,0,1,0,0,0,1,0,0,0,0,1,0,1,0,0,1,0
4132-POCZS,0,0.794368730617482,-0.830582489546215,-0.123120020617814,1,1,0,0,1,0,0,0,0,1,0,0,0,0,0,0,0,0,0,1,0,0,1,0,1,0,0
7219-TLZHO,0,-1.15950654163503,-1.46272875843568,-0.982794211280028,0,1,1,1,0,0,0,1,1,0,1,0,1,0,1,0,1,0,1,0,0,0,0,0,0,1,0
2197-OMWGI,1,1.44566048803499,-0.395878231149787,0.594892332650548,0,1,1,0,1,0,0,0,0,0,0,1,0,1,0,0,0,1,0,1,0,1,1,0,1,0,0
8746-BFOAJ,1,-0.467509049378932,-1.47434299434703,-0.821813852747699,1,0,0,1,0,0,0,1,1,0,1,0,1,0,1,0,1,0,1,0,1,0,0,0,0,0,0
7940-UQQUG,0,1.28283754868061,1.30975527126063,1.9407566229194,0,1,1,1,0,1,1,0,0,1,0,0,0,0,0,1,0,1,0,1,1,0,1,0,0,0,0
5494-HECPR,0,-1.28162374615081,0.508372993377134,-0.975176567149288,0,0,0,1,0,0,1,0,0,0,0,0,0,0,0,0,0,1,0,0,0,0,1,0,1,0,1
5485-WUYWF,1,-1.24091801131222,0.0487810865992311,-0.968898047779283,1,0,0,1,0,0,0,0,0,1,0,0,0,1,0,0,0,1,0,0,0,0,0,0,0,0,1
3541-ZNUHK,0,0.916485935133264,0.669313119577338,1.00966976263962,0,1,1,1,0,1,1,0,0,1,0,1,0,0,0,0,0,0,0,0,0,0,1,0,1,0,0
5965-GGPRW,0,1.60848342738936,1.33796127275963,2.33070536267254,1,1,1,1,0,1,1,0,0,1,0,0,0,1,0,0,0,1,0,1,0,1,0,0,0,0,0
9895-VFOXH,0,-1.28162374615081,-1.34492722276336,-0.999697917276195,0,0,0,0,1,0,0,0,0,0,0,0,0,0,0,0,0,0,0,0,0,0,0,0,0,1,0
2612-RANWT,0,-0.833860662926278,1.1687252637656,-0.499216502600067,0,0,0,1,0,1,1,0,0,0,0,0,0,1,0,0,0,1,0,1,0,0,1,0,0,0,1
4523-WXCEF,0,1.07930887448764,1.20024961838213,1.64145126246259,0,1,0,1,0,1,1,0,0,0,0,1,0,0,0,0,0,1,0,1,0,0,0,0,1,0,1
1343-EHPYB,0,1.24213181384202,1.27657174008532,1.88868442730524,1,1,0,1,0,1,1,0,0,0,0,1,0,1,0,0,0,1,0,1,0,0,1,0,1,0,1
3682-YEUWS,0,-0.915272132603466,-1.34492722276336,-0.898934267247095,1,1,1,1,0,1,0,1,1,0,1,0,1,0,1,0,1,0,1,0,0,0,1,0,0,1,0
3896-ZVNET,0,-0.34539184486315,-1.33497216341077,-0.759379904886531,0,1,1,1,0,1,0,1,1,0,1,0,1,0,1,0,1,0,1,0,0,1,0,0,0,1,0
0960-HUWBM,0,1.3235432835192,1.29980021190803,1.93129493813454,1,1,1,1,0,1,1,0,0,0,0,0,0,1,0,1,0,1,0,1,0,1,1,0,0,0,0
8263-OKETD,0,-0.508214784217526,0.131739914537481,-0.408748746223178,0,0,0,1,0,1,0,0,0,0,0,1,0,0,0,1,0,0,0,1,0,0,1,1,0,0,0
0657-DOGUM,0,0.631545791263106,-0.143683394217508,0.300284885288778,0,1,0,1,0,1,0,0,0,1,0,0,0,0,0,1,0,0,0,0,1,0,1,0,0,0,0
2363-BJLSL,0,1.20142607900342,0.513350523053429,1.176599347568,1,0,0,1,0,0,0,0,0,0,0,1,0,1,0,1,0,1,0,1,0,0,1,0,0,0,0
6806-YDEUL,1,-1.07809507195784,-1.50752652552233,-0.963519595871411,0,0,0,1,0,0,0,1,1,0,1,0,1,0,1,0,1,0,1,0,0,0,0,0,0,0,0
3723-BFBGR,1,-0.34539184486315,-0.336147875034247,-0.443456225677646,1,0,0,1,0,1,0,0,0,0,0,1,0,0,0,0,0,0,0,0,0,0,0,1,0,0,0
2202-OUTMO,0,0.0616655035227901,-0.135387511423683,-0.130715711883624,0,1,0,1,0,1,0,0,0,1,0,0,0,0,0,1,0,0,0,0,0,0,1,0,0,0,0
0756-MPZRL,0,0.550134321585918,-1.03632038283307,-0.335206648707386,1,0,0,0,1,0,0,0,0,0,0,0,0,1,0,1,0,0,0,0,1,0,0,1,0,0,0
7109-MFBYV,0,-0.263980375185962,-0.646413891523301,-0.468987407591337,1,0,0,1,0,0,0,0,0,0,0,0,0,0,0,0,0,0,0,0,0,0,0,0,1,0,0
7909-FIOIY,0,-0.54892051905612,-1.32999463373448,-0.819508801930039,0,1,1,0,1,0,0,0,0,0,0,0,0,0,0,0,0,0,0,0,0,0,1,0,0,1,0
7901-IIDQV,0,-0.34539184486315,-0.342784581269307,-0.464991986174062,1,0,0,1,0,1,0,0,0,0,0,0,0,0,0,1,0,0,0,0,1,0,0,0,0,0,0
4884-TVUQF,1,0.997897404810452,1.2068863246172,1.52716464763656,0,0,0,1,0,1,1,0,0,1,0,0,0,1,0,1,0,0,0,1,0,1,0,1,0,0,0
3274-NSDWE,0,1.44566048803499,-1.5042081724048,-0.377443960832874,0,0,0,1,0,0,0,1,1,0,1,0,1,0,1,0,1,0,1,0,0,1,0,1,0,0,0
7077-XJMET,0,-0.833860662926278,0.305953453207805,-0.684893834178745,1,1,0,1,0,0,0,0,0,0,0,0,0,1,0,1,0,1,0,1,0,0,1,0,1,0,0
1689-YQBYY,0,-0.833860662926278,0.387253104587289,-0.618332747710721,0,0,1,1,0,1,1,0,0,0,0,0,0,0,0,0,0,0,0,0,0,0,1,0,1,0,0
0980-PVMRC,0,0.305899912554354,-0.467222823176682,-0.116248773894696,0,1,1,0,1,0,0,0,0,0,0,1,0,0,0,0,0,1,0,1,0,0,1,0,1,0,0
2504-DSHIH,1,-0.386097579701744,0.725725122575348,-0.142899551919822,1,1,0,1,0,1,1,0,0,0,0,0,0,0,0,0,0,0,0,1,0,0,0,0,1,0,0
4763-PGDPO,0,-1.15950654163503,0.18151521130043,-0.887035814454988,0,0,0,1,0,0,1,0,0,0,0,0,0,0,0,0,0,0,0,0,0,0,0,0,1,0,1
0254-WWRKD,0,1.40495475319639,-0.477177882529272,0.496323969114457,0,1,1,1,0,0,0,0,0,0,0,1,0,0,0,0,0,0,0,0,1,0,0,1,0,0,0
4808-YNLEU,0,0.102371238361384,-0.0922489208957935,-0.0377014231748444,0,1,0,1,0,0,0,0,0,1,0,0,0,0,0,0,0,1,0,0,1,0,1,0,0,0,0
7779-LGOVN,1,-0.915272132603466,0.720747592899053,-0.634292480514894,1,1,0,1,0,1,1,0,0,0,0,0,0,0,0,0,0,0,0,1,0,0,1,0,1,0,1
2030-BTZRO,0,-1.07809507195784,-1.47766134746456,-0.96316835003253,1,1,1,1,0,0,0,1,1,0,1,0,1,0,1,0,1,0,1,0,0,1,1,1,0,0,0
0195-IESCP,0,-0.915272132603466,0.674290649253633,-0.634885207868006,1,1,0,1,0,1,1,0,0,0,0,0,0,0,0,0,0,0,0,1,0,0,1,0,1,0,1
3853-LYGAM,0,-0.630331988733308,1.01939937347675,-0.290356945655218,1,0,0,1,0,1,1,0,0,0,0,0,0,1,0,1,0,0,0,1,0,0,1,0,0,0,0
0623-EJQEG,0,1.3235432835192,0.949713958008622,1.65433759417656,1,0,0,1,0,1,1,0,0,1,0,0,0,0,0,1,0,0,0,1,1,0,0,0,1,0,0
5644-PDMZC,1,-1.24091801131222,0.815320656748657,-0.939503161637896,0,0,0,1,0,1,1,0,0,0,0,1,0,0,0,0,0,0,0,1,0,0,0,0,1,0,1
5655-JSMZM,1,0.6722515261017,1.03765031562317,1.0611711837656,1,0,0,1,0,1,1,0,0,0,0,0,0,0,0,0,0,1,0,1,0,0,1,0,1,0,1
9036-CSKBW,0,0.753662995778888,1.41096504134529,1.48382969226457,0,0,0,1,0,1,1,0,0,1,0,1,0,1,0,0,0,1,0,1,1,0,0,0,0,0,0
7255-SSFBC,0,1.60848342738936,1.57024599098673,2.52033420993863,1,1,1,1,0,1,1,0,0,0,0,1,0,1,0,1,0,1,0,1,0,1,1,0,0,0,0
9142-KZXOP,0,0.46872285190873,0.130080737978715,0.288737678335552,1,0,0,1,0,0,1,0,0,0,0,0,0,0,0,0,0,0,0,0,0,0,0,1,0,0,0
4615-PIVVU,0,0.387311382231542,0.0520994397167609,0.20259463634989,0,0,0,1,0,0,0,0,0,0,0,0,0,1,0,1,0,0,0,1,0,1,0,1,0,0,0
4236-UJPWO,0,-1.24091801131222,-1.34160886964583,-0.990038656706957,0,0,0,0,1,0,0,0,0,0,0,0,0,0,0,0,0,0,0,0,0,0,0,0,1,0,0
3348-CFRNX,0,-0.182568905508774,0.909893720598262,0.132411327168401,0,1,0,1,0,0,1,0,0,1,0,0,0,0,0,0,0,1,0,1,0,0,1,0,0,1,1
0020-JDNXP,0,0.0616655035227901,-0.122114098953563,-0.135281907789082,0,1,1,0,1,0,0,0,0,1,0,0,0,1,0,1,0,1,0,1,1,0,0,0,0,1,0
2486-WYVVE,0,-0.0604517009929918,0.476848638760599,0.080207414364654,1,1,0,1,0,1,0,0,0,0,0,0,0,1,0,1,0,1,0,1,1,0,1,0,0,1,0
1905-OEILC,0,-1.28162374615081,-1.50752652552233,-1.00184929803934,0,0,0,1,0,0,0,1,1,0,1,0,1,0,1,0,1,0,1,0,0,0,0,0,0,1,0
4704-ERYFC,0,-0.426803314540338,0.143354150448836,-0.328115873334968,0,1,0,1,0,0,1,0,0,0,0,0,0,0,0,0,0,0,0,0,0,0,1,0,1,0,1
0637-KVDLV,0,-1.24091801131222,0.383934751469759,-0.939086057204225,1,0,0,1,0,1,1,0,0,0,0,0,0,0,0,0,0,0,0,0,0,0,1,0,1,0,1
1291-CUOCY,0,1.60848342738936,1.51549316454748,2.48545110756473,1,1,0,1,0,1,1,0,0,0,0,1,0,1,0,1,0,1,0,1,0,1,1,1,0,0,0
7743-EXURX,0,-0.996683602280654,-0.460586116941622,-0.828180183577424,1,1,1,1,0,0,0,0,0,0,0,0,0,1,0,0,0,0,0,0,0,0,1,0,1,0,1
4139-DETXS,0,1.60848342738936,-0.0159267991926037,0.977640532706618,0,1,1,0,1,0,0,0,0,1,0,1,0,1,0,1,0,1,0,1,0,1,0,0,0,0,0
4316-XCSLJ,0,-0.630331988733308,-0.485473765323097,-0.638617194906121,1,0,1,1,0,0,0,0,0,1,0,0,0,0,0,0,0,0,0,0,0,0,1,0,0,1,0
6719-FGEDO,0,1.60848342738936,1.06419714056341,2.10873994536443,0,1,0,1,0,1,1,0,0,1,0,1,0,1,0,1,0,0,0,0,0,1,1,0,0,0,0
8780-YRMTT,0,1.3642490183578,-0.581706005731466,0.384583886620313,0,0,0,0,1,0,0,0,0,1,0,1,0,1,0,1,0,0,0,0,0,1,1,0,0,1,0
1596-BBVTG,0,0.102371238361384,0.345773690618164,0.146966076617049,1,0,0,1,0,1,1,0,0,0,0,0,0,0,0,0,0,0,0,0,0,0,0,1,0,0,1
8388-FYNPZ,0,-1.15950654163503,-0.271439989242413,-0.90277601860986,1,0,0,1,0,0,0,0,0,1,0,0,0,1,0,0,0,0,0,0,0,0,0,0,1,0,0
6928-ONTRW,0,1.60848342738936,-1.50088981928727,-0.404599654751392,0,1,1,1,0,0,0,1,1,0,1,0,1,0,1,0,1,0,1,0,0,1,0,1,0,0,0
6916-HIJSE,0,1.3235432835192,0.661017236783513,1.38649068916456,0,0,0,1,0,0,0,0,0,1,0,1,0,1,0,1,0,1,0,1,0,1,1,0,0,0,0
6980-IMXXE,0,1.48636622287358,-1.48429805369962,-0.390176622492324,0,1,1,1,0,0,0,1,1,0,1,0,1,0,1,0,1,0,1,0,0,1,0,0,0,0,0
2296-DKZFP,0,1.3235432835192,0.20142533000561,0.915382207764891,0,1,0,1,0,0,0,0,0,1,0,1,0,1,0,0,0,0,0,1,0,1,0,0,0,0,0
2321-OMBXY,0,0.224488442877166,0.510032169935899,0.332511691006146,0,1,1,1,0,0,0,0,0,1,0,1,0,0,0,1,0,1,0,1,1,0,0,1,0,0,1
2371-JQHZZ,0,-0.34539184486315,0.931463015862207,-0.0233881552404274,1,1,0,1,0,1,1,0,0,0,0,0,0,0,0,0,0,1,0,1,0,0,1,0,1,0,0
6734-GMPVK,0,-1.11880080679644,1.33962044931839,-0.768665966751958,1,0,0,1,0,1,1,0,0,0,0,1,0,1,0,0,0,1,0,1,0,0,0,0,1,0,0
7619-ODSGN,0,-0.34539184486315,-0.337807051593012,-0.422886391238154,1,1,1,1,0,1,0,0,0,1,0,0,0,0,0,0,0,0,0,0,0,0,0,0,1,0,1
4195-NZGTA,0,-1.28162374615081,-1.31672122126436,-0.999324718572384,0,0,0,0,1,0,0,0,0,0,0,0,0,0,0,0,0,0,0,0,0,0,0,0,1,0,0
1698-XFZCI,0,1.16072034416483,1.42092010069788,1.85307688038864,1,0,0,1,0,1,1,0,0,1,0,1,0,1,0,0,0,1,0,1,1,0,1,0,1,0,0
6732-VAILE,0,1.52707195771217,0.697519121076343,1.59396721561882,1,1,1,1,0,1,0,0,0,0,0,1,0,1,0,1,0,1,0,1,0,1,1,1,0,0,0
6032-IGALN,0,-1.28162374615081,-1.32169875094065,-0.999390577167174,0,0,0,0,1,0,0,0,0,0,0,0,0,0,0,0,0,0,0,0,0,0,1,0,0,1,1
0999-QXNSA,1,-1.03738933711925,-0.636458832170711,-0.859287393183357,1,0,1,1,0,0,0,0,0,0,0,0,0,0,0,0,0,0,0,0,0,0,1,0,0,1,0
3506-LCJDC,0,-1.28162374615081,-1.49259393649345,-1.00165172225497,1,1,1,1,0,0,0,1,1,0,1,0,1,0,1,0,1,0,1,0,0,0,0,0,0,0,1
7925-PNRGI,0,0.509428586747324,0.543215701111198,0.544334884716557,0,1,1,1,0,1,0,0,0,1,0,1,0,1,0,1,0,1,0,0,0,0,0,0,0,1,0
7766-CLTIC,0,-0.915272132603466,-0.132069158306153,-0.73400239302735,0,0,0,1,0,0,0,0,0,0,0,0,0,0,0,1,0,0,0,1,0,0,1,0,0,1,0
9722-UJOJR,0,-0.14186317067018,0.193129447211785,-0.143360562083354,1,1,1,1,0,0,1,0,0,0,0,0,0,0,0,0,0,0,0,0,0,0,1,0,1,0,1
5614-DNZCE,0,1.03860313964905,-0.000994210163718652,0.656009108615911,0,0,0,1,0,0,0,0,0,1,0,1,0,1,0,1,0,0,0,0,0,1,1,1,0,0,0
1167-OYZJF,1,1.40495475319639,-1.48927558337592,-0.455859594363145,0,1,0,1,0,0,0,1,1,0,1,0,1,0,1,0,1,0,1,0,0,1,1,0,0,0,0
5433-KYGHE,0,-0.75244919324909,0.699178297635108,-0.499326266924718,0,0,1,1,0,1,1,0,0,1,0,0,0,0,0,1,0,0,0,0,0,0,1,0,0,1,0
3284-SVCRO,0,0.509428586747324,-1.30842533847053,-0.518205730764593,0,1,0,1,0,1,0,1,1,0,1,0,1,0,1,0,1,0,1,0,0,1,0,0,0,1,0
3740-RLMVT,1,1.40495475319639,-0.132069158306153,0.798241720497946,1,1,0,1,0,0,0,0,0,1,0,1,0,0,0,1,0,0,0,0,1,0,1,0,0,0,0
0354-WYROK,1,-0.0604517009929918,1.12724584979648,0.267816598057179,0,1,1,1,0,0,1,0,0,0,0,0,0,1,0,1,0,1,0,1,0,0,1,0,1,0,1
2720-WGKHP,1,-1.24091801131222,0.964646547037507,-0.930634204206141,1,0,0,1,0,1,1,0,0,0,0,0,0,0,0,0,0,1,0,1,0,0,1,0,1,0,1
7446-SFAOA,0,0.183782708038572,-1.49591228961098,-0.695387303615327,0,1,0,1,0,0,0,1,1,0,1,0,1,0,1,0,1,0,1,0,1,0,1,0,0,0,0
2753-JMMCV,0,1.3235432835192,0.30761262976657,1.09954479166339,1,0,0,1,0,1,0,0,0,0,0,1,0,1,0,1,0,0,0,1,0,1,1,1,0,0,0
7851-WZEKY,0,-1.24091801131222,1.0028076078891,-0.923960533267394,0,0,0,1,0,1,1,0,0,0,0,0,0,0,0,0,0,1,0,1,0,0,1,0,1,0,1
5156-UMKOW,0,-1.20021227647362,-1.17071368409304,-0.970873805622991,0,0,1,0,1,0,0,0,0,0,0,1,0,0,0,0,0,0,0,0,0,0,0,0,0,1,0
9823-EALYC,0,1.60848342738936,0.528283112082313,1.50426780951448,1,1,1,1,0,1,0,0,0,1,0,1,0,1,0,1,0,1,0,0,0,1,1,0,0,0,0
4980-URKXC,0,0.143076973199978,-1.46272875843568,-0.694267707503892,1,1,0,1,0,0,0,1,1,0,1,0,1,0,1,0,1,0,1,0,1,0,0,0,0,0,0
8218-FFJDS,0,1.60848342738936,0.712451710105228,1.64981530400096,0,1,0,1,0,1,0,0,0,1,0,1,0,0,0,1,0,1,0,1,0,1,1,0,0,0,0
5204-QZXPU,0,-0.54892051905612,-0.83887837234004,-0.688428245432489,1,0,0,0,1,0,0,0,0,0,0,0,0,1,0,0,0,1,0,0,0,0,1,0,1,0,1
5130-IEKQT,1,-0.304686110024556,1.36118974458234,0.155395976750203,1,0,0,1,0,1,1,0,0,0,0,1,0,1,0,0,0,1,0,1,0,0,0,0,0,1,1
2928-HLDBA,0,-1.07809507195784,-1.46770628811197,-0.960907204944731,0,0,0,1,0,0,0,1,1,0,1,0,1,0,1,0,1,0,1,0,0,0,0,0,0,1,0
6141-OOXUQ,0,-1.28162374615081,-1.50254899584604,-1.00178343944455,1,0,0,1,0,0,0,1,1,0,1,0,1,0,1,0,1,0,1,0,0,0,0,0,0,1,1
2123-VSCOT,0,1.07930887448764,0.23792721429844,0.831368593677448,0,1,1,1,0,1,0,0,0,0,0,0,0,1,0,1,0,1,0,0,0,1,1,0,0,0,0
7074-IEVOJ,1,-1.20021227647362,0.480166991878129,-0.92038221628379,0,0,0,1,0,1,1,0,0,0,0,1,0,0,0,0,0,0,0,0,0,0,1,0,1,0,1
5652-MSDEY,0,-0.915272132603466,0.359047103088285,-0.669131677158942,0,0,0,1,0,1,1,0,0,0,0,0,0,0,0,0,0,0,0,0,0,0,1,0,0,1,0
7156-MHUGY,1,-0.793154928087684,0.848504187923957,-0.483037241146593,1,0,0,1,0,0,1,0,0,0,0,0,0,0,0,0,0,1,0,1,0,0,1,0,1,0,1
7854-EDSSA,0,-0.426803314540338,-0.196777044097988,-0.45952572280647,1,0,0,1,0,1,0,0,0,1,0,1,0,0,0,0,0,0,0,0,0,0,0,0,1,0,1
5172-RKOCB,0,1.60848342738936,1.46074033810824,2.44716531112666,1,1,0,1,0,1,1,0,0,1,0,1,0,0,0,1,0,1,0,1,0,1,1,1,0,0,0
8404-VIOMB,0,1.3642490183578,-0.0806346849844385,0.805705694574175,0,0,0,0,1,0,0,0,0,1,0,1,0,1,0,1,0,1,0,1,0,1,1,0,0,0,0
4192-GORJT,0,-1.11880080679644,0.979579136066392,-0.791716474928549,1,1,0,1,0,0,1,0,0,0,0,0,0,1,0,0,0,1,0,1,0,0,1,0,1,0,1
3892-NXAZG,0,1.60848342738936,1.62997634710227,2.6290228442075,1,1,1,1,0,1,1,0,0,1,0,1,0,1,0,1,0,1,0,1,0,1,1,1,0,0,0
4958-GZWIY,0,-1.03738933711925,-0.538567415203576,-0.861021669512834,1,1,1,1,0,0,0,0,0,0,0,0,0,1,0,0,0,0,0,0,0,0,0,0,1,0,1
4199-QHJNM,1,1.40495475319639,1.25997997449767,2.05846788467453,1,1,0,1,0,1,1,0,0,0,0,1,0,0,0,1,0,1,0,1,0,1,0,0,0,0,0
4501-EQDRN,0,-1.28162374615081,0.158286739477721,-0.979808621649536,0,0,0,1,0,0,1,0,0,0,0,0,0,0,0,0,0,0,0,0,0,0,0,0,0,0,1
6281-FKEWS,0,0.46872285190873,-0.526953179292221,-0.015946134029128,0,0,0,0,1,0,0,0,0,0,0,0,0,1,0,0,0,1,0,1,1,0,1,0,1,0,0
0404-AHASP,0,1.60848342738936,-1.50088981928727,-0.386115342480258,1,1,0,1,0,0,0,1,1,0,1,0,1,0,1,0,1,0,1,0,0,1,0,1,0,0,0
8421-WZOOW,1,0.997897404810452,1.0077851375654,1.4340186417382,0,1,1,1,0,0,1,0,0,0,0,1,0,1,0,1,0,1,0,0,0,0,1,1,0,0,0
7521-AFHAB,0,-1.11880080679644,-0.667983186787246,-0.913620733885323,0,1,1,1,0,0,0,0,0,0,0,0,0,0,0,0,0,0,0,0,0,0,0,0,0,1,0
6469-QJKZW,0,-1.15950654163503,-1.48595723025839,-0.970281078269878,0,1,0,1,0,0,0,1,1,0,1,0,1,0,1,0,1,0,1,0,0,0,0,0,1,0,0
2560-PPCHE,0,1.3235432835192,1.33132456652457,1.95070127073273,0,0,0,1,0,1,1,0,0,0,0,1,0,0,0,1,0,1,0,1,1,0,1,0,0,0,0
9190-MFJLN,1,-0.54892051905612,1.02769525627058,-0.229810944178037,1,0,0,1,0,0,1,0,0,0,0,0,0,1,0,0,0,1,0,1,0,0,1,1,0,0,1
1919-RTPQD,0,-1.03738933711925,-0.669642363346011,-0.863919447683606,1,1,1,1,0,0,0,0,0,0,0,0,0,0,0,0,0,0,0,0,0,0,0,0,1,0,0
9916-AYHTC,0,0.631545791263106,-1.49591228961098,-0.60823442984288,1,0,0,1,0,0,0,1,1,0,1,0,1,0,1,0,1,0,1,0,0,1,0,1,0,0,0
7517-SAWMO,0,-0.54892051905612,0.27442909859127,-0.377685442347105,0,1,0,1,0,0,1,0,0,1,0,0,0,0,0,0,0,0,0,0,0,0,1,0,1,0,1
5047-LHVLY,1,-1.28162374615081,-0.490451294999392,-0.9883921918372,1,0,1,1,0,0,0,0,0,0,0,0,0,1,0,0,0,0,0,0,0,0,1,0,0,1,1
3097-IDVPU,0,-0.54892051905612,-0.492110471558157,-0.61067119785012,1,1,1,1,0,1,0,0,0,0,0,0,0,0,0,0,0,0,0,0,0,0,0,1,0,0,0
5649-RXQTV,0,0.753662995778888,1.13056420291401,1.2016256135883,1,0,0,1,0,0,1,0,0,0,0,1,0,1,0,0,0,1,0,1,0,0,1,0,1,0,0
0135-NMXAP,0,-0.833860662926278,0.823616539542482,-0.548347014313602,0,0,0,1,0,1,1,0,0,0,0,1,0,0,0,0,0,1,0,0,0,0,1,0,0,0,1
6000-UKLWI,0,0.346605647392948,-1.48595723025839,-0.658133291828969,1,0,0,1,0,0,0,1,1,0,1,0,1,0,1,0,1,0,1,0,0,1,0,0,0,1,0
0887-WBJVH,0,0.835074465456076,0.946395604891092,1.12876405488534,0,1,0,1,0,0,1,0,0,0,0,0,0,0,0,1,0,1,0,1,1,0,1,0,1,0,0
4847-QNOKA,0,-1.28162374615081,-0.664664833669716,-0.990697242654859,0,0,0,1,0,0,0,0,0,0,0,0,0,0,0,0,0,0,0,0,0,0,1,0,0,0,1
8107-KNCIM,1,-0.75244919324909,0.337477807824339,-0.565492201824001,1,1,0,1,0,1,1,0,0,0,0,0,0,0,0,0,0,0,0,0,0,0,1,0,1,0,0
6963-EZQEE,1,1.52707195771217,0.783796302132122,1.75850393826982,1,1,0,1,0,1,0,0,0,1,0,1,0,1,0,1,0,1,0,1,0,1,1,1,0,0,0
6302-JGYRJ,0,-0.0604517009929918,0.481826168436894,0.125737656229655,1,0,1,1,0,1,0,0,0,0,0,1,0,0,0,1,0,1,0,1,1,0,1,0,0,1,1
4282-MSACW,0,1.44566048803499,1.73450447030446,2.5178315833366,1,0,0,1,0,1,1,0,0,1,0,1,0,1,0,1,0,1,0,1,1,0,1,1,0,0,0
6172-FECYY,0,0.6722515261017,0.649403000872158,0.857712031593552,1,1,1,1,0,1,1,0,0,0,0,0,0,0,0,0,0,1,0,0,0,0,0,0,1,0,1
2796-NNUFI,0,0.550134321585918,-1.49259393649345,-0.603360893828401,0,1,1,1,0,0,0,1,1,0,1,0,1,0,1,0,1,0,1,0,0,1,1,0,0,1,0
4692-NNQRU,0,-0.467509049378932,0.473530285643069,-0.245375525413469,0,1,0,1,0,0,1,0,0,0,0,0,0,1,0,1,0,0,0,0,1,0,0,0,1,0,0
8336-TAVKX,1,1.60848342738936,0.448642637261594,1.48442241961768,0,1,0,1,0,1,0,0,0,1,0,1,0,1,0,1,0,0,0,1,0,1,0,0,0,0,0
1608-GMEWB,1,0.509428586747324,0.961328193919977,0.833739503089897,1,0,0,1,0,1,1,0,0,0,0,0,0,0,0,0,0,1,0,1,0,0,1,0,0,0,0
9090-SGQXL,1,1.44566048803499,1.33962044931839,2.19455369437614,1,1,0,1,0,1,1,0,0,0,0,1,0,1,0,0,0,1,0,1,0,0,1,0,1,0,1
3512-IZIKN,0,1.52707195771217,0.012279202306401,1.07939206165757,0,1,0,1,0,1,0,0,0,1,0,0,0,1,0,1,0,0,0,0,0,1,0,1,0,0,1
3511-APPBJ,0,-0.386097579701744,1.16208855753054,-0.00376229399292956,1,0,0,1,0,0,1,0,0,1,0,0,0,1,0,0,0,1,0,1,1,0,1,1,0,0,0
9430-FRQOC,0,-1.15950654163503,0.735680181927937,-0.860494800754512,0,0,1,1,0,1,1,0,0,0,0,0,0,1,0,1,0,0,0,0,0,0,1,0,0,1,1
9605-WGJVW,1,-1.28162374615081,0.17487850506537,-0.979589093000235,0,0,0,1,0,0,1,0,0,0,0,0,0,0,0,0,0,0,0,0,0,0,1,0,1,0,0
2824-MYYBN,0,0.183782708038572,1.00612596100663,0.444690830798892,0,1,1,1,0,1,1,0,0,0,0,0,0,0,0,0,0,1,0,1,0,0,1,0,1,0,0
0402-CQAJN,0,0.183782708038572,1.22679644332238,0.546200878235615,0,0,0,1,0,1,1,0,0,0,0,1,0,1,0,0,0,1,0,1,0,0,1,0,0,0,1
7873-CVMAW,0,1.60848342738936,0.783796302132122,1.78302528839673,1,0,0,1,0,1,0,0,0,1,0,1,0,1,0,1,0,1,0,1,0,1,0,1,0,0,0
6738-ISCBM,0,0.46872285190873,-0.362694699974487,0.0609986575508277,1,0,0,0,1,0,0,0,0,1,0,0,0,1,0,0,0,1,0,1,1,0,1,0,1,0,0
6440-DKQGE,0,-0.101157435831586,-0.0142676226338388,-0.163052281925642,1,0,1,1,0,0,0,0,0,0,0,1,0,1,0,0,0,1,0,0,1,0,0,1,0,0,0
7722-CVFXN,0,0.87578020029467,1.33630209620086,1.46492827555976,1,1,1,1,0,1,1,0,0,0,0,1,0,0,0,1,0,1,0,1,1,0,1,0,1,0,0
2568-BRGYX,0,-1.15950654163503,0.17487850506537,-0.905937231159793,1,0,0,1,0,0,1,0,0,0,0,0,0,0,0,0,0,0,0,0,0,0,1,0,1,0,1
7693-LCKZL,0,-1.11880080679644,0.505054640259604,-0.841373855400406,1,1,1,1,0,1,1,0,0,0,0,1,0,0,0,0,0,0,0,0,0,0,1,0,1,0,1
7815-PDTHL,0,0.102371238361384,-1.48429805369962,-0.709920100199044,1,0,0,1,0,0,0,1,1,0,1,0,1,0,1,0,1,0,1,0,0,1,1,0,0,1,0
1702-CCFNJ,0,0.794368730617482,-0.118795745836033,0.38120314542108,1,1,0,1,0,1,0,0,0,0,0,1,0,0,0,1,0,0,0,0,0,0,0,0,0,0,0
0254-FNMCI,0,1.60848342738936,1.49226469272477,2.33704974063734,0,0,0,1,0,0,1,0,0,1,0,1,0,1,0,1,0,1,0,1,0,1,1,0,1,0,0
0237-YFUTL,0,0.712957260940294,1.48396880993095,1.36304502941923,0,1,0,1,0,1,1,0,0,1,0,1,0,0,0,1,0,1,0,1,0,0,1,0,0,0,0
4311-QTTAI,0,-0.671037723571902,-1.51250405519863,-0.880647530760332,0,0,0,1,0,0,0,1,1,0,1,0,1,0,1,0,1,0,1,0,1,0,0,1,0,0,0
3318-OSATS,1,0.102371238361384,1.01276266724169,0.514896092845311,1,0,0,1,0,1,1,0,0,0,0,0,0,0,0,0,0,1,0,1,0,0,1,0,1,0,1
6339-TBELP,0,1.56777769255077,0.712451710105228,1.69945073160789,1,0,0,1,0,1,1,0,0,0,0,0,0,1,0,1,0,0,0,0,0,1,1,1,0,0,0
2408-TZMJL,0,1.07930887448764,1.5005605755186,1.8206524988869,1,1,0,1,0,1,1,0,0,1,0,1,0,1,0,0,0,1,0,1,1,0,1,0,1,0,1
3597-YASZG,1,1.52707195771217,1.31141444781939,2.21637484211665,0,1,0,1,0,1,1,0,0,0,0,1,0,0,0,1,0,1,0,1,0,1,1,0,0,0,0
2468-SJFLM,0,-1.28162374615081,0.3109309828841,-0.977788958075968,1,0,0,1,0,0,1,0,0,0,0,0,0,0,0,1,0,0,0,0,0,0,1,0,0,1,0
2055-SIFSS,1,0.916485935133264,-0.440675998236442,0.235875179583902,0,1,0,1,0,1,0,0,0,0,0,0,0,0,0,0,0,0,0,0,0,0,0,0,0,0,0
1555-DJEQW,0,1.52707195771217,1.63495387677856,2.38082375330793,0,1,1,1,0,1,1,0,0,1,0,1,0,1,0,1,0,1,0,1,0,1,1,0,0,0,1
8993-IZEUX,0,-1.03738933711925,0.140035797331306,-0.795865566400336,1,0,0,1,0,0,1,0,0,0,0,0,0,0,0,0,0,0,0,0,0,0,0,0,0,0,0
5671-UUNXD,1,0.712957260940294,1.18531702935325,1.26818670005632,0,1,0,1,0,1,1,0,0,0,0,0,0,0,0,1,0,1,0,1,1,0,1,0,1,0,0
3774-VBNXY,0,1.28283754868061,-1.48429805369962,-0.4494054520737,0,1,1,1,0,0,0,1,1,0,1,0,1,0,1,0,1,0,1,0,0,1,0,0,0,1,0
9796-BPKIW,1,-0.996683602280654,0.166582622271545,-0.763353373438876,1,0,0,1,0,0,1,0,0,0,0,0,0,0,0,0,0,0,0,0,0,0,1,1,0,0,0
4238-HFHSN,1,1.16072034416483,0.571421702610204,1.14309927568469,1,1,0,1,0,1,1,0,0,0,0,1,0,0,0,0,0,0,0,0,0,0,1,0,1,0,0
4550-EVXNY,0,-1.28162374615081,0.156627562918956,-0.979830574514466,0,0,1,1,0,0,1,0,0,0,0,0,0,0,0,0,0,0,0,0,0,0,1,0,1,0,1
0489-WMEMG,0,-0.386097579701744,-0.513679766822101,-0.518952128172216,0,0,1,1,0,0,0,0,0,0,0,0,0,0,0,1,0,0,0,0,1,0,1,0,1,0,0
1373-ORVIZ,0,-0.874566397764872,0.0471219100404657,-0.685157268557906,0,1,1,1,0,1,0,0,0,0,0,0,0,0,0,1,0,0,0,1,0,0,1,0,1,0,1
0537-QYZZN,1,-0.34539184486315,0.495099580907014,-0.194752218884688,1,1,1,1,0,1,1,0,0,1,0,0,0,0,0,0,0,0,0,0,0,0,1,0,1,0,0
6563-VRERX,0,0.0209597686841961,-1.4710246412295,-0.707351615002224,1,1,1,1,0,0,0,1,1,0,1,0,1,0,1,0,1,0,1,0,1,0,0,0,0,1,0
6925-BAYGL,1,0.835074465456076,-1.32169875094065,-0.450349425265693,0,1,0,1,0,1,0,1,1,0,1,0,1,0,1,0,1,0,1,0,0,1,0,1,0,0,0
6923-AQONU,0,-0.386097579701744,-1.46106958187691,-0.811078901796886,1,1,1,1,0,0,0,1,1,0,1,0,1,0,1,0,1,0,1,0,0,1,0,0,0,1,0
8337-MSSXB,0,-0.75244919324909,0.709133356987698,-0.491906198578348,0,0,0,1,0,0,1,0,0,0,0,1,0,0,0,0,0,0,0,1,0,0,1,0,1,0,1
1414-YADCW,0,1.52707195771217,0.652721353989688,1.49493784191919,1,1,0,1,0,0,1,0,0,1,0,1,0,0,0,1,0,0,0,0,0,1,0,0,0,0,0
2189-UXTKY,0,-0.426803314540338,0.473530285643069,-0.245243808223889,0,1,0,1,0,1,0,0,0,1,0,0,0,0,0,1,0,1,0,1,0,0,1,0,1,0,1
8138-EALND,0,-0.711743458410496,-1.49923064272851,-0.873600661117774,1,0,0,1,0,0,0,1,1,0,1,0,1,0,1,0,1,0,1,0,0,0,0,0,0,1,0
3096-YXENJ,0,1.3235432835192,1.41760174758035,2.09936607203928,0,1,0,1,0,1,1,0,0,0,0,1,0,1,0,1,0,1,0,1,0,1,1,0,0,0,0
6631-HMANX,0,1.60848342738936,0.680927355488693,1.72381841168028,1,1,0,1,0,1,0,0,0,0,0,1,0,1,0,1,0,1,0,1,0,1,1,1,0,0,0
2886-KEFUM,0,1.24213181384202,1.41262421790405,2.00755919090166,0,1,0,1,0,1,1,0,0,0,0,1,0,1,0,0,0,1,0,1,1,0,1,0,1,0,1
8485-GJCDN,1,-1.11880080679644,0.136717444213775,-0.870571165757422,0,0,0,1,0,0,1,0,0,0,0,0,0,0,0,0,0,0,0,0,0,0,1,0,0,1,1
9786-IJYDL,0,0.102371238361384,1.60177034560326,0.708081304230078,0,0,0,1,0,1,1,0,0,1,0,1,0,1,0,1,0,1,0,1,0,1,1,0,0,1,0
1024-VRZHF,0,-0.874566397764872,0.332500278148045,-0.647881303906618,1,1,0,1,0,1,1,0,0,0,0,0,0,0,0,0,0,0,0,0,0,0,1,0,1,0,1
3317-HRTNN,1,-1.11880080679644,-0.638118008729476,-0.923477570238933,0,0,0,0,1,0,0,0,0,0,0,0,0,0,0,0,0,1,0,1,0,0,0,0,1,0,1
3410-YOQBQ,0,-0.0604517009929918,0.473530285643069,0.0860029707061969,0,0,0,1,0,0,0,0,0,0,0,1,0,1,0,1,0,1,0,1,0,1,0,0,0,1,0
9564-KCLHR,0,-1.28162374615081,-0.453949410706562,-0.987909228808738,1,0,0,1,0,0,0,0,0,0,0,0,0,0,0,1,0,0,0,0,0,0,0,0,0,1,1
2498-XLDZR,0,-0.0197459661543978,0.28770251106139,0.00681898690337243,0,1,1,1,0,0,0,0,0,1,0,1,0,1,0,1,0,0,0,1,0,1,0,0,0,1,0
9314-QDMDW,0,-0.874566397764872,-0.122114098953563,-0.689921040247735,1,0,0,1,0,0,0,0,0,0,0,1,0,0,0,0,0,1,0,0,1,0,1,0,1,0,0
7481-ATQQS,1,0.6722515261017,0.860118423835312,0.972305986528607,0,0,0,1,0,1,1,0,0,0,0,0,0,1,0,0,0,0,0,1,0,0,1,1,0,0,1
7964-ZRKKG,0,1.40495475319639,0.778818772455828,1.53537501912041,1,1,0,1,0,1,1,0,0,0,0,1,0,0,0,0,0,1,0,0,1,0,1,0,0,0,0
2225-ZRGSG,0,1.52707195771217,0.961328193919977,1.87816900500372,0,1,1,1,0,1,1,0,0,1,0,1,0,1,0,1,0,0,0,0,0,1,0,0,0,0,1
4588-YBNIB,0,-1.28162374615081,-1.5042081724048,-1.00180539230948,0,0,0,1,0,0,0,1,1,0,1,0,1,0,1,0,1,0,1,0,0,0,1,0,0,1,1
6549-YMFAW,1,-0.955977867442059,-1.44945534596556,-0.920601744933091,1,1,0,1,0,0,0,1,1,0,1,0,1,0,1,0,1,0,1,0,0,0,1,0,0,1,0
1866-ZSLJM,0,-0.467509049378932,-1.47434299434703,-0.833536682620365,1,0,0,1,0,0,0,1,1,0,1,0,1,0,1,0,1,0,1,0,0,0,0,1,0,0,0
4203-QGNZA,0,-0.182568905508774,-1.48263887714086,-0.775361590555634,0,0,1,1,0,0,0,1,1,0,1,0,1,0,1,0,1,0,1,0,0,0,0,0,0,1,0
5174-ITUMV,0,1.40495475319639,1.34293880243593,2.05835812034988,1,1,1,1,0,1,1,0,0,0,0,1,0,1,0,0,0,1,0,1,1,0,1,0,1,0,0
9529-OFXHY,0,-0.711743458410496,0.757249477191883,-0.465013939038992,1,0,0,1,0,1,1,0,0,1,0,0,0,0,0,0,0,1,0,0,0,0,1,0,0,0,0
5685-IIXLY,0,-1.11880080679644,0.619537822814388,-0.832943955267253,0,1,1,1,0,0,1,0,0,0,0,1,0,0,0,0,0,0,0,1,0,0,1,0,1,0,1
0584-BJQGZ,0,-0.304686110024556,0.445324284144064,-0.203467506261933,0,0,0,1,0,1,0,0,0,1,0,1,0,1,0,1,0,1,0,0,0,0,1,0,0,0,0
9618-LFJRU,0,-1.15950654163503,-1.4760021709058,-0.974035018172923,0,0,0,1,0,0,0,1,1,0,1,0,1,0,1,0,1,0,1,0,0,0,0,1,0,0,0
9210-IAHGH,0,-1.03738933711925,0.193129447211785,-0.812483885152412,0,0,0,1,0,0,0,0,0,0,0,0,0,0,0,1,0,1,0,1,0,0,1,1,0,0,1
7825-GKXMW,0,-1.28162374615081,-0.634799655611946,-0.990302091086118,0,0,0,1,0,0,0,0,0,0,0,0,0,0,0,0,0,0,0,0,0,0,0,0,1,0,1
3359-DSRKA,0,1.03860313964905,-1.49591228961098,-0.501609364877447,0,1,1,1,0,0,0,1,1,0,1,0,1,0,1,0,1,0,1,0,0,1,1,0,0,1,0
8630-FJLIB,0,-0.589626253894714,0.16160509259525,-0.474036566525257,0,0,0,1,0,0,1,0,0,0,0,0,0,0,0,0,0,0,0,0,0,0,1,0,1,0,0
0924-BJCRC,1,1.12001460932623,0.813661480189892,1.31422185781471,0,1,0,1,0,1,1,0,0,0,0,1,0,0,0,0,0,0,0,1,0,0,0,0,1,0,0
1245-HARPS,0,-0.75244919324909,-1.47766134746456,-0.882030561250928,0,1,0,1,0,0,0,1,1,0,1,0,1,0,1,0,1,0,1,0,0,1,0,0,0,1,0
3570-YUEKJ,0,0.387311382231542,-0.510361413704572,-0.0980718017325842,0,0,0,1,0,0,0,0,0,0,0,1,0,0,0,0,0,0,0,0,0,0,1,0,1,0,0
7854-FOKSF,0,-1.28162374615081,-0.963316614247414,-0.994648758342275,1,0,0,0,1,0,0,0,0,0,0,0,0,0,0,0,0,0,0,1,0,0,0,0,1,0,1
3566-CAAYU,0,1.28283754868061,-0.500406354351981,0.39911668320403,0,1,1,0,1,0,0,0,0,0,0,1,0,1,0,1,0,0,0,1,0,1,0,0,1,0,0
0678-RLHVP,0,0.835074465456076,1.34791633211222,1.48442241961768,0,0,0,1,0,1,1,0,0,0,0,1,0,1,0,0,0,1,0,1,0,1,0,0,1,0,0
2636-ALXXZ,1,-1.28162374615081,0.15496838636019,-0.979852527379396,0,0,0,1,0,0,1,0,0,0,0,0,0,0,0,0,0,0,0,0,0,0,1,0,1,0,1
9408-HRXRK,0,0.509428586747324,1.3346429196421,1.06672525859291,0,1,1,1,0,1,1,0,0,1,0,1,0,0,0,0,0,1,0,1,0,0,1,0,1,0,0
1421-HCERK,1,-0.101157435831586,1.35289386178851,0.386581597328951,1,1,0,1,0,1,1,0,0,1,0,1,0,1,0,1,0,1,0,0,0,0,1,0,0,0,0
9584-EXCDZ,0,-0.630331988733308,0.18483356441796,-0.498645728111885,0,0,0,1,0,0,1,0,0,0,0,0,0,0,0,0,0,0,0,0,0,0,0,0,0,0,0
2091-RFFBA,1,-0.0604517009929918,0.29765757041398,-0.0369550257672214,0,0,0,1,0,1,1,0,0,0,0,0,0,0,0,0,0,0,0,0,0,0,1,0,1,0,1
8149-AIQCG,0,0.26519417771576,0.272769922032505,0.188588708524494,1,0,0,1,0,1,1,0,0,0,0,0,0,0,0,0,0,0,0,0,0,0,1,1,0,0,0
4194-WHFCB,0,1.07930887448764,1.05258290465205,1.43988005667453,0,1,1,1,0,1,1,0,0,0,0,1,0,0,0,1,0,0,0,1,0,0,1,0,0,0,0
3045-XETSH,0,-0.915272132603466,0.992852548536511,-0.591791734010245,0,0,0,1,0,1,1,0,0,0,0,1,0,1,0,0,0,0,0,1,0,0,1,0,1,0,1
2789-HQBOU,0,-1.20021227647362,0.511691346494664,-0.898978172976955,1,0,0,1,0,0,1,0,0,0,0,0,0,0,0,0,0,0,0,1,0,0,1,0,1,0,0
8012-SOUDQ,1,0.428017117070136,0.840208305130132,0.675020289645366,0,0,0,1,0,1,1,0,0,0,0,1,0,0,0,0,0,1,0,0,0,0,1,0,1,0,0
0225-ZORZP,0,-1.20021227647362,0.642766294637098,-0.907210497325738,1,0,0,1,0,0,1,0,0,0,0,1,0,0,0,0,0,0,0,1,0,0,0,0,1,0,0
0654-HMSHN,0,-0.467509049378932,1.30975527126063,-0.0629472178444447,1,1,1,1,0,1,1,0,0,0,0,1,0,1,0,0,0,1,0,1,0,0,0,0,1,0,1
9373-WSLOY,1,0.0209597686841961,-0.495428824675686,-0.241687444105215,1,1,0,0,1,0,0,0,0,0,0,1,0,1,0,1,0,1,0,0,0,0,1,0,1,0,0
6158-DWPZT,0,-0.955977867442059,-1.35488228211595,-0.896343829185345,1,1,0,0,1,0,0,0,0,0,0,0,0,0,0,0,0,0,0,0,1,0,0,0,0,0,1
3995-WFCSM,0,-1.24091801131222,-0.135387511423683,-0.961499932297843,0,0,0,1,0,0,0,0,0,0,0,0,0,1,0,0,0,0,0,1,0,0,0,0,1,0,0
2259-OUUSZ,0,-1.03738933711925,-0.976590026717534,-0.900844166496013,1,0,0,0,1,0,0,0,0,0,0,0,0,1,0,1,0,0,0,0,1,0,1,1,0,0,0
5349-AZPEW,0,-1.11880080679644,-1.32335792749942,-0.955309224387559,0,1,1,0,1,0,0,0,0,0,0,0,0,0,0,0,0,0,0,0,0,0,0,0,0,1,0
5600-KTXFM,0,-1.24091801131222,0.166582622271545,-0.947230570093287,1,1,1,1,0,0,1,0,0,0,0,0,0,0,0,0,0,0,0,0,0,0,0,0,0,1,0
9432-VOFYX,0,-0.630331988733308,0.19478862377055,-0.480468755949773,1,0,0,1,0,0,1,0,0,0,0,0,0,0,0,0,0,0,0,0,0,0,1,0,1,0,0
5298-GSTLM,1,1.12001460932623,1.21020467773473,1.70147039518145,0,0,0,1,0,1,1,0,0,1,0,0,0,0,0,0,0,1,0,1,1,0,1,0,0,0,0
8896-RAZCR,0,0.46872285190873,-1.49425311305221,-0.629265274445904,0,0,1,1,0,0,0,1,1,0,1,0,1,0,1,0,1,0,1,0,0,1,0,0,0,1,0
8374-UULRV,0,1.60848342738936,0.700837474193873,1.75988696876042,1,0,0,1,0,1,0,0,0,1,0,1,0,0,0,1,0,1,0,1,0,1,0,1,0,0,0
9589-ABEPT,0,1.48636622287358,0.913212073715792,1.82614071511942,1,1,0,1,0,1,1,0,0,0,0,1,0,0,0,1,0,1,0,0,0,1,1,0,0,1,0
4432-ADRLB,0,-1.24091801131222,-0.672960716463541,-0.977525523696807,1,0,0,1,0,0,0,0,0,0,0,0,0,0,0,0,0,0,0,0,0,0,0,0,0,1,1
4912-PIGUY,0,-1.28162374615081,0.652721353989688,-0.97326666790037,0,0,0,1,0,1,1,0,0,0,0,0,0,0,0,0,0,1,0,0,0,0,1,0,1,0,0
1400-WIVLL,0,0.997897404810452,1.42755680693294,1.61069529869554,1,1,0,1,0,1,1,0,0,0,0,0,0,1,0,1,0,1,0,1,0,1,0,0,1,0,0
6296-DDOOR,0,-0.54892051905612,-0.223323869038228,-0.551486273998605,0,0,0,1,0,0,0,0,0,0,0,1,0,0,0,0,0,1,0,0,1,0,0,0,1,0,0
5274-XHAKY,0,0.346605647392948,0.974601606390096,0.699102582473672,0,1,1,1,0,1,1,0,0,1,0,1,0,0,0,0,0,1,0,0,0,0,1,0,0,0,0
3022-BEXHZ,0,1.40495475319639,1.53540328325266,2.29604178894794,1,1,1,1,0,1,1,0,0,0,0,1,0,1,0,1,0,1,0,1,0,1,1,0,0,0,0
5842-POCOP,0,-1.11880080679644,0.795410538043478,-0.811013043202096,0,1,0,1,0,0,1,0,0,1,0,0,0,1,0,0,0,0,0,1,0,0,1,0,0,1,1
2774-LVQUS,1,-0.711743458410496,0.601286880667973,-0.457945116531503,0,1,0,1,0,1,1,0,0,0,0,0,0,1,0,1,0,0,0,0,0,0,1,0,1,0,1
8984-HPEMB,0,1.56777769255077,1.78262059050865,2.71174123926407,0,0,0,1,0,1,1,0,0,1,0,1,0,1,0,1,0,1,0,1,0,1,1,0,1,0,0
4390-KYULV,0,-1.20021227647362,-1.47268381778827,-0.987953134538599,1,1,0,1,0,0,0,1,1,0,1,0,1,0,1,0,1,0,1,0,0,0,1,1,0,0,1
7711-GQBZC,0,1.56777769255077,-1.33497216341077,-0.21547572337869,0,1,1,1,0,1,0,1,1,0,1,0,1,0,1,0,1,0,1,0,0,1,0,0,0,0,0
2000-DHJUY,1,1.52707195771217,0.904916190921967,1.83224361156998,0,1,0,1,0,1,0,0,0,1,0,1,0,1,0,1,0,1,0,1,0,1,1,0,0,0,0
7880-XSOJX,0,-1.15950654163503,-0.747623661607965,-0.946132926846782,1,0,0,0,1,0,0,0,0,1,0,1,0,0,0,1,0,0,0,0,0,0,0,0,0,1,0
4395-PZMSN,1,-1.11880080679644,0.684245708606223,-0.831056008883265,1,0,0,1,0,0,1,0,0,0,0,1,0,0,0,0,0,0,0,1,0,0,1,0,1,0,0
0704-VCUMB,0,1.16072034416483,-1.48263887714086,-0.448944441910168,0,1,0,1,0,0,0,1,1,0,1,0,1,0,1,0,1,0,1,0,0,1,0,1,0,0,0
0323-XWWTN,0,-1.20021227647362,-1.27856016041276,-0.957175217906616,1,0,1,1,0,1,0,1,1,0,1,0,1,0,1,0,1,0,1,0,0,1,1,0,0,1,0
7963-GQRMY,0,-1.20021227647362,-0.684574952374896,-0.951357708700143,0,1,1,1,0,0,0,0,0,0,0,0,0,0,0,0,0,0,0,0,0,0,0,0,0,1,1
5498-TXHLF,0,0.0616655035227901,0.747294417839293,0.251505619414124,0,1,1,1,0,1,1,0,0,0,0,0,0,1,0,0,0,1,0,0,0,0,0,0,1,0,1
5569-IDSEY,0,1.56777769255077,1.35289386178851,2.27029107838494,1,1,0,1,0,1,1,0,0,0,0,1,0,1,0,0,0,1,0,1,1,0,1,0,0,0,0
5982-PSMKW,0,-0.386097579701744,0.868414306629137,-0.0452312558458642,0,1,1,1,0,1,0,0,0,1,0,1,0,1,0,1,0,1,0,1,0,1,1,1,0,0,0
3486-NPGST,0,0.143076973199978,-1.50586734896357,-0.737866097255045,0,0,0,1,0,0,0,1,1,0,1,0,1,0,1,0,1,0,1,0,1,0,0,0,0,1,0
7718-RXDGG,0,-0.711743458410496,0.12178485518489,-0.523671994132185,1,1,0,1,0,0,1,0,0,0,0,0,0,0,0,0,0,0,0,0,0,0,1,0,0,0,0
6859-RKMZJ,0,-0.874566397764872,-0.327851992240422,-0.743398219217427,1,1,0,1,0,0,0,0,0,0,0,0,0,0,0,0,0,1,0,0,0,0,1,0,0,0,0
8020-BWHYL,1,-0.711743458410496,0.344114514059399,-0.506614618081507,0,0,0,1,0,0,1,0,0,0,0,1,0,0,0,0,0,0,0,0,0,0,1,1,0,0,1
3249-VHRIP,0,1.20142607900342,-0.707803424197605,0.196425881304536,0,0,0,0,1,0,0,0,0,0,0,1,0,1,0,0,0,0,0,1,0,1,1,1,0,0,0
3874-EQOEP,0,-1.03738933711925,0.997830078212806,-0.722608856128635,1,0,0,1,0,1,1,0,0,0,0,0,0,0,0,0,0,1,0,1,0,0,0,0,0,1,1
4636-QRJKY,0,-1.07809507195784,0.516668876170959,-0.789630952760191,0,1,1,1,0,1,1,0,0,0,0,0,0,0,0,1,0,0,0,0,0,0,1,0,1,0,1
1984-GPTEH,0,-0.14186317067018,-1.32003957438189,-0.702192691743654,0,0,0,1,0,1,0,1,1,0,1,0,1,0,1,0,1,0,1,0,0,0,0,0,1,0,0
5968-XQIVE,0,1.60848342738936,0.821957362983717,1.88251567225988,1,1,1,1,0,1,1,0,0,0,0,1,0,0,0,0,0,1,0,0,1,0,1,0,1,0,0
0383-CLDDA,0,1.48636622287358,0.677609002371163,1.57888559741185,0,0,0,1,0,1,0,0,0,1,0,0,0,1,0,1,0,1,0,1,0,1,1,1,0,0,0
0125-LZQXK,0,-0.711743458410496,1.20854550117596,-0.328137826199898,1,0,0,1,0,0,1,0,0,0,0,0,0,1,0,1,0,1,0,1,0,0,1,0,1,0,1
1699-TLDLZ,0,-0.671037723571902,-1.50088981928727,-0.878013186968722,0,1,1,1,0,0,0,1,1,0,1,0,1,0,1,0,1,0,1,0,0,1,0,0,0,1,0
1732-VHUBQ,1,0.590840056424512,0.186492740976725,0.442539450035743,0,1,1,1,0,0,1,0,0,0,0,0,0,0,0,0,0,0,0,0,0,0,0,0,0,0,1
4342-HFXWS,0,0.631545791263106,0.158286739477721,0.317144685555085,0,1,1,1,0,0,0,0,0,1,0,0,0,1,0,1,0,1,0,0,1,0,0,0,0,0,0
8039-ACLPL,0,1.60848342738936,0.126762384861185,1.13578897166297,0,1,1,1,0,0,0,0,0,1,0,1,0,1,0,0,0,0,0,1,0,1,0,1,0,0,0
0491-KAPQG,0,-0.467509049378932,0.29102086417892,-0.32605230403154,1,0,0,1,0,1,1,0,0,0,0,0,0,0,0,0,0,0,0,0,0,0,1,0,1,0,0
7566-DSRLQ,0,1.60848342738936,1.5005605755186,2.50152060469355,0,1,0,1,0,1,1,0,0,0,0,1,0,1,0,1,0,1,0,1,0,1,1,0,1,0,0
3701-SFMUH,0,-1.03738933711925,0.158286739477721,-0.783791490688788,1,1,1,1,0,0,0,0,0,1,0,0,0,0,0,0,0,1,0,1,0,0,0,1,0,0,0
8063-GBATB,1,-0.223274640347368,0.674290649253633,-0.00617710913523915,0,0,0,1,0,1,1,0,0,0,0,0,0,0,0,0,0,0,0,1,0,0,1,0,1,0,1
7341-LXCAF,0,-1.15950654163503,0.322545218795455,-0.878079045563512,1,1,0,1,0,1,1,0,0,0,0,0,0,0,0,0,0,0,0,0,0,0,1,0,1,0,1
5175-AOBHI,0,-1.15950654163503,-0.628162949376886,-0.92540942235278,0,0,0,1,0,0,0,0,0,0,0,0,0,0,0,0,0,0,0,0,0,0,1,0,0,1,1
9172-JITSM,0,-0.263980375185962,0.858459247276547,0.0265546124755209,0,1,1,1,0,0,1,0,0,0,0,0,0,0,0,0,0,1,0,1,0,0,1,0,1,0,1
9003-CPATH,0,0.387311382231542,0.496758757465779,0.44436153782494,1,0,0,1,0,1,1,0,0,0,0,0,0,1,0,0,0,0,0,0,0,0,0,0,1,0,0
8645-KOMJQ,0,1.48636622287358,0.564784996375144,1.44892463702573,1,1,1,1,0,1,0,0,0,0,0,1,0,1,0,1,0,1,0,1,0,1,1,0,0,0,0
1306-RPWXZ,0,0.6722515261017,-1.4760021709058,-0.560530854349801,0,0,1,1,0,0,0,1,1,0,1,0,1,0,1,0,1,0,1,0,0,1,0,1,0,0,0
7595-EUIVN,0,-1.28162374615081,0.360706279647049,-0.977130372128066,0,0,0,1,0,0,1,0,0,0,0,1,0,0,0,0,0,0,0,0,0,0,0,0,1,0,1
6368-NWMCE,0,0.224488442877166,0.106852266156006,0.155856986913735,0,0,0,1,0,1,0,0,0,0,0,1,0,0,0,1,0,0,0,1,0,0,0,1,0,0,0
1666-JXLKU,0,0.183782708038572,1.16540691064807,0.662638873824797,0,0,0,1,0,1,1,0,0,0,0,0,0,1,0,0,0,1,0,1,0,0,1,0,1,0,0
6727-IOTLZ,0,-0.75244919324909,0.564784996375144,-0.491554952739467,1,1,0,1,0,0,0,0,0,0,0,1,0,1,0,1,0,1,0,1,0,1,0,0,0,1,0
8580-AECUZ,1,-1.28162374615081,0.470211932525539,-0.97568148304268,1,0,0,1,0,0,1,0,0,0,0,0,0,0,0,0,0,1,0,0,0,0,1,0,1,0,1
5624-RYAMH,0,-0.955977867442059,-1.50752652552233,-0.931885517507156,0,0,0,1,0,0,0,1,1,0,1,0,1,0,1,0,1,0,1,0,0,0,1,0,1,0,0
9828-QHFBK,0,-0.34539184486315,-0.457267763824092,-0.450305519535833,1,0,0,1,0,0,0,0,0,1,0,0,0,0,0,0,0,0,0,0,0,0,1,0,1,0,0
9415-TPKRV,0,-0.996683602280654,-0.304623520417712,-0.814240114346819,0,1,1,1,0,1,0,0,0,0,0,1,0,0,0,0,0,0,0,0,0,0,0,0,1,0,0
3049-NDXFL,0,-1.28162374615081,0.692541591400048,-0.972739799142048,0,0,0,1,0,1,1,0,0,0,0,0,0,0,0,0,0,0,0,1,0,0,0,0,0,1,1
2235-EZAIK,0,1.60848342738936,0.473530285643069,1.36133270595468,0,1,0,1,0,1,0,0,0,1,0,1,0,1,0,1,0,1,0,0,0,1,0,1,0,0,0
4389-UEFCZ,0,1.60848342738936,1.34625715555346,2.30183734528948,0,1,0,1,0,1,1,0,0,1,0,0,0,1,0,0,0,1,0,1,0,1,1,0,1,0,0
5084-OOVCJ,0,-0.630331988733308,-0.317896932887832,-0.606258671999172,0,1,1,1,0,0,0,0,0,1,0,0,0,0,0,1,0,0,0,0,0,0,1,1,0,0,0
0361-HJRDX,0,1.44566048803499,-0.0192451523101339,0.982733597370399,0,0,0,0,1,0,0,0,0,1,0,1,0,1,0,1,0,1,0,1,0,1,0,1,0,0,0
9114-AAFQH,0,0.631545791263106,0.0238934382177562,0.348317753755809,0,1,0,1,0,0,0,0,0,0,0,1,0,1,0,0,0,0,0,1,1,0,1,0,1,0,0
4431-EDMIQ,0,-1.03738933711925,0.35738792652952,-0.767151219071782,0,1,1,1,0,0,0,0,0,1,0,1,0,1,0,1,0,1,0,0,0,0,1,0,1,0,0
6174-NRBTZ,0,0.550134321585918,-1.13421179980021,-0.356522880554501,1,0,0,0,1,0,0,0,0,1,0,0,0,0,0,0,0,0,0,0,1,0,1,0,0,0,0
1842-EZJMK,0,0.712957260940294,1.28652679943792,1.2160705987123,1,1,1,1,0,1,1,0,0,0,0,1,0,0,0,1,0,1,0,1,0,0,0,0,1,0,1
6475-VHUIZ,0,-0.386097579701744,-0.354398817180662,-0.474080472255118,0,1,0,1,0,0,0,0,0,0,0,0,0,1,0,1,0,0,0,0,0,0,0,0,1,0,0
3752-CQSJI,0,-0.793154928087684,-1.4760021709058,-0.898670832867934,0,1,1,1,0,0,0,1,1,0,1,0,1,0,1,0,1,0,1,0,0,0,1,0,0,1,0
8606-OEGQZ,0,-0.589626253894714,-1.31506204470559,-0.810793514552795,0,0,1,1,0,1,0,1,1,0,1,0,1,0,1,0,1,0,1,0,0,1,0,1,0,0,0
9361-YNQWJ,0,1.28283754868061,-1.34492722276336,-0.307392368840965,0,0,0,1,0,1,0,1,1,0,1,0,1,0,1,0,1,0,1,0,1,0,1,0,0,0,0
0130-SXOUN,0,1.3642490183578,0.812002303631127,1.61379065265069,1,0,0,1,0,1,1,0,0,0,0,1,0,0,0,0,0,0,0,1,0,0,0,1,0,0,0
7102-JJVTX,0,-0.955977867442059,-0.541885768321106,-0.824997018162561,0,1,1,1,0,0,0,0,0,1,0,0,0,0,0,0,0,0,0,0,1,0,0,0,0,1,0
4094-NSEDU,1,-0.467509049378932,0.972942429831332,-0.143821572246886,0,0,0,1,0,1,1,0,0,0,0,0,0,0,0,0,0,1,0,1,0,0,1,0,1,0,1
6772-WFQRD,0,0.305899912554354,-1.47766134746456,-0.635060830787447,1,0,1,1,0,0,0,1,1,0,1,0,1,0,1,0,1,0,1,0,1,0,1,0,0,0,0
7021-XSNYE,0,-1.03738933711925,-0.507043060587042,-0.876256957774315,1,1,1,0,1,0,0,0,0,1,0,0,0,1,0,1,0,0,0,1,0,1,0,1,0,0,0
4010-YLMVT,0,0.957191669971858,1.38275903984628,1.57737084973167,0,0,0,1,0,1,1,0,0,1,0,1,0,0,0,0,0,1,0,1,0,0,1,1,0,0,0
8966-OIQHG,0,-0.426803314540338,-1.46604711155321,-0.811803346339579,0,1,1,1,0,0,0,1,1,0,1,0,1,0,1,0,1,0,1,0,1,0,0,0,0,0,0
3376-BMGFE,0,-1.15950654163503,0.19810697688808,-0.890548272843802,0,0,0,1,0,0,1,0,0,0,0,0,0,0,0,0,0,0,0,0,0,0,1,0,0,0,1
0723-DRCLG,1,-1.28162374615081,0.315908512560395,-0.977723099481178,0,1,0,1,0,1,1,0,0,0,0,0,0,0,0,0,0,0,0,0,0,0,1,0,1,0,1
5222-IMUKT,0,-0.0197459661543978,0.866755130070372,0.25034211757283,1,0,0,1,0,0,1,0,0,0,0,0,0,0,0,0,0,1,0,1,0,0,0,0,1,0,0
8319-QBEHW,0,-0.263980375185962,-0.82892331298745,-0.560926005918542,1,0,1,0,1,0,0,0,0,0,0,1,0,0,0,0,0,1,0,0,1,0,1,0,0,0,0
1337-BOZWO,0,-0.589626253894714,-0.614889536906766,-0.653720765978021,1,1,1,0,1,0,0,0,0,0,0,1,0,1,0,0,0,1,0,0,1,0,0,1,0,0,0
3174-RKMOW,0,0.102371238361384,1.49392386928354,0.650279410869158,1,1,1,1,0,1,1,0,0,0,0,1,0,1,0,1,0,1,0,1,0,0,1,0,1,0,0
4900-MSOMT,0,1.60848342738936,0.506713816818369,1.49845030030801,0,1,1,1,0,1,0,0,0,1,0,1,0,1,0,1,0,1,0,0,0,1,0,0,0,0,0
4472-VESGY,0,0.794368730617482,1.102358201415,1.18197779947587,0,1,1,1,0,1,1,0,0,1,0,1,0,1,0,0,0,0,0,1,0,0,0,0,0,0,0
8972-HJWNV,1,-1.03738933711925,0.651062177430923,-0.72640670176154,0,1,0,1,0,1,1,0,0,0,0,0,0,0,0,0,0,0,0,1,0,0,1,0,1,0,1
4480-MBMLB,0,0.143076973199978,1.32302868373075,0.69596332278867,0,0,0,1,0,1,1,0,0,0,0,1,0,1,0,0,0,1,0,1,1,0,1,0,0,0,0
0396-HUJBP,0,-1.24091801131222,-1.51416323175739,-0.99091677130416,0,0,0,1,0,0,0,1,1,0,1,0,1,0,1,0,1,0,1,0,0,0,0,0,0,1,0
1397-XKKWR,0,-1.03738933711925,-0.983226732952594,-0.894148542692336,1,0,0,0,1,0,0,0,0,1,0,0,0,1,0,0,0,0,0,0,1,0,0,0,0,1,0
8944-AILEF,0,-0.711743458410496,-1.5091857020811,-0.860758235133673,1,1,0,1,0,0,0,1,1,0,1,0,1,0,1,0,1,0,1,0,0,0,1,1,0,0,0
3422-GALYP,0,-1.24091801131222,0.481826168436894,-0.946681748470035,1,0,0,1,0,1,1,0,0,0,0,1,0,0,0,0,0,0,0,0,0,0,1,0,1,0,0
4872-JCVCA,0,1.56777769255077,-0.575069299496406,0.472636827854893,0,1,0,0,1,0,0,0,0,1,0,1,0,1,0,1,0,0,0,0,0,1,1,0,0,0,0
0064-YIJGF,0,-0.223274640347368,0.359047103088285,-0.163469386359314,1,1,1,1,0,1,1,0,0,0,0,0,0,0,0,0,0,0,0,0,0,0,1,0,0,0,0
4385-ZKVNW,0,0.46872285190873,-0.332829521916717,0.108790044503627,1,1,1,1,0,0,0,0,0,0,0,1,0,0,0,1,0,0,0,0,0,0,1,0,0,0,0
2361-UPSND,0,0.550134321585918,0.18815191753549,0.408205169285087,0,1,0,1,0,0,0,0,0,1,0,1,0,0,0,1,0,0,0,1,1,0,0,0,0,1,0
7328-OWMOM,0,-0.0604517009929918,-1.48761640681715,-0.751696402161,0,0,1,1,0,0,0,1,1,0,1,0,1,0,1,0,1,0,1,0,1,0,0,1,0,0,0
0565-IYCGT,0,1.48636622287358,0.453620166937889,1.34137755173323,1,0,0,1,0,1,0,0,0,1,0,1,0,1,0,1,0,0,0,1,1,0,1,1,0,0,1
8201-AAXCB,0,-0.304686110024556,-0.151979277011333,-0.393689080881138,1,1,1,1,0,1,0,0,0,0,0,0,0,0,0,0,0,1,0,0,0,0,0,0,1,0,0
0487-VVUVK,0,-0.304686110024556,-1.51914076143369,-0.800717149549885,1,1,1,1,0,0,0,1,1,0,1,0,1,0,1,0,1,0,1,0,0,0,1,0,0,1,0
3870-SPZSI,0,1.52707195771217,1.59679281592697,2.44455292019998,0,1,1,1,0,1,1,0,0,1,0,1,0,1,0,1,0,1,0,1,0,1,1,1,0,0,0
2545-LXYVJ,0,1.60848342738936,-1.46770628811197,-0.355293520118416,1,1,0,1,0,0,0,1,1,0,1,0,1,0,1,0,1,0,1,0,0,1,0,0,0,0,0
2372-HWUHI,0,-1.24091801131222,-0.682915775816131,-0.974737509850686,1,0,0,1,0,0,0,0,0,0,0,0,0,0,0,0,0,0,0,0,0,0,0,0,1,0,1
3806-DXQOM,0,-1.15950654163503,-1.03797955939184,-0.949886866749827,0,0,0,0,1,0,0,0,0,1,0,1,0,0,0,0,0,0,0,0,0,0,1,0,1,0,1
7973-DZRKH,0,1.3642490183578,0.863436776952842,1.59322081821119,0,0,1,1,0,1,1,0,0,1,0,0,0,1,0,1,0,0,0,0,0,1,1,1,0,0,0
9761-XUJWD,0,-1.11880080679644,0.0222342616589909,-0.861175339567345,1,0,0,1,0,0,0,0,0,0,0,1,0,0,0,1,0,0,0,1,0,0,1,0,0,0,0
2207-NHRJK,0,-1.28162374615081,-0.468881999735447,-0.988106804593109,1,0,0,1,0,0,0,0,0,0,0,1,0,0,0,0,0,0,0,0,0,0,0,0,1,0,1
0684-AOSIH,0,-1.28162374615081,0.997830078212806,-0.968700471994912,1,1,0,1,0,0,1,0,0,1,0,0,0,0,0,0,0,1,0,1,0,0,1,0,1,0,1
7839-QRKXN,0,-1.28162374615081,-1.48429805369962,-1.00154195793032,0,0,0,1,0,0,0,1,1,0,1,0,1,0,1,0,1,0,1,0,0,0,1,0,0,1,1
0100-DUVFC,1,1.52707195771217,1.32302868373075,2.19863692725314,1,1,0,1,0,1,1,0,0,0,0,1,0,1,0,0,0,1,0,1,1,0,1,0,1,0,0
5090-EMGTC,0,1.07930887448764,1.16540691064807,1.63923402310466,0,1,0,1,0,0,1,0,0,0,0,1,0,0,0,1,0,1,0,1,0,1,1,0,0,1,0
5961-VUSRV,0,-0.833860662926278,-1.51250405519863,-0.914103696913785,0,0,0,1,0,0,0,1,1,0,1,0,1,0,1,0,1,0,1,0,1,0,1,0,0,0,0
9101-NTIXF,0,-1.24091801131222,-1.51084487863986,-0.98819461605283,1,0,0,1,0,0,0,1,1,0,1,0,1,0,1,0,1,0,1,0,0,0,0,0,0,1,0
9585-KKMFD,0,0.346605647392948,-1.49093475993468,-0.624128304052263,1,1,1,1,0,0,0,1,1,0,1,0,1,0,1,0,1,0,1,0,0,1,1,0,0,1,0
2832-KJCRD,0,0.224488442877166,1.28486762287915,0.740769120110978,0,0,0,1,0,1,1,0,0,0,0,0,0,1,0,1,0,1,0,1,0,0,1,0,1,0,0
1229-RCALF,0,1.28283754868061,1.6615007017188,2.23692272369121,0,1,0,1,0,1,1,0,0,1,0,1,0,1,0,1,0,1,0,1,1,0,1,0,1,0,0
3746-EUBYR,0,-1.28162374615081,0.320886042236689,-0.977657240886388,1,1,0,1,0,1,1,0,0,0,0,0,0,0,0,0,0,0,0,0,0,0,1,0,0,0,1
1010-DIAUQ,0,-1.11880080679644,1.04760537497576,-0.794153242935789,1,0,0,1,0,0,1,0,0,0,0,0,0,1,0,0,0,1,0,1,0,0,0,0,0,0,1
2209-XADXF,0,-1.28162374615081,-1.31672122126436,-0.999324718572384,0,0,0,0,1,0,0,0,0,0,0,0,0,0,0,0,0,0,0,0,0,0,0,0,0,0,0
7242-EDTYC,0,0.46872285190873,-1.50586734896357,-0.650405883373578,1,0,1,1,0,0,0,1,1,0,1,0,1,0,1,0,1,0,1,0,0,1,0,0,0,0,0
3801-HMYNL,0,-1.28162374615081,0.803706420837302,-0.971268957191732,1,1,1,1,0,0,1,0,0,0,0,0,0,0,0,0,0,1,0,1,0,0,0,0,0,1,1
9574-RKJIF,0,-0.101157435831586,0.977919959507627,0.235941038178692,1,1,1,1,0,1,1,0,0,1,0,1,0,0,0,0,0,1,0,0,0,0,1,0,1,0,1
5693-PIPCS,0,0.346605647392948,1.15213349817795,0.842564554791792,1,0,0,1,0,0,1,0,0,0,0,1,0,0,0,1,0,1,0,1,0,1,1,1,0,0,0
1657-DYMBM,0,0.835074465456076,-1.49425311305221,-0.523035361049212,1,1,0,1,0,0,0,1,1,0,1,0,1,0,1,0,1,0,1,0,0,1,0,1,0,0,0
5135-GRQJV,1,1.60848342738936,1.64490893613115,2.64779254372272,1,1,0,1,0,1,1,0,0,1,0,1,0,1,0,1,0,1,0,1,0,1,1,0,0,1,0
2205-YMZZJ,1,-1.03738933711925,0.659358060224748,-0.770268525891854,1,0,0,1,0,1,1,0,0,0,0,0,0,0,0,0,0,1,0,0,0,0,1,0,1,0,1
7138-GIRSH,0,0.712957260940294,0.15165003324266,0.490374742718403,1,0,0,1,0,1,0,0,0,0,0,0,0,1,0,1,0,0,0,1,0,1,0,0,0,0,0
9244-ZVAPM,0,-1.28162374615081,-0.641436361847006,-0.990389902545838,1,0,0,1,0,0,0,0,0,0,0,0,0,0,0,0,0,0,0,0,0,0,0,0,0,1,0
8174-LNWMW,0,-0.0604517009929918,-1.46106958187691,-0.707746766570966,0,0,0,1,0,0,0,1,1,0,1,0,1,0,1,0,1,0,1,0,0,1,0,1,0,0,0
9412-GHEEC,0,0.305899912554354,1.32302868373075,0.803751889595398,1,0,0,1,0,1,1,0,0,0,0,0,0,1,0,1,0,1,0,1,0,0,0,0,0,0,1
2876-VBBBL,0,-1.28162374615081,-1.48263887714086,-1.00152000506539,0,0,0,1,0,0,0,1,1,0,1,0,1,0,1,0,1,0,1,0,0,0,1,0,0,1,1
9000-PLFUZ,1,1.12001460932623,-0.513679766822101,0.266170133187423,0,1,0,0,1,0,0,0,0,0,0,1,0,0,0,0,0,1,0,1,0,1,1,1,0,0,0
9798-DRYDS,0,-0.630331988733308,-0.0988856271308533,-0.540312265749191,0,1,1,1,0,1,0,0,0,0,0,0,0,1,0,1,0,0,0,0,1,0,1,0,0,1,0
3108-PCCGG,1,1.60848342738936,0.647743824313393,1.57996128779342,1,1,0,1,0,1,0,0,0,1,0,1,0,1,0,0,0,1,0,1,0,1,0,1,0,0,0
6005-OBZPH,1,-0.263980375185962,0.803706420837302,-0.0103920592018159,0,0,0,1,0,1,1,0,0,0,0,1,0,0,0,0,0,1,0,0,0,0,1,0,1,0,1
7274-RTAPZ,0,-1.28162374615081,0.850163364482722,-0.97065427697369,1,0,0,1,0,0,1,0,0,0,0,0,0,0,0,0,0,1,0,1,0,0,1,0,1,0,1
4013-UBXWQ,0,-1.03738933711925,0.322545218795455,-0.781618157060709,0,0,0,1,0,1,0,0,0,0,0,0,0,0,0,1,0,1,0,1,0,0,1,0,1,0,1
5834-ASPWA,0,-1.28162374615081,0.349092043735695,-0.977284042182576,1,0,0,1,0,1,1,0,0,0,0,0,0,0,0,0,0,0,0,0,0,0,1,0,1,0,1
4423-JWZJN,0,1.28283754868061,0.840208305130132,1.46110847706193,1,1,1,1,0,1,1,0,0,0,0,0,0,1,0,0,0,0,0,1,1,0,0,1,0,0,0
1431-AIDJQ,0,0.0209597686841961,0.569762526051438,0.132499138628122,1,1,1,1,0,0,0,0,0,0,0,1,0,1,0,1,0,1,0,1,0,1,0,1,0,0,0
5848-FHRFC,0,1.44566048803499,-1.48927558337592,-0.401482347931319,0,0,0,1,0,0,0,1,1,0,1,0,1,0,1,0,1,0,1,0,0,1,0,0,0,0,0
6016-LVTJQ,0,0.0616655035227901,-1.46936546467074,-0.695870266643788,0,1,1,1,0,0,0,1,1,0,1,0,1,0,1,0,1,0,1,0,0,0,0,0,0,1,0
7526-IVLYU,0,-1.20021227647362,-1.50254899584604,-0.980401349002649,1,0,0,1,0,0,0,1,1,0,1,0,1,0,1,0,1,0,1,0,0,0,1,0,0,1,0
7353-YOWFP,0,-1.03738933711925,-1.48263887714086,-0.953706665247662,0,0,0,1,0,0,0,1,1,0,1,0,1,0,1,0,1,0,1,0,1,0,0,0,0,1,0
8035-PWSEV,0,-1.07809507195784,0.807024773954832,-0.796568058078098,0,0,0,1,0,0,1,0,0,0,0,0,0,1,0,1,0,0,0,1,0,0,1,0,1,0,0
0603-OLQDC,0,-0.833860662926278,0.163264269154015,-0.642700427783117,1,0,1,1,0,0,0,0,0,1,0,0,0,0,0,0,0,1,0,1,0,0,1,0,0,1,0
0604-THJFP,0,1.07930887448764,0.365683809323344,0.983941004941554,0,1,1,1,0,0,0,0,0,0,0,1,0,0,0,1,0,1,0,1,0,1,1,1,0,0,0
1871-MOWRM,0,-0.833860662926278,0.528283112082313,-0.629989718988597,1,1,0,1,0,0,1,0,0,1,0,0,0,0,0,1,0,0,0,0,0,0,0,0,0,0,1
0222-CNVPT,1,0.794368730617482,-0.535249062086046,0.111402435430308,1,0,0,0,1,0,0,0,0,1,0,0,0,0,0,0,0,1,0,1,0,0,1,1,0,0,0
7739-LAXOG,0,-0.0197459661543978,0.866755130070372,0.286783873356774,0,1,1,1,0,1,1,0,0,0,0,0,0,1,0,0,0,0,0,1,0,0,1,0,0,0,1
5481-NTDOH,1,1.40495475319639,1.39769162887517,2.12555583990088,0,1,0,1,0,1,1,0,0,1,0,0,0,1,0,0,0,1,0,1,1,0,1,1,0,0,0
4163-HFTUK,0,0.753662995778888,-1.52079993799245,-0.56792896983124,1,0,0,1,0,0,0,1,1,0,1,0,1,0,1,0,1,0,1,0,1,0,0,0,1,0,0
5780-INQIK,0,-0.996683602280654,-0.515338943380866,-0.831165773207916,0,0,0,1,0,0,0,0,0,0,0,0,0,0,0,1,0,0,0,0,0,0,0,0,1,0,0
4184-TJFAN,1,-1.20021227647362,0.775500419338297,-0.89021897986985,0,1,1,1,0,0,1,0,0,1,0,0,0,0,0,1,0,1,0,0,0,0,1,0,0,1,1
5781-BKHOP,0,1.60848342738936,1.18531702935325,2.20965726544804,0,1,0,1,0,1,1,0,0,1,0,1,0,1,0,0,0,1,0,0,0,1,0,0,0,0,0
7137-RYLPP,1,0.183782708038572,0.689223238282518,0.381905637098842,1,1,0,1,0,1,1,0,0,0,0,0,0,0,0,0,0,1,0,0,0,0,1,0,1,0,1
1852-QSWCD,0,1.28283754868061,-1.33165381029324,-0.345304966575226,1,1,1,1,0,1,0,1,1,0,1,0,1,0,1,0,1,0,1,0,0,1,1,0,0,1,0
2657-ALMWY,1,-0.263980375185962,0.664335589901043,-0.0577663417209441,0,1,0,1,0,0,1,0,0,0,0,1,0,0,0,0,0,0,0,1,0,0,0,0,1,0,1
8063-RJYNF,0,-0.671037723571902,0.972942429831332,-0.359179177211041,1,0,0,1,0,0,1,0,0,1,0,0,0,0,0,0,0,1,0,1,0,0,1,0,1,0,1
1875-QIVME,0,-1.24091801131222,1.30975527126063,-0.903807803261574,0,1,0,1,0,1,1,0,0,0,0,0,0,1,0,1,0,1,0,1,0,0,1,0,1,0,1
3714-XPXBW,0,0.183782708038572,0.463575226290479,0.296640709710383,0,0,0,1,0,1,0,0,0,1,0,1,0,1,0,1,0,1,0,0,0,0,1,1,0,0,0
9896-UYMIE,0,1.3642490183578,1.63827222989609,2.23145646032362,1,0,0,1,0,1,1,0,0,1,0,1,0,1,0,1,0,1,0,1,1,0,1,0,0,0,0
9297-EONCV,0,1.60848342738936,0.876710189422962,1.93004362483352,0,0,0,1,0,1,0,0,0,1,0,1,0,1,0,1,0,1,0,1,0,1,1,0,0,0,0
4193-ORFCL,1,-1.28162374615081,-0.658028127434656,-0.990609431195139,0,0,0,1,0,0,0,0,0,0,0,0,0,0,0,0,0,0,0,0,0,0,0,0,0,1,1
7641-EUYET,1,0.550134321585918,1.18697620591202,0.983436089048161,1,1,1,1,0,1,1,0,0,1,0,1,0,1,0,0,0,1,0,0,0,0,1,0,1,0,1
7876-DNYAP,0,1.48636622287358,-1.49757146616974,-0.379507530136302,0,1,1,1,0,0,0,1,1,0,1,0,1,0,1,0,1,0,1,0,0,1,0,1,0,0,0
8910-ICHIU,0,0.550134321585918,1.01939937347675,1.03744013677618,0,0,0,1,0,0,1,0,0,1,0,1,0,1,0,0,0,1,0,0,1,0,1,1,0,0,0
7994-UYIVZ,0,-0.996683602280654,0.687564061723753,-0.720874579799158,1,1,0,1,0,1,1,0,0,0,0,0,0,0,0,0,0,0,0,1,0,0,1,0,0,0,0
1849-RJYIG,0,-0.996683602280654,-0.163593512922688,-0.796260717969077,0,0,0,1,0,0,0,0,0,1,0,0,0,0,0,0,0,1,0,0,0,0,1,0,1,0,0
1349-WXNGG,0,-1.28162374615081,-1.48927558337592,-1.00160781652511,1,0,0,1,0,0,0,1,1,0,1,0,1,0,1,0,1,0,1,0,0,0,0,0,0,0,1
0248-PGHBZ,1,1.40495475319639,0.913212073715792,1.68577409675644,0,0,0,1,0,0,1,0,0,1,0,1,0,0,0,1,0,1,0,0,0,1,1,0,0,0,0
9397-TZSHA,0,1.48636622287358,-1.3382905165283,-0.273650815443422,0,0,0,1,0,1,0,1,1,0,1,0,1,0,1,0,1,0,1,0,0,1,0,1,0,0,0
8967-SZQAS,0,-0.75244919324909,-0.480496235646801,-0.674334506147373,0,0,0,1,0,0,0,0,0,0,0,1,0,0,0,0,0,0,0,0,0,0,0,0,1,0,0
9577-WJVCQ,0,1.44566048803499,-0.347762110945602,0.608722637556503,0,0,0,1,0,1,0,0,0,1,0,0,0,0,0,0,0,0,0,0,0,0,0,0,0,1,0
9388-ZEYVT,0,0.428017117070136,-0.689552482051191,-0.16245955457253,1,0,0,0,1,0,0,0,0,0,0,0,0,1,0,1,0,0,0,1,1,0,0,0,1,0,0
2832-SCUCO,0,-1.24091801131222,-1.49425311305221,-0.985209026422338,0,0,0,1,0,0,0,1,1,0,1,0,1,0,1,0,1,0,1,0,0,0,0,0,1,0,0
4257-GAESD,0,-1.07809507195784,-0.661346480552186,-0.879264500269737,0,0,0,0,1,0,0,0,0,0,0,0,0,0,0,0,0,1,0,1,0,0,0,1,0,0,0
1843-TLSGD,0,-0.793154928087684,-1.46272875843568,-0.890833660087893,0,1,1,1,0,0,0,1,1,0,1,0,1,0,1,0,1,0,1,0,0,1,0,0,0,1,0
7427-AUFPY,0,0.87578020029467,-1.50254899584604,-0.567533818262499,1,0,0,1,0,0,0,1,1,0,1,0,1,0,1,0,1,0,1,0,0,1,0,1,0,0,0
8660-BUETV,0,-1.20021227647362,-0.669642363346011,-0.945408482304089,0,0,0,1,0,0,0,0,0,0,0,0,0,0,0,0,0,0,0,0,0,0,0,0,0,1,0
9355-NPPFS,1,-0.263980375185962,0.460256873172949,-0.129618068637119,0,0,0,1,0,0,1,0,0,0,0,0,0,0,0,0,0,0,0,1,0,0,1,0,1,0,0
5032-USPKF,0,0.224488442877166,0.636129588402038,0.389150082525771,0,0,0,1,0,1,0,0,0,1,0,1,0,1,0,0,0,1,0,1,1,0,0,0,0,0,0
3070-FNFZQ,0,-0.386097579701744,-1.47766134746456,-0.800212233656493,0,1,1,1,0,0,0,1,1,0,1,0,1,0,1,0,1,0,1,0,0,1,0,0,0,0,0
2138-VFAPZ,0,-0.75244919324909,-1.50088981928727,-0.894653458585728,0,1,1,1,0,0,0,1,1,0,1,0,1,0,1,0,1,0,1,0,0,1,1,0,0,1,0
5338-YHWYT,0,0.183782708038572,-0.115477392718503,0.000452656073647141,1,0,1,1,0,0,0,0,0,1,0,1,0,0,0,1,0,0,0,0,0,1,0,1,0,0,0
9667-EQRXU,1,-0.101157435831586,-0.817309077076095,-0.495418656967162,0,0,0,0,1,0,0,0,0,0,0,0,0,1,0,0,0,1,0,0,0,0,1,0,1,0,1
6437-UKHMV,0,-1.03738933711925,0.490122051230719,-0.753101385516526,0,0,0,1,0,0,1,0,0,0,0,0,0,0,0,0,0,1,0,0,0,0,1,0,1,0,1
9546-CQJSU,0,-1.24091801131222,0.878369365981727,-0.92540942235278,0,0,0,1,0,1,1,0,0,0,0,0,0,1,0,0,0,1,0,0,0,0,1,0,1,0,1
6551-ZCOTS,1,0.0209597686841961,-1.32833545717571,-0.638178137607519,1,0,0,1,0,1,0,1,1,0,1,0,1,0,1,0,1,0,1,0,1,0,1,0,0,0,0
4304-XUMGI,1,0.712957260940294,0.339136984383105,0.667863655678158,1,1,1,1,0,1,0,0,0,1,0,1,0,1,0,0,0,0,0,1,0,1,1,0,0,0,0
2808-CHTDM,0,-0.386097579701744,-1.32169875094065,-0.741949330132041,0,1,1,1,0,1,0,1,1,0,1,0,1,0,1,0,1,0,1,0,0,1,0,0,0,1,0
6749-UTDVX,0,1.60848342738936,1.28486762287915,2.34170374800252,1,0,0,1,0,1,1,0,0,0,0,1,0,1,0,0,0,1,0,1,0,1,1,0,1,0,0
7762-URZQH,0,1.3642490183578,1.36450809769987,2.05480175623121,1,1,0,1,0,1,1,0,0,1,0,0,0,1,0,0,0,1,0,1,0,1,1,1,0,0,1
9526-BIHHD,0,-1.28162374615081,-1.16905450753427,-0.997370913593606,1,0,0,0,1,0,0,0,0,1,0,0,0,0,0,0,0,0,0,0,0,0,0,0,0,1,1
9837-FWLCH,0,-0.833860662926278,-1.51748158487492,-0.905476220996261,1,1,1,1,0,0,0,1,1,0,1,0,1,0,1,0,1,0,1,0,0,0,1,0,1,0,0
4825-XJGDM,0,1.16072034416483,-0.704485071080075,0.173529043182455,0,0,0,0,1,0,0,0,0,1,0,1,0,1,0,1,0,0,0,0,1,0,0,1,0,0,0
6762-NSODU,0,0.550134321585918,-1.51084487863986,-0.589728164706817,0,1,1,1,0,0,0,1,1,0,1,0,1,0,1,0,1,0,1,0,0,1,0,1,0,0,0
5837-LXSDN,0,-0.467509049378932,-0.201754573774283,-0.476758721776588,0,1,1,1,0,0,0,0,0,0,0,1,0,0,0,0,0,1,0,0,1,0,1,1,0,0,0
3648-GZPHF,0,-0.0197459661543978,-0.951702378336059,-0.505034011806541,1,1,1,0,1,0,0,0,0,0,0,0,0,1,0,1,0,0,0,0,1,0,1,0,0,1,0
2164-SOQXL,0,-0.508214784217526,-1.48927558337592,-0.83213169926484,0,1,1,1,0,0,0,1,1,0,1,0,1,0,1,0,1,0,1,0,0,0,0,0,0,1,0
9236-NDUCW,0,-0.467509049378932,-0.989863439187654,-0.672161172519294,0,0,0,0,1,0,0,0,0,1,0,0,0,0,0,1,0,0,0,0,0,1,0,0,0,1,0
2223-KAGMX,0,-0.711743458410496,-1.51084487863986,-0.883391638876593,0,0,0,1,0,0,0,1,1,0,1,0,1,0,1,0,1,0,1,0,0,0,0,0,0,0,1
0268-QKIWO,0,-1.20021227647362,-1.49923064272851,-0.984572393339365,0,0,0,1,0,0,0,1,1,0,1,0,1,0,1,0,1,0,1,0,0,0,0,0,1,0,1
1907-UBQFC,1,-0.915272132603466,0.262814862679915,-0.708054106679987,1,0,0,1,0,0,1,0,0,0,0,1,0,0,0,0,0,0,0,0,0,0,1,0,1,0,1
4274-DRSQT,0,1.3642490183578,0.795410538043478,1.62397678197825,0,0,0,1,0,1,1,0,0,0,0,1,0,0,0,0,0,1,0,0,1,0,1,0,0,0,0
5577-OTWWW,0,-0.711743458410496,-1.49923064272851,-0.879879180487779,0,0,0,1,0,0,0,1,1,0,1,0,1,0,1,0,1,0,1,0,0,0,0,0,0,0,1
9867-JCZSP,0,-0.630331988733308,-1.46604711155321,-0.826775200221898,0,1,1,1,0,0,0,1,1,0,1,0,1,0,1,0,1,0,1,0,1,0,0,0,0,1,0
8623-TMRBY,1,0.753662995778888,0.639447941519568,0.809942597505682,1,1,1,1,0,1,1,0,0,0,0,1,0,1,0,0,0,0,0,0,0,0,1,0,1,0,1
9689-PTNPG,0,-1.24091801131222,0.508372993377134,-0.946945182849196,1,0,0,1,0,0,1,0,0,0,0,0,0,0,0,0,0,1,0,0,0,0,1,0,1,0,1
7590-VHVEG,0,-1.28162374615081,-1.16407697785798,-0.997305054998816,0,1,0,0,1,0,0,0,0,0,0,1,0,0,0,0,0,0,0,0,0,0,1,0,1,0,0
3900-AQPHZ,0,-1.28162374615081,-1.49425311305221,-1.0016736751199,0,0,0,1,0,0,0,1,1,0,1,0,1,0,1,0,1,0,1,0,0,0,0,0,0,1,1
0234-TEVTT,0,0.631545791263106,-0.661346480552186,-0.0461093704430677,0,1,1,0,1,0,0,0,0,1,0,0,0,1,0,0,0,0,0,1,1,0,0,1,0,0,0
2640-PMGFL,0,-0.223274640347368,0.483485344995659,-0.0530245228960451,1,0,1,1,0,1,1,0,0,0,0,0,0,0,0,1,0,0,0,0,0,0,1,0,1,0,1
9504-DSHWM,0,-0.508214784217526,-0.190140337862928,-0.48740586126768,1,0,0,1,0,1,0,0,0,1,0,0,0,0,0,1,0,0,0,0,0,0,0,0,0,0,0
5868-CZJDR,0,-1.28162374615081,-1.11430168109503,-0.996646469050913,1,0,1,0,1,0,0,0,0,0,0,1,0,0,0,0,0,0,0,0,0,0,1,0,0,1,1
9294-TDIPC,0,-1.11880080679644,-1.48429805369962,-0.973639866604182,1,0,1,1,0,0,0,1,1,0,1,0,1,0,1,0,1,0,1,0,0,0,0,0,0,1,0
1596-OQSPS,0,-0.874566397764872,-0.458926940382857,-0.777205631209761,0,0,0,1,0,0,0,0,0,0,0,1,0,0,0,0,0,0,0,0,0,0,0,0,1,0,0
6942-LBFDP,0,-1.24091801131222,-1.47268381778827,-0.995658590129059,0,0,0,1,0,0,0,1,1,0,1,0,1,0,1,0,1,0,1,0,0,0,1,0,0,1,0
7527-QNRUS,0,-0.630331988733308,-1.32003957438189,-0.829255873958998,1,1,1,1,0,1,0,1,1,0,1,0,1,0,1,0,1,0,1,0,0,1,1,0,0,1,0
0909-SDHNU,0,-1.03738933711925,-1.16573615441674,-0.921743293909456,0,0,1,0,1,0,0,0,0,1,0,0,0,0,0,0,0,0,0,0,0,0,0,0,0,1,0
4926-UMJZD,0,-0.0604517009929918,-0.521975649615926,-0.352461600542435,0,1,0,1,0,0,0,0,0,0,0,0,0,0,0,1,0,0,0,0,0,0,1,0,0,1,0
8444-WRIDW,1,1.3642490183578,0.515009699612194,1.28337808258794,0,0,0,1,0,1,1,0,0,0,0,1,0,0,0,0,0,0,0,0,0,0,1,1,0,0,1
4910-GMJOT,0,-1.28162374615081,0.984556665742686,-0.968876094914353,0,0,0,1,0,1,1,0,0,0,0,0,0,0,0,0,0,1,0,1,0,0,1,0,1,0,1
2952-QAYZF,0,-1.11880080679644,0.675949825812398,-0.824184762160148,1,0,0,1,0,1,1,0,0,0,0,1,0,1,0,0,0,0,0,0,0,0,1,0,1,0,1
9833-TGFHX,0,0.387311382231542,1.06751549368094,0.753172488796477,1,1,1,1,0,1,1,0,0,1,0,0,0,0,0,0,0,1,0,1,1,0,0,0,1,0,0
9140-CZQZZ,0,1.44566048803499,0.486803698113189,1.41134133226542,0,1,0,1,0,0,0,0,0,1,0,1,0,0,0,1,0,1,0,1,0,1,1,0,0,0,0
7777-UNYHB,0,-0.833860662926278,-1.48761640681715,-0.908373999167032,0,1,1,1,0,0,0,1,1,0,1,0,1,0,1,0,1,0,1,0,0,0,1,1,0,0,0
4102-OQUPX,1,-1.28162374615081,0.31424933600163,-0.977745052346108,1,1,0,1,0,1,1,0,0,0,0,0,0,0,0,0,0,0,0,0,0,0,1,0,1,0,1
1699-UOTXU,0,1.12001460932623,-0.117136569277268,0.586989301275717,1,0,0,1,0,0,0,0,0,1,0,1,0,1,0,0,0,0,0,0,0,1,0,0,1,0,0
3167-SNQPL,1,0.224488442877166,1.2019087949409,0.632475637410857,1,1,1,1,0,1,1,0,0,0,0,1,0,0,0,0,0,1,0,1,0,0,0,0,1,0,0
2180-DXNEG,0,-0.833860662926278,1.03101360938811,-0.544088158517166,0,0,0,1,0,0,1,0,0,0,0,0,0,1,0,0,0,1,0,1,0,0,1,0,1,0,1
6476-YHMGA,0,-0.711743458410496,0.383934751469759,-0.503036301097903,0,1,1,1,0,0,0,0,0,0,0,1,0,1,0,1,0,1,0,1,0,0,0,0,0,0,0
2277-BKJKN,1,1.56777769255077,1.13720090914907,2.15683867242625,0,1,0,1,0,0,1,0,0,0,0,1,0,1,0,0,0,1,0,1,0,1,1,0,1,0,0
2274-XUATA,1,1.60848342738936,-0.0607245662792585,1.04681401010132,1,1,0,0,1,0,0,0,0,1,0,1,0,1,0,1,0,1,0,1,0,1,1,0,0,0,0
1391-UBDAR,0,-0.874566397764872,0.26447403923868,-0.65106446932148,1,0,0,1,0,0,1,0,0,0,0,0,0,1,0,0,0,0,0,0,0,0,0,0,1,0,0
3957-HHLMR,0,1.52707195771217,0.00896084918887121,0.984292250780435,0,1,1,1,0,1,0,0,0,1,0,0,0,0,0,0,0,0,0,1,1,0,0,0,0,0,0
4351-QLCSU,0,-1.28162374615081,-0.329511168799187,-0.986262763938982,0,0,0,1,0,0,0,0,0,0,0,0,0,0,0,0,0,1,0,0,0,0,1,1,0,0,1
0071-NDAFP,0,-0.304686110024556,-1.30842533847053,-0.733541382863818,1,1,1,1,0,1,0,1,1,0,1,0,1,0,1,0,1,0,1,0,0,1,0,1,0,0,0
3244-CQPHU,1,1.60848342738936,1.49890139895983,2.39083425971605,0,0,0,1,0,1,1,0,0,1,0,1,0,0,0,1,0,1,0,1,0,1,1,0,0,0,0
7318-EIVKO,0,-0.996683602280654,-0.188481161304163,-0.818718498792556,1,0,0,1,0,1,0,0,0,0,0,0,0,0,0,0,0,1,0,0,0,0,1,0,1,0,0
1301-LOPVR,0,-0.14186317067018,-0.317896932887832,-0.291696070415953,1,1,1,0,1,0,0,0,0,1,0,1,0,1,0,1,0,0,0,1,1,0,1,1,0,0,0
8217-QYOHV,0,-1.11880080679644,-0.304623520417712,-0.893204569500342,1,0,0,1,0,0,0,0,0,1,0,0,0,0,0,1,0,0,0,0,0,0,1,0,0,1,0
7595-EHCDL,0,-0.0197459661543978,-0.475518705970506,-0.284451624989024,1,1,1,0,1,0,0,0,0,0,0,0,0,1,0,0,0,1,0,1,0,0,0,1,0,0,0
0817-HSUSE,0,-1.28162374615081,0.350751220294459,-0.977262089317646,1,0,0,1,0,0,0,0,0,0,0,0,0,1,0,1,0,1,0,1,0,0,1,0,1,0,0
4178-EGMON,0,1.52707195771217,0.765545359985707,1.61798364985233,1,1,0,1,0,1,1,0,0,1,0,1,0,0,0,1,0,0,0,0,0,1,1,1,0,0,0
1000-AJSLD,0,-1.28162374615081,-1.48761640681715,-1.00158586366018,1,0,0,1,0,0,0,1,1,0,1,0,1,0,1,0,1,0,1,0,0,0,1,0,0,1,1
0257-ZESQC,1,-0.223274640347368,0.34079616094187,-0.163315716304803,0,1,0,1,0,0,1,0,0,1,0,0,0,0,0,0,0,0,0,0,0,0,1,0,0,0,1
4403-BWPAY,0,-0.75244919324909,-1.33165381029324,-0.869166182401897,1,0,0,1,0,1,0,1,1,0,1,0,1,0,1,0,1,0,1,0,1,0,1,1,0,0,0
9600-UDOPK,0,-0.101157435831586,0.966305723596272,0.248124878214891,1,1,0,1,0,1,1,0,0,0,0,0,0,0,0,0,0,1,0,1,0,0,1,1,0,0,1
9888-ZCUMM,0,1.28283754868061,-0.161934336363923,0.677961973545998,1,1,1,0,1,0,0,0,0,1,0,0,0,1,0,1,0,1,0,1,0,1,1,0,0,0,0
6743-HHQPF,0,0.387311382231542,-1.32169875094065,-0.528699200201174,1,1,0,0,1,0,0,0,0,0,0,0,0,0,0,0,0,0,0,0,0,0,1,1,0,0,0
5550-VFRLC,1,-1.28162374615081,0.163264269154015,-0.979742763054746,0,0,0,1,0,0,1,0,0,0,0,0,0,0,0,0,0,0,0,0,0,0,1,0,1,0,1
1222-KJNZD,0,0.305899912554354,-1.47766134746456,-0.683181510714198,1,1,1,1,0,0,0,1,1,0,1,0,1,0,1,0,1,0,1,0,0,0,1,0,0,0,0
1013-QCWAM,1,1.3642490183578,1.19029455902955,1.92721170525754,0,1,0,1,0,1,1,0,0,0,0,1,0,0,0,0,0,1,0,1,0,0,1,0,1,0,0
9637-EIHEQ,0,-1.28162374615081,-0.468881999735447,-0.988106804593109,0,0,0,1,0,0,0,0,0,0,0,0,0,0,0,1,0,0,0,0,0,0,1,0,1,0,1
9513-DXHDA,0,-0.223274640347368,0.556489113581319,-0.0389746893407893,1,0,0,1,0,0,0,0,0,1,0,0,0,1,0,1,0,1,0,1,1,0,0,0,1,0,0
5046-NUHWD,1,-0.14186317067018,-0.661346480552186,-0.470963165435045,0,1,0,0,1,0,0,0,0,1,0,0,0,1,0,0,0,0,0,1,0,0,1,0,1,0,0
5716-EZXZN,0,1.3235432835192,1.13222337947277,1.80688805257573,0,1,1,1,0,1,1,0,0,1,0,1,0,0,0,1,0,1,0,0,0,1,1,1,0,0,0
9189-JWSHV,1,-0.34539184486315,0.949713958008622,-0.0163632384627995,0,1,0,1,0,1,1,0,0,0,0,0,0,0,0,0,0,1,0,1,0,0,1,0,1,0,1
0742-LAFQK,0,1.60848342738936,1.1355417325903,2.24831626058993,1,1,0,1,0,1,1,0,0,1,0,1,0,1,0,0,0,0,0,1,0,1,1,0,1,0,0
8242-PDSGJ,0,1.52707195771217,-0.85547013792769,0.171860625447768,1,1,0,0,1,0,0,0,0,1,0,0,0,1,0,1,0,0,0,0,0,1,1,1,0,0,0
0480-BIXDE,0,-0.54892051905612,1.05756043432835,-0.245112091034308,0,1,0,1,0,0,1,0,0,0,0,0,0,1,0,0,0,1,0,1,0,0,1,0,1,0,0
1579-KLYDT,0,-1.03738933711925,0.846845011365192,-0.749852361506873,1,0,0,1,0,1,1,0,0,0,0,0,0,1,0,0,0,1,0,0,0,0,1,0,1,0,1
6818-DJXAA,0,-0.915272132603466,0.868414306629137,-0.587006009455486,0,0,1,1,0,0,1,0,0,0,0,0,0,1,0,1,0,1,0,0,0,0,1,0,1,0,0
0626-QXNGV,0,1.60848342738936,-1.35322310555719,-0.23044757726101,0,1,0,1,0,1,0,1,1,0,1,0,1,0,1,0,1,0,1,0,0,1,1,1,0,0,0
2880-FPNAE,1,-1.24091801131222,0.30761262976657,-0.948898987827973,1,1,0,1,0,0,1,0,0,0,0,0,0,1,0,0,0,0,0,0,0,0,1,0,1,0,0
1971-DTCZB,0,1.60848342738936,0.863436776952842,1.82967512637316,0,1,0,1,0,1,0,0,0,1,0,1,0,1,0,1,0,1,0,1,0,1,1,0,0,0,0
0147-ESWWR,1,0.26519417771576,1.20522714805843,0.723492215410999,0,1,0,1,0,1,1,0,0,0,0,0,0,0,0,1,0,1,0,1,0,0,1,0,1,0,0
2384-OVPSA,1,0.224488442877166,-1.48429805369962,-0.687308649321054,0,0,0,1,0,0,0,1,1,0,1,0,1,0,1,0,1,0,1,0,0,1,0,0,0,1,0
4612-SSVHJ,1,-0.508214784217526,0.548193230787494,-0.276482735019403,0,0,0,1,0,0,1,0,0,0,0,0,0,0,0,0,0,0,0,1,0,0,1,0,1,0,0
6244-BESBM,0,1.48636622287358,1.00446678444787,1.91884766371918,1,1,1,1,0,0,1,0,0,0,0,0,0,0,0,1,0,1,0,1,0,1,1,1,0,0,0
8812-ZRHFP,0,-0.101157435831586,0.714110886663993,0.103938461354078,0,1,1,1,0,0,1,0,0,0,0,0,0,1,0,0,0,0,0,1,1,0,0,0,1,0,0
3474-BAFSJ,0,0.997897404810452,-0.246552340860938,0.423528269006287,1,1,0,0,1,0,0,0,0,0,0,1,0,1,0,1,0,1,0,1,0,1,1,0,0,0,0
6029-CSMJE,0,-0.630331988733308,-1.30344780879424,-0.81713789251759,1,0,0,0,1,0,0,0,0,0,0,0,0,0,0,0,0,0,0,0,0,0,1,0,0,1,0
9173-IVZVP,0,0.835074465456076,-1.46106958187691,-0.507229298299549,0,1,1,1,0,0,0,1,1,0,1,0,1,0,1,0,1,0,1,0,0,1,0,0,0,1,0
8242-SOQUO,1,-1.11880080679644,0.656039707107218,-0.838080925660893,0,0,0,1,0,0,1,0,0,0,0,1,0,0,0,0,0,1,0,0,0,0,1,0,1,0,0
0804-YGEQV,0,0.428017117070136,-1.3432680462046,-0.574361159255756,0,1,1,1,0,1,0,1,1,0,1,0,1,0,1,0,1,0,1,0,1,0,1,0,0,0,0
2040-LDIWQ,0,1.3235432835192,0.639447941519568,1.32734967104291,1,1,1,1,0,1,0,0,0,0,0,1,0,1,0,1,0,1,0,1,0,1,1,0,0,0,0
5917-HBSDW,0,0.183782708038572,-1.51250405519863,-0.710205487443135,0,1,1,1,0,0,0,1,1,0,1,0,1,0,1,0,1,0,1,0,0,0,0,0,1,0,0
7706-DZNKK,0,-0.874566397764872,-1.4760021709058,-0.906222618403884,1,0,0,1,0,0,0,1,1,0,1,0,1,0,1,0,1,0,1,0,0,0,1,1,0,0,0
0607-MVMGC,0,0.509428586747324,0.458597696614184,0.570480746848291,1,1,1,1,0,1,0,0,0,0,0,1,0,1,0,0,0,1,0,1,1,0,0,1,0,0,0
6862-CQUMB,0,0.183782708038572,1.03433196250564,0.590743241178762,1,0,0,1,0,0,1,0,0,0,0,1,0,0,0,0,0,1,0,1,0,0,1,1,0,0,0
4929-ROART,0,-0.589626253894714,-0.288031754830062,-0.584591194313177,1,0,0,1,0,1,0,0,0,1,0,0,0,0,0,0,0,0,0,0,0,0,0,0,0,1,0
7795-CFOCW,0,0.509428586747324,-0.750942014725495,-0.202216192960918,1,0,0,0,1,0,0,0,0,1,0,0,0,1,0,1,0,0,0,0,1,0,0,0,0,0,0
2108-XWMPY,0,-1.20021227647362,-0.978249203276299,-0.963497643006481,1,0,0,0,1,0,0,0,0,1,0,1,0,0,0,0,0,0,0,0,0,0,1,0,0,1,1
4797-MIWUM,0,-1.03738933711925,-1.48263887714086,-0.933707605296353,1,1,1,1,0,0,0,1,1,0,1,0,1,0,1,0,1,0,1,0,0,0,1,0,0,0,0
4248-HCETZ,1,-0.101157435831586,0.488462874671954,0.0280254544258367,1,1,0,1,0,0,1,0,0,0,0,1,0,1,0,0,0,0,0,0,0,0,1,0,0,1,1
0516-WJVXC,0,-1.11880080679644,-0.356057993739427,-0.87507150306809,0,0,0,1,0,0,0,0,0,1,0,0,0,0,0,1,0,0,0,0,0,0,0,0,1,0,1
5569-OUICF,1,-0.182568905508774,1.2068863246172,0.224306019765746,0,1,0,1,0,1,1,0,0,0,0,0,0,0,0,1,0,1,0,1,0,0,1,1,0,0,1
1197-BVMVG,1,-1.15950654163503,0.315908512560395,-0.881130493788794,0,0,0,1,0,1,1,0,0,0,0,0,0,0,0,0,0,0,0,0,0,0,1,0,1,0,0
1134-YWTYF,0,-0.223274640347368,-0.369331406209547,-0.400187128900444,1,1,0,1,0,0,0,0,0,0,0,1,0,0,0,1,0,0,0,0,0,0,1,0,1,0,0
8152-UOBNY,1,0.712957260940294,1.38939574608134,1.33764556469512,0,0,0,1,0,1,1,0,0,0,0,1,0,0,0,1,0,1,0,1,1,0,1,0,1,0,0
1591-NFNLQ,0,0.753662995778888,0.500077110583309,0.85222381536103,1,0,0,1,0,1,1,0,0,0,0,0,0,1,0,0,0,0,0,0,0,0,0,1,0,0,1
4641-FROLU,0,-0.101157435831586,-1.51416323175739,-0.745703270035086,0,1,1,1,0,0,0,1,1,0,1,0,1,0,1,0,1,0,1,0,0,1,0,0,0,1,0
8198-RKSZG,0,-0.75244919324909,0.515009699612194,-0.511180813986965,0,1,1,1,0,1,0,0,0,0,0,1,0,0,0,1,0,1,0,1,0,0,0,1,0,0,0
4550-VBOFE,1,1.52707195771217,1.26163915105644,2.10755449065821,1,1,0,1,0,1,1,0,0,0,0,1,0,1,0,0,0,1,0,1,0,0,1,0,1,0,1
9475-NNDGC,0,1.56777769255077,1.6001111690445,2.48152154474224,1,1,0,1,0,1,1,0,0,0,0,1,0,1,0,1,0,1,0,1,1,0,1,0,0,0,0
1432-FPAXX,0,-0.14186317067018,-1.1391893294765,-0.634424197704474,0,0,0,0,1,0,0,0,0,0,0,1,0,0,0,0,0,0,0,0,0,0,1,0,1,0,1
8091-TTVAX,0,1.03860313964905,1.17536197000066,1.48391750372429,1,1,0,1,0,1,1,0,0,0,0,0,0,1,0,0,0,1,0,1,1,0,0,1,0,0,0
9318-NKNFC,0,-1.28162374615081,-1.52909582078628,-1.00213468528343,1,0,0,1,0,0,0,1,1,0,1,0,1,0,1,0,1,0,1,0,0,0,1,0,0,1,1
9560-BBZXK,0,0.143076973199978,-1.12425674044762,-0.515878727082004,0,0,0,0,1,0,0,0,0,1,0,0,0,0,0,0,0,0,0,0,0,1,0,0,0,0,0
4231-LZUYM,0,1.60848342738936,-1.30344780879424,-0.181909792900587,0,1,0,1,0,1,0,1,1,0,1,0,1,0,1,0,1,0,1,0,0,1,0,0,0,0,0
7395-IGJOS,1,-0.630331988733308,0.549852407346259,-0.42681595406064,1,1,0,1,0,0,1,0,0,0,0,0,0,0,0,0,0,0,0,1,0,0,0,0,0,0,1
2454-RPBRZ,1,-0.833860662926278,1.10069902485624,-0.544922367384509,0,1,0,1,0,1,1,0,0,0,0,1,0,1,0,0,0,1,0,0,0,0,1,0,1,0,1
4999-IEZLT,0,1.3642490183578,-1.1773503903281,-0.139694433640029,1,0,0,0,1,0,0,0,0,0,0,0,0,0,0,1,0,0,0,0,1,0,0,1,0,0,0
3113-IWHLC,0,-1.11880080679644,-0.302964343858947,-0.889955545490689,1,0,0,1,0,0,0,0,0,1,0,0,0,1,0,0,0,0,0,0,0,0,1,0,0,1,0
4373-VVHQL,0,-1.28162374615081,-0.669642363346011,-0.99076310124965,1,0,0,1,0,0,0,0,0,0,0,0,0,0,0,0,0,0,0,0,0,0,1,0,1,0,0
2599-CZABP,0,-0.75244919324909,-0.674619893022306,-0.72886542263371,1,1,0,1,0,0,0,0,0,0,0,0,0,0,0,0,0,0,0,0,1,0,0,0,1,0,0
2983-ZANRP,0,-1.24091801131222,0.286043334502625,-0.946571984145384,0,1,1,1,0,0,1,0,0,0,0,1,0,0,0,0,0,0,0,0,0,0,1,0,0,0,1
9787-XVQIU,0,-1.28162374615081,0.344114514059399,-0.977349900777366,1,0,0,1,0,1,1,0,0,0,0,0,0,0,0,0,0,0,0,0,0,0,1,0,1,0,1
6656-JWRQX,0,-1.28162374615081,-1.14084850603527,-0.996997714889794,0,0,0,0,1,0,0,0,0,0,0,0,0,0,0,1,0,0,0,0,0,0,0,0,0,1,0
6671-NGWON,0,-1.03738933711925,-1.47932052402333,-0.944288886192655,0,0,0,1,0,0,0,1,1,0,1,0,1,0,1,0,1,0,1,0,0,0,0,0,0,1,0
0142-GVYSN,0,-0.263980375185962,-1.48097970058209,-0.785942871451936,1,0,0,1,0,0,0,1,1,0,1,0,1,0,1,0,1,0,1,0,0,0,1,0,1,0,0
0133-BMFZO,0,-1.24091801131222,0.707474180428933,-0.930656157071071,0,0,0,1,0,0,1,0,0,1,0,1,0,0,0,1,0,0,0,0,0,0,1,0,1,0,1
3307-TLCUD,0,-0.630331988733308,-1.01309191101036,-0.750159701615894,1,1,0,0,1,0,0,0,0,1,0,0,0,1,0,0,0,0,0,0,0,0,0,0,0,1,0
3521-MNKLV,0,-0.34539184486315,-0.505383884028276,-0.497679802054961,1,0,0,1,0,0,0,0,0,0,0,0,0,1,0,0,0,0,0,0,0,0,1,0,0,1,0
2604-XVDAM,0,-0.833860662926278,-0.701166717962546,-0.772902869683464,0,0,0,1,0,0,0,0,0,0,0,0,0,0,0,0,0,0,0,0,0,0,0,0,0,0,0
5171-EPLKN,0,-0.223274640347368,-1.49591228961098,-0.804053985019258,1,0,0,1,0,0,0,1,1,0,1,0,1,0,1,0,1,0,1,0,0,1,0,1,0,0,0
0613-WUXUM,0,1.52707195771217,-1.51748158487492,-0.395116017101594,0,1,1,1,0,0,0,1,1,0,1,0,1,0,1,0,1,0,1,0,0,1,1,0,0,1,0
9360-AHGNL,1,0.428017117070136,1.48065045681342,1.11034560120899,0,1,0,1,0,1,1,0,0,1,0,0,0,1,0,1,0,1,0,1,1,0,1,0,0,1,1
1024-KPRBB,0,0.224488442877166,0.802047244278537,0.45691857656495,0,0,0,1,0,0,1,0,0,0,0,0,0,0,0,0,0,1,0,1,1,0,1,0,0,1,0
8183-ONMXC,0,-1.24091801131222,0.524964758964784,-0.94040322910003,0,0,0,1,0,0,1,0,0,0,0,0,0,0,0,0,0,0,0,1,0,0,0,0,1,0,1
7233-DRTRF,0,1.24213181384202,1.24338820891002,1.81889626969249,1,1,0,1,0,1,1,0,0,0,0,1,0,1,0,0,0,1,0,1,0,0,1,0,1,0,0
2057-BOYKM,1,1.60848342738936,1.05092372809329,1.98725279084133,0,1,0,1,0,1,1,0,0,1,0,1,0,1,0,1,0,0,0,0,0,1,1,0,0,0,0
9928-BZVLZ,0,-0.833860662926278,-0.500406354351981,-0.768007380804055,0,0,0,0,1,0,0,0,0,1,0,0,0,1,0,1,0,0,0,1,0,1,0,0,0,1,0
9853-JFZDU,0,0.102371238361384,-0.268121636124882,-0.193281376934372,0,1,0,1,0,0,0,0,0,0,0,1,0,0,0,1,0,0,0,0,0,0,0,0,1,0,0
0577-WHMEV,0,-0.671037723571902,0.855140894159017,-0.40675103551454,0,1,0,1,0,1,1,0,0,1,0,1,0,1,0,0,0,0,0,0,0,0,0,0,1,0,0
6088-BXMRG,0,-0.0197459661543978,1.12558667323771,0.34610051439787,0,1,1,1,0,1,1,0,0,0,0,1,0,0,0,0,0,1,0,1,0,0,1,0,1,0,0
5214-NLTIT,0,1.60848342738936,0.858459247276547,1.84864240167276,1,1,1,1,0,1,1,0,0,0,0,0,0,1,0,0,0,0,0,1,0,1,1,1,0,0,0
1153-GNOLC,0,0.0209597686841961,-0.857129314486455,-0.435684911492395,1,0,0,0,1,0,0,0,0,0,0,1,0,0,0,0,0,1,0,0,1,0,1,0,1,0,0
4816-OKWNX,0,0.712957260940294,1.27657174008532,1.28866872303609,1,1,1,1,0,0,1,0,0,0,0,1,0,1,0,1,0,1,0,1,1,0,1,0,0,0,0
0096-FCPUF,0,-0.101157435831586,-0.0142676226338388,-0.181273159817615,1,0,0,1,0,1,0,0,0,1,0,0,0,0,0,0,0,0,0,1,0,0,1,0,0,1,0
2621-UDNLU,0,-1.20021227647362,-1.46272875843568,-0.978798789862752,0,1,0,1,0,0,0,1,1,0,1,0,1,0,1,0,1,0,1,0,0,0,0,0,0,1,0
8544-JNBOX,0,1.60848342738936,-1.46438793499444,-0.342516952729105,1,0,0,1,0,0,0,1,1,0,1,0,1,0,1,0,1,0,1,0,0,1,1,0,0,1,0
0328-GRPMV,0,-1.28162374615081,0.17156015194784,-0.979632998730096,0,0,0,1,0,0,1,0,0,0,0,0,0,0,0,0,0,0,0,0,0,0,1,0,1,0,1
5699-BNCAS,1,1.56777769255077,-1.33663133996954,-0.234706433057447,1,0,0,1,0,1,0,1,1,0,1,0,1,0,1,0,1,0,1,0,0,1,1,0,0,1,0
9448-REEVD,0,-1.28162374615081,-0.671301539904776,-0.99078505411458,1,1,0,1,0,0,0,0,0,0,0,0,0,0,0,0,0,0,0,0,0,0,0,1,0,0,1
8705-WZCYL,0,-1.28162374615081,-0.667983186787246,-0.99074114838472,1,0,0,1,0,0,0,0,0,0,0,0,0,0,0,0,0,0,0,0,0,0,1,0,1,0,0
3621-CEOVK,1,-0.75244919324909,1.17038444032437,-0.408990227737409,0,1,0,1,0,1,1,0,0,0,0,1,0,0,0,0,0,1,0,1,0,0,1,0,1,0,1
2189-WWOEW,0,-0.711743458410496,0.695859944517578,-0.453005721922234,0,0,1,1,0,0,1,0,0,0,0,1,0,0,0,0,0,0,0,1,0,0,1,0,0,0,1
1636-NTNCO,1,-1.15950654163503,-0.463904470059151,-0.919372384497006,1,0,0,0,1,0,0,0,0,0,0,1,0,0,0,0,0,1,0,1,0,0,1,1,0,0,0
8943-URTMR,0,-1.24091801131222,0.488462874671954,-0.943366865865592,0,0,0,1,0,0,1,0,0,0,0,0,0,0,0,0,0,1,0,0,0,0,1,0,0,1,1
6015-VVHHE,1,-1.11880080679644,0.604605233785503,-0.81456940732077,0,0,0,1,0,1,1,0,0,0,0,0,0,0,0,0,0,1,0,0,0,0,1,1,0,0,1
4369-NYSCF,0,0.957191669971858,0.359047103088285,0.870795939091884,1,0,0,1,0,0,0,0,0,0,0,1,0,0,0,1,0,1,0,1,1,0,1,0,0,0,0
3810-PJUHR,0,1.52707195771217,-1.31340286814683,-0.257361789665297,1,1,1,1,0,1,0,1,1,0,1,0,1,0,1,0,1,0,1,0,0,1,0,0,0,1,0
1196-AMORA,0,-1.03738933711925,0.28770251106139,-0.782101120089171,1,0,0,1,0,1,1,0,0,0,0,0,0,0,0,0,0,0,0,0,0,0,0,0,1,0,1
1264-BYWMS,0,0.916485935133264,1.05756043432835,1.30954589758461,1,0,0,1,0,1,1,0,0,0,0,0,0,0,0,0,0,1,0,1,0,0,1,0,1,0,1
4896-CPRPF,0,0.102371238361384,-1.3100845150293,-0.655103796468617,1,1,1,1,0,1,0,1,1,0,1,0,1,0,1,0,1,0,1,0,0,1,0,0,0,0,0
4079-ULGFR,0,-0.671037723571902,-1.49093475993468,-0.889362818137577,1,0,0,1,0,0,0,1,1,0,1,0,1,0,1,0,1,0,1,0,0,0,0,0,0,1,0
3156-QLHBO,0,-1.24091801131222,-1.51582240831616,-0.989182494974683,1,0,1,1,0,0,0,1,1,0,1,0,1,0,1,0,1,0,1,0,0,0,0,0,0,1,0
8631-XVRZL,0,-0.955977867442059,-1.48595723025839,-0.938537235580972,1,0,0,1,0,0,0,1,1,0,1,0,1,0,1,0,1,0,1,0,1,0,1,0,0,1,0
9360-OMDZZ,0,-0.34539184486315,0.967964900155036,0.00945333069498289,1,0,0,1,0,1,1,0,0,0,0,0,0,0,0,0,0,1,0,1,0,0,1,0,1,0,0
1086-LXKFY,0,-1.28162374615081,0.13837662077254,-0.980072056028697,0,1,1,1,0,0,1,0,0,0,0,0,0,0,0,0,0,0,0,0,0,0,1,0,0,1,1
5656-JAMLX,0,1.20142607900342,-1.49591228961098,-0.459986732970001,1,0,0,1,0,0,0,1,1,0,1,0,1,0,1,0,1,0,1,0,0,1,0,0,0,0,0
6715-OFDBP,0,-1.11880080679644,0.169900975389075,-0.858321467126434,1,0,0,1,0,0,0,0,0,0,0,0,0,1,0,0,0,1,0,1,0,0,1,0,1,0,1
8225-BTJAU,1,-0.915272132603466,0.475189462201834,-0.661996996056664,1,0,0,1,0,0,1,0,0,0,0,0,0,0,0,0,0,0,0,1,0,0,1,0,1,0,1
5781-RFZRP,0,1.56777769255077,0.28438415794386,1.34194832622141,1,1,0,1,0,1,0,0,0,1,0,1,0,0,0,1,0,1,0,0,0,1,0,1,0,0,0
0827-ITJPH,0,0.143076973199978,-1.53905088013887,-0.707900436625476,1,0,0,1,0,0,0,1,1,0,1,0,1,0,1,0,1,0,1,0,0,1,1,1,0,0,0
6393-WRYZE,0,0.0616655035227901,1.08576643582735,0.397887322767946,0,1,0,1,0,1,1,0,0,0,0,0,0,0,0,0,0,1,0,1,0,0,1,0,1,0,1
8332-OSJDW,0,-0.833860662926278,-1.27856016041276,-0.872129819167458,1,1,1,1,0,1,0,1,1,0,1,0,1,0,1,0,1,0,1,0,1,0,0,0,0,1,0
1722-LDZJS,0,0.835074465456076,-1.48429805369962,-0.541431861860625,1,1,1,1,0,0,0,1,1,0,1,0,1,0,1,0,1,0,1,0,1,0,0,1,0,0,0
2673-ZALNP,0,-1.03738933711925,-1.49425311305221,-0.934388144109186,0,0,0,1,0,0,0,1,1,0,1,0,1,0,1,0,1,0,1,0,1,0,0,0,0,1,0
2452-MRMZF,1,1.60848342738936,-1.30178863223547,-0.159781305051059,0,1,0,1,0,1,0,1,1,0,1,0,1,0,1,0,1,0,1,0,0,1,1,1,0,0,0
7780-OTDSO,0,-0.589626253894714,1.14383761538413,-0.245155996764168,1,1,0,1,0,1,1,0,0,1,0,0,0,0,0,0,0,1,0,1,0,0,1,0,1,0,1
4508-OEBEY,0,-0.0604517009929918,0.350751220294459,0.05406155223292,1,1,0,1,0,0,0,0,0,1,0,1,0,1,0,1,0,0,0,1,1,0,1,1,0,0,0
2391-IPLOP,0,0.712957260940294,0.156627562918956,0.500890165019915,1,1,1,1,0,1,0,0,0,0,0,0,0,1,0,1,0,1,0,0,1,0,1,0,1,0,0
4632-PAOYU,0,-0.426803314540338,-1.49259393649345,-0.820079576418222,1,1,1,1,0,0,0,1,1,0,1,0,1,0,1,0,1,0,1,0,1,0,0,0,0,1,0
4909-JOUPP,1,1.60848342738936,1.48562798648971,2.45746120477887,1,1,0,1,0,1,1,0,0,0,0,1,0,1,0,1,0,1,0,1,0,1,0,1,0,0,0
2920-RNCEZ,0,-1.28162374615081,0.166582622271545,-0.979698857324886,1,1,1,1,0,0,1,0,0,0,0,0,0,0,0,0,0,0,0,0,0,0,1,1,0,0,0
4897-QSUYC,0,-1.28162374615081,-1.48595723025839,-1.00156391079525,0,0,0,1,0,0,0,1,1,0,1,0,1,0,1,0,1,0,1,0,0,0,1,0,0,1,1
0836-SEYLU,0,-0.955977867442059,-0.80569484116474,-0.865983016987034,1,1,0,0,1,0,0,0,0,0,0,0,0,0,0,1,0,1,0,0,0,0,0,0,0,1,1
0401-WDBXM,0,1.60848342738936,1.34791633211222,2.30106899501693,1,1,1,1,0,1,1,0,0,1,0,0,0,1,0,0,0,1,0,1,0,1,1,0,0,0,0
3685-YLCMQ,0,1.03860313964905,1.31805115405445,1.72034985902133,1,0,0,1,0,1,1,0,0,0,0,0,0,1,0,1,0,1,0,1,1,0,1,0,1,0,1
5981-ZVXOT,1,0.102371238361384,1.44083021940306,0.62558243782281,0,0,0,1,0,1,1,0,0,1,0,1,0,1,0,0,0,1,0,1,1,0,1,0,1,0,0
1052-QJIBV,0,1.56777769255077,-1.49425311305221,-0.396916152025861,0,1,1,1,0,0,0,1,1,0,1,0,1,0,1,0,1,0,1,0,0,1,0,1,0,0,0
2251-PYLPB,0,1.60848342738936,0.485144521554424,1.5409071410828,1,1,0,1,0,1,0,0,0,1,0,1,0,1,0,1,0,0,0,1,0,1,0,1,0,0,0
7126-RBHSD,0,-0.630331988733308,0.463575226290479,-0.418144572413255,0,1,0,1,0,1,1,0,0,1,0,0,0,0,0,0,0,0,0,0,0,0,0,0,1,0,0
5879-HMFFH,0,1.60848342738936,0.767204536544472,1.85259391736017,0,1,0,1,0,1,0,0,0,1,0,1,0,1,0,1,0,1,0,1,0,1,0,0,0,0,0
7103-IPXPJ,0,0.712957260940294,1.14383761538413,1.2111092512381,1,1,0,1,0,1,1,0,0,0,0,0,0,0,0,1,0,1,0,1,1,0,0,0,1,0,0
5859-HZYLF,0,-0.263980375185962,-1.51914076143369,-0.783967113608228,1,1,1,1,0,0,0,1,1,0,1,0,1,0,1,0,1,0,1,0,0,1,1,1,0,0,0
8992-JQYUN,0,-1.28162374615081,-0.483814588764331,-0.98830438037748,1,1,0,0,1,0,0,0,0,0,0,0,0,1,0,0,0,1,0,1,0,0,1,0,1,0,1
9688-YGXVR,0,0.46872285190873,0.770522889662003,0.734051543442371,0,0,0,1,0,0,1,0,0,0,0,1,0,1,0,0,0,1,0,0,0,0,1,1,0,0,0
8705-DWKTI,0,0.794368730617482,0.626174529049448,0.891321867801515,1,0,0,1,0,0,1,0,0,0,0,0,0,1,0,0,0,0,0,1,0,0,1,1,0,0,0
6851-WEFYX,1,0.102371238361384,1.19029455902955,0.498848548581417,1,1,0,1,0,1,1,0,0,0,0,0,0,1,0,0,0,1,0,1,0,0,1,0,1,0,0
2424-WVHPL,1,-1.28162374615081,0.32420439535422,-0.977613335156528,1,0,0,1,0,0,1,0,0,0,0,0,0,0,0,1,0,0,0,0,0,0,0,0,1,0,0
3668-QPYBK,0,-1.24091801131222,-0.367672229650782,-0.962926868518299,1,0,0,1,0,0,0,0,0,1,0,1,0,0,0,0,0,0,0,0,0,0,1,0,0,1,1
8450-UYIBU,1,0.102371238361384,-0.83224166610498,-0.380539314788016,0,0,0,0,1,0,0,0,0,0,0,0,0,1,0,0,0,1,0,0,0,0,1,0,1,0,0
7951-VRDVK,0,0.143076973199978,0.694200767958813,0.30831963385319,0,0,0,1,0,0,0,0,0,1,0,1,0,1,0,1,0,1,0,1,1,0,0,0,0,0,0
5248-RPYWW,1,1.60848342738936,0.836889952012602,1.93849547783161,0,1,1,1,0,1,0,0,0,1,0,1,0,1,0,1,0,1,0,1,0,1,1,0,0,0,0
6778-JFCMK,0,-0.34539184486315,-0.475518705970506,-0.44457582178908,1,0,0,0,1,0,0,0,0,1,0,0,0,0,0,0,0,1,0,1,1,0,1,0,0,1,0
1309-BXVOQ,0,-0.467509049378932,1.36616727425864,-0.0225539463730843,1,1,0,1,0,1,1,0,0,0,0,0,0,1,0,1,0,1,0,1,0,0,1,0,1,0,1
0239-OXEXL,0,0.550134321585918,0.641107118078333,0.678905946737992,0,0,0,1,0,1,1,0,0,1,0,1,0,0,0,0,0,0,0,0,0,0,0,0,0,1,0
1140-UKVZG,0,-0.630331988733308,-1.33165381029324,-0.801748934201599,0,0,0,1,0,1,0,1,1,0,1,0,1,0,1,0,1,0,1,0,0,0,0,0,0,1,0
6583-KQJLK,1,-0.711743458410496,0.986215842301452,-0.446200333793907,0,1,0,1,0,0,1,0,0,0,0,1,0,0,0,0,0,1,0,1,0,0,1,0,1,0,0
1049-FYSYG,0,-0.630331988733308,-0.971612497041239,-0.726757947600421,0,1,0,0,1,0,0,0,0,0,0,1,0,1,0,0,0,0,0,0,0,0,1,1,0,0,0
9359-JANWS,0,1.3235432835192,-0.200095397215518,0.683076991074708,0,1,0,1,0,0,0,0,0,1,0,0,0,1,0,1,0,0,0,0,0,1,0,1,0,0,0
7129-AZJDE,0,0.0616655035227901,0.465234402849244,0.151861565496458,1,1,1,1,0,0,1,0,0,0,0,0,0,0,0,0,0,0,0,1,1,0,1,0,0,0,0
3316-UWXUY,0,0.712957260940294,0.948054781449857,1.0740136097497,1,0,0,1,0,0,1,0,0,1,0,1,0,0,0,1,0,0,0,1,0,0,1,1,0,0,0
1062-LHZOD,0,-1.28162374615081,0.164923445712781,-0.979720810189816,1,1,1,1,0,0,1,0,0,0,0,0,0,0,0,0,0,0,0,0,0,0,1,0,0,1,1
7233-PAHHL,0,1.3642490183578,0.632811235284508,1.49847225317294,1,1,1,1,0,1,0,0,0,1,0,0,0,1,0,1,0,1,0,1,0,1,1,0,0,1,0
3177-LASXD,0,-1.28162374615081,0.213039565916965,-0.979084177106843,0,0,0,1,0,0,1,0,0,0,0,0,0,0,0,0,0,0,0,0,0,0,0,0,1,0,1
0784-ZQJZX,0,1.60848342738936,-1.49425311305221,-0.33880691855592,1,0,1,1,0,0,0,1,1,0,1,0,1,0,1,0,1,0,1,0,0,1,0,1,0,0,0
0603-TPMIB,0,1.07930887448764,-1.3100845150293,-0.336875066442073,0,1,1,1,0,1,0,1,1,0,1,0,1,0,1,0,1,0,1,0,0,1,0,0,0,1,0
8559-CIZFV,0,-0.467509049378932,0.417118282645059,-0.296942805134244,1,1,1,1,0,1,0,0,0,1,0,1,0,0,0,1,0,1,0,0,1,0,0,0,0,1,1
2252-ISRNH,0,-0.955977867442059,0.843526658247662,-0.673258815765799,1,1,1,1,0,1,1,0,0,0,0,0,0,1,0,0,0,1,0,0,1,0,1,0,1,0,0
2346-DJQTB,0,0.102371238361384,-1.35322310555719,-0.653676860248161,0,0,0,0,1,0,0,0,0,0,0,0,0,0,0,0,0,0,0,0,0,0,0,0,1,0,0
8229-MYEJZ,0,-0.915272132603466,-0.455608587265327,-0.791650616333759,0,0,0,1,0,0,0,0,0,0,0,1,0,0,0,0,0,0,0,0,0,0,0,0,1,0,0
4979-HPRFL,0,0.957191669971858,-1.35322310555719,-0.394742818397783,1,1,1,1,0,1,0,1,1,0,1,0,1,0,1,0,1,0,1,0,0,1,0,0,0,0,0
5387-ASZNZ,1,1.3642490183578,-0.0358369178977836,0.822367919056112,0,0,0,1,0,1,0,0,0,1,0,1,0,0,0,1,0,0,0,0,1,0,1,1,0,0,0
6432-TWQLB,0,-1.11880080679644,0.679268178929928,-0.834305032892918,1,1,0,1,0,1,1,0,0,0,0,1,0,0,0,1,0,0,0,0,0,0,1,0,1,0,1
4083-EUGRJ,0,-0.955977867442059,-1.48263887714086,-0.932039187561666,1,0,0,1,0,0,0,1,1,0,1,0,1,0,1,0,1,0,1,0,0,0,0,0,0,1,1
8313-AFGBW,0,0.590840056424512,0.28770251106139,0.536234277557355,1,1,0,1,0,0,0,0,0,0,0,1,0,1,0,0,0,1,0,1,0,1,0,0,1,0,0
1803-BGNBD,0,-0.833860662926278,-0.352739640621897,-0.723047913427236,0,0,0,1,0,0,0,0,0,0,0,1,0,0,0,1,0,0,0,0,0,0,1,0,1,0,0
6120-RJKLU,1,1.20142607900342,0.498417934024544,1.10573549957368,0,1,0,1,0,0,0,0,0,1,0,0,0,1,0,1,0,1,0,1,0,1,1,1,0,0,0
8695-ARGXZ,1,0.0616655035227901,0.352410396853224,0.0544786566665918,1,1,0,1,0,1,1,0,0,0,0,0,0,0,0,0,0,0,0,0,0,0,1,0,1,0,0
4488-PSYCG,0,-0.671037723571902,-1.48263887714086,-0.866641602934937,1,0,0,1,0,0,0,1,1,0,1,0,1,0,1,0,1,0,1,0,0,0,0,0,0,0,1
5868-YTYKS,0,-1.28162374615081,-1.48263887714086,-1.00152000506539,1,0,1,1,0,0,0,1,1,0,1,0,1,0,1,0,1,0,1,0,0,0,1,0,0,1,0
3450-WXOAT,0,0.550134321585918,-0.654709774317126,-0.103691735154686,1,0,0,1,0,0,0,0,0,0,0,0,0,0,0,0,0,0,0,0,0,0,1,1,0,0,0
3178-CIFOT,0,-0.386097579701744,-1.50254899584604,-0.800497620900584,0,0,0,1,0,0,0,1,1,0,1,0,1,0,1,0,1,0,1,0,1,0,1,1,0,0,0
7049-GKVZY,0,-0.630331988733308,0.495099580907014,-0.401284772146949,0,0,0,1,0,0,0,0,0,1,0,1,0,0,0,1,0,1,0,1,1,0,0,1,0,0,0
0068-FIGTF,0,-0.223274640347368,0.440346754467769,-0.0976327444339825,0,0,0,1,0,0,0,0,0,0,0,1,0,1,0,1,0,1,0,1,1,0,0,0,0,1,0
3255-GRXMG,0,-0.589626253894714,-0.639777185288241,-0.682347301846855,1,0,1,1,0,0,0,0,0,0,0,0,0,0,0,0,0,0,0,0,0,0,1,1,0,0,0
4976-LNFVV,1,-0.54892051905612,-1.01641026412789,-0.757008995474081,1,1,0,0,1,0,0,0,0,0,0,1,0,1,0,0,0,0,0,0,0,0,1,1,0,0,0
6574-MCOEH,0,0.0209597686841961,0.471871109084304,0.101018730318377,0,1,1,1,0,1,0,0,0,0,0,0,0,1,0,1,0,1,0,1,1,0,1,0,1,0,0
7399-QHBJS,0,1.60848342738936,0.0603953225105859,1.0796335431718,0,1,1,1,0,1,0,0,0,1,0,1,0,0,0,1,0,0,0,0,0,1,0,1,0,0,0
0734-OXWBT,0,-1.20021227647362,0.19147027065302,-0.911337635932594,1,0,1,1,0,0,0,0,0,0,0,0,0,0,0,1,0,1,0,1,0,0,0,0,0,1,0
2615-YVMYX,1,1.56777769255077,1.41262421790405,2.3762795102674,1,1,0,1,0,1,1,0,0,1,0,1,0,1,0,0,0,1,0,1,0,0,1,0,1,0,0
2207-OBZNX,0,-1.03738933711925,-0.462245293500387,-0.85496267879213,1,0,0,1,0,0,0,0,0,1,0,0,0,0,0,0,0,0,0,0,0,0,1,0,0,1,1
8016-NCFVO,1,0.916485935133264,1.71127599848175,1.79189424582848,1,0,0,1,0,1,1,0,0,1,0,1,0,1,0,1,0,1,0,1,0,0,1,0,1,0,0
0942-KOWSM,0,-0.101157435831586,0.526623935523549,0.029847542215034,0,1,1,1,0,0,0,0,0,0,0,1,0,1,0,1,0,1,0,1,0,1,0,0,0,0,0
2234-XADUH,0,1.60848342738936,1.26993503385027,2.2223240685127,0,1,1,1,0,1,1,0,0,0,0,1,0,1,0,0,0,1,0,1,1,0,1,1,0,0,0
3902-MIVLE,0,1.24213181384202,0.35738792652952,1.0429283530087,1,1,1,1,0,1,0,0,0,1,0,0,0,1,0,1,0,0,0,1,0,1,0,0,0,1,0
2674-MIAHT,0,-1.15950654163503,0.510032169935899,-0.868068539155392,0,0,0,1,0,1,1,0,0,0,0,1,0,0,0,0,0,0,0,0,0,0,1,0,0,1,0
5271-DBYSJ,1,-0.874566397764872,0.471871109084304,-0.647003189309414,1,0,0,1,0,0,1,0,0,0,0,0,0,0,0,0,0,0,0,1,0,0,1,1,0,0,0
6705-LNMDD,0,-0.508214784217526,-0.495428824675686,-0.570014491999599,1,0,0,1,0,0,0,0,0,0,0,0,0,0,0,1,0,0,0,0,0,0,0,0,0,1,0
6549-NNDYT,0,-0.793154928087684,-1.13089344668268,-0.83737843398313,0,0,0,0,1,0,0,0,0,1,0,0,0,0,0,0,0,0,0,0,0,0,1,0,0,0,0
4324-BZCKL,0,-0.915272132603466,-0.311260226652772,-0.768358626642936,0,1,1,1,0,0,0,0,0,0,0,1,0,1,0,0,0,0,0,0,0,0,1,0,0,1,0
5099-BAILX,1,0.428017117070136,1.52047069422378,1.04784579475304,1,1,1,1,0,1,1,0,0,0,0,1,0,1,0,1,0,1,0,1,0,0,1,0,0,0,1
4521-YEEHE,0,-0.589626253894714,0.793751361484712,-0.310224288416947,0,1,0,1,0,1,1,0,0,0,0,0,0,0,0,1,0,1,0,0,0,0,1,0,1,0,0
6127-IYJOZ,1,-1.28162374615081,-0.633140479053181,-0.990280138221188,1,0,0,1,0,0,0,0,0,0,0,0,0,0,0,0,0,0,0,0,0,0,1,0,0,1,0
5989-PGKJB,0,-0.671037723571902,0.707474180428933,-0.422030229505881,0,0,0,1,0,0,1,0,0,0,0,1,0,0,0,0,0,0,0,1,0,0,1,0,1,0,0
2538-OIMXF,0,-1.28162374615081,-1.33497216341077,-0.999566200086615,0,0,1,0,1,0,0,0,0,0,0,0,0,0,0,0,0,0,0,0,0,0,0,0,0,1,0
8603-IJWDN,0,-1.28162374615081,0.719088416340288,-0.972388553303167,1,0,0,1,0,1,1,0,0,0,0,0,0,0,0,0,0,0,0,1,0,0,1,0,1,0,1
2856-NNASM,1,0.428017117070136,0.816979833307422,0.682923321020198,1,0,0,1,0,0,1,0,0,0,0,0,0,0,0,0,0,1,0,1,0,0,1,0,0,1,1
5173-ZXXXL,0,-1.24091801131222,-1.49259393649345,-0.989467882218775,1,0,0,1,0,0,0,1,1,0,1,0,1,0,1,0,1,0,1,0,1,0,0,0,0,1,0
5356-KZCKT,0,1.03860313964905,-1.3432680462046,-0.345853788198478,1,0,0,1,0,1,0,1,1,0,1,0,1,0,1,0,1,0,1,0,0,1,1,1,0,0,0
6008-NAIXK,1,0.87578020029467,-0.314578579770302,0.292250136724366,1,0,0,0,1,0,0,0,0,0,0,1,0,1,0,0,0,1,0,1,1,0,1,0,1,0,0
5160-UXJED,0,-0.630331988733308,-0.674619893022306,-0.711237272094849,1,0,1,1,0,0,0,0,0,0,0,0,0,0,0,0,0,0,0,0,1,0,0,0,0,1,0
2632-UCGVD,1,1.3642490183578,1.16540691064807,2.00674693489925,1,1,0,1,0,1,1,0,0,0,0,0,0,0,0,1,0,1,0,1,0,0,1,1,0,0,1
4548-SDBKE,0,-1.11880080679644,0.672631472694868,-0.80194650998597,0,0,0,1,0,1,1,0,0,0,0,0,0,0,0,0,0,1,0,0,0,0,1,0,1,0,1
4849-PYRLQ,1,0.957191669971858,0.276088275150035,0.769615184629112,0,0,0,1,0,1,0,0,0,1,0,0,0,1,0,1,0,0,0,1,0,1,0,0,0,0,0
7094-MSZAO,0,-0.915272132603466,-1.48927558337592,-0.914476895617597,1,1,1,1,0,0,0,1,1,0,1,0,1,0,1,0,1,0,1,0,0,0,1,1,0,0,0
1624-WOIWJ,0,-0.915272132603466,0.656039707107218,-0.645093290060497,0,0,0,1,0,0,1,0,0,1,0,0,0,0,0,0,0,1,0,0,0,0,1,0,0,1,1
0378-CJKPV,0,1.60848342738936,1.56526846131043,2.48709757243448,0,1,0,1,0,1,1,0,0,1,0,1,0,1,0,1,0,1,0,1,0,1,0,1,0,0,0
3012-VFFMN,0,-1.03738933711925,-1.46936546467074,-0.940622757749331,0,1,1,1,0,0,0,1,1,0,1,0,1,0,1,0,1,0,1,0,0,0,0,0,0,1,0
5650-VDUDS,0,-1.15950654163503,-1.34990475243966,-0.96823946183138,0,0,0,0,1,0,0,0,0,0,0,0,0,0,0,0,0,0,0,0,0,0,1,0,0,1,1
5915-DGNVC,0,0.6722515261017,0.22797215494585,0.514017978248107,0,1,0,1,0,1,0,0,0,1,0,1,0,1,0,0,0,0,0,1,1,0,0,0,1,0,0
3617-XLSGQ,0,1.3642490183578,1.47069539746083,2.09921240198477,0,1,1,1,0,1,1,0,0,1,0,1,0,1,0,0,0,1,0,1,0,1,0,0,0,0,0
3374-TTZTK,0,0.794368730617482,1.37280398049369,1.39869648206569,1,1,0,1,0,0,1,0,0,1,0,1,0,1,0,1,0,1,0,1,0,1,1,0,1,0,0
1320-REHCS,1,0.794368730617482,1.52047069422378,1.55017125008329,1,0,0,1,0,1,1,0,0,0,0,1,0,1,0,1,0,1,0,1,0,0,1,0,1,0,0
5884-GCYMI,0,-1.28162374615081,0.148331680125131,-0.979940338839117,1,0,0,1,0,0,1,0,0,0,0,0,0,0,0,0,0,0,0,0,0,0,0,0,0,1,1
7812-FZHPE,0,-0.630331988733308,-1.35488228211595,-0.830441328665223,0,1,1,1,0,1,0,1,1,0,1,0,1,0,1,0,1,0,1,0,0,0,0,0,0,1,1
7197-VOJMM,0,1.40495475319639,0.141694973890071,1.04071111365076,1,1,0,1,0,0,0,0,0,1,0,1,0,0,0,1,0,0,0,1,0,1,1,1,0,0,0
2229-VWQJH,0,-0.34539184486315,-0.518657296498397,-0.468943501861477,0,0,0,1,0,0,0,0,0,0,0,0,0,1,0,0,0,0,0,0,0,0,1,1,0,0,0
6549-BTYPG,0,1.12001460932623,-0.137046687982448,0.571710107284376,0,1,0,0,1,0,0,0,0,0,0,1,0,1,0,1,0,1,0,1,0,1,0,1,0,0,0
9540-JYROE,0,-0.996683602280654,0.17156015194784,-0.768336673778006,1,0,0,1,0,0,1,0,0,0,0,0,0,0,0,0,0,0,0,0,0,0,1,0,0,1,1
5423-BHIXO,0,-0.0197459661543978,-0.356057993739427,-0.246626838714484,0,0,0,1,0,1,0,0,0,0,0,1,0,0,0,0,0,0,0,0,0,0,1,0,1,0,0
4559-UWIHT,0,-0.75244919324909,0.588013468197854,-0.490128016519011,1,1,0,1,0,1,1,0,0,0,0,1,0,1,0,0,0,0,0,0,0,0,1,0,1,0,0
8775-LHDJH,1,-1.28162374615081,0.851822541041487,-0.97063232410876,0,1,0,1,0,1,1,0,0,0,0,1,0,0,0,0,0,1,0,0,0,0,1,0,1,0,1
3754-DXMRT,1,-1.24091801131222,-0.689552482051191,-0.969732256646626,1,0,0,1,0,0,0,0,0,0,0,0,0,0,0,0,0,0,0,0,0,0,1,0,1,0,1
8374-XGEJJ,1,0.428017117070136,1.19693126526461,0.916348133821815,1,1,0,1,0,1,1,0,0,0,0,1,0,0,0,0,0,1,0,1,0,0,1,0,1,0,1
6575-SUVOI,1,-0.304686110024556,0.15165003324266,-0.240897140967731,0,1,0,1,0,1,0,0,0,1,0,0,0,0,0,1,0,1,0,0,0,0,1,1,0,0,0
3653-NCRDJ,0,0.428017117070136,-1.51748158487492,-0.669592687322474,1,1,1,1,0,0,0,1,1,0,1,0,1,0,1,0,1,0,1,0,1,0,1,0,0,1,0
9081-WWXKP,0,0.590840056424512,-1.48263887714086,-0.626938270763315,0,1,1,1,0,0,0,1,1,0,1,0,1,0,1,0,1,0,1,0,0,1,0,1,0,0,0
0929-PECLO,1,1.24213181384202,0.818639009866187,1.42143965013326,0,0,0,1,0,1,1,0,0,0,0,0,0,1,0,0,0,0,0,1,0,0,1,0,0,0,0
1231-YNDEK,0,1.03860313964905,-1.51914076143369,-0.555767082659972,1,0,0,1,0,0,0,1,1,0,1,0,1,0,1,0,1,0,1,0,0,1,1,0,0,0,0
5018-HEKFO,0,-0.915272132603466,-1.34160886964583,-0.891799586144817,0,0,0,1,0,1,0,1,1,0,1,0,1,0,1,0,1,0,1,0,0,0,1,0,0,1,0
6402-SSEJG,0,-0.304686110024556,-0.128750805188623,-0.334174864055672,0,0,0,0,1,0,0,0,0,1,0,1,0,1,0,0,0,1,0,1,1,0,0,0,1,0,0
3951-NJCVI,1,0.387311382231542,0.999489254771571,0.721450598972501,0,1,0,1,0,1,1,0,0,0,0,0,0,0,0,0,0,1,0,1,0,0,1,0,1,0,0
8610-WFCJF,0,0.6722515261017,1.01774019691799,1.08981967249936,0,1,1,1,0,1,1,0,0,0,0,0,0,0,0,0,0,1,0,1,0,0,1,0,1,0,1
0748-RDGGM,0,1.52707195771217,1.47899128025465,2.29773215954755,1,1,0,1,0,0,1,0,0,1,0,1,0,1,0,1,0,1,0,1,1,0,1,0,0,0,1
5562-YJQGT,0,-1.24091801131222,-1.47932052402333,-0.995000004181157,0,0,0,1,0,0,0,1,1,0,1,0,1,0,1,0,1,0,1,0,0,0,0,1,0,0,0
9675-ICXCT,0,1.60848342738936,0.526623935523549,1.50475077254294,1,1,1,1,0,0,0,0,0,1,0,0,0,1,0,1,0,1,0,1,0,1,1,0,1,0,0
4992-LTJNE,0,1.60848342738936,-0.319556109446597,0.738617739347829,1,1,1,1,0,1,0,0,0,1,0,0,0,0,0,0,0,0,0,0,0,1,0,0,0,0,0
4797-AXPXK,0,-1.28162374615081,-0.163593512922688,-0.984067477445973,0,0,1,1,0,0,0,0,0,1,0,1,0,0,0,1,0,0,0,0,0,0,1,0,1,0,1
8755-IWJHN,1,1.48636622287358,1.00944431412416,1.79165276431425,1,1,0,1,0,1,1,0,0,0,0,1,0,1,0,0,0,0,0,1,0,0,1,0,0,0,0
9846-GKXAS,0,-0.955977867442059,0.858459247276547,-0.654884267819316,0,0,0,1,0,0,1,0,0,0,0,0,0,0,0,0,0,1,0,1,0,0,1,0,0,0,1
8439-LTUGF,0,-0.915272132603466,-1.49093475993468,-0.923214135859772,1,0,0,1,0,0,0,1,1,0,1,0,1,0,1,0,1,0,1,0,0,0,1,1,0,0,0
5740-YHGTW,0,1.52707195771217,1.08244808270982,1.91768416187788,1,1,1,1,0,1,1,0,0,1,0,1,0,0,0,0,0,1,0,0,0,0,1,1,0,0,0
6101-IMRMM,0,-1.07809507195784,0.981238312625156,-0.757755392881704,1,0,1,1,0,0,1,0,0,0,0,0,0,1,0,0,0,1,0,1,0,0,0,0,0,1,1
2580-ATZSQ,0,1.3235432835192,-0.118795745836033,0.690540965150938,0,1,1,1,0,0,0,0,0,1,0,1,0,1,0,0,0,0,0,0,1,0,0,0,0,0,0
4525-VZCZG,0,0.87578020029467,1.35787139146481,1.54782229353577,1,0,1,1,0,0,1,0,0,1,0,1,0,0,0,1,0,1,0,1,1,0,1,0,1,0,0
6416-JNVRK,0,0.550134321585918,-0.307941873535242,0.170148301983221,0,0,0,1,0,0,0,0,0,0,0,0,0,0,0,0,0,0,0,1,1,0,0,1,0,0,0
7449-HVPIV,0,0.916485935133264,0.845185834806427,1.228408108803,1,1,1,1,0,1,1,0,0,0,0,0,0,1,0,0,0,1,0,0,0,0,1,1,0,0,0
7503-EPSZW,0,1.28283754868061,-1.35654145867472,-0.325854728247169,0,1,1,1,0,1,0,1,1,0,1,0,1,0,1,0,1,0,1,0,0,1,1,0,0,1,0
0674-GCDXG,0,1.24213181384202,0.23129050806338,0.956214536534853,1,0,0,1,0,1,0,0,0,1,0,0,0,1,0,1,0,0,0,1,0,1,1,0,0,0,0
7471-WNSUF,0,1.12001460932623,-1.35322310555719,-0.349234529397712,1,1,0,1,0,1,0,1,1,0,1,0,1,0,1,0,1,0,1,0,1,0,0,0,0,0,0
6838-YAUVY,0,0.87578020029467,1.00114843133034,1.21334844346096,0,0,0,1,0,1,1,0,0,0,0,0,0,1,0,1,0,0,0,1,0,1,1,0,0,0,0
5027-XWQHA,0,-1.07809507195784,-0.669642363346011,-0.891448340305935,1,0,0,1,0,0,0,0,0,0,0,0,0,0,0,0,0,0,0,0,0,0,0,0,1,0,1
3230-JCNZS,0,1.56777769255077,1.13056420291401,2.09005805730893,0,1,1,1,0,1,1,0,0,1,0,1,0,1,0,0,0,1,0,0,0,1,1,1,0,0,0
2359-KLTEK,0,0.346605647392948,0.994511725095277,0.679081569657433,0,1,1,1,0,0,1,0,0,0,0,0,0,1,0,0,0,1,0,1,0,0,1,0,0,0,0
6173-ITPWD,0,0.590840056424512,0.611241940020563,0.774357003454011,1,1,0,1,0,1,1,0,0,0,0,1,0,1,0,0,0,0,0,0,0,0,1,0,0,0,1
8076-FEZKJ,0,-0.915272132603466,-1.50752652552233,-0.911249824472874,1,0,0,1,0,0,0,1,1,0,1,0,1,0,1,0,1,0,1,0,1,0,0,0,0,1,0
6583-QGCSI,1,0.712957260940294,0.767204536544472,0.907105977686248,0,1,0,1,0,1,1,0,0,0,0,1,0,0,0,0,0,1,0,0,0,0,1,0,1,0,1
1750-CSKKM,0,-0.955977867442059,-0.317896932887832,-0.812944895315943,1,0,1,1,0,0,0,0,0,0,0,0,0,0,0,0,0,1,0,0,0,0,0,0,1,0,1
1527-SXDPN,0,0.794368730617482,1.03930949218193,1.18059476898527,1,1,1,1,0,1,1,0,0,0,0,0,0,1,0,1,0,0,0,1,0,1,1,0,0,0,1
0902-RFHOF,0,0.224488442877166,-1.48761640681715,-0.689855181652945,1,0,0,1,0,0,0,1,1,0,1,0,1,0,1,0,1,0,1,0,1,0,0,0,0,1,0
3955-JBZZM,0,-0.508214784217526,0.460256873172949,-0.289786171167036,1,0,0,1,0,0,1,0,0,0,0,0,0,0,0,0,0,1,0,0,0,0,0,0,1,0,0
3318-NMQXL,0,-1.20021227647362,0.898279484686907,-0.893270428095132,1,0,0,1,0,0,1,0,0,0,0,0,0,0,0,0,0,1,0,1,0,0,1,0,1,0,0
3384-CTMSF,0,0.590840056424512,1.29980021190803,1.24421417155267,1,1,0,1,0,1,1,0,0,0,0,1,0,1,0,0,0,1,0,1,0,0,1,0,1,0,0
8908-SLFCJ,0,-0.467509049378932,-1.46272875843568,-0.819311226145669,0,0,0,1,0,0,0,1,1,0,1,0,1,0,1,0,1,0,1,0,0,1,1,1,0,0,0
7727-SHVZV,0,-0.955977867442059,-1.50752652552233,-0.944398650517306,0,0,0,1,0,0,0,1,1,0,1,0,1,0,1,0,1,0,1,0,0,0,0,0,0,0,0
5286-YHCVC,0,1.60848342738936,1.32302868373075,2.26939101092281,1,1,0,1,0,1,1,0,0,0,0,1,0,1,0,0,0,1,0,1,0,1,1,0,0,0,0
0455-XFASS,0,-1.20021227647362,0.153309209801425,-0.922511644182009,0,1,1,1,0,0,1,0,0,0,0,0,0,0,0,0,0,0,0,0,0,0,1,0,1,0,0
4495-LHSSK,0,-0.589626253894714,-0.241574811184643,-0.574558735040127,0,0,1,1,0,1,0,0,0,1,0,0,0,0,0,0,0,0,0,0,0,0,0,0,0,1,0
1619-YWUBB,0,1.44566048803499,-1.32667628061695,-0.301377283850122,0,1,0,1,0,1,0,1,1,0,1,0,1,0,1,0,1,0,1,0,0,1,1,1,0,0,0
6754-LZUKA,0,1.16072034416483,0.529942288641079,1.15523920999102,1,1,0,1,0,1,0,0,0,0,0,1,0,1,0,0,0,1,0,1,0,1,0,0,0,0,0
9069-LGEUL,0,-0.386097579701744,-0.165252689481453,-0.393096353528026,1,1,0,1,0,0,0,0,0,1,0,0,0,0,0,0,0,0,0,1,0,0,1,0,0,0,0
2558-BUOZZ,0,0.590840056424512,0.991193371977746,0.981087132500642,1,0,0,1,0,1,1,0,0,1,0,1,0,0,0,0,0,1,0,0,1,0,0,0,0,0,0
5908-QMGOE,1,-0.711743458410496,0.30761262976657,-0.51256384447756,1,0,0,1,0,1,1,0,0,0,0,0,0,0,0,0,0,0,0,0,0,0,1,1,0,0,1
8008-OTEZX,0,0.102371238361384,-1.50254899584604,-0.699207102113162,0,1,1,1,0,0,0,1,1,0,1,0,1,0,1,0,1,0,1,0,1,0,0,0,0,1,0
5914-GXMDA,0,-0.0197459661543978,-1.51416323175739,-0.749962125831523,0,1,0,1,0,0,0,1,1,0,1,0,1,0,1,0,1,0,1,0,1,0,0,0,0,1,0
0670-ANMUU,0,1.56777769255077,1.08576643582735,1.9259384390916,1,0,0,1,0,1,1,0,0,1,0,0,0,0,0,1,0,0,0,1,1,0,0,1,0,0,0
4484-GLZOU,0,0.794368730617482,1.33132456652457,1.45922053067794,0,1,0,1,0,1,1,0,0,0,0,1,0,1,0,0,0,1,0,1,0,0,1,0,1,0,1
4967-WPNCF,0,1.60848342738936,-0.0408144475740786,0.949892111434988,1,0,0,0,1,0,0,0,0,1,0,1,0,1,0,1,0,1,0,1,0,1,1,0,0,0,0
9817-APLHW,0,-0.833860662926278,-1.32501710405818,-0.871580997544206,1,0,0,1,0,1,0,1,1,0,1,0,1,0,1,0,1,0,1,0,0,0,0,0,1,0,0
2428-HYUNX,1,0.46872285190873,-1.51250405519863,-0.63841961912175,1,1,0,1,0,0,0,1,1,0,1,0,1,0,1,0,1,0,1,0,0,1,1,1,0,0,0
6295-OSINB,0,1.60848342738936,1.48396880993095,2.44947036194431,1,1,0,1,0,1,1,0,0,1,0,1,0,1,0,0,0,1,0,1,0,1,1,0,1,0,0
5914-DVBWJ,1,-0.589626253894714,0.680927355488693,-0.349256482262642,0,0,0,1,0,1,1,0,0,0,0,1,0,0,0,1,0,0,0,0,0,0,1,0,1,0,1
0122-OAHPZ,0,-1.03738933711925,0.295998393855214,-0.785942871451936,0,0,0,1,0,1,1,0,0,0,0,0,0,0,0,0,0,0,0,0,0,0,1,0,1,0,1
6347-DCUIK,0,-0.915272132603466,0.305953453207805,-0.653984200357182,1,0,0,1,0,1,1,0,0,0,0,0,0,0,0,0,0,0,0,0,0,0,1,0,0,1,1
4518-FZBSX,0,0.387311382231542,-1.48263887714086,-0.635060830787447,1,1,1,1,0,0,0,1,1,0,1,0,1,0,1,0,1,0,1,0,1,0,0,0,0,1,0
4822-LPTYJ,0,1.60848342738936,1.28818597599668,2.21499181162605,1,1,0,1,0,1,1,0,0,0,0,1,0,1,0,0,0,1,0,1,0,1,1,0,0,0,0
2082-OJVTK,0,-0.14186317067018,0.805365597396067,0.174319346319938,1,1,1,1,0,1,1,0,0,0,0,0,0,1,0,0,0,0,0,1,0,0,1,0,1,0,1
0014-BMAQU,0,1.24213181384202,0.654380530548453,1.35075142505838,1,1,0,1,0,1,1,0,0,1,0,0,0,0,0,1,0,0,0,0,0,1,1,1,0,0,0
4800-VHZKI,0,-1.28162374615081,-1.49425311305221,-1.0016736751199,0,0,0,1,0,0,0,1,1,0,1,0,1,0,1,0,1,0,1,0,0,0,1,0,0,1,1
0975-UYDTX,0,-0.263980375185962,0.835230775453837,0.00493104051938505,0,1,0,1,0,1,0,0,0,1,0,1,0,1,0,1,0,1,0,1,1,0,1,1,0,0,0
6266-QHOJZ,0,1.3235432835192,0.826934892660012,1.5557253249106,0,0,0,1,0,1,1,0,0,1,0,1,0,0,0,1,0,0,0,0,1,0,1,0,1,0,0
3850-OKINF,0,1.56777769255077,0.042144380364171,1.04988741119154,1,1,1,1,0,1,0,0,0,1,0,0,0,0,0,0,0,1,0,0,1,0,1,0,1,0,0
1095-WGNGG,0,1.16072034416483,1.19859044182337,1.61130997891358,0,1,0,1,0,1,1,0,0,0,0,1,0,0,0,0,0,1,0,1,0,1,1,0,0,0,0
5343-SGUBI,0,0.794368730617482,0.506713816818369,0.876481731108777,0,0,0,1,0,1,1,0,0,0,0,1,0,0,0,0,0,0,0,0,1,0,1,0,0,1,0
7615-ESMYF,0,-1.24091801131222,-0.674619893022306,-0.967778451667848,0,1,0,0,1,0,0,0,0,0,0,0,0,0,0,0,0,1,0,1,0,0,0,0,1,0,1
1771-OADNZ,1,-0.14186317067018,1.02769525627058,0.194889180759429,1,1,0,1,0,1,1,0,0,0,0,1,0,1,0,0,0,0,0,1,0,0,1,0,1,0,1
2387-KDZQY,0,-0.630331988733308,-1.48761640681715,-0.88769440040289,1,0,0,1,0,0,0,1,1,0,1,0,1,0,1,0,1,0,1,0,1,0,1,0,0,1,0
3777-XROBG,0,1.03860313964905,-1.50586734896357,-0.536382702926705,0,1,1,1,0,0,0,1,1,0,1,0,1,0,1,0,1,0,1,0,0,1,0,1,0,0,0
8714-CTZJW,0,-1.15950654163503,0.594650174432913,-0.87008820272896,0,0,0,1,0,0,1,0,0,0,0,0,0,1,0,0,0,0,0,1,0,0,1,1,0,0,0
3934-HXCFZ,0,-0.386097579701744,1.13886008570783,-0.050456037699225,1,1,0,1,0,1,1,0,0,1,0,1,0,1,0,0,0,1,0,0,0,0,1,0,1,0,1
3814-MLAXC,0,-0.0604517009929918,0.495099580907014,0.0451486890713048,0,0,0,1,0,1,1,0,0,0,0,0,0,0,0,1,0,0,0,0,0,0,1,1,0,0,1
4488-KQFDT,0,1.16072034416483,1.29482268223174,1.80965411355692,0,0,0,1,0,1,1,0,0,0,0,1,0,1,0,0,0,1,0,1,1,0,1,0,1,0,0
6229-LSCKB,1,-1.07809507195784,0.490122051230719,-0.79193600357785,1,0,0,1,0,0,1,0,0,0,0,0,0,0,0,0,0,1,0,0,0,0,1,0,1,0,0
3166-PNEOF,0,1.16072034416483,0.714110886663993,1.26184232209153,0,0,0,1,0,1,0,0,0,1,0,0,0,1,0,1,0,1,0,1,0,1,0,1,0,0,0
7544-ZVIKX,0,1.03860313964905,1.33132456652457,1.6260623041466,1,1,1,1,0,1,1,0,0,0,0,0,0,1,0,1,0,1,0,1,1,0,1,0,0,0,0
4318-RAJVY,0,-0.915272132603466,-1.49757146616974,-0.923367805914282,0,0,0,1,0,0,0,1,1,0,1,0,1,0,1,0,1,0,1,0,1,0,1,0,0,1,0
4918-FYJNT,1,0.916485935133264,0.846845011365192,1.204545344624,0,1,0,1,0,1,1,0,0,0,0,1,0,1,0,1,0,0,0,0,0,0,0,0,1,0,0
3258-ZKPAI,0,1.60848342738936,1.71459435159928,2.65020735886503,1,1,1,1,0,1,1,0,0,1,0,1,0,1,0,1,0,1,0,1,0,1,1,0,0,0,0
0853-TWRVK,0,1.60848342738936,1.34957550867099,2.31830199398704,1,1,0,1,0,1,1,0,0,1,0,1,0,1,0,1,0,0,0,1,0,1,0,0,0,0,0
5981-ITEMU,0,0.305899912554354,1.06751549368094,0.617152537689656,1,1,0,1,0,1,1,0,0,0,0,0,0,0,0,0,0,1,0,1,0,0,1,0,0,0,1
7554-AKDQF,0,-1.07809507195784,-0.639777185288241,-0.868397832129344,0,1,0,1,0,0,0,0,0,0,0,0,0,0,0,0,0,0,0,0,0,0,0,0,0,1,0
6050-IJRHS,0,1.52707195771217,1.37944068672875,2.23729592239502,0,1,1,1,0,1,1,0,0,0,0,1,0,1,0,0,0,1,0,1,1,0,1,0,1,0,0
6032-KRXXO,0,-0.101157435831586,0.840208305130132,0.199345612340237,1,0,0,1,0,0,1,0,0,0,0,0,0,0,0,0,0,1,0,1,0,0,1,0,1,0,1
7294-TMAOP,0,-1.28162374615081,0.850163364482722,-0.97065427697369,0,0,0,1,0,0,1,0,0,0,0,0,0,0,0,0,0,1,0,1,0,0,0,0,1,0,1
9053-JZFKV,0,1.40495475319639,1.70132093912916,2.39329298058822,1,0,0,1,0,1,1,0,0,1,0,1,0,1,0,1,0,1,0,1,0,1,0,1,0,0,1
3280-NMUVX,0,0.0616655035227901,-1.5042081724048,-0.712378821071214,1,1,1,1,0,0,0,1,1,0,1,0,1,0,1,0,1,0,1,0,1,0,0,1,0,0,0
7024-OHCCK,1,-1.24091801131222,0.959669017361211,-0.93539797589597,0,0,0,1,0,1,1,0,0,0,0,0,0,0,0,0,0,1,0,1,0,0,1,0,1,0,1
5931-FLJJF,1,-1.03738933711925,0.17156015194784,-0.805129675400832,1,1,0,1,0,0,1,0,0,0,0,0,0,0,0,0,0,0,0,0,0,0,1,0,0,1,1
3999-QGRJH,1,-0.996683602280654,0.158286739477721,-0.76416562944129,1,0,0,1,0,0,1,0,0,0,0,0,0,0,0,0,0,0,0,0,0,0,1,0,1,0,1
5886-VLQVU,0,0.102371238361384,0.826934892660012,0.377537016977755,1,1,0,1,0,1,1,0,0,0,0,0,0,0,0,1,0,0,0,1,0,0,1,0,0,0,0
4123-DVHPH,0,-0.955977867442059,0.767204536544472,-0.6585943019925,1,1,0,1,0,1,1,0,0,1,0,0,0,0,0,0,0,0,0,1,0,0,1,0,1,0,0
1641-BYBTK,0,-1.07809507195784,-1.48429805369962,-0.967229630044596,1,0,1,1,0,0,0,1,1,0,1,0,1,0,1,0,1,0,1,0,0,0,1,0,0,1,0
6633-MPWBS,0,-1.11880080679644,-0.521975649615926,-0.91517938729536,1,0,0,1,0,0,0,0,0,0,0,0,0,0,0,1,0,0,0,0,0,0,1,0,1,0,1
6424-ELEYH,0,-1.20021227647362,0.325863571912985,-0.909647265332978,0,1,0,1,0,1,1,0,0,0,0,0,0,0,0,0,0,0,0,0,0,0,1,1,0,0,1
6016-NXBNJ,0,0.102371238361384,-1.51914076143369,-0.730292358854165,1,0,0,1,0,0,0,1,1,0,1,0,1,0,1,0,1,0,1,0,1,0,1,0,0,1,0
1101-SSWAG,0,-0.711743458410496,-0.458926940382857,-0.698175317461448,0,1,0,1,0,1,0,0,0,0,0,0,0,0,0,0,0,0,0,0,0,0,1,0,1,0,0
2528-HFYZX,1,-0.630331988733308,0.382275574910995,-0.468877643266687,1,1,0,1,0,0,1,0,0,0,0,1,0,0,0,0,0,0,0,0,0,0,1,0,1,0,1
8277-RVRSV,0,0.0209597686841961,-1.35322310555719,-0.659033359291102,0,1,1,1,0,1,0,1,1,0,1,0,1,0,1,0,1,0,1,0,1,0,0,1,0,0,0
3329-WDIOK,0,-1.20021227647362,-0.475518705970506,-0.942203364024297,0,0,0,0,1,0,0,0,0,0,0,1,0,0,0,0,0,1,0,1,0,0,1,0,1,0,1
3533-UVMOM,0,1.44566048803499,0.199766153446845,1.07135731309316,1,1,0,1,0,0,0,0,0,1,0,1,0,1,0,0,0,0,0,1,0,1,0,0,0,0,0
3882-IYOIJ,0,1.12001460932623,1.66979658451263,1.95693588437288,0,1,1,1,0,1,1,0,0,1,0,1,0,1,0,1,0,1,0,1,0,1,0,1,0,0,0
6617-WLBQC,0,-0.386097579701744,0.561466643257613,-0.21534400618911,0,1,1,1,0,1,1,0,0,1,0,0,0,0,0,0,0,0,0,0,1,0,0,1,0,0,0
2511-ALLCS,0,0.102371238361384,-1.34824557588089,-0.649681438830885,0,1,1,1,0,1,0,1,1,0,1,0,1,0,1,0,1,0,1,0,0,1,0,0,0,0,0
6621-NRZAK,0,1.24213181384202,-1.49093475993468,-0.479480877027919,0,1,1,1,0,0,0,1,1,0,1,0,1,0,1,0,1,0,1,0,0,1,0,1,0,0,0
1728-BQDMA,0,-1.24091801131222,-0.679597422698601,-0.974100876767714,0,0,0,1,0,0,0,0,0,0,0,0,0,0,0,0,0,0,0,0,0,0,0,0,1,0,0
3071-VBYPO,0,-1.20021227647362,0.826934892660012,-0.901349082389405,1,1,1,1,0,0,1,0,0,1,0,1,0,0,0,0,0,1,0,0,0,0,0,0,1,0,0
5647-FXOTP,1,1.12001460932623,1.35953056802357,1.80010461731233,0,1,0,1,0,1,1,0,0,0,0,1,0,1,0,0,0,1,0,1,0,0,1,0,1,0,0
8779-QRDMV,1,-1.28162374615081,-0.83887837234004,-0.993002293472519,1,0,0,0,1,0,0,0,0,0,0,0,0,1,0,0,0,0,0,1,0,0,1,0,1,0,1
7740-BTPUX,1,0.916485935133264,1.61504375807338,1.75244494754912,1,1,0,1,0,1,1,0,0,0,0,1,0,1,0,1,0,1,0,1,0,1,1,0,1,0,0
6496-SLWHQ,1,-1.20021227647362,1.32966538996581,-0.881130493788794,1,0,0,1,0,1,1,0,0,0,0,1,0,1,0,0,0,1,0,1,0,0,1,0,1,0,1
0231-LXVAP,0,-1.28162374615081,0.36402463276458,-0.977086466398205,1,0,0,1,0,0,1,0,0,0,0,0,0,0,0,1,0,0,0,0,0,0,1,0,1,0,1
0601-WZHJF,0,-0.75244919324909,-0.616548713465531,-0.717252357085693,1,1,0,0,1,0,0,0,0,0,0,0,0,0,0,0,0,1,0,1,0,0,0,0,1,0,1
8818-XYFCQ,0,-0.0197459661543978,1.14881514506042,0.396614056602001,1,1,1,1,0,1,1,0,0,1,0,0,0,0,0,0,0,1,0,1,0,0,1,1,0,0,1
9046-DQMTP,0,0.102371238361384,-1.46604711155321,-0.685552420126647,1,0,0,1,0,0,0,1,1,0,1,0,1,0,1,0,1,0,1,0,0,0,0,0,0,0,0
4859-ZSRDZ,0,1.03860313964905,-0.312919403211537,0.380039643579785,0,1,1,0,1,0,0,0,0,0,0,0,0,1,0,1,0,1,0,1,0,1,1,1,0,0,0
9885-MFVSU,0,0.102371238361384,-0.616548713465531,-0.280675732221049,0,1,1,0,1,0,0,0,0,1,0,0,0,0,0,1,0,1,0,0,0,1,1,1,0,0,0
3115-JPJDD,0,1.07930887448764,0.541556524552434,1.02657346863578,0,1,0,1,0,0,1,0,0,1,0,0,0,1,0,0,0,0,0,0,1,0,1,1,0,0,0
2905-KFQUV,0,-1.24091801131222,0.18151521130043,-0.942444845538528,0,1,0,1,0,0,1,0,0,0,0,0,0,0,0,0,0,0,0,0,0,0,1,1,0,0,0
2034-CGRHZ,1,-0.34539184486315,1.26163915105644,0.085783442056896,1,0,0,1,0,1,1,0,0,0,0,1,0,1,0,0,0,1,0,1,0,0,1,1,0,0,1
5642-MHDQT,0,0.835074465456076,-1.49591228961098,-0.554032806330495,0,1,1,1,0,0,0,1,1,0,1,0,1,0,1,0,1,0,1,0,1,0,1,0,0,0,0
0516-VRYBW,0,-0.589626253894714,-1.48595723025839,-0.838805370203586,0,0,1,1,0,0,0,1,1,0,1,0,1,0,1,0,1,0,1,0,1,0,0,0,0,0,1
2273-QCKXA,0,-1.28162374615081,-0.526953179292221,-0.988875154865662,1,0,0,1,0,0,0,0,0,0,0,0,0,0,0,1,0,0,0,0,0,0,0,0,0,1,0
1492-KGETH,0,1.52707195771217,0.445324284144064,1.38067317995809,1,1,1,1,0,1,0,0,0,1,0,1,0,1,0,1,0,0,0,1,1,0,0,0,0,0,0
2786-GCDPI,1,0.712957260940294,1.32800621340704,1.28249996799074,0,0,0,1,0,1,1,0,0,0,0,0,0,1,0,1,0,1,0,1,0,0,1,0,1,0,0
2612-PHGOX,0,1.28283754868061,0.370661338999639,1.10531839514001,1,1,0,1,0,1,0,0,0,0,0,1,0,1,0,1,0,1,0,0,0,1,1,0,0,0,0
0526-SXDJP,0,1.60848342738936,-0.757578720960555,0.290076803096288,1,1,0,0,1,0,0,0,0,1,0,1,0,1,0,0,0,0,0,0,0,1,0,0,0,0,0
8565-WUXZU,1,1.60848342738936,0.659358060224748,1.68612534259532,1,1,0,1,0,0,1,0,0,1,0,1,0,0,0,1,0,0,0,0,0,1,1,1,0,0,0
8519-IMDHU,1,-0.711743458410496,0.685904885164988,-0.419637367228501,1,1,0,1,0,1,1,0,0,0,0,0,0,0,0,0,0,0,0,1,0,0,1,0,0,0,1
3419-SNJJD,1,1.3235432835192,1.33796127275963,1.9692075358688,0,1,0,1,0,1,1,0,0,1,0,0,0,1,0,0,0,1,0,1,0,0,0,0,0,0,1
2305-MRGLV,0,-0.182568905508774,0.385593928028524,-0.103581970830036,1,1,0,1,0,0,1,0,0,0,0,0,0,0,0,1,0,0,0,0,0,0,0,0,0,0,0
3916-NRPAP,0,-1.20021227647362,0.689223238282518,-0.89768295394608,1,0,0,1,0,0,1,0,0,0,0,0,0,1,0,0,0,0,0,1,0,0,0,1,0,0,0
6179-GJPSO,1,0.428017117070136,1.434193513168,1.00955999831497,0,0,0,1,0,0,1,0,0,1,0,1,0,0,0,1,0,1,0,1,0,0,1,1,0,0,1
1352-VHKAJ,0,-0.223274640347368,0.22133544871079,-0.151131876268605,1,1,1,1,0,1,0,0,0,0,0,0,0,0,0,1,0,1,0,1,0,0,0,0,0,0,0
0917-EZOLA,1,1.60848342738936,1.3014593884668,2.3659177580204,1,1,0,1,0,1,1,0,0,0,0,1,0,1,0,0,0,1,0,1,0,1,1,0,0,0,1
5999-LCXAO,0,-1.28162374615081,-1.16241780129921,-0.997283102133886,0,0,0,0,1,0,0,0,0,1,0,0,0,0,0,0,0,0,0,0,0,0,0,0,0,1,0
8878-RYUKI,0,0.794368730617482,-0.181844455069103,0.32594778439205,0,0,0,1,0,0,0,0,0,0,0,0,0,1,0,0,0,0,0,1,0,0,1,0,1,0,0
0259-GBZSH,0,-1.24091801131222,0.687564061723753,-0.930722015665861,1,0,0,1,0,1,1,0,0,0,0,0,0,0,0,0,0,1,0,0,0,0,1,0,1,0,1
9743-DQKQW,0,-1.20021227647362,-1.32169875094065,-0.975374142933659,1,0,0,0,1,0,0,0,0,0,0,0,0,0,0,0,0,0,0,0,0,0,0,0,1,0,0
5117-IFGPS,1,-0.14186317067018,0.642766294637098,0.0247764304161838,1,1,0,1,0,1,1,0,0,0,0,0,0,0,0,0,0,0,0,1,0,0,1,0,1,0,0
2050-ONYDQ,0,1.3235432835192,-1.29183357288288,-0.283836944770982,0,1,1,1,0,1,0,1,1,0,1,0,1,0,1,0,1,0,1,0,0,1,0,1,0,0,0
0334-ZFJSR,0,0.916485935133264,0.0371668506878759,0.50964935812702,0,1,0,1,0,1,0,0,0,1,0,1,0,0,0,1,0,0,0,0,1,0,1,1,0,0,0
7860-KSUGX,0,1.60848342738936,-0.0159267991926037,1.06193953403815,1,1,1,1,0,1,0,0,0,1,0,1,0,1,0,0,0,0,0,0,0,1,0,1,0,0,0
8838-GPHZP,0,1.24213181384202,-1.4710246412295,-0.440207201667993,0,0,0,1,0,0,0,1,1,0,1,0,1,0,1,0,1,0,1,0,0,1,1,0,0,1,0
6921-OZMFH,0,-1.11880080679644,-0.306282696976477,-0.896519452104785,1,1,1,1,0,1,0,0,0,0,0,0,0,0,0,1,0,0,0,0,0,0,1,0,0,1,0
6323-AYBRX,0,1.07930887448764,-1.51250405519863,-0.5276235098196,1,0,0,1,0,0,0,1,1,0,1,0,1,0,1,0,1,0,1,0,0,1,0,0,0,1,1
0567-XRHCU,0,1.48636622287358,-0.69618918828625,0.289242594228944,0,1,1,0,1,0,0,0,0,1,0,0,0,1,0,0,0,0,0,1,0,1,1,1,0,0,0
1544-JJMYL,0,-0.223274640347368,0.146672503566365,-0.164215783766937,1,0,0,1,0,0,0,0,0,1,0,0,0,1,0,1,0,1,0,0,1,0,0,1,0,0,0
6537-OTKMY,0,-0.711743458410496,-0.470541176294212,-0.708251682464358,1,0,0,0,1,0,0,0,0,0,0,0,0,1,0,0,0,1,0,1,1,0,0,0,1,0,0
1724-IQWNM,0,-1.28162374615081,-1.51416323175739,-1.00193710949906,1,0,1,1,0,0,0,1,1,0,1,0,1,0,1,0,1,0,1,0,0,0,1,0,0,1,0
5777-KJIRB,0,0.305899912554354,-0.487132941881862,-0.121956518776519,0,0,0,1,0,0,0,0,0,0,0,0,0,1,0,0,0,0,0,0,1,0,1,0,0,1,0
5122-CYFXA,0,-1.20021227647362,0.344114514059399,-0.903237028773392,0,0,0,1,0,0,0,0,0,0,0,1,0,0,0,1,0,1,0,1,0,0,1,0,1,0,0
4452-QIIEB,0,-1.03738933711925,-0.697848364845016,-0.888177363431352,1,0,0,1,0,0,0,0,0,0,0,0,0,0,0,0,0,0,0,0,0,0,0,0,0,1,0
6635-CPNUN,0,-0.182568905508774,1.05092372809329,0.168172544139513,1,1,0,1,0,1,1,0,0,0,0,1,0,1,0,0,0,1,0,0,0,0,0,1,0,0,0
9670-BPNXF,0,0.509428586747324,-0.0789755084256736,0.217390867312769,0,0,0,1,0,0,0,0,0,1,0,1,0,0,0,1,0,0,0,0,1,0,1,1,0,0,0
5669-SRAIP,0,-1.11880080679644,-0.843855902016335,-0.91787958968176,0,0,0,0,1,0,0,0,0,0,0,0,0,1,0,0,0,0,0,1,0,0,0,0,1,0,1
5995-OIGLP,0,-0.833860662926278,-0.274758342359943,-0.722894243372726,1,0,0,1,0,0,0,0,0,1,0,0,0,0,0,1,0,0,0,0,0,0,0,0,0,1,1
9919-KNPOO,0,-0.467509049378932,0.974601606390096,-0.15497362763137,0,1,0,1,0,1,1,0,0,0,0,0,0,0,0,0,0,1,0,1,0,0,1,0,1,0,0
5854-KSRBJ,0,1.52707195771217,-1.31174369158806,-0.22798885638884,1,1,1,1,0,1,0,1,1,0,1,0,1,0,1,0,1,0,1,0,0,1,0,0,0,1,0
0326-VDYXE,0,1.52707195771217,1.08576643582735,2.0553066721246,0,1,0,1,0,1,1,0,0,0,0,0,0,1,0,0,0,1,0,1,1,0,1,0,1,0,0
9570-KYEUA,0,1.28283754868061,1.13886008570783,1.86517290896511,1,0,0,1,0,1,1,0,0,1,0,0,0,1,0,1,0,0,0,1,0,1,0,1,0,0,0
6695-AMZUF,0,1.52707195771217,0.714110886663993,1.60206782277802,0,1,0,1,0,0,0,0,0,1,0,1,0,1,0,1,0,1,0,1,0,1,0,1,0,0,0
8263-QMNTJ,0,1.60848342738936,1.67975164386522,2.68877854254719,1,1,0,1,0,1,1,0,0,1,0,1,0,1,0,1,0,1,0,1,0,1,1,0,1,0,0
3824-RHKVR,0,-0.630331988733308,-1.50088981928727,-0.860977763782974,0,0,0,1,0,0,0,1,1,0,1,0,1,0,1,0,1,0,1,0,0,0,0,1,0,0,0
3645-DEYGF,0,-1.28162374615081,-1.46604711155321,-1.00130047641609,1,0,1,1,0,0,0,1,1,0,1,0,1,0,1,0,1,0,1,0,0,0,0,0,0,1,0
0969-RGKCU,0,0.183782708038572,-1.49757146616974,-0.713147171343767,1,1,1,1,0,0,0,1,1,0,1,0,1,0,1,0,1,0,1,0,1,0,0,1,0,0,0
7140-ADSMJ,0,-0.996683602280654,-1.4760021709058,-0.939151915799015,1,0,0,1,0,0,0,1,1,0,1,0,1,0,1,0,1,0,1,0,0,0,1,1,0,0,0
3717-LNXKW,0,0.224488442877166,0.888324425334317,0.517091379338319,1,1,0,1,0,1,1,0,0,1,0,0,0,0,0,0,0,1,0,0,0,0,0,0,0,0,0
7030-NJVDP,0,-0.34539184486315,0.807024773954832,-0.0400064739925036,1,1,0,1,0,0,1,0,0,1,0,0,0,0,0,1,0,0,0,1,0,0,1,0,1,0,0
9681-OXGVC,0,-1.11880080679644,1.18033949967696,-0.784735463880781,0,0,0,1,0,1,1,0,0,0,0,0,0,1,0,0,0,1,0,1,0,0,1,0,1,0,1
0607-DAAHE,0,0.835074465456076,-1.49923064272851,-0.548368967178533,1,0,1,1,0,0,0,1,1,0,1,0,1,0,1,0,1,0,1,0,0,1,0,0,0,0,1
8901-HJXTF,0,-0.833860662926278,-1.18564627312192,-0.874698304364279,0,1,1,0,1,0,0,0,0,0,0,1,0,0,0,0,0,0,0,0,0,0,0,0,0,1,1
6551-VLJMV,0,0.0616655035227901,-1.48927558337592,-0.712291009611494,1,1,0,1,0,0,0,1,1,0,1,0,1,0,1,0,1,0,1,0,0,1,0,1,0,0,0
0530-IJVDB,0,1.52707195771217,1.64822728924868,2.45045824086617,1,0,1,1,0,1,1,0,0,1,0,1,0,1,0,1,0,1,0,1,0,1,1,0,1,0,0
6394-HHHZM,0,-1.20021227647362,-1.46770628811197,-0.985165120692478,1,0,0,1,0,0,0,1,1,0,1,0,1,0,1,0,1,0,1,0,0,0,0,0,0,1,0
2404-JIBFC,0,0.916485935133264,0.669313119577338,1.03469602865991,0,1,1,1,0,1,0,0,0,1,0,0,0,1,0,1,0,1,0,1,0,1,1,0,0,0,0
2302-ANTDP,1,0.631545791263106,1.74280035309829,1.37757782600295,0,1,0,1,0,1,1,0,0,1,0,1,0,1,0,1,0,1,0,1,0,0,0,0,1,0,1
1625-JAIIY,0,1.44566048803499,0.599627704109208,1.48598107302772,0,1,1,1,0,1,1,0,0,0,0,0,0,0,0,0,0,1,0,0,1,0,1,0,1,0,1
8958-JPTRR,0,0.957191669971858,-1.34824557588089,-0.456452321716257,0,1,0,1,0,1,0,1,1,0,1,0,1,0,1,0,1,0,1,0,1,0,0,0,1,0,0
1925-TIBLE,0,-1.03738933711925,0.715770063222758,-0.754660038926562,0,1,0,1,0,1,1,0,0,0,0,0,0,0,0,0,0,1,0,0,0,0,1,0,1,0,1
0520-FDVVT,0,0.102371238361384,1.24172903235126,0.581654755097706,1,0,0,1,0,0,1,0,0,0,0,1,0,1,0,0,0,1,0,1,1,0,1,0,0,0,1
4695-WJZUE,1,-1.24091801131222,0.783796302132122,-0.931709894587715,0,0,0,1,0,1,1,0,0,0,0,0,0,1,0,0,0,0,0,1,0,0,1,0,1,0,1
4183-MYFRB,0,-0.467509049378932,0.833571598895072,-0.192491073796889,0,0,0,1,0,0,1,0,0,0,0,1,0,1,0,0,0,0,0,1,0,0,1,0,1,0,0
7989-AWGEH,0,0.6722515261017,-0.853810961368925,-0.203357741937282,1,1,1,0,1,0,0,0,0,1,0,0,0,0,0,0,0,0,0,1,0,0,1,0,1,0,0
8917-SZTTJ,0,1.12001460932623,-1.50254899584604,-0.500336098711502,1,1,1,1,0,0,0,1,1,0,1,0,1,0,1,0,1,0,1,0,0,1,0,1,0,0,0
6259-WJQLC,1,-0.0197459661543978,0.536578994876138,0.13958991400054,1,0,0,1,0,1,1,0,0,0,0,0,0,1,0,0,0,0,0,0,0,0,1,1,0,0,0
0895-DQHEW,0,0.87578020029467,1.3064369181431,1.30699936525272,1,1,0,1,0,1,1,0,0,0,0,1,0,1,0,0,0,1,0,1,0,0,1,0,1,0,1
8571-ZCMCX,0,0.590840056424512,-0.163593512922688,0.20518507441164,0,1,1,0,1,0,0,0,0,1,0,1,0,1,0,0,0,1,0,1,0,1,1,1,0,0,0
1042-HFUCW,0,-0.304686110024556,-0.337807051593012,-0.45441070527776,0,0,1,1,0,0,0,0,0,0,0,1,0,0,0,1,0,0,0,0,1,0,1,1,0,0,0
9348-YVOMK,0,-1.15950654163503,-0.667983186787246,-0.933049019348451,1,0,0,1,0,0,0,0,0,0,0,0,0,0,0,0,0,0,0,0,0,0,1,1,0,0,0
2429-AYKKO,0,1.60848342738936,-1.49591228961098,-0.380758843437317,1,0,0,1,0,0,0,1,1,0,1,0,1,0,1,0,1,0,1,0,0,1,0,0,0,0,0
0968-GSIKN,0,-1.28162374615081,0.19478862377055,-0.979325658621074,0,0,0,1,0,0,1,0,0,0,0,0,0,0,0,0,0,0,0,0,0,0,1,0,0,1,1
5950-AAAGJ,0,-0.589626253894714,0.642766294637098,-0.335184695842456,1,0,0,1,0,1,1,0,0,0,0,0,0,0,0,0,0,1,0,0,0,0,0,0,0,0,0
7537-RBWEA,0,-1.28162374615081,-1.32003957438189,-0.999368624302244,0,0,0,0,1,0,0,0,0,0,0,0,0,0,0,0,0,0,0,0,0,0,1,0,0,1,0
0274-JKUJR,0,-1.03738933711925,-0.201754573774283,-0.805941931403246,1,1,1,0,1,0,0,0,0,1,0,1,0,1,0,0,0,1,0,1,0,0,0,0,0,1,0
6685-XSHHU,0,1.12001460932623,-1.45941040531815,-0.452566664623632,1,1,1,1,0,0,0,1,1,0,1,0,1,0,1,0,1,0,1,0,0,1,1,0,0,0,0
2691-NZETQ,0,-0.955977867442059,0.677609002371163,-0.677342048642795,1,0,0,1,0,1,1,0,0,0,0,0,0,0,0,0,0,1,0,0,0,0,1,0,1,0,1
4109-CYRBD,1,-0.14186317067018,-0.442335174795207,-0.377290290778363,1,1,0,1,0,1,0,0,0,0,0,0,0,0,0,0,0,0,0,0,0,0,1,0,1,0,0
9419-IPPBE,0,0.753662995778888,0.836889952012602,0.989429221174075,0,1,1,1,0,1,1,0,0,0,0,0,0,1,0,0,0,0,0,1,1,0,1,0,1,0,0
5167-GBFRE,1,-1.15950654163503,-1.31838039782312,-0.965407542255399,1,0,0,0,1,0,0,0,0,0,0,0,0,0,0,0,0,0,0,0,0,0,1,0,0,0,1
8917-FAEMR,0,0.183782708038572,-1.49591228961098,-0.66608022893366,0,0,0,1,0,0,0,1,1,0,1,0,1,0,1,0,1,0,1,0,0,1,0,0,0,1,0
2589-AYCRP,0,0.712957260940294,-1.49923064272851,-0.576161294180023,0,0,0,1,0,0,0,1,1,0,1,0,1,0,1,0,1,0,1,0,1,0,0,0,0,0,0
6481-LXPWL,0,0.957191669971858,-0.956679908012354,-0.14480945116874,1,1,1,0,1,0,0,0,0,0,0,1,0,1,0,0,0,0,0,0,1,0,1,1,0,0,0
4063-EIKNQ,0,-0.874566397764872,-1.45941040531815,-0.893028946580902,1,1,1,1,0,0,0,1,1,0,1,0,1,0,1,0,1,0,1,0,0,0,0,0,0,0,0
9470-XCCEM,0,0.102371238361384,0.820298186424952,0.377712639897196,1,1,1,1,0,1,1,0,0,0,0,1,0,0,0,0,0,1,0,0,0,0,1,0,0,0,0
3804-RVTGV,0,0.712957260940294,1.29150432911421,1.19273470329161,1,1,1,1,0,1,1,0,0,0,0,1,0,1,0,0,0,1,0,1,0,0,1,0,0,0,1
8372-JUXUI,0,-1.28162374615081,0.312590159442865,-0.977767005211038,1,0,1,1,0,1,1,0,0,0,0,0,0,0,0,0,0,0,0,0,0,0,1,0,1,0,1
5294-CDGWY,0,0.753662995778888,-0.186821984745398,0.313193169867669,1,1,1,0,1,0,0,0,0,1,0,1,0,1,0,0,0,1,0,1,1,0,0,0,1,0,1
3557-HTYWR,0,0.590840056424512,0.302635100090275,0.524665117739199,0,0,0,1,0,1,0,0,0,1,0,1,0,0,0,1,0,0,0,1,0,1,0,0,0,1,0
6035-BXTTY,1,-0.0197459661543978,-0.341125404710542,-0.206892153191026,0,0,0,1,0,0,0,0,0,0,0,1,0,0,0,1,0,0,0,0,0,0,0,0,0,0,0
4111-BNXIF,0,1.40495475319639,-0.178526101951573,0.791436332369619,0,1,1,0,1,0,0,0,0,0,0,1,0,1,0,1,0,1,0,1,0,1,1,0,1,0,0
5073-RZGBK,0,0.712957260940294,0.501736287142074,0.764346497045891,0,1,1,1,0,1,0,0,0,1,0,1,0,1,0,1,0,0,0,1,1,0,1,0,0,0,0
5299-SJCZT,0,-1.20021227647362,1.21518220741102,-0.879418170324248,1,0,0,1,0,1,1,0,0,0,0,0,0,1,0,0,0,1,0,1,0,0,1,0,0,0,1
1565-RHDJD,0,-1.15950654163503,0.634470411843273,-0.863963353413466,0,0,1,1,0,1,1,0,0,0,0,1,0,1,0,0,0,0,0,0,0,0,0,0,0,0,1
0916-QOFDP,1,-0.75244919324909,1.02437690315305,-0.41930807425455,0,1,1,1,0,1,1,0,0,0,0,0,0,0,0,0,0,1,0,1,0,0,1,0,1,0,0
9281-OFDMF,1,0.26519417771576,0.855140894159017,0.488201409090324,1,0,0,1,0,1,1,0,0,0,0,1,0,0,0,0,0,0,0,1,0,0,0,0,1,0,0
9108-EJFJP,0,-1.28162374615081,-0.377627289003372,-0.986899397021954,0,1,0,1,0,0,0,0,0,1,0,1,0,0,0,0,0,0,0,0,0,0,1,0,0,1,0
2430-USGXP,0,-0.34539184486315,1.19859044182337,0.0397263314335733,1,1,0,1,0,1,1,0,0,0,0,0,0,1,0,0,0,1,0,1,0,0,1,0,1,0,1
5522-NYKPB,0,-0.304686110024556,0.695859944517578,-0.0449019628719129,1,1,1,1,0,0,1,0,0,0,0,0,0,0,0,1,0,1,0,0,0,0,0,0,1,0,0
1088-CNNKB,0,1.24213181384202,0.500077110583309,1.20252568105043,1,1,0,1,0,1,0,0,0,1,0,1,0,1,0,1,0,0,0,1,1,0,0,1,0,0,0
4143-OOBWZ,0,-1.11880080679644,0.543215701111198,-0.827631361954172,1,1,0,1,0,1,1,0,0,0,0,1,0,0,0,0,0,0,0,0,0,0,1,0,1,0,1
8614-VGMMV,0,-0.711743458410496,-0.525294002733456,-0.712049528097263,0,0,0,1,0,1,0,0,0,0,0,0,0,0,0,0,0,0,0,0,0,0,1,0,1,0,1
8563-IIOXK,0,-1.03738933711925,-0.503724707469511,-0.86495123233532,1,1,1,1,0,0,0,0,0,1,0,0,0,0,0,0,0,0,0,0,1,0,1,0,1,0,1
5055-BRMNE,0,1.40495475319639,1.38607739296382,2.06716121918685,0,1,1,1,0,1,1,0,0,1,0,0,0,0,0,1,0,1,0,1,0,1,0,1,0,0,0
7660-HDPJV,0,-1.28162374615081,0.141694973890071,-0.980028150298837,0,0,0,1,0,0,1,0,0,0,0,0,0,0,0,0,0,0,0,0,0,0,1,0,1,0,1
4255-DDUOU,0,-1.28162374615081,-1.47434299434703,-1.00141024074074,0,1,1,1,0,0,0,1,1,0,1,0,1,0,1,0,1,0,1,0,0,0,1,0,0,1,1
0463-ZSDNT,0,-0.915272132603466,-0.271439989242413,-0.78945532984075,1,0,0,1,0,0,0,0,0,0,0,0,0,0,0,0,0,0,0,1,0,0,1,0,0,0,0
6048-NJXHX,0,0.346605647392948,-1.49923064272851,-0.615500828134739,1,1,0,1,0,0,0,1,1,0,1,0,1,0,1,0,1,0,1,0,0,1,1,0,1,0,0
2661-GKBTK,0,1.12001460932623,0.398867340498644,0.984643496619316,1,1,1,1,0,0,0,0,0,0,0,1,0,0,0,1,0,1,0,1,0,1,0,0,0,0,0
9992-RRAMN,0,-0.426803314540338,0.669313119577338,-0.18774925497199,1,1,0,1,0,1,1,0,0,0,0,0,0,0,0,0,0,0,0,1,0,0,1,0,1,0,1
4480-QQRHC,1,-0.996683602280654,0.302635100090275,-0.746910677606241,0,0,0,1,0,0,1,0,0,0,0,0,0,1,0,0,0,0,0,0,0,0,1,0,0,0,0
4547-KQRTM,0,-0.915272132603466,0.501736287142074,-0.645686017413609,0,0,0,1,0,1,1,0,0,0,0,1,0,0,0,0,0,0,0,0,0,0,1,0,0,0,1
4654-DLAMQ,1,1.28283754868061,1.06419714056341,1.81312266621588,0,1,0,1,0,0,1,0,0,1,0,1,0,1,0,0,0,0,0,1,1,0,0,0,0,0,0
3902-FOIGH,1,-0.833860662926278,1.20854550117596,-0.475397644150923,1,1,0,1,0,1,1,0,0,0,0,1,0,0,0,0,0,1,0,1,0,0,1,0,1,0,1
0945-TSONX,0,0.590840056424512,0.675949825812398,0.792907174319935,0,1,1,1,0,1,0,0,0,1,0,1,0,0,0,1,0,1,0,1,0,1,1,1,0,0,0
6614-VBEGU,0,-0.34539184486315,0.149990856683896,-0.301750482553933,0,1,0,1,0,0,0,0,0,0,0,1,0,0,0,0,0,1,0,1,0,0,1,0,0,0,0
0508-OOLTO,0,-1.24091801131222,0.222994625269555,-0.950808887076891,0,1,1,1,0,0,1,0,0,0,0,0,0,0,0,0,0,0,0,0,0,0,1,0,1,0,0
3597-MVHJT,0,-0.223274640347368,1.01774019691799,0.129052538834098,0,0,0,1,0,1,1,0,0,0,0,0,0,0,0,0,0,1,0,1,0,0,1,0,0,0,0
8205-OTCHB,0,-0.426803314540338,-0.702825894521311,-0.613678740345542,1,0,0,0,1,0,0,0,0,0,0,1,0,1,0,0,0,0,0,1,1,0,1,0,0,0,1
8823-RLPWL,0,1.60848342738936,1.51715234110625,2.53087158510508,0,1,0,1,0,1,1,0,0,1,0,1,0,1,0,0,0,1,0,1,0,1,1,1,0,0,0
5173-WXOQV,0,-1.24091801131222,-0.0242226819864286,-0.947340334417937,1,1,0,1,0,0,0,0,0,0,0,1,0,0,0,1,0,0,0,1,0,0,1,0,0,1,0
3223-WZWJM,0,-0.263980375185962,0.631152058725743,-0.0206879528540269,1,0,0,1,0,1,1,0,0,0,0,0,0,0,0,0,0,0,0,1,0,0,1,0,1,0,1
4137-BTIKL,0,-1.24091801131222,0.856800070717782,-0.933685652431423,1,0,0,1,0,1,1,0,0,1,0,0,0,0,0,0,0,0,0,1,0,0,0,0,0,1,0
9174-FKWZE,1,-1.28162374615081,-1.5091857020811,-1.00187125090427,0,0,0,1,0,0,0,1,1,0,1,0,1,0,1,0,1,0,1,0,0,0,1,0,1,0,1
4939-KYYPY,0,-0.223274640347368,-0.181844455069103,-0.302804220070577,1,0,0,1,0,1,0,0,0,0,0,0,0,1,0,1,0,0,0,0,0,0,0,0,1,0,0
9300-AGZNL,1,-1.28162374615081,0.964646547037507,-0.969139529293514,1,0,0,1,0,1,1,0,0,0,0,0,0,0,0,0,0,1,0,1,0,0,1,0,1,0,1
3212-KXOCR,0,0.794368730617482,-1.45775122875938,-0.524286674350227,1,0,0,1,0,0,0,1,1,0,1,0,1,0,1,0,1,0,1,0,0,1,0,0,0,0,0
0848-ZGQIJ,0,-0.671037723571902,0.986215842301452,-0.36888234351014,0,1,0,1,0,0,1,0,0,0,0,1,0,0,0,0,0,1,0,1,0,0,1,0,0,0,0
9150-KPBJQ,0,-1.07809507195784,-1.50254899584604,-0.959107070020464,0,0,0,1,0,0,0,1,1,0,1,0,1,0,1,0,1,0,1,0,0,1,0,1,0,0,0
0818-OCPZO,1,-0.223274640347368,0.548193230787494,-0.0787093748642472,1,0,0,1,0,1,1,0,0,0,0,1,0,0,0,0,0,0,0,0,0,0,1,0,1,0,1
5876-QMYLD,0,-0.386097579701744,-1.48927558337592,-0.828158230712494,0,1,1,1,0,0,0,1,1,0,1,0,1,0,1,0,1,0,1,0,1,0,0,0,0,1,0
0927-CNGRH,0,-1.28162374615081,-1.50586734896357,-1.00182734517441,1,0,1,1,0,0,0,1,1,0,1,0,1,0,1,0,1,0,1,0,0,0,0,0,0,1,0
7321-KKSDU,0,-0.0197459661543978,-1.47434299434703,-0.704475789696383,1,0,1,1,0,0,0,1,1,0,1,0,1,0,1,0,1,0,1,0,0,1,0,0,0,1,0
2961-VNFKL,0,1.56777769255077,-1.29349274944165,-0.219273569011596,0,1,0,1,0,1,0,1,1,0,1,0,1,0,1,0,1,0,1,0,0,1,1,1,0,0,0
3525-DVKFN,0,-0.630331988733308,-1.51084487863986,-0.853206449597723,0,0,0,1,0,0,0,1,1,0,1,0,1,0,1,0,1,0,1,0,0,1,0,0,0,1,0
7248-VZQLC,1,0.590840056424512,0.672631472694868,0.732361172842754,0,0,0,1,0,1,1,0,0,0,0,1,0,1,0,0,0,0,0,0,0,0,1,0,0,0,1
8496-DMZUK,0,-0.101157435831586,0.845185834806427,0.228016053938931,1,0,0,1,0,1,1,0,0,1,0,1,0,1,0,0,0,0,0,0,1,0,0,0,0,0,0
7993-PYKOF,0,-0.996683602280654,0.33415945470681,-0.732509598212104,1,1,0,1,0,0,1,0,0,1,0,0,0,0,0,0,0,0,0,0,0,0,0,0,1,0,1
2729-VNVAP,0,0.0209597686841961,-1.49757146616974,-0.728821516903849,0,1,1,1,0,0,0,1,1,0,1,0,1,0,1,0,1,0,1,0,0,1,0,1,0,0,0
3143-JQEGI,0,-0.793154928087684,0.777159595897062,-0.473531650631865,0,1,1,1,0,0,1,0,0,0,0,0,0,0,0,0,0,1,0,1,0,0,0,0,1,0,1
5399-ZIMKF,0,-1.11880080679644,0.322545218795455,-0.841966582753519,1,0,0,1,0,0,1,0,0,0,0,1,0,0,0,0,0,0,0,0,0,0,1,0,1,0,0
7698-YFGEZ,0,-1.28162374615081,-1.49093475993468,-1.00162976939004,1,0,0,1,0,0,0,1,1,0,1,0,1,0,1,0,1,0,1,0,0,0,0,0,0,1,0
7781-HVGMK,0,1.60848342738936,0.00896084918887121,1.09023677693304,0,1,1,0,1,0,0,0,0,1,0,1,0,1,0,1,0,1,0,1,0,1,1,1,0,0,0
1324-NLTJE,1,-0.711743458410496,-0.329511168799187,-0.678000634590697,0,0,0,1,0,1,0,0,0,0,0,0,0,0,0,1,0,0,0,0,0,0,0,1,0,0,1
6457-GIRWB,0,-1.28162374615081,0.146672503566365,-0.979962291704047,1,0,0,1,0,0,1,0,0,0,0,0,0,0,0,0,0,0,0,0,0,0,1,0,1,0,1
7025-IWFHT,0,0.346605647392948,0.816979833307422,0.627163044097776,1,0,0,1,0,0,1,0,0,0,0,1,0,0,0,1,0,1,0,0,1,0,1,0,1,0,0
8065-QBYTO,1,1.56777769255077,1.15213349817795,2.14256931022169,0,0,0,1,0,1,1,0,0,1,0,1,0,0,0,1,0,1,0,0,1,0,1,1,0,0,0
3278-FSIXX,0,-1.24091801131222,-0.653050597758361,-0.977832863805828,0,0,0,1,0,0,0,0,0,0,0,0,0,0,0,0,0,0,0,0,0,0,1,0,0,1,0
0621-TWIEM,0,-0.915272132603466,-0.643095538405771,-0.833646446945016,1,0,0,1,0,0,0,0,0,0,0,0,0,0,0,0,0,0,0,0,0,0,1,0,1,0,1
8268-YDIXR,0,0.957191669971858,0.936440545538502,1.29637417862655,1,1,0,1,0,1,1,0,0,1,0,1,0,1,0,0,0,0,0,0,1,0,1,0,1,0,0
8000-REIQB,1,-1.28162374615081,0.166582622271545,-0.979698857324886,0,0,0,1,0,0,1,0,0,0,0,0,0,0,0,0,0,0,0,0,0,0,1,0,1,0,1
1897-OKVMW,0,1.28283754868061,0.851822541041487,1.54378296638864,0,1,1,1,0,1,0,0,0,1,0,1,0,1,0,1,0,1,0,1,0,1,1,0,0,1,0
8041-TMEID,1,1.24213181384202,1.44580774907935,2.05943381073146,1,1,0,1,0,1,1,0,0,1,0,1,0,1,0,0,0,1,0,1,0,1,0,1,0,0,0
7926-IJOOU,0,-1.28162374615081,-1.51416323175739,-1.00193710949906,1,0,0,1,0,0,0,1,1,0,1,0,1,0,1,0,1,0,1,0,0,0,0,1,0,0,0
3351-NGXYI,1,-0.671037723571902,-0.359376346856957,-0.620088976905127,0,0,0,1,0,1,0,0,0,1,0,0,0,0,0,0,0,0,0,0,0,0,1,0,1,0,0
2208-NQBCT,0,-0.263980375185962,0.564784996375144,-0.101540354391538,0,1,1,1,0,0,1,0,0,1,0,1,0,0,0,0,0,0,0,0,0,0,0,0,1,0,0
2176-OSJUV,0,1.56777769255077,0.00730167263010631,1.04514559236664,1,1,0,1,0,1,0,0,0,1,0,1,0,0,0,1,0,0,0,0,0,1,0,0,0,0,0
8100-PNJMH,0,1.44566048803499,0.793751361484712,1.68219577977284,1,1,1,1,0,1,0,0,0,1,0,1,0,1,0,1,0,1,0,1,0,1,1,1,0,0,0
0228-MAUWC,0,-0.54892051905612,-0.178526101951573,-0.507865931382522,1,0,0,1,0,1,0,0,0,0,0,0,0,1,0,1,0,0,0,0,0,0,0,0,1,0,0
2324-AALNO,0,0.631545791263106,-1.33994969308707,-0.481807880710508,0,0,0,1,0,1,0,1,1,0,1,0,1,0,1,0,1,0,1,0,1,0,0,0,0,0,0
7398-HPYZQ,0,1.56777769255077,0.850163364482722,1.80131202488349,1,1,0,1,0,1,0,0,0,1,0,1,0,1,0,1,0,1,0,1,0,1,0,0,0,0,0
8606-CIQUL,1,1.60848342738936,1.68638835010028,2.67729719418876,1,1,1,1,0,1,1,0,0,1,0,1,0,1,0,1,0,1,0,1,0,1,1,1,0,0,0
6591-QGOYB,0,-0.630331988733308,1.38441821640505,-0.276263206370102,1,0,0,1,0,1,1,0,0,1,0,1,0,1,0,1,0,1,0,0,0,0,1,0,0,0,0
8874-EJNSR,0,0.26519417771576,-1.31838039782312,-0.576644257208485,1,1,1,1,0,1,0,1,1,0,1,0,1,0,1,0,1,0,1,0,0,1,0,0,0,1,0
5039-LZRQT,0,-0.793154928087684,-1.48429805369962,-0.890438508519151,0,0,0,1,0,0,0,1,1,0,1,0,1,0,1,0,1,0,1,0,1,0,0,0,0,1,0
7975-TZMLR,0,0.590840056424512,1.26661668073274,1.13627193469143,1,0,0,1,0,1,1,0,0,0,0,1,0,1,0,0,0,1,0,1,1,0,1,0,1,0,0
7945-PRBVF,0,0.102371238361384,-1.4428186397305,-0.700677944063477,1,0,0,1,0,0,0,1,1,0,1,0,1,0,1,0,1,0,1,0,0,1,0,0,0,0,0
8087-LGYHQ,0,-0.955977867442059,0.966305723596272,-0.654050058951972,1,0,0,1,0,0,1,0,0,0,0,0,0,1,0,0,0,1,0,1,0,0,1,0,1,0,0
2651-ZCBXV,0,0.87578020029467,1.4292159834917,1.51884451182806,1,0,0,1,0,1,1,0,0,1,0,1,0,0,0,1,0,1,0,1,0,1,1,1,0,0,0
9489-JMTTN,0,1.60848342738936,0.823616539542482,1.88556712048516,0,1,1,1,0,1,0,0,0,1,0,1,0,1,0,1,0,1,0,1,0,1,0,1,0,0,0
2790-XUYMV,0,1.56777769255077,0.680927355488693,1.63664358504291,1,0,1,1,0,1,1,0,0,1,0,1,0,0,0,0,0,0,0,0,1,0,1,1,0,0,0
0487-CRLZF,0,0.6722515261017,0.315908512560395,0.623716444303753,0,0,0,1,0,0,0,0,0,0,0,0,0,1,0,1,0,1,0,1,0,1,1,0,0,0,0
3719-TDVQB,1,0.87578020029467,-1.52577746766875,-0.55769893477382,0,1,0,1,0,0,0,1,1,0,1,0,1,0,1,0,1,0,1,0,0,1,1,0,0,1,0
1580-BMCMR,1,-0.54892051905612,0.742316888162998,-0.291542400361443,1,0,0,1,0,0,1,0,0,1,0,0,0,0,0,0,0,0,0,1,0,0,1,0,1,0,0
2167-FQSTQ,0,1.60848342738936,0.911552897157027,1.96907581867922,0,1,0,1,0,1,0,0,0,1,0,1,0,1,0,1,0,1,0,1,0,1,1,0,1,0,0
8565-CLBZW,0,-0.34539184486315,0.826934892660012,-0.0598299110243722,1,0,0,1,0,1,1,0,0,0,0,0,0,1,0,0,0,1,0,0,0,0,1,0,0,1,1
6351-SCJKT,0,-1.20021227647362,-0.78246636934203,-0.963322020087041,1,0,0,0,1,0,0,0,0,1,0,0,0,1,0,1,0,0,0,0,0,0,0,0,0,1,0
7814-LEEVE,0,-1.28162374615081,-1.48097970058209,-1.00149805220046,0,1,0,1,0,0,0,1,1,0,1,0,1,0,1,0,1,0,1,0,0,0,1,0,0,0,0
1685-VAYJF,0,-0.874566397764872,-0.654709774317126,-0.79439472445002,1,0,0,1,0,0,0,0,0,0,0,0,0,0,0,0,0,0,0,0,0,0,0,1,0,0,0
9661-JALZV,0,1.03860313964905,-1.33497216341077,-0.343482878786029,0,0,0,1,0,1,0,1,1,0,1,0,1,0,1,0,1,0,1,0,0,1,1,1,0,0,0
9700-ZCLOT,0,-1.24091801131222,-1.49093475993468,-0.996053741697801,1,0,0,1,0,0,0,1,1,0,1,0,1,0,1,0,1,0,1,0,0,0,0,0,0,1,0
4079-WWQQQ,0,1.60848342738936,0.020575085100226,1.10033509480088,1,0,0,0,1,0,0,0,0,1,0,1,0,1,0,1,0,1,0,1,0,1,1,0,0,0,0
0407-BDJKB,0,1.12001460932623,1.02271772659428,1.51105124477788,1,1,0,1,0,1,1,0,0,0,0,1,0,1,0,0,0,1,0,0,0,0,1,0,1,0,1
7173-TETGO,1,1.60848342738936,0.450301813820359,1.44929783572954,0,1,0,1,0,1,1,0,0,1,0,0,0,0,0,0,0,0,0,0,0,1,0,0,0,0,0
4749-OJKQU,0,-1.15950654163503,0.355728749970755,-0.877661941129841,0,0,0,1,0,1,1,0,0,0,0,0,0,0,0,0,0,0,0,0,0,0,1,0,1,0,0
2982-IHMFT,1,-1.28162374615081,0.315908512560395,-0.977723099481178,0,0,0,1,0,1,1,0,0,0,0,0,0,0,0,0,0,0,0,0,0,0,1,0,0,1,1
4112-LUEIZ,0,-0.915272132603466,0.815320656748657,-0.631460560938913,1,0,0,1,0,0,1,0,0,0,0,0,0,0,0,0,0,1,0,1,0,0,1,0,1,0,1
6029-WTIPC,1,0.183782708038572,1.20024961838213,0.633441563467781,1,0,0,1,0,1,1,0,0,0,0,0,0,1,0,0,0,1,0,1,0,0,1,0,1,0,1
2636-OHFMN,0,-1.15950654163503,-0.543544944879871,-0.922160398343127,1,1,0,0,1,0,0,0,0,0,0,1,0,0,0,0,0,1,0,1,0,0,1,0,1,0,1
6221-AVQYL,0,-1.24091801131222,0.276088275150035,-0.952872456380319,1,0,0,1,0,1,1,0,0,0,0,0,0,0,0,0,0,0,0,0,0,0,1,1,0,0,1
6982-UQZLY,1,-1.28162374615081,-1.46272875843568,-1.00125657068623,0,1,0,1,0,0,0,1,1,0,1,0,1,0,1,0,1,0,1,0,0,0,1,0,0,1,1
5233-AOZUF,0,-0.14186317067018,0.332500278148045,-0.0668548278020001,0,1,0,1,0,1,1,0,0,0,0,0,0,0,0,0,0,0,0,0,0,0,1,0,1,0,0
4622-YNKIJ,0,0.0209597686841961,0.797069714602243,0.318900914749492,1,0,0,1,0,0,1,0,0,1,0,0,0,0,0,1,0,1,0,0,0,1,1,0,1,0,0
3349-ANQNH,1,1.07930887448764,1.14715596850166,1.57563657340219,0,0,0,1,0,1,1,0,0,0,0,0,0,1,0,0,0,1,0,1,1,0,1,0,1,0,0
4853-OITSN,0,-1.11880080679644,0.803706420837302,-0.828970486714907,1,1,0,1,0,1,1,0,0,1,0,0,0,0,0,0,0,0,0,1,0,0,1,0,1,0,0
1965-AKTSX,1,-0.75244919324909,0.465234402849244,-0.526635630897746,0,0,0,1,0,1,1,0,0,0,0,1,0,0,0,0,0,0,0,0,0,0,1,0,1,0,1
2397-BRLOM,1,-0.996683602280654,0.515009699612194,-0.75424293449289,1,1,1,1,0,0,1,0,0,0,0,0,0,0,0,0,0,1,0,0,0,0,1,1,0,0,1
9620-QJREV,0,0.590840056424512,-1.47268381778827,-0.565623919013581,1,0,1,1,0,0,0,1,1,0,1,0,1,0,1,0,1,0,1,0,1,0,0,1,0,0,0
0378-NHQXU,0,-0.630331988733308,0.773841242779532,-0.369101872159441,0,1,1,1,0,1,1,0,0,0,0,0,0,1,0,0,0,1,0,0,0,0,0,0,1,0,1
8809-RIHDD,0,1.60848342738936,1.27657174008532,2.22660487717407,1,1,1,1,0,1,1,0,0,0,0,1,0,1,0,0,0,1,0,1,0,1,1,0,1,0,1
0746-JTRFU,0,-1.24091801131222,-1.32335792749942,-0.985670036585869,1,0,0,0,1,0,0,0,0,0,0,0,0,0,0,0,0,0,0,0,0,0,1,0,1,0,1
0330-BGYZE,0,1.12001460932623,1.24670656202756,1.69312830650802,1,1,0,1,0,1,1,0,0,0,0,1,0,1,0,0,0,1,0,1,1,0,0,0,0,0,0
8490-BXHEO,1,-0.589626253894714,0.518328052729724,-0.390615679790926,1,0,0,1,0,1,1,0,0,0,0,1,0,0,0,0,0,0,0,0,0,0,1,1,0,0,0
5201-FRKKS,0,-0.304686110024556,0.3109309828841,-0.153261304166823,1,0,0,1,0,0,1,0,0,1,0,0,0,0,0,0,0,0,0,0,0,0,0,0,0,0,0
6461-SZMCV,0,1.56777769255077,0.763886183426943,1.78434246029253,0,1,0,1,0,1,0,0,0,1,0,1,0,1,0,1,0,1,0,1,0,1,0,0,0,0,0
2111-DWYHN,0,-1.28162374615081,-1.45443287564185,-1.00114680636158,1,0,0,1,0,0,0,1,1,0,1,0,1,0,1,0,1,0,1,0,0,0,0,0,0,1,0
3173-WSSUE,0,1.56777769255077,-1.50088981928727,-0.388771639136799,0,1,1,1,0,0,0,1,1,0,1,0,1,0,1,0,1,0,1,0,0,1,0,1,0,0,0
9943-VSZUV,1,1.40495475319639,0.35738792652952,1.21159221426656,1,0,0,1,0,1,1,0,0,0,0,0,0,0,0,0,0,0,0,0,0,0,1,0,0,1,0
5451-YHYPW,1,1.60848342738936,1.68638835010028,2.69685719684147,0,1,0,1,0,1,1,0,0,1,0,1,0,1,0,1,0,1,0,1,0,1,1,1,0,0,0
8807-ARQET,0,0.346605647392948,-0.81564990051733,-0.273738626903142,0,0,0,0,1,0,0,0,0,0,0,1,0,0,0,0,0,0,0,1,0,0,1,0,1,0,0
7979-CORPM,0,-0.34539184486315,0.850163364482722,-0.00824067843866727,1,0,0,1,0,1,1,0,0,0,0,1,0,0,0,0,0,1,0,0,0,0,1,1,0,0,1
1114-CENIM,0,0.87578020029467,-0.329511168799187,0.347439639158605,1,0,1,1,0,1,0,0,0,0,0,1,0,0,0,0,0,0,0,0,0,0,1,1,0,0,1
3298-QEICA,0,-0.386097579701744,-1.0064552047753,-0.653259755814489,0,1,1,0,1,0,0,0,0,1,0,0,0,0,0,1,0,0,0,0,0,1,0,0,0,1,0
6253-WRFHY,0,-0.793154928087684,-0.00597173984001382,-0.625203994433838,1,1,1,1,0,0,0,0,0,0,0,0,0,0,0,0,0,1,0,1,1,0,1,0,1,0,0
7188-CBBBA,0,1.3235432835192,1.01442184380046,1.69148184163826,0,0,0,1,0,1,1,0,0,0,0,1,0,1,0,0,0,1,0,0,1,0,1,0,1,0,0
2400-FEQME,0,0.916485935133264,-1.47434299434703,-0.493223370474154,1,1,1,1,0,0,0,1,1,0,1,0,1,0,1,0,1,0,1,0,0,1,0,0,0,1,0
2122-SZZZD,0,0.46872285190873,-1.50752652552233,-0.643578542380321,1,0,0,1,0,0,0,1,1,0,1,0,1,0,1,0,1,0,1,0,1,0,0,1,0,0,0
1099-BTKWT,0,1.44566048803499,-0.349421287504367,0.624484794576306,0,1,0,0,1,0,0,0,0,1,0,0,0,1,0,0,0,1,0,1,1,0,1,0,1,0,0
9396-ZSFLL,0,-0.711743458410496,-0.533589885527281,-0.733190137024937,0,0,0,1,0,1,0,0,0,0,0,0,0,0,0,0,0,0,0,0,0,0,0,0,0,1,0
0637-UBJRP,0,-0.793154928087684,0.634470411843273,-0.529511456203588,1,1,1,1,0,0,1,0,0,1,0,0,0,0,0,0,0,0,0,1,0,0,0,0,1,0,1
2650-GYRYL,0,0.0209597686841961,-1.5091857020811,-0.746866771876381,1,1,1,1,0,0,0,1,1,0,1,0,1,0,1,0,1,0,1,0,1,0,1,0,0,0,0
1845-ZLLIG,0,-1.28162374615081,-0.490451294999392,-0.9883921918372,1,0,0,1,0,0,0,0,0,0,0,1,0,0,0,0,0,0,0,0,0,0,1,0,0,1,0
2108-GLPQB,0,-0.304686110024556,-0.311260226652772,-0.393403693637047,1,1,0,1,0,1,0,0,0,0,0,0,0,1,0,0,0,0,0,0,0,0,0,1,0,0,0
9093-FPDLG,0,-0.874566397764872,0.971283253272567,-0.571397522490194,0,0,0,1,0,0,1,0,0,0,0,1,0,1,0,1,0,0,0,1,0,0,1,0,1,0,0
1569-TTNYJ,0,-1.11880080679644,0.458597696614184,-0.829475402608299,1,1,0,1,0,1,1,0,0,0,0,1,0,0,0,0,0,0,0,0,0,0,1,0,1,0,1
9257-AZMTZ,0,0.794368730617482,-1.48761640681715,-0.536777854495447,0,1,1,1,0,0,0,1,1,0,1,0,1,0,1,0,1,0,1,0,0,1,0,0,0,0,0
7108-DGVUU,1,-0.467509049378932,0.22465380182832,-0.353120186490337,0,1,0,1,0,1,0,0,0,0,0,1,0,1,0,0,0,0,0,1,1,0,0,0,0,0,0
7048-GXDAY,0,0.26519417771576,1.37612233361122,0.763665958233058,1,0,0,1,0,1,1,0,0,1,0,1,0,0,0,0,0,1,0,1,0,0,1,0,1,0,0
7636-XUHWW,0,-1.24091801131222,-1.49425311305221,-0.995614684399199,1,0,0,1,0,0,0,1,1,0,1,0,1,0,1,0,1,0,1,0,0,0,1,1,0,0,0
1041-RXHRA,0,0.346605647392948,0.176537681624135,0.248827369892654,0,0,0,1,0,0,1,0,0,0,0,0,0,0,0,0,0,0,0,0,0,0,0,0,0,0,1
2233-FAGXV,0,-1.11880080679644,-1.34824557588089,-0.952345587621997,0,1,1,1,0,1,0,1,1,0,1,0,1,0,1,0,1,0,1,0,0,0,1,0,0,1,0
2359-KMGLI,0,-0.34539184486315,0.508372993377134,-0.193105754014932,1,0,0,1,0,1,1,0,0,0,0,1,0,0,0,0,0,0,0,0,0,0,1,0,1,0,1
4786-UKSNZ,0,-1.28162374615081,-1.48429805369962,-1.00154195793032,1,0,0,1,0,0,0,1,1,0,1,0,1,0,1,0,1,0,1,0,0,0,0,0,0,1,1
7638-QVMVY,0,-1.03738933711925,0.466893579408009,-0.780805901058296,0,0,0,1,0,0,1,0,0,0,0,0,0,0,0,0,0,1,0,0,0,0,1,0,1,0,1
1685-BQULA,0,0.305899912554354,0.944736428332327,0.638863921105513,0,0,0,1,0,1,1,0,0,0,0,1,0,1,0,0,0,1,0,0,0,0,1,0,0,0,0
6849-OYAMU,0,-0.54892051905612,1.16374773408931,-0.181185348357894,1,1,1,1,0,0,1,0,0,0,0,1,0,0,0,1,0,1,0,1,1,0,0,0,0,0,1
1682-VCOIO,0,-0.386097579701744,-1.4760021709058,-0.799180449004779,1,0,0,1,0,0,0,1,1,0,1,0,1,0,1,0,1,0,1,0,1,0,0,0,0,1,0
7065-YUNRY,0,-1.28162374615081,-0.651391421199596,-0.990521619735419,0,0,0,1,0,0,0,0,0,0,0,0,0,0,0,0,0,0,0,0,0,0,1,0,0,1,1
3635-JBPSG,0,-0.711743458410496,-0.867084373839045,-0.745659364305226,0,0,0,0,1,0,0,0,0,0,0,1,0,0,0,0,0,0,0,1,0,1,1,0,0,1,0
3068-OMWZA,1,-1.28162374615081,0.792092184925947,-0.971422627246243,1,0,0,1,0,1,1,0,0,0,0,0,0,1,0,0,0,1,0,0,0,0,1,0,1,0,1
7537-CBQUZ,1,1.24213181384202,1.47567292713712,2.07679852689115,1,0,0,1,0,1,1,0,0,1,0,1,0,1,0,0,0,1,0,1,0,0,1,0,0,0,0
4274-OWWYO,0,-1.28162374615081,0.312590159442865,-0.977767005211038,1,0,0,1,0,0,1,0,0,0,0,1,0,0,0,0,0,0,0,0,0,0,1,0,1,0,1
7878-JGDKK,0,-1.15950654163503,-0.676279069581071,-0.913489016695743,1,0,0,1,0,0,0,0,0,0,0,0,0,0,0,0,0,0,0,0,0,0,0,0,0,1,0
8387-MOJJT,0,0.387311382231542,0.432050871673944,0.475358983106223,0,1,1,1,0,0,1,0,0,0,0,0,0,0,0,0,0,1,0,0,0,0,1,1,0,0,1
6827-IEAUQ,0,-0.223274640347368,0.0404852038054061,-0.187419961998039,0,1,1,1,0,0,0,0,0,1,0,1,0,1,0,1,0,0,0,0,1,0,0,0,0,1,0
2223-GDSHL,0,1.56777769255077,1.69634340945287,2.63266701978589,1,1,1,1,0,1,1,0,0,1,0,1,0,1,0,1,0,1,0,1,0,1,1,0,0,0,0
6502-HCJTI,1,-1.03738933711925,0.987875018860217,-0.714881447673244,1,1,0,1,0,1,1,0,0,1,0,1,0,0,0,0,0,0,0,1,0,0,1,1,0,0,1
3318-ISQFQ,0,-0.508214784217526,-1.50752652552233,-0.829080251039558,0,0,0,1,0,0,0,1,1,0,1,0,1,0,1,0,1,0,1,0,0,0,1,0,0,0,0
8761-NSOBC,0,0.46872285190873,1.18199867623572,0.920628942483182,1,0,0,1,0,0,1,0,0,0,0,1,0,0,0,1,0,1,0,1,0,0,0,0,1,0,1
9170-ARBTB,0,0.794368730617482,-1.5042081724048,-0.565909306257672,0,1,1,1,0,0,0,1,1,0,1,0,1,0,1,0,1,0,1,0,1,0,0,1,0,0,0
4285-GYRQC,0,-1.03738933711925,0.707474180428933,-0.752640375352994,0,1,0,1,0,0,1,0,0,0,0,0,0,1,0,0,0,1,0,0,0,0,1,0,1,0,1
5827-MWCZK,0,0.957191669971858,1.06253796400464,1.37463614210231,1,1,1,1,0,1,1,0,0,0,0,1,0,0,0,1,0,1,0,0,0,0,1,1,0,0,0
1104-TNLZA,1,-0.182568905508774,1.35621221490604,0.30588286584595,1,1,0,1,0,1,1,0,0,0,0,1,0,0,0,1,0,1,0,1,0,0,1,0,1,0,0
7647-GYYKX,0,0.87578020029467,-1.47932052402333,-0.530806675234463,0,1,1,1,0,0,0,1,1,0,1,0,1,0,1,0,1,0,1,0,0,1,1,0,0,0,0
9242-TKFSV,0,1.60848342738936,0.00564249607134094,1.07699919938019,1,1,1,0,1,0,0,0,0,1,0,1,0,1,0,1,0,1,0,1,0,1,1,1,0,0,0
5006-MXVRN,0,0.26519417771576,-1.46770628811197,-0.675651678043178,0,0,0,1,0,0,0,1,1,0,1,0,1,0,1,0,1,0,1,0,0,1,0,1,0,0,0
5777-ZPQNC,0,-0.833860662926278,-1.48595723025839,-0.895948677616603,0,0,0,1,0,0,0,1,1,0,1,0,1,0,1,0,1,0,1,0,1,0,0,0,1,0,0
0810-DHDBD,0,0.794368730617482,0.30097592353151,0.692099618560974,0,0,0,1,0,1,0,0,0,1,0,0,0,1,0,1,0,1,0,0,1,0,0,1,0,0,0
1355-KUSBG,0,-1.03738933711925,-0.535249062086046,-0.856828672311188,0,1,1,1,0,1,0,0,0,0,0,0,0,0,0,0,0,0,0,0,0,0,0,0,1,0,0
5322-ZSMZY,0,-0.0604517009929918,-1.30012945567671,-0.6786592205386,1,1,1,1,0,1,0,1,1,0,1,0,1,0,1,0,1,0,1,0,0,1,0,0,0,1,0
7508-KBIMB,0,-0.34539184486315,-0.288031754830062,-0.371911838870492,1,1,1,1,0,0,0,0,0,1,0,0,0,1,0,0,0,0,0,0,1,0,1,1,0,0,0
9850-OWRHQ,0,-1.20021227647362,0.30429427664904,-0.91030585128088,0,1,0,1,0,1,1,0,0,0,0,0,0,0,0,0,0,0,0,0,0,0,1,1,0,0,1
5176-LMJXE,0,0.590840056424512,-1.47268381778827,-0.595194428074409,0,0,0,1,0,0,0,1,1,0,1,0,1,0,1,0,1,0,1,0,0,1,1,0,0,1,0
5315-CKEQK,1,-0.182568905508774,-0.462245293500387,-0.403721540154188,1,1,1,1,0,1,0,0,0,0,0,0,0,0,0,0,0,0,0,0,1,0,1,0,1,0,0
9029-FEGVJ,1,-0.0197459661543978,0.476848638760599,0.117966342044404,0,1,0,1,0,1,1,0,0,0,0,0,0,1,0,0,0,0,0,0,0,0,0,0,0,1,0
2697-NQBPF,0,0.0616655035227901,1.34127962587716,0.544137308932187,1,0,0,1,0,1,1,0,0,0,0,1,0,0,0,1,0,1,0,1,0,0,1,0,1,0,0
5896-NPFWW,0,-1.20021227647362,-0.490451294999392,-0.936583430602195,1,1,1,1,0,0,0,0,0,0,0,0,0,1,0,0,0,0,0,0,0,0,1,0,1,0,1
9773-PEQBZ,0,-0.915272132603466,0.495099580907014,-0.660372484051837,1,0,0,1,0,1,1,0,0,0,0,1,0,0,0,0,0,0,0,0,0,0,0,0,1,0,0
0531-XBKMM,0,1.3642490183578,0.0255526147765211,0.912177089485098,1,0,1,1,0,1,0,0,0,1,0,1,0,0,0,1,0,0,0,0,0,1,0,0,0,0,0
3413-BMNZE,1,-1.28162374615081,-0.653050597758361,-0.990543572600349,1,0,0,1,0,0,0,0,0,0,0,0,0,0,0,0,0,0,0,0,0,0,0,0,0,0,0
6898-RBTLU,0,0.6722515261017,0.476848638760599,0.702988239566297,0,1,1,1,0,1,0,0,0,0,0,1,0,0,0,1,0,1,0,1,0,1,0,0,0,0,0
4781-ZXYGU,0,-1.28162374615081,-1.48595723025839,-1.00156391079525,1,1,1,1,0,0,0,1,1,0,1,0,1,0,1,0,1,0,1,0,0,0,1,0,0,0,0
9134-CEQMF,1,-1.03738933711925,0.815320656748657,-0.713300841398278,1,1,0,1,0,0,1,0,0,0,0,0,0,0,0,0,0,1,0,1,0,0,1,0,1,0,1
7808-DVWEP,0,-1.20021227647362,-1.49093475993468,-0.988611720486501,1,1,0,1,0,0,0,1,1,0,1,0,1,0,1,0,1,0,1,0,0,0,0,0,0,0,0
5913-INRQV,1,0.0616655035227901,0.836889952012602,0.363311560503059,1,1,0,1,0,0,1,0,0,1,0,0,0,0,0,1,0,1,0,0,1,0,0,0,0,1,0
6479-VDGRK,0,1.60848342738936,0.675949825812398,1.68065907922773,0,1,1,1,0,0,0,0,0,1,0,1,0,1,0,1,0,1,0,1,0,1,0,0,0,0,0
8543-MSDMF,0,-1.20021227647362,0.413799929527529,-0.919899253255328,1,0,0,1,0,0,0,0,0,1,0,0,0,1,0,0,0,1,0,1,0,0,1,0,1,0,0
1769-GRUIK,0,-0.589626253894714,0.20474368312314,-0.462577171031752,0,0,0,1,0,0,1,0,0,0,0,0,0,0,0,0,0,0,0,0,0,0,1,0,1,0,0
5196-WPYOW,0,1.40495475319639,-0.161934336363923,0.743205888118217,1,1,1,1,0,0,0,0,0,1,0,1,0,0,0,1,0,0,0,0,1,0,0,0,0,1,0
3935-TBRZZ,0,0.46872285190873,-1.30178863223547,-0.522837785264841,1,1,1,1,0,1,0,1,1,0,1,0,1,0,1,0,1,0,1,0,1,0,0,0,0,1,0
5044-LRQAQ,0,-1.03738933711925,0.141694973890071,-0.800739102414815,0,1,0,1,0,0,1,0,0,0,0,0,0,0,0,0,0,0,0,0,0,0,1,0,0,0,0
5732-IKGQH,1,0.794368730617482,1.31141444781939,1.39617190259873,1,1,0,1,0,0,1,0,0,1,0,0,0,1,0,1,0,1,0,1,1,0,1,0,0,0,0
6692-YQHXC,0,-0.671037723571902,0.166582622271545,-0.481127341897675,1,0,0,1,0,0,1,0,0,0,0,0,0,0,0,0,0,0,0,0,0,0,1,1,0,0,0
4280-DLSHD,0,-0.996683602280654,-0.337807051593012,-0.81465721878049,1,1,0,1,0,0,0,0,0,0,0,1,0,1,0,0,0,0,0,0,0,0,1,0,0,1,0
7319-VENRZ,0,-1.03738933711925,-0.0209043288688988,-0.81461331305063,1,0,0,1,0,0,0,0,0,0,0,0,0,1,0,1,0,1,0,0,0,0,0,0,0,0,0
2607-DHDAK,0,1.60848342738936,-1.49757146616974,-0.389298507895121,1,1,1,1,0,0,0,1,1,0,1,0,1,0,1,0,1,0,1,0,0,1,1,1,0,0,0
2826-DXLQO,1,-1.03738933711925,-1.16573615441674,-0.913620733885323,1,1,0,0,1,0,0,0,0,1,0,0,0,0,0,0,0,0,0,0,0,0,0,0,0,0,0
1930-BZLHI,0,-0.467509049378932,-1.47932052402333,-0.824821395243121,1,0,0,1,0,0,0,1,1,0,1,0,1,0,1,0,1,0,1,0,1,0,1,0,0,1,0
2851-STERV,1,0.102371238361384,0.26779239235621,0.0746094338074817,1,0,0,1,0,0,0,0,0,0,0,0,0,1,0,1,0,1,0,1,1,0,1,0,1,0,0
3999-WRNGR,0,1.12001460932623,-0.503724707469511,0.337253509831045,0,1,1,0,1,0,0,0,0,0,0,1,0,0,0,0,0,1,0,1,0,0,1,0,1,0,0
4822-RVYBB,1,-0.996683602280654,1.18365785279448,-0.650647364887809,1,0,0,1,0,1,1,0,0,0,0,0,0,1,0,0,0,1,0,1,0,0,1,0,1,0,1
2897-DOVND,0,-1.24091801131222,0.16160509259525,-0.946023162522132,1,0,0,1,0,0,1,0,0,0,0,0,0,0,0,0,0,0,0,0,0,0,1,0,1,0,0
4776-XSKYQ,0,-0.833860662926278,-1.15080356538786,-0.848464630772825,0,1,1,0,1,0,0,0,0,0,0,0,0,0,0,1,0,0,0,0,1,0,0,1,0,0,0
3538-WZPHD,0,-1.20021227647362,-1.1723728606518,-0.975527812988169,1,0,0,0,1,0,0,0,0,0,0,1,0,0,0,0,0,0,0,0,0,0,1,0,1,0,1
0973-KYVNF,0,1.60848342738936,0.189811094094256,1.18977106652605,0,1,1,1,0,0,0,0,0,1,0,1,0,1,0,0,0,1,0,0,0,1,1,1,0,0,0
9249-FXSCK,0,0.794368730617482,1.53706245981143,1.58724963895021,0,0,0,1,0,1,1,0,0,1,0,1,0,0,0,1,0,1,0,1,1,0,1,1,0,0,1
3764-MNMOI,0,0.550134321585918,-1.51748158487492,-0.611681029636904,1,0,0,1,0,0,0,1,1,0,1,0,1,0,1,0,1,0,1,0,0,1,0,1,0,0,0
7285-KLOTR,0,-0.833860662926278,0.461916049731714,-0.625467428812999,0,1,0,1,0,1,0,0,0,1,0,0,0,1,0,0,0,1,0,1,1,0,0,0,1,0,0
5816-QVHRX,0,0.183782708038572,1.1737027934419,0.544466601906138,0,0,0,1,0,1,1,0,0,0,0,0,0,0,0,1,0,1,0,1,0,0,0,1,0,0,0
1686-STUHN,0,0.387311382231542,-1.49757146616974,-0.637256117280456,1,0,0,1,0,0,0,1,1,0,1,0,1,0,1,0,1,0,1,0,1,0,0,0,0,0,0
7824-PANSQ,0,1.03860313964905,0.521646405847254,1.10029118907102,1,0,0,1,0,1,1,0,0,0,0,0,0,0,0,1,0,0,0,0,0,0,0,0,0,0,0
5993-BQHEA,0,-0.833860662926278,-1.48927558337592,-0.893182616635412,1,0,0,1,0,0,0,1,1,0,1,0,1,0,1,0,1,0,1,0,1,0,0,1,0,0,0
3678-MNGZX,0,1.44566048803499,-1.49259393649345,-0.405521675078455,1,1,1,1,0,0,0,1,1,0,1,0,1,0,1,0,1,0,1,0,0,1,0,0,0,0,0
7593-XFKDI,0,-1.28162374615081,-0.618207890024296,-0.990082562436817,1,0,0,1,0,0,0,0,0,0,0,0,0,0,0,0,0,0,0,0,0,0,0,0,0,1,1
6103-QCKFX,0,0.46872285190873,-0.288031754830062,0.0519101714697716,0,1,1,1,0,0,0,0,0,1,0,0,0,0,0,1,0,0,0,0,0,0,0,0,0,0,0
0013-SMEOE,1,1.56777769255077,1.48562798648971,2.46000773711076,0,1,0,1,0,0,1,0,0,1,0,1,0,1,0,1,0,1,0,1,0,1,1,0,0,0,0
6907-CQGPN,0,-0.14186317067018,-1.01641026412789,-0.569268094591976,1,0,0,0,1,0,0,0,0,0,0,1,0,0,0,1,0,0,0,0,0,0,0,0,1,0,0
3521-HTQTV,0,0.0616655035227901,-1.28851521976535,-0.579981092677858,1,0,0,1,0,1,0,1,1,0,1,0,1,0,1,0,1,0,1,0,0,1,0,0,0,0,0
2472-OVKUP,0,-1.07809507195784,0.865095953511607,-0.777271489804552,1,1,0,1,0,0,1,0,0,0,0,1,0,1,0,0,0,0,0,1,0,0,1,0,1,0,1
5268-DSMNQ,1,1.20142607900342,1.09572149517994,1.59607469065211,0,1,0,1,0,1,1,0,0,0,0,1,0,1,0,0,0,1,0,0,1,0,1,1,0,0,0
2682-KEVRP,1,-0.426803314540338,-1.48927558337592,-0.827324021845151,0,0,0,1,0,0,0,1,1,0,1,0,1,0,1,0,1,0,1,0,1,0,1,0,0,1,0
6797-UCJHZ,1,1.3642490183578,1.31639197749568,1.98371837958758,0,1,0,1,0,1,1,0,0,0,0,1,0,1,0,0,0,1,0,1,1,0,0,1,0,0,0
6917-IAYHD,0,-1.28162374615081,-1.0396387359506,-0.995658590129059,1,0,1,0,1,0,0,0,0,0,0,1,0,0,0,1,0,0,0,0,0,0,0,0,0,1,0
1228-FZFRV,0,0.712957260940294,1.36118974458234,1.33494536230872,1,1,1,1,0,1,1,0,0,1,0,0,0,1,0,0,0,1,0,1,0,0,0,1,0,0,1
6242-FEGFD,0,1.3642490183578,1.05092372809329,1.81020293518017,1,1,0,1,0,1,1,0,0,1,0,1,0,1,0,1,0,0,0,0,0,1,0,0,0,1,0
0906-QVPMS,0,1.60848342738936,1.6664782313951,2.65547604644825,1,1,0,1,0,1,1,0,0,1,0,1,0,1,0,1,0,1,0,1,0,1,0,0,0,0,0
9046-JBFWA,0,-0.223274640347368,-1.51914076143369,-0.774483475958431,1,0,1,1,0,0,0,1,1,0,1,0,1,0,1,0,1,0,1,0,0,0,0,0,0,1,0
1015-JPFYW,0,-1.03738933711925,-1.5091857020811,-0.950369829778289,1,0,1,1,0,0,0,1,1,0,1,0,1,0,1,0,1,0,1,0,1,0,0,0,0,1,0
3873-NFTGI,0,-0.75244919324909,-0.312919403211537,-0.673412485820309,1,0,0,1,0,1,0,0,0,0,0,1,0,0,0,0,0,0,0,0,0,0,1,1,0,0,0
4501-VCPFK,0,-0.263980375185962,-0.968294143923709,-0.561474827541795,1,0,0,0,1,0,0,0,0,0,0,0,0,1,0,1,0,0,0,0,0,0,0,0,1,0,0
5879-SESNB,0,-0.874566397764872,0.342455337500635,-0.620242646959638,0,0,0,1,0,1,1,0,0,0,0,0,0,0,0,0,0,0,0,0,0,0,0,0,1,0,0
4664-NJCMS,0,0.0209597686841961,-0.178526101951573,-0.125139684191382,0,1,0,0,1,0,0,0,0,1,0,0,0,1,0,1,0,1,0,1,0,1,0,0,0,0,0
9224-VTYID,0,0.590840056424512,0.848504187923957,0.885592170054763,1,1,1,1,0,1,0,0,0,1,0,1,0,1,0,1,0,1,0,1,0,1,1,0,0,1,0
6121-VZNQB,0,-1.28162374615081,-1.52079993799245,-1.00202492095879,0,0,0,1,0,0,0,1,1,0,1,0,1,0,1,0,1,0,1,0,0,0,1,0,0,1,1
3426-NIYYL,0,-0.711743458410496,-0.443994351353972,-0.674312553282443,1,0,0,1,0,1,0,0,0,0,0,0,0,0,0,0,0,0,0,0,0,0,0,0,1,0,1
5067-XJQFU,1,1.3642490183578,1.44414857252059,2.09651219959837,1,1,1,1,0,1,1,0,0,0,0,1,0,1,0,1,0,1,0,1,1,0,1,0,1,0,0
8966-KZXXA,0,0.143076973199978,-1.32169875094065,-0.601670523228784,1,1,1,1,0,1,0,1,1,0,1,0,1,0,1,0,1,0,1,0,0,1,0,1,0,0,0
9495-SKLKD,0,0.509428586747324,1.02935443282934,0.946313794451384,1,1,1,1,0,1,1,0,0,0,0,1,0,1,0,0,0,0,0,1,0,0,1,0,0,0,0
8313-NDOIA,0,-0.34539184486315,1.3014593884668,0.0848833745947626,0,0,0,1,0,1,1,0,0,0,0,1,0,1,0,0,0,1,0,1,0,0,1,0,1,0,0
4854-CIDCF,1,-1.20021227647362,0.295998393855214,-0.924180061916695,0,0,0,1,0,0,1,0,0,0,0,0,0,1,0,0,0,0,0,0,0,0,0,0,1,0,0
7017-VFHAY,0,1.16072034416483,1.66481905483633,2.06656849183373,0,1,1,1,0,1,1,0,0,1,0,1,0,1,0,1,0,1,0,1,0,1,0,1,0,0,0
4707-YNOQA,0,0.0616655035227901,-1.305106985353,-0.607729513949488,0,1,1,1,0,1,0,1,1,0,1,0,1,0,1,0,1,0,1,0,1,0,1,1,0,0,0
2077-DDHJK,0,1.44566048803499,0.19810697688808,1.1459531481256,0,1,0,1,0,1,0,0,0,1,0,1,0,1,0,1,0,0,0,0,0,1,0,1,0,0,0
5839-SUYVZ,0,-0.671037723571902,0.319226865677925,-0.496494347348737,1,0,0,1,0,0,1,0,0,0,0,0,0,0,0,1,0,0,0,0,0,0,1,1,0,0,0
5389-FFVKB,1,-0.0197459661543978,0.510032169935899,0.0797903099309824,1,1,0,1,0,0,1,0,0,0,0,0,0,0,0,0,0,0,0,1,0,0,1,1,0,0,1
9754-CLVZW,0,-0.263980375185962,-0.86542519728028,-0.5603113257005,0,1,1,0,1,0,0,0,0,1,0,1,0,0,0,1,0,0,0,0,0,0,0,1,0,0,0
7168-HDQHG,0,0.143076973199978,-1.51748158487492,-0.701797540174912,0,1,1,1,0,0,0,1,1,0,1,0,1,0,1,0,1,0,1,0,0,0,0,0,0,0,0
4393-OBCRR,0,-1.20021227647362,-1.48263887714086,-0.979150035701634,0,0,0,1,0,0,0,1,1,0,1,0,1,0,1,0,1,0,1,0,1,0,0,0,0,1,0
9889-TMAHG,1,-0.996683602280654,1.1737027934419,-0.644961572870916,1,0,0,1,0,0,1,0,0,1,0,0,0,0,0,1,0,1,0,1,0,0,0,1,0,0,1
6252-DFGTK,0,0.183782708038572,0.10519308959724,0.0781218921962957,0,1,0,1,0,1,0,0,0,1,0,0,0,1,0,1,0,0,0,0,1,0,0,1,0,0,0
8559-WNQZS,0,-1.28162374615081,-1.4760021709058,-1.00143219360567,1,0,0,1,0,0,0,1,1,0,1,0,1,0,1,0,1,0,1,0,0,1,0,0,0,1,0
1209-VFFOC,0,1.44566048803499,-0.283054225153767,0.723184875301978,1,1,1,0,1,0,0,0,0,1,0,1,0,1,0,1,0,0,0,1,0,1,1,0,0,1,0
4822-YCXMX,0,-0.304686110024556,0.659358060224748,-0.113219278534344,1,0,0,1,0,1,1,0,0,0,0,0,0,0,0,0,0,0,0,1,0,0,1,0,1,0,1
6217-TOWGS,0,-0.630331988733308,0.34743286717693,-0.429735685096342,0,1,0,1,0,1,0,0,0,0,0,1,0,0,0,0,0,1,0,1,0,0,1,0,0,0,0
7694-VLBWQ,0,1.40495475319639,1.29980021190803,2.08092566549801,1,1,0,1,0,1,1,0,0,0,0,1,0,1,0,0,0,1,0,1,1,0,0,0,1,0,1
6235-VDHOM,1,-1.11880080679644,-1.2105339215034,-0.952872456380319,0,0,0,0,1,0,0,0,0,0,0,1,0,0,0,0,0,0,0,0,0,0,0,0,1,0,1
0533-UCAAU,1,0.997897404810452,0.20474368312314,0.807330206579002,1,1,0,1,0,1,0,0,0,0,0,1,0,1,0,0,0,1,0,0,1,0,1,1,0,0,0
7967-HYCDE,0,-0.996683602280654,0.19147027065302,-0.767436606315873,1,0,0,1,0,0,1,0,0,0,0,0,0,0,0,0,0,0,0,0,0,0,0,0,0,0,0
9591-YVTEB,1,0.916485935133264,-0.666324010228481,0.0780340807365754,1,0,0,0,1,0,0,0,0,1,0,1,0,0,0,0,0,1,0,0,0,0,1,0,1,0,0
0019-GFNTW,0,0.957191669971858,-0.659687303993421,0.113619674788247,0,0,0,0,1,0,0,0,0,1,0,1,0,1,0,1,0,0,0,0,0,1,0,0,0,0,0
3452-GWUIN,1,-0.54892051905612,0.996170901654042,-0.237560305498358,0,1,0,1,0,1,1,0,0,0,0,0,0,0,0,0,0,1,0,1,0,0,1,0,1,0,0
3128-YOVTD,0,0.753662995778888,0.471871109084304,0.75396279193396,0,1,1,1,0,0,1,0,0,1,0,1,0,0,0,0,0,0,0,0,0,0,1,0,0,0,0
8069-RHUXK,0,1.40495475319639,-0.969953320482474,0.107297249688382,0,1,1,0,1,0,0,0,0,1,0,0,0,0,0,1,0,0,0,0,0,1,0,1,0,0,0
5206-XZZQI,0,0.835074465456076,0.519987229288489,0.898654124688165,1,0,0,1,0,0,1,0,0,0,0,1,0,0,0,1,0,0,0,0,0,0,1,0,0,1,0
6124-ACRHJ,0,-1.28162374615081,-1.49923064272851,-1.00173953371469,0,0,0,1,0,0,0,1,1,0,1,0,1,0,1,0,1,0,1,0,0,0,0,0,0,1,0
2332-EFBJY,0,-0.671037723571902,-1.50088981928727,-0.860077696320841,1,0,0,1,0,0,0,1,1,0,1,0,1,0,1,0,1,0,1,0,0,0,1,0,0,1,1
6261-LHRTG,0,-0.263980375185962,-0.337807051593012,-0.392701201959284,0,0,0,1,0,0,0,0,0,0,0,1,0,1,0,0,0,0,0,0,0,0,1,1,0,0,0
6959-GQEGV,0,0.509428586747324,0.365683809323344,0.426974868800311,1,0,0,1,0,0,0,0,0,1,0,0,0,1,0,0,0,1,0,1,0,0,1,0,1,0,0
1171-TYKUR,0,0.590840056424512,-1.31174369158806,-0.510236840794971,1,1,0,1,0,1,0,1,1,0,1,0,1,0,1,0,1,0,1,0,0,0,0,0,1,0,0
5244-IRFIH,1,0.0209597686841961,0.981238312625156,0.353103478310568,1,1,0,1,0,1,1,0,0,0,0,0,0,0,0,0,0,1,0,1,0,0,1,0,1,0,1
9938-EKRGF,0,-0.711743458410496,0.647743824313393,-0.444970973357822,0,0,0,1,0,0,0,0,0,1,0,1,0,1,0,1,0,1,0,1,0,0,0,0,0,1,0
8215-NGSPE,0,0.387311382231542,-1.49093475993468,-0.644434704112594,0,1,1,1,0,0,0,1,1,0,1,0,1,0,1,0,1,0,1,0,0,1,0,0,0,1,0
2812-SFXMJ,0,-1.28162374615081,-1.48927558337592,-1.00160781652511,1,0,1,1,0,0,0,1,1,0,1,0,1,0,1,0,1,0,1,0,0,0,0,0,0,1,0
4612-THJBS,1,0.957191669971858,1.32136950717198,1.40908018717762,0,0,0,1,0,1,1,0,0,0,0,1,0,1,0,0,0,1,0,1,1,0,1,0,0,0,1
5195-KPUNQ,1,0.835074465456076,1.05590125776958,1.27556286267283,0,0,0,1,0,0,1,0,0,1,0,1,0,0,0,1,0,0,0,1,1,0,1,0,0,1,0
0207-MDKNV,0,-0.711743458410496,1.33298374308333,-0.315492976000168,0,0,0,1,0,0,1,0,0,1,0,0,0,1,0,1,0,1,0,1,0,0,0,0,1,0,1
8208-EUMTE,0,-0.671037723571902,-0.334488698475482,-0.60816857124809,1,0,0,0,1,0,0,0,0,1,0,1,0,1,0,1,0,1,0,0,0,1,0,0,0,1,0
1964-SVLEA,0,-0.508214784217526,-1.50088981928727,-0.827806984873612,1,0,0,1,0,0,0,1,1,0,1,0,1,0,1,0,1,0,1,0,1,0,1,0,0,1,0
5937-EORGB,1,-0.711743458410496,1.04760537497576,-0.3991333913838,1,1,0,1,0,1,1,0,0,1,0,0,0,1,0,0,0,1,0,0,0,0,1,0,1,0,0
3865-QBWSJ,1,0.224488442877166,0.515009699612194,0.378173650060728,1,0,1,1,0,1,1,0,0,1,0,0,0,0,0,0,0,0,0,0,0,0,1,0,0,1,0
5909-ECHUI,0,-1.28162374615081,-0.288031754830062,-0.98571394231573,0,0,0,1,0,0,0,0,0,0,0,0,0,0,0,0,0,0,0,1,0,0,1,0,1,0,1
7416-CKTEP,0,0.997897404810452,-1.5042081724048,-0.51241017442305,0,1,0,1,0,0,0,1,1,0,1,0,1,0,1,0,1,0,1,0,0,1,1,0,0,0,0
3518-FSTWG,1,1.60848342738936,1.48065045681342,2.46723022967275,1,1,0,1,0,1,1,0,0,1,0,1,0,1,0,0,0,1,0,1,0,1,1,0,0,0,0
5515-AKOAJ,0,0.87578020029467,1.16706608720684,1.37845594060015,0,0,0,1,0,1,1,0,0,0,0,0,0,0,0,1,0,1,0,1,0,0,1,0,1,0,1
9554-DFKIC,0,-0.101157435831586,-0.347762110945602,-0.312880585073487,1,1,1,1,0,1,0,0,0,1,0,0,0,0,0,0,0,0,0,0,0,0,1,0,0,0,0
6198-ZFIOJ,0,-1.11880080679644,0.354069573411989,-0.833690352674876,0,0,0,1,0,1,1,0,0,0,0,0,0,0,0,0,0,0,0,0,0,0,0,0,1,0,0
9052-VKDUW,1,1.3235432835192,1.47567292713712,2.1628537574171,0,1,0,1,0,1,1,0,0,1,0,1,0,1,0,0,0,1,0,1,0,0,1,1,0,0,0
8515-OCTJS,0,-0.304686110024556,-1.33331298685201,-0.706539358999811,0,0,0,1,0,1,0,1,1,0,1,0,1,0,1,0,1,0,1,0,0,1,0,1,0,0,1
1269-FOYWN,0,0.46872285190873,-1.49093475993468,-0.632448439860767,1,1,1,1,0,0,0,1,1,0,1,0,1,0,1,0,1,0,1,0,1,0,0,0,0,0,0
4513-CXYIX,1,1.56777769255077,0.523305582406019,1.48167831150142,0,1,0,1,0,1,1,0,0,1,0,0,0,0,0,0,0,0,0,0,0,1,1,1,0,0,0
0810-BDHAW,0,-0.34539184486315,0.446983460702829,-0.205882321404242,0,1,1,1,0,1,0,0,0,1,0,1,0,0,0,0,0,1,0,1,1,0,0,0,1,0,0
1710-RCXUS,0,0.753662995778888,0.843526658247662,1.0156409419006,1,1,0,1,0,1,1,0,0,0,0,1,0,0,0,0,0,0,0,1,1,0,1,1,0,0,0
6794-HKIAJ,0,1.20142607900342,0.855140894159017,1.44236073041163,1,0,0,1,0,1,1,0,0,1,0,1,0,1,0,0,0,0,0,0,0,0,0,0,0,0,0
0643-OKLRP,1,0.590840056424512,0.511691346494664,0.669356450493404,0,1,0,1,0,1,1,0,0,1,0,0,0,0,0,0,0,0,0,0,0,0,0,0,1,0,1
4573-JKNAE,0,-0.833860662926278,-1.51250405519863,-0.917199050868928,1,0,1,1,0,0,0,1,1,0,1,0,1,0,1,0,1,0,1,0,0,1,0,0,0,0,0
2862-PFNIK,0,-1.28162374615081,-1.33497216341077,-0.999566200086615,1,0,1,0,1,0,0,0,0,0,0,0,0,0,0,0,0,0,0,0,0,0,1,0,1,0,0
4250-ZBWLV,0,1.44566048803499,1.44414857252059,2.14050574091827,1,0,0,1,0,1,1,0,0,0,0,1,0,1,0,1,0,1,0,1,1,0,0,0,1,0,1
2806-MLNTI,1,0.794368730617482,1.33298374308333,1.35013674484034,1,1,0,1,0,1,1,0,0,0,0,1,0,1,0,0,0,1,0,1,1,0,1,0,0,0,0
6839-ITVZJ,0,-0.263980375185962,-0.161934336363923,-0.300828462226869,0,1,1,1,0,1,0,0,0,0,0,1,0,0,0,1,0,0,0,0,0,0,1,0,1,0,1
9506-UXUSK,0,-0.793154928087684,0.173219328506606,-0.601319277389903,1,0,0,1,0,0,1,0,0,0,0,0,0,0,0,0,0,0,0,0,0,0,1,0,1,0,0
1474-JUWSM,0,1.03860313964905,0.115148148949831,0.733634439008699,0,1,0,1,0,1,0,0,0,1,0,0,0,0,0,1,0,0,0,1,1,0,1,0,1,0,0
1757-TCATG,0,0.102371238361384,-1.48927558337592,-0.682544877631226,1,1,1,1,0,0,0,1,1,0,1,0,1,0,1,0,1,0,1,0,1,0,0,0,0,0,0
7921-LMDFQ,1,0.753662995778888,0.964646547037507,1.14349442725343,1,0,0,1,0,0,1,0,0,0,0,0,0,1,0,0,0,1,0,1,1,0,1,0,0,0,0
6734-JDTTV,0,1.3235432835192,-1.49591228961098,-0.454103365168738,1,1,1,1,0,0,0,1,1,0,1,0,1,0,1,0,1,0,1,0,0,1,1,1,0,0,0
9894-QMIMJ,0,-0.386097579701744,-0.302964343858947,-0.427408681413752,0,0,0,1,0,0,0,0,0,0,0,1,0,1,0,0,0,0,0,0,1,0,0,0,0,0,0
3671-SHRSP,0,-1.15950654163503,0.519987229288489,-0.870285778513331,1,1,0,1,0,0,1,0,0,0,0,0,0,1,0,1,0,0,0,0,0,0,1,0,0,1,1
6116-RFVHN,0,0.0616655035227901,1.17868032311819,0.488816089308367,0,1,0,1,0,1,1,0,0,0,0,0,0,1,0,0,0,1,0,1,0,0,1,0,1,0,0
2157-MXBJS,0,-0.793154928087684,0.344114514059399,-0.575985671260582,1,1,0,1,0,1,0,0,0,0,0,0,0,1,0,0,0,1,0,1,1,0,1,0,0,1,1
4989-LIXVT,1,1.44566048803499,1.02769525627058,1.84486650890478,1,0,0,1,0,1,1,0,0,0,0,1,0,1,0,0,0,0,0,1,0,0,1,0,1,0,0
8882-TLVRW,0,1.48636622287358,-0.857129314486455,0.209948846101469,1,1,1,0,1,0,0,0,0,1,0,0,0,1,0,1,0,0,0,0,0,1,0,0,0,1,0
2642-MAWLJ,0,0.143076973199978,-1.48263887714086,-0.695189727830956,0,1,1,1,0,0,0,1,1,0,1,0,1,0,1,0,1,0,1,0,0,1,0,0,0,0,0
8189-DUKMV,0,-1.15950654163503,-1.47434299434703,-0.97570343590761,0,1,0,1,0,0,0,1,1,0,1,0,1,0,1,0,1,0,1,0,1,0,0,0,0,0,0
1536-YHDOE,0,-0.630331988733308,-0.0939080974545584,-0.528918728850475,1,1,1,1,0,1,0,0,0,1,0,0,0,0,0,1,0,0,0,0,1,0,1,0,0,1,0
7508-MYBOG,0,-0.75244919324909,0.702496650752638,-0.467933670074693,1,1,0,1,0,1,1,0,0,0,0,0,0,0,0,0,0,1,0,0,0,0,1,0,1,0,1
4915-BFSXL,0,1.52707195771217,0.133399091096246,1.12283678135422,1,1,1,1,0,1,0,0,0,1,0,0,0,1,0,0,0,1,0,0,0,1,0,1,0,0,0
7599-FKVXZ,0,0.387311382231542,1.3678264508174,0.970922956038012,1,1,0,1,0,1,1,0,0,0,0,0,0,1,0,1,0,1,0,1,0,0,1,0,0,0,1
7868-BGSZA,0,0.428017117070136,0.506713816818369,0.562116705309928,1,1,0,1,0,1,0,0,0,1,0,0,0,1,0,0,0,1,0,1,1,0,1,0,1,0,0
9552-TGUZV,0,-0.996683602280654,0.33415945470681,-0.72146730715227,1,1,0,1,0,0,1,0,0,1,0,0,0,0,0,0,0,0,0,0,0,0,1,0,0,1,0
3612-YUNGG,0,1.28283754868061,1.46903622090206,1.94934019310707,1,1,1,1,0,1,1,0,0,0,0,1,0,1,0,1,0,1,0,1,0,1,1,1,0,0,0
4549-ZDQYY,0,0.794368730617482,-0.231619751832053,0.325311151309078,0,0,0,1,0,0,0,0,0,1,0,0,0,1,0,1,0,0,0,0,1,0,0,1,0,0,0
0813-TAXXS,0,0.916485935133264,0.427073341997649,0.887787456547772,1,0,0,1,0,1,0,0,0,0,0,0,0,1,0,0,0,1,0,1,0,1,1,0,0,0,0
7044-YAACC,1,-1.15950654163503,0.17487850506537,-0.887321201699079,1,1,0,1,0,0,1,0,0,0,0,0,0,0,0,0,0,0,0,0,0,0,1,0,1,0,0
1213-NGCUN,0,-1.07809507195784,-0.507043060587042,-0.893028946580902,0,0,0,1,0,0,0,0,0,0,0,0,0,0,0,1,0,0,0,0,0,0,1,0,0,0,1
5240-IJOQT,1,-1.28162374615081,0.32420439535422,-0.977613335156528,1,0,0,1,0,1,1,0,0,0,0,0,0,0,0,0,0,0,0,0,0,0,1,0,1,0,1
6624-JDRDS,0,-1.07809507195784,-1.1773503903281,-0.939525114502826,0,0,0,0,1,0,0,0,0,1,0,0,0,0,0,0,0,0,0,0,0,0,0,0,0,0,0
2262-SLNVK,0,-1.28162374615081,0.17156015194784,-0.979632998730096,0,0,0,1,0,0,1,0,0,0,0,0,0,0,0,0,0,0,0,0,0,0,0,0,1,0,0
7298-IZWLY,0,-1.28162374615081,-1.51084487863986,-1.0018932037692,0,0,0,1,0,0,0,1,1,0,1,0,1,0,1,0,1,0,1,0,0,0,1,0,0,1,0
4080-IIARD,0,-0.793154928087684,0.37397969211717,-0.579498129649396,0,1,0,1,0,1,0,0,0,1,0,1,0,0,0,1,0,1,0,0,0,0,1,0,1,0,0
1918-ZBFQJ,0,-0.793154928087684,0.475189462201834,-0.522332869371449,0,0,0,1,0,0,1,0,0,0,0,1,0,1,0,0,0,0,0,0,0,0,1,0,1,0,1
9178-JHUVJ,0,-0.34539184486315,-1.35488228211595,-0.752508658163413,1,1,1,1,0,1,0,1,1,0,1,0,1,0,1,0,1,0,1,0,0,1,1,0,0,0,0
1240-HCBOH,0,1.40495475319639,-1.28851521976535,-0.237867645607379,0,0,0,1,0,1,0,1,1,0,1,0,1,0,1,0,1,0,1,0,0,1,1,0,0,1,0
8097-OMULG,0,1.07930887448764,0.392230634263584,0.983743429157182,1,1,1,1,0,0,0,0,0,0,0,1,0,1,0,1,0,1,0,1,1,0,0,1,0,0,0
6997-UVGOX,0,1.56777769255077,0.680927355488693,1.63706068947658,1,1,1,1,0,0,0,0,0,1,0,1,0,1,0,1,0,1,0,1,0,1,0,0,0,0,0
8495-LJDFO,1,1.28283754868061,1.46074033810824,2.1118572521845,0,0,0,1,0,1,1,0,0,1,0,0,0,1,0,1,0,1,0,1,0,0,1,0,0,0,0
4369-HTUIF,1,-1.07809507195784,0.670972296136103,-0.78930165978624,1,0,0,1,0,0,1,0,0,1,0,0,0,0,0,0,0,1,0,0,0,0,1,0,0,0,1
2402-TAIRZ,0,0.183782708038572,0.501736287142074,0.315146974846447,0,0,0,1,0,0,1,0,0,0,0,1,0,1,0,0,0,0,0,0,1,0,0,0,1,0,0
1766-GKNMI,0,-0.14186317067018,0.662676413342278,0.09434505937963,1,0,0,1,0,1,1,0,0,0,0,0,0,0,0,0,0,0,0,1,0,0,1,0,1,0,0
4193-IBKSW,0,1.60848342738936,-1.33331298685201,-0.233455119756432,1,1,1,1,0,1,0,1,1,0,1,0,1,0,1,0,1,0,1,0,0,1,0,0,0,0,0
6365-MTGZX,0,-0.34539184486315,1.03101360938811,-0.0785337519448066,1,0,0,1,0,0,1,0,0,0,0,0,0,0,0,1,0,1,0,1,0,0,1,0,1,0,1
7658-UYUQS,1,-0.467509049378932,0.717429239781523,-0.194971747533989,1,1,0,1,0,0,1,0,0,0,0,0,0,1,0,0,0,1,0,0,0,0,0,0,0,0,0
1635-FJFCC,0,-1.11880080679644,-0.692870835168721,-0.921655482449735,0,0,0,1,0,0,0,0,0,0,0,0,0,0,0,0,0,0,0,0,0,0,1,1,0,0,0
4159-NAAIX,0,1.24213181384202,1.07912972959229,1.73501437279463,0,0,0,1,0,1,1,0,0,0,0,1,0,0,0,0,0,1,0,1,0,1,0,0,0,0,0
0898-XCGTF,0,1.16072034416483,1.04760537497576,1.48066847971464,1,1,0,1,0,1,1,0,0,0,0,0,0,0,0,0,0,1,0,1,1,0,1,0,0,0,0
0621-CXBKL,0,0.835074465456076,-1.53407335046257,-0.568850990158304,0,0,0,1,0,0,0,1,1,0,1,0,1,0,1,0,1,0,1,0,0,1,0,0,0,1,0
0661-XEYAN,1,-1.28162374615081,-1.29847027911794,-0.999083237058153,0,0,0,0,1,0,0,0,0,0,0,0,0,0,0,0,0,0,0,0,0,0,1,0,0,1,1
3709-OIJEA,0,-0.263980375185962,0.672631472694868,-0.0512463408367082,1,0,0,1,0,0,1,0,0,0,0,1,0,1,0,1,0,0,0,0,1,0,1,0,1,0,0
0224-NIJLP,0,-0.996683602280654,-1.48595723025839,-0.937746932443489,1,1,1,1,0,0,0,1,1,0,1,0,1,0,1,0,1,0,1,0,0,1,0,0,0,1,0
3915-ODIYG,1,1.12001460932623,0.226312978387085,0.910267190236181,1,0,0,1,0,1,0,0,0,1,0,1,0,0,0,0,0,0,0,1,1,0,1,0,1,0,0
0564-MUUQK,0,-0.508214784217526,1.01442184380046,-0.169089319781416,0,1,1,1,0,1,1,0,0,0,0,0,0,1,0,1,0,0,0,1,0,0,1,0,0,0,0
6627-CFOSN,0,1.07930887448764,1.14549679194289,1.45871561478455,0,0,0,1,0,1,1,0,0,1,0,1,0,1,0,0,0,0,0,1,0,0,1,0,0,0,0
3345-JHUEO,0,-1.15950654163503,-1.48429805369962,-0.985955423829961,1,0,0,1,0,0,0,1,1,0,1,0,1,0,1,0,1,0,1,0,0,0,1,0,1,0,0
3936-QQFLL,0,-1.24091801131222,-1.49923064272851,-0.993155963527029,1,0,0,1,0,0,0,1,1,0,1,0,1,0,1,0,1,0,1,0,0,0,0,0,0,1,0
4072-IPYLT,0,0.143076973199978,-0.460586116941622,-0.213521918399913,0,1,1,1,0,0,0,0,0,1,0,0,0,0,0,0,0,0,0,0,0,0,0,1,0,0,0
2120-SMPEX,0,-0.304686110024556,-1.48595723025839,-0.774922533257033,1,0,0,1,0,0,0,1,1,0,1,0,1,0,1,0,1,0,1,0,0,0,1,0,0,1,0
8200-LGKSR,0,1.56777769255077,0.606264410344268,1.67929800160207,1,1,0,1,0,1,0,0,0,1,0,0,0,1,0,1,0,1,0,1,0,1,0,0,1,0,0
0487-RPVUM,0,1.16072034416483,1.14383761538413,1.59919199747218,1,1,0,1,0,1,1,0,0,1,0,0,0,1,0,1,0,1,0,0,0,0,0,0,0,0,0
3026-ATZYV,0,0.183782708038572,0.337477807824339,0.156954630160239,0,1,1,1,0,0,0,0,0,1,0,1,0,0,0,0,0,1,0,1,1,0,0,0,0,0,0
5020-ZSTTY,1,0.87578020029467,0.581376761962794,0.899532239285368,0,0,0,1,0,1,0,0,0,1,0,1,0,0,0,1,0,1,0,1,1,0,0,0,0,0,1
9258-CNWAC,0,1.56777769255077,1.61670293463215,2.57528223085864,0,1,1,1,0,1,1,0,0,1,0,1,0,1,0,1,0,1,0,1,0,1,0,1,0,0,0
7493-TPUWZ,0,-1.28162374615081,0.471871109084304,-0.97565953017775,1,0,0,1,0,1,1,0,0,0,0,1,0,0,0,0,0,0,0,0,0,0,1,0,1,0,1
0744-BIKKF,0,1.60848342738936,0.720747592899053,1.72263295697406,1,0,0,1,0,1,0,0,0,1,0,1,0,1,0,1,0,1,0,1,0,1,0,0,0,0,0
6267-DCFFZ,1,-0.101157435831586,0.833571598895072,0.143080419524424,0,1,0,1,0,1,1,0,0,0,0,1,0,0,0,0,0,1,0,0,0,0,1,0,1,0,0
1958-RNRKS,0,-0.101157435831586,-0.498747177793216,-0.377312243643293,1,1,0,1,0,1,0,0,0,0,0,0,0,0,0,0,0,0,0,0,0,0,0,0,1,0,0
5973-EJGDP,0,0.753662995778888,0.743976064721762,0.953492381283522,1,0,0,1,0,1,1,0,0,0,0,1,0,1,0,1,0,0,0,0,0,0,1,0,1,0,0
5934-RMPOV,0,-0.426803314540338,0.657698883665983,-0.21275356812736,0,0,1,1,0,1,1,0,0,0,0,0,0,0,0,0,0,0,0,1,0,0,1,0,1,0,0
4043-MKDTV,0,1.56777769255077,1.33796127275963,2.19108514171719,1,1,0,1,0,0,1,0,0,0,0,1,0,1,0,1,0,1,0,1,0,1,1,0,1,0,0
3441-CGZJH,0,0.428017117070136,-0.150320100452568,0.148941834460757,0,1,1,0,1,0,0,0,0,1,0,0,0,1,0,1,0,1,0,1,1,0,1,1,0,0,0
2619-WFQWU,0,-1.28162374615081,0.173219328506606,-0.979611045865165,0,0,0,1,0,0,1,0,0,0,0,0,0,0,0,0,0,0,0,0,0,0,1,0,0,1,1
7005-CYUIL,1,1.56777769255077,1.14383761538413,2.13686156533987,0,1,0,1,0,0,1,0,0,1,0,1,0,1,0,1,0,1,0,0,0,1,1,0,1,0,0
8879-ZKJOF,0,0.346605647392948,0.495099580907014,0.447588608969663,0,0,0,1,0,0,0,0,0,1,0,0,0,1,0,1,0,1,0,1,1,0,1,0,0,0,0
9903-LYSAB,0,-0.589626253894714,0.272769922032505,-0.43702403625313,1,1,0,1,0,1,1,0,0,0,0,0,0,0,0,0,0,0,0,0,0,0,1,0,1,0,0
7008-LZVOZ,0,1.3642490183578,-1.31506204470559,-0.276153442045452,1,1,1,1,0,1,0,1,1,0,1,0,1,0,1,0,1,0,1,0,0,1,1,1,0,0,0
2777-PHDEI,0,-1.28162374615081,0.435369224791474,-0.976142493206212,0,0,0,1,0,0,1,0,0,0,0,0,0,0,0,0,0,1,0,0,0,0,0,0,1,0,1
2568-OIADY,0,0.183782708038572,1.14715596850166,0.641322641977683,0,1,0,1,0,1,1,0,0,0,0,0,0,1,0,0,0,1,0,1,0,0,1,0,1,0,1
4250-FDVOU,0,-1.07809507195784,-0.288031754830062,-0.839573720476139,0,0,0,1,0,0,0,0,0,1,0,1,0,0,0,0,0,0,0,0,0,0,0,0,1,0,1
3803-KMQFW,0,-1.28162374615081,-1.47268381778827,-1.00138828787581,0,1,1,1,0,0,0,1,1,0,1,0,1,0,1,0,1,0,1,0,0,0,0,0,0,1,1
2105-PHWON,0,0.0209597686841961,0.997830078212806,0.310339297426758,0,1,0,1,0,1,1,0,0,0,0,0,0,1,0,1,0,0,0,1,0,0,1,1,0,0,0
2927-QRRQV,0,0.550134321585918,0.986215842301452,0.883023684857943,1,1,0,1,0,1,1,0,0,0,0,1,0,1,0,0,0,1,0,0,1,0,1,0,1,0,0
3090-HAWSU,0,1.16072034416483,1.54867669572278,2.00856902268844,1,0,0,1,0,1,1,0,0,1,0,0,0,1,0,1,0,1,0,1,0,1,1,1,0,0,1
6051-PTVNS,0,0.916485935133264,-1.51914076143369,-0.572187825627677,0,1,1,1,0,0,0,1,1,0,1,0,1,0,1,0,1,0,1,0,1,0,0,1,0,0,0
7627-JKIAZ,0,0.183782708038572,0.465234402849244,0.236358142612364,0,1,0,1,0,1,1,0,0,0,0,0,0,1,0,0,0,0,0,0,0,0,1,1,0,0,1
7078-NVFAM,0,-0.0197459661543978,-0.988204262628889,-0.548939741666715,0,1,1,0,1,0,0,0,0,1,0,1,0,0,0,0,0,0,0,0,0,0,1,0,1,0,0
5647-URDKA,0,-0.996683602280654,-1.50088981928727,-0.953223702219201,1,1,1,1,0,0,0,1,1,0,1,0,1,0,1,0,1,0,1,0,0,1,0,0,0,1,0
5453-YBTWV,0,1.52707195771217,1.20024961838213,2.0607070768974,1,1,1,1,0,0,1,0,0,1,0,1,0,1,0,1,0,1,0,0,0,1,1,1,0,0,0
7776-QWNFX,1,-0.101157435831586,-0.482155412205567,-0.339750891747914,1,1,0,1,0,0,0,0,0,0,0,1,0,0,0,0,0,0,0,0,0,0,1,0,0,0,1
0233-FTHAV,0,1.12001460932623,0.473530285643069,1.08169711247523,0,0,0,1,0,1,1,0,0,0,0,0,0,1,0,0,0,0,0,0,1,0,1,0,0,0,0
3727-JEZTU,0,-1.28162374615081,-1.47766134746456,-1.0014541464706,0,0,0,1,0,0,0,1,1,0,1,0,1,0,1,0,1,0,1,0,0,0,0,0,0,1,0
0177-PXBAT,1,0.0209597686841961,1.49226469272477,0.611774085781785,1,1,0,1,0,1,1,0,0,1,0,0,0,1,0,1,0,1,0,1,0,0,1,0,0,0,0
4220-TINQT,0,1.16072034416483,1.37446315705246,1.95381857755281,0,1,0,1,0,1,1,0,0,0,0,0,0,1,0,1,0,1,0,1,0,0,1,0,1,0,0
2506-CLAKW,0,-1.07809507195784,1.102358201415,-0.761267851270518,0,0,0,1,0,0,1,0,0,1,0,1,0,1,0,1,0,0,0,1,0,0,1,0,0,0,1
6976-BWGLQ,0,1.60848342738936,-1.31838039782312,-0.225661852706251,0,1,1,1,0,1,0,1,1,0,1,0,1,0,1,0,1,0,1,0,0,1,0,0,0,0,0
0620-XEFWH,0,-1.15950654163503,-1.52909582078628,-0.973442290819811,1,1,1,1,0,0,0,1,1,0,1,0,1,0,1,0,1,0,1,0,0,0,0,0,0,1,0
2000-MPKCA,0,1.03860313964905,1.42092010069788,1.77002919235812,0,0,0,1,0,1,1,0,0,1,0,1,0,1,0,0,0,1,0,1,1,0,1,0,1,0,0
5049-GLYVG,0,-1.28162374615081,-1.4710246412295,-1.00136633501088,1,0,0,1,0,0,0,1,1,0,1,0,1,0,1,0,1,0,1,0,0,0,0,0,0,1,1
6326-MTTXK,0,-0.996683602280654,1.19195373558831,-0.650581506293019,1,0,0,1,0,1,1,0,0,0,0,1,0,0,0,0,0,1,0,1,0,0,0,0,1,0,1
4558-CGYCZ,0,-1.15950654163503,-1.49923064272851,-0.976032728881561,1,0,0,1,0,0,0,1,1,0,1,0,1,0,1,0,1,0,1,0,0,0,0,0,0,1,0
2499-AJYUA,1,1.60848342738936,1.52212987078254,2.45034847654152,0,1,0,1,0,1,1,0,0,0,0,1,0,1,0,1,0,1,0,1,0,1,1,1,0,0,0
6867-ACCZI,0,-0.34539184486315,-0.412469996737437,-0.479963840056381,0,1,1,0,1,0,0,0,0,1,0,1,0,1,0,1,0,0,0,1,0,1,1,0,0,1,0
2575-GFSOE,0,-1.03738933711925,0.13505826765501,-0.787852770700854,0,1,1,1,0,0,1,0,0,0,0,0,0,0,0,0,0,0,0,0,0,0,1,0,1,0,1
9518-XXBXE,1,-0.915272132603466,0.344114514059399,-0.694092084584451,1,1,0,1,0,0,1,0,0,1,0,0,0,0,0,0,0,0,0,0,0,0,0,0,1,0,0
2516-VQRRV,1,-1.24091801131222,0.349092043735695,-0.940864239263561,0,0,0,1,0,1,1,0,0,0,0,0,0,0,0,0,0,0,0,0,0,0,1,0,0,1,1
2074-GUHPQ,0,-0.630331988733308,0.921507956509617,-0.326864560033953,0,0,1,1,0,1,1,0,0,0,0,1,0,1,0,1,0,0,0,0,0,0,1,1,0,0,0
0872-CASZJ,0,1.07930887448764,0.13837662077254,0.788362931279406,1,1,0,1,0,1,0,0,0,1,0,0,0,0,0,1,0,0,0,1,1,0,1,0,0,1,0
5038-ETMLM,0,1.60848342738936,1.61670293463215,2.58228519477134,0,1,0,1,0,1,1,0,0,1,0,1,0,1,0,1,0,1,0,1,0,1,1,0,0,0,0
1265-XTECC,1,1.44566048803499,1.04926455153452,1.87942031830474,0,1,0,1,0,1,1,0,0,1,0,1,0,0,0,0,0,0,0,1,1,0,1,1,0,0,1
2819-GWENI,0,-0.182568905508774,-1.49425311305221,-0.772002802221331,0,1,1,1,0,0,0,1,1,0,1,0,1,0,1,0,1,0,1,0,1,0,0,0,0,1,0
2027-DNKIV,0,0.183782708038572,-0.205072926891813,-0.0431237808125759,1,1,1,1,0,0,0,0,0,1,0,0,0,1,0,1,0,0,0,0,1,0,1,0,0,1,0
4644-OBGFZ,0,0.916485935133264,-1.50752652552233,-0.559784456942178,1,1,1,1,0,0,0,1,1,0,1,0,1,0,1,0,1,0,1,0,1,0,0,0,0,1,0
1216-BGTSP,0,0.509428586747324,1.44414857252059,1.169376855006,1,0,0,1,0,1,1,0,0,1,0,0,0,1,0,1,0,1,0,1,0,0,1,1,0,0,0
4833-QTJNO,1,1.40495475319639,0.627833705608213,1.44339251506335,1,1,0,1,0,1,1,0,0,1,0,1,0,0,0,0,0,0,0,0,0,0,0,0,0,0,0
3197-NNYNB,0,1.3235432835192,1.33298374308333,1.9013512303699,1,0,0,1,0,1,1,0,0,0,0,1,0,1,0,0,0,1,0,1,0,1,0,1,0,0,0
9481-WHGWY,0,1.52707195771217,0.345773690618164,1.37707291010955,0,1,1,1,0,0,0,0,0,1,0,0,0,0,0,1,0,1,0,1,0,1,0,1,0,0,0
5115-SQAAU,0,1.48636622287358,-1.305106985353,-0.27569243188192,0,1,1,1,0,1,0,1,1,0,1,0,1,0,1,0,1,0,1,0,0,1,1,0,0,0,0
2799-TSLAG,0,1.3235432835192,-1.31506204470559,-0.242697275891999,0,1,1,1,0,1,0,1,1,0,1,0,1,0,1,0,1,0,1,0,0,1,1,0,0,0,0
1298-PHBTI,0,1.56777769255077,0.659358060224748,1.69084520855529,1,1,1,1,0,1,1,0,0,0,0,1,0,0,0,1,0,0,0,0,0,1,1,0,1,0,0
7781-EWARA,0,1.52707195771217,-0.151979277011333,0.806715526360959,1,1,1,0,1,0,0,0,0,0,0,1,0,1,0,1,0,1,0,1,1,0,0,0,1,0,0
7018-FPXHH,0,0.957191669971858,-0.170230219157748,0.507607741688521,1,1,1,1,0,0,0,0,0,1,0,1,0,1,0,0,0,0,0,0,0,1,1,0,0,0,0
2270-CHBFN,0,0.46872285190873,1.00114843133034,0.772403198475233,0,1,0,1,0,1,1,0,0,1,0,1,0,1,0,1,0,0,0,0,0,0,1,1,0,0,0
8791-GFXLZ,0,-0.833860662926278,-0.526953179292221,-0.750027984426314,1,0,0,1,0,0,0,0,0,0,0,1,0,0,0,0,0,0,0,0,0,0,1,0,0,0,0
9828-AOQLM,0,-1.28162374615081,-0.638118008729476,-0.990345996815978,0,1,1,1,0,0,0,0,0,0,0,0,0,0,0,0,0,0,0,0,0,0,1,0,1,0,1
3023-GFLBR,0,0.0209597686841961,0.704155827311403,0.19510870940873,0,1,1,1,0,1,1,0,0,0,0,0,0,0,0,0,0,0,0,1,0,0,0,1,0,0,1
0637-YLETY,0,-0.671037723571902,1.01774019691799,-0.327391428792275,0,0,0,1,0,1,1,0,0,0,0,1,0,1,0,0,0,0,0,1,0,0,1,1,0,0,1
5019-GQVCR,1,0.428017117070136,0.661017236783513,0.59021637242044,1,0,0,1,0,1,1,0,0,0,0,0,0,0,0,0,0,1,0,0,0,0,1,0,1,0,0
2616-UUTFK,0,0.0209597686841961,0.259496509562385,0.0641598701007601,1,1,0,1,0,1,0,0,0,1,0,1,0,1,0,0,0,1,0,0,0,0,1,0,0,0,0
3640-PHQXK,0,-0.0604517009929918,0.828594069218777,0.221979016083157,0,0,0,1,0,1,1,0,0,0,0,0,0,1,0,0,0,0,0,1,0,0,1,0,1,0,1
1389-CXMLU,1,-1.20021227647362,0.866755130070372,-0.883479450336314,1,0,0,1,0,1,1,0,0,0,0,0,0,1,0,0,0,1,0,0,0,0,0,0,1,0,1
0112-QWPNC,0,0.6722515261017,0.644425471195863,0.771876329716911,1,1,0,1,0,1,0,0,0,1,0,0,0,1,0,1,0,1,0,1,1,0,0,0,1,0,1
4816-JBHOV,1,-1.24091801131222,-0.671301539904776,-0.969271246483094,1,0,0,1,0,0,0,0,0,0,0,0,0,0,0,0,0,0,0,0,0,0,1,0,1,0,1
1567-DSCIC,0,-0.996683602280654,0.964646547037507,-0.670734236298839,1,0,0,1,0,1,1,0,0,0,0,1,0,1,0,0,0,1,0,0,0,0,1,0,1,0,1
9526-JAWYF,0,-0.263980375185962,0.825275716101247,0.0149195940625747,1,0,0,1,0,0,1,0,0,0,0,1,0,1,0,0,0,1,0,0,0,0,0,0,1,0,1
1029-QFBEN,0,-1.28162374615081,-1.50586734896357,-1.00182734517441,1,0,0,1,0,0,0,1,1,0,1,0,1,0,1,0,1,0,1,0,0,0,0,0,0,1,1
6614-YOLAC,0,1.56777769255077,-0.208391280009343,0.809591351666801,0,1,1,0,1,0,0,0,0,1,0,1,0,0,0,1,0,1,0,1,0,1,0,0,0,1,0
9880-TDQAC,0,1.60848342738936,-0.163593512922688,0.861729405875758,0,1,1,0,1,0,0,0,0,0,0,1,0,1,0,1,0,1,0,1,0,1,1,0,1,0,0
9251-WNSOD,0,1.40495475319639,0.337477807824339,1.21317282054152,0,1,0,1,0,1,0,0,0,1,0,1,0,1,0,0,0,0,0,1,1,0,0,0,0,1,0
0557-ASKVU,0,-0.589626253894714,-0.349421287504367,-0.590189174870349,0,1,1,1,0,0,0,0,0,0,0,0,0,1,0,1,0,0,0,0,1,0,1,1,0,0,0
9114-VEPUF,0,1.20142607900342,1.03433196250564,1.62456950933136,1,1,0,1,0,1,1,0,0,1,0,1,0,0,0,0,0,0,0,1,1,0,0,0,1,0,0
7813-ZGGAW,1,-0.0604517009929918,1.05092372809329,0.253174037148811,1,0,0,1,0,1,1,0,0,0,0,0,0,1,0,1,0,1,0,0,0,0,1,0,0,0,0
5345-BMKWB,0,-0.996683602280654,-1.48263887714086,-0.940886192128492,1,1,0,1,0,0,0,1,1,0,1,0,1,0,1,0,1,0,1,0,0,0,0,0,0,1,0
0562-KBDVM,0,1.52707195771217,-0.674619893022306,0.332292162356845,0,0,0,0,1,0,0,0,0,1,0,1,0,1,0,1,0,0,0,0,0,1,1,0,0,0,0
9955-QOPOY,0,1.48636622287358,-0.137046687982448,0.861465971496597,1,1,0,0,1,0,0,0,0,0,0,1,0,1,0,1,0,1,0,1,1,0,1,1,0,0,0
5797-APWZC,0,-1.28162374615081,0.851822541041487,-0.97063232410876,0,0,0,1,0,0,1,0,0,0,0,0,0,0,0,0,0,1,0,1,0,0,0,0,1,0,1
7673-LPRNY,0,-0.386097579701744,0.451960990379124,-0.201206361174134,0,0,0,1,0,1,0,0,0,1,0,0,0,1,0,0,0,1,0,1,1,0,1,0,1,0,0
4723-BEGSG,0,1.60848342738936,0.720747592899053,1.6653140266416,1,1,0,1,0,1,0,0,0,1,0,0,0,1,0,1,0,1,0,1,0,1,0,1,0,0,0
8329-GWVPJ,0,0.712957260940294,0.159945916036485,0.551623235873346,0,1,1,1,0,0,1,0,0,0,0,0,0,0,0,0,0,0,0,0,0,0,1,0,0,0,0
8782-LKFPK,0,0.46872285190873,0.845185834806427,0.773478888856807,1,0,0,1,0,1,1,0,0,0,0,0,0,1,0,0,0,0,0,1,0,0,1,0,0,1,0
7463-IFMQU,0,1.60848342738936,-1.48927558337592,-0.385346992207705,0,1,0,1,0,0,0,1,1,0,1,0,1,0,1,0,1,0,1,0,0,1,0,0,0,0,0
7421-ZLUPA,0,-0.996683602280654,-1.18398709656316,-0.910766861444412,0,0,0,0,1,0,0,0,0,0,0,1,0,0,0,0,0,0,0,0,0,0,1,0,0,1,0
8898-KASCD,0,0.26519417771576,-0.974930850158769,-0.435619052897605,1,0,0,0,1,0,0,0,0,0,0,0,0,1,0,1,0,0,0,0,1,0,0,0,0,1,0
5843-TTHGI,0,-0.589626253894714,-0.495428824675686,-0.618464464900301,0,0,0,1,0,0,0,0,0,0,0,0,0,1,0,0,0,0,0,0,0,0,1,0,0,1,0
0111-KLBQG,1,-0.0197459661543978,0.962987370478742,0.245929591721882,1,1,1,1,0,0,1,0,0,0,0,1,0,0,0,0,0,1,0,1,0,0,1,0,0,1,0
9571-EDEBV,0,1.56777769255077,1.11894996700265,2.04667919620708,1,1,0,1,0,1,1,0,0,0,0,0,0,1,0,0,0,1,0,1,1,0,1,1,0,0,0
8835-VSDSE,0,-1.24091801131222,0.19147027065302,-0.948306260474861,0,1,0,1,0,0,1,0,0,0,0,0,0,0,0,0,0,0,0,0,0,0,1,0,1,0,1
9625-RZFUK,0,1.24213181384202,-1.50088981928727,-0.450239660941043,1,1,1,1,0,0,0,1,1,0,1,0,1,0,1,0,1,0,1,0,0,1,0,0,0,1,0
3397-AVTKU,0,0.428017117070136,-0.163593512922688,0.108548562989397,1,0,0,1,0,0,0,0,0,0,0,1,0,0,0,0,0,0,0,1,0,1,1,0,1,0,0
7621-VPNET,0,0.387311382231542,0.695859944517578,0.627163044097776,0,1,0,1,0,1,1,0,0,0,0,0,0,1,0,1,0,0,0,0,0,0,1,1,0,0,0
1535-VTJOQ,0,-0.34539184486315,-1.32003957438189,-0.767612229235313,0,0,0,1,0,1,0,1,1,0,1,0,1,0,1,0,1,0,1,0,0,1,0,1,0,0,0
9995-HOTOH,0,1.24213181384202,-0.196777044097988,0.617437924933748,1,1,1,0,1,0,0,0,0,1,0,1,0,1,0,0,0,1,0,1,0,1,0,0,1,0,0
4732-RRJZC,0,-1.03738933711925,-1.48263887714086,-0.947032994308916,1,1,1,1,0,0,0,1,1,0,1,0,1,0,1,0,1,0,1,0,0,0,0,0,0,1,0
5616-PRTNT,0,-0.508214784217526,-1.51084487863986,-0.845983957035725,1,0,1,1,0,0,0,1,1,0,1,0,1,0,1,0,1,0,1,0,0,0,1,0,1,0,1
0129-QMPDR,0,0.46872285190873,-1.47434299434703,-0.630604399206639,1,1,1,1,0,0,0,1,1,0,1,0,1,0,1,0,1,0,1,0,1,0,1,0,0,0,0
4134-BSXLX,0,-0.182568905508774,-0.133728334864918,-0.226408250113874,1,1,0,1,0,0,0,0,0,1,0,1,0,0,0,1,0,0,0,0,0,0,0,0,0,1,0
9489-UTFKA,1,-0.996683602280654,-0.133728334864918,-0.768073239398845,1,1,0,1,0,0,0,0,0,1,0,0,0,0,0,0,0,1,0,0,0,0,0,0,0,0,0
8707-HOEDG,0,1.52707195771217,1.50221975207736,2.36585189942561,0,1,1,1,0,1,1,0,0,0,0,1,0,1,0,1,0,1,0,1,0,1,1,0,1,0,0
0336-PIKEI,1,1.60848342738936,0.31424933600163,1.34326549811722,1,1,0,1,0,0,0,0,0,1,0,1,0,1,0,1,0,1,0,0,0,1,0,0,0,0,0
1928-BXYIV,0,-1.28162374615081,-0.125432452071093,-0.983562561552581,1,0,0,1,0,1,0,0,0,1,0,1,0,0,0,0,0,0,0,0,0,0,0,0,1,0,0
3873-WOSBC,0,1.40495475319639,-1.305106985353,-0.226737543087825,1,1,0,1,0,1,0,1,1,0,1,0,1,0,1,0,1,0,1,0,0,1,0,1,0,0,0
5198-HQAEN,0,0.102371238361384,0.821957362983717,0.379468869091602,1,1,1,1,0,0,1,0,0,0,0,1,0,0,0,1,0,1,0,0,1,0,1,0,1,0,0
7779-ORAEL,1,0.509428586747324,0.339136984383105,0.517662153826501,1,1,0,1,0,1,0,0,0,1,0,0,0,1,0,1,0,0,0,1,0,1,0,1,0,0,0
6319-QSUSR,0,-0.874566397764872,-1.50088981928727,-0.915486727404381,0,0,1,1,0,0,0,1,1,0,1,0,1,0,1,0,1,0,1,0,0,0,0,1,0,0,0
8313-KTIHG,0,-1.15950654163503,-0.120454922394798,-0.900910025090803,1,0,0,1,0,0,0,0,0,0,0,0,0,0,0,1,0,1,0,0,0,0,1,0,1,0,0
3243-ZHOHY,0,-0.671037723571902,-1.48761640681715,-0.880384096381171,0,0,0,1,0,0,0,1,1,0,1,0,1,0,1,0,1,0,1,0,1,0,0,0,0,1,0
1237-WIYYZ,0,-0.589626253894714,-1.50586734896357,-0.839507861881349,0,0,0,1,0,0,0,1,1,0,1,0,1,0,1,0,1,0,1,0,0,0,1,0,0,1,0
1374-DMZUI,1,-1.15950654163503,0.974601606390096,-0.824053044970568,0,0,0,1,0,1,1,0,0,0,0,0,0,0,0,0,0,1,0,1,0,0,1,0,1,0,1
7813-TKCVO,0,-0.508214784217526,-1.47932052402333,-0.837795538416802,0,1,0,1,0,0,0,1,1,0,1,0,1,0,1,0,1,0,1,0,1,0,0,0,0,1,0
6352-GIGGQ,0,1.40495475319639,0.792092184925947,1.58141017687881,1,0,0,1,0,1,0,0,0,1,0,1,0,1,0,1,0,1,0,1,1,0,1,0,0,0,0
5996-NRVXR,1,0.305899912554354,1.102358201415,0.797100171521581,1,1,0,1,0,0,1,0,0,1,0,1,0,1,0,1,0,1,0,0,1,0,1,1,0,0,0
5955-EPOAZ,0,-1.07809507195784,-1.45941040531815,-0.962334141165187,0,0,0,1,0,0,0,1,1,0,1,0,1,0,1,0,1,0,1,0,0,0,1,0,0,1,0
6300-BWMJX,0,1.07930887448764,0.943077251773561,1.35457122355622,0,1,0,1,0,1,1,0,0,0,0,0,0,1,0,1,0,1,0,0,0,0,0,0,1,0,0
3933-DQPWX,0,0.712957260940294,-0.837219195781275,-0.161822921489557,0,0,0,0,1,0,0,0,0,0,0,1,0,1,0,1,0,0,0,0,0,1,0,1,0,0,0
6877-TJMBR,0,-1.28162374615081,0.659358060224748,-0.97317885644065,1,1,0,1,0,0,1,0,0,0,0,0,0,0,0,1,0,1,0,0,0,0,1,0,1,0,1
3638-DIMPH,0,-0.793154928087684,-0.701166717962546,-0.750203607345754,0,1,0,1,0,0,0,0,0,0,0,0,0,0,0,0,0,0,0,0,1,0,0,0,1,0,0
3486-KHMLI,0,-0.467509049378932,-1.33497216341077,-0.805305298320273,1,0,1,1,0,1,0,1,1,0,1,0,1,0,1,0,1,0,1,0,0,0,0,0,0,1,0
0337-CNPZE,0,0.346605647392948,1.37280398049369,0.940518238109841,0,0,0,1,0,1,1,0,0,0,0,1,0,1,0,0,0,1,0,1,0,0,1,0,1,0,1
2133-TSRRM,0,0.0616655035227901,1.34127962587716,0.609095836260314,0,0,1,1,0,0,1,0,0,1,0,1,0,1,0,0,0,1,0,1,0,0,1,0,0,0,0
0468-YRPXN,0,-0.14186317067018,1.12392749667895,0.222066827542877,1,0,0,1,0,0,1,0,0,0,0,0,0,1,0,1,0,1,0,1,0,0,1,1,0,0,0
4795-WRNVT,0,0.305899912554354,0.00564249607134094,0.124991258822032,0,0,0,1,0,0,0,0,0,1,0,1,0,0,0,0,0,1,0,0,0,0,0,0,0,1,0
7153-OANIO,0,-1.28162374615081,0.166582622271545,-0.979698857324886,1,0,0,1,0,0,1,0,0,0,0,0,0,0,0,0,0,0,0,0,0,0,0,0,1,0,1
3545-CNWRG,0,0.6722515261017,1.10899490765006,1.13622802896157,0,1,1,1,0,1,1,0,0,0,0,1,0,0,0,0,0,1,0,1,0,0,1,0,1,0,0
6131-FOYAS,0,0.102371238361384,-0.176866925392808,-0.0906297805212845,1,0,0,1,0,1,0,0,0,1,0,0,0,1,0,0,0,0,0,0,0,0,1,0,1,0,0
5515-RUGKN,0,-0.996683602280654,-0.337807051593012,-0.818081865709584,1,0,0,1,0,0,0,0,0,0,0,0,0,0,0,0,0,0,0,1,0,0,1,1,0,0,0
7799-DSEWS,0,-0.589626253894714,0.113488972391065,-0.439724238639531,1,0,0,1,0,0,0,0,0,1,0,0,0,1,0,1,0,1,0,0,0,0,1,0,1,0,0
7516-GMHUV,1,0.712957260940294,1.33132456652457,1.25657363450831,1,1,0,1,0,1,1,0,0,1,0,0,0,1,0,0,0,1,0,1,0,1,1,1,0,0,0
5307-DZCVC,1,-0.0197459661543978,0.697519121076343,0.143695099742466,0,1,0,1,0,1,1,0,0,0,0,0,0,0,0,0,0,1,0,0,0,0,1,1,0,0,1
7811-JIVPF,0,-0.386097579701744,-0.505383884028276,-0.535680211248942,0,0,0,1,0,0,0,0,0,0,0,0,0,1,0,0,0,0,0,0,0,0,0,1,0,0,0
9837-BMCLM,0,-1.20021227647362,0.450301813820359,-0.904137096235526,1,0,0,1,0,0,1,0,0,0,0,0,0,0,0,0,0,1,0,0,0,0,1,0,1,0,1
4000-VGMQP,0,0.224488442877166,0.465234402849244,0.246412554750344,1,1,1,1,0,1,0,0,0,0,0,1,0,1,0,0,0,1,0,1,1,0,0,1,0,0,0
1810-BOHSY,0,0.753662995778888,1.04428702185823,1.14582143093602,1,1,0,1,0,1,1,0,0,1,0,1,0,0,0,0,0,0,0,1,1,0,1,1,0,0,0
4482-FTFFX,0,-1.11880080679644,-0.291350107947592,-0.8824476656846,1,0,0,1,0,0,0,0,0,0,0,0,0,1,0,1,0,0,0,0,0,0,0,0,1,0,0
6728-VOIFY,0,1.24213181384202,1.03101360938811,1.67211941476993,0,1,0,1,0,0,1,0,0,0,0,1,0,0,0,0,0,1,0,1,1,0,1,0,1,0,0
8644-XLFBW,1,-1.28162374615081,0.222994625269555,-0.978952459917263,1,0,0,1,0,0,1,0,0,0,0,0,0,0,0,0,0,0,0,0,0,0,1,0,1,0,1
3694-DELSO,0,-1.15950654163503,-0.87538025663287,-0.941874071050346,1,1,1,0,1,0,0,0,0,1,0,0,0,0,0,0,0,1,0,0,0,0,0,1,0,0,0
4445-KWOKW,0,0.387311382231542,-0.158615983246393,0.0528102389319051,0,0,0,1,0,1,0,0,0,1,0,1,0,0,0,0,0,0,0,0,1,0,1,0,0,0,0
6463-HHXJR,0,1.56777769255077,1.18033949967696,2.07644728105227,0,1,1,1,0,1,1,0,0,1,0,1,0,1,0,0,0,1,0,0,0,1,0,0,0,0,0
9117-SHLZX,0,-1.28162374615081,-0.638118008729476,-0.990345996815978,1,0,0,1,0,0,0,0,0,0,0,0,0,0,0,0,0,0,0,0,0,0,1,0,0,1,1
7016-NVRIC,1,-0.14186317067018,0.835230775453837,0.156032609833175,1,1,0,1,0,0,1,0,0,1,0,0,0,1,0,0,0,0,0,1,1,0,0,0,0,0,0
5899-OUVKV,0,-0.0604517009929918,0.981238312625156,0.297628588632237,1,0,0,1,0,0,1,0,0,0,0,1,0,0,0,0,0,1,0,1,0,0,1,0,1,0,0
4283-IVYCI,0,-0.955977867442059,0.000664966395046246,-0.769895327188043,1,0,0,1,0,0,0,0,0,1,0,0,0,0,0,1,0,0,0,1,0,0,0,0,0,1,0
8679-JOEVF,1,-0.671037723571902,-0.183503631627868,-0.560860147323752,0,0,0,1,0,0,0,0,0,0,0,0,0,0,0,1,0,1,0,0,0,0,0,0,1,0,1
6579-JPICP,0,-1.28162374615081,-1.47766134746456,-1.0014541464706,1,0,0,1,0,0,0,1,1,0,1,0,1,0,1,0,1,0,1,0,0,0,0,0,0,1,0
3976-BWUCK,0,-0.101157435831586,0.967964900155036,0.220903325701583,0,1,0,1,0,1,1,0,0,0,0,1,0,0,0,1,0,1,0,0,0,0,1,1,0,0,1
9732-OUYRN,0,0.6722515261017,-1.52411829110998,-0.607048975136656,0,1,0,1,0,0,0,1,1,0,1,0,1,0,1,0,1,0,1,0,1,0,0,1,0,0,0
1684-FLBGS,0,-0.386097579701744,0.15165003324266,-0.285044352342137,0,1,1,1,0,1,0,0,0,0,0,1,0,0,0,1,0,1,0,0,0,0,1,1,0,0,0
6996-KNSML,0,-1.28162374615081,0.33084110158928,-0.977525523696807,0,0,0,1,0,0,1,0,0,0,0,0,0,1,0,0,0,0,0,0,0,0,1,0,1,0,1
8865-TNMNX,0,-0.915272132603466,-0.510361413704572,-0.801551358417228,1,1,1,1,0,0,0,0,0,0,0,1,0,0,0,0,0,0,0,0,1,0,0,0,0,1,0
5549-ZGHFB,0,0.712957260940294,-1.32667628061695,-0.456562086040908,1,1,1,1,0,1,0,1,1,0,1,0,1,0,1,0,1,0,1,0,0,1,0,0,0,1,0
5334-JLAXU,0,1.12001460932623,0.967964900155036,1.39382294605121,0,1,0,1,0,1,1,0,0,1,0,1,0,0,0,0,0,0,0,1,0,0,1,1,0,0,0
8073-IJDCM,0,-1.28162374615081,-1.48097970058209,-1.00149805220046,0,0,0,1,0,0,0,1,1,0,1,0,1,0,1,0,1,0,1,0,0,0,1,0,0,1,1
4662-EKDPQ,0,-1.24091801131222,-0.0955672740133235,-0.958470436937491,1,0,0,1,0,1,0,0,0,0,0,0,0,0,0,0,0,0,0,1,0,0,0,0,0,0,1
0265-EDXBD,1,-0.0197459661543978,0.33084110158928,0.000891713372248885,1,1,0,1,0,1,1,0,0,0,0,0,0,0,0,0,0,0,0,0,0,0,1,0,1,0,1
6147-CBCRA,0,0.0209597686841961,-1.48927558337592,-0.71648400681314,0,1,0,1,0,0,0,1,1,0,1,0,1,0,1,0,1,0,1,0,0,0,0,0,0,1,0
7826-VVKWT,1,-0.34539184486315,1.04926455153452,-0.0166266728419607,0,1,1,1,0,0,1,0,0,0,0,0,0,1,0,0,0,1,0,1,0,1,1,0,1,0,0
2403-BCASL,1,0.346605647392948,1.56029093163414,0.98067002806697,1,1,1,1,0,1,1,0,0,0,0,1,0,1,0,1,0,1,0,1,1,0,1,0,1,0,1
1862-SKORY,1,0.305899912554354,-0.850492608251395,-0.291498494631582,0,1,0,0,1,0,0,0,0,0,0,1,0,0,0,0,0,1,0,0,0,0,1,0,1,0,1
9650-VBUOG,0,0.224488442877166,-1.32335792749942,-0.587181632374927,1,1,1,1,0,1,0,1,1,0,1,0,1,0,1,0,1,0,1,0,0,1,0,1,0,0,0
1891-QRQSA,1,1.28283754868061,1.54867669572278,2.1064568474117,1,1,1,1,0,1,1,0,0,1,0,0,0,1,0,1,0,1,0,1,0,1,1,0,0,0,0
0993-OSGPT,1,1.44566048803499,-0.142024217658743,0.735236998148596,0,1,0,1,0,0,0,0,0,0,0,1,0,1,0,1,0,0,0,0,1,0,1,0,0,0,0
6559-ILWKJ,0,1.56777769255077,-0.516998119939631,0.532985253547702,1,1,0,0,1,0,0,0,0,0,0,1,0,0,0,0,0,1,0,1,0,1,0,0,1,0,1
4097-YODCF,0,0.0616655035227901,1.28984515255545,0.513469156624855,1,0,1,1,0,1,1,0,0,1,0,1,0,0,0,0,0,1,0,1,1,0,1,0,1,0,0
4325-NFSKC,1,-0.54892051905612,0.851822541041487,-0.281575799683183,1,0,0,1,0,1,1,0,0,1,0,0,0,0,0,0,0,1,0,0,0,0,1,0,1,0,1
6380-ARCEH,0,-1.28162374615081,-1.48429805369962,-1.00154195793032,1,0,0,1,0,0,0,1,1,0,1,0,1,0,1,0,1,0,1,0,0,0,0,0,0,1,0
0365-BZUWY,0,-0.630331988733308,1.24836573858632,-0.245353572548539,1,1,0,1,0,1,1,0,0,0,0,1,0,1,0,0,0,1,0,1,0,0,1,0,1,0,0
6353-BRMMA,0,0.87578020029467,1.29980021190803,1.46841878108365,0,1,1,1,0,1,1,0,0,1,0,1,0,0,0,0,0,1,0,1,0,0,1,0,0,0,0
0384-LPITE,0,0.305899912554354,-0.0955672740133235,0.0923034429411321,1,0,0,0,1,0,0,0,0,1,0,1,0,1,0,0,0,1,0,1,1,0,0,1,0,0,0
1557-EMYVT,0,0.428017117070136,1.66315987827757,1.13881846702332,0,0,0,1,0,1,1,0,0,1,0,1,0,1,0,1,0,1,0,1,0,1,0,1,0,0,0
5899-MQZZL,0,-0.793154928087684,0.33415945470681,-0.571595098274565,0,0,0,1,0,1,1,0,0,0,0,0,0,0,0,0,0,0,0,0,0,0,1,0,0,1,1
8042-RNLKO,0,1.3642490183578,-1.3100845150293,-0.264386706442925,1,0,0,1,0,1,0,1,1,0,1,0,1,0,1,0,1,0,1,0,1,0,0,0,0,0,0
3669-OYSJI,0,-1.28162374615081,-0.621526243141826,-0.990126468166677,1,0,0,1,0,0,0,0,0,0,0,0,0,0,0,0,0,0,0,0,0,0,0,1,0,0,1
6519-CFDBX,0,-1.24091801131222,-0.648073068082066,-0.974869227040267,0,0,0,1,0,0,0,0,0,0,0,0,0,0,0,0,0,0,0,0,0,0,1,0,1,0,0
3417-TSCIC,0,-0.14186317067018,-1.32999463373448,-0.664411811198974,1,0,0,0,1,0,0,0,0,0,0,0,0,0,0,0,0,0,0,0,1,0,1,0,0,1,0
3393-FMZPV,0,-0.304686110024556,1.17204361688313,0.0379481493742361,0,0,0,1,0,1,1,0,0,0,0,1,0,0,0,0,0,1,0,1,0,0,1,0,1,0,1
0623-IIHUG,1,-0.467509049378932,-0.764215427195615,-0.641558878806753,0,0,0,0,1,0,0,0,0,1,0,0,0,0,0,0,0,1,0,0,0,0,1,0,1,0,1
2921-XWDJH,1,0.224488442877166,0.614560293138093,0.3713682619324,0,1,0,1,0,0,1,0,0,1,0,0,0,0,0,0,0,0,0,1,0,0,1,0,1,0,0
0661-KQHNK,0,-1.07809507195784,-1.52411829110998,-0.964090370359594,0,1,1,1,0,0,0,1,1,0,1,0,1,0,1,0,1,0,1,0,1,0,0,1,0,0,0
4088-YLDSU,0,0.916485935133264,1.3014593884668,1.51111710337267,1,1,0,1,0,1,1,0,0,0,0,0,0,1,0,1,0,1,0,1,1,0,1,0,1,0,1
6103-LIANB,0,1.07930887448764,1.14715596850166,1.56323320471669,1,1,1,1,0,1,1,0,0,0,0,0,0,1,0,0,0,1,0,1,0,1,1,1,0,0,0
2821-WARNZ,0,0.6722515261017,-1.5091857020811,-0.605907426160291,0,0,1,1,0,0,0,1,1,0,1,0,1,0,1,0,1,0,1,0,1,0,0,1,0,0,0
3146-JTQHR,0,-0.915272132603466,-1.5042081724048,-0.927231510141977,1,1,0,1,0,0,0,1,1,0,1,0,1,0,1,0,1,0,1,0,1,0,0,0,0,0,0
7703-ZEKEF,0,-0.386097579701744,0.533260641758609,-0.168694168212675,1,0,0,1,0,1,1,0,0,0,0,0,0,1,0,0,0,0,0,0,0,0,1,0,1,0,1
0670-KDOMA,0,-1.28162374615081,-1.48263887714086,-1.00152000506539,0,0,0,1,0,0,0,1,1,0,1,0,1,0,1,0,1,0,1,0,0,0,1,0,0,1,0
5150-LJNSR,0,-0.0604517009929918,1.09903984829747,0.342807584658357,1,1,1,1,0,1,1,0,0,1,0,0,0,1,0,0,0,1,0,0,1,0,0,0,0,0,0
4295-YURET,1,0.957191669971858,0.25451897988609,0.782852762181955,0,1,1,1,0,0,0,0,0,1,0,0,0,0,0,1,0,1,0,1,0,1,1,1,0,0,0
9479-HYNYL,0,1.56777769255077,0.523305582406019,1.4944329260258,0,1,0,1,0,0,0,0,0,0,0,1,0,1,0,1,0,1,0,1,0,1,1,1,0,0,0
2933-XEUJM,0,0.550134321585918,0.473530285643069,0.567473204352869,0,0,0,1,0,1,0,0,0,1,0,0,0,1,0,0,0,1,0,1,0,1,0,0,0,1,0
9947-OTFQU,1,-0.711743458410496,0.31424933600163,-0.538731659474224,1,0,0,1,0,0,1,0,0,0,0,1,0,0,0,0,0,0,0,0,0,0,1,0,1,0,1
2303-PJYHN,0,-1.24091801131222,-1.49591228961098,-0.987579935834787,0,1,0,1,0,0,0,1,1,0,1,0,1,0,1,0,1,0,1,0,0,0,0,0,0,0,0
7161-DFHUF,0,1.56777769255077,-1.36317816490978,-0.276263206370102,0,1,0,1,0,1,0,1,1,0,1,0,1,0,1,0,1,0,1,0,0,1,0,0,0,1,0
1106-HRLKZ,0,0.305899912554354,-1.5042081724048,-0.655235513658197,1,1,1,1,0,0,0,1,1,0,1,0,1,0,1,0,1,0,1,0,0,1,0,0,0,1,0
7845-URHJN,0,-0.996683602280654,-1.48595723025839,-0.941808212455555,0,1,0,1,0,0,0,1,1,0,1,0,1,0,1,0,1,0,1,0,0,0,0,0,0,0,1
5392-AKEMH,0,-0.833860662926278,-0.659687303993421,-0.780740042463506,0,0,0,1,0,0,0,0,0,0,0,0,0,0,0,0,0,0,0,0,0,0,1,0,1,0,0
5150-ITWWB,1,-1.20021227647362,0.992852548536511,-0.862997427356542,1,0,0,1,0,1,1,0,0,0,0,0,0,0,0,0,0,1,0,1,0,0,1,0,1,0,0
1658-BYGOY,1,-0.589626253894714,1.01276266724169,-0.240941046697592,1,0,0,1,0,1,1,0,0,0,0,0,0,0,0,0,0,1,0,1,0,0,1,0,1,0,1
9031-ZVQPT,0,1.60848342738936,1.43585268972676,2.43206174005475,1,1,0,1,0,1,1,0,0,0,0,1,0,1,0,1,0,1,0,1,0,1,1,0,1,0,0
8174-TBVCF,0,1.52707195771217,0.991193371977746,2.00110504861221,0,1,0,1,0,1,0,0,0,1,0,1,0,1,0,1,0,1,0,1,0,1,1,1,0,0,0
5232-NXPAY,0,0.590840056424512,0.315908512560395,0.530811919919624,0,0,0,1,0,0,0,0,0,0,0,0,0,1,0,1,0,1,0,1,0,1,0,0,0,1,0
2186-QZEYA,1,-0.14186317067018,-0.211709633126873,-0.25569337193061,0,0,0,1,0,1,0,0,0,1,0,1,0,0,0,0,0,0,0,0,0,0,1,0,0,0,0
6855-VLGOS,0,1.60848342738936,-1.47268381778827,-0.38143938225015,1,1,1,1,0,0,0,1,1,0,1,0,1,0,1,0,1,0,1,0,0,1,0,0,1,0,0
8350-NYMVI,0,0.26519417771576,-0.790762252135855,-0.309214456630163,0,0,0,0,1,0,0,0,0,0,0,1,0,1,0,1,0,0,0,0,0,0,0,0,0,0,0
5774-XZTQC,0,-1.03738933711925,-1.4760021709058,-0.944223027597865,0,1,1,1,0,0,0,1,1,0,1,0,1,0,1,0,1,0,1,0,0,0,0,0,0,1,0
1696-HXOWK,0,1.56777769255077,1.01939937347675,2.00018302828515,0,1,0,1,0,1,1,0,0,1,0,1,0,0,0,0,0,1,0,0,1,0,0,0,0,1,0
1142-IHLOO,0,0.753662995778888,0.750612770956823,0.954765647449467,0,0,0,1,0,0,1,0,0,0,0,0,0,0,0,0,0,1,0,1,1,0,0,1,0,0,0
3253-HKOKL,0,0.794368730617482,1.1737027934419,1.29220313428984,0,1,1,1,0,0,1,0,0,1,0,0,0,1,0,0,0,1,0,1,1,0,0,0,1,0,0
4187-CINZD,1,0.550134321585918,1.00612596100663,0.932066385111757,0,0,0,1,0,0,1,0,0,0,0,1,0,0,0,0,0,1,0,1,1,0,0,1,0,0,1
2037-SGXHH,0,0.224488442877166,0.986215842301452,0.580864451960223,1,1,1,1,0,1,1,0,0,0,0,1,0,1,0,0,0,1,0,0,0,0,1,0,1,0,1
4881-JVQOD,1,-0.915272132603466,-1.00811438133407,-0.851208738889085,1,1,1,0,1,0,0,0,0,0,0,0,0,0,0,0,0,0,0,1,0,0,1,0,0,0,0
1779-PWPMG,1,1.60848342738936,1.64988646580745,2.64867065831993,0,1,0,1,0,1,1,0,0,1,0,1,0,1,0,1,0,1,0,1,0,1,1,0,0,0,0
8456-QDAVC,0,-0.54892051905612,0.456938520055419,-0.353976348222611,1,0,0,1,0,0,1,0,0,0,0,0,0,0,0,0,0,1,0,0,0,0,1,0,0,0,0
0013-EXCHZ,1,-1.20021227647362,0.629492882166978,-0.893006993715971,0,1,0,1,0,0,1,0,0,0,0,0,0,0,0,1,0,1,0,0,0,0,1,0,0,1,1
9110-HSGTV,0,1.48636622287358,0.581376761962794,1.42868409556019,0,0,0,1,0,0,0,0,0,1,0,0,0,1,0,1,0,1,0,1,0,1,1,1,0,0,0
2228-BZDEE,0,0.87578020029467,-1.48761640681715,-0.536470514386425,0,0,0,1,0,0,0,1,1,0,1,0,1,0,1,0,1,0,1,0,0,1,0,0,0,1,0
1271-SJBGZ,1,-0.833860662926278,-0.706144247638841,-0.779049671863889,1,0,0,0,1,0,0,0,0,0,0,0,0,1,0,1,0,0,0,1,0,0,1,0,1,0,1
1045-LTCYT,0,-0.996683602280654,-1.45609205220062,-0.949052657882484,0,1,1,1,0,0,0,1,1,0,1,0,1,0,1,0,1,0,1,0,0,0,0,1,0,0,0
2322-VCZHZ,1,-0.386097579701744,0.831912422336307,-0.121715037262288,1,1,0,1,0,0,1,0,0,1,0,1,0,0,0,0,0,0,0,1,0,0,1,0,1,0,0
4343-EJVQB,0,-1.03738933711925,0.312590159442865,-0.776129940828187,1,0,0,1,0,0,1,0,0,1,0,0,0,0,0,0,0,0,0,0,0,0,0,0,0,1,0
2079-FBMZK,0,-1.07809507195784,0.143354150448836,-0.826709341627108,0,0,0,1,0,0,1,0,0,0,0,0,0,0,0,0,0,0,0,0,0,0,1,0,0,1,1
3572-UUHRS,0,0.509428586747324,-1.52909582078628,-0.629616520284785,1,0,0,1,0,0,0,1,1,0,1,0,1,0,1,0,1,0,1,0,1,0,0,0,0,0,0
0988-AADSA,0,1.60848342738936,0.528283112082313,1.54698808466843,0,1,1,1,0,1,0,0,0,1,0,1,0,1,0,1,0,0,0,1,0,1,0,0,0,0,0
4634-JLRJT,0,-1.28162374615081,-1.47932052402333,-1.00147609933553,0,0,0,1,0,0,0,1,1,0,1,0,1,0,1,0,1,0,1,0,0,0,1,0,0,1,0
3389-KTRXV,0,-0.386097579701744,-1.36317816490978,-0.735714716491897,0,1,1,1,0,1,0,1,1,0,1,0,1,0,1,0,1,0,1,0,0,1,0,0,0,1,0
0129-KPTWJ,0,1.60848342738936,0.986215842301452,1.9520623483584,1,1,0,1,0,0,1,0,0,0,0,0,0,1,0,0,0,1,0,1,0,0,1,0,1,0,0
8311-UEUAB,0,1.40495475319639,0.350751220294459,1.28561727481081,0,1,1,1,0,1,0,0,0,1,0,0,0,0,0,0,0,1,0,1,0,1,1,0,1,0,0
6682-VCIXC,0,0.428017117070136,-0.453949410706562,-0.0657352316905657,0,1,1,0,1,0,0,0,0,1,0,1,0,0,0,1,0,1,0,0,1,0,1,0,0,0,0
2135-RXIHG,0,-1.28162374615081,-0.639777185288241,-0.990367949680908,1,0,0,1,0,0,0,0,0,0,0,0,0,0,0,0,0,0,0,0,0,0,1,0,1,0,1
2519-LBNQL,1,1.12001460932623,1.30809609470186,1.77297087625875,1,1,0,1,0,1,1,0,0,0,0,1,0,1,0,0,0,1,0,1,1,0,1,0,1,0,0
5712-PTIWW,0,-1.24091801131222,0.495099580907014,-0.943476630190242,1,0,0,1,0,0,1,0,0,0,0,0,0,1,0,1,0,0,0,0,0,0,1,0,1,0,1
5043-TRZWM,0,-1.28162374615081,0.352410396853224,-0.977240136452716,0,0,0,1,0,0,1,0,0,0,0,0,0,1,0,0,0,0,0,0,0,0,0,0,1,0,0
9065-ZCPQX,0,1.60848342738936,0.461916049731714,1.51994215507456,1,1,0,1,0,1,0,0,0,1,0,1,0,1,0,1,0,0,0,1,0,1,0,0,0,0,0
4821-SJHJV,0,-0.0197459661543978,0.818639009866187,0.263645553720463,0,1,1,1,0,1,1,0,0,1,0,0,0,0,0,0,0,1,0,0,0,0,0,0,1,0,0
2863-IMQDR,0,1.16072034416483,0.820298186424952,1.320412565725,0,0,0,1,0,1,0,0,0,1,0,1,0,1,0,1,0,1,0,1,0,1,0,0,1,0,0
2789-CZANW,0,1.28283754868061,1.50553810519489,2.0618047201439,0,1,1,1,0,1,1,0,0,1,0,1,0,0,0,1,0,1,0,1,0,1,0,0,0,0,0
3131-NWVFJ,0,-0.75244919324909,-1.50586734896357,-0.881108540923864,0,1,1,1,0,0,0,1,1,0,1,0,1,0,1,0,1,0,1,0,1,0,0,0,0,1,0
0928-XUTSN,0,-0.793154928087684,0.516668876170959,-0.566172740636833,0,0,0,1,0,0,1,0,0,0,0,0,0,0,0,0,0,0,0,1,0,0,1,0,1,0,0
3452-FLHYD,0,-0.304686110024556,-1.45941040531815,-0.793011693959424,1,1,0,1,0,0,0,1,1,0,1,0,1,0,1,0,1,0,1,0,1,0,1,0,0,0,0
7253-UVNDW,0,0.550134321585918,-0.351080464063132,0.0697358977930024,0,0,0,1,0,0,0,0,0,0,0,0,0,1,0,1,0,0,0,0,0,1,0,1,0,0,1
2831-EBWRN,0,-1.15950654163503,-0.631481302494416,-0.922709219966379,1,0,0,1,0,0,0,0,0,0,0,0,0,0,0,0,0,0,0,0,0,0,1,0,1,0,0
6961-MJKBO,0,0.590840056424512,-1.4760021709058,-0.596379882780633,1,0,0,1,0,0,0,1,1,0,1,0,1,0,1,0,1,0,1,0,0,1,0,0,0,0,0
5707-ZMDJP,0,0.835074465456076,0.158286739477721,0.627097185502986,1,1,1,1,0,0,0,0,0,1,0,1,0,0,0,1,0,1,0,0,0,1,1,0,0,1,0
1304-BCCFO,0,-0.955977867442059,0.169900975389075,-0.762606976031253,1,1,0,1,0,0,0,0,0,0,0,0,0,1,0,0,0,1,0,1,0,0,1,0,0,1,0
1679-JRFBR,0,1.52707195771217,1.434193513168,2.47155494406398,0,1,1,1,0,1,1,0,0,1,0,1,0,1,0,0,0,1,0,1,1,0,1,1,0,0,0
6893-ODYYE,0,0.712957260940294,0.835230775453837,0.987058311761626,1,0,0,1,0,0,1,0,0,1,0,1,0,1,0,1,0,0,0,0,1,0,1,1,0,0,0
6339-YPSAH,0,-0.955977867442059,0.29433921729645,-0.70118285995687,1,0,0,1,0,0,1,0,0,0,0,0,0,1,0,0,0,0,0,0,0,0,1,0,1,0,0
0505-SPOOW,0,1.52707195771217,-1.49757146616974,-0.39676248197135,0,1,0,1,0,0,0,1,1,0,1,0,1,0,1,0,1,0,1,0,0,1,0,0,0,0,0
8199-ZLLSA,0,1.40495475319639,1.77266553115606,2.41605810152072,1,0,0,1,0,1,1,0,0,1,0,1,0,1,0,1,0,1,0,1,1,0,1,0,0,0,1
7291-CDTMJ,0,-1.28162374615081,-1.50254899584604,-1.00178343944455,1,0,0,1,0,0,0,1,1,0,1,0,1,0,1,0,1,0,1,0,0,0,1,0,0,0,0
1096-ADRUX,0,1.3642490183578,0.309271806325335,1.12307826286845,0,1,1,1,0,1,1,0,0,0,0,0,0,0,0,0,0,0,0,0,1,0,1,0,0,0,0
3457-PQBYH,0,1.03860313964905,-1.48097970058209,-0.500775156010104,0,1,1,1,0,0,0,1,1,0,1,0,1,0,1,0,1,0,1,0,0,1,0,1,0,0,0
4472-LVYGI,0,-1.32232948098941,-0.410810820178672,-0.396839316998606,0,1,1,0,1,0,0,0,0,1,0,0,0,1,0,1,0,1,0,0,0,1,1,0,0,0,0
7538-GWHML,0,-1.24091801131222,0.156627562918956,-0.946681748470035,0,0,0,1,0,0,1,0,0,0,0,0,0,0,0,0,0,0,0,0,0,0,0,0,1,0,1
5231-FIQPA,0,0.346605647392948,-1.49591228961098,-0.654576927710294,0,0,0,1,0,0,0,1,1,0,1,0,1,0,1,0,1,0,1,0,0,1,1,0,0,1,0
9231-ZJYAM,1,-1.15950654163503,0.461916049731714,-0.881854938331487,0,0,0,1,0,0,1,0,0,0,0,0,0,0,0,0,0,1,0,0,0,0,1,0,1,0,1
7137-NAXML,0,-0.386097579701744,-1.48595723025839,-0.832329275049211,1,0,0,1,0,0,0,1,1,0,1,0,1,0,1,0,1,0,1,0,1,0,0,0,0,0,0
5756-OZRIO,1,1.16072034416483,-0.0292002116627238,0.703054098161088,1,1,0,1,0,1,0,0,0,0,0,1,0,0,0,0,0,0,0,1,1,0,0,0,0,0,0
2717-HVIZY,0,-0.996683602280654,-1.48927558337592,-0.938581141310832,0,0,1,1,0,0,0,1,1,0,1,0,1,0,1,0,1,0,1,0,0,0,0,0,0,1,0
5054-IEXZT,0,-1.28162374615081,0.345773690618164,-0.977327947912436,1,0,1,1,0,0,1,0,0,0,0,1,0,0,0,0,0,0,0,0,0,0,1,0,1,0,1
4950-HKQTE,0,-0.426803314540338,-1.28353769008906,-0.744386098139281,0,0,0,1,0,1,0,1,1,0,1,0,1,0,1,0,1,0,1,0,0,1,0,0,0,1,0
7377-DMMRI,0,-1.24091801131222,-0.568432593261346,-0.969820068106347,1,0,0,1,0,0,0,0,0,1,0,0,0,0,0,0,0,0,0,0,0,0,1,0,1,0,1
5536-SLHPM,0,0.916485935133264,0.425414165438884,0.946972380399286,0,1,0,1,0,1,1,0,0,0,0,0,0,1,0,0,0,0,0,0,0,0,1,0,1,0,1
4450-MDZFX,0,1.12001460932623,0.312590159442865,0.944842952501068,1,1,1,1,0,1,1,0,0,0,0,0,0,0,0,0,0,0,0,0,0,0,0,0,0,0,0
4531-AUZNK,0,0.753662995778888,1.0028076078891,1.18489753051157,0,1,1,1,0,1,1,0,0,1,0,0,0,0,0,1,0,1,0,0,1,0,1,0,0,1,0
0947-IDHRQ,0,-1.03738933711925,0.510032169935899,-0.779159436188539,0,0,0,1,0,0,1,0,0,0,0,0,0,0,0,0,0,1,0,0,0,0,1,0,0,1,1
5276-KQWHG,1,-1.24091801131222,0.15496838636019,-0.952609022001158,0,0,0,1,0,0,1,0,0,0,0,0,0,0,0,0,0,0,0,0,0,0,1,0,1,0,1
3842-IYKUE,0,0.102371238361384,0.675949825812398,0.27053875330851,0,0,0,1,0,1,1,0,0,0,0,1,0,0,0,1,0,0,0,0,0,0,0,1,0,0,1
4701-LKOZD,0,1.52707195771217,0.823616539542482,1.78515471629495,0,0,0,1,0,1,0,0,0,1,0,1,0,1,0,1,0,1,0,1,0,1,0,1,0,0,0
7577-SWIFR,0,-1.28162374615081,0.807024773954832,-0.971225051461872,1,0,0,1,0,0,1,0,0,0,0,0,0,0,0,0,0,1,0,1,0,0,1,0,1,0,0
6609-MXJHJ,0,-0.101157435831586,-1.32169875094065,-0.663753225251071,0,1,1,1,0,1,0,1,1,0,1,0,1,0,1,0,1,0,1,0,0,1,1,0,0,1,0
0587-DMGBH,0,-0.996683602280654,-0.500406354351981,-0.84991351985821,0,0,0,1,0,0,0,0,0,1,0,0,0,0,0,0,0,0,0,0,0,0,1,0,1,0,1
2815-CPTUL,1,-1.11880080679644,0.176537681624135,-0.864687797956159,1,0,0,1,0,0,1,0,0,0,0,0,0,0,0,0,0,0,0,0,0,0,1,0,0,1,1
5174-RNGBH,0,-0.955977867442059,0.043803556922936,-0.737953908714766,0,0,0,1,0,0,0,0,0,0,0,1,0,0,0,1,0,1,0,0,0,0,0,0,0,1,1
1428-GTBJJ,0,-0.874566397764872,0.319226865677925,-0.64829840834029,1,0,0,1,0,0,1,0,0,0,0,1,0,0,0,0,0,0,0,0,0,0,1,0,1,0,1
2162-FRZAA,0,1.24213181384202,-0.84883343169263,0.0411532676540289,1,1,1,0,1,0,0,0,0,0,0,1,0,1,0,1,0,0,0,0,0,1,0,0,0,0,0
8859-AXJZP,0,0.26519417771576,-1.36483734146854,-0.613590928885822,1,1,1,1,0,1,0,1,1,0,1,0,1,0,1,0,1,0,1,0,0,1,1,0,0,1,0
2979-SXESE,0,-0.630331988733308,0.977919959507627,-0.304758025049355,0,1,1,1,0,1,1,0,0,1,0,0,0,1,0,0,0,1,0,0,0,0,0,0,1,0,1
6994-ORCWG,0,-0.75244919324909,-0.354398817180662,-0.670931812083209,0,0,0,1,0,1,0,0,0,0,0,1,0,0,0,0,0,0,0,0,1,0,1,0,0,1,0
3214-IYUUQ,0,1.16072034416483,0.954691487684917,1.56277219455316,0,1,0,1,0,0,1,0,0,1,0,1,0,0,0,1,0,0,0,1,1,0,0,0,0,0,0
1352-HNSAW,0,1.60848342738936,1.68141082042398,2.5988157020637,0,1,1,1,0,1,1,0,0,1,0,1,0,1,0,1,0,1,0,1,0,1,1,0,0,0,0
1371-WEPDS,1,0.305899912554354,-0.302964343858947,-0.00791138546471596,1,1,0,1,0,0,0,0,0,0,0,0,0,0,0,0,0,0,0,1,1,0,0,0,1,0,0
7853-GVUDZ,0,-1.28162374615081,-1.48595723025839,-1.00156391079525,0,1,1,1,0,0,0,1,1,0,1,0,1,0,1,0,1,0,1,0,0,0,1,1,0,0,1
6810-VCAEX,0,0.590840056424512,-0.83887837234004,-0.220700505232051,0,0,0,0,1,0,0,0,0,1,0,1,0,0,0,1,0,0,0,0,1,0,0,1,0,0,0
1689-MRZQR,0,0.0616655035227901,0.443665107585299,0.115463715442374,1,1,1,1,0,0,1,0,0,0,0,0,0,0,0,0,0,1,0,0,0,0,0,0,1,0,1
4654-GGUII,0,-0.589626253894714,-0.820627430193625,-0.697824071622566,0,0,0,0,1,0,0,0,0,1,0,1,0,0,0,1,0,0,0,0,1,0,1,0,0,1,0
7596-IIWYC,0,-0.223274640347368,-1.48263887714086,-0.774110277254619,0,0,0,1,0,0,0,1,1,0,1,0,1,0,1,0,1,0,1,0,0,1,1,0,0,0,0
3190-ITQXP,0,0.550134321585918,-1.48263887714086,-0.619496249552015,0,1,1,1,0,0,0,1,1,0,1,0,1,0,1,0,1,0,1,0,0,1,0,0,0,0,0
1930-QPBVZ,0,1.44566048803499,1.00114843133034,1.92398463411282,1,1,1,1,0,0,1,0,0,1,0,1,0,0,0,1,0,0,0,1,0,1,0,0,0,0,0
0137-UDEUO,0,-1.20021227647362,-1.49591228961098,-0.982421012576217,0,0,0,1,0,0,0,1,1,0,1,0,1,0,1,0,1,0,1,0,0,0,0,0,0,1,1
4124-MMETB,0,-0.426803314540338,0.986215842301452,-0.0863928775897777,1,0,0,1,0,1,1,0,0,0,0,0,0,0,0,0,0,1,0,1,0,0,1,1,0,0,1
4039-HEUNW,1,0.143076973199978,1.04760537497576,0.498233868363374,1,1,0,1,0,1,1,0,0,0,0,1,0,0,0,0,0,1,0,1,0,0,1,0,1,0,1
3275-RHRNE,0,-0.182568905508774,-0.163593512922688,-0.271894586249015,1,1,1,0,1,0,0,0,0,0,0,1,0,1,0,1,0,1,0,1,1,0,1,1,0,0,0
7297-DVYGA,0,0.753662995778888,-1.49591228961098,-0.572692741521069,0,0,0,1,0,0,0,1,1,0,1,0,1,0,1,0,1,0,1,0,1,0,1,0,0,0,0
4132-KALRO,0,-1.15950654163503,1.19195373558831,-0.835117288895332,0,0,0,1,0,1,1,0,0,0,0,0,0,0,0,1,0,1,0,1,0,0,1,0,0,1,0
6559-PDZLR,0,-0.263980375185962,1.11894996700265,0.103477451190546,1,0,0,1,0,0,1,0,0,0,0,0,0,1,0,1,0,1,0,1,0,0,1,0,1,0,0
7483-IQWIB,0,0.183782708038572,0.929803839303442,0.489079523687528,1,1,1,1,0,1,1,0,0,0,0,1,0,1,0,0,0,1,0,0,0,0,1,0,1,0,0
8180-AKMJV,0,-1.28162374615081,-0.676279069581071,-0.99085091270937,0,0,0,1,0,0,0,0,0,0,0,0,0,0,0,0,0,0,0,0,0,0,1,1,0,0,0
4140-WJAWW,0,-1.11880080679644,-1.49591228961098,-0.962970774248159,0,0,0,1,0,0,0,1,1,0,1,0,1,0,1,0,1,0,1,0,0,0,0,1,0,0,1
8429-XIBUM,0,-0.426803314540338,1.20854550117596,0.00692875122802286,1,0,0,1,0,1,1,0,0,1,0,0,0,0,0,0,0,1,0,1,0,0,1,0,0,0,1
5451-MHQOF,0,0.957191669971858,-1.3432680462046,-0.381834533818891,1,1,1,1,0,1,0,1,1,0,1,0,1,0,1,0,1,0,1,0,1,0,1,0,0,1,0
8884-FEEWR,0,0.102371238361384,-1.4710246412295,-0.679361712216363,1,0,0,1,0,0,0,1,1,0,1,0,1,0,1,0,1,0,1,0,1,0,0,0,0,0,0
5108-ADXWO,0,-0.874566397764872,0.28438415794386,-0.662787299194147,1,0,0,1,0,0,1,0,0,1,0,0,0,0,0,0,0,0,0,0,0,0,1,0,1,0,1
7872-RDDLZ,1,1.40495475319639,-0.332829521916717,0.625297050578719,0,0,0,1,0,1,0,0,0,0,0,1,0,0,0,0,0,0,0,0,0,0,0,0,1,0,0
4418-LZMSV,0,-0.793154928087684,-0.103863156807148,-0.68107403568091,1,1,1,1,0,0,0,0,0,0,0,1,0,1,0,1,0,0,0,0,0,0,0,0,0,0,0
2361-FJWNO,0,0.305899912554354,-0.959998261129884,-0.403238577125726,1,0,0,0,1,0,0,0,0,0,0,1,0,0,0,1,0,0,0,0,1,0,0,1,0,0,0
6185-TASNN,1,-1.28162374615081,-0.618207890024296,-0.990082562436817,1,0,0,1,0,0,0,0,0,0,0,0,0,0,0,0,0,0,0,0,0,0,0,0,1,0,0
2253-KPMNB,0,1.48636622287358,-0.619867066583061,0.360062536493406,0,1,1,0,1,0,0,0,0,1,0,1,0,1,0,1,0,0,0,0,0,1,0,0,0,0,0
7758-XKCBS,0,-0.711743458410496,-1.16905450753427,-0.817994054249863,1,0,0,0,1,0,0,0,0,0,0,0,0,0,0,1,0,0,0,0,0,0,1,0,1,0,1
9932-WBWIK,0,-0.874566397764872,-1.47932052402333,-0.915903831838052,1,0,0,1,0,0,0,1,1,0,1,0,1,0,1,0,1,0,1,0,0,0,0,0,0,1,0
8006-PYCSW,0,-1.24091801131222,-1.48761640681715,-0.992936434877728,0,0,0,1,0,0,0,1,1,0,1,0,1,0,1,0,1,0,1,0,0,0,0,0,0,1,0
1755-RMCXH,0,-1.24091801131222,-1.48097970058209,-0.992738859093358,1,1,1,1,0,0,0,1,1,0,1,0,1,0,1,0,1,0,1,0,0,0,0,0,0,1,0
4238-JSSWH,1,0.102371238361384,1.23177397299867,0.505456360925373,0,1,0,1,0,1,1,0,0,0,0,0,0,1,0,0,0,1,0,1,0,0,0,0,0,0,0
2378-YIZKA,0,1.44566048803499,0.665994766459808,1.45171265087185,0,1,1,1,0,0,0,0,0,1,0,1,0,1,0,1,0,1,0,1,0,1,1,1,0,0,0
8205-VSLRB,0,1.52707195771217,0.410481576409999,1.40361392381003,1,1,0,1,0,1,0,0,0,1,0,0,0,1,0,1,0,0,0,1,0,1,0,1,0,0,0
0946-FKYTX,0,0.794368730617482,-1.15578109506415,-0.297645296812007,1,0,0,0,1,0,0,0,0,0,0,1,0,0,0,0,0,0,0,0,1,0,0,0,0,1,0
9121-PHQSR,1,-0.671037723571902,0.667653943018573,-0.399616354412262,1,1,0,1,0,1,1,0,0,0,0,0,0,0,0,0,0,1,0,0,0,0,1,1,0,0,0
2862-JVEOY,0,-1.07809507195784,-1.51914076143369,-0.955792187416021,1,0,0,1,0,0,0,1,1,0,1,0,1,0,1,0,1,0,1,0,1,0,0,0,0,1,0
4514-GFCFI,1,-0.671037723571902,0.657698883665983,-0.417617703654933,0,0,0,1,0,1,1,0,0,0,0,0,0,0,0,0,0,1,0,0,0,0,1,0,1,0,1
2632-IVXVF,0,1.44566048803499,1.55365422539908,2.2874801716252,0,1,1,1,0,1,1,0,0,1,0,0,0,1,0,1,0,1,0,1,0,1,0,1,0,0,0
1571-SAVHK,0,-0.833860662926278,1.16208855753054,-0.513068760370952,1,0,0,1,0,1,1,0,0,0,0,0,0,0,0,1,0,1,0,1,0,0,1,0,0,1,1
2267-FPIMA,0,0.712957260940294,0.977919959507627,1.14751180153563,1,1,0,1,0,1,1,0,0,1,0,1,0,0,0,0,0,0,0,1,0,0,1,1,0,0,0
8434-VGEQQ,0,1.16072034416483,-1.47268381778827,-0.43702403625313,1,1,1,1,0,0,0,1,1,0,1,0,1,0,1,0,1,0,1,0,0,1,0,1,0,0,0
1456-TWCGB,0,-1.15950654163503,-0.520316473057161,-0.918889421468544,1,0,0,1,0,0,0,0,0,0,0,1,0,0,0,0,0,0,0,0,0,0,0,0,0,1,0
9061-TIHDA,1,-0.793154928087684,1.00612596100663,-0.468767878942036,1,1,0,1,0,1,1,0,0,0,0,0,0,0,0,0,0,1,0,1,0,0,1,0,1,0,1
4659-NZRUF,0,-0.54892051905612,1.0028076078891,-0.224827643838908,0,0,0,1,0,1,1,0,0,1,0,1,0,0,0,0,0,0,0,1,0,0,1,0,1,0,1
7502-BNYGS,0,0.550134321585918,0.13837662077254,0.380522606608247,0,1,0,1,0,0,0,0,0,0,0,1,0,0,0,0,0,1,0,1,0,0,1,1,0,0,0
5393-HJZSM,0,-0.0197459661543978,0.377298045234699,0.0451486890713048,0,1,1,1,0,0,0,0,0,1,0,1,0,1,0,1,0,0,0,1,0,0,0,0,0,0,0
8644-XYTSV,0,0.387311382231542,-0.82228660675239,-0.296481794970712,1,1,0,0,1,0,0,0,0,1,0,0,0,0,0,0,0,1,0,0,0,0,1,0,0,0,0
3748-FVMZZ,0,-1.15950654163503,-0.82560495986992,-0.939086057204225,1,0,0,0,1,0,0,0,0,0,0,0,0,0,0,1,0,0,0,1,0,0,1,0,1,0,0
9415-ZNBSX,0,1.52707195771217,0.798728891161007,1.75266447619842,0,1,1,1,0,1,0,0,0,1,0,1,0,1,0,1,0,1,0,1,0,1,1,0,0,0,0
7025-WCBNE,1,0.590840056424512,-0.176866925392808,0.198752884987125,1,0,0,1,0,1,0,0,0,0,0,1,0,0,0,1,0,0,0,0,0,1,0,0,0,0,0
8226-BXGES,0,1.28283754868061,0.813661480189892,1.48898861552314,1,1,0,1,0,1,1,0,0,1,0,1,0,1,0,0,0,0,0,0,1,0,0,0,0,0,0
1098-TDVUQ,0,-1.28162374615081,-1.51582240831616,-1.00195906236399,0,0,0,1,0,0,0,1,1,0,1,0,1,0,1,0,1,0,1,0,0,0,1,0,0,0,0
6990-YNRIO,0,1.3235432835192,1.45078527875565,2.03574666947189,1,1,1,1,0,1,1,0,0,1,0,0,0,1,0,1,0,1,0,1,0,1,0,0,0,0,1
6701-DHKWQ,0,1.16072034416483,-0.450631057589032,0.41406658422142,0,1,1,0,1,0,0,0,0,0,0,1,0,1,0,1,0,1,0,0,0,1,0,1,0,0,0
1791-PQHBB,0,-1.24091801131222,-0.123773275512328,-0.955111648603188,0,0,1,1,0,0,0,0,0,1,0,0,0,0,0,0,0,0,0,1,0,0,1,1,0,0,0
3398-ZOUAA,1,-0.467509049378932,0.13837662077254,-0.362911164249156,1,1,0,1,0,0,1,0,0,0,0,0,0,0,0,0,0,0,0,0,0,0,1,0,1,0,1
6275-YDUVO,0,-1.24091801131222,0.705815003870168,-0.931951376101946,0,0,0,1,0,0,1,0,0,0,0,0,0,1,0,0,0,0,0,1,0,0,1,0,0,1,1
6986-IJDHX,0,0.26519417771576,0.709133356987698,0.423550221871218,1,1,1,1,0,0,1,0,0,0,0,1,0,0,0,0,0,1,0,0,0,0,1,0,0,1,1
2153-MREFK,0,0.183782708038572,1.13720090914907,0.63807361796803,0,1,0,1,0,1,1,0,0,1,0,0,0,1,0,1,0,0,0,1,1,0,1,0,1,0,1
2929-ERCFZ,0,-0.996683602280654,0.971283253272567,-0.669131677158942,0,1,1,1,0,0,1,0,0,0,0,0,0,1,0,0,0,1,0,1,0,0,1,0,1,0,1
1409-PHXTF,1,0.87578020029467,1.51051563487119,1.65806958121467,1,1,0,1,0,1,1,0,0,0,0,1,0,1,0,1,0,1,0,1,0,1,1,0,1,0,0
7629-WFGLW,1,0.957191669971858,1.01939937347675,1.39200085826201,0,1,0,1,0,1,1,0,0,1,0,1,0,1,0,1,0,0,0,0,1,0,0,0,1,0,0
3104-OWCGK,0,1.12001460932623,0.863436776952842,1.38394415683267,1,1,1,1,0,0,1,0,0,0,0,1,0,1,0,0,0,1,0,0,1,0,0,0,1,0,1
4322-RCYMT,0,1.44566048803499,0.360706279647049,1.31393647057062,1,1,1,1,0,1,0,0,0,0,0,1,0,1,0,1,0,0,0,1,1,0,1,0,0,0,1
4074-SJFFA,0,-1.28162374615081,-0.337807051593012,-0.986372528263632,0,0,0,1,0,0,0,0,0,0,0,0,0,0,0,0,0,0,0,1,0,0,1,0,0,1,1
6478-HRRCZ,0,-0.0197459661543978,0.18483356441796,-0.0437165081656882,1,1,0,1,0,0,0,0,0,1,0,1,0,0,0,1,0,0,0,1,1,0,0,0,0,1,0
2599-CIPQE,0,1.56777769255077,1.47235457401959,2.4067061810605,1,1,1,1,0,0,1,0,0,1,0,1,0,1,0,1,0,1,0,1,0,1,0,1,0,0,0
3198-VELRD,0,-1.20021227647362,0.657698883665983,-0.894126589827406,0,1,1,1,0,1,1,0,0,0,0,0,0,0,0,0,0,0,0,1,0,0,1,0,0,0,1
8975-SKGRX,0,1.56777769255077,1.69800258601163,2.63839671753264,1,1,0,1,0,1,1,0,0,1,0,1,0,1,0,1,0,1,0,1,0,1,1,0,0,0,0
9103-CXVOK,0,-1.28162374615081,-1.49923064272851,-1.00173953371469,1,1,1,1,0,0,0,1,1,0,1,0,1,0,1,0,1,0,1,0,0,0,0,0,1,0,0
0611-DFXKO,0,-0.508214784217526,0.798728891161007,-0.211129056122533,1,1,0,1,0,0,1,0,0,0,0,0,0,0,0,0,0,1,0,1,0,0,1,0,0,1,1
6240-EURKS,0,-0.589626253894714,-0.993181792305184,-0.767612229235313,0,0,1,0,1,0,0,0,0,0,0,0,0,0,0,0,0,0,0,1,0,0,1,0,1,0,1
0384-RVBPI,0,-0.508214784217526,-0.0175859757513686,-0.396345377537679,1,0,0,1,0,0,0,0,0,1,0,0,0,1,0,0,0,0,0,1,0,0,0,1,0,0,0
9237-HQITU,0,-1.24091801131222,0.19147027065302,-0.943827876029123,0,0,0,1,0,0,1,0,0,0,0,0,0,0,0,0,0,0,0,0,0,0,1,0,1,0,1
4657-FWVFY,0,0.305899912554354,1.04262784529946,0.70867403158319,0,1,1,1,0,1,1,0,0,0,0,1,0,1,0,0,0,1,0,0,0,0,1,1,0,0,0
9509-MPYOD,0,0.102371238361384,-1.46604711155321,-0.702873230556486,0,0,0,1,0,0,0,1,1,0,1,0,1,0,1,0,1,0,1,0,1,0,0,0,0,1,0
4114-QMKVN,0,0.957191669971858,0.126762384861185,0.664768301723016,0,1,1,1,0,1,0,0,0,1,0,1,0,0,0,0,0,0,0,1,1,0,0,0,0,0,0
1482-OXZSY,0,-0.101157435831586,1.17702114655943,0.278771077657293,1,0,0,1,0,1,1,0,0,1,0,0,0,0,0,0,0,1,0,1,0,0,1,0,0,0,0
6656-GULJQ,0,1.60848342738936,0.617878646255623,1.66489692220793,1,1,1,1,0,1,0,0,0,1,0,0,0,1,0,1,0,1,0,1,0,1,1,1,0,0,0
9919-YLNNG,0,0.387311382231542,1.28984515255545,0.889609544336969,0,0,0,1,0,0,1,0,0,0,0,1,0,1,0,1,0,1,0,1,0,0,1,0,0,0,0
2999-AANRQ,0,-0.467509049378932,0.203084506564375,-0.340914393589209,0,0,0,1,0,0,0,0,0,1,0,1,0,0,0,1,0,1,0,0,0,1,0,1,0,0,0
8752-IMQOS,0,-1.11880080679644,-1.48761640681715,-0.973047139251069,1,1,1,1,0,0,0,1,1,0,1,0,1,0,1,0,1,0,1,0,1,0,0,0,0,1,0
8945-MUQUF,0,0.753662995778888,0.991193371977746,1.11357267235372,1,0,0,1,0,1,1,0,0,1,0,1,0,0,0,0,0,1,0,0,1,0,1,0,1,0,1
3079-BCHLN,0,0.590840056424512,-1.49425311305221,-0.596401835645563,1,1,0,1,0,0,0,1,1,0,1,0,1,0,1,0,1,0,1,0,1,0,0,0,0,0,0
0506-YLVKJ,0,0.550134321585918,-1.48429805369962,-0.607597796759908,1,1,1,1,0,0,0,1,1,0,1,0,1,0,1,0,1,0,1,0,0,1,1,0,0,1,0
5130-YPIRV,0,1.20142607900342,0.23460886118091,0.870598363307513,0,1,0,1,0,0,0,0,0,1,0,1,0,1,0,0,0,1,0,0,0,1,1,1,0,0,0
7661-CPURM,0,-0.54892051905612,0.755590300633118,-0.252619970840398,1,0,0,1,0,0,1,0,0,0,0,0,0,0,0,1,0,0,0,1,1,0,1,1,0,0,0
3707-LRWZD,0,-0.0197459661543978,0.634470411843273,0.210980630753183,0,0,0,1,0,1,1,0,0,0,0,0,0,0,0,0,0,1,0,0,1,0,0,0,1,0,1
1428-IEDPR,0,0.794368730617482,1.47235457401959,1.50600208584396,1,0,0,1,0,1,1,0,0,1,0,0,0,1,0,1,0,1,0,1,0,1,1,0,1,0,0
6368-TZZDT,0,-1.15950654163503,-1.50752652552233,-0.967888215992499,1,1,1,1,0,0,0,1,1,0,1,0,1,0,1,0,1,0,1,0,0,1,0,1,0,0,0
5135-RDDQL,0,1.24213181384202,-0.473859529411742,0.40390240775879,0,1,1,1,0,0,0,0,0,1,0,0,0,0,0,0,0,0,0,0,0,1,1,0,0,0,0
7966-YOTQW,0,-0.915272132603466,-0.346102934386837,-0.760938558296567,1,0,0,1,0,1,0,0,0,1,0,0,0,0,0,0,0,0,0,0,0,0,1,1,0,0,0
1345-GKDZZ,0,-1.07809507195784,-1.50586734896357,-0.953948146761894,1,0,1,1,0,0,0,1,1,0,1,0,1,0,1,0,1,0,1,0,0,0,0,0,0,1,0
3791-LGQCY,1,0.957191669971858,1.18531702935325,1.48696895194957,0,1,0,1,0,1,1,0,0,0,0,0,0,1,0,0,0,1,0,1,0,0,1,0,0,0,1
8097-VBQTZ,0,0.87578020029467,0.164923445712781,0.694580292298074,1,0,0,1,0,0,0,0,0,1,0,1,0,0,0,1,0,1,0,0,0,0,1,0,0,1,0
3315-TOTBP,0,-0.711743458410496,0.367342985882109,-0.513902969238296,1,0,0,1,0,1,1,0,0,0,0,0,0,0,0,0,0,0,0,0,0,0,1,0,0,1,1
7929-DMBCV,0,-0.508214784217526,0.533260641758609,-0.271170141706322,0,1,0,1,0,0,1,0,0,0,0,0,0,1,0,1,0,0,0,0,0,0,1,0,0,1,0
9961-JBNMK,1,-0.467509049378932,1.05756043432835,-0.118992882010957,1,0,0,1,0,0,1,0,0,0,0,0,0,1,0,0,0,1,0,1,0,0,1,0,0,0,1
3099-OONVS,0,-0.304686110024556,-0.352739640621897,-0.441041410535336,1,1,1,1,0,0,0,0,0,1,0,0,0,0,0,1,0,0,0,0,0,0,0,0,1,0,0
4462-CYWMH,1,1.20142607900342,0.825275716101247,1.46128409998137,1,1,0,1,0,1,1,0,0,0,0,1,0,0,0,0,0,0,0,1,0,0,1,0,0,0,0
1469-LBJQJ,0,1.3642490183578,1.33630209620086,2.03526370644343,0,1,0,1,0,1,1,0,0,0,0,1,0,1,0,0,0,1,0,1,0,0,1,0,1,0,0
9572-MTILT,0,1.07930887448764,1.38773656952258,1.73497046706477,1,1,0,1,0,1,1,0,0,1,0,1,0,1,0,1,0,1,0,0,0,0,1,0,1,0,1
3363-DTIVD,0,1.56777769255077,1.34791633211222,2.24102790943314,1,1,1,1,0,1,1,0,0,1,0,0,0,1,0,0,0,1,0,1,0,1,0,0,1,0,0
0771-WLCLA,0,-0.671037723571902,1.59347446280944,-0.183863597879365,0,1,1,1,0,1,1,0,0,1,0,0,0,1,0,1,0,1,0,1,0,0,1,0,1,0,0
4003-OCTMP,0,-0.0604517009929918,-0.0308593882214887,-0.171482182058796,0,1,0,1,0,0,0,0,0,1,0,0,0,0,0,1,0,0,0,1,1,0,1,0,1,0,0
4994-OBRSZ,0,-0.75244919324909,0.370661338999639,-0.547293276796958,1,0,1,1,0,0,0,0,0,1,0,1,0,1,0,1,0,0,0,1,0,1,0,0,0,0,0
0967-BMLBD,0,-0.874566397764872,-1.49093475993468,-0.924202014781625,0,1,1,1,0,0,0,1,1,0,1,0,1,0,1,0,1,0,1,0,1,0,1,0,0,1,0
0928-JMXNP,1,-1.15950654163503,-1.16241780129921,-0.958492389802422,1,1,0,0,1,0,0,0,0,0,0,0,0,1,0,0,0,0,0,0,0,0,1,0,1,0,0
4811-JBUVU,0,-0.101157435831586,0.828594069218777,0.185207967325261,1,0,0,1,0,1,1,0,0,0,0,0,0,0,0,1,0,0,0,1,0,0,1,1,0,0,0
8242-JSVBO,0,-1.03738933711925,-0.672960716463541,-0.868814936563015,1,0,0,1,0,0,0,0,0,0,0,0,0,0,0,0,0,0,0,0,0,0,1,0,0,0,0
9127-QRZMH,0,0.46872285190873,-0.168571042598983,0.132872337331933,1,1,0,1,0,0,0,0,0,1,0,1,0,0,0,1,0,0,0,0,1,0,1,0,0,0,0
4878-BUNFV,0,0.387311382231542,-1.46770628811197,-0.646498273416022,1,1,1,1,0,0,0,1,1,0,1,0,1,0,1,0,1,0,1,0,0,1,0,0,0,1,0
3583-EKAPL,0,-1.28162374615081,-0.329511168799187,-0.986262763938982,1,0,0,1,0,0,0,0,0,0,0,0,0,0,0,0,0,0,0,1,0,0,1,0,1,0,1
9135-MGVPY,0,1.48636622287358,0.656039707107218,1.57076303738771,1,1,0,1,0,0,0,0,0,1,0,1,0,1,0,1,0,1,0,1,0,1,1,0,0,1,0
5857-TYBCJ,1,0.46872285190873,0.805365597396067,0.763468382448688,1,1,0,1,0,1,1,0,0,0,0,0,0,1,0,0,0,1,0,0,0,0,1,0,1,0,0
4925-LMHOK,0,-0.711743458410496,-0.210050456568108,-0.597828771866019,1,0,0,1,0,1,0,0,0,0,0,1,0,0,0,1,0,0,0,0,0,0,1,1,0,0,1
9507-HSMMZ,0,0.87578020029467,-1.49093475993468,-0.505648692024583,1,0,0,1,0,0,0,1,1,0,1,0,1,0,1,0,1,0,1,0,0,1,0,0,0,1,0
7977-HXJKU,0,-0.467509049378932,-1.5042081724048,-0.836105167817185,1,0,1,1,0,0,0,1,1,0,1,0,1,0,1,0,1,0,1,0,0,1,0,0,0,1,0
0027-KWYKW,0,-0.386097579701744,0.624515352490683,-0.198176865813782,0,1,1,1,0,1,1,0,0,0,0,0,0,0,0,0,0,1,0,0,0,0,1,0,1,0,0
2969-QWUBZ,0,-1.24091801131222,-0.448971881030267,-0.967910168857429,0,0,0,0,1,0,0,0,0,0,0,1,0,0,0,0,0,1,0,1,0,0,0,0,1,0,0
4291-SHSBH,0,-1.03738933711925,0.153309209801425,-0.781508392736059,1,0,0,1,0,0,1,0,0,0,0,0,0,0,0,0,0,0,0,0,0,0,1,0,1,0,0
0206-OYVOC,0,0.550134321585918,-1.51582240831616,-0.630977597910451,0,1,1,1,0,0,0,1,1,0,1,0,1,0,1,0,1,0,1,0,0,1,1,0,0,1,0
7905-NJMXS,1,-1.03738933711925,-0.0242226819864286,-0.801858698526249,1,1,0,1,0,1,0,0,0,1,0,1,0,0,0,1,0,0,0,0,0,0,0,0,1,0,0
6177-PEVRA,0,0.631545791263106,-0.312919403211537,0.143146278119214,0,0,0,1,0,0,0,0,0,1,0,1,0,0,0,0,0,0,0,0,0,1,0,1,0,0,0
2929-QNSRW,0,0.957191669971858,1.10567655453253,1.40807035539084,0,1,0,1,0,1,1,0,0,0,0,1,0,0,0,0,0,1,0,1,1,0,1,0,1,0,1
9084-OAYKL,0,1.03860313964905,-1.46438793499444,-0.478163705132114,1,0,0,1,0,0,0,1,1,0,1,0,1,0,1,0,1,0,1,0,0,1,0,0,0,1,0
1075-BGWOH,1,-0.671037723571902,1.12226832012018,-0.313385500966879,1,1,0,1,0,1,1,0,0,0,0,0,0,1,0,0,0,1,0,1,0,0,1,0,1,0,1
8267-KFGYD,0,-1.28162374615081,-1.45609205220062,-1.00116875922651,1,0,1,1,0,0,0,1,1,0,1,0,1,0,1,0,1,0,1,0,0,0,1,0,0,1,0
0378-XSZPU,0,1.03860313964905,-0.153638453570098,0.554301485394817,1,1,0,1,0,0,0,0,0,1,0,1,0,1,0,0,0,0,0,0,1,0,0,1,0,0,1
3778-FOAQW,0,-0.34539184486315,-1.48595723025839,-0.809827588495871,0,1,0,1,0,0,0,1,1,0,1,0,1,0,1,0,1,0,1,0,1,0,0,0,0,1,0
6985-HAYWX,0,-0.263980375185962,0.476848638760599,-0.125359212840682,0,1,0,1,0,1,1,0,0,0,0,1,0,0,0,0,0,0,0,0,0,0,0,0,0,0,0
0902-XKXPN,0,1.48636622287358,-1.48429805369962,-0.406048543836777,1,1,1,1,0,0,0,1,1,0,1,0,1,0,1,0,1,0,1,0,0,1,0,0,0,0,0
8382-SHQEH,0,-0.996683602280654,0.662676413342278,-0.674554034796674,0,1,0,1,0,1,1,0,0,0,0,0,0,0,0,0,0,0,0,1,0,0,1,0,1,0,1
8224-UAXBZ,0,1.03860313964905,-0.649732244640831,0.104838528816212,0,1,0,0,1,0,0,0,0,1,0,1,0,0,0,0,0,1,0,0,1,0,1,0,1,0,0
8963-MQVYN,0,-0.426803314540338,-1.47268381778827,-0.804119843614048,0,0,1,1,0,0,0,1,1,0,1,0,1,0,1,0,1,0,1,0,0,0,1,0,1,0,0
2521-NPUZR,0,1.52707195771217,1.19693126526461,2.10052957388058,1,1,0,1,0,0,1,0,0,1,0,1,0,1,0,1,0,0,0,1,0,1,0,1,0,0,0
8612-GXIDD,0,-0.833860662926278,-1.31174369158806,-0.872985980899732,1,1,1,1,0,1,0,1,1,0,1,0,1,0,1,0,1,0,1,0,0,1,1,0,0,0,0
0754-EEBDC,0,-1.15950654163503,-1.49425311305221,-0.976757173424254,1,1,1,1,0,0,0,1,1,0,1,0,1,0,1,0,1,0,1,0,0,1,0,0,0,1,0
7802-EFKNY,0,-1.11880080679644,-1.32667628061695,-0.966329562582463,1,1,0,0,1,0,0,0,0,0,0,0,0,0,0,0,0,0,0,0,0,0,1,0,1,0,1
7123-WQUHX,0,0.224488442877166,0.997830078212806,0.57265408047637,1,0,0,1,0,1,1,0,0,0,0,0,0,1,0,1,0,1,0,0,1,0,0,0,0,0,0
6923-JHPMP,0,-1.24091801131222,0.515009699612194,-0.950216159723779,0,0,0,1,0,0,1,0,0,1,0,0,0,1,0,0,0,0,0,0,0,0,1,0,1,0,0
2581-VKIRT,0,1.07930887448764,0.0189159085414611,0.658577593812731,0,1,1,1,0,1,0,0,0,1,0,1,0,0,0,1,0,0,0,0,1,0,0,0,0,1,0
3154-CFSZG,0,0.590840056424512,0.833571598895072,0.806056940413057,1,1,1,1,0,0,1,0,0,1,0,0,0,1,0,0,0,0,0,1,0,0,0,0,1,0,0
8220-OCUFY,0,-0.467509049378932,-0.155297630128863,-0.457923163666573,0,0,0,1,0,0,0,0,0,1,0,0,0,1,0,1,0,0,0,0,1,0,1,0,1,0,0
2656-FMOKZ,1,-0.711743458410496,0.315908512560395,-0.50738296835406,0,0,0,1,0,1,1,0,0,0,0,0,0,0,0,0,0,0,0,0,0,0,1,0,0,1,1
6637-KYRCV,0,-1.11880080679644,-1.14250768259403,-0.937000535035866,0,1,1,0,1,0,0,0,0,0,0,1,0,0,0,0,0,0,0,0,0,0,1,0,1,0,0
9474-PHLYD,0,-0.711743458410496,-0.181844455069103,-0.618486417765231,0,0,0,1,0,0,0,0,0,0,0,0,0,1,0,0,0,0,0,1,0,0,1,0,1,0,1
5376-PCKNB,0,1.60848342738936,1.31141444781939,2.26451747490833,1,1,1,1,0,1,1,0,0,0,0,1,0,1,0,0,0,1,0,1,1,0,1,1,0,0,0
7605-SNLQG,0,0.509428586747324,-0.487132941881862,-0.0350231736533736,0,1,0,1,0,0,0,0,0,0,0,0,0,1,0,0,0,0,0,0,0,0,1,1,0,0,0
1116-FRYVH,0,0.631545791263106,-0.847174255133865,-0.141670191483737,0,1,1,0,1,0,0,0,0,1,0,1,0,0,0,1,0,0,0,0,0,1,0,0,0,1,0
3629-ZNKXA,1,-0.630331988733308,1.22347809020484,-0.240984952427452,1,0,0,1,0,0,1,0,0,0,0,1,0,1,0,0,0,1,0,1,0,0,1,0,1,0,0
4011-ARPHK,0,-0.223274640347368,-0.483814588764331,-0.390747396980507,1,0,0,1,0,0,0,0,0,1,0,0,0,0,0,0,0,0,0,0,0,0,0,0,0,1,0
7446-KQISO,0,0.509428586747324,1.48728716304848,1.14125523503056,1,1,1,1,0,1,1,0,0,0,0,1,0,1,0,1,0,1,0,1,0,1,1,0,0,0,0
1465-VINDH,0,-0.915272132603466,1.23343314955744,-0.541124521751604,0,1,1,1,0,1,1,0,0,0,0,1,0,1,0,0,0,1,0,1,0,0,1,1,0,0,1
3716-UVSPD,0,-1.28162374615081,-0.518657296498397,-0.988765390541012,1,0,0,1,0,0,0,0,0,0,0,0,0,0,0,1,0,0,0,0,0,0,1,0,1,0,0
4391-LNRXK,0,-0.426803314540338,0.996170901654042,-0.069598935918261,1,0,0,1,0,0,1,0,0,0,0,1,0,1,0,1,0,0,0,1,0,0,1,0,0,0,0
1047-NNCBF,0,-0.508214784217526,0.186492740976725,-0.354656887035443,1,0,0,1,0,0,1,0,0,0,0,0,0,0,0,0,0,0,0,0,0,0,0,1,0,0,0
5215-LNLDJ,0,-1.03738933711925,-1.33497216341077,-0.944969425005488,0,1,1,0,1,0,0,0,0,0,0,0,0,0,0,0,0,0,0,0,0,0,1,0,1,0,0
6888-SBYAI,0,-1.28162374615081,-0.472200352852977,-0.988150710322969,1,0,0,1,0,0,0,0,0,1,0,0,0,0,0,0,0,0,0,0,0,0,1,0,0,1,0
4104-PVRPS,0,-0.34539184486315,-0.375968112444607,-0.432896897646274,1,1,0,1,0,0,0,0,0,1,0,0,0,0,0,1,0,0,0,0,0,0,0,0,0,1,0
5220-AGAAX,0,1.44566048803499,-1.35820063523348,-0.279687853299195,1,1,1,1,0,1,0,1,1,0,1,0,1,0,1,0,1,0,1,0,0,1,1,0,0,0,0
8875-AKBYH,1,-0.508214784217526,0.644425471195863,-0.244168117842314,1,0,0,1,0,1,1,0,0,0,0,0,0,0,0,0,0,1,0,0,0,0,1,0,1,0,0
7089-XXAYG,0,-0.304686110024556,-0.890312845661755,-0.584349712798946,1,1,0,0,1,0,0,0,0,0,0,0,0,1,0,0,0,1,0,0,1,0,1,1,0,0,0
6702-OHFWR,1,-1.28162374615081,-0.717758483550196,-0.991399734332622,1,0,0,0,1,0,0,0,0,0,0,1,0,1,0,0,0,0,0,1,0,0,1,0,1,0,1
6211-WHMYA,1,1.28283754868061,-0.69950754140378,0.197435713091319,0,0,0,0,1,0,0,0,0,0,0,1,0,0,0,1,0,1,0,0,0,0,1,0,1,0,0
4049-ZPALD,0,1.28283754868061,1.13056420291401,1.78893060906292,0,1,0,1,0,0,1,0,0,1,0,0,0,1,0,0,0,1,0,1,0,1,1,0,0,0,0
6286-ZHAOK,0,-0.508214784217526,-1.30676616191177,-0.787633242051553,0,1,1,1,0,1,0,1,1,0,1,0,1,0,1,0,1,0,1,0,0,0,1,0,0,0,0
0080-OROZO,0,0.102371238361384,1.13886008570783,0.540339463299282,0,0,0,1,0,0,1,0,0,0,0,0,0,1,0,1,0,1,0,1,1,0,1,0,1,0,0
0266-GMEAO,0,1.60848342738936,1.63827222989609,2.527754278285,1,1,1,1,0,1,1,0,0,1,0,1,0,1,0,1,0,1,0,1,0,1,1,1,0,0,0
8597-CWYHH,0,0.428017117070136,0.976260782948861,0.71126446964494,1,0,0,1,0,1,1,0,0,0,0,0,0,0,0,0,0,1,0,1,1,0,0,0,0,1,0
9391-LMANN,0,0.835074465456076,1.02935443282934,1.20107679196505,1,0,1,1,0,0,1,0,0,1,0,1,0,1,0,0,0,0,0,1,1,0,0,0,1,0,0
4656-CAURT,0,1.48636622287358,-1.35985981179225,-0.25826185712743,1,0,0,1,0,1,0,1,1,0,1,0,1,0,1,0,1,0,1,0,0,1,0,0,0,0,0
1660-HSOOQ,0,-1.28162374615081,-0.507043060587042,-0.988611720486501,1,0,0,1,0,0,0,0,0,0,0,0,0,1,0,0,0,0,0,0,0,0,1,0,0,1,1
6578-KRMAW,0,-0.0197459661543978,0.944736428332327,0.297672494362098,1,0,0,1,0,0,1,0,0,1,0,1,0,1,0,0,0,0,0,1,0,0,1,1,0,0,0
0825-CPPQH,0,1.56777769255077,-1.52079993799245,-0.407826725896114,0,1,0,1,0,0,0,1,1,0,1,0,1,0,1,0,1,0,1,0,0,1,0,1,0,0,0
8859-DZTGQ,0,0.0209597686841961,-1.47932052402333,-0.707571143651525,1,0,0,1,0,0,0,1,1,0,1,0,1,0,1,0,1,0,1,0,0,1,0,0,0,1,0
3675-YDUPJ,0,-0.915272132603466,-1.49591228961098,-0.925650903867011,1,0,0,1,0,0,0,1,1,0,1,0,1,0,1,0,1,0,1,0,0,0,1,0,0,1,0
6509-TSGWN,0,0.183782708038572,-1.276900983854,-0.610166281956728,0,1,1,1,0,1,0,1,1,0,1,0,1,0,1,0,1,0,1,0,0,0,0,0,0,1,0
1410-RSCMR,0,-1.03738933711925,0.213039565916965,-0.783967113608228,1,1,1,1,0,0,0,0,0,1,0,0,0,1,0,1,0,0,0,1,0,0,1,1,0,0,0
3164-YAXFY,0,0.997897404810452,-0.370990582768312,0.392816210969096,1,0,0,0,1,0,0,0,0,1,0,0,0,1,0,0,0,1,0,1,0,0,1,0,1,0,0
0932-YIXYU,0,0.590840056424512,-1.48263887714086,-0.558269709262002,0,0,0,1,0,0,0,1,1,0,1,0,1,0,1,0,1,0,1,0,0,1,0,1,0,0,0
0018-NYROU,0,-1.11880080679644,0.133399091096246,-0.856082274903565,0,1,0,1,0,0,1,0,0,0,0,0,0,0,0,0,0,0,0,0,0,0,1,0,1,0,0
4446-BZKHU,0,1.16072034416483,1.34791633211222,1.74750555293985,1,1,0,1,0,1,1,0,0,0,0,1,0,1,0,0,0,1,0,1,0,0,1,0,1,0,1
7101-HRBLJ,0,1.60848342738936,0.622856175931918,1.66647752848289,0,1,1,1,0,0,0,0,0,1,0,1,0,1,0,1,0,1,0,1,0,1,1,0,0,0,0
7601-GNDYK,0,0.102371238361384,-1.5042081724048,-0.70880050408761,1,1,1,1,0,0,0,1,1,0,1,0,1,0,1,0,1,0,1,0,0,1,0,0,0,1,0
7901-TBKJX,1,0.957191669971858,1.19859044182337,1.44567561301608,1,0,0,1,0,1,1,0,0,0,0,0,0,1,0,0,0,1,0,1,0,0,1,0,1,0,0
2974-GGUXS,1,0.143076973199978,0.896620308128142,0.438939180187209,0,1,0,1,0,1,1,0,0,0,0,1,0,0,0,0,0,1,0,0,0,0,1,1,0,0,0
3211-AAPKX,0,-0.508214784217526,1.11563161388512,-0.118268437468264,1,0,0,1,0,1,1,0,0,0,0,0,0,0,0,1,0,1,0,1,0,0,1,0,0,1,0
9184-GALIL,0,0.224488442877166,-1.4760021709058,-0.667397400829465,0,1,1,1,0,0,0,1,1,0,1,0,1,0,1,0,1,0,1,0,0,0,0,0,0,1,0
6680-NENYN,0,0.428017117070136,1.31639197749568,1.07943596738743,0,0,0,1,0,1,1,0,0,0,0,1,0,1,0,0,0,1,0,1,0,1,1,0,1,0,1
4884-ZTHVF,1,-0.996683602280654,0.735680181927937,-0.697099627079873,0,0,0,1,0,0,1,0,0,0,0,1,0,0,0,0,0,1,0,0,0,0,1,0,1,0,0
6202-JVYEU,0,-0.955977867442059,-1.49425311305221,-0.938142084012231,1,0,0,1,0,0,0,1,1,0,1,0,1,0,1,0,1,0,1,0,1,0,1,0,1,0,0
9742-XOKTS,0,1.40495475319639,0.816979833307422,1.64085853510948,1,1,1,1,0,1,1,0,0,1,0,1,0,0,0,1,0,0,0,0,1,0,0,0,1,0,0
5858-EAFCZ,0,-1.28162374615081,-0.679597422698601,-0.99089481843923,1,0,0,1,0,0,0,0,0,0,0,0,0,0,0,0,0,0,0,0,0,0,0,0,0,1,0
0877-SDMBN,0,0.87578020029467,1.29482268223174,1.46545514431809,0,0,0,1,0,1,1,0,0,1,0,0,0,1,0,0,0,1,0,1,1,0,1,0,0,0,1
5028-HTLJB,1,-1.28162374615081,-1.48927558337592,-1.00160781652511,1,0,0,1,0,0,0,1,1,0,1,0,1,0,1,0,1,0,1,0,0,0,0,0,0,1,1
7299-GNVPL,0,-0.386097579701744,0.646084647754628,-0.16002278656529,0,1,1,1,0,0,1,0,0,1,0,1,0,0,0,1,0,0,0,0,0,0,0,0,0,1,0
5609-CEBID,1,-0.508214784217526,0.967964900155036,-0.22783518633433,0,0,0,1,0,1,1,0,0,0,0,1,0,1,0,0,0,0,0,1,0,0,1,0,1,0,1
9314-IJWSQ,0,-0.75244919324909,0.659358060224748,-0.481829833575438,0,1,1,1,0,1,1,0,0,0,0,0,0,0,0,0,0,1,0,0,0,0,1,0,1,0,0
5651-WYIPH,1,-0.589626253894714,-0.500406354351981,-0.630297059097618,0,0,0,1,0,0,0,0,0,0,0,1,0,0,0,0,0,0,0,0,0,0,1,1,0,0,0
2834-SPCJV,0,0.794368730617482,0.636129588402038,0.898895606202395,1,1,0,1,0,0,1,0,0,1,0,0,0,0,0,0,0,1,0,0,0,0,0,0,1,0,1
7434-SHXLS,0,-1.28162374615081,-1.46106958187691,-1.0012346178213,0,0,0,1,0,0,0,1,1,0,1,0,1,0,1,0,1,0,1,0,0,0,0,0,0,1,1
7190-XHTWJ,0,0.224488442877166,-1.51416323175739,-0.67870312626846,0,0,0,1,0,0,0,1,1,0,1,0,1,0,1,0,1,0,1,0,1,0,0,0,0,1,0
9250-WYPLL,0,-1.11880080679644,0.352410396853224,-0.828794863795466,0,0,0,1,0,1,1,0,0,0,0,0,0,0,0,0,0,0,0,0,0,0,0,0,1,0,1
7989-CHGTL,0,-1.28162374615081,-1.5042081724048,-1.00180539230948,1,0,0,1,0,0,0,1,1,0,1,0,1,0,1,0,1,0,1,0,0,0,1,0,0,1,1
7402-EYFXX,1,-0.263980375185962,0.951373134567386,0.0451267362063746,1,0,0,1,0,1,1,0,0,0,0,0,0,0,0,0,0,1,0,1,0,0,1,0,1,0,0
6723-WSNTY,1,1.3642490183578,1.43253433660923,2.14287665033072,0,1,0,1,0,1,1,0,0,0,0,1,0,1,0,1,0,1,0,1,1,0,1,1,0,0,0
3399-BMLVW,0,0.753662995778888,-0.147001747335038,0.360084489358335,1,1,1,1,0,0,0,0,0,1,0,1,0,0,0,1,0,0,0,0,0,1,0,1,0,0,0
9494-MRNYX,0,-0.915272132603466,0.335818631265574,-0.665180161471527,1,0,0,1,0,1,1,0,0,0,0,0,0,0,0,0,0,0,0,0,0,0,0,0,1,0,0
0278-YXOOG,0,-1.11880080679644,-1.45609205220062,-0.960424241916269,1,0,0,1,0,0,0,1,1,0,1,0,1,0,1,0,1,0,1,0,0,0,0,0,0,1,1
3496-LFSZU,0,-1.15950654163503,0.18483356441796,-0.881240258113445,1,1,0,1,0,0,1,0,0,0,0,0,0,0,0,0,0,0,0,0,0,0,0,0,1,0,0
0060-FUALY,0,1.07930887448764,0.989534195418981,1.44727817215597,0,1,0,1,0,1,1,0,0,1,0,1,0,0,0,0,0,1,0,0,0,0,1,0,1,0,0
5956-VKDTT,1,-1.11880080679644,0.312590159442865,-0.863414531790214,0,1,0,1,0,1,1,0,0,0,0,0,0,0,0,0,0,0,0,0,0,0,1,0,1,0,1
7905-TVXTA,0,-1.11880080679644,-0.0192451523101339,-0.855577359010173,0,0,0,1,0,0,0,0,0,1,0,0,0,0,0,1,0,1,0,0,0,0,1,0,1,0,0
2637-FKFSY,0,-1.20021227647362,-0.624844596259356,-0.953267607949061,0,1,0,1,0,0,0,0,0,0,0,0,0,0,0,0,0,0,0,0,0,0,1,0,0,1,0
6137-MFAJN,0,0.631545791263106,-0.667983186787246,-0.0863928775897777,0,0,0,0,1,0,0,0,0,1,0,1,0,0,0,0,0,1,0,0,0,0,1,0,1,0,0
8237-ULIXL,0,1.60848342738936,-1.32999463373448,-0.188561510974404,0,1,0,1,0,1,0,1,1,0,1,0,1,0,1,0,1,0,1,0,0,1,0,1,0,0,0
8104-OSKWT,0,-0.833860662926278,0.493440404348249,-0.570826748002012,0,0,0,1,0,1,1,0,0,1,0,0,0,0,0,0,0,0,0,0,0,0,1,0,1,0,0
5649-ANRML,1,-1.24091801131222,1.00114843133034,-0.931270837289113,1,0,0,1,0,0,1,0,0,0,0,1,0,1,0,1,0,0,0,1,0,0,1,1,0,0,1
2266-SJNAT,0,1.60848342738936,1.4673770443433,2.40966981782607,0,1,0,1,0,1,1,0,0,0,0,1,0,1,0,1,0,1,0,1,1,0,0,1,0,0,0
6954-OOYZZ,0,-0.589626253894714,-0.682915775816131,-0.673192957171008,1,1,0,1,0,0,0,0,0,0,0,0,0,0,0,0,0,0,0,0,0,0,1,0,0,0,0
3230-IUALN,0,0.509428586747324,0.533260641758609,0.541041954977044,0,1,1,1,0,0,0,0,0,1,0,0,0,1,0,1,0,1,0,1,0,1,1,0,0,1,0
8486-AYEQH,0,-0.0604517009929918,0.369002162440874,-0.0322790655371127,0,0,0,1,0,1,1,0,0,0,0,0,0,0,0,0,0,0,0,0,0,0,1,0,1,0,0
0380-ZCSBI,0,-0.915272132603466,-1.49093475993468,-0.923170230129911,1,0,0,1,0,0,0,1,1,0,1,0,1,0,1,0,1,0,1,0,0,0,0,1,0,0,0
2479-BRAMR,1,0.346605647392948,0.624515352490683,0.426865104475661,1,1,0,1,0,1,1,0,0,1,0,0,0,1,0,0,0,0,0,0,0,0,1,0,0,0,1
9734-UYXQI,0,-1.24091801131222,-0.515338943380866,-0.963629360196062,0,0,0,1,0,1,0,0,0,0,0,0,0,0,0,0,0,0,0,0,0,0,1,0,1,0,1
6993-OHLXR,0,-1.24091801131222,0.133399091096246,-0.957833803854519,0,0,0,1,0,0,1,0,0,0,0,0,0,0,0,0,0,0,0,0,0,0,0,0,1,0,1
9711-FJTBX,0,0.957191669971858,0.694200767958813,1.09434196267496,1,1,1,1,0,0,1,0,0,0,0,1,0,1,0,1,0,0,0,0,1,0,1,0,0,1,0
0218-QNVAS,0,1.56777769255077,1.18199867623572,2.11293294256608,1,1,1,1,0,1,1,0,0,0,0,1,0,0,0,0,0,1,0,1,1,0,0,0,0,0,0
7319-ZNRTR,0,-0.304686110024556,-1.5042081724048,-0.829892507041971,1,1,1,1,0,0,0,1,1,0,1,0,1,0,1,0,1,0,1,0,1,0,0,0,1,0,0
1093-YSWCA,0,-0.874566397764872,-1.50586734896357,-0.912435279179099,1,0,0,1,0,0,0,1,1,0,1,0,1,0,1,0,1,0,1,0,0,1,0,1,0,0,0
5348-CAGXB,0,-0.833860662926278,0.816979833307422,-0.561804120515746,1,0,0,1,0,1,1,0,0,0,0,0,0,1,0,0,0,1,0,0,0,0,1,0,1,0,0
2302-OUZXB,0,1.60848342738936,0.571421702610204,1.52922821693999,1,1,0,1,0,1,0,0,0,0,0,1,0,1,0,0,0,1,0,1,0,1,0,0,0,0,0
1043-UXOVO,0,1.56777769255077,1.6001111690445,2.49910578955124,0,0,0,1,0,1,1,0,0,1,0,1,0,1,0,1,0,1,0,1,0,1,1,1,0,0,0
9057-MSWCO,1,-0.223274640347368,-1.13421179980021,-0.656925884257814,1,1,0,0,1,0,0,0,0,1,0,0,0,0,0,0,0,0,0,0,0,0,0,1,0,0,1
8008-HAWED,0,-0.75244919324909,-0.470541176294212,-0.697472825783685,1,0,0,0,1,0,0,0,0,0,0,0,0,1,0,0,0,1,0,1,0,0,1,0,1,0,1
3633-CDBUW,0,-0.630331988733308,0.528283112082313,-0.375556014448886,1,0,1,1,0,0,0,0,0,0,0,1,0,1,0,1,0,1,0,1,1,0,0,0,1,0,0
8267-ZNYVZ,0,0.0209597686841961,1.28818597599668,0.465282618103314,0,1,0,1,0,0,1,0,0,1,0,0,0,1,0,1,0,1,0,1,1,0,1,0,1,0,1
3247-ZVOUO,1,-0.915272132603466,0.684245708606223,-0.636443861278042,1,1,0,1,0,1,1,0,0,0,0,0,0,0,0,0,0,0,0,1,0,0,0,0,1,0,1
8868-GAGIO,0,0.509428586747324,0.651062177430923,0.620225938779869,1,1,0,1,0,1,1,0,0,1,0,0,0,1,0,0,0,0,0,0,0,0,1,0,0,1,0
4990-ALDGW,0,0.997897404810452,-1.46604711155321,-0.519193609686447,1,0,0,1,0,0,0,1,1,0,1,0,1,0,1,0,1,0,1,0,0,1,0,0,0,1,0
3941-XTSKM,0,0.387311382231542,-0.658028127434656,-0.110760557662174,1,1,1,0,1,0,0,0,0,0,0,1,0,1,0,0,0,0,0,1,1,0,1,1,0,0,0
2275-RBYQS,0,-1.28162374615081,-0.648073068082066,-0.990477714005559,0,0,0,1,0,0,0,0,0,0,0,0,0,0,0,0,0,0,0,0,0,0,1,0,0,1,0
3345-PBBFH,0,-0.996683602280654,-0.510361413704572,-0.837663821227222,1,1,0,1,0,0,0,0,0,0,0,1,0,0,0,0,0,0,0,0,0,0,1,0,0,0,0
0516-QREYC,1,-0.34539184486315,-1.48097970058209,-0.808466510870206,0,0,0,1,0,0,0,1,1,0,1,0,1,0,1,0,1,0,1,0,0,0,1,0,0,1,0
4277-UDIEF,0,-0.34539184486315,0.533260641758609,-0.165730531447113,1,1,1,1,0,1,0,0,0,1,0,0,0,0,0,1,0,1,0,1,0,0,0,0,0,0,0
5871-DGTXZ,0,-0.0197459661543978,-1.49757146616974,-0.743595795001798,1,0,0,1,0,0,0,1,1,0,1,0,1,0,1,0,1,0,1,0,1,0,0,0,0,1,0
4581-SSPWD,0,-1.20021227647362,0.360706279647049,-0.902271102716468,0,0,0,1,0,1,1,0,0,0,0,0,0,0,0,0,0,0,0,0,0,0,1,0,1,0,1
7480-QNVZJ,1,0.712957260940294,1.02105855003552,1.10439637481294,1,0,0,1,0,1,1,0,0,0,0,0,0,0,0,0,0,1,0,1,0,0,1,0,1,0,1
8205-MQUGY,0,-0.833860662926278,-0.521975649615926,-0.759643339265692,1,1,1,1,0,0,0,0,0,1,0,0,0,0,0,0,0,0,0,0,0,0,1,0,1,0,0
2657-VPXTA,0,-0.915272132603466,0.793751361484712,-0.602329109176687,0,1,1,1,0,0,1,0,0,0,0,0,0,0,0,0,0,1,0,1,0,0,1,0,1,0,0
0366-NQSHS,0,-1.24091801131222,-1.51250405519863,-0.990060609571887,1,0,0,1,0,0,0,1,1,0,1,0,1,0,1,0,1,0,1,0,0,0,0,0,0,1,0
2660-EMUBI,1,-0.915272132603466,1.00944431412416,-0.615983791163201,1,0,0,1,0,1,1,0,0,0,0,0,0,0,0,0,0,1,0,1,0,0,1,0,1,0,1
0564-JJHGS,0,-0.955977867442059,1.01442184380046,-0.646388509091372,1,0,0,1,0,1,1,0,0,0,0,0,0,0,0,0,0,1,0,1,0,0,1,0,1,0,1
3389-YGYAI,1,-0.996683602280654,1.34625715555346,-0.646190933307001,0,0,0,1,0,1,1,0,0,0,0,1,0,1,0,0,0,1,0,1,0,0,1,0,1,0,1
0617-FHSGK,0,0.6722515261017,0.34079616094187,0.604573546084717,1,0,1,1,0,1,1,0,0,0,0,0,0,0,0,0,0,0,0,0,0,0,0,1,0,0,1
0927-LCSMG,0,-1.03738933711925,0.322545218795455,-0.771322263408498,1,0,0,1,0,0,1,0,0,0,0,0,0,1,0,0,0,0,0,0,0,0,0,0,0,1,1
3195-TQDZX,0,-1.20021227647362,-1.48263887714086,-0.983430844363001,1,0,0,1,0,0,0,1,1,0,1,0,1,0,1,0,1,0,1,0,0,0,1,0,1,0,0
1644-IRKSF,0,0.0209597686841961,0.958009840802447,0.361423614119071,0,1,1,1,0,0,1,0,0,0,0,0,0,1,0,0,0,1,0,1,1,0,1,0,1,0,1
5118-MUEYH,0,0.631545791263106,1.33298374308333,1.22155881494482,0,1,0,1,0,1,1,0,0,0,0,1,0,0,0,1,0,1,0,1,0,0,1,1,0,0,0
9398-MMQTO,0,-1.20021227647362,0.315908512560395,-0.913335346641232,1,0,0,1,0,0,1,0,0,0,0,1,0,0,0,0,0,0,0,0,0,0,0,1,0,0,0
9411-TPQQV,0,0.305899912554354,-0.344443757828072,-0.0285909842288583,0,0,0,0,1,0,0,0,0,1,0,0,0,0,0,1,0,1,0,1,1,0,1,0,0,0,0
2058-DCJBE,0,-1.11880080679644,0.159945916036485,-0.867892916235952,1,0,0,1,0,0,1,0,0,0,0,0,0,0,0,0,0,0,0,0,0,0,1,0,1,0,1
3387-VATUS,0,-1.11880080679644,0.992852548536511,-0.807215197569191,1,0,0,1,0,1,1,0,0,0,0,0,0,0,0,0,0,1,0,1,0,0,1,0,0,0,1
5760-IFJOZ,0,-1.20021227647362,1.42755680693294,-0.872722546520571,1,0,0,1,0,1,1,0,0,0,0,1,0,1,0,0,0,1,0,1,0,0,0,0,0,1,0
7771-CFQRQ,0,0.590840056424512,-0.0374960944565488,0.309944145858016,0,1,1,1,0,0,0,0,0,0,0,1,0,0,0,1,0,0,0,1,0,1,0,0,0,0,0
8461-EFQYM,0,0.224488442877166,-1.34990475243966,-0.608936921520643,0,0,0,1,0,1,0,1,1,0,1,0,1,0,1,0,1,0,1,0,1,0,1,0,1,0,0
5397-NSKQG,0,1.40495475319639,-0.465563646617917,0.430421468594335,1,1,1,0,1,0,0,0,0,1,0,0,0,0,0,0,0,1,0,1,0,1,0,1,0,0,0
1178-PZGAB,0,-0.54892051905612,-1.48263887714086,-0.841966582753519,0,0,0,1,0,0,0,1,1,0,1,0,1,0,1,0,1,0,1,0,1,0,0,1,0,0,0
1098-KFQEC,0,0.916485935133264,-1.51084487863986,-0.534911860976389,0,1,1,1,0,0,0,1,1,0,1,0,1,0,1,0,1,0,1,0,0,1,0,1,0,0,0
6994-FGRHH,0,1.52707195771217,1.3678264508174,2.27158629741582,1,1,1,1,0,0,1,0,0,0,0,1,0,1,0,1,0,1,0,1,1,0,1,0,1,0,0
0104-PPXDV,0,1.03860313964905,-0.485473765323097,0.253437471527972,1,1,0,1,0,0,0,0,0,0,0,0,0,1,0,0,0,0,0,0,1,0,0,1,0,0,0
0325-XBFAC,0,-0.996683602280654,0.987875018860217,-0.685376797207207,1,0,0,1,0,0,1,0,0,0,0,0,0,1,0,0,0,1,0,1,0,0,1,0,1,0,1
5729-KLZAR,0,-1.15950654163503,0.528283112082313,-0.8774863182104,0,1,1,1,0,0,1,0,0,0,0,0,0,0,0,0,0,0,0,1,0,0,0,0,1,0,1
5948-UJZLF,0,-1.24091801131222,-0.520316473057161,-0.967822357397709,1,0,0,1,0,0,0,0,0,0,0,1,0,0,0,0,0,0,0,0,0,0,0,0,0,1,0
9763-GRSKD,0,-0.793154928087684,-0.497088001234451,-0.752486705298483,1,1,1,1,0,0,0,0,0,1,0,0,0,0,0,0,0,0,0,0,0,0,1,0,0,1,0
4919-MOAVT,0,-1.20021227647362,0.156627562918956,-0.913774403939834,1,0,1,1,0,0,1,0,0,0,0,0,0,0,0,0,0,0,0,0,0,0,0,0,1,0,1
0621-JFHOL,0,-0.915272132603466,-1.1723728606518,-0.879110830215226,0,0,0,0,1,0,0,0,0,0,0,0,0,0,0,1,0,0,0,0,0,1,1,0,0,1,0
2669-OIDSD,0,0.631545791263106,1.16540691064807,1.11199206607875,0,1,0,1,0,0,1,0,0,0,0,0,0,1,0,1,0,1,0,1,0,0,1,1,0,0,0
6860-YRJZP,1,-0.955977867442059,0.302635100090275,-0.712532491125725,1,0,0,1,0,1,1,0,0,0,0,0,0,0,0,0,0,0,0,0,0,0,1,0,1,0,0
8019-ENHXU,0,0.387311382231542,1.14549679194289,0.806430139116868,1,1,0,1,0,1,1,0,0,0,0,1,0,1,0,1,0,0,0,1,0,0,1,0,1,0,1
5622-UEJFI,0,0.102371238361384,-1.31174369158806,-0.593394293150141,0,1,1,1,0,1,0,1,1,0,1,0,1,0,1,0,1,0,1,0,0,1,1,1,0,0,0
7580-UGXNC,1,-1.24091801131222,-0.334488698475482,-0.964661144847776,0,0,0,1,0,0,0,0,0,1,0,1,0,0,0,0,0,0,0,0,0,0,0,0,0,1,1
4115-UMJFQ,0,1.48636622287358,-0.968294143923709,0.0838296370781183,1,0,0,0,1,0,0,0,0,0,0,1,0,1,0,0,0,0,0,0,1,0,1,0,0,0,0
4760-XOHVN,0,-1.28162374615081,-1.5091857020811,-1.00187125090427,0,1,1,1,0,0,0,1,1,0,1,0,1,0,1,0,1,0,1,0,0,0,0,0,0,1,1
9375-MHRRS,0,-1.07809507195784,-0.493769648116922,-0.883808743310265,1,0,0,1,0,0,0,0,0,0,0,0,0,0,0,1,0,0,0,0,0,0,0,0,0,1,0
1156-ZFYDO,0,-1.28162374615081,-1.49923064272851,-1.00173953371469,0,0,0,1,0,0,0,1,1,0,1,0,1,0,1,0,1,0,1,0,0,0,0,0,1,0,0
8234-GSZYK,0,0.428017117070136,-1.276900983854,-0.523035361049212,1,0,0,1,0,1,0,1,1,0,1,0,1,0,1,0,1,0,1,0,0,1,0,0,0,0,0
3460-TJBWI,0,-0.34539184486315,-1.35156392899842,-0.743003067648686,1,1,1,1,0,1,0,1,1,0,1,0,1,0,1,0,1,0,1,0,0,1,0,0,0,1,0
4568-TTZRT,0,-0.955977867442059,-1.47766134746456,-0.930590298476281,1,0,0,1,0,0,0,1,1,0,1,0,1,0,1,0,1,0,1,0,0,0,0,0,0,1,0
3323-CPBWR,0,-0.386097579701744,1.06087878744588,-0.0947788719930711,1,0,0,1,0,1,1,0,0,0,0,0,0,1,0,1,0,1,0,0,0,0,1,1,0,0,0
2900-PHPLN,1,1.52707195771217,-1.50586734896357,-0.368487191941398,0,1,0,1,0,0,0,1,1,0,1,0,1,0,1,0,1,0,1,0,0,1,1,1,0,0,0
8637-XJIVR,0,-0.833860662926278,0.465234402849244,-0.603251129503751,0,0,0,1,0,1,1,0,0,1,0,0,0,0,0,0,0,0,0,0,0,0,1,0,1,0,1
7128-GGCNO,0,0.550134321585918,0.26115568612115,0.416261870714429,1,0,0,1,0,1,1,0,0,0,0,0,0,0,0,0,0,0,0,0,0,0,0,0,0,0,0
9565-AXSMR,0,0.794368730617482,-1.51748158487492,-0.547315229661888,1,1,1,1,0,0,0,1,1,0,1,0,1,0,1,0,1,0,1,0,0,1,0,0,0,1,0
7684-XSZIY,0,1.60848342738936,-1.34824557588089,-0.288930009434762,1,1,1,1,0,1,0,1,1,0,1,0,1,0,1,0,1,0,1,0,0,1,0,0,0,0,0
8854-CCVSQ,0,-0.589626253894714,0.521646405847254,-0.372943623522206,1,0,0,1,0,1,1,0,0,0,0,1,0,0,0,0,0,0,0,0,0,0,1,0,1,0,1
5840-NVDCG,0,-0.671037723571902,0.110170619273536,-0.520927886015924,0,1,1,1,0,0,0,0,0,1,0,1,0,0,0,1,0,0,0,1,0,1,0,0,0,0,0
2845-KDHVX,0,1.28283754868061,0.111829795832301,0.912133183755238,0,1,0,1,0,0,0,0,0,0,0,1,0,1,0,1,0,0,0,1,0,1,1,0,0,1,0
5968-VXZLG,0,-1.24091801131222,-0.608252830671706,-0.971817778814984,1,0,0,1,0,0,0,0,0,0,0,0,0,0,0,0,0,0,0,0,0,0,1,0,0,0,0
9548-ZMVTX,0,1.60848342738936,0.846845011365192,1.87237344866218,1,1,1,1,0,1,1,0,0,0,0,1,0,1,0,1,0,0,0,0,0,1,0,0,0,0,0
5125-CNDSP,0,1.24213181384202,-0.807354017723505,0.126286477852907,1,0,1,0,1,0,0,0,0,1,0,1,0,0,0,1,0,0,0,0,1,0,1,0,0,0,0
6653-CBBOM,0,-1.28162374615081,0.1781968581829,-0.979545187270375,0,0,0,1,0,0,1,0,0,0,0,0,0,0,0,0,0,0,0,0,0,0,1,0,1,0,1
1934-SJVJK,0,-1.28162374615081,-1.48595723025839,-1.00156391079525,1,0,0,1,0,0,0,1,1,0,1,0,1,0,1,0,1,0,1,0,0,0,0,0,0,1,1
9581-GVBXT,0,1.07930887448764,-0.999818498540244,-0.140945746941044,1,1,1,0,1,0,0,0,0,1,0,0,0,1,0,0,0,0,0,0,1,0,0,0,0,1,0
3404-JNXAX,0,0.753662995778888,0.524964758964784,0.797144077251441,0,1,1,1,0,1,1,0,0,0,0,0,0,0,0,1,0,0,0,0,0,0,1,0,1,0,0
6505-OZNPG,0,-1.07809507195784,-0.0507695069266687,-0.857267729609789,0,0,0,0,1,0,0,0,0,1,0,1,0,1,0,1,0,1,0,1,0,1,1,0,0,1,0
0602-DDUML,0,0.997897404810452,0.159945916036485,0.699453828312554,0,0,0,1,0,0,0,0,0,0,0,1,0,1,0,1,0,1,0,0,0,1,0,0,0,1,0
6199-IWKGC,1,0.550134321585918,1.17204361688313,1.07680162359582,0,1,0,1,0,1,1,0,0,0,0,0,0,0,0,1,0,1,0,1,1,0,0,0,1,0,0
8645-KWHJO,0,-0.75244919324909,-0.329511168799187,-0.671480633706462,1,0,0,0,1,0,0,0,0,0,0,0,0,1,0,1,0,1,0,1,0,0,1,0,1,0,0
9530-EHPOH,0,-0.874566397764872,-0.370990582768312,-0.743464077812217,1,0,0,1,0,1,0,0,0,0,0,0,0,1,0,0,0,0,0,0,0,0,0,0,1,0,1
2393-DIVAI,0,-1.20021227647362,-1.49093475993468,-0.98332108003835,0,0,0,1,0,0,0,1,1,0,1,0,1,0,1,0,1,0,1,0,0,0,1,0,0,1,0
2150-WLKUW,0,0.305899912554354,-0.0341777413390187,0.146505066453517,0,1,0,1,0,1,0,0,0,0,0,1,0,0,0,0,0,1,0,0,1,0,0,0,0,0,0
6538-POCHL,0,0.0209597686841961,0.466893579408009,0.120951931674896,1,0,0,1,0,0,1,0,0,0,0,1,0,1,0,0,0,0,0,0,0,0,1,1,0,0,0
4299-SIMNS,0,-0.955977867442059,0.538238171434904,-0.66599241747394,1,0,0,1,0,1,1,0,0,1,0,0,0,0,0,0,0,0,0,0,0,0,1,0,1,0,0
2150-UWTFY,0,-0.426803314540338,-0.125432452071093,-0.386049483885468,0,1,1,1,0,0,0,0,0,1,0,1,0,1,0,0,0,0,0,0,0,0,0,0,0,1,1
4452-ROHMO,0,-0.711743458410496,-1.5042081724048,-0.86481951514574,0,0,0,1,0,0,0,1,1,0,1,0,1,0,1,0,1,0,1,0,0,1,0,0,0,1,0
4367-NUYAO,0,-1.32232948098941,-1.30012945567671,-0.396839316998606,1,1,1,1,0,1,0,1,1,0,1,0,1,0,1,0,1,0,1,0,0,1,0,0,0,1,0
8617-ENBDS,0,-1.20021227647362,0.28770251106139,-0.908330093437172,1,0,0,1,0,0,1,0,0,0,0,0,0,1,0,0,0,0,0,0,0,0,1,1,0,0,0
0689-NKYLF,0,-0.793154928087684,0.606264410344268,-0.544746744465068,1,0,0,1,0,0,1,0,0,0,0,0,0,1,0,0,0,1,0,0,0,0,1,0,1,0,1
7047-YXDMZ,0,-0.467509049378932,-1.49093475993468,-0.827016681736129,1,0,0,1,0,0,0,1,1,0,1,0,1,0,1,0,1,0,1,0,0,0,0,0,0,1,0
6218-KNUBD,0,-1.07809507195784,-0.181844455069103,-0.853404025382094,1,0,0,1,0,0,0,0,0,0,0,1,0,0,0,0,0,1,0,0,0,0,0,0,1,0,0
8584-KMVXD,0,-0.996683602280654,0.354069573411989,-0.775273779095914,0,0,0,1,0,0,1,0,0,0,0,1,0,0,0,0,0,0,0,0,0,0,0,0,1,0,0
1763-WQFUK,0,-1.20021227647362,-0.478837059088037,-0.94554019949367,1,0,0,1,0,0,0,0,0,0,0,0,0,0,0,1,0,0,0,0,0,0,1,0,0,1,0
8043-PNYSD,0,1.24213181384202,-1.50586734896357,-0.463521144223746,1,1,1,1,0,0,0,1,1,0,1,0,1,0,1,0,1,0,1,0,0,1,0,0,0,1,0
9447-YPTBX,0,0.712957260940294,-1.49591228961098,-0.596335977050773,0,1,0,1,0,0,0,1,1,0,1,0,1,0,1,0,1,0,1,0,1,0,1,0,0,0,0
6067-NGCEU,0,1.3235432835192,1.53042575357637,2.10996930580052,0,0,0,1,0,1,1,0,0,1,0,1,0,1,0,0,0,1,0,1,0,0,1,1,0,0,0
6896-SRVYQ,1,0.46872285190873,0.295998393855214,0.360501593792007,1,0,0,1,0,0,1,0,0,0,0,0,0,1,0,0,0,0,0,0,0,0,0,0,1,0,0
3097-NNSPB,0,-1.24091801131222,-0.526953179292221,-0.970412795459459,0,0,0,1,0,0,0,0,0,0,0,1,0,0,0,0,0,0,0,0,0,0,1,1,0,0,1
1184-PJVDB,0,-0.915272132603466,0.498417934024544,-0.634050999000663,1,1,0,1,0,0,1,0,0,0,0,0,0,0,0,0,0,1,0,0,0,0,1,0,1,0,1
8634-MPHTR,1,0.590840056424512,1.16540691064807,1.12825913899195,1,1,0,1,0,1,1,0,0,0,0,0,0,1,0,0,0,1,0,1,0,0,1,0,1,0,1
6265-SXWBU,0,1.48636622287358,1.02271772659428,1.84840092015853,1,1,1,1,0,1,1,0,0,0,0,1,0,1,0,0,0,1,0,0,1,0,0,1,0,0,0
2894-QOJRX,0,-0.304686110024556,-1.02636532348048,-0.63589503965479,0,1,0,0,1,0,0,0,0,0,0,0,0,0,0,0,0,1,0,0,0,0,1,0,0,0,1
5311-IHLEI,0,-0.833860662926278,-0.463904470059151,-0.744451956734071,1,0,0,0,1,0,0,0,0,1,0,1,0,0,0,1,0,1,0,0,0,0,1,0,0,0,0
5605-XNWEN,1,1.60848342738936,-1.32501710405818,-0.218988181767504,1,1,0,1,0,1,0,1,1,0,1,0,1,0,1,0,1,0,1,0,0,1,1,0,0,0,0
6447-GORXK,0,-0.0604517009929918,-1.32501710405818,-0.663906895305581,1,0,1,0,1,0,0,0,0,0,0,0,0,0,0,0,0,0,0,0,0,0,0,1,0,0,0
7908-QCBCA,0,-1.28162374615081,0.148331680125131,-0.979940338839117,0,1,0,1,0,0,1,0,0,0,0,0,0,0,0,0,0,0,0,0,0,0,1,0,0,1,1
9139-TWBAS,0,-0.263980375185962,-0.566773416702581,-0.487713201376702,0,1,0,0,1,0,0,0,0,1,0,1,0,1,0,0,0,1,0,0,1,0,0,0,0,0,0
5949-XIKAE,0,-0.996683602280654,0.617878646255623,-0.711829999447962,0,1,1,1,0,0,1,0,0,0,0,1,0,0,0,0,0,1,0,0,0,0,1,0,1,0,1
6522-YRBXD,1,0.102371238361384,0.982897489183921,0.467192517352231,1,1,0,1,0,1,1,0,0,1,0,1,0,0,0,0,0,0,0,1,0,0,1,0,1,0,0
7272-QDCKA,0,-0.182568905508774,1.17038444032437,0.16997267906378,1,0,0,1,0,1,1,0,0,0,0,1,0,0,0,0,0,1,0,1,1,0,0,0,1,0,0
5149-TGWDZ,0,-0.467509049378932,1.31473280093692,-0.0271860008733326,0,0,0,1,0,0,1,0,0,0,0,1,0,1,0,1,0,1,0,1,1,0,1,0,0,1,0
6507-DTJZV,0,-0.793154928087684,0.0487810865992311,-0.645225007250077,1,0,1,1,0,0,0,0,0,0,0,0,0,0,0,0,0,1,0,1,0,0,0,1,0,0,0
7730-CLDSV,0,1.60848342738936,1.11894996700265,2.11982614215413,0,1,1,1,0,1,1,0,0,0,0,1,0,1,0,1,0,0,0,1,0,1,1,0,0,0,0
0415-MOSGF,0,-1.28162374615081,-0.681256599257366,-0.99091677130416,0,0,0,1,0,0,0,0,0,0,0,0,0,0,0,0,0,0,0,0,0,0,0,0,0,1,1
6060-QBMGV,0,1.52707195771217,-1.49591228961098,-0.380890560626898,1,1,0,1,0,0,0,1,1,0,1,0,1,0,1,0,1,0,1,0,0,1,0,1,0,0,0
4398-HSCJH,0,-1.20021227647362,-0.0441328006916086,-0.942071646834716,0,0,0,1,0,1,0,0,0,0,0,0,0,0,0,1,0,1,0,0,0,0,1,0,1,0,1
8474-UMLNT,0,-0.793154928087684,0.0952380302446506,-0.640614905614759,0,0,0,1,0,0,0,0,0,1,0,1,0,0,0,1,0,0,0,1,0,0,0,0,0,0,0
7923-IYJWY,1,1.40495475319639,1.69800258601163,2.4317324470808,1,0,0,1,0,1,1,0,0,1,0,1,0,1,0,1,0,1,0,1,0,1,1,1,0,0,0
8550-XSXUQ,0,0.631545791263106,0.186492740976725,0.491384574505187,1,1,0,1,0,1,0,0,0,0,0,1,0,1,0,0,0,0,0,1,1,0,1,1,0,0,0
2080-CAZNM,1,0.346605647392948,1.30975527126063,0.804630004192601,0,0,0,1,0,1,1,0,0,0,0,1,0,1,0,0,0,1,0,1,0,0,1,0,1,0,0
6169-PGNCD,0,0.997897404810452,0.3109309828841,0.818855460667298,0,0,0,1,0,0,0,0,0,1,0,1,0,1,0,1,0,1,0,0,0,1,1,1,0,0,0
8950-MTZNV,0,-1.28162374615081,-0.663005657110951,-0.990675289789929,1,0,0,1,0,0,0,0,0,0,0,0,0,0,0,0,0,0,0,0,0,0,1,0,0,1,0
4526-EXKKN,0,0.305899912554354,-1.3382905165283,-0.582791059388909,1,0,0,1,0,1,0,1,1,0,1,0,1,0,1,0,1,0,1,0,0,1,1,0,0,1,0
6894-LFHLY,1,-1.28162374615081,0.359047103088285,-0.977152324992996,1,0,0,1,0,1,1,0,0,0,0,0,0,0,0,0,0,0,0,0,0,0,1,0,1,0,1
6082-OQFBA,0,-0.386097579701744,-1.50254899584604,-0.818586781602976,1,1,1,1,0,0,0,1,1,0,1,0,1,0,1,0,1,0,1,0,1,0,0,0,0,1,0
2348-KCJLT,0,0.46872285190873,-0.113818216159738,0.184790862891589,0,1,0,1,0,0,0,0,0,1,0,1,0,1,0,0,0,0,0,0,1,0,1,0,0,1,0
4910-AQFFX,0,-0.955977867442059,0.478507815319364,-0.720084276661675,1,1,1,1,0,1,1,0,0,0,0,0,0,1,0,0,0,0,0,0,0,0,1,0,0,0,1
4818-DRBQT,0,-0.14186317067018,0.505054640259604,-0.0158363697044775,1,1,0,1,0,1,1,0,0,0,0,1,0,0,0,0,0,0,0,0,0,0,1,0,0,0,1
5206-HPJKM,0,-0.630331988733308,-0.312919403211537,-0.600265539873259,1,0,0,1,0,0,0,0,0,1,0,1,0,0,0,0,0,0,0,0,0,0,1,1,0,0,0
3205-MXZRA,0,-0.263980375185962,-0.181844455069103,-0.34875156636925,1,0,0,1,0,0,0,0,0,0,0,0,0,0,0,1,0,1,0,0,1,0,0,1,0,0,0
4682-BLBUC,0,0.46872285190873,0.199766153446845,0.41672288087796,1,1,0,1,0,0,0,0,0,0,0,1,0,1,0,1,0,1,0,0,1,0,1,0,1,0,0
1621-YNCJH,0,0.143076973199978,1.36450809769987,0.673110390396449,0,1,0,1,0,1,1,0,0,1,0,1,0,1,0,1,0,0,0,1,0,1,1,1,0,0,0
2868-LLSKM,0,1.44566048803499,0.621196999373153,1.50688020044116,0,1,1,1,0,1,1,0,0,0,0,1,0,0,0,1,0,0,0,0,1,0,1,0,0,0,0
5882-CMAZQ,0,-1.11880080679644,-1.01806944068666,-0.938603094175762,0,1,1,0,1,0,0,0,0,0,0,1,0,0,0,1,0,0,0,0,0,0,0,0,1,0,0
8276-MQBYC,1,0.753662995778888,1.09074396550365,1.14680930985787,1,0,0,1,0,1,1,0,0,0,0,0,0,1,0,0,0,1,0,1,0,0,1,0,1,0,1
7164-BPTUT,0,0.997897404810452,0.816979833307422,1.19029793528437,1,0,1,1,0,1,0,0,0,1,0,1,0,1,0,1,0,1,0,1,0,1,0,0,0,1,0
5115-GZDEL,0,1.60848342738936,0.0753279115394709,1.04073306651569,1,0,1,0,1,0,0,0,0,1,0,1,0,1,0,1,0,1,0,1,0,1,0,1,0,0,0
0356-ERHVT,0,-0.874566397764872,-0.631481302494416,-0.781266911221828,1,1,0,1,0,0,0,0,0,0,0,0,0,0,0,0,0,0,0,0,0,0,1,0,0,0,0
0319-QZTCO,0,-1.20021227647362,-0.206732103450578,-0.936385854817824,0,1,1,1,0,0,0,0,0,0,0,1,0,0,0,0,0,1,0,0,0,0,1,1,0,0,0
4824-GUCBY,1,-0.426803314540338,0.556489113581319,-0.210931480338162,0,0,0,1,0,0,1,0,0,1,0,1,0,0,0,0,0,0,0,0,0,0,0,0,1,0,0
8164-OCKUJ,0,1.07930887448764,-1.4710246412295,-0.445783229360235,0,1,1,1,0,0,0,1,1,0,1,0,1,0,1,0,1,0,1,0,0,1,0,0,0,1,0
2830-LEWOA,0,1.16072034416483,1.29316350567298,1.82113546191536,1,1,1,1,0,0,1,0,0,0,0,1,0,1,0,1,0,1,0,1,1,0,0,1,0,0,0
8406-LNMHF,1,1.07930887448764,0.597968527550443,1.14235287827706,1,1,0,1,0,0,1,0,0,1,0,1,0,1,0,0,0,0,0,0,1,0,1,1,0,0,0
7982-VCELR,0,0.143076973199978,0.991193371977746,0.55511374139723,0,0,0,1,0,0,1,0,0,0,0,1,0,0,0,0,0,1,0,1,0,0,1,1,0,0,0
2439-QKJUL,0,-1.11880080679644,-1.48263887714086,-0.962202423975606,1,0,0,1,0,0,0,1,1,0,1,0,1,0,1,0,1,0,1,0,0,0,0,0,0,1,0
2740-TVLFN,0,-1.28162374615081,-0.490451294999392,-0.9883921918372,1,0,0,1,0,1,0,0,0,0,0,0,0,0,0,0,0,0,0,0,0,0,1,0,1,0,0
8224-DWCKX,1,-0.833860662926278,0.2777474517088,-0.646849519254904,1,0,0,1,0,1,1,0,0,0,0,0,0,0,0,0,0,0,0,0,0,0,1,1,0,0,0
5088-QZLRL,0,-1.28162374615081,-1.46936546467074,-1.00134438214595,1,0,0,1,0,0,0,1,1,0,1,0,1,0,1,0,1,0,1,0,0,0,0,0,1,0,0
0635-WKOLD,0,0.305899912554354,0.193129447211785,0.272404746827567,1,1,0,1,0,1,0,0,0,0,0,1,0,0,0,1,0,1,0,0,1,0,0,1,0,0,0
4879-GZLFH,0,0.387311382231542,0.903257014363202,0.69111173963912,0,1,1,1,0,0,1,0,0,0,0,0,0,1,0,0,0,1,0,1,0,0,1,0,1,0,0
0042-RLHYP,0,1.48636622287358,-1.50088981928727,-0.397091774945302,0,1,1,1,0,0,0,1,1,0,1,0,1,0,1,0,1,0,1,0,0,1,0,0,0,0,0
1104-FEJAM,0,-0.182568905508774,-0.0175859757513686,-0.219163804686945,1,1,1,1,0,1,0,0,0,0,0,1,0,0,0,0,0,0,0,1,0,0,0,0,1,0,0
2371-KFUOG,0,1.03860313964905,1.1355417325903,1.50141393707357,1,0,0,1,0,0,1,0,0,1,0,1,0,0,0,0,0,1,0,1,1,0,0,0,0,0,0
8879-XUAHX,0,1.56777769255077,1.70298011568793,2.75000508283721,1,1,0,1,0,1,1,0,0,1,0,1,0,1,0,1,0,1,0,1,0,1,1,0,1,0,0
6248-TKCQV,0,1.52707195771217,0.519987229288489,1.38692974646316,0,1,1,1,0,1,0,0,0,1,0,0,0,0,0,1,0,1,0,1,0,1,1,0,0,0,0
1248-DYXUB,0,0.794368730617482,-1.33165381029324,-0.470765589650674,1,1,1,1,0,1,0,1,1,0,1,0,1,0,1,0,1,0,1,0,0,1,0,0,0,1,0
6791-YBNAK,0,-0.589626253894714,-1.30676616191177,-0.804997958211252,1,1,1,0,1,0,0,0,0,0,0,0,0,0,0,0,0,0,0,0,0,0,0,1,0,0,0
4291-TPNFG,0,1.60848342738936,0.576399232286498,1.61539321179058,1,1,0,1,0,1,0,0,0,1,0,1,0,1,0,1,0,0,0,1,0,1,1,0,0,0,0
0991-BRRFB,0,-0.589626253894714,-0.515338943380866,-0.626323590545272,1,0,0,1,0,0,0,0,0,1,0,0,0,0,0,0,0,0,0,0,0,0,0,0,1,0,1
4188-PCPIG,0,0.997897404810452,0.179856034741665,0.800546771315605,0,1,0,1,0,0,0,0,0,1,0,1,0,0,0,1,0,1,0,0,0,1,1,1,0,0,0
8224-IVVPA,0,-0.223274640347368,-0.273099165801177,-0.284671153638325,0,0,0,1,0,0,0,0,0,1,0,1,0,0,0,0,0,0,0,0,0,0,1,0,0,1,0
8625-AZYZY,0,-0.34539184486315,1.31805115405445,0.105870313467926,1,1,0,1,0,1,1,0,0,0,0,1,0,1,0,0,0,1,0,1,0,0,1,0,1,0,1
3724-BSCVH,0,-0.915272132603466,-1.4760021709058,-0.903983426181015,1,1,1,1,0,0,0,1,1,0,1,0,1,0,1,0,1,0,1,0,1,0,0,0,0,1,0
7980-MHFLQ,0,1.60848342738936,-1.32833545717571,-0.194115585801716,0,1,1,1,0,1,0,1,1,0,1,0,1,0,1,0,1,0,1,0,0,1,0,0,0,1,0
9027-YFHQJ,0,-1.03738933711925,-1.32335792749942,-0.943257101540941,1,0,0,1,0,1,0,1,1,0,1,0,1,0,1,0,1,0,1,0,0,0,1,0,0,0,0
4906-ZHGPK,0,0.87578020029467,0.19147027065302,0.644835100366496,1,1,1,1,0,1,0,0,0,0,0,1,0,0,0,1,0,1,0,0,1,0,1,0,1,0,0
1394-SUIUH,1,0.46872285190873,0.670972296136103,0.601148899155623,0,1,0,1,0,0,1,0,0,1,0,1,0,0,0,1,0,0,0,0,0,0,1,0,1,0,0
4869-EPIUS,0,0.957191669971858,0.529942288641079,0.99059272301537,1,1,0,1,0,0,1,0,0,0,0,0,0,0,0,0,0,0,0,1,1,0,1,0,1,0,0
7601-WFVZV,0,-1.28162374615081,-1.50586734896357,-1.00182734517441,1,0,0,1,0,0,0,1,1,0,1,0,1,0,1,0,1,0,1,0,0,0,0,0,0,1,0
8853-TZDGH,0,1.60848342738936,1.54867669572278,2.50764545400905,0,0,0,1,0,1,1,0,0,0,0,1,0,1,0,1,0,1,0,1,0,1,1,0,0,0,0
6178-KFNHS,0,-0.833860662926278,0.443665107585299,-0.611198066608442,0,0,1,1,0,1,1,0,0,1,0,0,0,0,0,0,0,0,0,0,0,0,1,0,1,0,1
3422-WJOYD,0,-0.182568905508774,-0.351080464063132,-0.38411763177162,1,1,0,1,0,0,0,0,0,1,0,0,0,0,0,1,0,0,0,0,1,0,0,0,0,1,0
6728-DKUCO,0,1.60848342738936,1.3014593884668,2.19604648919139,0,1,1,1,0,1,1,0,0,1,0,1,0,0,0,0,0,1,0,1,1,0,1,0,1,0,0
9026-RNUJS,1,-1.11880080679644,-0.483814588764331,-0.906244571268814,1,0,0,1,0,0,0,0,0,0,0,0,0,1,0,0,0,0,0,0,0,0,0,0,1,0,1
2475-MROZF,0,-0.101157435831586,0.997830078212806,0.241956123169536,1,0,0,1,0,1,1,0,0,1,0,1,0,1,0,1,0,0,0,0,0,0,1,1,0,0,0
7392-YYPYJ,0,-0.426803314540338,1.18531702935325,0.0503295651948052,1,0,0,1,0,1,1,0,0,0,0,1,0,0,0,0,0,1,0,1,0,0,1,0,1,0,0
2360-RDGRO,0,1.3235432835192,1.30477774158433,1.98086450714667,1,1,0,1,0,1,1,0,0,1,0,0,0,1,0,0,0,1,0,1,0,0,1,0,1,0,0
3714-NTNFO,0,0.6722515261017,0.649403000872158,0.704854233085355,0,0,0,1,0,1,1,0,0,0,0,0,0,0,0,0,0,0,0,1,0,0,1,0,1,0,0
9625-QSTYE,0,-0.793154928087684,0.538238171434904,-0.592296649903637,0,0,0,1,0,0,1,0,0,0,0,1,0,1,0,0,0,0,0,0,0,0,1,0,1,0,1
1725-IQNIY,0,0.87578020029467,1.48728716304848,1.6723169905543,1,1,0,1,0,0,1,0,0,1,0,1,0,1,0,1,0,1,0,1,0,1,0,0,0,0,1
8727-JQFHV,0,0.997897404810452,-1.46604711155321,-0.517283710437529,1,1,1,1,0,0,0,1,1,0,1,0,1,0,1,0,1,0,1,0,0,1,0,0,0,1,0
6145-NNPNO,0,-1.28162374615081,-0.689552482051191,-0.991026535628811,0,0,0,1,0,0,0,0,0,0,0,0,0,0,0,0,0,0,0,0,0,0,0,0,0,0,0
0730-BGQGF,0,1.56777769255077,0.841867481688897,1.75007403813667,1,1,1,1,0,1,0,0,0,1,0,1,0,1,0,1,0,1,0,1,0,1,0,1,0,0,0
0623-GDISB,0,-1.28162374615081,-0.546863297997401,-0.989138589244823,0,0,0,1,0,0,0,0,0,1,0,0,0,0,0,0,0,0,0,0,0,0,1,0,0,0,0
8469-SNFFH,0,1.52707195771217,0.480166991878129,1.4170929828771,1,1,0,1,0,1,0,0,0,1,0,1,0,1,0,1,0,1,0,0,1,0,0,0,0,0,0
4254-QPEDE,0,0.794368730617482,0.043803556922936,0.451693794711589,0,1,0,0,1,0,0,0,0,1,0,1,0,1,0,1,0,1,0,1,0,1,0,1,0,0,0
1020-JPQOW,0,0.957191669971858,0.850163364482722,1.23606965866361,0,1,0,1,0,1,1,0,0,0,0,1,0,1,0,1,0,0,0,0,0,0,0,0,1,0,0
4801-JZAZL,0,-0.874566397764872,-1.1723728606518,-0.858299514261504,0,1,1,0,1,0,0,0,0,1,0,0,0,0,0,0,0,0,0,0,0,0,1,0,1,0,0
6377-KSLXC,0,-1.11880080679644,-1.49259393649345,-0.963409831546761,1,0,0,1,0,0,0,1,1,0,1,0,1,0,1,0,1,0,1,0,0,0,0,0,0,1,0
4177-JPDFU,0,-0.833860662926278,-1.02636532348048,-0.816150013595736,1,0,0,0,1,0,0,0,0,0,0,1,0,0,0,1,0,0,0,0,0,0,0,0,0,1,0
2672-HUYVI,0,-1.07809507195784,0.868414306629137,-0.810508127308704,0,0,0,1,0,0,1,0,0,0,0,0,0,0,0,0,0,1,0,1,0,0,1,0,1,0,1
9317-WZPGV,1,-1.24091801131222,0.491781227789484,-0.94042518196496,0,0,0,1,0,0,1,0,0,0,0,0,0,0,0,0,0,0,0,1,0,0,1,0,0,0,1
2931-XIQBR,0,0.712957260940294,1.26495750417397,1.25227087298201,0,1,1,1,0,0,1,0,0,0,0,0,0,1,0,1,0,1,0,1,1,0,0,0,0,1,0
3481-JHUZH,0,0.346605647392948,0.508372993377134,0.499507134529319,1,1,0,1,0,1,1,0,0,0,0,1,0,0,0,0,0,0,0,0,0,0,1,0,1,0,0
3638-VBZTA,0,1.44566048803499,0.715770063222758,1.57245340798733,1,0,1,1,0,1,0,0,0,1,0,1,0,0,0,1,0,1,0,1,0,1,1,0,0,0,0
8212-CRQXP,0,-0.426803314540338,0.500077110583309,-0.261181588163132,0,1,0,1,0,0,1,0,0,0,0,0,0,0,0,0,0,1,0,0,0,0,1,1,0,0,0
1784-EZDKJ,0,0.753662995778888,1.38939574608134,1.40387735818919,1,1,0,1,0,1,1,0,0,0,0,1,0,1,0,0,0,1,0,1,1,0,1,0,0,0,0
2925-MXLSX,0,-0.101157435831586,0.133399091096246,-0.115304800702703,0,0,0,1,0,1,0,0,0,0,0,1,0,1,0,0,0,1,0,0,1,0,1,1,0,0,0
6906-MPARY,0,0.305899912554354,0.818639009866187,0.521086800755595,1,0,0,1,0,0,1,0,0,0,0,1,0,0,0,1,0,0,0,1,1,0,1,1,0,0,0
6196-HBOBZ,0,1.3235432835192,1.14217843882536,1.77652724037742,1,1,0,1,0,1,1,0,0,1,0,1,0,1,0,0,0,1,0,0,0,1,1,0,1,0,0
8395-ETZKQ,1,1.44566048803499,-1.50752652552233,-0.486374076615966,1,1,1,1,0,0,0,1,1,0,1,0,1,0,1,0,1,0,1,0,1,0,0,0,0,0,0
5424-RLQLC,0,-0.915272132603466,-0.175207748834043,-0.729875254420494,1,0,0,1,0,0,0,0,0,0,0,1,0,0,0,0,0,1,0,0,0,0,1,0,0,1,0
2434-EEVDB,0,1.28283754868061,0.984556665742686,1.60140923683012,0,1,0,1,0,1,1,0,0,1,0,0,0,1,0,0,0,1,0,0,0,1,1,1,0,0,0
1502-XFCVR,0,1.03860313964905,1.37778151016999,1.68796938324945,0,0,0,1,0,0,1,0,0,1,0,1,0,1,0,0,0,1,0,1,1,0,1,0,1,0,1
4451-RWASJ,0,-0.711743458410496,-1.50752652552233,-0.90514692802231,1,1,1,1,0,0,0,1,1,0,1,0,1,0,1,0,1,0,1,0,1,0,1,0,0,1,0
9558-IHEZX,0,1.56777769255077,1.38773656952258,2.18735315467907,0,0,0,1,0,1,1,0,0,1,0,1,0,1,0,0,0,1,0,1,0,1,1,1,0,0,0
7295-JOMMD,0,-1.15950654163503,1.10069902485624,-0.836412507926207,0,0,1,1,0,0,1,0,0,0,0,0,0,1,0,1,0,1,0,1,0,0,1,0,0,0,1
7301-ABVAD,0,1.60848342738936,0.719088416340288,1.7778224594083,0,0,0,1,0,1,0,0,0,0,0,1,0,1,0,1,0,1,0,1,0,1,0,0,0,0,0
0148-DCDOS,0,-0.304686110024556,0.987875018860217,0.0266863296651013,1,0,0,1,0,1,1,0,0,0,0,0,0,0,0,0,0,1,0,1,0,0,1,0,0,0,1
1121-QSIVB,0,0.46872285190873,0.418777459203824,0.513600873814435,0,0,1,1,0,1,0,0,0,0,0,1,0,0,0,0,0,1,0,1,1,0,1,0,0,1,0
0867-LDTTC,0,-1.11880080679644,0.339136984383105,-0.838015067066103,1,0,0,1,0,0,0,0,0,0,0,0,0,1,0,1,0,1,0,1,0,0,0,0,0,0,0
1518-OMDIK,0,0.0209597686841961,-0.676279069581071,-0.368245710427167,1,1,0,1,0,0,0,0,0,0,0,0,0,0,0,0,0,0,0,0,0,0,1,1,0,0,0
1406-PUQVY,0,-1.28162374615081,-0.498747177793216,-0.988501956161851,1,0,1,1,0,0,0,0,0,0,0,1,0,0,0,0,0,0,0,0,0,0,1,0,1,0,0
6986-IXNDM,0,-0.75244919324909,0.928144662744677,-0.423193731347175,1,0,0,1,0,0,1,0,0,0,0,0,0,0,0,0,0,1,0,1,0,0,1,0,1,0,0
0519-DRGTI,0,-0.508214784217526,-1.47932052402333,-0.816084155000946,0,1,1,1,0,0,0,1,1,0,1,0,1,0,1,0,1,0,1,0,0,0,0,0,0,1,0
1907-YLNYW,0,-0.996683602280654,0.058736145951821,-0.756196739471668,1,0,0,1,0,0,0,0,0,1,0,0,0,1,0,0,0,0,0,1,0,0,1,0,1,0,0
3082-VQXNH,0,-1.20021227647362,-1.16573615441674,-0.968963906374073,1,1,0,0,1,0,0,0,0,0,0,1,0,0,0,0,0,0,0,0,0,0,0,1,0,0,0
2626-VEEWG,0,1.40495475319639,-1.51084487863986,-0.446573532497718,1,1,1,1,0,0,0,1,1,0,1,0,1,0,1,0,1,0,1,0,0,1,1,1,0,0,0
4077-HWUYD,0,1.60848342738936,0.750612770956823,1.82728226409578,1,1,1,1,0,1,0,0,0,1,0,1,0,1,0,1,0,1,0,1,0,1,1,0,0,0,0
9488-HGMJH,1,-1.28162374615081,0.206402859681905,-0.979171988566564,0,0,0,1,0,0,1,0,0,0,0,0,0,0,0,0,0,0,0,0,0,0,1,0,1,0,1
7136-IHZJA,0,0.305899912554354,0.213039565916965,0.239673025216807,0,1,1,1,0,0,0,0,0,1,0,1,0,0,0,1,0,0,0,1,0,0,1,0,0,1,0
1599-EAHXY,0,1.12001460932623,-1.35985981179225,-0.349015000748411,1,1,1,1,0,1,0,1,1,0,1,0,1,0,1,0,1,0,1,0,1,0,0,1,0,0,0
6128-DAFVY,0,0.957191669971858,-0.666324010228481,0.115749102686465,0,0,0,0,1,0,0,0,0,0,0,0,0,0,0,0,0,1,0,1,0,0,1,1,0,0,0
5593-SUAOO,0,-0.34539184486315,0.604605233785503,-0.117785474439803,0,1,1,1,0,1,1,0,0,0,0,1,0,1,0,0,0,0,0,0,1,0,0,0,0,0,0
7169-YWAMK,0,1.60848342738936,0.115148148949831,1.1213659394039,1,1,1,1,0,0,0,0,0,1,0,1,0,0,0,1,0,1,0,0,0,1,0,0,0,0,0
1680-VDCWW,0,-0.833860662926278,-1.49757146616974,-0.921611576719875,1,1,0,1,0,0,0,1,1,0,1,0,1,0,1,0,1,0,1,0,1,0,0,0,0,0,0
9746-YKGXB,0,0.794368730617482,-0.686234128933661,-0.0110725980146486,1,1,1,0,1,0,0,0,0,1,0,0,0,1,0,0,0,0,0,1,1,0,0,0,0,0,0
4815-GBTCD,0,-1.15950654163503,-1.32003957438189,-0.966527138366834,0,1,0,0,1,0,0,0,0,0,0,0,0,0,0,0,0,0,0,0,0,0,1,0,1,0,0
9644-UMGQA,0,-1.07809507195784,-0.523634826174691,-0.880603625030472,1,1,1,1,0,0,0,0,0,1,0,0,0,0,0,0,0,0,0,0,0,0,1,0,1,0,0
9239-ZBZZV,0,-1.07809507195784,-0.563455063585051,-0.876454533558686,0,0,0,0,1,0,0,0,0,0,0,0,0,1,0,0,0,1,0,1,0,0,1,0,1,0,1
7632-MNYOY,1,1.3642490183578,1.52544822390007,2.25268488071101,1,0,0,1,0,1,1,0,0,0,0,1,0,1,0,1,0,1,0,1,1,0,0,1,0,0,1
3279-DYZQM,0,1.56777769255077,-1.5091857020811,-0.405192382104504,1,1,1,1,0,0,0,1,1,0,1,0,1,0,1,0,1,0,1,0,0,1,0,0,0,1,0
1038-ZAGBI,0,-0.833860662926278,-1.49757146616974,-0.909603359603117,0,1,1,1,0,0,0,1,1,0,1,0,1,0,1,0,1,0,1,0,1,0,0,0,0,0,1
0404-SWRVG,0,-1.20021227647362,0.31424933600163,-0.909625312468047,1,0,0,1,0,1,1,0,0,0,0,0,0,0,0,0,0,0,0,0,0,0,1,0,1,0,1
8992-VONJD,0,-0.793154928087684,-0.296327637623887,-0.674729657716114,0,0,1,1,0,0,0,0,0,1,0,1,0,0,0,0,0,0,0,0,0,0,1,0,1,0,0
2927-CVULT,0,0.835074465456076,1.29814103534927,1.43355763157467,0,1,1,1,0,1,1,0,0,1,0,1,0,1,0,1,0,0,0,1,0,1,1,0,0,0,0
9442-JTWDL,0,-0.874566397764872,-1.48927558337592,-0.906046995484443,0,0,0,1,0,0,0,1,1,0,1,0,1,0,1,0,1,0,1,0,1,0,0,1,0,0,0
2876-GZYZC,0,-0.793154928087684,0.697519121076343,-0.476670910316868,0,0,0,1,0,1,1,0,0,0,0,0,0,0,0,0,0,0,0,1,0,0,1,0,1,0,0
6674-KVJHG,0,-0.874566397764872,-1.31838039782312,-0.90277601860986,0,0,0,1,0,1,0,1,1,0,1,0,1,0,1,0,1,0,1,0,1,0,0,0,1,0,0
7783-YKGDV,0,-0.833860662926278,1.15379267473672,-0.466660403908748,0,0,0,1,0,1,1,0,0,1,0,1,0,1,0,0,0,0,0,1,0,0,1,0,0,0,1
1934-MKPXS,0,0.0209597686841961,-1.48761640681715,-0.737953908714766,1,1,1,1,0,0,0,1,1,0,1,0,1,0,1,0,1,0,1,0,1,0,0,1,0,0,0
7643-RCHXS,0,1.24213181384202,-1.51250405519863,-0.455508348524264,0,1,1,1,0,0,0,1,1,0,1,0,1,0,1,0,1,0,1,0,0,1,0,0,1,0,0
4860-IJUDE,0,-0.793154928087684,0.292680040737685,-0.590386750654719,1,0,0,1,0,0,1,0,0,1,0,0,0,0,0,0,0,0,0,0,0,0,1,1,0,0,0
7382-DFJTU,0,-0.589626253894714,-0.322874462564127,-0.545844387711573,1,0,0,1,0,0,0,0,0,0,0,0,0,1,0,1,0,0,0,0,0,0,0,1,0,0,0
4505-EXZHB,1,-1.07809507195784,0.31424933600163,-0.819816142039061,0,0,0,1,0,0,1,0,0,0,0,0,0,1,0,0,0,0,0,0,0,0,0,0,1,0,1
6961-VCPMC,1,0.550134321585918,0.513350523053429,0.572478457556929,1,1,0,1,0,0,1,0,0,0,0,0,0,0,0,0,0,0,0,1,0,0,1,0,1,0,1
7410-OIEDU,0,-0.915272132603466,0.495099580907014,-0.62081342144782,1,0,0,1,0,0,1,0,0,1,0,0,0,1,0,0,0,0,0,0,0,0,1,0,0,1,0
6641-XRPSU,0,0.0616655035227901,0.16824179883031,0.0503954237895955,0,0,0,1,0,0,1,0,0,0,0,0,0,0,0,0,0,0,0,0,0,0,1,1,0,0,1
4176-RELJR,1,1.40495475319639,-1.32169875094065,-0.276241253505172,1,0,0,1,0,1,0,1,1,0,1,0,1,0,1,0,1,0,1,0,0,1,0,1,0,0,0
8640-SDGKB,0,-1.15950654163503,0.31424933600163,-0.878825442971135,1,0,0,1,0,0,0,0,0,0,0,0,0,1,0,1,0,1,0,1,0,0,1,0,1,0,1
1840-BIUOG,0,-0.508214784217526,0.125103208302421,-0.388617969082288,1,0,0,1,0,1,0,0,0,0,0,1,0,0,0,1,0,1,0,0,1,0,1,0,1,0,0
5583-SXDAG,0,-1.28162374615081,0.16824179883031,-0.979676904459956,1,1,0,1,0,0,1,0,0,0,0,0,0,0,0,0,0,0,0,0,0,0,0,0,1,0,1
9753-OYLBX,0,-1.28162374615081,-1.47434299434703,-1.00141024074074,0,0,0,1,0,0,0,1,1,0,1,0,1,0,1,0,1,0,1,0,0,0,0,0,0,1,0
8519-QJGJD,0,-0.75244919324909,0.345773690618164,-0.559960079861619,0,0,0,1,0,0,1,0,0,0,0,0,0,1,0,0,0,0,0,0,0,0,0,0,1,0,1
3572-UOLYZ,0,0.550134321585918,0.659358060224748,0.727751071207436,0,0,1,1,0,1,1,0,0,0,0,0,0,1,0,1,0,0,0,0,0,0,1,0,0,0,0
3059-NGMXB,0,-0.75244919324909,0.141694973890071,-0.59565543823794,1,1,1,1,0,1,0,0,0,1,0,1,0,0,0,0,0,0,0,1,0,0,0,0,0,1,0
6979-TNDEU,0,-0.996683602280654,-1.51748158487492,-0.941544778076394,0,0,0,1,0,0,0,1,1,0,1,0,1,0,1,0,1,0,1,0,0,0,0,0,0,1,0
2219-MVUSO,0,-0.996683602280654,-0.656368950875891,-0.817928195655073,1,0,0,1,0,0,0,0,0,0,0,0,0,0,0,0,0,0,0,0,0,0,1,0,0,1,1
1472-TNCWL,0,0.143076973199978,0.987875018860217,0.531777845976548,1,0,1,1,0,0,1,0,0,0,0,1,0,0,0,0,0,1,0,1,0,0,1,0,1,0,0
0495-ZBNGW,1,-1.11880080679644,0.496758757465779,-0.859397157508008,1,1,0,1,0,1,1,0,0,0,0,0,0,1,0,0,0,0,0,0,0,0,1,0,0,0,1
3733-ZEECP,0,-0.426803314540338,-0.458926940382857,-0.469097171915988,1,1,1,1,0,0,0,0,0,0,0,0,0,0,0,1,0,0,0,0,0,0,1,0,1,0,0
1623-NLDOT,0,0.387311382231542,-1.04129791250937,-0.375841401692977,0,1,0,0,1,0,0,0,0,0,0,1,0,0,0,1,0,0,0,0,1,0,0,0,0,1,1
3724-UCSHY,0,-1.07809507195784,-1.50586734896357,-0.956450773363923,1,1,1,1,0,0,0,1,1,0,1,0,1,0,1,0,1,0,1,0,0,0,0,0,0,1,0
0118-JPNOY,1,-0.263980375185962,0.692541591400048,-0.0472728722843623,0,0,0,1,0,0,1,0,0,1,0,0,0,0,0,0,0,1,0,0,0,0,1,1,0,0,0
4628-CTTLA,0,0.997897404810452,-0.850492608251395,-0.0833633822294258,1,0,0,0,1,0,0,0,0,0,0,1,0,0,0,0,0,1,0,0,0,0,1,0,1,0,1
4522-XRWWI,0,0.387311382231542,0.515009699612194,0.471802618987549,1,1,0,1,0,1,0,0,0,1,0,0,0,0,0,1,0,1,0,1,1,0,0,1,0,0,0
8058-INTPH,0,-1.28162374615081,0.488462874671954,-0.975440001528449,0,0,0,1,0,0,1,0,0,0,0,0,0,0,0,0,0,1,0,0,0,0,1,0,1,0,1
4583-PARNH,1,-0.671037723571902,0.883346895658022,-0.334240722650462,1,1,0,1,0,0,1,0,0,0,0,0,0,1,0,1,0,0,0,1,0,0,1,0,1,0,0
2823-LKABH,0,-0.589626253894714,0.999489254771571,-0.273058088090309,0,0,0,1,0,1,1,0,0,0,0,0,0,1,0,1,0,0,0,1,0,0,1,0,0,0,0
5760-WRAHC,1,-0.426803314540338,0.159945916036485,-0.331891766102943,0,0,0,1,0,0,0,0,0,1,0,0,0,1,0,1,0,0,0,1,0,0,1,0,0,1,0
9593-CVZKR,0,0.957191669971858,-1.3432680462046,-0.401943358094851,0,1,1,1,0,1,0,1,1,0,1,0,1,0,1,0,1,0,1,0,0,1,1,0,0,1,0
2141-RRYGO,0,-1.15950654163503,0.123444031743656,-0.895707196102372,0,0,0,1,0,0,0,0,0,0,0,1,0,0,0,0,0,1,0,1,0,0,1,0,0,0,1
3523-BRGUW,1,-0.263980375185962,-1.51416323175739,-0.789038225407078,1,0,0,1,0,0,0,1,1,0,1,0,1,0,1,0,1,0,1,0,1,0,0,1,0,0,0
9522-BNTHX,1,0.0616655035227901,-0.288031754830062,-0.235057678896328,0,0,0,0,1,0,0,0,0,0,0,1,0,1,0,0,0,1,0,1,0,0,1,0,1,0,0
4429-WYGFR,0,-0.263980375185962,-0.523634826174691,-0.46716531980214,1,0,0,1,0,0,0,0,0,0,0,0,0,0,0,1,0,0,0,0,0,0,0,0,0,0,0
1025-FALIX,0,-0.263980375185962,0.136717444213775,-0.213236531155822,0,0,0,1,0,0,1,0,0,0,0,0,0,0,0,0,0,0,0,0,0,0,1,1,0,0,0
2809-ZMYOQ,0,-0.0197459661543978,1.20854550117596,0.453801269744878,0,0,0,1,0,1,1,0,0,0,0,0,0,1,0,0,0,1,0,1,0,0,1,0,1,0,0
0219-YTZUE,0,-1.15950654163503,0.659358060224748,-0.847125506012089,1,1,1,1,0,1,1,0,0,0,0,1,0,1,0,0,0,0,0,0,0,0,1,0,0,0,1
8687-BAFGU,0,-1.28162374615081,0.30097592353151,-0.977920675265549,1,0,0,1,0,0,1,0,0,0,0,0,0,0,0,1,0,0,0,0,0,0,0,0,1,0,0
2123-AGEEN,1,-1.03738933711925,0.644425471195863,-0.742739633269525,0,0,0,1,0,0,1,0,0,0,0,0,0,1,0,0,0,1,0,0,0,0,1,0,1,0,0
6532-YLWSI,0,0.835074465456076,-1.46438793499444,-0.561782167650816,0,1,0,1,0,0,0,1,1,0,1,0,1,0,1,0,1,0,1,0,1,0,0,0,0,0,1
8167-GJLRN,0,-1.20021227647362,-1.14582603571156,-0.974342358281944,1,0,0,0,1,0,0,0,0,0,0,0,0,0,0,1,0,0,0,0,0,0,0,0,1,0,0
5146-YYFRZ,0,1.40495475319639,-1.49259393649345,-0.43447750392124,1,0,0,1,0,0,0,1,1,0,1,0,1,0,1,0,1,0,1,0,0,1,0,0,0,0,0
6212-ATMLK,0,0.712957260940294,1.02105855003552,1.06622034269952,0,0,0,1,0,1,1,0,0,0,0,0,0,0,0,0,0,1,0,1,0,0,1,0,1,0,0
3785-NRHYR,0,-1.28162374615081,-1.50254899584604,-1.00178343944455,1,0,0,1,0,0,0,1,1,0,1,0,1,0,1,0,1,0,1,0,0,0,0,0,0,1,0
6278-FEPBZ,0,-0.955977867442059,-1.48263887714086,-0.928680399227363,0,0,0,1,0,0,0,1,1,0,1,0,1,0,1,0,1,0,1,0,0,0,0,0,0,1,0
4959-JOSRX,0,-1.24091801131222,-0.674619893022306,-0.975044849959707,0,1,0,1,0,0,0,0,0,0,0,0,0,0,0,0,0,0,0,0,0,0,1,1,0,0,1
0612-RTZZA,1,-1.28162374615081,-1.31672122126436,-0.999324718572384,0,0,0,0,1,0,0,0,0,0,0,0,0,0,0,0,0,0,0,0,0,0,0,0,1,0,1
9154-QDGTH,0,0.428017117070136,1.3064369181431,0.944206319418096,1,1,1,1,0,1,1,0,0,0,0,0,0,1,0,1,0,1,0,1,1,0,1,1,0,0,0
0848-SOMKO,0,1.52707195771217,-0.548522474556166,0.501175552264006,1,0,0,0,1,0,0,0,0,1,0,0,0,1,0,1,0,0,0,1,0,1,0,0,0,0,0
3996-ZNWYK,1,1.56777769255077,-1.49757146616974,-0.400801809118487,1,1,1,1,0,0,0,1,1,0,1,0,1,0,1,0,1,0,1,0,0,1,0,1,0,0,0
0943-ZQPXH,0,0.46872285190873,0.929803839303442,0.799778421043052,1,1,1,1,0,0,1,0,0,0,0,0,0,1,0,0,0,1,0,1,0,0,1,0,0,0,0
5028-GZLDO,0,-1.24091801131222,0.19147027065302,-0.948635553448812,1,0,0,1,0,0,1,0,0,0,0,0,0,0,0,0,0,0,0,0,0,0,0,1,0,0,1
7786-WBJYI,0,-1.15950654163503,0.432050871673944,-0.876256957774315,0,0,0,1,0,1,1,0,0,0,0,1,0,0,0,0,0,0,0,0,0,0,0,0,0,0,1
0807-ZABDG,0,-1.20021227647362,-0.326192815681657,-0.942510704133318,0,0,1,1,0,0,0,0,0,1,0,0,0,0,0,1,0,0,0,0,0,0,1,0,0,1,1
7361-YPXFS,1,-0.182568905508774,-0.0159267991926037,-0.190427504493461,0,0,0,1,0,1,0,0,0,0,0,1,0,1,0,1,0,0,0,0,0,0,0,0,0,0,0
3014-WJKSM,0,-0.14186317067018,0.344114514059399,-0.0166486257068907,1,1,0,1,0,0,1,0,0,0,0,0,0,1,0,0,0,0,0,0,0,0,1,1,0,0,0
9603-OAIHC,1,-1.28162374615081,0.169900975389075,-0.979654951595025,1,0,0,1,0,0,1,0,0,0,0,0,0,0,0,0,0,0,0,0,0,0,1,0,1,0,0
6210-KBBPI,1,-0.955977867442059,1.14549679194289,-0.606741635027634,1,0,0,1,0,1,1,0,0,0,0,1,0,0,0,0,0,1,0,1,0,0,1,1,0,0,1
2834-JRTUA,0,1.56777769255077,1.43087516005047,2.29663451630105,1,0,0,1,0,1,1,0,0,1,0,0,0,1,0,1,0,1,0,1,0,1,1,0,1,0,1
0471-LVHGK,0,0.346605647392948,0.26779239235621,0.307287849201476,1,1,0,1,0,1,0,0,0,0,0,0,0,1,0,0,0,1,0,1,1,0,1,0,1,0,1
4710-FDUIZ,0,0.957191669971858,1.1737027934419,1.45465433477248,1,1,0,1,0,1,1,0,0,0,0,1,0,0,0,0,0,1,0,1,1,0,0,1,0,0,1
1496-GGSUK,1,-1.28162374615081,-1.30178863223547,-0.999127142788013,0,0,0,0,1,0,0,0,0,0,0,0,0,0,0,0,0,0,0,0,0,0,1,0,0,1,1
7963-SHNDT,0,0.794368730617482,-0.857129314486455,-0.140155443803561,0,0,0,0,1,0,0,0,0,1,0,1,0,0,0,1,0,0,0,0,0,1,0,0,0,1,0
0639-TSIQW,0,1.40495475319639,1.26163915105644,2.01304740713418,0,0,0,1,0,1,1,0,0,1,0,1,0,1,0,0,0,1,0,0,0,0,1,1,0,0,1
1627-AFWVJ,0,-0.14186317067018,-1.51084487863986,-0.767063407612061,0,0,0,1,0,0,0,1,1,0,1,0,1,0,1,0,1,0,1,0,0,1,0,0,0,1,0
8738-JOKAR,0,0.387311382231542,0.0919196771271208,0.255061983532798,0,0,0,1,0,0,0,0,0,1,0,1,0,0,0,1,0,0,0,1,1,0,1,0,0,1,0
2810-FTLEM,0,-0.671037723571902,-0.490451294999392,-0.675739489502899,0,0,0,1,0,0,0,0,0,1,0,0,0,0,0,0,0,0,0,0,0,0,1,0,1,0,1
8069-YQQAJ,0,-0.75244919324909,-1.12259756388885,-0.826138567138926,1,0,0,0,1,0,0,0,0,0,0,1,0,0,0,0,0,0,0,0,0,0,1,0,0,1,0
0439-IFYUN,1,-0.589626253894714,0.32420439535422,-0.44200733659226,0,0,0,1,0,0,1,0,0,0,0,1,0,0,0,0,0,0,0,0,0,0,1,0,1,0,0
7450-NWRTR,1,-0.833860662926278,1.14549679194289,-0.483476298445195,1,0,0,1,0,1,1,0,0,0,0,0,0,1,0,0,0,1,0,1,0,0,1,0,1,0,1
1755-FZQEC,0,0.26519417771576,-1.49425311305221,-0.663050733573308,1,0,0,1,0,0,0,1,1,0,1,0,1,0,1,0,1,0,1,0,1,0,0,0,0,1,0
4883-QICIH,0,-0.0197459661543978,0.159945916036485,0.0204517160249566,1,1,1,1,0,0,1,0,0,0,0,0,0,0,0,0,0,0,0,0,0,0,1,0,0,0,1
7274-CGTOD,0,1.20142607900342,-0.704485071080075,0.139172809566868,1,0,0,0,1,0,0,0,0,1,0,1,0,1,0,1,0,0,0,0,0,1,1,0,0,0,0
6728-WYQBC,0,-1.28162374615081,-1.45941040531815,-1.00121266495637,1,0,0,1,0,0,0,1,1,0,1,0,1,0,1,0,1,0,1,0,0,0,0,0,0,0,0
0022-TCJCI,1,0.509428586747324,-0.0739979787493784,0.21521753368469,1,0,0,1,0,0,0,0,0,1,0,0,0,1,0,0,0,0,0,1,1,0,0,1,0,0,1
1384-RCUXW,0,-0.671037723571902,0.518328052729724,-0.46207225513836,1,0,0,1,0,1,1,0,0,0,0,1,0,0,0,0,0,0,0,0,0,0,1,0,0,1,0
6260-ONULR,0,-1.28162374615081,-0.0706796256318486,-0.982838117009888,1,0,0,1,0,0,0,0,0,0,0,0,0,0,0,0,0,1,0,1,0,0,1,0,0,1,0
9778-OGKQZ,0,1.60848342738936,0.898279484686907,1.96734154234974,1,1,0,1,0,1,0,0,0,1,0,1,0,1,0,1,0,1,0,1,0,1,1,1,0,0,0
7384-GHBPI,0,-1.20021227647362,-0.988204262628889,-0.966614949826554,1,1,0,0,1,0,0,0,0,0,0,0,0,0,0,0,0,0,0,1,0,0,1,0,1,0,1
2282-YGNOR,0,-0.14186317067018,-0.229960575273288,-0.248866030937353,0,0,0,1,0,0,0,0,0,1,0,0,0,1,0,1,0,0,0,0,1,0,0,1,0,0,0
1272-ILHFG,0,-0.711743458410496,-1.50254899584604,-0.864358504982208,1,1,1,1,0,0,0,1,1,0,1,0,1,0,1,0,1,0,1,0,1,0,0,0,0,1,0
1297-VQDRP,1,1.44566048803499,1.4010099819927,2.22974413685907,1,1,1,1,0,1,1,0,0,0,0,0,0,1,0,1,0,1,0,1,1,0,1,1,0,0,0
1371-DWPAZ,0,-1.32232948098941,-0.294668461065123,-0.396839316998606,0,1,1,0,1,0,0,0,0,1,0,1,0,1,0,1,0,1,0,0,0,1,0,1,0,0,0
1845-CSBRZ,1,-0.426803314540338,0.677609002371163,-0.149156118424897,0,1,1,1,0,1,1,0,0,0,0,0,0,0,0,0,0,1,0,0,0,0,0,0,0,0,0
7120-RFMVS,0,-1.28162374615081,0.649403000872158,-0.97331057363023,1,0,0,1,0,1,1,0,0,0,0,0,0,0,0,0,0,1,0,0,0,0,0,0,1,0,1
2192-OZITF,0,0.509428586747324,0.286043334502625,0.460035883385022,0,0,0,1,0,1,0,0,0,1,0,0,0,0,0,1,0,0,0,1,0,1,0,0,0,1,0
0311-UNPFF,0,-0.263980375185962,0.792092184925947,-0.0118409482872017,0,0,0,1,0,0,1,0,0,0,0,0,0,0,0,0,0,1,0,1,0,0,1,0,0,0,1
4718-WXBGI,0,1.60848342738936,0.896620308128142,1.8939092091586,1,1,1,1,0,1,0,0,0,1,0,1,0,1,0,1,0,1,0,1,0,1,1,1,0,0,0
2773-OVBPK,0,1.40495475319639,1.53872163637019,2.31202347461704,1,1,0,1,0,1,1,0,0,0,0,1,0,1,0,1,0,1,0,1,0,1,1,0,0,0,0
1960-UYCNN,0,-0.915272132603466,1.00612596100663,-0.561891931975466,1,0,0,1,0,1,1,0,0,0,0,1,0,1,0,0,0,0,0,1,0,0,1,0,1,0,0
3027-ZTDHO,0,-1.28162374615081,0.828594069218777,-0.970939664217781,1,0,0,1,0,0,1,0,0,0,0,0,0,0,0,0,0,1,0,1,0,0,1,0,1,0,1
7740-KKCXF,0,0.753662995778888,-1.15744027162292,-0.338894730015641,1,1,0,0,1,0,0,0,0,0,0,1,0,0,0,0,0,0,0,0,0,0,1,1,0,0,0
6521-YYTYI,0,-1.28162374615081,0.941418075214797,-0.969446869402535,1,0,1,1,0,1,1,0,0,0,0,0,0,0,0,0,0,1,0,1,0,0,1,0,1,0,1
1043-YCUTE,0,0.957191669971858,-1.32003957438189,-0.427716021522773,1,1,0,1,0,1,0,1,1,0,1,0,1,0,1,0,1,0,1,0,0,1,1,1,0,0,1
8639-NHQEI,0,1.60848342738936,1.02769525627058,2.04285939770924,0,1,1,1,0,1,1,0,0,1,0,1,0,0,0,0,0,1,0,0,0,1,1,0,0,0,0
2740-JFBOK,0,-0.915272132603466,-1.35820063523348,-0.910942484363853,1,0,0,1,0,1,0,1,1,0,1,0,1,0,1,0,1,0,1,0,0,0,1,0,1,0,0
5847-MXBEO,0,-0.426803314540338,-1.48097970058209,-0.801814792796389,1,0,0,1,0,0,0,1,1,0,1,0,1,0,1,0,1,0,1,0,1,0,0,0,0,1,0
1925-GMVBW,0,-1.11880080679644,-1.47268381778827,-0.96821750896645,0,0,0,1,0,0,0,1,1,0,1,0,1,0,1,0,1,0,1,0,0,0,0,1,0,0,0
5419-JKZNQ,1,-0.101157435831586,0.430391695115179,0.0220103694349927,1,1,0,1,0,1,1,0,0,0,0,0,0,0,0,0,0,0,0,0,0,0,0,0,0,1,0
8627-EHGIP,0,0.46872285190873,-0.364353876533252,0.0325257917365046,1,0,0,0,1,0,0,0,0,0,0,1,0,1,0,0,0,1,0,1,1,0,1,0,0,1,1
6693-FRIRW,0,-0.589626253894714,1.2068863246172,-0.222456734426458,1,0,0,1,0,0,1,0,0,0,0,1,0,1,0,0,0,1,0,1,0,0,0,1,0,0,0
0224-RLWWD,1,-1.24091801131222,-0.684574952374896,-0.971203098596942,0,0,0,1,0,0,0,0,0,0,0,0,0,0,0,0,0,0,0,0,0,0,1,0,1,0,0
7029-IJEJK,0,0.87578020029467,-0.691211658609955,0.0300231651344746,0,0,0,0,1,0,0,0,0,1,0,0,0,0,0,1,0,0,0,1,1,0,0,0,0,0,0
9223-UCPVT,0,-1.28162374615081,0.977919959507627,-0.968963906374073,0,0,0,1,0,0,1,0,0,0,0,0,0,1,0,0,0,1,0,1,0,0,0,0,1,0,1
4957-SREEC,0,1.52707195771217,-1.47932052402333,-0.370221468270875,1,1,1,1,0,0,0,1,1,0,1,0,1,0,1,0,1,0,1,0,0,1,0,1,0,0,0
0875-CABNR,1,-0.915272132603466,0.652721353989688,-0.630384870557338,0,0,0,1,0,0,1,0,0,0,0,0,0,1,0,0,0,0,0,1,0,0,1,1,0,0,1
4831-EOBFE,0,-0.14186317067018,0.986215842301452,0.152717727228732,1,1,1,1,0,0,1,0,0,1,0,0,0,0,0,0,0,1,0,1,0,0,0,1,0,0,1
0781-LKXBR,1,-0.955977867442059,1.18033949967696,-0.607092880866516,1,0,0,1,0,1,1,0,0,0,0,0,0,1,0,0,0,1,0,1,0,0,1,0,1,0,1
6901-GOGZG,0,1.12001460932623,0.664335589901043,1.17822385957282,1,0,1,1,0,1,0,0,0,1,0,0,0,1,0,1,0,1,0,1,0,1,1,0,1,0,0
1818-ESQMW,0,-0.223274640347368,0.805365597396067,0.0361260615850388,0,0,0,1,0,0,1,0,0,0,0,0,0,1,0,1,0,0,0,1,0,0,1,0,1,0,0
8922-NPKBJ,0,0.387311382231542,-1.51250405519863,-0.629616520284785,1,1,1,1,0,0,0,1,1,0,1,0,1,0,1,0,1,0,1,0,0,1,0,0,0,1,0
0595-ITUDF,0,1.28283754868061,0.891642778451847,1.60659011295362,1,1,1,1,0,1,1,0,0,1,0,1,0,1,0,0,0,0,0,0,0,0,1,0,1,0,0
0485-ZBSLN,0,1.3235432835192,-1.33331298685201,-0.257383742530227,1,1,1,1,0,1,0,1,1,0,1,0,1,0,1,0,1,0,1,0,0,1,0,1,0,0,0
7394-LWLYN,0,-1.24091801131222,0.173219328506606,-0.956055621795182,0,0,0,1,0,0,1,0,0,0,0,0,0,0,0,0,0,0,0,0,0,0,1,0,1,0,0
8756-RDDLT,0,1.44566048803499,-0.663005657110951,0.344234520878813,0,0,0,0,1,0,0,0,0,0,0,1,0,0,0,1,0,0,0,1,0,0,0,0,1,0,0
0907-HQNTS,1,1.52707195771217,1.5951336393682,2.49660316294921,0,1,0,1,0,1,1,0,0,1,0,1,0,1,0,1,0,1,0,1,0,1,1,1,0,0,0
7693-QPEFS,1,0.794368730617482,0.266133215797445,0.671068773957951,1,0,0,1,0,1,1,0,0,0,0,0,0,0,0,0,0,0,0,0,0,0,1,0,0,0,0
3500-NSDOA,0,1.44566048803499,0.19478862377055,1.12338560297747,1,1,1,1,0,1,0,0,0,0,0,1,0,0,0,1,0,0,0,1,0,1,0,1,0,0,0
8966-SNIZF,0,1.52707195771217,-1.5091857020811,-0.438099726634705,0,1,0,1,0,0,0,1,1,0,1,0,1,0,1,0,1,0,1,0,0,1,0,0,0,0,0
2969-VAPYH,0,1.40495475319639,-0.147001747335038,0.688740830226671,0,0,0,1,0,0,0,0,0,1,0,1,0,0,0,1,0,0,0,0,1,0,0,1,0,0,0
1785-BPHTP,0,-0.182568905508774,0.680927355488693,-0.00501360729394449,1,1,1,1,0,0,1,0,0,0,0,0,0,1,0,0,0,1,0,0,0,0,0,0,1,0,0
3737-XBQDD,0,-0.34539184486315,0.661017236783513,-0.110870321986825,1,0,0,1,0,1,1,0,0,0,0,1,0,1,0,0,0,0,0,0,0,0,1,0,0,0,0
4741-WWJQZ,0,-1.24091801131222,0.505054640259604,-0.924992317919108,0,1,0,1,0,0,1,0,0,1,0,0,0,0,0,1,0,0,0,0,0,0,1,0,1,0,0
1032-MAELW,0,1.44566048803499,0.448642637261594,1.33123532813553,0,1,1,1,0,1,0,0,0,1,0,1,0,1,0,1,0,0,0,1,1,0,1,0,1,0,0
3259-QMXUN,0,1.03860313964905,0.702496650752638,1.13679880344975,1,1,0,1,0,1,0,0,0,1,0,1,0,1,0,0,0,1,0,1,0,1,1,0,1,0,0
9601-BRXPO,0,-0.304686110024556,1.32800621340704,0.116429641499298,0,1,0,1,0,1,1,0,0,0,0,0,0,1,0,1,0,1,0,1,0,0,1,0,0,0,1
4307-KWMXE,0,-0.915272132603466,-0.968294143923709,-0.839266380367118,1,0,0,0,1,0,0,0,0,0,0,1,0,0,0,1,0,0,0,0,0,0,0,0,1,0,0
2805-EDJPQ,0,0.957191669971858,1.15545185129548,1.45199803811594,0,1,1,1,0,1,1,0,0,0,0,1,0,1,0,1,0,0,0,1,1,0,1,1,0,0,0
5325-UWTWJ,0,-0.0604517009929918,0.850163364482722,0.275917205216381,1,1,0,1,0,1,1,0,0,1,0,1,0,0,0,1,0,0,0,0,0,0,1,1,0,0,0
5799-JRCZO,0,1.24213181384202,-1.50752652552233,-0.476912391831099,0,0,1,1,0,0,0,1,1,0,1,0,1,0,1,0,1,0,1,0,0,1,0,1,0,0,0
4576-CSAJH,0,-0.426803314540338,-0.324533639122892,-0.486593605265267,1,0,0,1,0,0,0,0,0,0,0,1,0,0,0,1,0,0,0,0,1,0,1,1,0,0,1
2351-RRBUE,0,-1.03738933711925,-1.46936546467074,-0.951555284484514,0,1,1,1,0,0,0,1,1,0,1,0,1,0,1,0,1,0,1,0,1,0,0,0,0,1,0
2460-FPSYH,1,0.305899912554354,-0.302964343858947,-0.0842854025564894,0,0,0,0,1,0,0,0,0,1,0,1,0,0,0,0,0,1,0,1,0,0,1,0,1,0,1
5243-SAOTC,0,0.87578020029467,0.495099580907014,0.881157691338885,1,0,0,1,0,1,1,0,0,0,0,1,0,0,0,0,0,0,0,0,0,0,1,0,0,0,0
7799-LGRDP,0,0.428017117070136,-1.30178863223547,-0.488723033163486,0,0,0,1,0,1,0,1,1,0,1,0,1,0,1,0,1,0,1,0,0,1,1,1,0,0,0
5095-AESKG,0,-1.20021227647362,0.881687719099257,-0.903741944666784,0,1,0,1,0,1,1,0,0,0,0,1,0,0,0,0,0,0,0,1,0,0,1,1,0,0,1
6646-JPPHA,1,-0.75244919324909,0.461916049731714,-0.552122907081578,0,0,0,1,0,0,1,0,0,1,0,1,0,0,0,0,0,0,0,0,0,0,0,0,1,0,0
5562-BETPV,0,-1.28162374615081,-1.50254899584604,-1.00178343944455,1,1,1,1,0,0,0,1,1,0,1,0,1,0,1,0,1,0,1,0,1,0,0,0,0,1,0
4098-NAUKP,1,1.44566048803499,0.654380530548453,1.48501514697079,1,1,1,1,0,1,1,0,0,0,0,1,0,1,0,0,0,0,0,0,0,0,1,0,1,0,0
7268-WNTCP,0,1.20142607900342,-1.4760021709058,-0.440799929021105,1,1,1,1,0,0,0,1,1,0,1,0,1,0,1,0,1,0,1,0,0,1,0,0,0,0,0
7820-ZYGNY,0,1.24213181384202,0.846845011365192,1.54731737764238,1,0,0,1,0,1,1,0,0,0,0,1,0,0,0,0,0,0,0,1,1,0,0,1,0,0,0
3347-YJZZE,0,-0.14186317067018,0.503395463700839,-0.0393039823147406,1,1,1,1,0,1,0,0,0,0,0,1,0,1,0,0,0,1,0,1,0,0,0,1,0,0,0
5294-DMSFH,0,-0.14186317067018,0.758908653750647,0.140687557247044,0,1,1,1,0,0,1,0,0,0,0,0,0,0,0,0,0,1,0,1,0,0,1,1,0,0,0
6243-OZGFH,0,-0.386097579701744,-0.663005657110951,-0.572736647250929,0,0,0,0,1,0,0,0,0,0,0,0,0,0,0,0,0,1,0,1,0,0,1,0,1,0,0
3130-ICDUP,0,-1.24091801131222,0.518328052729724,-0.92782423749509,0,0,1,1,0,1,1,0,0,1,0,0,0,0,0,0,0,0,0,0,0,0,0,1,0,0,0
6496-JDSSB,0,-0.996683602280654,0.500077110583309,-0.736175726655429,0,0,0,1,0,0,1,0,0,0,0,0,0,0,0,0,0,1,0,0,0,0,1,0,0,0,0
1910-FMXJM,0,0.143076973199978,0.513350523053429,0.279385757875335,0,1,0,1,0,0,1,0,0,0,0,0,0,0,0,0,0,0,0,1,0,0,0,0,1,0,0
5553-AOINX,1,1.3642490183578,1.32634703684828,2.01533050508691,0,1,1,1,0,1,1,0,0,0,0,1,0,1,0,0,0,1,0,1,1,0,1,0,1,0,0
2311-QYMUQ,0,-0.671037723571902,0.813661480189892,-0.382449214036934,0,1,1,1,0,0,1,0,0,0,0,1,0,1,0,0,0,1,0,0,0,0,1,1,0,0,1
2775-SEFEE,0,-1.32232948098941,-0.100544803689618,-0.396839316998606,1,0,1,1,0,1,0,0,0,1,0,1,0,0,0,1,0,0,0,0,0,1,1,0,0,0,0
3982-DQLUS,1,1.3235432835192,0.690882414841283,1.48714457486901,1,1,1,1,0,1,1,0,0,1,0,1,0,0,0,0,0,0,0,0,0,0,1,0,1,0,0
8133-ANHHJ,1,0.6722515261017,1.2632983276152,1.25784690067425,0,0,0,1,0,1,1,0,0,1,0,1,0,1,0,1,0,0,0,1,1,0,0,0,0,0,0
9940-HPQPG,0,-0.955977867442059,0.889983601893082,-0.630275106232688,0,1,0,1,0,1,1,0,0,1,0,1,0,1,0,0,0,0,0,0,0,0,0,0,0,0,1
9885-AIBVB,0,-0.14186317067018,0.692541591400048,0.0609986575508277,1,1,0,1,0,1,1,0,0,0,0,1,0,1,0,0,0,0,0,0,0,0,1,0,1,0,0
3296-SILRA,1,-1.28162374615081,0.380616398352229,-0.976866937748905,0,1,0,1,0,0,1,0,0,0,0,1,0,0,0,0,0,0,0,0,0,0,1,0,0,1,1
8017-LXHFA,1,-0.386097579701744,0.989534195418981,-0.00338909528911812,0,0,0,1,0,0,1,0,0,0,0,1,0,0,0,0,0,1,0,1,0,0,1,0,1,0,1
2904-GGUAZ,0,1.60848342738936,0.634470411843273,1.64687362010033,0,1,0,1,0,1,1,0,0,1,0,1,0,0,0,0,0,0,0,0,0,1,1,0,0,0,0
7941-RCJOW,0,1.3235432835192,-1.50586734896357,-0.475353738421063,1,0,0,1,0,0,0,1,1,0,1,0,1,0,1,0,1,0,1,0,0,1,1,1,0,0,0
9547-ITEFG,0,-0.955977867442059,1.25002491514509,-0.616247225542362,1,1,1,1,0,1,1,0,0,0,0,1,0,1,0,0,0,1,0,1,0,0,1,1,0,0,0
3096-JRDSO,1,-0.223274640347368,1.3064369181431,0.248695652703073,0,1,0,1,0,1,1,0,0,1,0,0,0,0,0,1,0,1,0,1,0,0,1,0,0,0,1
2639-UGMAZ,1,1.56777769255077,-0.281395048595002,0.739386089620382,1,0,0,0,1,0,0,0,0,1,0,1,0,0,0,0,0,1,0,1,1,0,1,0,1,0,0
1089-XZWHH,0,-0.34539184486315,-1.50088981928727,-0.793494656987886,0,1,1,1,0,0,0,1,1,0,1,0,1,0,1,0,1,0,1,0,0,1,1,0,0,1,0
1080-BWSYE,1,1.28283754868061,-1.30344780879424,-0.246099969956162,1,1,0,1,0,1,0,1,1,0,1,0,1,0,1,0,1,0,1,0,0,1,0,1,0,0,0
0336-KXKFK,0,1.60848342738936,-0.123773275512328,0.917160389824228,1,0,0,0,1,0,0,0,0,1,0,0,0,1,0,1,0,1,0,1,0,1,1,1,0,0,0
4057-FKCZK,0,1.03860313964905,0.583035938521558,1.10937967515207,1,1,1,1,0,1,1,0,0,0,0,0,0,0,0,0,0,1,0,0,0,1,0,0,0,0,0
6576-FBXOJ,0,-0.630331988733308,-0.342784581269307,-0.599980152629168,1,1,0,0,1,0,0,0,0,0,0,0,0,1,0,1,0,1,0,1,1,0,0,0,1,0,0
9696-RMYBA,0,-1.11880080679644,0.503395463700839,-0.835424629004353,1,0,0,1,0,0,1,0,0,0,0,0,0,0,0,0,0,1,0,0,0,0,1,0,0,1,0
6897-RWMUB,0,1.16072034416483,0.103533913038476,0.815299096548624,1,1,1,1,0,0,0,0,0,1,0,1,0,1,0,1,0,0,0,0,0,1,1,0,0,0,0
8707-RMEZH,1,1.48636622287358,0.742316888162998,1.64832250918571,0,1,0,1,0,0,1,0,0,1,0,1,0,0,0,0,0,0,0,1,1,0,0,1,0,0,0
6655-LHBYW,0,0.712957260940294,1.63993140645486,1.53221380657048,1,0,0,1,0,1,1,0,0,1,0,1,0,1,0,1,0,1,0,1,1,0,0,1,0,0,0
6813-GZQCG,0,0.509428586747324,-1.33663133996954,-0.496143101509855,0,1,1,1,0,1,0,1,1,0,1,0,1,0,1,0,1,0,1,0,0,1,1,1,0,0,0
4182-BGSIQ,0,-0.915272132603466,-1.49757146616974,-0.924026391862185,0,1,1,1,0,0,0,1,1,0,1,0,1,0,1,0,1,0,1,0,0,0,1,0,0,0,0
2683-BPJSO,0,-0.14186317067018,0.647743824313393,0.0727873460182844,1,1,0,1,0,1,1,0,0,1,0,1,0,0,0,0,0,0,0,0,0,0,1,0,1,0,1
6425-YQLLO,1,1.3642490183578,1.36118974458234,2.05212350670974,0,1,0,1,0,1,1,0,0,0,0,0,0,1,0,1,0,1,0,1,1,0,1,1,0,0,1
3239-TPHPZ,0,-0.833860662926278,-1.48927558337592,-0.894258307016986,0,1,0,1,0,0,0,1,1,0,1,0,1,0,1,0,1,0,1,0,0,1,1,0,1,0,0
8361-LBRDI,0,1.03860313964905,-1.34658639932213,-0.385259180747985,0,0,0,1,0,1,0,1,1,0,1,0,1,0,1,0,1,0,1,0,0,1,0,1,0,0,0
2373-NTKOD,0,-0.996683602280654,0.043803556922936,-0.770488054541155,1,0,0,1,0,0,0,0,0,0,0,0,0,0,0,0,0,1,0,1,0,0,1,0,1,0,0
3120-FAZKD,0,0.87578020029467,-1.35654145867472,-0.469975286513191,1,1,1,1,0,1,0,1,1,0,1,0,1,0,1,0,1,0,1,0,0,1,1,0,0,0,0
9194-GFVOI,0,0.387311382231542,0.644425471195863,0.557726132323911,0,1,0,1,0,1,0,0,0,1,0,0,0,1,0,1,0,1,0,1,0,1,0,1,0,0,0
2519-FAKOD,0,0.224488442877166,1.13886008570783,0.647974360051499,1,0,1,1,0,1,1,0,0,0,0,0,0,1,0,0,0,1,0,1,0,0,1,0,0,0,1
7613-LLQFO,0,-0.833860662926278,0.647743824313393,-0.5452077546286,1,0,0,1,0,1,1,0,0,0,0,0,0,0,0,0,0,1,0,0,0,0,1,0,1,0,1
8544-GOQSH,0,-0.75244919324909,0.501736287142074,-0.522047482127358,0,0,0,1,0,0,1,0,0,0,0,1,0,0,0,1,0,0,0,0,0,0,1,1,0,0,0
8690-ZVLCL,0,1.44566048803499,0.765545359985707,1.69501625289201,0,1,1,1,0,1,0,0,0,1,0,1,0,1,0,1,0,1,0,1,0,1,0,1,0,0,0
1219-NNDDO,0,-0.955977867442059,0.395548987381114,-0.719074444874891,0,0,0,1,0,1,1,0,0,0,0,0,0,0,0,0,0,0,0,0,0,0,1,0,1,0,0
8417-FMLZI,0,-1.07809507195784,0.617878646255623,-0.800739102414815,1,1,1,1,0,0,1,0,0,0,0,1,0,0,0,0,0,0,0,1,0,0,1,1,0,0,1
6481-OGDOO,0,1.40495475319639,0.851822541041487,1.64858594356487,1,1,0,1,0,0,1,0,0,1,0,1,0,0,0,0,0,0,0,1,1,0,1,1,0,0,1
3692-JHONH,1,0.794368730617482,1.37944068672875,1.45790335878214,0,1,0,1,0,1,1,0,0,0,0,1,0,1,0,0,0,1,0,1,1,0,1,0,1,0,0
0585-EGDDA,0,0.305899912554354,0.500077110583309,0.380851899582198,1,1,0,1,0,0,1,0,0,0,0,1,0,1,0,0,0,0,0,0,0,0,1,0,1,0,0
3066-RRJIO,0,-1.28162374615081,0.166582622271545,-0.979698857324886,0,0,0,1,0,0,1,0,0,0,0,0,0,0,0,0,0,0,0,0,0,0,1,0,0,1,1
5183-SNMJQ,0,-0.915272132603466,1.00114843133034,-0.630582446341709,1,0,0,1,0,0,1,0,0,0,0,0,0,0,0,1,0,1,0,1,0,0,1,1,0,0,0
8098-TDCBU,0,0.387311382231542,-1.31672122126436,-0.523847617051625,0,1,0,1,0,1,0,1,1,0,1,0,1,0,1,0,1,0,1,0,0,1,0,0,1,0,0
6927-WTFIV,1,-0.508214784217526,0.2113803893582,-0.400472516144535,1,0,0,1,0,0,1,0,0,0,0,0,0,0,0,0,0,0,0,0,0,0,0,1,0,0,1
5310-NOOVA,0,0.550134321585918,-1.49259393649345,-0.612163992665366,1,0,0,1,0,0,0,1,1,0,1,0,1,0,1,0,1,0,1,0,0,1,0,0,1,0,0
4060-LDNLU,0,-1.03738933711925,1.03765031562317,-0.729545961446542,1,0,0,1,0,1,1,0,0,0,0,0,0,0,0,0,0,1,0,1,0,0,0,0,1,0,0
0394-YONDK,0,1.52707195771217,-1.32003957438189,-0.224432492270166,1,1,1,1,0,1,0,1,1,0,1,0,1,0,1,0,1,0,1,0,0,1,0,1,0,0,0
0201-MIBOL,1,1.3642490183578,1.24338820891002,1.83110206259362,0,0,0,1,0,1,1,0,0,1,0,0,0,0,0,0,0,1,0,1,0,1,1,0,0,0,0
0112-QAWRZ,0,-0.671037723571902,0.858459247276547,-0.377202479318643,1,1,1,1,0,1,1,0,0,0,0,0,0,1,0,0,0,1,0,0,0,0,1,0,0,0,0
4883-KCPZJ,0,-0.426803314540338,-1.31672122126436,-0.766558491718669,0,1,1,1,0,1,0,1,1,0,1,0,1,0,1,0,1,0,1,0,0,1,0,1,0,0,0
4871-JTKJF,1,-1.28162374615081,0.156627562918956,-0.979830574514466,0,0,0,1,0,0,1,0,0,0,0,0,0,0,0,0,0,0,0,0,0,0,1,0,1,0,1
1078-TDCRN,1,-1.20021227647362,-1.13421179980021,-0.974035018172923,0,1,0,0,1,0,0,0,0,0,0,1,0,0,0,0,0,0,0,0,0,0,1,0,1,0,0
4680-KUTAJ,1,-0.874566397764872,-0.309601050094007,-0.755406436334185,0,0,0,1,0,1,0,0,0,1,0,0,0,0,0,0,0,0,0,0,0,0,1,0,1,0,0
4986-MXSFP,0,-1.24091801131222,-1.49093475993468,-0.992453471849266,0,0,0,1,0,0,0,1,1,0,1,0,1,0,1,0,1,0,1,0,0,0,1,0,0,1,0
2719-BDAQO,0,-0.630331988733308,0.959669017361211,-0.296657417890153,1,0,0,1,0,0,1,0,0,1,0,0,0,0,0,0,0,1,0,1,0,0,0,0,1,0,1
4702-IOQDC,0,-1.28162374615081,0.17156015194784,-0.979632998730096,0,0,0,1,0,0,1,0,0,0,0,0,0,0,0,0,0,0,0,0,0,0,1,0,1,0,1
8048-DSDFQ,0,-1.28162374615081,-1.48429805369962,-1.00154195793032,1,0,0,1,0,0,0,1,1,0,1,0,1,0,1,0,1,0,1,0,0,0,0,0,0,1,0
5522-JBWMO,0,-1.28162374615081,-0.694530011727486,-0.991092394223601,1,0,1,1,0,0,0,0,0,0,0,0,0,0,0,0,0,0,0,0,0,0,0,0,1,0,0
8592-PLTMQ,0,1.28283754868061,-1.33497216341077,-0.289149538084063,0,0,0,1,0,1,0,1,1,0,1,0,1,0,1,0,1,0,1,0,1,0,0,0,0,1,0
1304-NECVQ,1,-1.24091801131222,0.451960990379124,-0.944749896356187,0,0,0,1,0,1,1,0,0,0,0,0,0,1,0,0,0,0,0,0,0,0,1,0,1,0,1
7903-CMPEY,1,-1.28162374615081,0.510032169935899,-0.975154614284358,1,1,0,1,0,1,1,0,0,1,0,0,0,0,0,0,0,0,0,0,0,0,1,0,1,0,1
0739-UUAJR,0,1.60848342738936,-0.369331406209547,0.724941104496385,0,1,1,0,1,0,0,0,0,1,0,0,0,1,0,0,0,1,0,1,0,1,1,1,0,0,0
9788-HNGUT,0,1.60848342738936,1.72620858751064,2.76302313174075,1,1,0,1,0,1,1,0,0,1,0,1,0,1,0,1,0,1,0,1,0,1,1,1,0,0,0
9993-LHIEB,0,1.40495475319639,0.0968972068034155,1.02139259251228,1,1,1,1,0,0,0,0,0,1,0,0,0,1,0,1,0,0,0,1,0,1,0,0,0,1,0
5327-XOKKY,1,1.60848342738936,0.282724981385095,1.32932542888661,1,1,0,1,0,1,0,0,0,0,0,0,0,1,0,0,0,1,0,1,0,1,1,1,0,0,0
3761-FLYZI,1,1.3235432835192,1.45576280843194,2.09919044911984,0,1,0,1,0,1,1,0,0,0,0,1,0,1,0,0,0,1,0,1,0,0,1,0,0,0,0
5893-KCLGT,0,1.60848342738936,-1.49923064272851,-0.322408128453145,0,0,1,1,0,0,0,1,1,0,1,0,1,0,1,0,1,0,1,0,0,1,1,0,0,1,0
0829-XXPLX,0,-0.508214784217526,0.812002303631127,-0.188868851083425,0,0,0,1,0,0,1,0,0,1,0,0,0,1,0,0,0,1,0,0,0,0,1,0,0,0,0
3097-NQYSN,1,-1.24091801131222,0.727384299134113,-0.941764306725695,1,1,0,1,0,1,1,0,0,0,0,0,0,0,0,0,0,1,0,0,0,0,1,0,0,1,1
1325-USMEC,0,1.52707195771217,1.14217843882536,2.03862249477773,1,1,0,1,0,1,1,0,0,1,0,1,0,1,0,0,0,1,0,0,0,1,1,1,0,0,0
2137-DQMEV,0,1.44566048803499,-0.667983186787246,0.299582393611015,1,1,1,0,1,0,0,0,0,1,0,1,0,0,0,0,0,1,0,0,1,0,0,0,0,1,0
9681-KYGYB,1,0.6722515261017,0.772182066220768,0.815825965306946,1,1,0,1,0,1,1,0,0,1,0,1,0,1,0,0,0,0,0,0,0,0,1,0,1,0,0
8819-WFGGJ,0,1.44566048803499,-0.359376346856957,0.655592004182239,1,1,0,0,1,0,0,0,0,1,0,0,0,1,0,0,0,1,0,1,0,1,1,0,0,0,0
7026-YMSBE,0,-0.101157435831586,-1.50088981928727,-0.735978150871058,1,0,0,1,0,0,0,1,1,0,1,0,1,0,1,0,1,0,1,0,1,0,0,0,0,1,0
5203-XEHAX,0,0.0616655035227901,-0.0192451523101339,-0.109004328467768,0,0,0,1,0,0,0,0,0,1,0,1,0,0,0,0,0,0,0,1,1,0,0,0,1,0,0
5578-NKCXI,0,1.03860313964905,1.13886008570783,1.55660343950781,0,1,1,1,0,0,1,0,0,1,0,1,0,0,0,0,0,1,0,1,1,0,0,1,0,0,0
0547-HURJB,0,-0.833860662926278,-1.45609205220062,-0.906881204351786,1,0,1,1,0,0,0,1,1,0,1,0,1,0,1,0,1,0,1,0,0,0,0,1,0,0,0
8292-TYSPY,0,-0.54892051905612,-0.329511168799187,-0.550937452375353,1,0,0,1,0,0,0,0,0,0,0,0,0,1,0,1,0,0,0,0,0,0,1,1,0,0,1
5666-CYCYZ,0,-0.34539184486315,0.816979833307422,-0.0184268077662278,0,0,0,1,0,1,1,0,0,0,0,0,0,0,0,1,0,0,0,1,0,0,1,0,1,0,0
3647-GMGDH,0,-0.426803314540338,0.987875018860217,-0.169660094269598,1,1,0,1,0,0,1,0,0,0,0,0,0,1,0,0,0,1,0,1,0,0,1,1,0,0,1
0397-GZBBC,1,1.07930887448764,0.959669017361211,1.43722376001799,1,1,0,1,0,1,1,0,0,0,0,0,0,0,0,0,0,1,0,1,0,0,1,0,0,0,1
6518-KZXCB,0,-0.426803314540338,-1.31672122126436,-0.76168495570419,1,0,0,1,0,1,0,1,1,0,1,0,1,0,1,0,1,0,1,0,0,1,0,0,0,1,0
9200-NLNPD,0,0.957191669971858,-0.361035523415722,0.289110877039364,1,1,0,0,1,0,0,0,0,0,0,0,0,1,0,1,0,1,0,1,1,0,1,0,0,0,0
8189-XRIKE,1,-0.0197459661543978,0.863436776952842,0.261955183120846,0,0,0,1,0,0,1,0,0,0,0,0,0,0,0,0,0,1,0,1,0,0,0,0,1,0,0
4232-JGKIY,0,-1.28162374615081,-1.51748158487492,-1.00198101522892,1,0,0,1,0,0,0,1,1,0,1,0,1,0,1,0,1,0,1,0,0,0,0,0,1,0,0
3865-YIOTT,0,1.60848342738936,1.36616727425864,2.43553029271371,1,1,1,1,0,1,1,0,0,1,0,0,0,1,0,0,0,1,0,1,1,0,1,0,0,0,0
6870-ZWMNX,0,1.52707195771217,0.370661338999639,1.30089646880215,1,1,0,1,0,1,0,0,0,0,0,1,0,1,0,1,0,1,0,0,0,1,0,1,0,0,0
8784-CGILN,0,-0.589626253894714,1.15877020441301,-0.230228048611709,0,0,0,1,0,1,1,0,0,0,0,0,0,0,0,1,0,1,0,1,0,0,1,0,0,0,1
5915-ANOEI,0,1.52707195771217,0.471871109084304,1.42042981834648,1,1,0,1,0,1,0,0,0,1,0,1,0,1,0,1,0,1,0,0,0,1,0,0,0,1,0
3569-VLDHH,0,1.3642490183578,0.337477807824339,1.19058332252846,1,1,1,1,0,0,0,0,0,1,0,1,0,1,0,1,0,1,0,0,1,0,1,0,1,0,0
7340-KEFQE,0,0.753662995778888,-1.01972861724542,-0.22801080925377,0,1,1,0,1,0,0,0,0,1,0,0,0,0,0,1,0,0,0,0,0,1,0,0,0,0,0
4020-KIUDI,0,-1.07809507195784,-1.49591228961098,-0.949447809451226,1,1,1,1,0,0,0,1,1,0,1,0,1,0,1,0,1,0,1,0,0,0,0,1,0,0,0
4424-TKOPW,1,-1.24091801131222,0.959669017361211,-0.924026391862185,1,0,0,1,0,1,1,0,0,0,0,0,0,0,0,0,0,1,0,1,0,0,1,0,1,0,1
8587-XYZSF,0,1.40495475319639,-0.477177882529272,0.420959783809467,1,0,0,1,0,0,0,0,0,0,0,0,0,0,0,1,0,0,0,0,0,1,0,0,0,0,0
3656-TKRVZ,0,-1.20021227647362,-0.317896932887832,-0.93787864963307,0,0,0,1,0,0,0,0,0,1,0,1,0,0,0,0,0,0,0,0,0,0,0,0,1,0,1
3973-SKMLN,0,1.56777769255077,-1.49425311305221,-0.415444370026855,1,0,0,1,0,0,0,1,1,0,1,0,1,0,1,0,1,0,1,0,0,1,1,1,0,0,0
8109-YUOHE,0,-0.630331988733308,-0.293009284506357,-0.594645606451156,1,0,0,1,0,0,0,0,0,1,0,1,0,0,0,0,0,0,0,0,1,0,0,0,0,1,0
7881-INRLC,0,0.509428586747324,1.19195373558831,1.07072068001019,1,0,0,1,0,1,1,0,0,0,0,1,0,0,0,0,0,1,0,1,0,0,1,1,0,0,1
2667-WYLWJ,0,-0.996683602280654,-1.49923064272851,-0.946747607064825,0,1,1,1,0,0,0,1,1,0,1,0,1,0,1,0,1,0,1,0,1,0,1,0,0,1,1
6885-PKOAM,0,1.56777769255077,0.690882414841283,1.72219389967546,0,1,0,1,0,1,0,0,0,1,0,1,0,1,0,1,0,1,0,1,0,1,0,1,0,0,0
1334-PDUKM,0,1.44566048803499,0.714110886663993,1.51985434361484,0,1,0,1,0,1,1,0,0,0,0,1,0,1,0,0,0,0,0,0,1,0,0,1,0,0,0
7760-OYPDY,0,-1.24091801131222,0.521646405847254,-0.947120805768636,0,0,0,1,0,0,1,0,0,0,0,0,0,0,0,0,0,1,0,0,0,0,1,0,1,0,1
9624-EGDEQ,0,0.183782708038572,-1.49757146616974,-0.653325614409279,0,0,0,1,0,0,0,1,1,0,1,0,1,0,1,0,1,0,1,0,0,1,0,0,0,1,0
9777-WJJPR,0,-0.0604517009929918,0.787114655249653,0.167667628246121,1,1,0,1,0,1,1,0,0,0,0,0,0,1,0,0,0,1,0,0,0,0,0,1,0,0,0
7426-GSWPO,1,1.28283754868061,1.27989009320285,1.86482166312623,1,0,0,1,0,1,1,0,0,1,0,1,0,0,0,0,0,1,0,1,0,0,1,0,0,0,0
9541-PWTWO,0,0.794368730617482,0.531601465199844,0.848535734052775,0,0,0,1,0,1,0,0,0,0,0,0,0,1,0,1,0,1,0,1,0,1,1,0,0,0,0
7994-XIRTR,1,0.87578020029467,0.0106200257476361,0.539439395837148,1,0,0,1,0,0,0,0,0,0,0,0,0,1,0,1,0,0,0,1,1,0,0,0,0,0,0
3714-JTVOV,1,0.387311382231542,0.305953453207805,0.407480724742394,0,1,0,1,0,0,1,0,0,1,0,0,0,0,0,0,0,0,0,0,0,0,1,1,0,0,1
0098-BOWSO,0,-0.223274640347368,-1.51084487863986,-0.777798358562874,1,0,0,1,0,0,0,1,1,0,1,0,1,0,1,0,1,0,1,0,0,0,1,0,1,0,0
6458-CYIDZ,1,-1.11880080679644,0.523305582406019,-0.845852239846144,0,0,0,1,0,0,1,0,0,1,0,1,0,0,0,0,0,0,0,0,0,0,0,0,1,0,0
5003-XZWWO,0,1.56777769255077,0.639447941519568,1.60498755381372,1,1,0,1,0,1,0,0,0,0,0,1,0,1,0,1,0,1,0,1,0,1,0,1,0,0,0
7479-NITWS,0,-1.03738933711925,0.810343127072362,-0.732992561240566,1,0,0,1,0,1,1,0,0,0,0,0,0,1,0,0,0,1,0,0,0,0,1,1,0,0,1
9626-WEQRM,0,-1.15950654163503,-1.18730544968069,-0.962092659650956,0,0,0,0,1,0,0,0,0,1,0,0,0,0,0,0,0,0,0,0,0,0,1,0,0,1,0
0003-MKNFE,0,-0.955977867442059,-0.166911866040218,-0.772266236600492,1,0,0,1,0,1,0,0,0,0,0,0,0,0,0,0,0,0,0,1,0,0,0,0,0,1,0
1053-MXTTK,0,1.60848342738936,1.45078527875565,2.38189944368951,0,1,1,1,0,0,1,0,0,1,0,1,0,1,0,1,0,1,0,1,0,1,1,0,0,0,0
6691-CCIHA,0,1.20142607900342,0.664335589901043,1.25097565395113,0,1,0,1,0,1,0,0,0,1,0,1,0,0,0,1,0,1,0,1,0,1,1,0,1,0,0
0562-HKHML,0,1.56777769255077,-1.36151898835101,-0.296328124916201,1,1,1,1,0,1,0,1,1,0,1,0,1,0,1,0,1,0,1,0,0,1,0,1,0,0,0
9436-ZBZCT,0,-0.75244919324909,0.830253245777542,-0.493025794689783,1,0,0,1,0,1,1,0,0,0,0,0,0,0,0,1,0,1,0,0,0,0,1,0,1,0,1
7321-VGNKU,0,-1.24091801131222,0.179856034741665,-0.957614275205218,0,1,0,1,0,0,1,0,0,0,0,0,0,0,0,0,0,0,0,0,0,0,1,0,1,0,0
2038-LLMLM,0,0.631545791263106,1.29150432911421,1.16118843638708,0,0,0,1,0,1,1,0,0,0,0,0,0,1,0,1,0,1,0,1,0,0,1,0,1,0,0
5183-KLYEM,0,1.60848342738936,1.58683775657438,2.58660990916257,0,0,0,1,0,1,1,0,0,1,0,1,0,1,0,1,0,1,0,1,0,1,1,1,0,0,0
3472-OAOOR,0,-0.54892051905612,-0.994840968863949,-0.742498151755294,1,1,1,0,1,0,0,0,0,1,0,1,0,0,0,0,0,0,0,0,0,0,1,0,0,1,0
5366-OBVMR,0,-0.589626253894714,-0.485473765323097,-0.611417595257743,0,1,0,1,0,0,0,0,0,0,0,0,0,0,0,1,0,0,0,0,0,0,1,0,0,1,0
8144-DGHXP,0,0.87578020029467,0.519987229288489,0.877513515760491,0,0,0,1,0,0,0,0,0,1,0,0,0,1,0,1,0,1,0,1,0,1,0,0,1,0,0
0114-PEGZZ,0,0.0209597686841961,1.41428339446282,0.590172466690579,0,0,0,1,0,1,1,0,0,0,0,1,0,1,0,0,0,1,0,1,0,0,0,0,1,0,0
1356-MKYSK,0,-1.07809507195784,0.455279343496654,-0.798214522947855,1,0,0,1,0,0,0,0,0,1,0,0,0,1,0,1,0,1,0,1,0,0,0,1,0,0,0
3621-CHYVB,0,0.997897404810452,-0.498747177793216,0.211222112267414,0,1,0,0,1,0,0,0,0,1,0,0,0,1,0,1,0,0,0,1,0,0,1,0,0,0,0
4378-BZYFP,0,-0.630331988733308,-1.47434299434703,-0.84980375553356,1,0,0,1,0,0,0,1,1,0,1,0,1,0,1,0,1,0,1,0,1,0,1,0,0,1,0
9894-EZEWG,0,-1.28162374615081,0.3109309828841,-0.977788958075968,0,0,0,1,0,0,1,0,0,0,0,1,0,0,0,0,0,0,0,0,0,0,1,1,0,0,1
1099-GODLO,0,-1.28162374615081,-1.47932052402333,-1.00147609933553,0,1,1,1,0,0,0,1,1,0,1,0,1,0,1,0,1,0,1,0,0,1,0,0,0,1,0
6217-KDYWC,0,0.997897404810452,-1.5042081724048,-0.496472394483806,1,0,1,1,0,0,0,1,1,0,1,0,1,0,1,0,1,0,1,0,0,1,1,0,0,1,0
6615-ZGEDR,0,-1.28162374615081,-1.50088981928727,-1.00176148657962,1,0,0,1,0,0,0,1,1,0,1,0,1,0,1,0,1,0,1,0,0,0,0,0,0,1,1
9831-BPFRI,0,0.26519417771576,0.816979833307422,0.515071715764751,0,1,1,1,0,1,1,0,0,0,0,1,0,1,0,1,0,0,0,0,1,0,1,0,1,0,1
7112-OPOTK,0,0.0209597686841961,0.110170619273536,-0.0571516615029016,1,0,0,1,0,0,1,0,0,0,0,0,0,0,0,0,0,0,0,0,0,0,0,0,1,0,1
4742-DRORA,0,1.12001460932623,1.01110349068293,1.54139010411126,1,1,1,1,0,1,1,0,0,1,0,0,0,1,0,0,0,1,0,0,1,0,1,0,0,0,0
2840-XANRC,1,-0.34539184486315,0.936440545538502,-0.0308521293166571,1,1,0,1,0,0,1,0,0,0,0,0,0,1,0,0,0,1,0,1,0,0,1,0,1,0,1
2242-MFOTG,0,0.0209597686841961,0.503395463700839,0.132586950087842,1,0,0,1,0,1,1,0,0,1,0,0,0,0,0,0,0,0,0,0,1,0,0,0,0,0,0
4323-OHFOW,1,1.52707195771217,1.34791633211222,2.14876001813198,0,1,0,1,0,1,1,0,0,0,0,1,0,0,0,1,0,1,0,1,1,0,1,0,0,0,0
5119-KEPFY,0,0.143076973199978,0.997830078212806,0.500055956152571,1,1,0,1,0,1,1,0,0,0,0,0,0,0,0,0,0,1,0,1,0,0,1,0,0,0,0
5168-MQQCA,0,1.60848342738936,1.44580774907935,2.50371589118656,0,1,0,1,0,1,1,0,0,0,0,1,0,1,0,1,0,1,0,1,1,0,1,0,0,0,0
6567-HOOPW,1,-1.28162374615081,0.473530285643069,-0.97563757731282,0,0,0,1,0,0,1,0,0,0,0,0,0,0,0,0,0,1,0,0,0,0,1,0,1,0,1
0929-HYQEW,0,-1.20021227647362,-0.490451294999392,-0.939788548881987,1,0,0,1,0,0,0,0,0,1,0,0,0,0,0,0,0,0,0,0,0,0,1,0,0,1,0
3807-XHCJH,0,-1.28162374615081,-1.49093475993468,-1.00162976939004,0,1,1,1,0,0,0,1,1,0,1,0,1,0,1,0,1,0,1,0,0,0,0,0,1,0,0
8023-QHAIO,1,0.957191669971858,0.395548987381114,0.866888329134328,0,1,0,1,0,1,1,0,0,0,0,0,0,0,0,1,0,0,0,0,0,0,1,0,0,0,0
9494-BDNNC,0,1.3642490183578,1.0077851375654,1.7439711416861,1,1,0,1,0,1,1,0,0,0,0,1,0,1,0,0,0,0,0,1,1,0,0,0,1,0,0
2883-ILGWO,1,0.997897404810452,1.32634703684828,1.5861519957037,1,0,0,1,0,1,1,0,0,0,0,1,0,0,0,1,0,1,0,1,0,0,1,0,0,0,0
2957-JIRMN,1,1.20142607900342,0.647743824313393,1.16694008699876,0,0,0,1,0,1,1,0,0,0,0,0,0,0,0,0,0,1,0,0,1,0,0,0,1,0,0
8295-FHIVV,0,-1.03738933711925,-1.51084487863986,-0.936363901952894,1,0,0,1,0,0,0,1,1,0,1,0,1,0,1,0,1,0,1,0,0,0,1,0,0,1,0
6038-GCYEC,0,-0.34539184486315,-0.357717170298192,-0.465870100771265,0,0,0,0,1,0,0,0,0,0,0,1,0,1,0,0,0,1,0,1,0,0,1,1,0,0,1
1460-UZPRJ,0,1.12001460932623,-1.49259393649345,-0.458010975126294,1,1,0,1,0,0,0,1,1,0,1,0,1,0,1,0,1,0,1,0,0,1,0,0,0,1,0
9786-YWNHU,0,1.24213181384202,-0.0457919772503737,0.752052892685042,0,1,1,1,0,0,0,0,0,1,0,1,0,1,0,1,0,0,0,0,0,1,0,0,0,1,0
3005-TYFRD,0,0.916485935133264,1.28486762287915,1.48196369874551,0,1,0,1,0,1,1,0,0,0,0,1,0,1,0,0,0,1,0,1,0,0,1,1,0,0,0
5153-LXKDT,0,1.44566048803499,1.50221975207736,2.26824946194644,1,1,1,1,0,1,1,0,0,1,0,1,0,1,0,0,0,1,0,1,0,1,1,0,1,0,0
6419-ZTTLE,1,-0.386097579701744,-1.46604711155321,-0.797380314080512,1,1,0,1,0,0,0,1,1,0,1,0,1,0,1,0,1,0,1,0,1,0,1,0,1,0,0
0618-XWMSS,0,-0.182568905508774,0.33084110158928,-0.10219894033944,1,0,1,1,0,0,1,0,0,1,0,0,0,0,0,0,0,0,0,0,0,0,1,0,0,0,1
4973-MGTON,0,1.56777769255077,0.646084647754628,1.61045381718131,0,1,0,1,0,0,0,0,0,1,0,1,0,1,0,1,0,1,0,1,0,1,1,1,0,0,0
6139-ZZRBQ,1,1.28283754868061,-1.48927558337592,-0.484398318772259,1,0,0,1,0,0,0,1,1,0,1,0,1,0,1,0,1,0,1,0,0,1,1,0,0,0,0
4465-VDKIQ,0,-0.589626253894714,0.427073341997649,-0.413907669481749,0,0,0,1,0,0,1,0,0,0,0,1,0,1,0,0,0,0,0,0,0,0,0,0,1,0,0
3462-BJQQA,0,-1.07809507195784,0.823616539542482,-0.767765899289824,0,0,0,1,0,1,1,0,0,0,0,1,0,0,0,0,0,1,0,0,0,0,1,0,1,0,0
2642-DTVCO,1,-0.955977867442059,0.667653943018573,-0.682654641955876,1,0,0,1,0,1,1,0,0,0,0,0,0,0,0,0,0,0,0,1,0,0,1,0,1,0,1
9524-EGPJC,0,-0.589626253894714,0.835230775453837,-0.302321257042115,0,0,0,1,0,1,1,0,0,0,0,0,0,0,0,1,0,0,0,1,0,0,1,0,1,0,1
2890-WFBHU,0,1.07930887448764,0.495099580907014,1.09096122147573,0,0,0,1,0,1,0,0,0,1,0,1,0,1,0,1,0,0,0,1,1,0,0,1,0,0,0
5356-RHIPP,0,-1.28162374615081,-1.48429805369962,-1.00154195793032,1,0,0,1,0,0,0,1,1,0,1,0,1,0,1,0,1,0,1,0,0,0,1,0,0,1,1
8659-IOOPU,0,1.56777769255077,1.17868032311819,2.13310762543683,0,1,1,1,0,1,1,0,0,1,0,0,0,1,0,1,0,0,0,1,0,1,0,0,1,0,0
3096-IZETN,0,-0.833860662926278,0.437028401350239,-0.594491936396646,0,0,0,1,0,0,1,0,0,0,0,0,0,0,0,0,0,0,0,1,0,0,0,0,0,0,1
2085-BOJKI,0,-0.630331988733308,1.05258290465205,-0.313078160857858,1,1,0,1,0,0,1,0,0,0,0,0,0,1,0,0,0,1,0,1,1,0,1,0,0,0,0
4282-ACRXS,1,0.224488442877166,-1.32999463373448,-0.590781902223461,1,1,0,0,1,0,0,0,0,0,0,0,0,0,0,0,0,0,0,0,0,0,1,0,1,0,0
2749-CTKAJ,0,-0.426803314540338,-1.48595723025839,-0.826050755679205,1,1,1,1,0,0,0,1,1,0,1,0,1,0,1,0,1,0,1,0,1,0,0,0,0,1,0
2320-YKQBO,0,-1.03738933711925,-1.51416323175739,-0.946769559929755,0,0,0,1,0,0,0,1,1,0,1,0,1,0,1,0,1,0,1,0,0,0,0,0,0,1,0
6253-GNHWH,0,1.56777769255077,0.20474368312314,1.2836415169671,0,1,1,1,0,1,0,0,0,1,0,1,0,1,0,1,0,0,0,0,0,1,0,0,0,1,0
5712-AHQNN,0,0.428017117070136,0.886665248775552,0.725665549039078,0,0,0,1,0,0,1,0,0,0,0,1,0,1,0,0,0,1,0,0,0,0,1,0,1,0,0
4987-GQWPO,0,-0.630331988733308,-1.32169875094065,-0.84233978145733,1,0,0,0,1,0,0,0,0,0,0,0,0,0,0,0,0,0,0,0,0,0,0,1,0,0,0
0196-VULGZ,1,-1.07809507195784,0.644425471195863,-0.80190260425611,0,1,0,1,0,1,1,0,0,0,0,0,0,0,0,0,0,0,0,1,0,0,1,0,1,0,1
4633-MKHYU,0,-0.955977867442059,0.778818772455828,-0.664170329684743,0,0,0,1,0,0,1,0,0,0,0,0,0,0,0,0,0,1,0,1,0,0,1,0,0,1,0
2722-VOJQL,0,1.28283754868061,1.35123468522975,2.02044552261562,1,0,0,1,0,1,1,0,0,0,0,1,0,0,0,1,0,1,0,1,1,0,1,1,0,0,1
2234-EOFPT,0,1.60848342738936,0.478507815319364,1.51559548781841,1,1,0,1,0,0,0,0,0,1,0,1,0,0,0,1,0,1,0,1,0,1,1,0,0,0,0
8751-EDEKA,0,-0.182568905508774,0.828594069218777,0.0580350207852659,0,1,0,1,0,0,1,0,0,0,0,1,0,1,0,0,0,0,0,1,0,0,0,1,0,0,0
7563-BIUPC,0,-1.11880080679644,0.519987229288489,-0.827960654928123,1,0,0,1,0,0,1,0,0,0,0,0,0,0,0,0,0,1,0,0,0,0,1,0,1,0,1
3938-YFPXD,0,1.60848342738936,0.642766294637098,1.62265961008244,1,0,0,1,0,1,0,0,0,1,0,0,0,1,0,1,0,1,0,1,0,1,0,1,0,0,0
2866-IKBTM,0,-1.28162374615081,-1.50586734896357,-1.00182734517441,0,0,0,1,0,0,0,1,1,0,1,0,1,0,1,0,1,0,1,0,0,0,0,0,0,1,0
3256-EZDBI,1,0.753662995778888,-1.1773503903281,-0.369672646647623,1,1,0,0,1,0,0,0,0,0,0,1,0,0,0,0,0,0,0,0,0,0,1,1,0,0,0
5302-BDJNT,0,0.102371238361384,1.01442184380046,0.490374742718403,1,0,0,1,0,1,1,0,0,0,0,0,0,1,0,1,0,1,0,0,0,0,0,0,1,0,0
4529-CKBCL,0,-1.24091801131222,0.506713816818369,-0.946286596901293,0,0,0,1,0,0,1,0,0,0,0,0,0,0,0,0,0,1,0,0,0,0,1,0,1,0,1
8095-WANWK,0,-0.915272132603466,-0.653050597758361,-0.82218705145151,0,0,0,1,0,0,0,0,0,0,0,0,0,0,0,0,0,0,0,0,0,0,0,0,0,1,0
4767-HZZHQ,0,-0.101157435831586,0.568103349492673,0.118054153504124,1,1,1,1,0,0,1,0,0,0,0,1,0,1,0,0,0,0,0,0,0,0,0,0,0,0,0
1247-QBVSH,0,0.428017117070136,-0.488792118440626,-0.0579200117754546,0,1,1,1,0,0,0,0,0,0,0,1,0,0,0,0,0,0,0,0,0,0,0,0,0,1,0
0939-YAPAF,0,0.102371238361384,1.17204361688313,0.538407611185434,0,0,0,1,0,1,1,0,0,0,0,0,0,1,0,0,0,1,0,1,0,0,1,0,1,0,1
1998-VHJHK,0,-0.223274640347368,-1.51914076143369,-0.790289538708093,0,0,0,1,0,0,0,1,1,0,1,0,1,0,1,0,1,0,1,0,1,0,0,0,0,1,0
8189-HBVRW,0,0.835074465456076,0.858459247276547,1.15027786251682,0,0,0,1,0,1,1,0,0,1,0,1,0,1,0,0,0,0,0,0,0,0,0,0,1,0,0
9365-SRSZE,1,-0.223274640347368,0.186492740976725,-0.156927432610148,1,1,0,1,0,0,1,0,0,0,0,0,0,0,0,0,0,0,0,0,0,0,1,0,1,0,0
3886-CERTZ,0,1.60848342738936,1.47069539746083,2.55025596483835,0,1,0,1,0,1,1,0,0,0,0,1,0,1,0,1,0,1,0,1,1,0,1,0,1,0,1
2592-SEIFQ,0,-1.20021227647362,-1.33331298685201,-0.981016029220691,1,0,0,0,1,0,0,0,0,0,0,0,0,0,0,0,0,0,0,0,0,0,0,0,1,0,1
6439-GTPCA,0,0.509428586747324,0.740657711604233,0.720221238536416,0,0,0,1,0,1,1,0,0,0,0,0,0,1,0,1,0,0,0,0,0,0,1,0,1,0,1
3392-EHMNK,0,1.40495475319639,0.967964900155036,1.75687942626499,0,1,1,1,0,1,1,0,0,0,0,1,0,0,0,1,0,1,0,0,0,1,0,1,0,0,0
9732-EQMWY,0,0.6722515261017,1.14383761538413,1.19585201011168,0,1,0,1,0,0,1,0,0,0,0,1,0,1,0,0,0,1,0,1,0,0,0,0,1,0,0
3845-FXCYS,0,-1.24091801131222,-1.50254899584604,-0.996712327645703,1,0,0,1,0,0,0,1,1,0,1,0,1,0,1,0,1,0,1,0,0,0,1,0,1,0,0
3926-CUQZX,0,-1.28162374615081,-0.658028127434656,-0.990609431195139,1,0,0,1,0,0,0,0,0,0,0,0,0,0,0,0,0,0,0,0,0,0,1,0,0,0,1
2240-HSJQD,0,0.224488442877166,0.561466643257613,0.368975399655021,1,0,1,1,0,1,1,0,0,0,0,1,0,0,0,0,0,0,0,0,0,0,1,0,0,1,0
9944-HKVVB,0,-1.20021227647362,1.00114843133034,-0.875444701771902,0,0,0,1,0,0,1,0,0,0,0,1,0,0,0,0,0,1,0,1,0,0,1,0,1,0,1
2817-NTQDO,0,-0.793154928087684,-0.643095538405771,-0.748293708096837,1,0,0,0,1,0,0,0,0,1,0,0,0,0,0,1,0,1,0,0,0,0,1,1,0,0,1
3003-CMDUU,0,-0.304686110024556,1.0028076078891,0.0414386548981199,0,1,0,1,0,0,1,0,0,0,0,0,0,0,0,1,0,1,0,1,0,0,1,0,1,0,0
5802-ADBRC,0,0.712957260940294,1.30975527126063,1.28713202249099,0,1,0,1,0,1,1,0,0,1,0,0,0,1,0,0,0,1,0,1,1,0,1,0,0,1,0
4854-SSLTN,0,-1.24091801131222,-0.180185278510338,-0.95311393789455,1,1,1,1,0,0,0,0,0,1,0,1,0,0,0,1,0,0,0,0,0,1,0,0,0,1,0
3372-KWFBM,1,-0.671037723571902,0.719088416340288,-0.447978515853244,1,0,0,1,0,1,1,0,0,0,0,0,0,0,0,0,0,1,0,0,0,0,1,0,1,0,1
7868-TMWMZ,1,1.12001460932623,1.4955830458423,1.91737682176886,0,1,0,1,0,0,1,0,0,1,0,1,0,1,0,1,0,1,0,1,0,1,1,0,0,0,0
2056-EVGZL,0,1.44566048803499,1.35455303834728,2.20458615364919,1,1,1,1,0,0,1,0,0,0,0,1,0,1,0,1,0,1,0,1,1,0,0,1,0,0,0
5730-RIITO,1,0.428017117070136,-1.0446162656269,-0.351715203134812,0,0,0,0,1,0,0,0,0,1,0,1,0,0,0,0,0,0,0,0,0,0,1,1,0,0,0
0820-FNRNX,0,-0.630331988733308,0.058736145951821,-0.53752425190307,1,1,1,1,0,1,0,0,0,0,0,1,0,1,0,1,0,0,0,0,0,0,1,0,0,1,0
1206-EHBDD,0,0.957191669971858,0.510032169935899,0.971340060471683,0,1,0,1,0,0,1,0,0,1,0,0,0,1,0,0,0,0,0,0,0,1,0,0,0,0,0
7734-DBOAI,0,-1.28162374615081,-0.823945783311155,-0.992804717688148,0,1,1,0,1,0,0,0,0,0,0,0,0,0,0,1,0,1,0,0,0,0,0,0,1,0,1
7569-NMZYQ,0,1.60848342738936,1.78593894362618,2.79729155389662,0,1,1,1,0,1,1,0,0,1,0,1,0,1,0,1,0,1,0,1,0,1,1,0,0,0,0
0347-UBKUZ,0,-0.711743458410496,-1.49425311305221,-0.869715004025149,0,0,0,1,0,0,0,1,1,0,1,0,1,0,1,0,1,0,1,0,0,0,0,0,0,1,0
6754-WKSHP,0,-0.101157435831586,-1.31340286814683,-0.692840771283436,1,0,1,1,0,1,0,1,1,0,1,0,1,0,1,0,1,0,1,0,1,0,0,0,0,0,0
2436-QBZFP,0,-0.426803314540338,-0.853810961368925,-0.637256117280456,0,1,1,0,1,0,0,0,0,0,0,1,0,0,0,0,0,1,0,0,0,0,0,0,1,0,0
9432-RUVSL,0,0.631545791263106,1.24670656202756,1.14283584130552,0,0,0,1,0,0,1,0,0,1,0,0,0,1,0,1,0,1,0,1,0,1,1,1,0,0,0
2799-ARNLO,1,-1.11880080679644,0.146672503566365,-0.860428942159722,0,1,0,1,0,0,1,0,0,0,0,0,0,0,0,0,0,0,0,0,0,0,1,0,1,0,0
1635-HDGFT,0,-0.54892051905612,-1.47434299434703,-0.835424629004353,0,0,1,1,0,0,0,1,1,0,1,0,1,0,1,0,1,0,1,0,0,1,0,0,0,1,0
3482-ABPKK,0,-0.182568905508774,-0.352739640621897,-0.331496614534201,0,0,0,1,0,0,0,0,0,1,0,0,0,0,0,1,0,0,0,0,1,0,0,0,0,1,0
7054-DMVAS,0,0.87578020029467,0.012279202306401,0.531953468895988,1,0,0,1,0,0,0,0,0,1,0,1,0,0,0,0,0,1,0,0,0,1,1,0,0,0,0
3509-GWQGF,1,-0.34539184486315,0.16824179883031,-0.249700239804696,1,0,0,1,0,0,1,0,0,0,0,0,0,0,0,0,0,0,0,0,0,0,0,1,0,0,0
5986-WWXDV,0,0.26519417771576,-1.51250405519863,-0.668297468291599,1,0,1,1,0,0,0,1,1,0,1,0,1,0,1,0,1,0,1,0,1,0,0,0,0,0,0
6506-EYCNH,0,-0.182568905508774,-1.50586734896357,-0.771651556382449,0,1,1,1,0,0,0,1,1,0,1,0,1,0,1,0,1,0,1,0,0,0,1,0,0,0,0
0650-BWOZN,1,-0.589626253894714,0.286043334502625,-0.413534470777937,0,0,0,1,0,0,1,0,0,0,0,1,0,0,0,0,0,0,0,0,0,0,1,0,1,0,0
7422-WNBTY,0,0.0209597686841961,0.943077251773561,0.347154251914514,1,1,0,1,0,1,1,0,0,0,0,1,0,1,0,0,0,0,0,1,0,0,1,0,1,0,0
7156-MXBJE,0,0.428017117070136,0.669313119577338,0.597526676442159,0,0,0,1,0,1,0,0,0,0,0,1,0,1,0,1,0,1,0,1,1,0,0,1,0,0,0
8722-PRFDV,0,1.56777769255077,0.418777459203824,1.43704813709855,0,1,1,1,0,0,0,0,0,1,0,0,0,1,0,0,0,1,0,1,0,1,0,1,0,0,0
4566-QVRRW,0,-0.874566397764872,-0.692870835168721,-0.798038900028414,0,1,0,1,0,0,0,0,0,0,0,0,0,0,0,0,0,0,0,0,0,0,1,0,1,0,1
3890-RTCMS,0,-0.671037723571902,-0.513679766822101,-0.659604133779284,1,0,0,1,0,0,0,0,0,0,0,0,0,0,0,1,0,0,0,0,0,0,1,0,0,1,0
3370-HXOPH,0,-1.20021227647362,0.370661338999639,-0.897309755242269,0,0,0,1,0,1,1,0,0,0,0,0,0,0,0,0,0,0,0,0,0,0,0,0,1,0,0
3796-ENZGF,0,1.24213181384202,0.0769870880982358,0.848623545512496,1,1,0,1,0,1,0,0,0,0,0,1,0,0,0,1,0,0,0,1,0,1,0,0,0,1,0
4054-CUMIA,0,-0.589626253894714,-1.48263887714086,-0.833931834189107,0,1,1,1,0,0,0,1,1,0,1,0,1,0,1,0,1,0,1,0,0,0,1,0,0,1,0
1135-HIORI,0,1.28283754868061,1.54369916604649,2.18019652071187,0,1,1,1,0,1,1,0,0,0,0,1,0,1,0,1,0,1,0,1,1,0,1,0,1,0,0
5944-UGLLK,0,0.835074465456076,-0.332829521916717,0.326847851854184,1,0,0,0,1,0,0,0,0,0,0,0,0,1,0,1,0,1,0,1,1,0,0,1,0,0,0
5529-GIBVH,0,0.590840056424512,-1.48595723025839,-0.551069169564933,0,0,0,1,0,0,0,1,1,0,1,0,1,0,1,0,1,0,1,0,0,1,0,0,0,1,0
7217-JYHOQ,0,-0.34539184486315,0.1781968581829,-0.261181588163132,1,1,1,1,0,0,0,0,0,1,0,1,0,0,0,1,0,0,0,1,0,0,1,1,0,0,0
5180-UCIIQ,1,-0.426803314540338,-0.82560495986992,-0.623952681132823,1,1,1,0,1,0,0,0,0,1,0,0,0,0,0,0,0,0,0,1,0,0,0,0,0,1,1
5515-IDEJJ,0,-1.28162374615081,-1.49425311305221,-1.0016736751199,1,1,1,1,0,0,0,1,1,0,1,0,1,0,1,0,1,0,1,0,0,0,0,0,0,1,1
4315-MURBD,0,-0.833860662926278,1.12724584979648,-0.518249636494453,0,0,0,1,0,0,1,0,0,1,0,0,0,0,0,1,0,1,0,1,0,0,1,0,0,0,1
7730-IUTDZ,0,0.428017117070136,0.34079616094187,0.39395775994546,1,0,0,1,0,0,1,0,0,1,0,0,0,0,0,0,0,0,0,0,0,0,1,0,1,0,1
5366-IJEQJ,0,-0.508214784217526,0.788773831808418,-0.237033436740036,1,0,0,1,0,1,1,0,0,0,0,0,0,1,0,0,0,1,0,0,0,0,1,0,1,0,1
4597-NUCQV,1,-0.34539184486315,1.20522714805843,0.0609547518209675,1,0,0,1,0,1,1,0,0,0,0,1,0,0,0,0,0,1,0,1,0,0,1,0,1,0,1
7560-QRBXH,0,0.631545791263106,-1.49259393649345,-0.599145943761824,0,0,1,1,0,0,0,1,1,0,1,0,1,0,1,0,1,0,1,0,1,0,0,0,0,1,0
0654-PQKDW,0,1.20142607900342,0.193129447211785,0.861487924361527,0,1,1,1,0,0,0,0,0,1,0,0,0,1,0,1,0,1,0,0,1,0,1,0,0,0,0
2858-MOFSQ,0,-0.630331988733308,-0.301305167300182,-0.598794697922943,0,0,1,1,0,1,0,0,0,0,0,0,0,1,0,0,0,0,0,0,1,0,1,0,0,1,1
1360-RCYRT,0,-0.386097579701744,-1.14748521227033,-0.712400773936144,1,1,1,0,1,0,0,0,0,0,0,0,0,0,0,1,0,0,0,0,0,0,1,0,0,0,0
9644-KVCNC,0,1.3642490183578,0.903257014363202,1.64891523653882,0,0,0,1,0,1,1,0,0,0,0,0,0,1,0,0,0,1,0,0,1,0,1,0,0,0,0
2908-WGAXL,0,0.957191669971858,-1.32667628061695,-0.365479649445976,0,1,1,1,0,1,0,1,1,0,1,0,1,0,1,0,1,0,1,0,0,1,1,1,0,0,0
0867-MKZVY,0,-0.508214784217526,0.579717585404029,-0.311278025933591,0,1,0,1,0,1,1,0,0,1,0,0,0,0,0,0,0,0,0,0,0,0,0,0,1,0,1
7644-OMVMY,0,-1.32232948098941,-1.49591228961098,-0.396839316998606,1,1,1,1,0,0,0,1,1,0,1,0,1,0,1,0,1,0,1,0,0,1,0,0,0,1,0
2026-TGDHM,0,-1.03738933711925,0.476848638760599,-0.780718089598575,0,0,0,1,0,0,1,0,0,0,0,0,0,0,0,0,0,0,0,1,0,0,1,0,1,0,1
6143-JQKEA,0,-0.915272132603466,-0.634799655611946,-0.818894121711997,1,0,0,1,0,0,0,0,0,0,0,0,0,0,0,0,0,0,0,0,0,0,1,1,0,0,0
4747-LCAQL,0,-0.304686110024556,0.466893579408009,-0.175323933421561,1,0,0,1,0,0,0,0,0,1,0,1,0,0,0,1,0,1,0,1,0,0,1,0,0,1,0
3254-YRILK,1,-0.54892051905612,0.772182066220768,-0.230732964505101,1,0,0,1,0,1,1,0,0,0,0,1,0,0,0,0,0,1,0,0,0,0,1,0,1,0,1
6907-FLBER,0,-1.28162374615081,-0.352739640621897,-0.986570104048003,1,0,0,1,0,1,0,0,0,0,0,1,0,0,0,0,0,0,0,0,0,0,0,0,1,0,0
3957-SQXML,0,0.0616655035227901,-1.32667628061695,-0.617761973222538,0,1,1,1,0,1,0,1,1,0,1,0,1,0,1,0,1,0,1,0,0,1,0,1,0,0,0
2154-KVJFF,0,-0.711743458410496,0.491781227789484,-0.522245057911729,0,0,0,1,0,1,1,0,0,0,0,1,0,0,0,0,0,0,0,0,0,0,1,0,1,0,1
8207-DMRVL,0,1.60848342738936,1.64656811268992,2.63642095968894,1,1,1,1,0,1,1,0,0,1,0,1,0,1,0,1,0,1,0,1,0,1,0,0,0,0,0
4194-FJARJ,0,0.87578020029467,-0.163593512922688,0.427040727395101,0,1,1,1,0,1,0,0,0,1,0,0,0,0,0,1,0,0,0,0,0,1,0,0,0,0,0
5095-ETBRJ,0,0.916485935133264,-0.269780812683648,0.355957350751479,0,1,0,1,0,0,0,0,0,1,0,1,0,0,0,1,0,0,0,0,0,1,0,0,0,1,0
9133-AYJZG,0,-0.386097579701744,1.12060914356142,-0.0229271450768957,0,0,0,1,0,1,1,0,0,0,0,1,0,0,0,0,0,1,0,1,0,0,1,1,0,0,0
0324-BRPCJ,1,1.44566048803499,1.17038444032437,1.99785602460256,0,1,0,1,0,1,1,0,0,0,0,1,0,0,0,0,0,1,0,1,0,0,1,0,1,0,1
2476-YGEFM,0,-0.14186317067018,0.367342985882109,-0.0377892346345647,0,0,0,1,0,1,1,0,0,0,0,0,0,0,0,0,0,0,0,0,0,0,1,1,0,0,0
9068-FHQHD,0,0.305899912554354,-1.48595723025839,-0.669109724294012,0,1,1,1,0,0,0,1,1,0,1,0,1,0,1,0,1,0,1,0,0,1,0,0,0,0,0
5520-FVEWJ,0,-0.833860662926278,0.649403000872158,-0.607839278274139,0,1,1,1,0,1,1,0,0,0,0,1,0,1,0,0,0,0,0,0,0,0,1,0,1,0,1
4566-NECEV,0,-1.11880080679644,1.04926455153452,-0.790838360331346,1,0,0,1,0,1,1,0,0,0,0,1,0,1,0,0,0,0,0,1,0,0,0,0,1,0,0
5154-VEKBL,0,-0.955977867442059,-0.213368809685638,-0.773385832711926,0,0,0,0,1,0,0,0,0,1,0,0,0,1,0,1,0,1,0,1,0,0,0,0,0,1,1
0565-JUPYD,0,1.24213181384202,1.31307362437815,1.8833279282623,1,0,0,1,0,1,1,0,0,1,0,1,0,1,0,1,0,1,0,0,1,0,0,1,0,0,0
8695-WDYEA,0,-1.28162374615081,-0.453949410706562,-0.987909228808738,1,0,0,1,0,0,0,0,0,1,0,0,0,0,0,0,0,0,0,0,0,0,0,0,0,1,0
6397-JNZZG,1,0.428017117070136,-0.311260226652772,0.0179490894229266,0,1,0,0,1,0,0,0,0,0,0,1,0,1,0,0,0,1,0,1,0,0,0,1,0,0,1
6308-CQRBU,0,1.56777769255077,1.47069539746083,2.37371102507058,0,1,0,1,0,1,1,0,0,0,0,1,0,1,0,1,0,1,0,1,0,1,0,0,1,0,0
2842-JTCCU,0,-1.24091801131222,-0.626503772818121,-0.975132661419428,1,0,0,1,0,0,0,0,0,0,0,0,0,0,0,0,0,0,0,0,0,0,0,0,0,0,1
6402-ZFPPI,1,-0.304686110024556,1.25666162138014,0.157569310378281,0,0,0,1,0,1,1,0,0,1,0,1,0,0,0,0,0,1,0,1,0,0,1,0,0,1,1
3594-BDSOA,0,-0.34539184486315,-1.47766134746456,-0.798434051597156,0,1,0,1,0,0,0,1,1,0,1,0,1,0,1,0,1,0,1,0,1,0,0,1,0,0,0
6490-FGZAT,0,-1.07809507195784,-1.46936546467074,-0.962421952624907,1,0,0,1,0,0,0,1,1,0,1,0,1,0,1,0,1,0,1,0,0,0,0,0,0,1,0
