customerID,tenure,MonthlyCharges,service_count
7590-VHVEG,1,29.849999999999973,1
5575-GNVDE,34,56.94999999999995,3
3668-QPYBK,2,53.84999999999998,3
7795-CFOCW,45,42.29999999999997,3
9237-HQITU,2,70.69999999999995,1
9305-CDSKC,8,99.64999999999998,5
1452-KIOVK,22,89.09999999999992,4
6713-OKOMC,10,29.750000000000036,1
7892-POOKP,28,104.79999999999995,6
6388-TABGU,62,56.149999999999956,3
9763-GRSKD,13,49.94999999999997,2
7469-LKBCI,16,18.95000000000013,1
8091-TTVAX,58,100.3499999999998,5
0280-XJGEX,49,103.69999999999979,6
5129-JLPIS,25,105.50000000000009,6
3655-SNQYZ,69,113.2499999999998,8
8191-XWSZG,52,20.649999999999878,1
9959-WOFKT,71,106.69999999999987,6
4190-MFLUW,10,55.19999999999997,3
4183-MYFRB,21,90.04999999999994,4
8779-QRDMV,1,39.64999999999999,2
1680-VDCWW,12,19.800000000000004,1
1066-JKSGK,1,20.149999999999913,1
3638-WEABW,58,59.89999999999994,4
6322-HRPFA,49,59.599999999999966,4
6865-JZNKO,30,55.299999999999955,3
6467-CHFZW,47,99.34999999999988,5
8665-UTDHZ,1,30.199999999999882,1
5248-YGIJN,72,90.24999999999993,8
8773-HHUOZ,17,64.69999999999996,3
3841-NFECX,71,96.3499999999998,6
4929-XIHVW,2,95.49999999999993,4
6827-IEAUQ,27,66.14999999999996,5
7310-EGVHZ,1,20.20000000000003,1
3413-BMNZE,1,45.24999999999996,1
6234-RAAPL,72,99.89999999999995,6
6047-YHPVI,5,69.69999999999996,1
6572-ADKRS,46,74.79999999999994,2
5380-WJKOV,34,106.34999999999995,6
8168-UQWWF,11,97.85,5
8865-TNMNX,10,49.54999999999997,2
9489-DEDVP,70,69.19999999999995,5
9867-JCZSP,17,20.750000000000114,1
4671-VJLCL,63,79.84999999999995,7
4080-IIARD,13,76.19999999999996,6
3714-NTNFO,49,84.49999999999994,3
5948-UJZLF,2,49.249999999999964,2
7760-OYPDY,2,80.64999999999995,2
7639-LIAYI,52,79.74999999999993,6
2954-PIBKO,69,64.14999999999996,5
8012-SOUDQ,43,90.24999999999993,4
9420-LOJKX,15,99.0999999999999,5
6575-SUVOI,25,69.49999999999994,5
7495-OOKFY,8,80.64999999999995,3
4667-QONEA,60,74.84999999999994,6
1658-BYGOY,18,95.4499999999998,4
8769-KKTPH,63,99.64999999999998,5
5067-XJQFU,66,108.45000000000005,7
3957-SQXML,34,24.949999999999974,2
5954-BDFSG,72,107.49999999999991,6
0434-CSFON,47,100.49999999999986,5
1215-FIGMP,60,89.89999999999995,4
0526-SXDJP,72,42.09999999999998,3
0557-ASKVU,18,54.39999999999996,3
5698-BQJOH,9,94.39999999999995,4
5122-CYFXA,3,75.29999999999993,5
8627-ZYGSZ,47,78.89999999999996,3
3410-YOQBQ,31,79.19999999999995,6
3170-NMYVV,50,20.149999999999913,1
7410-OIEDU,10,79.84999999999995,3
2273-QCKXA,1,49.049999999999976,2
0731-EBJQB,52,20.3999999999999,1
1891-QRQSA,64,111.59999999999985,7
8028-PNXHQ,62,24.25000000000015,2
5630-AHZIL,3,64.49999999999996,4
2673-CXQEU,56,110.5,7
6416-JNVRK,46,55.64999999999996,2
5590-ZSKRV,8,54.64999999999998,3
0191-ZHSKZ,30,74.74999999999994,5
3887-PBQAO,45,25.900000000000084,2
5919-TMRGD,1,79.34999999999994,2
8108-UXRQN,11,50.549999999999955,3
9191-MYQKX,7,75.14999999999995,2
9919-YLNNG,42,103.80000000000003,6
0318-ZOPWS,49,20.149999999999913,1
4445-ZJNMU,9,99.30000000000007,5
4808-YNLEU,35,62.149999999999956,3
1862-QRWPE,48,20.649999999999878,1
2796-NNUFI,46,19.950000000000053,1
3016-KSVCP,29,33.750000000000036,1
4767-HZZHQ,30,82.04999999999994,3
2424-WVHPL,1,74.69999999999995,2
7233-PAHHL,66,83.99999999999994,7
6067-NGCEU,65,111.04999999999978,7
9848-JQJTX,72,100.89999999999989,6
8637-XJIVR,12,78.94999999999996,3
9803-FTJCG,71,66.84999999999995,5
0278-YXOOG,5,21.049999999999912,1
3212-KXOCR,52,21.000000000000092,1
4598-XLKNJ,25,98.5,5
6380-ARCEH,1,20.20000000000003,1
3679-XASPY,1,19.450000000000088,1
7123-WQUHX,38,94.99999999999996,5
5386-THSLQ,66,45.54999999999997,3
3192-NQECA,68,110.00000000000004,7
6180-YBIQI,5,24.29999999999996,0
6728-DKUCO,72,104.14999999999993,6
9750-BOOHV,32,30.15000000000007,1
8597-CWYHH,43,94.34999999999992,4
2848-YXSMW,72,19.39999999999997,1
0486-HECZI,55,96.74999999999983,5
4549-ZDQYY,52,57.949999999999974,4
5712-AHQNN,43,91.64999999999995,4
4846-WHAFZ,37,76.49999999999997,2
5256-SKJGO,64,54.59999999999998,4
3071-VBYPO,3,89.84999999999992,4
9560-BBZXK,36,31.05000000000006,1
5299-RULOA,10,100.24999999999987,5
8402-OOOHJ,41,20.649999999999878,1
9445-ZUEQE,27,85.19999999999995,4
1091-SOZGA,56,99.80000000000003,5
2928-HLDBA,6,20.699999999999996,1
0404-SWRVG,3,74.39999999999998,2
6497-TILVL,7,50.699999999999974,2
7219-TLZHO,4,20.850000000000044,1
4622-YNKIJ,33,88.94999999999993,4
4412-YLTKF,27,78.04999999999994,3
6734-PSBAW,72,23.55000000000002,2
3930-ZGWVE,1,19.749999999999886,1
2639-UGMAZ,71,56.44999999999996,4
2876-GZYZC,13,85.94999999999995,3
6207-WIOLX,25,58.59999999999995,5
8587-XYZSF,67,50.549999999999955,2
3091-FYHKI,1,35.449999999999974,1
2372-HWUHI,2,44.349999999999966,1
7799-LGRDP,43,25.699999999999918,2
7850-VWJUU,23,74.99999999999996,2
3774-VBNXY,64,20.20000000000003,1
6217-KDYWC,57,19.599999999999838,1
0390-DCFDQ,1,70.44999999999996,1
3146-MSEGF,72,88.04999999999994,8
4080-OGPJL,8,71.14999999999995,5
1095-WGNGG,61,101.04999999999993,5
2636-SJDOU,64,84.29999999999995,4
1131-QQZEB,71,23.950000000000053,2
5716-EZXZN,65,99.05000000000007,6
6837-BJYDQ,3,19.599999999999838,1
2135-RXIHG,1,45.64999999999996,1
6440-DKQGE,30,64.49999999999996,4
3466-BYAVD,15,69.49999999999994,5
3780-YVMFA,8,68.54999999999995,4
3874-EQOEP,7,94.99999999999996,4
1679-JRFBR,70,108.14999999999995,7
9073-ZZIAY,62,86.09999999999994,7
3077-RSNTJ,6,19.700000000000074,1
6551-GNYDG,14,80.89999999999996,2
9167-APMXZ,22,84.14999999999996,3
2749-CTKAJ,22,20.149999999999913,1
6371-NZYEG,16,64.24999999999996,4
7554-NEWDD,10,25.699999999999918,2
8992-VONJD,13,55.999999999999964,3
0867-MKZVY,20,82.39999999999995,3
4482-EWFMI,2,69.69999999999996,1
4648-YPBTM,53,73.89999999999995,6
2907-ILJBN,11,20.600000000000065,1
6345-FZOQH,69,19.899999999999935,1
3376-BMGFE,4,70.89999999999996,1
5997-OPVFA,72,89.04999999999993,8
3445-HXXGF,58,45.299999999999955,3
1159-WFSGR,16,20.3999999999999,1
7654-YWJUF,43,84.24999999999996,4
1875-QIVME,2,104.39999999999992,6
6727-IOTLZ,14,81.94999999999995,6
0691-JVSYA,53,94.84999999999991,4
5918-VUKWP,32,20.549999999999947,1
1744-JHKYS,34,24.699999999999996,2
2656-FMOKZ,15,74.44999999999996,2
2070-FNEXE,7,76.44999999999993,2
5947-SGKCL,15,105.35000000000002,6
3712-PKXZA,61,20.549999999999947,1
6317-YPKDH,1,29.949999999999903,1
6582-OIVSP,1,45.299999999999955,1
9367-WXLCH,8,84.49999999999994,3
5524-KHNJP,33,74.74999999999994,5
1918-ZBFQJ,13,79.24999999999994,3
1024-GUALD,1,24.799999999999926,0
4827-USJHP,20,51.79999999999998,2
8167-GJLRN,3,30.40000000000005,1
0956-SYCWG,13,19.649999999999956,1
8017-UVSZU,40,56.59999999999995,3
7100-FQPRV,43,71.89999999999995,5
2472-OVKUP,6,90.99999999999993,4
2984-RGEYA,69,19.749999999999886,1
9680-NIAUV,72,109.69999999999995,7
2146-EGVDT,59,19.30000000000004,1
2604-IJPDU,20,96.54999999999997,5
9178-JHUVJ,24,24.1000000000001,2
6168-YBYNP,59,111.34999999999988,7
7255-SSFBC,72,112.24999999999987,7
3645-DEYGF,1,20.750000000000114,1
9323-HGFWY,27,101.8999999999998,5
8544-GOQSH,14,80.04999999999994,3
3363-DTIVD,71,105.5499999999999,6
7018-WBJNK,13,78.29999999999995,2
9142-KZXOP,44,68.84999999999994,1
7674-YTAFD,33,79.94999999999995,3
6348-SNFUS,72,55.449999999999974,5
1285-OKIPP,1,79.89999999999995,2
7825-ECJRF,19,106.59999999999994,6
1347-KTTTA,64,102.44999999999989,6
7841-TZDMQ,2,45.999999999999964,1
4195-NZGTA,1,25.25000000000007,0
7157-SMCFK,61,19.749999999999886,1
4709-LKHYG,29,19.999999999999865,1
2504-DSHIH,23,86.79999999999994,3
0699-NDKJM,57,58.74999999999997,5
9286-BHDQG,72,45.24999999999996,4
0230-WEQUW,66,56.59999999999995,5
2040-LDIWQ,65,84.19999999999996,7
6496-JDSSB,8,79.99999999999994,2
9408-SSNVZ,4,70.14999999999996,1
4443-EMBNA,71,24.750000000000107,2
6469-MRVET,1,20.20000000000003,1
0742-MOABM,4,50.04999999999996,2
5961-VUSRV,12,19.34999999999986,1
6778-JFCMK,24,50.59999999999998,3
6341-JVQGF,31,81.14999999999995,6
2232-DMLXU,1,55.19999999999997,2
4811-JBUVU,30,89.89999999999995,4
0945-TSONX,47,85.29999999999994,7
2651-ZCBXV,54,107.99999999999989,7
3316-UWXUY,50,93.49999999999993,5
8937-RDTHP,1,84.59999999999992,3
7083-MIOPC,72,20.24999999999985,1
1984-GPTEH,29,25.15000000000014,2
1251-KRREG,2,54.39999999999996,3
0621-JFHOL,10,29.599999999999987,1
9903-LYSAB,18,73.14999999999995,2
0094-OIFMO,11,94.99999999999996,4
9227-UAQFT,16,19.749999999999886,1
7301-ABVAD,72,86.59999999999994,7
6614-FHDBO,72,109.19999999999999,7
7576-ASEJU,41,74.69999999999995,5
9058-HRZSV,65,94.39999999999995,5
4522-AKYLR,13,54.79999999999997,3
0221-WMXNQ,4,75.34999999999994,2
0303-UNCIP,41,64.99999999999996,4
9947-OTFQU,15,74.39999999999998,2
0322-YINQP,1,48.549999999999955,2
0959-WHOKV,42,98.99999999999996,6
4075-JFPGR,51,93.49999999999993,5
4629-NRXKX,2,70.39999999999998,1
9514-JDSKI,1,40.199999999999974,2
3282-ZISZV,32,83.69999999999993,7
3675-YDUPJ,10,19.850000000000122,1
4111-BNXIF,67,59.54999999999997,5
7017-VFHAY,61,115.0999999999999,8
6655-LHBYW,50,114.34999999999995,8
4959-JOSRX,2,44.59999999999998,1
5046-NUHWD,29,44.99999999999998,3
7273-TEFQD,3,41.14999999999996,2
3606-TWKGI,13,106.90000000000003,6
7529-ZDFXI,57,89.84999999999992,4
7605-BDWDC,31,49.84999999999998,4
1950-KSVVJ,45,113.29999999999991,8
0123-CRBRT,61,88.09999999999994,8
6292-TOSSS,50,24.899999999999856,2
3197-ARFOY,19,104.99999999999982,6
6323-AYBRX,59,19.34999999999986,1
7014-ZZXAW,71,24.25000000000015,2
4385-GZQXV,16,94.44999999999995,4
7633-MVPUY,57,59.74999999999996,4
6366-ZGQGL,1,24.799999999999926,0
4716-HHKQH,20,107.05000000000008,6
5940-AHUHD,1,70.59999999999995,1
6432-TWQLB,5,85.39999999999996,4
4484-GLZOU,52,105.04999999999993,6
3179-GBRWV,21,64.94999999999996,4
8645-KWHJO,14,54.99999999999995,4
4130-MZLCC,5,50.549999999999955,2
0314-TKOSI,6,55.14999999999997,3
8229-MYEJZ,10,51.19999999999996,2
2080-SRCDE,1,25.40000000000012,2
9577-WJVCQ,68,54.44999999999996,3
9512-UIBFX,18,95.15,4
6202-DYYFX,22,75.99999999999994,2
3808-HFKDE,20,44.349999999999966,1
5583-SXDAG,1,69.99999999999994,1
3488-PGMQJ,8,74.49999999999997,2
3580-REOAC,10,44.849999999999966,1
7534-BFESC,24,76.09999999999994,2
3727-OWVYD,35,61.19999999999997,4
2294-SALNE,23,86.79999999999994,4
4847-TAJYI,6,89.34999999999994,3
1563-IWQEX,12,19.700000000000074,1
8203-XJZRC,1,20.24999999999985,1
6556-DBKZF,71,76.04999999999994,2
6851-WEFYX,35,100.79999999999995,5
2985-JUUBZ,40,74.54999999999995,5
6390-DSAZX,1,73.59999999999994,2
0895-LMRSF,23,64.89999999999996,3
8098-LLAZX,4,95.4499999999998,4
8266-VBFQL,4,90.39999999999995,4
8181-YHCMF,68,60.29999999999995,5
2240-HSJQD,38,81.84999999999992,3
1248-DYXUB,52,24.799999999999926,2
0265-EDXBD,32,74.89999999999996,2
4115-BNPJY,29,75.54999999999994,5
3167-SNQPL,38,101.14999999999986,5
4091-TVOCN,48,78.74999999999994,6
1098-TDVUQ,1,19.249999999999922,1
7277-OZCGZ,22,89.04999999999993,4
1557-EMYVT,43,115.04999999999978,8
2799-ARNLO,5,69.34999999999997,1
7563-BIUPC,5,80.59999999999992,2
5027-YOCXN,51,110.04999999999986,7
3973-SKMLN,71,19.899999999999935,1
2321-OMBXY,38,80.29999999999995,6
2840-XANRC,24,93.14999999999995,4
6745-JEFZB,35,91.49999999999991,4
5020-ZSTTY,54,82.44999999999993,7
9880-TDQAC,72,59.999999999999964,5
8705-WZCYL,1,44.79999999999997,1
7102-JJVTX,9,48.59999999999998,2
8626-PTQGE,69,60.04999999999996,5
4983-CLMLV,52,102.69999999999987,6
5701-YVSVF,11,82.89999999999993,3
5804-LEPIM,2,70.34999999999994,1
5697-GOMBF,28,35.89999999999996,1
2739-CACDQ,17,82.64999999999995,3
9385-EHGDO,35,19.850000000000122,1
9498-FIMXL,8,19.20000000000011,1
2379-GYFLQ,46,94.90000000000003,5
0122-OAHPZ,7,73.84999999999995,2
2868-SNELZ,2,80.59999999999992,3
4322-RCYMT,68,75.79999999999995,6
6680-NENYN,43,104.59999999999978,6
2088-IEBAU,68,88.14999999999993,8
7982-VCELR,36,94.79999999999993,4
1343-EHPYB,63,103.39999999999999,6
6035-BXTTY,32,54.64999999999998,3
6885-PKOAM,71,85.74999999999994,8
7520-HQWJU,66,67.44999999999996,5
9639-BUJXT,63,20.500000000000128,1
5924-SNGKP,41,20.24999999999985,1
0021-IKXGC,1,72.09999999999994,2
2034-GDRCN,2,90.39999999999995,3
8966-SNIZF,70,19.450000000000088,1
6243-OZGFH,23,44.94999999999999,2
4654-DLAMQ,64,96.9999999999998,5
0513-RBGPE,37,62.799999999999955,5
5160-UXJED,17,44.59999999999998,1
4115-NZRKS,7,89.14999999999995,3
0219-YTZUE,4,84.79999999999994,4
0623-IIHUG,21,41.89999999999997,2
4572-DVCGN,10,80.24999999999996,2
3351-NGXYI,16,54.09999999999996,3
8984-EYLLL,64,105.2499999999998,6
9057-MSWCO,27,30.749999999999964,1
9833-TGFHX,42,97.10000000000005,5
9294-TDIPC,5,20.20000000000003,1
5229-DTFYB,41,98.7999999999998,5
0104-PPXDV,58,50.29999999999997,2
5176-LMJXE,47,20.549999999999947,1
3583-KRKMD,18,75.89999999999995,2
1010-DIAUQ,5,96.49999999999984,4
9069-LGEUL,23,59.949999999999974,3
7302-ZHMHP,1,19.14999999999999,1
9571-EDEBV,71,98.65000000000005,5
3520-FJGCV,72,112.5999999999998,8
6563-VRERX,33,20.600000000000065,1
0259-GBZSH,2,85.64999999999995,3
6122-EFVKN,24,35.74999999999998,2
2805-EDJPQ,56,99.74999999999991,6
6862-CQUMB,37,96.09999999999982,4
7156-MXBJE,43,85.09999999999992,7
6158-HDPXZ,1,25.35,0
9601-BRXPO,25,104.94999999999999,6
2863-IMQDR,61,89.64999999999995,8
5686-CMAWK,17,86.74999999999994,4
5651-CRHKQ,41,86.19999999999993,4
6905-NIQIN,1,50.64999999999998,2
8204-YJCLA,72,64.79999999999995,6
5167-ZFFMM,1,90.84999999999994,4
6583-SZVGP,48,108.09999999999982,6
4895-TMWIR,11,19.950000000000053,1
0533-BNWKF,55,85.44999999999996,4
1708-PBBOA,42,54.74999999999997,5
8782-LKFPK,44,90.39999999999995,4
5522-JBWMO,1,43.99999999999996,1
3597-MVHJT,27,95.59999999999985,4
9774-NRNAU,27,84.79999999999994,7
0224-RLWWD,2,44.29999999999997,1
9967-ATRFS,19,19.899999999999935,1
3951-NJCVI,42,95.04999999999978,4
2977-CEBSX,66,90.04999999999994,8
0177-PXBAT,33,109.8999999999998,7
6599-CEBNN,34,73.94999999999995,2
2519-ERQOJ,33,54.59999999999998,4
5876-QMYLD,23,20.049999999999983,1
2277-AXSDC,32,19.749999999999886,1
9442-JTWDL,11,20.049999999999983,1
0979-PHULV,69,99.4499999999998,5
3067-SVMTC,68,55.89999999999998,3
5495-GPSRW,20,19.700000000000074,1
7606-BPHHN,72,19.800000000000004,1
4742-DRORA,60,95.39999999999999,5
0111-KLBQG,32,93.94999999999992,4
4800-VHZKI,1,19.899999999999935,1
7989-CHGTL,1,19.599999999999838,1
0334-GDDSO,3,81.34999999999994,3
4163-NCJAK,46,24.45000000000001,2
5233-AOZUF,29,74.94999999999996,2
5973-EJGDP,51,87.34999999999994,5
1996-DBMUS,48,70.64999999999995,1
7916-VCCPB,16,73.24999999999994,2
4686-GEFRM,70,98.69999999999986,6
5249-QYHEX,40,24.799999999999926,2
0578-SKVMF,22,83.29999999999994,3
5564-NEMQO,1,75.29999999999993,2
2233-FAGXV,5,24.29999999999996,2
5605-IYGFG,7,69.84999999999995,1
7663-ZTEGJ,29,100.54999999999997,6
3935-TBRZZ,44,25.699999999999918,2
8111-BKVDS,10,40.699999999999974,3
2055-SIFSS,55,51.64999999999996,2
2806-MLNTI,52,105.10000000000005,6
8734-DKSTZ,10,85.94999999999995,3
4360-PNRQB,18,75.59999999999994,2
6152-ONASV,68,58.24999999999998,4
9063-ZGTUY,61,19.39999999999997,1
7781-HVGMK,72,65.19999999999996,6
2181-UAESM,2,53.449999999999974,3
2957-LOLHO,12,45.39999999999998,1
6048-NJXHX,41,19.749999999999886,1
2320-SLKMB,26,44.44999999999999,3
4980-URKXC,36,20.850000000000044,1
4376-KFVRS,72,114.04999999999986,8
5886-VLQVU,35,89.84999999999992,4
3577-AMVUX,1,55.04999999999995,3
0771-WLCLA,16,112.95,7
5628-RKIFK,49,101.5499999999999,5
0206-TBWLC,54,114.65000000000005,8
2937-FTHUR,18,64.79999999999995,4
1910-FMXJM,36,80.39999999999995,2
7752-XUSCI,60,105.8999999999998,6
4110-PFEUZ,1,69.54999999999994,1
0732-OCQOC,52,25.049999999999905,2
5168-MSWXT,8,94.74999999999991,4
1090-ESELR,72,105.50000000000009,6
8592-PLTMQ,64,24.699999999999996,2
5760-WRAHC,22,69.74999999999996,5
8847-GEOOQ,60,60.19999999999995,5
0256-LTHVJ,28,81.04999999999995,2
4785-FCIFB,61,24.3999999999999,2
8313-NDOIA,24,104.14999999999993,6
5149-CUZUJ,28,92.89999999999993,5
0942-KOWSM,30,80.79999999999994,6
4237-CLSMM,2,19.999999999999865,1
1452-VOQCH,1,75.09999999999995,2
4719-UMSIY,6,19.649999999999956,1
6614-VBEGU,24,69.44999999999995,4
0880-TKATG,4,101.14999999999986,5
3811-VBYBZ,7,99.80000000000003,5
1480-BKXGA,72,116.05000000000001,8
2996-XAUVF,70,40.04999999999998,2
9076-AXYIK,64,102.09999999999997,6
5968-XQIVE,72,89.69999999999993,4
8896-RAZCR,44,19.899999999999935,1
4640-UHDOS,13,55.949999999999974,2
4933-IKULF,17,20.649999999999878,1
3583-EKAPL,1,54.99999999999995,2
1304-BCCFO,9,70.04999999999994,4
4104-PVRPS,24,53.599999999999966,3
9399-APLBT,1,74.69999999999995,2
2359-KMGLI,24,80.24999999999996,3
3780-DDGSE,35,76.04999999999994,5
4431-EDMIQ,7,75.69999999999993,6
0306-JAELE,5,96.09999999999982,4
6227-HWPWX,15,68.99999999999996,1
0486-LGCCH,11,19.649999999999956,1
0447-BEMNG,48,45.299999999999955,3
4612-SSVHJ,20,81.44999999999996,2
5168-MQQCA,72,108.49999999999986,7
5949-XIKAE,8,83.54999999999995,3
7971-HLVXI,72,84.49999999999994,3
9094-AZPHK,15,100.14999999999995,5
3649-JPUGY,72,88.59999999999994,7
4472-LVYGI,0,52.549999999999955,4
8372-JUXUI,1,74.34999999999995,2
3552-CTCYF,63,104.79999999999995,6
6778-YSNIH,2,58.99999999999995,3
0388-EOPEX,2,74.39999999999998,2
5756-OZRIO,61,64.04999999999995,4
6579-JPICP,1,20.3999999999999,1
8205-OTCHB,22,43.749999999999986,3
4134-BSXLX,28,60.89999999999996,4
0505-SPOOW,70,19.800000000000004,1
6235-VDHOM,5,28.450000000000017,1
7783-YKGDV,12,99.69999999999979,6
4374-YMUSQ,34,116.24999999999989,8
4513-CXYIX,71,80.69999999999995,3
3957-HHLMR,70,65.19999999999996,4
7803-XOCCZ,52,84.04999999999994,4
5736-YEJAX,69,79.44999999999996,7
5609-CEBID,20,94.09999999999994,5
8981-FJGLA,11,77.99999999999994,3
7218-HKQFK,2,94.19999999999993,4
4636-QRJKY,6,80.49999999999993,3
1135-LMECX,1,19.850000000000122,1
4332-MUOEZ,20,94.29999999999993,5
8535-SFUTN,61,106.44999999999987,6
5956-VKDTT,5,74.34999999999995,2
8677-HDZEE,56,105.44999999999996,6
2475-MROZF,30,94.99999999999996,6
9412-GHEEC,40,104.79999999999995,6
3482-ABPKK,28,54.299999999999976,3
6705-LXORM,5,70.04999999999994,1
0257-ZESQC,27,75.19999999999995,2
7531-GQHME,12,20.049999999999983,1
5174-ITUMV,67,105.39999999999984,6
4109-CYRBD,29,51.599999999999966,2
0913-XWSCN,55,85.49999999999996,3
6825-UYPFK,23,75.59999999999994,2
8397-MVTAZ,34,100.05000000000001,5
0750-EBAIU,52,91.24999999999994,4
8606-CIQUL,72,115.74999999999991,8
3571-DPYUH,58,94.69999999999993,5
7601-GNDYK,35,19.599999999999838,1
0356-OBMAC,56,99.89999999999995,6
8067-NIOYM,24,21.100000000000023,1
1403-GYAFU,70,20.049999999999983,1
4234-XTNEA,2,79.94999999999995,2
1297-VQDRP,68,107.15,6
9282-IZGQK,1,84.99999999999993,3
5348-CAGXB,12,89.54999999999993,4
0621-HJWXJ,63,81.54999999999995,3
5844-QVTAT,33,58.44999999999996,4
8905-IAZPF,69,95.64999999999998,4
5394-MEITZ,60,80.59999999999992,6
6859-QNXIQ,72,113.10000000000005,8
2782-LFZVW,11,58.94999999999995,3
2866-IKBTM,1,19.550000000000026,1
1342-JPNKI,10,86.04999999999994,3
2817-NTQDO,13,45.54999999999997,3
7129-AZJDE,34,78.94999999999996,2
6986-IJDHX,39,86.29999999999993,3
2560-PPCHE,65,105.04999999999993,6
4676-MQUEA,50,101.8999999999998,6
8138-EALND,15,19.749999999999886,1
3580-HYCSP,72,110.29999999999984,7
1352-HNSAW,72,115.59999999999985,8
2075-PUEPR,55,19.34999999999986,1
1982-FEBTD,23,25.599999999999987,2
5301-GAUUY,32,80.34999999999995,3
5791-KAJFD,56,68.74999999999994,5
2654-VBVPB,1,19.899999999999935,1
1154-HYWWO,38,70.59999999999995,5
2501-XWWTZ,11,70.19999999999996,1
3716-UVSPD,1,49.299999999999955,2
6815-ABQFQ,56,107.24999999999994,6
7343-EOBEU,3,23.600000000000136,2
3701-SFMUH,7,69.69999999999996,4
6103-LIANB,59,99.49999999999993,5
7319-VENRZ,7,64.29999999999995,4
5846-NEQVZ,71,70.84999999999994,5
6967-QIQRV,15,101.8999999999998,5
5781-RFZRP,71,73.49999999999994,6
0939-YAPAF,35,100.24999999999987,5
0308-IVGOK,11,40.39999999999996,3
7293-LSCDV,60,19.249999999999922,1
7025-WCBNE,47,59.599999999999966,4
5756-JYOJT,11,64.89999999999996,4
4710-FDUIZ,56,100.29999999999998,5
6030-REHUX,28,110.84999999999991,7
9548-LIGTA,61,81.04999999999995,6
5150-LJNSR,31,98.04999999999986,5
8270-RKSAP,9,70.49999999999996,1
6522-YRBXD,35,94.54999999999994,5
2640-LYMOV,2,19.649999999999956,1
1218-VKFPE,12,18.999999999999943,1
3627-FHKBK,1,75.29999999999993,2
2865-TCHJW,4,89.19999999999995,4
1423-BMPBQ,1,18.999999999999943,1
2393-DIVAI,3,19.999999999999865,1
5192-EBGOV,1,85.69999999999993,3
4568-KNYWR,52,63.24999999999996,4
8752-IMQOS,5,20.1000000000001,1
0742-LAFQK,72,99.15,6
0795-LAFGP,71,90.39999999999995,8
0619-OLYUR,72,111.89999999999995,7
5512-IDZEI,46,24.899999999999856,2
0459-SPZHJ,63,83.49999999999994,7
0215-BQKGS,30,84.29999999999995,4
9244-ZVAPM,1,45.599999999999966,1
0719-SYFRB,12,61.64999999999996,5
8208-EUMTE,16,54.849999999999966,5
5172-MIGPM,4,65.54999999999995,4
1710-RCXUS,51,90.34999999999992,4
0374-FIUCA,65,20.3999999999999,1
5839-SUYVZ,16,74.54999999999995,2
5173-ZXXXL,2,19.950000000000053,1
1096-ADRUX,66,74.24999999999996,2
2001-MCUUW,46,108.6499999999999,7
2731-GJRDG,32,109.5499999999999,7
4723-BEGSG,72,86.64999999999995,7
6516-NKQBO,38,80.99999999999996,6
8672-OAUPW,51,47.84999999999997,2
8207-DMRVL,72,114.54999999999981,8
3419-SNJJD,65,105.2499999999998,6
6543-CPZMK,9,29.949999999999903,1
4765-OXPPD,9,64.99999999999996,5
2804-ETQDK,66,20.549999999999947,1
6689-VRRTK,44,109.79999999999987,7
7138-GIRSH,50,69.49999999999994,5
9396-ZSFLL,15,48.849999999999966,2
6464-KEXXH,8,25.25000000000007,0
7134-MJPDY,66,102.84999999999991,6
5240-CAOYT,57,87.54999999999995,5
4059-IIEBK,7,78.54999999999993,3
4881-JVQOD,10,34.550000000000104,1
0516-UXRMT,62,92.04999999999994,5
4851-BQDNX,40,85.04999999999993,3
5148-HKFIR,20,19.700000000000074,1
1009-IRMNA,7,19.999999999999865,1
3003-CMDUU,25,95.15,4
5016-IBERQ,23,84.24999999999996,4
6797-UCJHZ,66,104.59999999999978,6
2469-DTSGX,72,111.64999999999998,7
4554-YGZIH,49,90.04999999999994,4
5099-BAILX,43,110.74999999999999,7
9931-KGHOA,46,54.99999999999995,3
1775-KWJKQ,72,89.84999999999992,8
7665-VIGUD,10,20.35000000000008,1
9411-TPQQV,40,54.549999999999955,4
7207-RMRDB,65,105.50000000000009,6
7954-MLBUN,31,99.4499999999998,5
2077-DDHJK,68,70.89999999999996,6
4913-EHYUI,56,104.54999999999997,6
0195-IESCP,10,85.24999999999994,3
9574-BOSMD,68,25.40000000000012,2
4580-TMHJU,43,56.149999999999956,2
0970-ETWGE,1,89.54999999999993,3
4908-XAXAY,49,89.84999999999992,4
8404-VLQFB,15,25.25000000000007,2
1626-ERCMM,20,94.54999999999994,4
0887-HJGAR,1,45.69999999999999,1
2391-IPLOP,50,69.64999999999996,5
5644-PDMZC,2,89.49999999999993,4
3509-GWQGF,24,69.99999999999994,1
9576-ANLXO,3,69.54999999999994,1
2024-BASKD,1,74.59999999999995,2
5845-BZZIB,35,20.1000000000001,1
1140-UKVZG,17,24.799999999999926,2
4160-AMJTL,8,19.649999999999956,1
5183-SNMJQ,10,95.0999999999999,4
8100-PNJMH,68,88.84999999999994,8
7838-LAZFO,45,78.79999999999994,6
4464-JCOLN,2,19.850000000000122,1
2085-JVGAD,37,20.35000000000008,1
5650-VDUDS,4,24.25000000000015,0
8095-WANWK,10,45.24999999999996,1
3030-ZKIWL,1,20.049999999999983,1
9565-FLVCG,65,69.54999999999994,5
8755-OGKNA,57,19.499999999999908,1
2800-VEQXM,3,74.74999999999994,2
7538-GWHML,2,69.64999999999996,1
5533-RJFTJ,49,30.199999999999882,1
3859-CVCET,4,45.64999999999996,1
0214-JHPFW,70,57.799999999999955,5
5642-MHDQT,53,19.850000000000122,1
3088-FVYWK,53,25.54999999999987,2
3276-HDUEG,1,75.04999999999995,2
9092-GDZKO,22,24.850000000000044,2
0823-HSCDJ,52,49.14999999999997,3
3729-OWRVL,65,110.34999999999997,7
2324-AALNO,48,24.549999999999947,2
0822-GAVAP,2,34.7,1
5760-IFJOZ,3,107.94999999999978,6
2826-UWHIS,45,81.39999999999996,3
1448-PWKYE,1,79.99999999999994,2
7501-IWUNG,61,73.79999999999995,5
4957-TREIR,3,64.39999999999996,4
7251-LJBQN,40,103.74999999999991,6
8040-MNRTF,1,71.09999999999995,1
1536-HBSWP,1,49.89999999999997,2
5313-FPXWG,51,24.60000000000006,2
0067-DKWBL,2,49.249999999999964,2
0946-FKYTX,52,30.09999999999995,1
5076-YVXCM,51,83.39999999999996,3
8262-COGGB,1,20.450000000000017,1
6663-JOCQO,31,75.24999999999994,6
9620-QJREV,47,20.549999999999947,1
2276-YDAVZ,3,75.09999999999995,2
2682-KEVRP,22,20.049999999999983,1
2480-JZOSN,1,20.649999999999878,1
0078-XZMHT,72,85.14999999999995,7
5896-NPFWW,3,50.149999999999984,2
9978-HYCIN,47,84.94999999999993,3
8338-QIUNR,72,66.49999999999996,5
1525-LNLOJ,66,63.299999999999955,4
9450-TRJUU,35,83.14999999999995,3
1766-GKNMI,29,84.89999999999993,3
6942-LBFDP,2,20.549999999999947,1
1456-TWCGB,4,49.249999999999964,2
7133-VBDCG,25,79.84999999999995,3
7596-ZYWBB,65,59.599999999999966,4
8329-UTMVM,27,104.64999999999989,6
3014-WJKSM,29,75.29999999999993,2
3347-YJZZE,29,80.09999999999994,6
1029-QFBEN,1,19.550000000000026,1
7929-DMBCV,20,80.99999999999996,3
9661-JALZV,58,24.699999999999996,2
5433-KYGHE,14,85.99999999999994,4
4312-KFRXN,72,25.40000000000012,2
5575-TPIZQ,46,89.14999999999995,4
0114-IGABW,71,58.24999999999998,5
9944-AEXBM,32,85.64999999999995,3
1853-ARAAQ,26,50.349999999999966,3
6952-OMNWB,68,80.34999999999995,3
4697-LUPSU,2,20.20000000000003,1
8434-VGEQQ,61,20.549999999999947,1
4952-YSOGZ,4,85.94999999999995,3
1589-AGTLK,3,45.34999999999998,1
5244-IRFIH,33,94.49999999999994,4
6549-YMFAW,9,21.25000000000007,1
4950-HKQTE,22,26.25,2
6786-OBWQR,5,80.84999999999994,2
2684-EIWEO,30,91.69999999999993,5
2753-JMMCV,65,74.19999999999996,6
6439-GTPCA,45,87.24999999999994,4
6621-YOBKI,5,20.35000000000008,1
1216-JWVUX,25,75.49999999999994,2
7564-GHCVB,72,79.04999999999995,3
1173-NOEYG,27,90.14999999999993,4
7595-EHCDL,32,50.59999999999998,3
6647-ZEDXT,30,110.44999999999989,7
2521-NPUZR,70,100.99999999999982,6
1307-TVUFB,42,79.34999999999994,3
7503-MIOGA,72,89.84999999999992,8
4381-MHQDC,47,64.99999999999996,5
6923-JHPMP,2,80.44999999999993,3
5138-WVKYJ,10,98.54999999999981,5
4018-PPNDW,61,24.1000000000001,2
1635-FJFCC,5,44.049999999999955,1
2499-AJYUA,72,110.79999999999981,7
6919-ELBGL,72,114.94999999999985,8
3966-HRMZA,3,75.04999999999995,2
6425-JWTDV,48,19.249999999999922,1
8405-IGQFX,63,90.04999999999994,4
8224-IVVPA,27,56.699999999999974,3
9477-LGWQI,70,80.14999999999996,6
1410-RSCMR,7,71.34999999999997,5
3115-CZMZD,0,20.24999999999985,1
0139-IVFJG,2,90.34999999999992,4
6683-VLCTZ,20,98.54999999999981,5
5730-DBDSI,66,19.700000000000074,1
0030-FNXPP,3,19.850000000000122,1
2189-WWOEW,15,85.89999999999995,3
5684-FJVYR,72,90.34999999999992,5
4013-GUXND,1,20.799999999999926,1
1894-IGFSG,22,89.24999999999994,3
7379-POKDZ,3,70.29999999999995,1
1266-NZYUI,72,66.84999999999995,5
7969-FFOWG,65,19.899999999999935,1
4718-DHSMV,11,35.799999999999976,1
5175-WLYXL,22,78.84999999999994,3
7817-OMJNA,14,20.3999999999999,1
8728-SKJLR,41,74.24999999999996,2
3137-NYQQI,17,64.79999999999995,4
7706-DZNKK,11,20.450000000000017,1
0236-HFWSV,15,93.34999999999994,4
3900-AQPHZ,1,19.899999999999935,1
5842-POCOP,5,88.89999999999993,4
2037-XJFUP,33,95.80000000000003,4
8823-RLPWL,72,110.65000000000006,7
9505-SQFSW,3,40.29999999999997,2
7314-OXENN,2,81.99999999999994,3
3758-CKOQL,59,106.99999999999997,7
0322-CHQRU,2,45.34999999999998,1
5676-CFLYY,71,73.34999999999994,5
7521-AFHAB,5,44.79999999999997,1
0285-INHLN,27,54.74999999999997,3
4678-DVQEO,1,52.19999999999998,2
5125-CNDSP,63,40.59999999999998,3
0691-IFBQW,46,110.00000000000004,7
4992-LTJNE,72,55.299999999999955,3
2202-OUTMO,34,60.849999999999966,4
0810-BDHAW,24,78.39999999999995,6
0229-LFJAF,72,69.64999999999996,6
7131-ZQZNK,60,59.84999999999995,5
3442-ZHHCC,68,76.89999999999996,6
5726-CVNYA,8,19.850000000000122,1
9871-ELEYA,34,67.64999999999996,5
4257-GAESD,6,44.99999999999998,2
5173-WXOQV,2,64.19999999999996,4
2040-OBMLJ,31,81.69999999999993,3
6286-ZHAOK,20,25.54999999999987,2
3807-XHCJH,1,19.999999999999865,1
3009-JWMPU,62,96.74999999999983,5
5671-RQRLP,70,75.64999999999993,2
1450-GALXR,10,98.5,5
8859-AXJZP,39,23.800000000000004,2
3174-AKMAS,46,64.19999999999996,4
3138-BKYAV,6,85.34999999999994,3
9926-PJHDQ,72,76.79999999999994,5
7382-DFJTU,18,55.19999999999997,3
2798-NYLMZ,71,108.54999999999997,7
4289-DTDKW,40,101.29999999999991,5
1820-TQVEV,1,69.54999999999994,1
2239-JALAW,58,103.24999999999994,6
4853-RULSV,70,103.99999999999989,6
8098-TDCBU,42,25.25000000000007,2
3551-GAEGL,34,30.40000000000005,1
4785-NKHCX,5,20.049999999999983,1
3196-NVXLZ,25,84.59999999999992,3
6275-YDUVO,2,86.19999999999993,3
0036-IHMOT,55,103.69999999999979,6
0115-TFERT,21,111.19999999999983,7
4178-EGMON,70,87.99999999999994,5
4220-TINQT,61,106.34999999999995,6
5318-YKDPV,43,79.14999999999995,6
7975-TZMLR,47,103.0999999999999,6
0295-QVKPB,5,63.94999999999996,4
4335-BSMJS,62,25.800000000000153,2
2311-QYMUQ,16,89.44999999999993,4
3643-AHCFP,7,95.59999999999985,4
9146-JRIOX,14,25.54999999999987,2
3104-OWCGK,60,90.94999999999993,4
5337-IIWKZ,34,44.849999999999966,3
9101-BWFSS,50,108.54999999999997,7
9650-VBUOG,38,25.049999999999905,2
3487-EARAT,70,74.09999999999994,6
2672-TGEFF,37,88.79999999999994,4
9231-ZJYAM,4,78.84999999999994,2
4250-WAROZ,60,93.24999999999994,5
8184-WMOFI,62,71.39999999999995,5
6982-SSHFK,1,44.39999999999996,1
6092-QZVPP,36,79.19999999999995,6
4625-LAMOB,44,20.3999999999999,1
0727-BMPLR,55,99.99999999999989,5
0392-BZIUW,72,104.99999999999982,6
1038-ZAGBI,12,19.800000000000004,1
6549-NNDYT,13,30.849999999999895,1
3027-ZTDHO,1,89.89999999999995,3
0422-OHQHQ,15,20.549999999999947,1
6916-HIJSE,65,84.84999999999994,7
2316-ESMLS,12,33.15000000000014,2
9778-OGKQZ,72,91.99999999999994,8
7408-OFWXJ,72,89.79999999999993,8
6007-TCTST,72,115.80000000000004,8
2252-NKNSI,52,85.14999999999995,7
8713-IGZSO,2,24.850000000000044,2
7905-TVXTA,5,64.34999999999995,4
7695-PKLCZ,68,20.500000000000128,1
2382-BCKQJ,62,100.14999999999995,5
8374-UULRV,72,86.04999999999994,7
2207-NHRJK,1,50.79999999999997,2
3224-DFQNQ,66,88.99999999999993,5
5275-PMFUT,72,64.79999999999995,6
4795-UXVCJ,26,19.800000000000004,1
9777-IQHWP,64,93.39999999999993,5
0947-MUGVO,20,73.64999999999996,2
9944-HKVVB,3,95.0999999999999,4
4124-MMETB,22,94.64999999999992,4
3671-SHRSP,4,80.59999999999992,3
0979-MOZQI,62,38.99999999999997,2
2732-ISEZX,5,20.500000000000128,1
3313-QKNKB,59,85.54999999999995,3
0323-XWWTN,3,26.40000000000005,2
1937-OTUKY,72,98.1999999999999,6
1573-LGXBA,57,97.5499999999999,5
1764-VUUMT,66,19.950000000000053,1
5073-WXOYN,60,50.79999999999997,3
4713-ZBURT,45,99.69999999999979,5
3050-GBUSH,3,34.79999999999999,1
0207-MDKNV,15,105.10000000000005,6
7876-AEHIG,51,60.149999999999956,5
7945-HLKEA,60,64.74999999999996,5
9342-VNIMQ,33,54.64999999999998,3
9851-KIELU,10,110.09999999999997,7
3523-BRGUW,26,19.30000000000004,1
3908-BLSYF,6,83.89999999999995,3
3199-NPKCN,67,111.24999999999994,7
5170-PTRKA,49,35.799999999999976,2
4661-NJEUX,1,20.049999999999983,1
2123-AGEEN,7,84.34999999999995,3
1258-YMZNM,27,110.5,7
0048-LUMLS,37,91.19999999999995,3
7549-MYGPK,63,100.54999999999997,6
5898-IGSLP,31,89.29999999999994,5
3804-RVTGV,50,103.84999999999984,6
6259-WJQLC,32,81.09999999999995,3
9227-LUNBG,1,24.60000000000006,0
7997-EASSD,63,81.19999999999995,3
0730-KOAVE,30,94.29999999999993,5
8975-SKGRX,71,116.09999999999982,8
0678-RLHVP,53,105.5499999999999,6
4315-MURBD,12,98.90000000000003,5
2267-FPIMA,50,94.39999999999995,5
1051-GEJLJ,2,19.499999999999908,1
9734-YWGEX,9,98.29999999999984,5
2719-BDAQO,17,93.84999999999994,4
5285-MVEHD,56,105.60000000000001,6
0379-DJQHR,67,81.34999999999994,6
0781-LKXBR,9,100.49999999999986,5
5543-QDCRY,4,56.39999999999996,2
0297-RBCSG,19,65.34999999999995,4
4694-PHWFW,8,19.950000000000053,1
0835-JKADZ,71,111.24999999999994,7
1907-UBQFC,10,72.84999999999994,2
7508-SMHXL,15,88.99999999999993,4
3865-YIOTT,72,106.09999999999997,6
5993-BQHEA,12,20.049999999999983,1
6024-RUGGH,72,25.199999999999953,2
6513-EECDB,1,73.54999999999994,2
3956-CJUST,23,75.39999999999995,2
4079-WWQQQ,72,65.54999999999995,6
6103-BOCOU,26,80.69999999999995,3
5149-TGWDZ,21,104.54999999999997,6
7471-WNSUF,60,24.149999999999913,2
8942-DBMHZ,12,20.450000000000017,1
4301-VVZKA,16,75.39999999999995,2
9199-PWQVC,63,79.69999999999993,6
4824-GUCBY,22,81.69999999999993,3
5393-HJZSM,32,76.29999999999995,6
7074-IEVOJ,3,79.39999999999996,3
9625-QSTYE,13,81.14999999999995,3
0862-PRCBS,68,103.74999999999991,6
8812-ZRHFP,30,86.44999999999995,3
5146-CBVOE,16,75.09999999999995,2
0454-OKRCT,33,80.59999999999992,3
5787-KXGIY,72,19.30000000000004,1
4750-ZRXIU,4,84.59999999999992,3
4198-VFOEA,12,33.59999999999999,2
6630-UJZMY,4,83.24999999999994,3
5709-LVOEQ,0,80.84999999999994,6
6400-BWQKW,6,79.04999999999995,3
2692-AQCPF,65,108.05000000000001,7
0347-UBKUZ,15,19.899999999999935,1
0835-DUUIQ,24,21.049999999999912,1
0811-GSDTP,13,30.15000000000007,1
7567-ECMCM,24,79.84999999999995,2
6115-ZTBFQ,72,65.49999999999996,6
6353-BRMMA,54,104.09999999999982,6
6680-WKXRZ,3,74.39999999999998,2
6231-WFGFH,4,20.500000000000128,1
9904-EHEVJ,32,91.34999999999994,4
7028-DVOIQ,35,99.05000000000007,5
6169-PPETC,35,20.500000000000128,1
4208-UFFGW,2,44.94999999999999,1
8584-KMVXD,8,75.59999999999994,2
8467-WYNSR,22,55.09999999999997,3
0851-DFJKB,15,58.94999999999995,4
5382-SOYZL,22,95.0999999999999,4
9448-REEVD,1,44.699999999999974,1
3261-CQXOL,71,25.44999999999994,2
8388-FYNPZ,4,56.74999999999997,3
4002-BQWPQ,25,81.74999999999993,7
5651-YLPRD,32,86.09999999999994,3
2826-DXLQO,7,29.799999999999855,1
4378-BZYFP,17,20.500000000000128,1
9489-UTFKA,8,60.89999999999996,3
4849-PYRLQ,56,73.24999999999994,6
9117-SHLZX,1,45.69999999999999,1
9889-TMAHG,8,100.29999999999998,5
4541-RMRLG,7,19.249999999999922,1
7764-BDPEE,3,20.850000000000044,1
3429-IFLEM,71,77.34999999999994,6
3158-MOERK,2,95.99999999999989,4
7294-TMAOP,1,90.54999999999994,3
5002-GCQFH,49,93.84999999999994,5
0556-FJEGU,58,70.09999999999994,5
8919-FYFQZ,44,30.34999999999993,1
0604-THJFP,59,75.94999999999995,5
2834-JRTUA,71,108.05000000000001,7
5875-YPQFJ,1,69.89999999999995,1
5879-SESNB,11,75.24999999999994,2
6646-QVXLR,62,103.74999999999991,6
6461-PPAXN,35,54.94999999999995,3
3318-ISQFQ,20,19.499999999999908,1
1106-HRLKZ,40,19.599999999999838,1
2483-XSSMZ,39,47.84999999999997,2
8603-IJWDN,1,86.59999999999994,3
8165-ZJRNM,72,23.749999999999886,2
9369-XFEHK,33,80.59999999999992,3
2604-XVDAM,12,43.799999999999976,1
3717-OFRTN,1,19.749999999999886,1
9046-JBFWA,27,19.14999999999999,1
3280-NMUVX,34,19.599999999999838,1
1206-EHBDD,56,80.29999999999995,3
8361-LBRDI,58,24.35000000000008,2
4883-KCPZJ,22,25.25000000000007,2
9108-EQPNQ,10,26.09999999999995,2
7277-KAMWT,13,19.999999999999865,1
3842-IYKUE,35,85.29999999999994,4
6641-XRPSU,34,69.99999999999994,1
1374-DMZUI,4,94.29999999999993,4
2545-LXYVJ,72,20.699999999999996,1
3234-VKACU,2,70.29999999999995,4
8357-EQXFO,7,95.34999999999988,4
1989-PRJHP,27,75.49999999999994,2
8120-JDCAM,4,69.54999999999994,1
8917-FAEMR,37,19.850000000000122,1
7047-YXDMZ,21,19.999999999999865,1
2858-EIMXH,53,95.84999999999984,4
9524-EGPJC,18,90.09999999999994,4
6993-OHLXR,2,68.94999999999996,1
8818-XYFCQ,32,99.55000000000004,5
6419-ZTTLE,23,20.750000000000114,1
0929-HYQEW,3,50.149999999999984,2
6614-YOLAC,71,58.64999999999995,5
7426-RHZGU,9,95.89999999999995,4
4065-JJAVA,1,49.49999999999997,2
4695-VADHF,18,57.449999999999974,3
3863-IUBJR,12,53.64999999999996,2
7649-SIJJF,71,80.09999999999994,7
9361-YNQWJ,64,24.3999999999999,2
3748-FVMZZ,4,40.04999999999998,2
9391-TTOYH,23,19.499999999999908,1
1452-XRSJV,39,51.049999999999976,2
3422-WJOYD,28,54.349999999999966,3
8242-SOQUO,5,84.69999999999995,3
7460-ITWWP,45,86.09999999999994,3
7147-AYBAA,37,70.34999999999994,1
7868-TMWMZ,60,110.00000000000004,7
4822-RVYBB,8,100.5999999999998,5
6732-FZUGP,47,94.90000000000003,5
8436-BJUMM,26,83.74999999999993,3
4184-TJFAN,3,88.29999999999993,4
8329-GWVPJ,50,69.74999999999996,1
1352-VHKAJ,27,71.59999999999994,5
4145-UQXUQ,8,92.09999999999994,4
2632-TACXW,62,23.64999999999995,2
8146-QQKZH,71,81.84999999999992,6
1767-CJKBA,66,25.100000000000023,2
6445-TNRXS,68,114.69999999999987,8
4581-LNWUM,13,49.14999999999997,3
4869-EPIUS,56,80.89999999999996,2
9948-YPTDG,38,79.44999999999996,3
1236-WFCDV,14,90.44999999999995,3
1915-OAKWD,16,19.30000000000004,1
7296-PIXQY,14,70.19999999999996,1
4883-QICIH,32,69.74999999999996,1
3354-OADJP,8,54.24999999999998,3
3524-WQDSG,43,99.30000000000007,5
0810-DHDBD,52,73.99999999999994,6
4026-SKKHW,3,50.24999999999998,2
2829-HYVZP,29,19.800000000000004,1
8329-IBCTI,1,19.649999999999956,1
1271-SJBGZ,12,43.64999999999999,3
3845-JHAMY,16,35.49999999999997,1
7013-PSXHK,40,80.74999999999994,6
5669-SRAIP,5,39.49999999999997,2
5981-ITEMU,40,97.10000000000005,4
3486-NPGST,36,19.550000000000026,1
6941-PMGEP,5,79.99999999999994,2
1624-WOIWJ,10,84.69999999999995,3
2074-GKOWZ,2,89.54999999999993,3
0376-YMCJC,23,90.59999999999994,4
6100-FJZDG,26,20.049999999999983,1
4829-ZLJTK,72,112.39999999999992,7
1730-VFMWO,34,50.19999999999998,2
7143-BQIBA,10,62.24999999999996,4
3800-LYTRK,14,55.69999999999996,3
0634-SZPQA,23,90.04999999999994,4
9646-NMHXE,47,19.649999999999956,1
7030-NJVDP,24,89.24999999999994,4
5536-RTPWK,49,99.05000000000007,5
8883-GRDWQ,20,53.999999999999964,3
6166-ILMNY,2,69.74999999999996,1
3097-NNSPB,2,49.049999999999976,2
7771-ZONAT,22,56.74999999999997,4
0655-RBDUG,7,98.04999999999986,5
2111-DWYHN,1,21.100000000000023,1
4194-WHFCB,59,96.64999999999989,5
4121-AGSIN,58,24.500000000000128,2
4361-BKAXE,41,114.5,8
9845-PEEKO,59,79.19999999999995,3
0455-XFASS,3,69.54999999999994,1
0301-KOBTQ,32,20.049999999999983,1
1751-NCDLI,46,98.84999999999991,5
4367-NUYAO,0,25.750000000000036,2
9878-TNQGW,2,80.94999999999996,2
9170-ARBTB,52,19.599999999999838,1
4441-NIHPT,13,74.29999999999995,2
8999-BOHSE,11,89.69999999999993,3
7241-AJHFS,32,87.64999999999995,4
7029-RPUAV,17,100.45000000000005,5
4546-FOKWR,16,74.74999999999994,2
9036-CSKBW,51,107.44999999999982,7
5832-TRLPB,29,75.34999999999994,5
8590-YFFQO,70,64.94999999999996,5
8659-IOOPU,71,100.45000000000005,6
1338-CECEE,41,68.49999999999996,5
7439-DKZTW,1,80.54999999999993,2
4646-QZXTF,7,81.24999999999994,6
4607-CHPCA,25,90.39999999999995,3
9742-XOKTS,67,89.54999999999993,5
6921-OZMFH,5,55.69999999999996,3
9578-FOMUK,15,24.799999999999926,2
4712-UYOOI,20,19.999999999999865,1
8824-RWFXJ,3,56.149999999999956,3
7722-CVFXN,54,105.19999999999999,6
8717-VCTXJ,42,19.550000000000026,1
7363-QTBIW,9,79.74999999999993,2
4159-NAAIX,63,97.44999999999996,5
0971-QIFJK,69,24.25000000000015,2
9397-TZSHA,69,24.60000000000006,2
3391-JSQEW,40,50.149999999999984,2
0343-QLUZP,60,39.599999999999994,3
9763-PDTKK,4,94.39999999999995,5
2176-LVPNX,71,89.84999999999992,8
7627-JKIAZ,37,78.94999999999996,3
3312-UUMZW,32,98.84999999999991,5
1271-UODNO,39,53.84999999999998,3
8461-EFQYM,38,24.25000000000015,2
6900-RBKER,52,89.44999999999993,4
6891-JPYFF,48,105.2499999999998,6
1459-QNFQT,70,59.49999999999997,5
1047-NNCBF,20,70.54999999999995,1
3696-XRIEN,50,82.49999999999994,7
4081-DYXAV,19,44.849999999999966,2
0074-HDKDG,25,61.599999999999966,4
8791-GFXLZ,12,49.049999999999976,2
8111-SLLHI,39,105.64999999999982,6
0927-LCSMG,7,74.64999999999995,2
9330-DHBFL,23,66.24999999999996,5
0098-BOWSO,27,19.39999999999997,1
3452-ABWRL,47,86.04999999999994,3
5859-HZYLF,26,19.14999999999999,1
8257-RZAHR,14,64.69999999999996,4
5293-WXJAK,11,104.05000000000001,6
3156-QLHBO,2,19.249999999999922,1
2208-NQBCT,26,81.94999999999995,3
1779-PWPMG,72,114.65000000000005,8
6621-NRZAK,63,19.999999999999865,1
0831-JNISG,71,19.800000000000004,1
0774-IFUVM,11,65.14999999999996,4
3082-WQRVY,14,19.649999999999956,1
9553-DLCLU,13,88.94999999999993,8
1641-BYBTK,6,20.20000000000003,1
2460-NGXBJ,11,75.19999999999995,2
2446-ZKVAF,18,56.79999999999997,3
0841-NULXI,1,35.55,1
3522-CDKHF,32,75.49999999999994,2
1430-SFQSA,29,35.599999999999994,2
0411-EZJZE,3,60.24999999999995,3
7851-WZEKY,2,95.15,4
8844-TONUD,13,96.64999999999989,4
8807-ARQET,41,40.349999999999966,2
8992-CEUEN,1,18.849999999999895,1
4320-QMLLA,7,54.849999999999966,2
8777-PVYGU,52,64.29999999999995,4
8292-ITGYJ,45,24.649999999999878,2
6870-ZWMNX,70,76.09999999999994,6
0621-CXBKL,53,18.699999999999847,1
5268-DSMNQ,62,97.94999999999992,5
5334-JLAXU,60,94.09999999999994,5
4086-YQSNZ,3,80.39999999999995,2
6242-MBHPK,23,95.0999999999999,4
5868-CZJDR,1,31.34999999999986,1
9359-UGBTK,67,72.34999999999995,5
0135-NMXAP,12,89.74999999999994,4
4782-OSFXZ,71,82.69999999999996,7
6479-OAUSD,25,19.899999999999935,1
7129-ACFOG,5,53.799999999999955,3
4189-NAKJS,26,51.54999999999997,2
5562-BETPV,1,19.649999999999956,1
1282-IHQAC,70,44.049999999999955,3
9127-FHJBZ,72,114.00000000000004,8
6270-OMFIW,60,94.39999999999995,4
1641-RQDAY,32,100.39999999999992,5
0107-WESLM,1,19.850000000000122,1
6994-ORCWG,14,54.24999999999998,3
1346-UFHAX,13,79.99999999999994,3
3992-YWPKO,6,109.8999999999998,7
2933-XEUJM,46,79.19999999999995,6
0125-LZQXK,15,101.35000000000002,5
5461-QKNTN,43,94.29999999999993,5
4835-YSJMR,39,49.79999999999998,2
8399-YNDCH,21,60.04999999999996,3
3164-YAXFY,57,53.74999999999996,4
0887-WBJVH,53,93.44999999999993,4
4660-IRIBM,18,87.89999999999995,4
5673-FSSMF,1,60.149999999999956,3
7670-ZBPOQ,58,61.04999999999995,4
8089-UZWLX,71,104.05000000000001,5
0080-OROZO,35,99.24999999999994,5
3916-NRPAP,3,85.69999999999993,3
6807-SIWJI,38,104.85000000000007,6
8221-HVAYI,35,69.14999999999995,6
1579-KLYDT,7,90.44999999999995,4
5232-NXPAY,47,74.44999999999996,5
8967-SZQAS,14,50.44999999999996,2
4468-KAZHE,20,59.999999999999964,3
0455-ENTCR,66,85.24999999999994,7
8944-AILEF,15,19.450000000000088,1
5542-NKVRU,42,20.750000000000114,1
7126-RBHSD,17,78.89999999999996,3
5370-IIVVL,37,104.49999999999986,6
6789-HJBWG,12,49.39999999999998,2
3927-NLNRY,53,94.24999999999993,4
9087-EYCPR,60,25.000000000000092,2
6791-YBNAK,18,25.54999999999987,0
6358-LYNGM,1,74.89999999999996,2
6077-BDPXA,3,70.14999999999996,1
0013-MHZWF,9,69.39999999999995,4
5494-HECPR,1,80.24999999999996,2
8268-YDIXR,56,93.14999999999995,5
9824-BEMCV,17,68.99999999999996,1
1373-ORVIZ,11,66.34999999999995,4
4291-SHSBH,7,69.54999999999994,1
6980-IMXXE,69,20.20000000000003,1
9866-QEVEE,19,85.99999999999994,3
9897-KXHCM,3,80.29999999999995,2
0040-HALCW,54,20.3999999999999,1
0784-GTUUK,62,23.749999999999886,2
7979-CORPM,24,90.54999999999994,4
2294-DMMUS,62,70.44999999999996,4
0872-JCPIB,17,65.74999999999996,4
3055-MJDSB,9,24.60000000000006,0
9091-WTUUY,64,69.24999999999997,5
1618-CFHME,2,75.89999999999995,2
3165-HDOEW,1,45.84999999999998,1
6581-NQCBA,16,49.94999999999997,3
7115-IRDHS,72,24.649999999999878,2
8496-DMZUK,30,90.39999999999995,5
2040-VZIKE,49,100.84999999999977,5
9068-VPWQQ,61,75.34999999999994,6
0178-SZBHO,47,87.19999999999995,4
0384-RVBPI,20,64.39999999999996,4
1689-MRZQR,34,78.29999999999995,2
1299-AURJA,70,24.699999999999996,2
4525-VZCZG,54,105.85,6
1543-LLLFT,61,98.29999999999984,6
5835-BEQEU,3,76.94999999999996,2
2788-CJQAQ,13,19.450000000000088,1
5565-FILXA,16,96.14999999999993,4
0319-QZTCO,3,58.699999999999974,3
2120-SMPEX,25,20.149999999999913,1
0096-FCPUF,30,64.49999999999996,4
0668-OGMHD,21,28.49999999999983,1
5552-ZNFSJ,1,45.299999999999955,1
2223-KAGMX,15,19.39999999999997,1
6507-ZJSUR,23,90.44999999999995,3
9408-HRXRK,45,105.14999999999986,6
5593-SUAOO,24,83.14999999999995,4
7321-PKUYW,11,90.14999999999993,4
2833-SLKDQ,1,45.049999999999976,1
6766-HFKLA,56,103.19999999999983,6
7595-EUIVN,1,75.79999999999995,2
7617-EYGLW,1,19.450000000000088,1
2026-TGDHM,7,79.29999999999994,2
9220-ZNKJI,55,88.79999999999994,4
4030-VPZBD,2,30.900000000000013,1
2226-ICFDO,72,85.89999999999995,7
0723-VSOBE,45,34.19999999999988,1
5529-GIBVH,47,20.149999999999913,1
4187-CINZD,46,95.24999999999994,4
9992-UJOEL,2,50.29999999999997,2
4741-WWJQZ,2,80.14999999999996,3
6625-UTXEW,12,51.24999999999996,2
6818-WOBHJ,68,89.59999999999991,4
6244-BESBM,69,95.19999999999982,4
1004-NOZNR,56,94.79999999999993,4
1251-STYSZ,4,80.24999999999996,3
2612-PHGOX,64,76.09999999999994,6
2408-TZMJL,59,110.14999999999979,7
8480-PPONV,62,115.55000000000004,8
8780-IHCRN,63,24.649999999999878,2
4598-ZADCK,53,53.599999999999966,5
1257-SXUXQ,5,19.450000000000088,1
9681-KYGYB,49,88.19999999999993,5
7182-OVLBJ,62,101.14999999999986,5
5095-ETBRJ,55,56.79999999999997,4
7005-CYUIL,71,99.39999999999999,6
4821-WQOYN,72,20.1000000000001,1
4730-AWNAU,36,60.699999999999974,5
3452-FLHYD,25,20.949999999999974,1
2388-LAESQ,72,114.84999999999991,8
9531-NSBMR,36,19.249999999999922,1
6260-ONULR,1,62.799999999999955,3
4389-UEFCZ,72,105.50000000000009,6
8711-LOBKY,59,19.850000000000122,1
9134-CEQMF,7,89.49999999999993,3
8985-OOPOS,1,74.09999999999994,5
8800-ZKRFW,30,107.49999999999991,7
2616-FLVQC,64,19.550000000000026,1
9968-FFVVH,63,68.79999999999994,6
3108-PCCGG,72,84.44999999999993,7
7993-PYKOF,8,74.99999999999996,2
8390-FESFV,62,84.49999999999994,7
3022-BEXHZ,67,111.19999999999983,7
5027-XWQHA,6,44.74999999999997,1
6248-TKCQV,70,80.59999999999992,6
6729-GDNGC,20,80.69999999999995,2
6198-ZFIOJ,5,75.59999999999994,2
5989-OMNJE,24,57.599999999999966,5
4566-QVRRW,11,44.049999999999955,1
1291-CUOCY,72,110.59999999999994,7
9795-SHUHB,66,58.19999999999998,4
3230-IUALN,45,80.99999999999996,6
0042-RLHYP,69,19.700000000000074,1
8519-IMDHU,15,85.59999999999994,3
4945-RVMTE,28,59.54999999999997,3
0201-OAMXR,70,115.55000000000004,8
1866-NXPSP,36,75.54999999999994,6
3372-KWFBM,16,86.59999999999994,3
7831-QGOXH,18,85.19999999999995,3
6393-WRYZE,34,97.64999999999982,4
3941-XTSKM,42,45.09999999999997,3
1661-CZBAU,48,70.94999999999996,5
6599-RCLCJ,47,109.5499999999999,7
9831-BPFRI,39,89.54999999999993,5
5158-RIVOP,11,20.899999999999856,1
9788-YTFGE,7,19.950000000000053,1
9277-JOOMO,3,24.60000000000006,2
1907-YLNYW,8,66.69999999999996,4
1725-MIMXW,1,19.450000000000088,1
8947-YRTDV,32,94.79999999999993,5
3161-ONRWK,60,65.84999999999995,5
0114-RSRRW,10,19.950000000000053,1
4565-NLZBV,71,24.649999999999878,2
0031-PVLZI,4,20.35000000000008,1
7206-GZCDC,1,69.24999999999997,1
6682-VCIXC,43,51.24999999999996,4
4791-QRGMF,59,99.49999999999993,5
6475-VHUIZ,23,54.24999999999998,3
3910-MRQOY,72,19.39999999999997,1
0661-WCQNQ,22,56.24999999999998,3
7537-RBWEA,1,25.15000000000014,0
4656-CAURT,69,23.950000000000053,2
0121-SNYRK,50,35.39999999999998,2
1768-ZAIFU,1,25.199999999999953,0
4671-LXRDQ,2,44.99999999999998,1
3733-LSYCE,15,75.34999999999994,2
6265-FRMTQ,31,20.3999999999999,1
1934-SJVJK,1,20.149999999999913,1
3838-OZURD,66,104.99999999999982,6
1371-DWPAZ,0,56.04999999999996,5
9269-CQOOL,3,54.699999999999974,2
2017-CCBLH,8,19.999999999999865,1
7690-KPNCU,64,73.04999999999995,5
0536-BGFMZ,28,20.500000000000128,1
2293-IJWPS,57,100.74999999999983,5
2845-HSJCY,14,87.24999999999994,4
5469-NUJUR,19,19.950000000000053,1
1184-PJVDB,10,79.94999999999995,2
2625-TRCZQ,51,49.64999999999996,3
4102-HLENU,67,65.64999999999996,5
7266-GSSJX,11,20.450000000000017,1
7722-VJRQD,72,60.94999999999995,5
7073-QETQY,66,20.35000000000008,1
9415-DPEWS,18,88.34999999999992,4
5624-RYAMH,9,19.499999999999908,1
0196-JTUQI,9,75.19999999999995,2
7130-YXBRO,48,111.44999999999982,7
9272-LSVYH,10,70.14999999999996,1
7943-RQCHR,9,94.74999999999991,4
3793-MMFUH,13,95.04999999999978,4
3249-ZPQRG,4,78.44999999999993,3
2568-BRGYX,4,70.19999999999996,1
3084-DOWLE,72,91.99999999999994,8
1084-MNSMJ,51,85.49999999999996,7
7721-JXEAW,59,41.049999999999976,2
7249-WBIYX,10,85.59999999999994,3
4238-HFHSN,61,82.14999999999996,3
6250-CGGUN,54,84.39999999999995,4
5478-JJVZK,33,60.89999999999996,4
7596-IIWYC,27,20.24999999999985,1
6567-HOOPW,1,79.19999999999995,2
9793-WECQC,23,95.30000000000007,4
4291-HPAXL,1,19.850000000000122,1
8999-YPYBV,45,84.34999999999995,7
1839-FBNFR,39,19.850000000000122,1
3164-AALRN,5,69.99999999999994,4
3071-MVJCD,72,82.29999999999995,7
1697-BCSHV,58,66.79999999999995,4
0562-KBDVM,70,44.59999999999998,4
1131-SUEKT,61,98.44999999999987,5
3717-OEAUQ,2,70.69999999999995,1
4538-WNTMJ,46,24.949999999999974,2
3334-CTHOL,1,49.94999999999997,2
4704-ERYFC,22,69.24999999999997,1
9432-RUVSL,48,102.5,6
8060-HIWJJ,64,86.54999999999993,7
7684-XSZIY,72,24.29999999999996,2
9089-UOWJG,12,58.34999999999997,3
8621-MNIHH,34,94.24999999999993,5
8039-ACLPL,72,68.74999999999994,5
9885-AIBVB,29,85.79999999999993,4
1934-MKPXS,33,20.1000000000001,1
2592-YKDIF,1,20.35000000000008,1
2272-JKMSI,62,110.79999999999981,7
0471-LVHGK,41,72.99999999999996,5
9518-RWHZL,64,100.05000000000001,5
8714-CTZJW,4,82.84999999999994,3
3569-EDBPQ,24,84.34999999999995,4
3131-NWVFJ,14,19.550000000000026,1
7521-YXVZY,3,19.950000000000053,1
5419-CONWX,4,99.80000000000003,5
6240-EURKS,18,34.99999999999997,1
2373-NTKOD,8,66.24999999999996,3
1970-KKFWL,35,23.30000000000004,2
6960-HVYXR,1,75.99999999999994,2
9337-SRRNI,66,25.29999999999989,2
0895-UADGO,8,44.54999999999998,3
5678-VFNEQ,71,104.09999999999982,6
5977-CKHON,43,92.54999999999993,4
7024-OHCCK,2,93.84999999999994,4
2692-BUCFV,29,101.44999999999996,5
7861-UVUFT,15,84.29999999999995,3
1830-GGFNM,65,94.54999999999994,6
5302-BDJNT,35,95.49999999999993,5
5223-UZAVK,64,100.29999999999998,5
4859-ZSRDZ,58,55.49999999999997,4
5651-WYIPH,18,49.84999999999998,2
9350-VLHMB,67,89.54999999999993,4
3498-LZGQZ,63,19.14999999999999,1
8785-CJSHH,60,99.80000000000003,5
5357-TZHPP,9,84.39999999999995,3
3870-SPZSI,70,113.04999999999993,8
0680-DFNNY,15,101.10000000000005,5
7560-QRBXH,48,19.950000000000053,1
7077-XJMET,12,74.14999999999996,5
8752-GHJFU,71,91.99999999999994,6
6896-SRVYQ,44,73.84999999999995,2
7767-UXAGJ,1,50.44999999999996,2
4652-ODEVH,45,24.45000000000001,2
6510-UPNKS,23,24.799999999999926,2
6718-BDGHG,43,64.84999999999995,4
9046-DQMTP,35,20.750000000000114,1
6439-LAJXL,9,68.94999999999996,5
1571-SAVHK,12,99.94999999999978,5
9052-VKDUW,65,109.39999999999985,7
9546-CQJSU,2,91.39999999999993,4
1666-JZPZT,27,48.99999999999998,2
5777-KJIRB,40,50.24999999999998,2
0506-LVNGN,5,75.54999999999994,2
7677-SJJJK,8,19.899999999999935,1
2480-EJWYP,58,97.79999999999987,5
3253-HKOKL,52,100.29999999999998,5
7055-HNEOJ,3,55.799999999999955,3
5514-YQENT,41,111.15,7
3211-AAPKX,20,98.54999999999981,5
8445-DNBAE,1,50.04999999999996,2
2951-QOQTK,4,80.79999999999994,3
2958-NHPPS,23,20.850000000000044,1
6806-YDEUL,6,19.499999999999908,1
1735-XMJVH,8,19.34999999999986,1
6890-PFRQX,18,69.49999999999994,5
0222-CNVPT,52,48.79999999999997,3
5899-OUVKV,31,94.49999999999994,4
8681-ICONS,29,20.649999999999878,1
1621-YNCJH,36,106.04999999999986,7
3473-XIIIT,16,99.99999999999989,5
6362-QHAFM,42,108.29999999999998,6
7893-IXHRQ,1,20.549999999999947,1
3070-BDOQC,60,99.64999999999998,5
2952-QAYZF,5,85.29999999999994,4
6234-PFPXL,22,95.89999999999995,5
9824-QCJPK,36,19.999999999999865,1
4763-PGDPO,4,70.39999999999998,1
4283-IVYCI,9,64.94999999999996,4
1866-OBPNR,1,74.59999999999995,2
8205-MQUGY,12,49.19999999999997,2
8970-ANWXO,23,73.74999999999996,5
9480-BQJEI,62,92.29999999999993,5
5394-SVGJV,37,98.7999999999998,5
6979-TNDEU,8,19.20000000000011,1
9777-WJJPR,31,88.64999999999995,4
9283-LZQOH,13,74.39999999999998,2
7079-QRCBC,24,98.74999999999997,5
9495-SKLKD,45,95.95000000000007,5
6048-UWKAL,69,105.39999999999984,6
5067-DGXLL,2,20.24999999999985,1
5469-CTCWN,61,106.00000000000003,6
9851-QXEEQ,41,104.70000000000002,6
6281-FKEWS,44,49.049999999999976,3
8898-KASCD,39,35.55,2
9242-TKFSV,72,65.09999999999995,6
9290-SHCMB,13,96.85000000000007,4
0743-HNPFG,51,69.74999999999996,5
2277-BKJKN,71,99.19999999999982,5
9809-IMGCQ,22,96.70000000000002,4
5208-HFSBT,2,55.04999999999995,3
5035-PGZXH,56,106.7999999999998,6
8695-WDYEA,1,51.24999999999996,2
6543-JXSOO,23,57.74999999999996,4
8016-ZMGMO,66,70.84999999999994,5
8605-ITULD,1,19.550000000000026,1
3254-YRILK,19,88.19999999999993,4
6416-YJTTB,11,79.49999999999994,3
2667-WYLWJ,8,19.749999999999886,1
4472-VESGY,52,98.15000000000009,6
3195-TQDZX,3,20.24999999999985,1
3128-YOVTD,51,79.14999999999995,3
0529-ONKER,15,75.64999999999993,2
1728-CXQBE,64,94.24999999999993,5
7041-TXQJH,37,40.199999999999974,2
5014-GSOUQ,13,19.950000000000053,1
5724-BIDBU,49,55.34999999999995,3
0481-SUMCB,45,102.14999999999978,5
1769-GRUIK,18,71.09999999999995,1
5240-IJOQT,1,74.69999999999995,2
8819-WFGGJ,68,54.09999999999996,4
7427-AUFPY,54,19.649999999999956,1
2811-POVEX,23,88.44999999999993,4
1092-GANHU,17,76.64999999999995,2
7898-PDWQE,71,80.39999999999995,7
9972-EWRJS,67,19.249999999999922,1
9314-IJWSQ,14,84.79999999999994,3
0661-XEYAN,1,25.800000000000153,0
5799-JRCZO,63,19.499999999999908,1
1921-KYSAY,41,68.59999999999995,5
6198-RTPMF,17,92.59999999999994,4
2924-KHUVI,56,100.54999999999997,5
1925-GMVBW,5,20.549999999999947,1
7881-EVUAD,2,42.59999999999998,3
6184-DYUOB,3,19.599999999999838,1
9207-ZPANB,37,67.44999999999996,6
5766-XQXMQ,29,68.84999999999994,5
9327-QSDED,8,43.54999999999997,1
1656-DRSMG,63,109.85,7
3012-VFFMN,7,20.649999999999878,1
2984-AFWNC,3,95.39999999999999,4
0640-YJTPY,72,21.000000000000092,1
8096-LOIST,19,56.19999999999998,2
9764-REAFF,59,18.40000000000005,1
3703-VAVCL,2,89.99999999999994,4
7107-UBYKY,35,25.750000000000036,2
4881-GQJTW,14,19.599999999999838,1
8519-QJGJD,14,75.34999999999994,2
7876-DNYAP,69,19.800000000000004,1
7905-NJMXS,7,64.19999999999996,5
2882-WDTBA,69,75.74999999999996,6
2091-GPPIQ,72,78.94999999999996,6
6326-MTTXK,8,100.84999999999977,5
5071-FBJFS,4,50.29999999999997,2
2796-UUZZO,63,80.29999999999995,3
2429-AYKKO,72,19.850000000000122,1
9798-OPFEM,46,21.100000000000023,1
0330-IVZHA,5,69.94999999999995,1
3794-NFNCH,30,49.999999999999964,2
5193-QLVZB,63,104.74999999999983,6
7114-AEOZE,60,19.850000000000122,1
2886-KEFUM,63,107.49999999999991,6
5522-NYKPB,25,85.89999999999995,3
4237-RLAQD,1,45.84999999999998,1
9957-YODKZ,6,80.79999999999994,3
6518-KZXCB,22,25.25000000000007,2
2245-ADZFJ,31,80.54999999999993,6
7776-QGYJC,39,81.49999999999996,3
9313-QOLTZ,26,20.899999999999856,1
9651-GTSAQ,53,106.09999999999997,6
3186-BAXNB,1,91.69999999999993,4
4672-FOTSD,12,67.24999999999996,5
0637-YLETY,16,95.59999999999985,5
9818-XQCUV,2,20.35000000000008,1
7338-ERIVA,39,45.049999999999976,3
1157-BQCUW,1,74.94999999999996,2
8259-NFJTV,7,34.650000000000034,2
3223-DWFIO,4,69.34999999999997,1
2660-EMUBI,10,95.34999999999988,4
6968-GMKPR,55,81.54999999999995,3
4751-ERMAN,72,75.39999999999995,5
1436-ZMJAN,10,67.79999999999995,4
3292-PBZEJ,11,111.4,7
0799-DDIHE,15,46.29999999999997,1
3070-FNFZQ,23,20.3999999999999,1
2812-SFXMJ,1,20.049999999999983,1
7675-OZCZG,3,44.99999999999998,1
5014-WUQMG,47,96.09999999999982,5
5312-TSZVC,15,19.649999999999956,1
2003-CKLOR,66,99.49999999999993,5
0993-OSGPT,68,60.64999999999995,4
9254-RBFON,17,98.59999999999994,5
1205-WNWPJ,7,59.49999999999997,3
9391-EOYLI,12,80.44999999999993,2
7108-DGVUU,21,71.69999999999996,5
2782-JEEBU,21,35.999999999999986,2
5127-BZENZ,56,65.19999999999996,4
2720-FVBQP,6,48.94999999999999,2
9906-NHHVC,65,53.49999999999997,4
4522-XRWWI,42,80.44999999999993,6
3766-EJLFL,68,109.04999999999993,7
5939-SXWHM,48,26.300000000000118,2
8152-UOBNY,50,106.7999999999998,6
7351-KYHQH,7,64.94999999999996,4
7643-RCHXS,63,19.34999999999986,1
8246-SHFGA,17,21.100000000000023,1
8387-MOJJT,42,77.94999999999995,2
0620-XEFWH,4,18.849999999999895,1
6485-QXWWE,62,26.00000000000002,2
2761-OCIAX,2,74.69999999999995,2
7321-VGNKU,2,70.34999999999994,1
5327-CNLUQ,48,96.89999999999988,6
7552-KEYGT,27,19.550000000000026,1
5816-JMLGY,70,80.39999999999995,6
3068-OMWZA,1,88.79999999999994,4
2927-QRRQV,46,94.64999999999992,5
6032-KRXXO,30,90.24999999999993,3
7459-RRWQZ,15,64.64999999999996,4
6265-SXWBU,69,95.7499999999999,5
7941-RCJOW,65,19.550000000000026,1
6374-NTQLP,72,104.09999999999982,6
4154-AQUGT,13,89.04999999999993,4
2387-KDZQY,17,20.1000000000001,1
3584-WKTTW,51,111.55000000000004,7
3399-BMLVW,51,60.49999999999996,4
1971-DTCZB,72,90.94999999999993,8
3092-IGHWF,67,87.39999999999993,4
3374-PZLXD,34,19.700000000000074,1
3813-DHBBB,67,50.94999999999998,4
2812-REYAT,49,20.049999999999983,1
6518-PPLMZ,53,19.39999999999997,1
4939-KYYPY,27,59.44999999999998,4
8017-LXHFA,23,94.74999999999991,4
5930-GBIWP,69,81.49999999999996,7
6022-KOUQO,2,29.049999999999912,1
6352-TWCAU,35,86.44999999999995,3
2361-UPSND,46,70.59999999999995,5
6035-RIIOM,54,97.19999999999997,5
2929-QNSRW,56,98.25000000000001,5
1262-OPMFY,9,75.74999999999996,2
9504-DSHWM,20,59.19999999999997,4
5035-BVCXS,11,75.89999999999995,2
6267-DCFFZ,30,90.04999999999994,4
3533-UVMOM,68,70.94999999999996,5
2439-LYPMQ,38,102.59999999999994,6
4248-QPAVC,17,85.34999999999994,4
1899-VXWXM,48,106.09999999999997,6
1478-VPOAD,1,43.799999999999976,1
9995-HOTOH,63,58.99999999999995,5
2988-PLAHS,3,69.94999999999995,4
1371-OJCEK,48,24.35000000000008,2
4999-IEZLT,66,29.44999999999994,1
8883-ANODQ,68,84.39999999999995,4
4690-LLKUA,17,45.049999999999976,1
2351-RRBUE,7,20.649999999999878,1
5980-BDHPY,72,87.09999999999992,8
1498-DQNRX,29,19.850000000000122,1
9469-WEJBT,37,90.34999999999992,4
3331-HQDTW,34,109.79999999999987,7
9490-DFPMD,42,84.64999999999995,3
2581-VKIRT,59,65.49999999999996,5
5442-XSDCW,11,79.49999999999994,2
7426-WEIJX,60,80.94999999999996,3
2851-MMUTZ,27,56.149999999999956,3
3049-NDXFL,1,85.79999999999993,3
8580-AECUZ,1,79.09999999999995,2
3307-TLCUD,17,34.400000000000055,2
6625-FLENO,58,20.750000000000114,1
2967-MXRAV,1,18.800000000000082,1
7963-GQRMY,3,44.29999999999997,1
8189-HBVRW,53,90.79999999999995,5
4163-KIUHY,35,25.599999999999987,2
1228-FZFRV,50,105.94999999999993,6
3500-NSDOA,68,70.79999999999994,5
1171-TYKUR,47,25.40000000000012,2
3761-FLYZI,65,108.79999999999995,6
2058-DCJBE,5,69.74999999999996,1
5364-XYIRR,51,94.64999999999992,4
4829-AUOAX,46,96.05000000000001,4
1219-NNDDO,9,76.84999999999994,2
8388-DMKAE,8,20.24999999999985,1
4403-BWPAY,14,24.799999999999926,2
9659-QEQSY,45,115.64999999999998,8
5405-ZMYXQ,8,74.59999999999995,2
5047-LHVLY,1,50.149999999999984,2
1442-OKRJE,66,103.15,6
4737-AQCPU,72,72.09999999999994,6
9158-VCTQB,41,113.60000000000001,8
2808-CHTDM,23,25.100000000000023,2
6311-UEUME,29,78.89999999999996,2
0793-TWELN,4,80.14999999999996,3
3283-WCWXT,6,25.40000000000012,2
1060-ENTOF,67,105.39999999999984,7
0999-QXNSA,7,45.749999999999986,1
5451-MHQOF,56,24.45000000000001,2
4836-WNFNO,72,25.000000000000092,2
9225-BZLNZ,72,85.24999999999994,7
0354-VXMJC,23,19.599999999999838,1
4422-QVIJA,35,50.149999999999984,2
9365-SRSZE,27,70.54999999999995,1
6839-ITVZJ,26,60.04999999999996,4
8332-OSJDW,12,26.40000000000005,2
4735-BJKOU,40,20.149999999999913,1
0274-JKUJR,7,58.849999999999966,5
5740-YHGTW,70,97.5499999999999,5
8917-SZTTJ,60,19.649999999999956,1
1696-MZVAU,39,25.25000000000007,0
7359-WWYJV,72,114.44999999999989,8
0375-HVGXO,1,34.7,1
4906-ZHGPK,54,70.69999999999995,5
8593-WHYHV,3,85.29999999999994,3
3795-GWTRD,63,75.54999999999994,6
1298-PHBTI,71,84.79999999999994,4
6223-DHJGV,42,20.649999999999878,1
6961-MJKBO,47,20.450000000000017,1
6097-EQISJ,66,102.44999999999989,6
4423-YLHDV,21,104.39999999999992,6
8158-WPEZG,11,35.649999999999984,2
0107-YHINA,1,99.74999999999991,5
4918-FYJNT,55,90.44999999999995,5
0727-BNRLG,69,97.64999999999982,6
4854-CIDCF,3,73.84999999999995,2
8640-SDGKB,4,74.39999999999998,5
3280-MRDOF,30,69.09999999999995,5
6435-SRWBJ,5,82.74999999999994,4
9964-WBQDJ,71,24.3999999999999,2
6303-KFWSL,29,55.249999999999964,3
1702-CCFNJ,52,61.34999999999996,4
8932-CZHRQ,68,76.74999999999994,6
0386-CWRGM,46,19.39999999999997,1
5515-RUGKN,8,54.74999999999997,2
0404-AHASP,72,19.700000000000074,1
7279-NMVJC,17,19.899999999999935,1
2081-VEYEH,3,107.94999999999978,6
6407-UTSLV,2,83.79999999999993,3
4116-TZAQJ,9,74.24999999999996,2
9060-HJJRW,51,56.39999999999996,4
2587-YNLES,6,20.1000000000001,1
7398-SKNQZ,3,94.90000000000003,4
5935-FCCNB,17,94.19999999999993,4
1958-RNRKS,30,49.89999999999997,2
5136-RGMZO,31,71.04999999999995,5
8345-MVDYC,45,81.64999999999995,6
8226-BXGES,64,89.44999999999993,5
3877-JRJIP,1,59.84999999999995,3
8375-DKEBR,1,69.59999999999994,1
9705-IOVQQ,61,98.99999999999996,5
1015-OWJKI,1,19.05000000000006,1
7511-YMXVQ,9,45.39999999999998,2
2040-XBAVJ,72,114.44999999999989,8
7551-JOHTI,1,19.499999999999908,1
8887-IPQNC,7,44.24999999999997,1
8646-JCOMS,66,90.54999999999994,5
9804-ICWBG,1,69.89999999999995,1
1222-KJNZD,40,20.3999999999999,1
0106-GHRQR,16,71.39999999999995,5
5318-IXUZF,2,87.14999999999995,3
3768-VHXQO,67,24.850000000000044,2
8952-WCVCD,41,104.45000000000005,6
2418-TPEUN,56,19.800000000000004,1
3963-RYFNS,72,116.45000000000005,8
3198-VELRD,3,84.74999999999994,3
8540-ZQGEA,54,20.049999999999983,1
1320-REHCS,52,110.74999999999999,7
4137-JOPHL,50,89.69999999999993,4
9436-ZBZCT,14,89.94999999999995,4
7801-CEDNV,27,48.699999999999974,2
2057-BOYKM,72,96.60000000000008,6
3658-QQJYD,62,74.29999999999995,5
1803-BGNBD,12,54.299999999999976,3
0134-XWXCE,44,74.84999999999994,5
6950-TWMYB,54,79.94999999999995,3
5848-FHRFC,68,20.049999999999983,1
2243-FNMMI,20,19.39999999999997,1
2511-MORQY,50,54.899999999999956,3
5356-KZCKT,58,24.45000000000001,2
9470-XCCEM,35,89.64999999999995,4
6519-CFDBX,2,45.39999999999998,1
3902-MIVLE,63,75.69999999999993,6
0409-WTMPL,58,110.65000000000006,7
8763-KIAFH,27,20.549999999999947,1
3669-WHAFY,71,115.15,8
3055-VTCGS,63,58.549999999999955,3
3144-KMTWZ,71,93.24999999999994,5
7279-BUYWN,41,113.19999999999999,7
7156-MHUGY,13,90.49999999999994,3
7198-GLXTC,2,78.99999999999996,2
2007-QVGAW,68,19.34999999999986,1
5207-PLSTK,1,48.74999999999997,2
2307-FYNNL,65,109.04999999999993,7
5605-XNWEN,72,25.000000000000092,2
2155-AMQRX,28,54.899999999999956,3
6181-AXXYF,72,24.750000000000107,2
5091-HFAZW,2,91.14999999999995,4
0516-VRYBW,18,20.149999999999913,1
2519-LBNQL,60,104.3499999999998,6
8623-ULFNQ,26,66.04999999999995,4
8380-PEFPE,1,71.64999999999996,1
5687-DKDTV,4,20.35000000000008,1
1568-LJSZU,68,92.19999999999993,8
7530-HDYDS,38,84.24999999999996,4
7789-HKSBS,42,105.19999999999999,6
7416-CKTEP,57,19.599999999999838,1
2586-CWXVV,54,30.40000000000005,1
3096-IZETN,12,78.09999999999994,2
2348-KCJLT,44,61.49999999999998,4
8401-EMUWF,42,69.39999999999995,5
4193-IBKSW,72,24.750000000000107,2
5377-NDTOU,71,91.04999999999993,8
5922-ABDVO,19,89.64999999999995,4
2474-LCNUE,23,73.64999999999996,5
0839-QNXME,30,19.39999999999997,1
3506-OVLKD,35,26.19999999999989,2
9172-ANCRX,10,98.69999999999986,5
6650-VJONK,1,43.84999999999997,1
2178-PMGCJ,22,69.69999999999996,1
7492-TAFJD,7,38.54999999999998,3
2773-MADBQ,36,53.09999999999997,5
6016-LVTJQ,34,20.649999999999878,1
7860-KSUGX,72,64.44999999999996,5
8966-KZXXA,36,25.100000000000023,2
6910-HADCM,1,76.34999999999995,2
4816-LXZYW,23,79.14999999999995,3
9606-PBKBQ,32,84.99999999999993,3
5149-QYTTU,71,95.15,6
2070-XYMFH,23,79.34999999999994,3
2085-BOJKI,17,96.64999999999989,4
0817-HSUSE,1,75.49999999999994,5
5442-PPTJY,12,19.700000000000074,1
1927-QEWMY,72,20.500000000000128,1
1663-MHLHE,1,19.20000000000011,1
5663-QBGIS,72,98.34999999999995,5
4450-MDZFX,60,74.34999999999995,2
6701-DHKWQ,61,51.34999999999995,4
7554-AKDQF,6,45.64999999999996,1
3536-IQCTX,32,85.29999999999994,3
4911-BANWH,31,86.54999999999993,3
8496-EJAUI,19,73.84999999999995,2
0794-YVSGE,72,20.29999999999997,1
5423-BHIXO,32,54.19999999999998,3
6908-VVYHM,65,90.64999999999992,4
2959-EEXWB,45,50.899999999999956,3
1839-UMACK,42,25.049999999999905,2
3030-YDNRM,8,74.84999999999994,2
7321-KKSDU,32,20.500000000000128,1
3402-XRIUO,22,63.549999999999955,5
3132-TVFDZ,57,44.849999999999966,2
8286-AFUYI,1,47.94999999999997,2
8080-DDEMJ,1,45.09999999999997,1
8356-WUAOJ,1,44.99999999999998,1
6365-MTGZX,24,95.99999999999989,4
1349-WXNGG,1,20.049999999999983,1
8058-DMYRU,54,90.04999999999994,4
9350-ZXYJC,4,25.29999999999989,2
6990-YNRIO,65,108.6499999999999,7
8958-JPTRR,56,24.29999999999996,2
6959-GQEGV,45,75.94999999999995,5
3173-WSSUE,71,19.700000000000074,1
1265-HVPZB,59,66.39999999999996,5
4115-UMJFQ,69,35.74999999999998,2
7369-TRPFD,19,18.800000000000082,1
1098-KFQEC,55,19.39999999999997,1
7190-XHTWJ,38,19.30000000000004,1
0621-TWIEM,10,45.54999999999997,1
3537-RYBHH,47,67.44999999999996,5
2485-ITVKB,2,35.099999999999994,1
3669-OYSJI,1,46.199999999999974,1
1612-EOHDH,1,45.14999999999996,1
6702-OHFWR,1,43.29999999999998,3
5296-BFCYD,46,20.1000000000001,1
4510-PYUSH,38,57.14999999999997,3
9359-JANWS,65,58.89999999999996,4
7517-SAWMO,19,73.19999999999995,2
4143-HHPMK,52,85.34999999999994,3
3279-DYZQM,71,19.450000000000088,1
7054-LGEQW,1,45.94999999999997,1
0523-VNGTF,52,50.49999999999996,4
9575-IWCAZ,6,25.100000000000023,2
7105-MXJLL,26,60.699999999999974,3
7064-FRRSW,48,98.99999999999996,5
7940-UQQUG,64,104.39999999999992,6
0923-PNFUB,3,83.74999999999993,3
3961-SXAXY,1,44.049999999999955,1
7010-BRBUU,72,24.1000000000001,2
3566-HJGPK,1,45.54999999999997,1
3062-ICYZQ,51,93.79999999999993,5
9938-PRCVK,41,19.700000000000074,1
0973-KYVNF,72,70.64999999999995,5
5129-HHMZC,43,86.44999999999995,7
9637-CDTKZ,72,114.09999999999997,8
3946-JEWRQ,47,95.19999999999982,4
7873-CVMAW,72,88.54999999999993,8
0463-WZZKO,3,20.750000000000114,1
3494-JCHRQ,1,70.04999999999994,1
6474-FVJLC,2,85.99999999999994,3
4524-QCSSM,26,44.64999999999998,3
5832-EXGTT,29,60.19999999999995,3
8840-DQLGN,35,100.49999999999986,6
2039-JONDJ,27,55.449999999999974,3
7217-JYHOQ,24,70.29999999999995,5
6695-FRVEC,67,60.39999999999997,4
4547-LYTDD,16,72.64999999999995,2
9894-QMIMJ,23,55.799999999999955,3
8069-YQQAJ,14,31.099999999999874,1
6770-XUAGN,1,21.000000000000092,1
4193-ORFCL,1,45.09999999999997,1
1636-NTNCO,4,50.94999999999998,3
3466-WAESX,16,69.09999999999995,5
9281-PKKZE,46,43.94999999999996,2
3638-VBZTA,68,86.49999999999994,7
7459-IMVYU,38,69.94999999999995,6
7776-QWNFX,30,50.39999999999996,2
6689-TCZHQ,5,78.94999999999996,2
8563-OYMQY,17,90.94999999999993,4
0754-EEBDC,4,19.899999999999935,1
5777-ZPQNC,12,20.149999999999913,1
1951-IEYXM,72,90.59999999999994,8
3318-NMQXL,3,91.99999999999994,3
3143-ILDAL,56,94.44999999999995,5
1022-RKXDR,41,24.850000000000044,2
2361-FJWNO,40,35.999999999999986,2
2272-UOINI,7,78.49999999999994,6
8232-UTFOZ,69,19.950000000000053,1
3750-YHRYO,7,20.649999999999878,1
6637-KYRCV,5,30.49999999999998,1
5668-MEISB,72,106.09999999999997,7
0129-QMPDR,44,20.500000000000128,1
7188-CBBBA,65,95.49999999999993,5
5356-CSVSQ,3,64.59999999999995,4
3221-CJMSG,24,51.09999999999997,2
4720-VSTSI,44,84.79999999999994,4
3219-JQRSL,72,89.09999999999992,8
2801-NISEI,24,54.94999999999995,3
3946-MHCZW,1,50.899999999999956,2
4623-ZKHLY,22,20.450000000000017,1
6732-VAILE,70,85.94999999999995,7
8201-AAXCB,25,60.34999999999997,3
7696-CFTAT,37,19.800000000000004,1
1845-CSBRZ,22,85.34999999999994,3
2123-VSCOT,59,72.09999999999994,5
6651-AZVTJ,49,99.80000000000003,5
4566-GOLUK,47,107.34999999999988,6
2484-DGXPZ,31,19.550000000000026,1
2018-QKYGT,1,81.04999999999995,2
2792-VPPET,3,20.500000000000128,1
7409-JURKQ,53,111.80000000000003,7
3247-MHJKM,1,20.20000000000003,1
1964-SVLEA,20,19.700000000000074,1
4587-NUKOX,3,79.09999999999995,3
7297-DVYGA,51,19.850000000000122,1
2239-CGBUZ,51,60.49999999999996,4
0854-UYHZD,13,19.550000000000026,1
7243-LCGGZ,1,20.899999999999856,1
8267-KFGYD,1,21.049999999999912,1
4890-VMUAV,63,71.49999999999994,6
9261-WDCAF,3,54.64999999999998,2
3764-MNMOI,46,19.20000000000011,1
7442-YGZFK,1,49.79999999999998,2
0420-BWTPW,8,25.50000000000005,0
8229-BUJHX,71,20.500000000000128,1
7449-HVPIV,55,90.39999999999995,4
5504-WSIUR,70,90.24999999999993,5
8183-ONMXC,2,80.74999999999994,2
8466-PZBLH,67,104.59999999999978,6
9614-RMGHA,65,91.84999999999992,4
8735-IJJEG,14,50.19999999999998,2
0564-MUUQK,20,95.49999999999993,5
5054-IEXZT,1,75.34999999999994,2
5834-ASPWA,1,75.44999999999996,2
0701-RFGFI,49,95.39999999999999,4
0019-EFAEP,72,101.29999999999991,6
5619-PTMIK,46,53.09999999999997,3
3737-XBQDD,24,84.84999999999994,4
5882-CMAZQ,5,34.25,2
5846-QFDFI,33,88.59999999999994,5
4445-KWOKW,42,60.149999999999956,4
3511-APPBJ,23,99.94999999999978,5
7967-HYCDE,8,70.69999999999995,1
2430-RRYUW,66,54.79999999999997,3
3948-XHGNA,24,49.54999999999997,2
3723-BFBGR,24,54.79999999999997,3
0565-IYCGT,69,78.59999999999992,7
5447-WZAFP,53,100.29999999999998,5
5110-CHOPY,60,53.599999999999966,4
5445-UTODQ,7,81.09999999999995,2
4425-OWHWB,20,19.34999999999986,1
7892-QVYKW,23,85.59999999999994,3
9675-ICXCT,72,80.79999999999994,6
1024-VRZHF,11,74.94999999999996,2
4703-MQYKT,21,19.599999999999838,1
9497-QCMMS,1,93.54999999999993,4
5692-ICXLW,31,90.69999999999993,4
0602-DDUML,57,69.74999999999996,5
2208-MPXIO,45,19.999999999999865,1
1960-UYCNN,10,95.24999999999994,5
0348-SDKOL,58,102.09999999999997,6
3190-FZATL,14,19.950000000000053,1
7336-RLLRH,27,80.84999999999994,6
4373-MAVJG,14,90.89999999999993,4
8901-HJXTF,12,29.19999999999996,1
7710-JSYOA,69,93.29999999999994,5
5419-KLXBN,25,89.14999999999995,4
3424-NMNBO,58,108.84999999999977,7
9885-MFVSU,35,46.349999999999966,3
4514-GFCFI,16,84.74999999999994,3
0607-MVMGC,45,78.74999999999994,6
3365-SAIGS,17,83.54999999999995,3
9828-AOQLM,1,45.69999999999999,1
8022-BECSI,22,19.599999999999838,1
8000-REIQB,1,69.94999999999995,1
9993-LHIEB,67,67.84999999999995,5
0266-CLZKZ,67,105.64999999999982,6
7615-ESMYF,2,44.59999999999998,2
3858-VOBET,23,74.94999999999996,2
7020-OZKXZ,9,75.49999999999994,2
3977-QCRSL,5,20.149999999999913,1
0017-DINOC,54,45.19999999999996,3
1447-PJGGA,57,95.24999999999994,4
8565-CLBZW,24,89.84999999999992,4
9139-WQQDY,49,100.45000000000005,5
0224-HJAPT,5,47.14999999999996,2
8086-OVPWV,2,80.19999999999996,2
9430-FRQOC,4,87.09999999999992,4
7639-OPLNG,70,79.24999999999994,7
3074-GQWYX,5,75.89999999999995,2
1492-QGCLU,53,85.69999999999993,7
6845-RGTYS,47,98.74999999999997,6
7328-OWMOM,31,20.1000000000001,1
4418-LZMSV,13,61.799999999999955,4
5155-AZQPB,28,49.89999999999997,2
8861-HGGKB,10,86.44999999999995,3
1087-GRUYI,38,20.3999999999999,1
7065-YUNRY,1,45.299999999999955,1
7694-VLBWQ,67,104.09999999999982,6
2546-KZAAT,52,75.39999999999995,5
0181-RITDD,62,108.14999999999995,7
5989-PGKJB,16,86.24999999999993,3
4795-KTRTH,5,80.99999999999996,3
8272-ONJLV,12,95.70000000000009,4
1488-PBLJN,72,116.84999999999977,8
0308-GIQJT,71,105.75000000000006,6
3778-FOAQW,24,20.149999999999913,1
4452-ROHMO,15,19.599999999999838,1
6481-OGDOO,67,90.59999999999994,4
3090-LETTY,2,60.94999999999995,4
5349-AZPEW,5,25.049999999999905,0
3753-TSEMP,15,88.14999999999993,3
8305-VHZBZ,1,20.20000000000003,1
9720-JJJOR,41,60.29999999999995,4
8100-HZZLJ,43,63.94999999999996,4
8775-ERLNB,1,74.29999999999995,2
8309-IEYJD,1,70.59999999999995,1
9172-JITSM,26,90.79999999999995,3
6298-QDFNH,22,79.34999999999994,3
7398-HPYZQ,71,90.54999999999994,8
3546-GHEAE,7,19.450000000000088,1
7361-YPXFS,28,64.44999999999996,5
6557-BZXLQ,16,69.64999999999996,1
2550-QHZGP,7,19.499999999999908,1
7519-JTWQH,69,110.5,7
2538-OIMXF,1,24.699999999999996,0
8543-MSDMF,3,77.39999999999996,5
9961-JBNMK,21,96.79999999999995,4
1170-SASML,69,85.39999999999996,4
4872-JCVCA,71,47.599999999999966,4
5346-BZCHP,69,19.39999999999997,1
2038-LLMLM,48,103.84999999999984,6
6173-ITPWD,47,83.34999999999994,4
9734-UYXQI,2,49.39999999999998,2
1216-BGTSP,45,108.45000000000005,7
4138-NAXED,51,80.99999999999996,3
2189-UXTKY,22,79.19999999999995,6
0744-BIKKF,72,86.64999999999995,8
7483-IQWIB,37,92.94999999999993,5
5248-KWLAR,71,90.34999999999992,8
4958-GZWIY,7,48.699999999999974,2
7996-MHXLW,66,25.15000000000014,2
7833-PKIHD,51,76.39999999999995,5
7061-OVMIM,30,19.550000000000026,1
5153-RTHKF,34,85.34999999999994,3
1852-QSWCD,64,24.799999999999926,2
4832-VRBMR,65,103.15,6
9079-LWTFD,47,100.74999999999983,6
6356-ELRKD,1,95.59999999999985,4
8624-GIOUT,49,59.74999999999996,4
3392-EHMNK,67,94.09999999999994,5
5986-WWXDV,39,19.34999999999986,1
3061-BCKYI,14,19.899999999999935,1
6179-GJPSO,43,108.14999999999995,6
7901-TBKJX,56,101.04999999999993,5
7228-PAQPD,14,59.09999999999997,3
3177-LASXD,1,71.34999999999997,1
7746-QYVCO,16,55.84999999999998,3
5804-HYIEZ,70,106.04999999999986,6
9919-FZDED,72,84.09999999999994,7
5934-TSSAU,23,75.29999999999993,2
3486-KHMLI,21,24.699999999999996,2
4897-QSUYC,1,20.149999999999913,1
1084-UQCHV,1,69.74999999999996,1
8290-YWKHZ,32,93.19999999999995,4
2955-BJZHG,17,80.84999999999994,2
3806-DXQOM,4,33.650000000000105,2
6784-XYJAE,36,55.799999999999955,3
3933-DQPWX,50,39.69999999999998,3
6661-EIPZC,48,29.500000000000057,1
8957-THMOA,50,20.149999999999913,1
2251-PYLPB,72,79.54999999999994,7
5555-RNPGT,10,24.799999999999926,2
1057-FOGLZ,18,19.649999999999956,1
9300-RENDD,1,79.94999999999995,2
0761-AETCS,1,19.30000000000004,1
8087-LGYHQ,9,94.04999999999994,4
4137-BTIKL,2,90.74999999999994,4
2190-BCXEC,40,78.84999999999994,3
6227-FBDXH,69,99.49999999999993,5
2153-MREFK,37,99.19999999999982,6
2911-WDXMV,18,80.54999999999993,3
7206-PQBBZ,11,70.19999999999996,1
3106-ULWFW,8,85.19999999999995,3
0925-VYDLG,3,75.24999999999994,2
4547-FZJWE,55,59.44999999999998,3
7422-WNBTY,33,93.34999999999994,5
0842-IWYCP,46,44.94999999999999,1
3521-HTQTV,34,26.09999999999995,2
3744-ZBHON,3,20.20000000000003,1
3373-DIUUN,30,21.25000000000007,1
8383-SGHJU,33,59.39999999999995,4
7607-QKKTJ,45,94.99999999999996,5
7707-PYBBH,40,61.899999999999956,4
8984-HPEMB,71,118.64999999999975,8
4349-GFQHK,1,54.349999999999966,3
4139-DETXS,72,64.44999999999996,6
9779-DPNEJ,22,80.14999999999996,2
9805-FILKB,46,20.20000000000003,1
5793-YOLJN,55,21.000000000000092,1
0673-IGUQO,1,20.450000000000017,1
4123-FCVCB,12,75.84999999999995,5
8819-IMISP,31,80.44999999999993,3
7802-EFKNY,5,24.949999999999974,0
8311-UEUAB,67,75.49999999999994,5
5858-EAFCZ,1,44.44999999999999,1
8035-BUYVG,40,42.349999999999966,3
1163-ONYEY,41,74.54999999999995,6
9787-XVQIU,1,75.29999999999993,2
8945-MUQUF,51,94.79999999999993,5
5656-MJEFC,42,48.14999999999998,4
6082-OQFBA,23,19.649999999999956,1
8051-HJRLT,1,70.54999999999995,1
8974-OVACP,1,20.149999999999913,1
4010-YLMVT,56,106.59999999999994,6
1379-FRVEB,15,90.99999999999993,4
8612-GXIDD,12,25.40000000000012,2
6288-CHQJB,54,69.94999999999995,5
8160-HOWOX,7,66.84999999999995,3
3023-GFLBR,33,86.14999999999993,3
6648-INWPS,16,20.149999999999913,1
4223-BKEOR,21,64.84999999999995,4
4079-VTGLK,30,74.84999999999994,5
1763-WQFUK,3,50.49999999999996,2
1391-UBDAR,11,72.89999999999996,2
8894-JVDCV,62,115.04999999999978,8
2023-VQFDL,18,18.999999999999943,1
1345-GKDZZ,6,19.550000000000026,1
2014-MKGMH,46,101.10000000000005,5
5628-FCGYG,21,84.09999999999994,3
2560-WBWXF,68,24.149999999999913,2
0248-IPDFW,1,50.09999999999999,2
7978-DKUQH,25,74.59999999999995,2
4335-UPJSI,24,19.749999999999886,1
0524-IAVZO,30,84.99999999999993,3
2737-YNGYW,2,80.54999999999993,2
1784-EZDKJ,51,106.7999999999998,6
9297-FVVDH,57,84.49999999999994,7
8007-YYPWD,15,25.049999999999905,2
7101-HRBLJ,72,83.69999999999993,7
5159-YFPKQ,2,75.79999999999995,2
6635-CPNUN,28,96.60000000000008,5
4021-RQSNY,29,98.5,5
5453-YBTWV,70,101.10000000000005,6
5039-LZRQT,13,20.20000000000003,1
2931-VUVJN,59,94.04999999999994,6
9061-TIHDA,13,95.24999999999994,4
8699-ASUFO,7,74.39999999999998,2
6418-PIQSP,62,80.99999999999996,6
8220-OCUFY,21,60.24999999999995,4
3995-WFCSM,2,60.849999999999966,3
1895-QTKDO,1,43.94999999999996,1
2038-OEQZH,4,86.04999999999994,3
1178-PZGAB,19,20.24999999999985,1
7927-AUXBZ,30,85.14999999999995,3
2626-VEEWG,67,19.39999999999997,1
2878-RMWXY,72,102.65000000000005,6
1657-DYMBM,53,19.899999999999935,1
7311-MQJCH,5,19.550000000000026,1
7375-WMVMT,71,95.49999999999993,5
1136-XGEQU,50,84.14999999999996,7
2530-FMFXO,56,103.19999999999983,6
6844-DZKRF,2,50.19999999999998,2
4695-WJZUE,2,88.54999999999993,4
7619-ODSGN,24,54.74999999999997,3
5970-GHJAW,46,19.950000000000053,1
8879-XUAHX,71,116.24999999999989,8
3689-MOZGR,29,31.20000000000011,1
4195-PNGZS,69,24.45000000000001,2
5003-XZWWO,71,84.19999999999996,7
3988-RQIXO,1,91.29999999999994,3
7622-FWGEW,56,85.64999999999995,7
6922-NCEDI,56,21.19999999999996,1
2514-GINMM,1,79.49999999999994,2
9891-NQDBD,28,25.54999999999987,2
6131-IUNXN,19,20.20000000000003,1
8548-AWOFC,66,63.84999999999996,4
9798-DRYDS,17,61.94999999999996,4
8532-UEFWH,52,25.750000000000036,2
6296-DDOOR,19,58.19999999999998,3
7951-VRDVK,36,85.84999999999992,7
5931-FLJJF,7,70.09999999999994,1
4815-YOSUK,72,104.89999999999988,7
2659-VXMWZ,67,111.29999999999976,7
0380-NEAVX,34,99.84999999999985,5
3207-OYBWH,57,95.24999999999994,5
4285-GYRQC,7,86.24999999999993,3
7216-EWTRS,1,100.79999999999995,5
4365-MSDYN,8,19.550000000000026,1
7036-TYDEC,69,103.99999999999989,6
5802-ADBRC,50,104.39999999999992,6
8076-FEZKJ,10,19.499999999999908,1
5197-YPYBZ,12,25.25000000000007,2
8337-MSSXB,14,86.29999999999993,3
4312-GVYNH,70,49.84999999999998,4
8495-LJDFO,64,108.95,7
0839-JTCUD,66,89.89999999999995,8
5494-WOZRZ,71,81.99999999999994,6
1302-UHBDD,20,89.94999999999995,3
2234-EOFPT,72,79.34999999999994,6
8619-IJNDK,71,64.04999999999995,5
8378-LKJAF,38,101.14999999999986,5
8182-BJDSI,28,89.94999999999995,4
2528-HFYZX,17,76.44999999999993,2
1153-GNOLC,33,39.099999999999966,2
3298-QEICA,23,34.59999999999992,2
0788-DXBFY,58,19.550000000000026,1
3597-YASZG,70,104.45000000000005,6
3496-LFSZU,4,70.49999999999996,1
5242-UOWHD,45,20.35000000000008,1
2482-CZGBB,10,69.99999999999994,1
6479-SZPLM,36,19.450000000000088,1
8097-VBQTZ,54,69.89999999999995,5
4500-HKANN,23,59.69999999999996,4
9917-KWRBE,41,78.34999999999995,6
3420-ZDBMA,5,71.44999999999995,1
2212-LYASK,27,45.84999999999998,3
1393-IMKZG,1,95.84999999999984,4
8069-RHUXK,67,35.69999999999998,2
3398-GCPMU,72,89.54999999999993,8
2908-WGAXL,56,24.949999999999974,2
3378-AJRAO,44,24.850000000000044,2
1013-QCWAM,66,100.79999999999995,5
0866-QLSIR,34,64.39999999999996,5
6050-FFXES,69,105.35000000000002,6
7181-BQYBV,1,102.44999999999989,6
0362-RAOQO,40,19.649999999999956,1
9554-DFKIC,30,54.44999999999996,3
5527-ACHSO,11,70.49999999999996,4
0829-DDVLK,15,20.1000000000001,1
1399-UBQIU,11,69.34999999999997,4
1813-JLKWR,64,19.800000000000004,1
0336-PIKEI,72,74.39999999999998,6
7322-OCWHC,72,93.04999999999993,6
9537-VHDTA,1,51.19999999999996,2
4957-TIALW,15,65.59999999999995,5
2054-PJOCK,60,80.54999999999993,6
9150-HEPMB,56,52.699999999999974,3
9030-QGZNL,8,20.850000000000044,1
6204-IEUXJ,3,80.09999999999994,3
3126-WQMGH,49,52.149999999999956,2
4529-CKBCL,2,80.19999999999996,2
2506-CLAKW,6,98.15000000000009,6
7176-WRTNX,70,114.94999999999985,8
1583-IHQZE,12,112.95,7
5732-IKGQH,52,104.45000000000005,6
9239-GZHZE,72,113.64999999999984,8
7205-BAIAD,40,20.600000000000065,1
0151-ONTOV,1,70.89999999999996,1
4140-MUHUG,3,86.84999999999994,3
0093-EXYQL,40,91.54999999999993,3
8064-RAVOH,1,49.84999999999998,2
0219-QAERP,30,19.800000000000004,1
0320-JDNQG,23,99.84999999999985,5
7180-PISOG,1,74.49999999999997,2
9168-INPSZ,44,104.14999999999993,6
3571-RFHAR,65,109.14999999999986,7
0015-UOCOJ,7,48.199999999999974,2
5334-AFQJB,72,25.100000000000023,2
2754-SDJRD,8,100.14999999999995,5
9578-VRMNM,16,65.19999999999996,4
1587-FKLZB,66,99.49999999999993,5
6140-QNRQQ,1,71.54999999999994,1
8963-JLGJT,3,55.89999999999998,3
4307-KTUMW,53,93.89999999999992,5
1465-LNTLJ,8,64.39999999999996,4
5440-FLBQG,69,108.39999999999992,7
2135-DQWAQ,5,85.29999999999994,3
4056-QHXHZ,72,107.44999999999982,7
7470-MCQTK,13,48.74999999999997,3
7488-MXJIV,4,85.64999999999995,3
7401-JIXNM,54,91.29999999999994,8
9339-FIIJL,72,85.94999999999995,7
2027-FECZV,12,106.69999999999987,6
2672-DZUOY,1,25.15000000000014,0
4706-DGAHW,1,45.19999999999996,1
3870-MQAMG,54,110.34999999999997,7
6670-MFRPK,69,79.19999999999995,3
6177-PEVRA,48,55.49999999999997,3
4800-CZMPC,48,103.24999999999994,6
4813-HQMGZ,8,90.24999999999993,4
7579-KKLOE,71,91.24999999999994,8
7377-DMMRI,2,47.79999999999998,2
8402-EIVQS,67,100.89999999999989,5
4947-DSMXK,34,97.69999999999993,5
7245-NIIWQ,3,69.84999999999995,1
0002-ORFBO,9,65.59999999999995,4
3324-OIRTO,71,104.64999999999989,6
5414-OFQCB,57,90.44999999999995,4
4967-WPNCF,72,63.69999999999996,6
8552-OBVRU,48,104.49999999999986,6
8499-BRXTD,18,20.1000000000001,1
9154-QDGTH,43,104.29999999999998,6
8197-BFWVU,72,93.24999999999994,8
2577-GVSIL,35,73.44999999999995,5
9367-OIUXP,4,20.699999999999996,1
6770-UAYGJ,49,25.25000000000007,2
6463-HHXJR,71,100.49999999999986,6
7928-VJYAB,11,90.59999999999994,3
1187-WILMM,63,89.39999999999993,8
9776-OJUZI,65,95.4499999999998,5
1306-RPWXZ,49,20.450000000000017,1
8949-JTMAY,29,98.59999999999994,5
2774-LVQUS,15,83.04999999999993,4
3097-PYWXL,4,19.950000000000053,1
2266-SJNAT,72,109.14999999999986,7
0869-PAPRP,26,85.69999999999993,3
4238-JSSWH,35,102.04999999999986,5
2972-YDYUW,57,94.69999999999993,5
1104-FEJAM,28,64.39999999999996,4
2809-ILCYT,25,26.800000000000082,2
5499-ECUTN,47,66.04999999999995,4
4981-FLTMF,57,65.19999999999996,5
9121-PHQSR,16,85.04999999999993,3
3113-IWHLC,5,55.799999999999955,3
3211-ILJTT,17,70.39999999999998,1
4612-THJBS,56,104.74999999999983,6
4277-BWBML,72,19.950000000000053,1
4094-NSEDU,21,94.24999999999993,4
0234-TEVTT,48,44.99999999999998,3
4304-TSPVK,68,114.90000000000003,8
1552-AAGRX,30,106.40000000000006,6
2637-FKFSY,3,46.09999999999999,1
9796-MVYXX,14,39.69999999999998,3
7874-ECPQJ,4,20.049999999999983,1
0020-INWCK,71,95.7499999999999,5
7089-RKVSZ,8,24.3999999999999,2
2683-JXWQQ,61,33.59999999999999,2
9548-ZMVTX,72,90.44999999999995,5
8739-XNIKG,5,83.99999999999994,3
9755-JHNMN,49,67.39999999999996,5
3981-QSVQI,8,19.700000000000074,1
2789-HQBOU,3,80.34999999999995,2
9424-CMPOG,9,19.599999999999838,1
5067-WJEUN,67,54.19999999999998,3
3450-WXOAT,46,45.19999999999996,1
9251-WNSOD,67,75.09999999999995,6
6974-DAFLI,55,19.700000000000074,1
2616-UUTFK,33,72.74999999999994,6
7064-JHXCE,62,20.049999999999983,1
5103-MHMHY,1,45.94999999999997,1
7989-AWGEH,49,39.19999999999999,2
4373-VVHQL,1,44.74999999999997,1
4559-UWIHT,14,82.64999999999995,4
7268-IGMFD,18,93.89999999999992,5
1846-XWOQN,1,70.14999999999996,1
0235-KGSLC,1,85.54999999999995,3
6650-BWFRT,72,117.14999999999986,8
9570-KYEUA,64,99.24999999999994,6
6993-YGFJV,69,112.54999999999997,8
2712-SYWAY,1,25.699999999999918,2
0730-BGQGF,71,90.29999999999993,8
5498-IBWPI,66,49.39999999999998,2
9101-NTIXF,2,19.39999999999997,1
0013-SMEOE,71,109.69999999999995,7
9314-QDMDW,11,61.249999999999964,3
9308-ANMVE,47,55.299999999999955,3
2884-GBPFB,35,70.29999999999995,1
3757-NJYBX,32,106.34999999999995,6
3413-DHLPB,60,103.74999999999991,6
7649-PHJVR,11,19.499999999999908,1
6114-TCFID,29,39.49999999999997,3
3787-TRIAL,21,26.049999999999834,0
2573-GYRUU,48,91.04999999999993,4
5156-UMKOW,3,29.650000000000105,1
1247-QBVSH,43,50.19999999999998,2
6734-GMPVK,5,105.29999999999991,6
9822-OAOVB,1,55.449999999999974,2
6161-ERDGD,71,85.44999999999996,7
1226-JZNKR,8,19.800000000000004,1
7318-EIVKO,8,59.249999999999964,3
3771-PZOBW,20,90.69999999999993,4
5136-KCKGI,33,103.69999999999979,6
8231-BSWXX,71,79.04999999999995,3
6486-LHTMA,31,90.69999999999993,4
4083-BFNYK,38,94.99999999999996,5
3722-WPXTK,1,88.34999999999992,3
7389-KBFIT,2,30.25,1
7176-WIONM,12,49.84999999999998,3
5141-ZUVBH,9,92.99999999999993,5
1089-HDMKP,11,54.549999999999955,3
7623-HKYRK,6,19.700000000000074,1
0310-SUCIN,71,84.79999999999994,7
5197-PYEPU,42,94.44999999999995,5
2929-ERCFZ,8,94.19999999999993,4
7548-SEPYI,5,96.24999999999987,4
8835-VSDSE,2,70.69999999999995,1
6619-RPLQZ,45,20.850000000000044,1
3275-RHRNE,28,59.999999999999964,5
3503-TYDAY,43,80.44999999999993,3
6901-GOGZG,60,84.94999999999993,7
1623-NLDOT,42,33.54999999999987,2
7021-XSNYE,7,49.64999999999996,4
9621-OUPYD,25,20.20000000000003,1
9898-KZQDZ,40,94.54999999999994,4
8982-NHAVY,27,100.49999999999986,5
4307-KWMXE,10,35.74999999999998,2
0141-YEAYS,27,86.44999999999995,4
2450-ZKEED,11,53.799999999999955,3
3694-DELSO,4,38.54999999999998,2
3893-JRNFS,68,39.89999999999996,2
9603-OAIHC,1,70.04999999999994,1
1133-KXCGE,18,20.1000000000001,1
5236-PERKL,57,112.95,7
0142-GVYSN,26,20.29999999999997,1
1049-FYSYG,17,35.649999999999984,2
7854-FOKSF,1,35.89999999999996,1
2519-FAKOD,38,99.24999999999994,5
8406-LNMHF,59,82.94999999999993,4
1821-BUCWY,30,55.64999999999996,3
8263-JQAIK,2,24.45000000000001,0
0023-UYUPN,50,25.199999999999953,2
8314-DPQHL,9,50.79999999999997,4
1465-WCZVT,3,19.649999999999956,1
9481-SFCQY,14,59.799999999999955,3
6360-SVNWV,31,73.54999999999994,2
0567-GGCAC,7,61.399999999999956,4
7089-IVVAZ,8,103.34999999999988,6
8884-MRNSU,17,19.899999999999935,1
2171-UDMFD,32,19.450000000000088,1
9050-IKDZA,2,81.49999999999996,2
2205-YMZZJ,7,84.79999999999994,3
9802-CAQUT,72,109.5499999999999,7
1254-IZEYF,31,99.94999999999978,5
0187-WZNAB,27,74.39999999999998,2
9492-TOKRI,18,89.99999999999994,4
1475-VWVDO,7,74.89999999999996,2
9221-OTIVJ,14,104.85000000000007,6
1357-MVDOZ,11,59.64999999999996,3
7602-MVRMB,72,110.44999999999989,7
3325-FUYCG,28,106.09999999999997,6
5908-QMGOE,15,74.19999999999996,2
1197-BVMVG,4,74.44999999999996,2
5406-KGRMX,71,24.549999999999947,2
8481-YYXWG,5,89.34999999999994,4
5968-HYJRZ,47,24.549999999999947,2
5198-EFNBM,57,90.64999999999992,4
7516-GMHUV,50,105.04999999999993,6
7140-ADSMJ,8,20.450000000000017,1
2230-XTUWL,48,19.550000000000026,1
7706-YLMQA,70,19.700000000000074,1
2585-KTFRE,1,70.44999999999996,5
7994-UYIVZ,8,85.64999999999995,3
2609-IAICY,1,77.14999999999995,2
1740-CSDJP,1,35.249999999999986,1
7717-BICXI,60,20.549999999999947,1
6559-RAKOZ,49,97.94999999999992,5
2636-OHFMN,4,48.549999999999955,3
4716-MRVEN,29,19.999999999999865,1
2143-LJULT,67,25.25000000000007,2
1323-OOEPC,53,98.40000000000006,5
3200-MNQTF,67,70.89999999999996,6
6164-HXUGH,6,19.850000000000122,1
5630-IXDXV,47,106.34999999999995,6
0320-DWVTU,53,99.49999999999993,6
9135-MGVPY,69,84.69999999999995,7
1212-GLHMD,3,86.04999999999994,3
7878-JGDKK,4,44.54999999999998,1
1088-AUUZZ,56,75.84999999999995,6
0397-GZBBC,59,93.84999999999994,4
6614-YWYSC,61,25.000000000000092,2
9588-OZDMQ,2,44.99999999999998,1
7641-EUYET,46,100.70000000000002,6
6476-EPYZR,12,20.500000000000128,1
9921-ZVRHG,14,80.44999999999993,3
1174-FGIFN,28,90.44999999999995,4
6620-HVDUJ,24,60.44999999999996,4
4701-MLJPN,31,55.249999999999964,3
1032-MAELW,68,78.44999999999993,7
7641-TQFHN,39,100.54999999999997,5
1552-TKMXS,42,20.35000000000008,1
9206-GVPEQ,13,54.44999999999996,4
8622-ZLFKO,6,90.74999999999994,4
1596-BBVTG,35,75.34999999999994,2
6188-UXBBR,38,20.24999999999985,1
2333-KWEWW,18,20.049999999999983,1
5702-SKUOB,4,19.599999999999838,1
1134-YWTYF,27,53.799999999999955,3
6061-GWWAV,41,70.19999999999996,5
0679-TDGAK,50,75.49999999999994,5
6585-WCEWR,72,20.35000000000008,1
9067-YGSCA,70,26.049999999999834,2
9067-SQTNS,44,20.600000000000065,1
8433-WXGNA,2,75.69999999999993,2
1776-SPBWV,34,20.1000000000001,1
8735-SDUFN,72,24.29999999999996,2
9668-PUGNU,71,24.500000000000128,2
9405-GPBBG,64,110.5,7
1926-QUZNN,72,25.25000000000007,2
3707-GNWHM,1,74.24999999999996,2
7016-NVRIC,29,90.09999999999994,4
5829-NVSQN,23,68.74999999999994,5
9565-AXSMR,52,19.20000000000011,1
8922-LIEGH,25,89.69999999999993,4
8869-LIHMK,64,115.0999999999999,8
8245-UMPYT,16,96.39999999999992,4
5186-SAMNZ,1,69.49999999999994,1
0447-RXSGD,24,99.64999999999998,5
4927-WWOOZ,2,91.44999999999993,4
5788-YPOEG,34,84.74999999999994,7
5373-SFODM,36,85.24999999999994,3
0661-KBKPA,53,78.74999999999994,6
9081-WWXKP,47,20.24999999999985,1
0784-ZQJZX,72,19.899999999999935,1
3133-PZNSR,72,97.75000000000006,6
5766-ZJYBB,1,19.39999999999997,1
8931-GJJIQ,9,83.29999999999994,3
4277-PVRAN,8,80.09999999999994,2
0022-TCJCI,45,62.69999999999996,4
0722-SVSFK,7,100.39999999999992,5
3612-YVGSJ,71,24.45000000000001,2
9825-YCXWZ,41,101.10000000000005,5
5397-NSKQG,67,50.899999999999956,3
8565-HBFNN,69,107.19999999999982,7
2000-DHJUY,70,92.19999999999993,8
0203-HHYIJ,25,25.29999999999989,2
8670-ERCJH,72,113.39999999999984,8
7758-UJWYS,34,40.54999999999998,2
2050-ONYDQ,65,26.00000000000002,2
7055-JCGNI,70,111.95000000000007,8
0739-UUAJR,72,53.799999999999955,4
4826-DXMUP,35,72.09999999999994,4
0952-KMEEH,13,98.15000000000009,5
7285-KLOTR,12,78.84999999999994,6
0654-PQKDW,62,70.74999999999994,5
7175-NTIXE,25,76.14999999999996,5
7963-SHNDT,52,39.099999999999966,3
9796-BPKIW,8,69.94999999999995,1
0188-GWFLE,2,20.049999999999983,1
8129-GMVGI,56,20.049999999999983,1
2882-DDZPG,12,19.450000000000088,1
3547-LQRIK,47,26.900000000000013,2
9137-NOQKA,2,19.20000000000011,1
5843-TTHGI,18,49.999999999999964,2
1849-RJYIG,8,59.999999999999964,3
8868-GAGIO,45,84.54999999999993,4
4061-UKJWL,3,45.449999999999974,1
5380-XPJNZ,38,20.049999999999983,1
8263-QMNTJ,72,115.55000000000004,8
8178-EYZUO,46,93.69999999999993,5
3230-JCNZS,71,98.99999999999996,6
0277-ORXQS,66,50.549999999999955,3
5130-IEKQT,25,105.94999999999993,6
3230-WYKIR,18,81.99999999999994,6
7996-BPXHY,13,25.000000000000092,2
3227-WLKLI,65,91.54999999999993,8
0407-BDJKB,60,95.7499999999999,5
2266-FUBDZ,15,19.34999999999986,1
8237-ULIXL,72,24.850000000000044,2
9600-UDOPK,30,94.04999999999994,4
8216-AZUUZ,42,100.39999999999992,5
9153-BTBVV,71,25.000000000000092,2
4074-SJFFA,1,54.74999999999997,2
3269-ATYWD,39,95.64999999999998,4
5186-PEIZU,35,19.249999999999922,1
1074-AMIOH,53,108.24999999999987,6
4910-GMJOT,1,94.59999999999994,4
0354-WYROK,31,98.90000000000003,5
4361-FEBGN,48,20.149999999999913,1
7748-UMTRK,30,101.29999999999991,5
0380-ZCSBI,10,19.999999999999865,1
7145-FEJWU,12,105.29999999999991,6
6463-MVYRY,57,69.84999999999995,5
3969-JQABI,58,65.24999999999996,4
9624-EGDEQ,37,19.800000000000004,1
1051-EQPZR,44,19.599999999999838,1
5849-ASHZJ,27,20.049999999999983,1
5780-INQIK,8,49.39999999999998,2
7576-OYWBN,3,76.04999999999994,2
4526-ZJJTM,25,88.39999999999995,4
8384-FZBJK,57,100.5999999999998,5
3750-RNQKR,12,19.450000000000088,1
0962-CQPWQ,62,20.29999999999997,1
3096-YXENJ,65,107.64999999999998,7
1265-BCFEO,71,80.44999999999993,6
5837-LXSDN,21,58.849999999999966,3
5945-AZYHT,71,109.60000000000002,7
8325-QRPZR,7,75.14999999999995,2
6384-VMJHP,72,72.99999999999996,6
2262-SLNVK,1,70.09999999999994,1
7730-CLDSV,72,98.65000000000005,6
1135-HIORI,64,111.44999999999982,7
0164-APGRB,72,114.90000000000003,8
6481-ESCNL,29,100.54999999999997,5
1790-NESIO,13,20.3999999999999,1
1550-EENBN,31,104.3499999999998,6
5539-TMZLF,1,69.74999999999996,1
4323-SADQS,7,34.499999999999986,2
4446-BZKHU,61,105.5499999999999,6
5202-IVJNU,39,30.09999999999995,1
5976-JCJRH,10,70.29999999999995,1
8198-RKSZG,14,80.44999999999993,6
0137-OCGAB,1,80.19999999999996,3
3351-NQLDI,67,94.34999999999992,5
9297-EONCV,72,91.34999999999994,8
7593-JNWRU,6,44.59999999999998,1
4588-YBNIB,1,19.599999999999838,1
1069-QJOEE,25,19.899999999999935,1
3336-JORSO,33,110.44999999999989,7
7799-DSEWS,18,68.34999999999994,5
8766-PAFNE,71,79.09999999999995,6
5315-CKEQK,28,50.99999999999998,2
3130-ICDUP,2,80.54999999999993,3
0820-FNRNX,17,66.69999999999996,5
0880-FVFWF,56,86.39999999999995,4
4611-ANLQC,60,50.04999999999996,4
4213-HKBJO,33,25.699999999999918,2
2792-LSHWX,1,83.39999999999996,4
5028-GZLDO,2,70.69999999999995,1
0014-BMAQU,63,84.64999999999995,4
6861-XWTWQ,7,99.24999999999994,5
9018-PCIOK,55,64.74999999999996,4
4837-QUSFT,65,100.14999999999995,6
6877-TJMBR,1,84.79999999999994,3
9953-ZMKSM,63,25.25000000000007,2
0907-HQNTS,70,112.99999999999982,8
7665-NKLAV,36,40.64999999999998,3
6769-DCQLI,52,104.99999999999982,6
2433-KMEAS,22,54.44999999999996,3
4391-LNRXK,22,94.94999999999985,5
8250-ZNGGW,5,59.89999999999994,4
2195-ZRVAX,47,85.29999999999994,3
3550-SAHFP,33,83.34999999999994,3
2011-TRQYE,18,33.50000000000006,2
8562-GHPPI,1,19.800000000000004,1
5893-PYOLZ,56,81.79999999999993,6
4986-MXSFP,2,19.999999999999865,1
6131-FOYAS,35,59.599999999999966,4
3027-YNWZU,64,25.000000000000092,2
5609-IMCGG,15,84.34999999999995,4
4873-ILOLJ,24,90.34999999999992,3
4727-MCYZG,1,55.54999999999997,2
9481-WHGWY,70,75.34999999999994,5
2725-KXXWT,1,90.74999999999994,3
9565-DJPIB,4,89.59999999999991,4
4328-VUFWD,39,59.29999999999996,3
3301-LSLWQ,29,66.09999999999995,4
7473-ZBDSN,14,18.800000000000082,1
3166-PNEOF,61,86.44999999999995,7
5639-NTUPK,13,52.09999999999996,2
8780-YRMTT,66,47.39999999999998,4
8348-HFYIV,2,49.249999999999964,3
5140-FOMCQ,59,109.14999999999986,7
6242-SGYTS,62,94.94999999999985,5
8166-ORCHU,33,93.54999999999993,5
8414-OOEEL,66,79.49999999999994,6
8454-AATJP,72,115.04999999999978,8
6849-WLEYG,1,19.749999999999886,1
4659-NZRUF,19,95.15,5
4531-AUZNK,51,95.15,5
4191-XOVOM,63,105.39999999999984,6
2150-OEGBV,27,20.1000000000001,1
8429-XIBUM,22,101.35000000000002,5
1855-CFULU,4,20.049999999999983,1
4878-BUNFV,42,20.699999999999996,1
1872-EBWSC,29,20.35000000000008,1
2608-BHKFN,4,70.04999999999994,1
7026-YMSBE,30,19.700000000000074,1
7341-LXCAF,4,74.64999999999995,2
6997-UVGOX,71,85.44999999999996,7
9674-EHPPG,46,40.39999999999996,3
9462-MJUAW,4,50.39999999999996,2
8128-YVJRG,7,79.64999999999993,3
5440-VHLUL,69,105.19999999999999,6
5781-BKHOP,72,100.64999999999989,6
4283-FUTGF,19,79.84999999999995,3
5213-TWWJU,28,90.99999999999993,4
1569-TTNYJ,5,78.74999999999994,3
8628-MFKAX,72,116.74999999999983,8
2397-BRLOM,8,80.44999999999993,2
7629-WIXZF,7,59.09999999999997,3
5445-GLVOT,22,49.79999999999998,2
3976-HXHCE,72,19.30000000000004,1
2466-NEJOJ,8,19.649999999999956,1
0254-KCJGT,52,81.39999999999996,7
5472-CVMDX,68,38.899999999999984,3
6461-SZMCV,71,87.94999999999995,8
8150-QUDFX,2,19.850000000000122,1
9508-ILZDG,34,96.3499999999998,5
2346-DJQTB,35,24.149999999999913,0
1697-LYYYX,61,19.099999999999874,1
1942-OQFRW,1,43.99999999999996,1
4749-VFKVB,1,50.09999999999999,2
9640-ZSLDC,53,60.59999999999995,3
4231-LZUYM,72,25.650000000000098,2
7598-UAASY,2,76.39999999999995,2
7938-OUHIO,3,98.69999999999986,5
8510-AWCXC,13,100.79999999999995,5
6128-AQBMT,41,53.949999999999974,4
3594-BDSOA,24,20.3999999999999,1
0431-APWVY,28,90.09999999999994,3
5133-VRSAB,8,29.35000000000001,1
5996-DAOQL,1,20.450000000000017,1
6838-YAUVY,54,95.0999999999999,5
0484-JPBRU,41,25.25000000000007,2
7883-ROJOC,19,44.89999999999999,1
0244-LGNFY,72,92.64999999999992,8
7274-CGTOD,62,43.69999999999999,4
4295-YURET,56,72.59999999999995,5
3426-NIYYL,15,51.54999999999997,2
8225-BTJAU,10,79.24999999999994,2
4635-EJYPD,32,18.95000000000013,1
1866-ZSLJM,21,20.500000000000128,1
4636-TVXVG,62,19.950000000000053,1
4236-UJPWO,2,24.500000000000128,0
9392-XBGTD,27,20.600000000000065,1
3387-VATUS,5,94.84999999999991,4
6402-SSEJG,25,61.04999999999995,5
1143-NMNQJ,2,85.69999999999993,3
1169-SAOCL,49,106.65000000000005,6
1110-KYLGQ,63,108.24999999999987,7
9929-PLVPA,4,20.3999999999999,1
3518-PZXZQ,1,55.299999999999955,2
2371-JUNGC,11,20.24999999999985,1
7693-QPEFS,52,72.94999999999996,2
0924-BJCRC,60,89.44999999999993,4
5074-FBGHB,64,104.64999999999989,6
2351-BKRZW,43,75.19999999999995,5
4455-BFSPD,61,101.14999999999986,5
0415-MOSGF,1,44.39999999999996,1
1724-BQUHA,5,89.49999999999993,3
3948-KXDUF,66,68.74999999999994,6
2323-ARSVR,67,111.04999999999978,7
0815-MFZGM,42,98.99999999999996,5
4826-XTSOH,1,86.04999999999994,3
5480-XTFFL,31,21.000000000000092,1
8295-FHIVV,7,19.39999999999997,1
2495-INZWQ,4,44.54999999999998,2
9086-YJYXS,34,77.19999999999995,5
1179-INLAT,3,19.450000000000088,1
7909-FIOIY,19,24.850000000000044,0
4139-SUGLD,31,35.39999999999998,2
6857-VWJDT,1,95.64999999999998,4
6351-SCJKT,3,41.34999999999998,3
5468-BPMMO,46,19.599999999999838,1
5624-BQSSA,1,20.949999999999974,1
0197-PNKNK,69,84.44999999999993,4
2439-QKJUL,5,20.24999999999985,1
1194-SPVSP,1,19.649999999999956,1
9534-NSXEM,26,20.649999999999878,1
2408-WITXK,10,34.7,1
8929-KSWIH,25,99.30000000000007,5
2250-IVBWA,64,81.04999999999995,3
1810-MVMAI,30,67.59999999999995,6
9506-UXUSK,13,70.14999999999996,1
1229-RCALF,64,114.99999999999997,8
3572-UOLYZ,46,84.79999999999994,4
1429-UYJSV,12,19.700000000000074,1
5577-OTWWW,15,19.749999999999886,1
6100-QQHEB,17,92.54999999999993,4
6366-XIVKZ,13,63.149999999999956,4
3470-OBUET,67,73.99999999999994,6
2770-NSVDG,24,29.10000000000003,1
9375-MHRRS,6,50.04999999999996,2
2634-HCZGT,53,60.04999999999996,4
7503-QQRVF,16,74.29999999999995,2
4860-YZGZM,10,19.999999999999865,1
6599-GZWCM,13,74.64999999999995,2
2691-NZETQ,9,85.34999999999994,3
4404-HIBDJ,25,74.29999999999995,6
5533-NHFRF,7,44.39999999999996,3
7037-MTYVW,38,85.39999999999996,7
4760-THGOT,43,94.09999999999994,5
7295-JOMMD,4,98.09999999999997,5
4016-BJKTZ,25,108.89999999999989,7
6584-VQMYT,27,56.19999999999998,3
9838-BFCQT,72,26.09999999999995,2
2790-XUYMV,71,85.44999999999996,4
0581-MDMPW,24,88.94999999999993,4
5013-SBUIH,50,109.64999999999984,7
1023-BQXZE,57,74.34999999999995,5
9163-GHAYE,15,48.849999999999966,2
3904-UKFRE,4,80.09999999999994,3
5353-WILCI,28,56.04999999999996,3
0709-TVGUR,9,74.54999999999995,2
0058-EVZWM,55,89.79999999999993,4
6023-YEBUP,3,100.95,5
7209-JCUDS,10,94.90000000000003,4
7009-PCARS,55,19.099999999999874,1
0519-DRGTI,20,20.35000000000008,1
1017-FBQMM,62,106.04999999999986,6
3001-CBHLQ,32,104.89999999999988,6
1985-MBRYP,43,19.649999999999956,1
6158-DWPZT,9,24.1000000000001,0
9372-TXXPS,60,59.84999999999995,4
3259-QMXUN,58,86.09999999999994,7
1015-JPFYW,7,19.450000000000088,1
6645-MXQJT,2,97.10000000000005,4
4360-QRAVE,37,36.64999999999998,2
8433-WPJTV,65,103.89999999999995,6
5804-JMYIO,39,19.749999999999886,1
3763-GCZHZ,66,104.05000000000001,6
6484-LATFU,68,24.549999999999947,2
7599-NTMDP,62,48.699999999999974,4
0772-GYEQQ,3,88.34999999999992,4
0536-ACXIP,72,109.5499999999999,7
0936-NQLJU,41,20.649999999999878,1
4831-EOBFE,29,94.64999999999992,4
1575-KRZZE,4,55.19999999999997,3
3251-YMVWZ,53,24.049999999999983,2
4102-OQUPX,1,74.39999999999998,2
9170-GYZJC,41,79.89999999999995,7
4884-LEVMQ,39,20.450000000000017,1
8857-CUPFQ,63,19.249999999999922,1
7610-TVOPG,15,26.349999999999937,2
3638-DIMPH,13,43.799999999999976,1
1845-ZLLIG,1,50.149999999999984,2
8559-WNQZS,1,20.450000000000017,1
3999-QGRJH,8,69.69999999999996,1
1699-UOTXU,60,61.399999999999956,4
2454-RPBRZ,12,98.09999999999997,5
0635-WKOLD,40,70.74999999999994,5
5993-JSUWV,66,61.14999999999997,4
4518-FZBSX,42,20.24999999999985,1
5387-ASZNZ,66,63.84999999999996,5
6988-CJEYV,49,98.69999999999986,5
2002-MZHWP,1,20.500000000000128,1
3097-FQTVJ,41,19.999999999999865,1
5465-BUBFA,41,19.30000000000004,1
7299-GNVPL,23,84.39999999999995,4
9743-DQKQW,3,25.100000000000023,0
1215-VFYVK,4,48.24999999999997,4
9371-BITHB,52,19.850000000000122,1
2265-CYWIV,4,99.59999999999985,5
9093-FPDLG,11,94.19999999999993,5
0541-FITGH,2,62.149999999999956,3
6985-HAYWX,26,79.29999999999994,3
7508-KBIMB,24,56.24999999999998,3
6838-HVLXG,12,20.29999999999997,1
2277-DJJDL,60,98.99999999999996,5
1897-OKVMW,64,90.59999999999994,8
5485-ITNPC,66,85.89999999999995,7
0233-FTHAV,60,79.19999999999995,3
4644-PIZRT,17,70.34999999999994,5
8922-NPKBJ,42,19.34999999999986,1
2740-TVLFN,1,50.149999999999984,2
7771-CFQRQ,47,63.799999999999955,4
9512-PHSMG,10,20.549999999999947,1
6963-EZQEE,70,88.54999999999993,8
2452-KDRRH,67,101.39999999999984,5
2004-OCQXK,1,81.94999999999995,2
5027-QPKTE,7,69.34999999999997,1
4146-SVFUD,1,44.59999999999998,1
1564-HJUVY,4,63.74999999999996,4
3617-XLSGQ,66,109.2499999999998,7
7517-LDMPS,12,84.59999999999992,3
7244-KXYZN,24,20.450000000000017,1
5226-NOZFC,26,85.74999999999994,3
2672-HUYVI,6,91.09999999999992,3
1400-WIVLL,57,107.94999999999978,6
7508-MYBOG,14,86.09999999999994,3
8148-NLEGT,42,22.950000000000124,2
0148-DCDOS,25,94.69999999999993,4
8347-GDTMP,64,19.450000000000088,1
9992-RRAMN,22,85.09999999999992,3
6746-WAUWT,19,19.700000000000074,1
0310-MVLET,61,99.15,5
0428-IKYCP,22,86.99999999999993,3
4550-VBOFE,70,102.94999999999985,6
2187-PKZAY,12,79.94999999999995,2
4003-OCTMP,31,63.99999999999996,4
6652-YFFJO,11,64.89999999999996,3
7225-IILWY,68,25.750000000000036,2
5248-RPYWW,72,90.14999999999993,8
7923-IYJWY,67,116.09999999999982,8
3170-GWYKC,60,104.94999999999999,6
5696-QURRL,1,45.049999999999976,1
7409-KIUTL,1,70.99999999999996,1
9830-ECLEN,58,49.999999999999964,4
1732-VHUBQ,47,70.54999999999995,1
0495-RVCBF,1,79.69999999999993,2
2668-TZSPS,1,20.450000000000017,1
7854-EDSSA,22,58.99999999999995,4
8869-TORSS,48,60.34999999999997,4
7446-SFAOA,37,19.850000000000122,1
9522-ZSINC,13,19.950000000000053,1
8234-GSZYK,43,26.449999999999868,2
6505-OZNPG,6,63.399999999999956,6
6164-HAQTX,71,53.949999999999974,5
0679-IDSTG,1,69.24999999999997,1
7765-LWVVH,72,95.0999999999999,5
1658-TJVOA,6,74.09999999999994,2
0953-LGOVU,12,35.49999999999997,2
2115-BFTIW,25,70.94999999999996,1
4692-NNQRU,21,79.19999999999995,3
7742-MYPGI,6,48.79999999999997,2
0611-DFXKO,20,88.99999999999993,3
7780-OTDSO,18,99.39999999999999,5
9619-GSATL,43,55.449999999999974,3
5622-UEJFI,35,25.40000000000012,2
9747-DDZOS,1,73.49999999999994,2
0674-DGMAQ,32,93.49999999999993,5
6203-HBZPA,52,63.899999999999956,6
0484-FFVBJ,32,64.84999999999995,3
0301-FIDRB,72,63.799999999999955,6
4139-JPIAM,51,44.44999999999999,3
2181-TIDSV,68,19.950000000000053,1
2761-XECQW,8,43.34999999999998,3
1936-CZAKF,49,49.64999999999996,3
9453-PATOS,72,85.09999999999992,7
0564-JJHGS,9,95.49999999999993,4
3348-CFRNX,28,92.34999999999992,4
4402-FTBXC,54,89.79999999999993,4
1428-GTBJJ,11,74.54999999999995,2
2931-XIQBR,50,103.04999999999978,5
0106-UGRDO,69,115.99999999999989,8
5542-TBBWB,1,69.89999999999995,1
1930-QPBVZ,68,95.0999999999999,5
2606-PKWJB,40,40.24999999999997,3
5322-ZSMZY,31,25.750000000000036,2
8059-UDZFY,33,105.35000000000002,6
7740-BTPUX,55,113.60000000000001,7
5220-AGAAX,68,23.999999999999865,2
0208-BPQEJ,12,19.39999999999997,1
9435-JMLSX,71,86.09999999999994,7
3352-ALMCK,40,102.65000000000005,6
5312-IRCFR,64,92.84999999999994,5
5294-IMHHT,53,97.75000000000006,5
8802-UNOJF,12,83.79999999999993,4
6313-GIDIT,53,54.44999999999996,4
6176-YJWAS,72,97.94999999999992,6
5310-NOOVA,46,19.950000000000053,1
4526-EXKKN,40,24.60000000000006,2
5311-IHLEI,12,50.94999999999998,4
3987-KQDDU,9,75.59999999999994,2
3404-JNXAX,51,80.74999999999994,3
5131-PONJI,49,90.39999999999995,4
2845-AFFTX,41,99.80000000000003,5
3489-VSFRD,56,60.24999999999995,4
3345-JHUEO,4,20.20000000000003,1
5815-HGGHV,20,64.14999999999996,4
5260-UMPWX,26,20.24999999999985,1
2249-YPRNG,20,105.85,6
7410-YTJIK,7,75.44999999999996,2
4626-GYCZP,7,93.84999999999994,4
5649-RXQTV,51,98.99999999999996,5
2674-MIAHT,4,80.29999999999995,3
2576-HXMPA,1,19.550000000000026,1
7587-AOVVU,27,100.74999999999983,6
5590-BYNII,22,100.74999999999983,5
6898-MDLZW,12,53.74999999999996,3
3237-AJGEH,3,30.999999999999943,1
4707-YNOQA,34,25.599999999999987,2
9357-UJRUN,24,58.34999999999997,4
1591-NFNLQ,51,79.99999999999994,3
8648-PFRMP,14,46.349999999999966,2
7663-CUXZB,59,113.75000000000006,8
0258-NOKBL,3,90.39999999999995,4
1163-VIPRI,65,109.29999999999991,7
2815-CPTUL,5,70.24999999999996,1
9348-ROUAI,59,90.29999999999993,8
9443-JUBUO,72,65.24999999999996,6
0596-BQCEQ,62,100.14999999999995,5
1481-ZUWZA,28,94.49999999999994,5
3043-TYBNO,3,60.64999999999995,3
4830-FAXFM,19,24.1000000000001,2
5906-BFOZT,1,19.499999999999908,1
2960-NKRSO,24,85.94999999999995,4
8996-ZROXE,57,53.49999999999997,3
5598-IKHQQ,72,25.44999999999994,2
0397-ZXWQF,67,20.500000000000128,1
5266-PFRQK,52,20.850000000000044,1
4674-HGNUA,71,89.89999999999995,8
6765-MBQNU,26,26.00000000000002,2
9786-IJYDL,35,113.19999999999999,8
1303-SRDOK,55,69.04999999999995,1
3769-MHZNV,33,20.1000000000001,1
6295-OSINB,72,109.64999999999984,7
3308-MHOOC,1,19.20000000000011,1
2309-OSFEU,10,33.900000000000084,1
2207-QPJED,37,89.99999999999994,4
4177-JPDFU,12,34.000000000000014,2
2239-CFOUJ,1,20.3999999999999,1
8046-DNVTL,62,38.59999999999998,3
2209-XADXF,1,25.25000000000007,0
6620-JDYNW,18,60.59999999999995,4
1891-FZYSA,69,89.94999999999995,4
4770-UEZOX,2,74.74999999999994,2
1038-RQOST,19,20.600000000000065,1
7613-LLQFO,12,84.44999999999993,3
4568-TTZRT,9,20.3999999999999,1
9513-DXHDA,27,81.69999999999993,6
2640-PMGFL,27,79.49999999999994,3
3801-HMYNL,1,89.14999999999995,3
0516-QREYC,24,20.29999999999997,1
9685-WKZGT,14,74.94999999999996,2
6022-UGGSO,32,74.39999999999998,2
8084-OIVBS,11,19.999999999999865,1
8896-BQTTI,1,25.000000000000092,2
3865-QBWSJ,38,80.44999999999993,3
3352-RICWQ,9,19.749999999999886,1
2160-GPFXD,54,65.64999999999996,5
2065-MMKGR,29,70.99999999999996,4
5857-TYBCJ,44,89.19999999999995,4
1498-NHTLT,59,86.74999999999994,7
4484-CGXFK,3,55.299999999999955,2
1402-PTHGN,18,61.49999999999998,4
4176-RELJR,67,25.100000000000023,2
6214-EDAKZ,22,55.14999999999997,3
5199-FPUSP,33,34.05000000000014,2
6377-KSLXC,5,19.950000000000053,1
1796-JANOW,2,19.950000000000053,1
0238-WHBIQ,72,89.69999999999993,8
8735-NBLWT,9,20.3999999999999,1
6651-RLGGM,67,26.300000000000118,2
6127-ISGTU,16,84.94999999999993,3
1614-JBEBI,8,20.699999999999996,1
8740-XLHDR,5,43.249999999999986,4
1208-DNHLN,23,48.349999999999966,2
1761-AEZZR,1,79.54999999999994,2
3923-CSIHK,50,71.04999999999995,1
5696-EXCYS,17,19.450000000000088,1
5795-KTGUD,68,110.79999999999981,7
7120-RFMVS,1,84.49999999999994,3
7924-GJZFI,25,69.29999999999997,1
4702-HDRKD,67,49.34999999999998,4
8512-WIWYV,32,20.35000000000008,1
5897-ZYEKH,67,105.60000000000001,6
5456-ITGIC,72,64.44999999999996,6
7317-GGVPB,71,108.5999999999998,7
1406-PUQVY,1,49.89999999999997,2
1322-AGOQM,46,30.300000000000118,1
3677-IYRBF,2,30.40000000000005,1
5692-FPTAH,1,45.39999999999998,1
9114-AAFQH,48,65.64999999999996,4
8715-KKTFG,61,103.29999999999976,6
1550-LOAHA,32,84.14999999999996,3
1728-BQDMA,2,44.44999999999999,1
0268-QKIWO,3,19.749999999999886,1
0876-WDUUZ,5,85.39999999999996,3
5117-ZSMHQ,71,89.89999999999995,8
5151-HQRDG,37,55.04999999999995,3
0960-HUWBM,65,104.09999999999982,6
6465-GSRCL,67,106.59999999999994,6
0617-FHSGK,49,75.19999999999995,2
0263-FJTQO,50,70.49999999999996,5
7319-ZNRTR,25,19.599999999999838,1
2858-MOFSQ,17,55.84999999999998,3
7503-EPSZW,64,24.049999999999983,2
7089-XXAYG,25,38.09999999999998,2
8118-LSUEL,23,106.40000000000006,6
8070-AAWZP,24,34.25,2
1666-JXLKU,37,100.05000000000001,5
7855-DIWPO,21,68.64999999999995,1
5133-POWUA,1,45.79999999999998,1
5652-MSDEY,10,75.74999999999996,2
7005-CCBKV,6,84.39999999999995,3
1810-BOHSY,51,96.39999999999992,5
1784-BXEFA,10,20.549999999999947,1
7351-MHQVU,6,50.94999999999998,4
9224-VTYID,47,90.49999999999994,8
9500-IWPXQ,61,79.39999999999996,7
5762-TJXGK,52,58.74999999999997,5
4504-YOULA,35,59.44999999999998,4
5569-IDSEY,71,105.69999999999993,6
4250-FDVOU,6,56.24999999999998,3
7284-ZZLOH,45,53.299999999999955,3
5277-ZLOOR,2,85.54999999999995,3
2141-RRYGO,4,68.64999999999995,4
1777-JYQPJ,2,24.29999999999996,0
6376-GAHQE,4,77.84999999999995,2
3401-URHDA,51,59.89999999999994,4
1599-EAHXY,60,23.950000000000053,2
8631-XVRZL,9,20.149999999999913,1
5052-PNLOS,3,105.35000000000002,6
3853-LYGAM,17,95.64999999999998,5
6979-ZNSFF,8,87.04999999999993,3
5751-USDBL,46,80.99999999999996,6
5680-LQOGP,68,82.44999999999993,7
2386-LAHRK,1,53.49999999999997,2
8189-DUKMV,4,20.500000000000128,1
6032-IGALN,1,25.100000000000023,0
9931-DCEZH,28,54.39999999999996,3
1898-JSNDC,39,58.59999999999995,3
0315-LVCRK,11,84.79999999999994,3
3911-RSNHI,71,61.399999999999956,5
2410-CIYFZ,2,20.3999999999999,1
4248-HCETZ,30,79.64999999999993,3
5505-OVWQW,17,20.149999999999913,1
7271-AJDTL,55,94.44999999999995,5
1867-TJHTS,58,79.79999999999993,3
0516-WJVXC,5,54.19999999999998,3
9174-FKWZE,1,19.450000000000088,1
6860-YRJZP,9,74.04999999999994,2
4429-WYGFR,26,49.14999999999997,2
2817-LVCPP,50,19.39999999999997,1
5038-ETMLM,72,113.64999999999984,8
5056-FIMPT,43,106.00000000000003,6
4521-WFJAI,56,25.949999999999896,2
6569-KTMDU,1,19.099999999999874,1
8809-RIHDD,72,103.39999999999999,6
8809-XKHMD,72,100.54999999999997,6
0396-YCHWO,36,95.39999999999999,4
0867-LDTTC,5,75.14999999999995,5
4822-NGOCH,13,84.44999999999993,4
9391-DXGGG,44,89.14999999999995,4
9844-FELAJ,70,107.89999999999996,7
2122-SZZZD,44,19.499999999999908,1
5307-DZCVC,32,85.94999999999995,3
3148-AOIQT,69,24.949999999999974,2
8679-JOEVF,16,59.39999999999995,3
8395-ETZKQ,68,19.499999999999908,1
6692-YQHXC,16,69.94999999999995,1
3889-VWBID,68,82.84999999999994,6
5222-JCXZT,4,18.999999999999943,1
9754-CLVZW,26,38.84999999999999,3
1432-FPAXX,29,30.599999999999916,1
2739-CCZMB,5,20.35000000000008,1
7080-TNUWP,70,94.99999999999996,5
0496-AHOOK,24,74.39999999999998,5
8336-TAVKX,72,78.44999999999993,7
2468-SJFLM,1,74.29999999999995,2
3181-VTHOE,70,51.049999999999976,4
7168-HDQHG,36,19.20000000000011,1
4803-AXVYP,38,99.55000000000004,5
3884-HCSWG,17,69.99999999999994,1
4567-AKPIA,41,109.10000000000005,7
5077-DXTCG,1,45.299999999999955,1
1142-WACZW,2,29.849999999999973,1
7901-HXJVA,14,76.44999999999993,2
5649-ANRML,2,95.0999999999999,5
4892-VLANZ,1,19.800000000000004,1
5924-IFQTT,13,72.79999999999994,6
7968-QUXNS,6,18.95000000000013,1
2919-HBCJO,4,76.64999999999995,2
4236-XPXAV,5,99.15,5
8903-WMRNW,15,101.75000000000006,5
2452-SNHFZ,47,75.44999999999996,2
3629-WEAAM,8,64.09999999999995,4
6029-CSMJE,17,25.650000000000098,0
7993-NQLJE,15,75.09999999999995,2
9909-DFRJA,26,95.84999999999984,5
9099-FTUHS,23,54.39999999999996,3
0581-BXBUB,4,72.74999999999994,2
4962-CHQPW,29,19.850000000000122,1
9467-ROOLM,25,19.05000000000006,1
3030-YZADT,9,44.94999999999999,1
7410-KTVFV,18,49.54999999999997,2
5150-ITWWB,3,94.84999999999991,4
2253-KPMNB,69,46.24999999999997,4
1345-ZUKID,14,19.34999999999986,1
6429-SHBCB,19,69.59999999999994,4
9281-OFDMF,39,90.69999999999993,4
2603-HVKCG,31,101.39999999999984,5
1834-WULEG,24,20.24999999999985,1
9097-ZUBYC,14,48.79999999999997,2
5148-ORICT,64,74.34999999999995,6
4893-GYUJU,50,19.34999999999986,1
4578-PHJYZ,52,68.74999999999994,5
7272-QDCKA,28,100.20000000000006,5
8908-SLFCJ,21,20.850000000000044,1
8393-DLHGA,25,95.89999999999995,4
9766-HGEDE,17,19.34999999999986,1
6968-MHOMU,58,44.99999999999998,2
7395-IGJOS,17,81.49999999999996,2
5044-XDPYX,51,25.50000000000005,2
1814-WFGVS,72,48.899999999999956,4
2834-SPCJV,52,84.09999999999994,3
3721-WKIIL,27,19.599999999999838,1
6734-CKRSM,3,19.999999999999865,1
1265-ZFOSD,64,81.29999999999994,7
6568-POCUI,45,95.19999999999982,4
7890-VYYWG,3,36.44999999999999,1
5197-LQXXH,71,83.29999999999994,7
9907-SWKKF,1,25.049999999999905,0
3457-PQBYH,58,20.29999999999997,1
7682-AZNDK,34,89.84999999999992,4
0587-DMGBH,8,49.84999999999998,2
5384-ZTTWP,15,19.800000000000004,1
3745-HRPHI,66,54.64999999999998,4
7636-OWBPG,12,29.35000000000001,1
1231-YNDEK,58,19.14999999999999,1
1407-DIGZV,3,19.099999999999874,1
6397-JNZZG,43,55.54999999999997,4
0570-BFQHT,9,80.54999999999993,3
4393-OBCRR,3,20.24999999999985,1
3523-QRQLL,22,69.49999999999994,4
8564-LDKFL,40,106.00000000000003,6
3696-DFHHB,68,25.50000000000005,2
0895-DQHEW,54,104.29999999999998,6
4717-GHADL,50,79.59999999999994,6
5501-TVMGM,1,55.249999999999964,2
5879-HMFFH,72,88.04999999999994,8
6772-WFQRD,40,20.3999999999999,1
3810-DVDQQ,72,117.60000000000002,8
6972-SNKKW,6,19.999999999999865,1
3694-GLTJM,5,19.649999999999956,1
8550-XSXUQ,48,70.54999999999995,5
8149-RSOUN,1,93.84999999999994,4
9055-MOJJJ,64,65.79999999999995,4
4359-INNWN,17,20.049999999999983,1
0585-EGDDA,40,79.99999999999994,3
4032-RMHCI,41,35.39999999999998,2
0549-CYCQN,51,79.59999999999994,3
3481-JHUZH,41,80.24999999999996,3
7250-EQKIY,1,50.44999999999996,2
3594-IVHJZ,2,20.450000000000017,1
6869-FGJJC,68,79.59999999999994,3
3896-ZVNET,24,24.699999999999996,2
8205-VSLRB,70,77.29999999999994,6
5960-MVTUK,3,29.750000000000036,1
6817-WTYHE,2,44.89999999999999,1
3082-VQXNH,3,29.799999999999855,1
4013-UBXWQ,7,74.64999999999995,5
4931-TRZWN,13,71.94999999999995,4
0750-EKNGL,7,20.750000000000114,1
7669-LCRSD,12,56.299999999999976,2
3567-PQTSO,53,105.2499999999998,6
5519-NPHVG,12,94.19999999999993,4
8043-PNYSD,63,19.550000000000026,1
9938-EKRGF,15,84.44999999999993,7
2703-AMTUL,36,53.64999999999996,3
0928-JMXNP,4,29.900000000000084,1
8173-RXAYP,24,19.700000000000074,1
4825-XJGDM,61,43.69999999999999,4
5402-HTOTQ,16,55.299999999999955,3
6734-JDTTV,65,19.850000000000122,1
7850-THJMU,26,19.649999999999956,1
3890-RTCMS,16,49.449999999999974,2
8849-GYOKR,54,106.54999999999981,6
3148-BLQJT,1,20.1000000000001,1
3717-FDJFU,5,20.450000000000017,1
3665-JATSN,19,39.69999999999998,2
7966-YOTQW,10,54.49999999999996,3
0461-CVKMU,23,83.79999999999993,4
8806-EAGWC,3,55.14999999999997,2
8853-TZDGH,72,111.59999999999985,7
7779-LGOVN,10,86.64999999999995,3
4324-BZCKL,10,55.54999999999997,3
6924-TDGMT,11,20.549999999999947,1
9710-ZUSHQ,37,106.74999999999997,6
1536-YHDOE,17,62.09999999999996,4
8123-QBNAZ,36,104.49999999999986,6
3629-ZNKXA,17,101.79999999999987,5
4827-LTQRJ,66,110.59999999999994,7
7711-YIJWC,61,84.89999999999993,7
5482-VXSXJ,22,93.19999999999995,4
7365-BVCJH,1,24.3999999999999,0
9620-ENEJV,6,70.54999999999995,1
4183-WCSEP,31,78.44999999999993,3
2378-YIZKA,68,84.99999999999993,7
5498-TXHLF,34,87.44999999999996,4
0689-DSXGL,52,85.79999999999993,4
6818-DJXAA,10,91.09999999999992,4
9722-UJOJR,29,70.74999999999994,1
0464-WJTKO,72,20.1000000000001,1
8902-ZEOVF,47,20.049999999999983,1
6778-EICRF,24,74.79999999999994,5
2662-NNTDK,65,24.799999999999926,2
4132-KALRO,4,100.84999999999977,5
3902-FOIGH,12,101.35000000000002,5
6772-KSATR,1,81.69999999999993,3
7112-OPOTK,33,68.24999999999996,1
2874-YXVVA,34,105.10000000000005,6
1245-HARPS,14,20.3999999999999,1
4210-QFJMF,4,79.14999999999995,2
4323-ELYYB,13,19.999999999999865,1
4293-ETKAP,65,79.39999999999996,6
6064-PUPMC,23,57.19999999999997,3
6504-VBLFL,55,58.59999999999995,4
6322-PJJDJ,49,94.79999999999993,4
0330-BGYZE,60,102.5,6
1085-LDWAM,69,20.35000000000008,1
7586-ZATGZ,40,84.89999999999993,3
7197-VOJMM,67,69.19999999999995,5
3318-OSATS,35,95.4499999999998,4
5828-AVIPD,19,100.95,5
1843-TLSGD,13,20.850000000000044,1
9626-VFRGG,41,88.49999999999994,4
7075-BNDVQ,4,34.99999999999997,2
9143-CANJF,24,55.14999999999997,3
7284-BUYEC,5,50.94999999999998,3
2041-JIJCI,5,63.99999999999996,4
1086-LXKFY,1,69.09999999999995,1
4900-MSOMT,72,80.19999999999996,7
2229-VWQJH,24,49.299999999999955,2
9194-GFVOI,42,84.34999999999995,7
1336-EZFZY,4,20.049999999999983,1
4282-MSACW,68,117.19999999999999,8
1403-LKLIK,33,20.1000000000001,1
2636-ALXXZ,1,69.59999999999994,1
7774-OJSXI,31,103.44999999999982,6
7786-WBJYI,4,77.94999999999995,3
0136-IFMYD,69,109.94999999999993,7
5144-TVGLP,38,94.74999999999991,4
9643-AVVWI,3,79.99999999999994,3
0253-ZTEOB,48,79.64999999999993,6
2706-QZIHY,15,25.199999999999953,2
6061-PQHMK,25,19.899999999999935,1
9885-CSMWE,1,78.44999999999993,2
6137-MFAJN,48,44.79999999999997,3
9122-UMROB,1,20.29999999999997,1
4232-JGKIY,1,19.20000000000011,1
2402-TAIRZ,37,80.04999999999994,3
9659-ZTWSM,66,107.34999999999988,7
9139-TWBAS,26,47.84999999999997,4
6685-GBWJZ,63,70.79999999999994,5
5016-ETTFF,10,29.500000000000057,1
3866-MDTUB,2,70.74999999999994,4
2195-VVRJF,18,59.09999999999997,3
3913-RDSJZ,64,25.54999999999987,2
8058-JMEQO,9,84.44999999999993,3
4203-QGNZA,28,20.24999999999985,1
5043-TRZWM,1,75.54999999999994,2
0697-ZMSWS,4,85.64999999999995,3
7657-DYEPJ,38,70.14999999999996,5
9494-BDNNC,66,95.30000000000007,5
1640-PLFMP,1,70.24999999999996,1
5366-OBVMR,18,50.29999999999997,2
8276-MQBYC,51,97.79999999999987,5
7644-OMVMY,0,19.850000000000122,1
7593-XFKDI,1,46.29999999999997,1
4573-JKNAE,12,19.34999999999986,1
0337-CNPZE,41,106.29999999999984,6
9817-APLHW,12,25.000000000000092,2
8380-MQINP,55,20.29999999999997,1
0840-DFEZH,7,75.34999999999994,2
1513-XNPPH,12,89.39999999999993,4
8690-ZVLCL,68,87.99999999999994,8
6015-VVHHE,5,83.14999999999995,3
1125-SNVCK,49,43.799999999999976,1
0384-LPITE,40,62.049999999999955,5
4616-EWBNJ,16,20.1000000000001,1
6347-DCUIK,10,74.14999999999996,2
1335-HQMKX,72,101.35000000000002,6
2545-EBUPK,2,84.04999999999994,3
6923-AQONU,23,20.899999999999856,1
2172-EJXVF,71,105.8999999999998,6
0897-FEGMU,11,99.49999999999993,5
7663-RGWBC,1,44.14999999999998,1
1120-BMWUB,16,53.89999999999998,3
9124-LHCJQ,1,85.44999999999996,3
4536-PLEQY,12,85.04999999999993,3
7029-IJEJK,54,44.09999999999998,3
8871-JLMHM,68,90.19999999999993,5
2235-ZGKPT,4,50.84999999999996,2
3891-PUQOD,1,59.19999999999997,3
5447-VYTKW,27,53.449999999999974,3
3623-FQBOX,21,19.950000000000053,1
0689-NKYLF,13,83.19999999999995,3
8659-HDIYE,64,74.64999999999995,6
3658-KIBGF,1,54.899999999999956,3
3474-BAFSJ,57,57.49999999999997,5
5519-YLDGW,21,103.89999999999995,6
3865-ZFZIB,19,19.649999999999956,1
1855-AGAWH,31,93.79999999999993,4
7109-CQYUZ,52,89.24999999999994,8
1370-GGAWX,46,94.14999999999993,5
4680-KUTAJ,11,55.599999999999966,3
5307-UVGNB,53,48.699999999999974,4
4946-EDSEW,11,19.249999999999922,1
2883-ILGWO,57,104.89999999999988,6
2516-VQRRV,2,75.44999999999996,2
7580-UGXNC,2,54.849999999999966,3
3642-BYHDO,71,19.899999999999935,1
9629-NHXFW,1,19.39999999999997,1
2696-RZVZW,68,25.049999999999905,2
5766-FTRTS,72,84.44999999999993,7
0396-HUJBP,2,19.30000000000004,1
5178-LMXOP,1,95.0999999999999,4
8879-ZKJOF,41,79.84999999999995,6
6285-FTQBF,72,25.54999999999987,2
8185-UPYBR,6,75.49999999999994,2
4585-HETAI,4,73.74999999999996,2
7526-BEZQB,12,96.05000000000001,4
1474-JUWSM,58,68.39999999999996,5
3530-CRZSB,7,20.649999999999878,1
8498-XXGWA,65,55.14999999999997,3
9617-INGJY,1,70.59999999999995,1
0621-TSSMU,56,19.950000000000053,1
7234-KMNRQ,4,18.999999999999943,1
7636-PEPNS,58,44.09999999999998,1
4683-WYDOU,62,107.59999999999985,6
9052-DHNKM,26,61.54999999999997,4
6794-HKIAJ,62,90.69999999999993,5
5578-NKCXI,58,99.24999999999994,5
1642-HMARX,68,91.69999999999993,8
3096-WPXBT,61,100.70000000000002,6
8434-PNQZX,42,78.44999999999993,6
5950-AAAGJ,18,84.29999999999995,3
4299-OPXEJ,56,19.550000000000026,1
4951-UKAAQ,4,88.94999999999993,4
9618-LFJRU,4,20.450000000000017,1
6693-DJWTY,35,55.599999999999966,3
0744-GKNGE,64,86.79999999999994,4
6447-EGDIV,31,20.949999999999974,1
1167-OYZJF,67,20.049999999999983,1
2108-YKQTY,4,50.699999999999974,2
4806-DXQCE,70,113.64999999999984,8
4918-QLLIW,3,53.39999999999995,2
7056-IMHCC,53,101.8999999999998,5
4854-SSLTN,2,59.49999999999997,4
5294-DMSFH,29,87.79999999999993,3
4837-PZTIC,47,41.89999999999997,3
1625-JAIIY,68,82.99999999999993,3
0603-OLQDC,12,69.84999999999995,4
3272-VUHPV,8,56.299999999999976,3
4176-FXYBO,54,109.5499999999999,7
1063-DHQJF,69,92.14999999999993,4
8663-UPDGF,26,69.49999999999994,5
6719-FGEDO,72,96.9999999999998,6
1837-YQUCE,70,58.34999999999997,5
2947-DOMLJ,1,50.59999999999998,2
4112-LUEIZ,10,89.49999999999993,3
0369-ZGOVK,28,70.39999999999998,1
4510-HIMLV,1,69.79999999999995,1
9919-KNPOO,21,94.29999999999993,4
8749-JMNKX,51,93.79999999999993,5
7872-BAAZR,53,19.550000000000026,1
9391-LMANN,53,95.95000000000007,5
2430-USGXP,24,101.04999999999993,5
8174-TBVCF,70,94.79999999999993,8
1698-XFZCI,61,107.74999999999991,7
1877-HKBQX,11,54.59999999999998,3
4450-DLLMH,2,71.29999999999993,1
0428-AXXLJ,25,19.499999999999908,1
2746-DIJLO,41,56.299999999999976,3
5955-ERIHD,18,94.69999999999993,4
0917-EZOLA,72,104.14999999999993,6
3508-VLHCZ,71,90.54999999999994,8
4086-ATNFV,34,60.79999999999997,4
0468-YRPXN,29,98.7999999999998,5
5996-NRVXR,40,98.15000000000009,6
3739-YBWAB,36,35.34999999999998,2
7047-FWEYA,46,103.15,6
2000-MPKCA,58,107.74999999999991,7
9762-YAQAA,39,81.39999999999996,3
5949-EBSQK,4,61.449999999999946,3
5473-KHBPS,52,95.70000000000009,5
0100-DUVFC,70,104.79999999999995,6
5397-TUPSH,65,70.94999999999996,1
8950-MTZNV,1,44.94999999999999,1
0326-VDYXE,70,97.64999999999982,5
6773-LQTVT,29,35.649999999999984,2
7274-RTAPZ,1,90.54999999999994,3
0436-TWFFZ,67,85.24999999999994,7
8566-YPRGL,1,19.499999999999908,1
0311-UNPFF,26,88.79999999999994,3
6609-MXJHJ,30,25.100000000000023,2
2669-OIDSD,48,100.05000000000001,5
8400-WZICQ,55,55.69999999999996,3
3834-XUIFC,7,85.19999999999995,3
9576-SYUHJ,37,91.14999999999995,4
0410-IPFTY,31,83.84999999999992,3
2831-EBWRN,4,45.89999999999997,1
9430-NKQLY,72,25.100000000000023,2
8414-MYSHR,5,91.39999999999993,3
0247-SLUJI,1,19.700000000000074,1
9402-ORRAH,15,91.49999999999991,3
6483-OATDN,8,51.299999999999955,2
1293-HHSHJ,35,21.100000000000023,1
4840-ORQXB,56,104.74999999999983,6
7599-FKVXZ,42,106.15000000000009,6
3982-DQLUS,65,85.74999999999994,4
8610-ZIKJJ,2,20.29999999999997,1
3756-VNWDH,65,100.74999999999983,5
7801-KICAO,18,74.14999999999996,2
7673-LPRNY,23,78.54999999999993,6
8229-TNIQA,4,45.299999999999955,1
6060-QBMGV,70,19.850000000000122,1
7339-POGZN,4,50.699999999999974,2
2828-SLQPF,19,44.99999999999998,1
4465-VDKIQ,18,77.79999999999993,3
2921-XWDJH,38,83.44999999999996,3
6221-AVQYL,2,73.24999999999994,2
2558-BUOZZ,47,94.79999999999993,5
9257-AZMTZ,52,20.1000000000001,1
0003-MKNFE,9,59.89999999999994,3
0975-UYDTX,26,90.09999999999994,8
7743-EXURX,8,51.049999999999976,2
4682-BLBUC,44,70.94999999999996,5
0975-VOOVL,3,29.19999999999996,1
5968-VXZLG,2,46.59999999999998,1
5569-KGJHX,9,85.34999999999994,3
4988-IQIGL,1,75.34999999999994,2
5201-FRKKS,25,74.29999999999995,2
9799-CAYJJ,2,69.29999999999997,1
7730-IUTDZ,43,75.19999999999995,2
0426-TIRNE,1,20.899999999999856,1
5443-SCMKX,58,94.29999999999993,5
8295-KMENE,59,76.44999999999993,6
6738-ISCBM,44,53.999999999999964,4
9821-BESNZ,66,104.24999999999987,6
3678-MNGZX,68,19.950000000000053,1
1335-NTIUC,9,24.949999999999974,0
2916-BQZLN,19,84.74999999999994,4
4558-CGYCZ,4,19.749999999999886,1
2368-GAKKQ,70,113.64999999999984,8
8710-YGLWG,1,44.89999999999999,1
3199-XGZCY,8,75.24999999999994,2
3785-KTYSH,53,24.60000000000006,2
6814-ZPWFQ,51,25.000000000000092,2
4063-EIKNQ,11,20.949999999999974,1
6993-YCOBK,60,110.59999999999994,7
5206-HPJKM,17,55.49999999999997,3
7587-RZNME,3,43.29999999999998,1
0748-RDGGM,70,109.49999999999977,7
8393-JMVMB,1,19.450000000000088,1
5019-GQVCR,43,84.84999999999994,3
6036-TTFYU,16,19.599999999999838,1
2550-AEVRU,57,53.449999999999974,3
0969-RGKCU,37,19.800000000000004,1
0378-CJKPV,72,112.09999999999982,8
4706-AXVKM,11,84.79999999999994,3
5889-JTMUL,50,95.04999999999978,5
9026-RNUJS,5,50.349999999999966,2
3746-EUBYR,1,74.59999999999995,2
2332-EFBJY,16,19.700000000000074,1
2880-FPNAE,2,74.19999999999996,2
1703-MGIAB,17,68.99999999999996,5
4311-QTTAI,16,19.34999999999986,1
9474-PHLYD,15,59.44999999999998,3
4318-RAJVY,10,19.800000000000004,1
2165-VOEGB,46,105.19999999999999,6
3612-YUNGG,64,109.19999999999999,7
2254-DLXRI,1,79.14999999999995,3
5062-CJJKH,25,53.64999999999996,3
9028-LIHRP,71,100.20000000000006,6
2219-MVUSO,8,45.14999999999996,1
1053-MXTTK,72,108.6499999999999,7
1530-ZTDOZ,49,40.64999999999998,2
1301-LOPVR,29,55.34999999999995,5
0853-TWRVK,72,105.60000000000001,7
8914-RBTSB,31,93.79999999999993,5
6212-ATMLK,50,95.70000000000009,4
8200-LGKSR,71,83.19999999999995,7
1568-BEKZM,70,90.04999999999994,8
0670-ANMUU,71,97.64999999999982,5
6897-RWMUB,61,68.04999999999994,5
0963-ZBDRN,32,96.20000000000005,4
7594-RQHXR,1,79.59999999999994,2
6999-CHVCF,68,102.09999999999997,6
6134-KWTBV,62,23.39999999999997,2
1077-HUUJM,7,71.04999999999995,1
6331-EWIEB,20,85.24999999999994,3
0895-LNKRC,6,19.450000000000088,1
2045-BMBTJ,33,59.44999999999998,5
8417-GSODA,28,92.19999999999993,4
5171-EPLKN,27,19.850000000000122,1
4452-QIIEB,7,43.89999999999997,1
5998-VVEJY,26,80.49999999999993,3
1624-NALOJ,5,89.79999999999993,4
6741-EGCBI,30,90.49999999999994,4
7820-ZYGNY,63,90.44999999999995,4
4317-VTEOA,1,50.74999999999997,2
9677-AVKED,53,84.59999999999992,7
1670-SVOWZ,14,89.64999999999995,4
2227-JRSJX,21,99.15,5
9847-HNVGP,17,19.950000000000053,1
6696-YDAYZ,16,20.500000000000128,1
8980-WQFWL,35,62.09999999999996,3
1730-ZMAME,32,79.49999999999994,2
6506-EYCNH,28,19.550000000000026,1
4634-JLRJT,1,20.35000000000008,1
9501-UKKNL,59,51.69999999999999,3
2560-QTSBS,72,23.30000000000004,2
7541-YLXCL,36,65.39999999999996,4
4795-WRNVT,40,65.09999999999995,4
6080-TCMYC,40,81.19999999999995,3
0260-ZDLGK,9,72.89999999999996,5
7860-UXCRM,63,74.49999999999997,6
6357-JJPQT,3,80.49999999999993,2
2292-XQWSV,40,60.29999999999995,5
9552-TGUZV,8,74.99999999999996,2
5913-INRQV,34,90.14999999999993,4
8722-NGNBH,5,39.999999999999986,3
6210-KBBPI,9,99.4499999999998,5
9643-YBLUR,9,69.04999999999995,5
8734-FNWVH,31,59.69999999999996,3
9447-YPTBX,50,19.850000000000122,1
0133-BMFZO,2,86.24999999999993,4
6128-CZOMY,1,45.64999999999996,1
9540-JYROE,8,70.09999999999994,1
9026-LHEVG,9,40.74999999999997,2
2260-USTRB,2,70.19999999999996,1
3656-TKRVZ,3,55.34999999999995,3
7011-CVEUC,25,95.70000000000009,4
6185-TASNN,1,46.29999999999997,1
7925-PNRGI,45,81.29999999999994,7
8623-TMRBY,51,84.19999999999996,4
1552-CZCLL,55,19.999999999999865,1
3038-PQIUY,38,66.14999999999996,5
1501-SGHBW,2,45.84999999999998,1
9313-CDOGY,38,19.599999999999838,1
8148-BPLZQ,34,49.79999999999998,2
2623-DRYAM,70,101.75000000000006,5
9987-LUTYD,13,55.14999999999997,3
3208-YPIOE,39,75.24999999999994,2
4488-KQFDT,61,103.95000000000007,6
2612-RANWT,12,100.14999999999995,5
5693-PIPCS,41,99.64999999999998,5
0491-KAPQG,21,73.69999999999996,2
1925-LFCZZ,55,50.04999999999996,3
8039-EQPIM,69,60.24999999999995,5
6900-PXRMS,26,105.75000000000006,6
8707-RMEZH,69,87.29999999999994,4
3346-BRMIS,18,48.349999999999966,3
3209-ZPKFI,47,54.24999999999998,3
6479-VDGRK,72,85.29999999999994,7
9373-WSLOY,33,49.999999999999964,4
2933-FILNV,2,24.3999999999999,0
3569-JFODW,72,90.94999999999993,8
9819-FBNSV,37,72.24999999999996,1
9544-PYPSJ,62,96.09999999999982,5
1591-XWLGB,71,19.850000000000122,1
0396-UKGAI,23,55.299999999999955,3
3243-ZHOHY,16,20.1000000000001,1
5186-EJEGL,9,69.49999999999994,5
7527-QNRUS,17,25.15000000000014,2
9986-BONCE,4,20.949999999999974,1
2722-JMONI,1,49.54999999999997,2
2203-GHNWN,24,79.64999999999993,3
3878-AVSOQ,1,71.24999999999994,1
3258-SYSWS,72,113.79999999999987,8
5296-PSYVW,72,24.549999999999947,2
6319-QSUSR,11,19.700000000000074,1
4083-EUGRJ,9,20.24999999999985,1
7579-OOPEC,2,50.149999999999984,2
0512-FLFDW,60,100.49999999999986,5
1771-OADNZ,29,95.89999999999995,5
0487-CRLZF,49,74.44999999999996,5
2107-FBPTK,30,104.09999999999982,6
9451-WLYRI,53,19.05000000000006,1
8219-VYBVI,39,25.000000000000092,2
1991-VOPLL,9,19.05000000000006,1
9738-QLWTP,39,81.89999999999995,3
1016-DJTSV,8,69.69999999999996,1
9419-IPPBE,51,90.14999999999993,4
0174-QRVVY,71,25.35,2
5699-BNCAS,71,24.649999999999878,2
2900-PHPLN,70,19.550000000000026,1
0612-RTZZA,1,25.25000000000007,0
8106-GWQOK,38,59.999999999999964,5
8751-EDEKA,28,89.89999999999995,4
6878-GGDWG,32,19.39999999999997,1
4039-PIMHX,49,49.79999999999998,2
8450-LUGUK,37,24.1000000000001,2
3604-WLABM,10,54.24999999999998,3
0795-GMVQO,67,109.8999999999998,7
2259-OUUSZ,7,35.49999999999997,2
1142-IHLOO,51,87.54999999999995,3
6410-LEFEN,9,45.14999999999996,1
4633-MKHYU,9,88.39999999999995,3
6257-RJOHI,4,50.79999999999997,2
1545-JFUML,71,98.99999999999996,6
3194-ORPIK,50,84.39999999999995,3
7826-VVKWT,24,96.54999999999997,4
1353-GHZOS,22,59.74999999999996,3
2587-EKXTS,44,111.49999999999993,7
5442-BXVND,33,24.25000000000015,2
8816-VXNZD,1,75.09999999999995,2
9378-FXTIZ,54,70.14999999999996,4
1723-HKXJQ,42,101.75000000000006,5
7825-GKXMW,1,45.79999999999998,1
9753-OYLBX,1,20.500000000000128,1
2364-UFROM,30,70.39999999999998,5
6656-JWRQX,1,30.550000000000097,1
6473-ULUHT,16,84.89999999999993,7
1240-KNSEZ,1,20.1000000000001,1
0836-SEYLU,9,40.64999999999998,2
4433-JCGCG,46,100.99999999999982,5
3716-BDVDB,1,69.09999999999995,1
7688-AWMDX,71,54.49999999999996,3
2842-BCQGE,43,75.34999999999994,2
7244-QWYHG,50,44.44999999999999,3
5899-MQZZL,13,74.99999999999996,2
6849-OYAMU,19,99.99999999999989,5
5312-UXESG,41,98.04999999999986,5
9488-HGMJH,1,71.14999999999995,1
6038-GCYEC,24,54.149999999999956,4
2150-WLKUW,40,63.899999999999956,4
7159-FVYPK,3,69.14999999999995,5
7032-LMBHI,37,64.64999999999996,4
1150-WFARN,67,108.74999999999983,7
6088-BXMRG,32,98.84999999999991,5
3144-AUDBS,6,49.14999999999997,2
4821-SJHJV,32,89.59999999999991,4
7346-MEDWM,59,83.24999999999994,4
1137-DGOWI,30,70.24999999999996,5
5616-PRTNT,20,19.39999999999997,1
3812-LRZIR,27,24.500000000000128,2
4818-QIUFN,20,79.14999999999995,3
9483-GCPWE,9,20.1000000000001,1
4227-OJHAL,68,72.99999999999996,6
9220-CXRSC,69,61.399999999999956,4
4993-JCRGJ,26,84.29999999999995,4
9537-JALFH,69,19.899999999999935,1
6698-OXETB,11,20.3999999999999,1
2103-ZRXFN,1,50.74999999999997,2
3724-BSCVH,10,20.450000000000017,1
4877-TSOFF,55,75.74999999999996,6
9209-NWPGU,44,65.39999999999996,4
6961-VCPMC,46,80.39999999999995,2
7306-YDSOI,69,59.74999999999996,4
5288-AHOUP,11,78.49999999999994,2
6688-UZPWD,11,102.00000000000004,5
0655-YDGFJ,29,48.94999999999999,2
8468-EHYJA,57,99.64999999999998,5
6823-SIDFQ,28,18.25,1
1097-FSPVW,42,54.549999999999955,3
2839-RFSQE,2,20.649999999999878,1
8328-SKJNO,23,40.64999999999998,3
7010-ZMVBF,18,20.450000000000017,1
5201-CBWYG,62,24.799999999999926,2
0968-GSIKN,1,70.79999999999994,1
1965-DDBWU,16,89.04999999999993,4
9057-SIHCH,3,96.60000000000008,4
6352-GIGGQ,67,88.79999999999994,8
3635-QQRQD,62,20.049999999999983,1
6771-XWBDM,57,104.49999999999986,6
2897-DOVND,2,69.79999999999995,1
3082-YVEKW,23,77.14999999999995,6
0191-EQUUH,25,35.04999999999997,2
7134-HBPBS,72,108.09999999999982,7
3489-HHPFY,2,84.04999999999994,3
2926-JEJJC,8,20.20000000000003,1
8601-QACRS,5,50.59999999999998,2
4950-BDEUX,35,49.19999999999997,3
5789-LDFXO,24,24.60000000000006,2
0508-OOLTO,2,71.64999999999996,1
2984-TBYKU,72,104.89999999999988,7
9822-WMWVG,41,106.5,7
2391-SOORI,4,49.34999999999998,2
9040-KZVWO,26,75.49999999999994,2
2645-QTLMB,7,94.24999999999993,4
4806-HIPDW,1,68.94999999999996,1
1548-ARAGG,4,58.49999999999996,4
6339-RZCBJ,48,78.89999999999996,6
4424-TKOPW,2,93.84999999999994,4
4415-WNGVR,12,79.19999999999995,6
2522-AHJXR,60,109.44999999999996,7
0412-UCCNP,55,59.19999999999997,4
1816-FLZDK,1,29.149999999999842,1
7096-UCLNH,1,20.049999999999983,1
8443-ZRDBZ,4,76.04999999999994,2
9136-ALYBR,1,24.45000000000001,0
4615-PIVVU,42,66.49999999999996,4
8885-QSQBX,1,49.54999999999997,2
7479-NITWS,7,89.34999999999994,4
8617-ENBDS,3,73.59999999999994,2
9385-NXKDA,72,82.64999999999995,7
0430-IHCDJ,15,48.99999999999998,2
2959-MJHIC,4,80.34999999999995,2
6674-KVJHG,11,25.199999999999953,2
1814-DKOLC,5,25.44999999999994,2
4201-JMNGR,1,55.799999999999955,3
9351-HXDMR,72,110.90000000000003,7
3537-HPKQT,55,77.74999999999993,3
2129-ALKBS,40,26.19999999999989,2
5821-MMEIL,57,19.899999999999935,1
5960-WPXQM,1,79.04999999999995,2
0684-AOSIH,1,94.99999999999996,4
8260-NGFNY,1,25.199999999999953,0
1309-XGFSN,52,80.84999999999994,6
1866-RZZQS,41,98.40000000000006,5
6968-URWQU,43,56.34999999999997,2
4742-TXUEX,47,19.30000000000004,1
9631-XEYKE,3,50.39999999999996,2
8631-NBHFZ,66,79.39999999999996,7
1335-MXCSE,55,55.249999999999964,3
8873-TMKGR,29,19.099999999999874,1
8800-JOOCF,12,84.04999999999994,3
1469-LBJQJ,66,105.19999999999999,6
4958-XCBDQ,35,101.39999999999984,5
8337-UPOAQ,10,89.79999999999993,4
0064-YIJGF,27,75.74999999999996,2
2386-OWURY,58,95.30000000000007,4
1725-IQNIY,54,109.74999999999976,7
0310-VQXAM,9,19.850000000000122,1
6598-RFFVI,2,19.30000000000004,1
3453-RTHJQ,6,69.09999999999995,1
6712-OAWRH,26,91.24999999999994,3
6278-FEPBZ,9,20.24999999999985,1
4280-DLSHD,8,54.74999999999997,3
1508-DFXCU,12,81.44999999999996,2
8614-VGMMV,15,49.09999999999997,2
7868-BGSZA,43,80.19999999999996,6
2800-QQUSO,42,100.29999999999998,5
2930-UOTMB,31,65.24999999999996,5
7973-DZRKH,66,90.94999999999993,5
5914-DVBWJ,18,85.44999999999996,4
7698-YFGEZ,1,19.999999999999865,1
2533-QVMSK,61,94.09999999999994,5
9773-PEQBZ,10,79.84999999999995,3
8644-XLFBW,1,71.64999999999996,1
0650-BWOZN,18,73.54999999999994,2
8625-AZYZY,24,104.64999999999989,6
7785-RDVIG,3,19.30000000000004,1
9602-WCXPI,50,20.149999999999913,1
2903-YYTBW,1,44.54999999999998,1
3620-MWJNE,2,54.44999999999996,3
8573-JGCZW,17,19.649999999999956,1
6837-HAEVO,69,104.99999999999982,6
6701-YVNQG,72,88.69999999999996,8
9306-CPCBC,3,74.24999999999996,2
4304-XUMGI,50,75.14999999999995,6
9504-YAZWB,53,20.24999999999985,1
8819-ZBYNA,58,109.10000000000005,7
6174-NRBTZ,46,30.749999999999964,1
9481-IEBZY,72,112.89999999999989,8
1833-VGRUM,1,74.19999999999996,2
6137-NICCO,6,94.04999999999994,5
9065-ZCPQX,72,78.84999999999994,7
6402-EJMWF,4,55.299999999999955,2
3620-EHIMZ,52,19.34999999999986,1
3213-VVOLG,0,25.35,2
6870-ECSHE,2,20.450000000000017,1
8747-UDCOI,65,19.34999999999986,1
8374-XGEJJ,43,100.99999999999982,5
2656-TABEH,4,100.20000000000006,5
6946-LMSQS,25,89.04999999999993,4
4626-OZDTJ,51,78.64999999999995,6
9169-BSVIN,12,74.74999999999994,5
2325-ZUSFD,57,70.09999999999994,4
8194-PEEBY,24,19.899999999999935,1
6872-HXFNF,64,58.34999999999997,4
3932-CMDTD,4,105.64999999999982,6
7714-YXSMB,26,100.49999999999986,5
8387-UGUSU,15,20.049999999999983,1
1080-BWSYE,64,25.650000000000098,2
4039-HEUNW,36,96.49999999999984,5
1194-HVAIF,27,94.99999999999996,4
0812-WUPTB,1,70.84999999999994,1
3594-UVONA,35,85.94999999999995,7
0004-TLHLJ,4,73.89999999999995,2
1767-TGTKO,8,45.449999999999974,1
8439-LTUGF,10,19.999999999999865,1
8805-JNRAZ,2,49.19999999999997,2
5089-IFSDP,58,109.44999999999996,7
6418-HNFED,51,83.24999999999994,7
0206-OYVOC,46,19.249999999999922,1
7291-CDTMJ,1,19.649999999999956,1
7128-GGCNO,46,72.79999999999994,2
0237-YFUTL,50,109.64999999999984,7
7691-KGKGP,53,64.99999999999996,4
6710-HSJRD,61,114.09999999999997,7
3675-EQOZA,5,20.649999999999878,1
0840-DCNZE,47,86.94999999999993,7
1732-FEKLD,54,94.74999999999991,5
9862-KJTYK,19,25.35,0
0479-HMSWA,26,105.44999999999996,6
5854-KSRBJ,70,25.40000000000012,2
0365-BZUWY,17,102.54999999999981,6
4817-VYYWS,30,100.20000000000006,5
5701-SVCWR,1,23.999999999999865,2
3129-AAQOU,19,25.599999999999987,2
4922-CVPDX,26,73.49999999999994,5
1396-QWFBJ,21,74.04999999999994,2
1357-BIJKI,50,98.25000000000001,5
1099-BTKWT,68,54.39999999999996,4
5299-SJCZT,3,101.5499999999999,5
2018-PZKMU,9,103.0999999999999,5
7340-KEFQE,51,34.19999999999988,2
4570-QHXHL,9,43.749999999999986,1
2403-BCASL,41,111.95000000000007,7
7392-YYPYJ,22,100.64999999999989,5
2898-LSJGD,21,55.949999999999974,4
2223-GDSHL,71,116.05000000000001,8
7359-PTSXY,1,45.749999999999986,1
9470-RTWDV,26,81.99999999999994,6
2176-OSJUV,71,65.14999999999996,5
9348-YVOMK,4,44.79999999999997,1
8104-OSKWT,12,79.79999999999993,3
4521-YEEHE,18,88.84999999999994,4
4090-KPJIP,3,74.94999999999996,2
3786-WOVKF,72,106.84999999999991,6
4503-BDXBD,11,74.94999999999996,2
6086-ESGRL,1,80.14999999999996,2
2592-HODOV,13,19.30000000000004,1
3886-CERTZ,72,109.2499999999998,7
7995-ZHHNZ,42,56.09999999999996,3
3824-RHKVR,17,19.700000000000074,1
5816-SCGFC,7,51.299999999999955,2
5989-AXPUC,68,118.59999999999994,8
4979-HPRFL,56,24.149999999999913,2
8590-OHDIW,38,20.29999999999997,1
8015-IHCGW,72,115.49999999999993,8
2332-TODQS,48,25.049999999999905,2
9278-VZKCD,52,109.10000000000005,7
8008-OTEZX,35,19.649999999999956,1
2773-OVBPK,67,111.29999999999976,7
5999-LCXAO,1,29.900000000000084,1
5206-XZZQI,53,80.59999999999992,3
4803-LBYPN,34,20.799999999999926,1
5759-RCVCB,3,35.19999999999999,1
6372-RFVNS,1,78.79999999999994,2
2139-FQHLM,19,89.94999999999995,4
8261-GWDBQ,60,116.05000000000001,8
1093-YSWCA,11,19.550000000000026,1
8938-UMKPI,47,106.40000000000006,6
0991-BRRFB,18,49.39999999999998,2
3882-IYOIJ,60,115.24999999999994,8
8749-TZYEC,72,24.799999999999926,2
1755-FZQEC,39,19.899999999999935,1
3115-JPJDD,59,81.24999999999994,3
5600-KTXFM,2,69.94999999999995,1
3871-IKPYH,1,69.09999999999995,1
6319-IEJWJ,20,90.19999999999993,3
9025-AOMKI,6,93.54999999999993,4
6339-TBELP,71,86.39999999999995,4
7964-YESJC,24,66.29999999999995,5
6173-GOLSU,67,94.64999999999992,4
5275-SQEIZ,1,80.84999999999994,2
7716-YTYHG,48,82.04999999999994,3
9938-ZREHM,37,72.09999999999994,5
7950-XWOVN,11,34.7,2
4390-KYULV,3,20.549999999999947,1
4647-MUZON,18,95.95000000000007,4
9702-AIUJO,50,44.79999999999997,1
8849-PRIQJ,67,109.39999999999985,7
8851-RAGOV,25,71.04999999999995,5
1304-NECVQ,2,78.54999999999993,3
5396-IZEPB,9,19.700000000000074,1
1729-VLAZJ,10,40.24999999999997,3
8285-ABVLB,70,19.850000000000122,1
0701-TJSEF,9,68.24999999999996,5
5712-VBOXD,4,20.149999999999913,1
6629-LADHQ,2,50.94999999999998,2
8945-GRKHX,1,78.64999999999995,2
1559-DTODC,19,25.15000000000014,0
4797-MIWUM,7,20.24999999999985,1
6959-UWKHF,1,42.899999999999984,1
8720-RQSBJ,1,43.99999999999996,1
4537-CIBHB,9,20.24999999999985,1
3815-SLMEF,3,34.25,2
5154-VEKBL,9,58.49999999999996,5
4324-AHJKS,5,55.799999999999955,3
4355-CVPVS,56,88.89999999999993,3
4495-LHSSK,18,57.64999999999996,3
5655-JSMZM,49,96.20000000000005,4
5915-ANOEI,70,79.14999999999995,7
9861-PDSZP,72,108.05000000000001,7
4505-EXZHB,6,74.39999999999998,2
7225-CBZPL,17,94.79999999999993,4
6704-UTUKK,29,45.89999999999997,2
4587-VVTOX,6,105.29999999999991,6
2019-HDCZY,63,102.59999999999994,5
4652-NNHNY,16,73.84999999999995,2
8788-DOXSU,59,61.34999999999996,3
7404-JLKQG,3,57.54999999999997,3
7421-ZLUPA,8,29.250000000000078,1
8972-HJWNV,7,84.54999999999993,3
3274-NSDWE,68,19.599999999999838,1
2632-IVXVF,68,111.74999999999991,7
3692-JHONH,52,106.5,6
8915-NNTRC,72,107.69999999999979,7
5914-GXMDA,32,19.30000000000004,1
7463-IFMQU,72,20.049999999999983,1
2920-RNCEZ,1,69.94999999999995,1
2541-YGPKE,42,63.69999999999996,4
8515-OCTJS,25,24.750000000000107,2
5382-TEMLV,45,50.899999999999956,2
3441-CGZJH,43,60.39999999999997,5
9592-ERDKV,37,79.24999999999994,6
2860-RANUS,20,85.79999999999993,3
5261-QSHQM,4,24.45000000000001,0
4778-IZARL,63,110.09999999999997,7
0432-CAJZV,3,90.69999999999993,3
7008-LZVOZ,66,25.29999999999989,2
8868-WOZGU,28,105.69999999999993,6
1200-TUZHR,8,85.19999999999995,3
9365-CSLBQ,71,24.35000000000008,2
1334-FJSVR,1,24.25000000000015,0
5884-FBCTL,72,25.100000000000023,2
7130-CTCUS,16,54.549999999999955,3
6242-FEGFD,66,96.60000000000008,6
7625-XCQRH,11,76.49999999999997,2
6194-HBGQN,51,81.14999999999995,7
7634-WSWDB,8,38.499999999999986,2
6986-IXNDM,14,92.89999999999993,3
1731-TVIUK,4,93.49999999999993,5
2987-BJXIK,70,84.69999999999995,7
9769-TSBZE,70,65.99999999999996,5
0406-BPDVR,54,101.49999999999977,5
0618-XWMSS,28,74.89999999999996,2
1395-WSWXR,24,20.750000000000114,1
6023-GSSXW,69,61.449999999999946,3
6752-APNJL,42,54.49999999999996,3
5276-KQWHG,2,69.59999999999994,1
0420-HLGXF,39,99.74999999999991,5
7446-KQISO,45,109.74999999999976,7
9823-EALYC,72,80.84999999999994,7
0582-AVCLN,38,20.29999999999997,1
5803-NQJZO,72,67.79999999999995,6
2565-JSLRY,1,24.049999999999983,2
2607-DHDAK,72,19.800000000000004,1
1073-XXCZD,55,25.699999999999918,2
0743-HRVFF,51,56.149999999999956,4
4006-HKYHO,63,86.69999999999996,7
3727-JEZTU,1,20.3999999999999,1
8143-ETQTI,23,19.649999999999956,1
6689-KXGBO,1,50.549999999999955,2
9667-TKTVZ,2,54.349999999999966,3
3657-COGMW,52,108.09999999999982,7
8570-KLJYJ,36,54.44999999999996,3
7754-IXRMC,1,45.34999999999998,1
9473-CBZOP,28,58.99999999999995,4
2969-WGHQO,7,69.44999999999995,5
6615-NGGZJ,14,100.54999999999997,5
4334-HOWRP,72,64.94999999999996,6
4255-DDUOU,1,20.500000000000128,1
5863-OOKCL,10,18.849999999999895,1
1686-STUHN,42,19.800000000000004,1
1329-VHWNP,7,25.049999999999905,0
2984-MIIZL,4,74.79999999999994,2
0266-GMEAO,72,114.29999999999984,8
5590-YRFJT,20,24.45000000000001,0
5574-NXZIU,63,109.19999999999999,7
0019-GFNTW,56,45.049999999999976,4
4256-ZWTZI,5,50.99999999999998,2
8309-PPCED,72,110.44999999999989,7
4098-NAUKP,68,84.64999999999995,4
5196-WPYOW,67,60.04999999999996,4
4608-LCIMN,8,44.64999999999998,1
1485-YDHMM,52,93.24999999999994,5
4054-CUMIA,18,20.24999999999985,1
0603-TPMIB,59,25.44999999999994,2
2525-GVKQU,60,20.600000000000065,1
8161-QYMTT,7,94.09999999999994,4
9581-GVBXT,59,34.79999999999999,2
5862-BRIXZ,46,60.74999999999997,5
5404-GGUKR,5,51.34999999999995,2
3308-JSGML,59,64.04999999999995,5
2126-GSEGL,70,84.79999999999994,7
3677-TNKIO,14,70.99999999999996,1
0440-QEXBZ,44,50.149999999999984,2
2434-EEVDB,64,94.59999999999994,5
6762-QVYJO,58,59.74999999999996,5
6199-IWKGC,46,100.24999999999987,5
2675-DHUTR,58,98.90000000000003,5
8152-VETUR,72,97.69999999999993,5
9667-EQRXU,30,40.29999999999997,2
7446-YPODE,11,60.24999999999995,4
9522-BNTHX,34,56.24999999999998,4
4676-WLUHT,54,46.199999999999974,3
3329-WDIOK,3,50.59999999999998,3
7980-MHFLQ,72,24.899999999999856,2
2873-ZLIWT,40,84.84999999999994,4
3415-TAILE,2,65.69999999999996,3
0757-WCUUZ,54,63.34999999999996,4
1629-DQQVB,14,50.09999999999999,2
1915-IOFGU,1,70.49999999999996,1
3045-XETSH,10,94.84999999999991,5
0374-AACSZ,1,50.149999999999984,2
7239-HZZCX,1,19.749999999999886,1
4872-VXRIL,56,64.64999999999996,5
9140-CZQZZ,68,79.59999999999994,6
3423-HHXAO,14,19.499999999999908,1
9938-TKDGL,68,99.55000000000004,5
0531-ZZJWQ,55,73.99999999999994,2
6537-QLGEX,16,38.899999999999984,2
2688-BHGOG,9,79.54999999999994,2
7683-CBDKJ,14,65.44999999999996,4
0946-CLJTI,58,98.69999999999986,5
3160-TYXLT,53,46.29999999999997,3
1325-USMEC,70,99.34999999999988,6
0916-QOFDP,14,95.80000000000003,4
0628-CNQRM,22,67.49999999999996,5
5606-AMZBO,10,78.14999999999996,3
6199-IPCAO,29,26.09999999999995,2
7665-TOALD,1,69.59999999999994,1
0112-QWPNC,49,84.34999999999995,7
0324-BRPCJ,68,100.20000000000006,5
2777-PHDEI,1,78.04999999999994,2
5640-CAXOA,30,40.349999999999966,2
2235-EZAIK,72,79.19999999999995,7
3847-BAERP,10,20.899999999999856,1
1196-AMORA,7,73.59999999999994,2
4282-YMKNA,9,74.74999999999994,2
1453-RZFON,1,49.89999999999997,2
8263-OKETD,20,68.89999999999996,5
0670-KDOMA,1,20.24999999999985,1
2476-YGEFM,29,75.99999999999994,2
8687-BAFGU,1,73.99999999999994,2
0641-EVBOJ,3,82.29999999999995,3
0829-XXPLX,20,89.39999999999993,4
9974-JFBHQ,64,99.15,5
5356-RHIPP,1,20.20000000000003,1
6624-JDRDS,6,29.44999999999994,1
0608-JDVEC,50,19.800000000000004,1
9780-FKVVF,6,59.14999999999997,3
1919-RTPQD,7,44.74999999999997,1
5214-NLTIT,72,90.79999999999995,4
3345-PBBFH,8,49.54999999999997,2
5055-BRMNE,67,106.69999999999987,6
9189-JWSHV,24,93.54999999999993,4
2190-PHBHR,72,94.44999999999995,5
2650-GYRYL,33,19.450000000000088,1
0746-JTRFU,2,25.049999999999905,0
5208-FVQKB,70,67.94999999999995,5
7184-LRUUR,22,65.24999999999996,4
6627-CFOSN,59,99.4499999999998,6
3982-JGSFD,36,20.35000000000008,1
1574-DYCWE,51,19.950000000000053,1
7247-XOZPB,53,77.39999999999996,6
2466-FCCPT,20,19.700000000000074,1
6211-WWLTF,63,99.69999999999979,5
4826-TZEVA,40,74.79999999999994,2
6016-NXBNJ,35,19.14999999999999,1
9138-EFSMO,26,78.94999999999996,2
0576-WNXXC,27,95.55000000000004,5
4632-XJMEX,53,62.84999999999996,4
8910-LEDAG,34,71.54999999999994,1
3452-GWUIN,19,94.94999999999985,4
2716-GFZOR,43,86.09999999999994,4
3724-UCSHY,6,19.550000000000026,1
8626-XHBIE,56,24.799999999999926,2
4628-CTTLA,57,39.29999999999998,2
3192-LNKRK,34,84.04999999999994,3
4439-YRNVD,10,36.24999999999997,2
2876-VBBBL,1,20.24999999999985,1
6834-NXDCA,13,23.899999999999935,0
2208-UGTGR,56,98.59999999999994,5
3005-TYFRD,55,103.64999999999998,6
8670-MEFCP,36,92.89999999999993,8
3079-BCHLN,47,19.899999999999935,1
7777-UNYHB,12,20.1000000000001,1
5597-GLBUC,1,85.44999999999996,3
7278-CKDNC,24,80.49999999999993,3
2748-MYRVK,63,99.89999999999995,5
8450-UYIBU,35,39.84999999999997,2
2969-VAPYH,67,60.49999999999996,4
4822-YCXMX,25,84.79999999999994,3
7181-OQCUT,21,103.84999999999984,6
8474-UMLNT,13,67.79999999999995,5
9821-POOTN,35,75.19999999999995,2
3836-FZSDJ,71,24.850000000000044,2
9142-XMYJH,29,19.34999999999986,1
6559-ILWKJ,71,49.34999999999998,3
0187-QSXOE,7,88.99999999999993,3
7733-UDMTP,57,54.99999999999995,4
2649-HWLYB,65,76.14999999999996,6
5214-CHIWJ,27,20.29999999999997,1
4229-CZMLL,6,74.89999999999996,2
6904-JLBGY,72,117.35000000000004,8
2465-BLLEU,1,19.749999999999886,1
1685-VAYJF,11,45.19999999999996,1
8874-EJNSR,39,25.199999999999953,2
6917-YACBP,59,89.74999999999994,5
5049-MUBWG,26,74.99999999999996,5
4223-WOZCM,2,49.94999999999997,2
0769-MURVM,72,65.69999999999996,6
9253-VIFJQ,65,67.04999999999995,5
7030-FZTFM,72,110.90000000000003,7
9741-YLNTD,6,87.94999999999995,4
5917-RYRMG,32,19.800000000000004,1
5120-ZBLAI,50,75.69999999999993,5
1194-BHJYC,61,62.149999999999956,5
3663-MITLP,15,101.2499999999998,5
0906-QVPMS,72,115.15,8
9025-ZRPVR,9,18.95000000000013,1
1905-OEILC,1,19.499999999999908,1
7858-GTZSP,12,86.54999999999993,3
3285-UCQVC,37,28.600000000000065,1
6248-BSHKG,61,20.3999999999999,1
4685-TFLLS,18,19.800000000000004,1
3470-BTGQO,21,45.64999999999996,1
1209-VFFOC,68,56.39999999999996,5
8224-DWCKX,12,73.29999999999993,2
5482-PLVPE,2,24.35000000000008,0
4553-DVPZG,62,101.35000000000002,5
4902-OHLSK,29,98.65000000000005,5
6917-IAYHD,1,33.59999999999999,2
0495-ZBNGW,5,79.89999999999995,3
8620-RJPZN,1,20.699999999999996,1
7572-KPVKK,62,104.05000000000001,6
2642-MAWLJ,36,20.24999999999985,1
2357-COQEK,28,103.29999999999976,6
7103-ZGVNT,69,73.69999999999996,6
3737-GCSPV,11,96.20000000000005,5
2027-WKXMW,63,108.74999999999983,7
7137-NAXML,23,20.149999999999913,1
2428-ZMCTB,10,19.749999999999886,1
2961-VNFKL,71,25.949999999999896,2
1768-HNVGJ,45,70.04999999999994,5
6963-KQYQB,70,24.049999999999983,2
5934-RMPOV,22,84.74999999999994,3
1207-BLKSA,52,23.05000000000006,2
4088-YLDSU,55,104.14999999999993,6
8316-BBQAY,65,59.949999999999974,5
1166-PQLGG,72,19.550000000000026,1
3146-JTQHR,10,19.599999999999838,1
4291-YZODP,7,20.049999999999983,1
4395-PZMSN,5,85.54999999999995,3
6427-FEFIG,24,78.59999999999992,6
0017-IUDMW,72,116.79999999999995,8
8706-HRADD,21,43.54999999999997,3
9955-QOPOY,69,60.79999999999997,5
4385-ZKVNW,44,54.899999999999956,3
5446-DKWYW,61,65.19999999999996,4
2034-CGRHZ,24,102.94999999999985,6
5797-APWZC,1,90.59999999999994,3
3683-QKIUE,6,50.79999999999997,2
4228-ZGYUW,4,90.04999999999994,4
9031-ZVQPT,72,108.20000000000006,7
2990-IAJSV,72,91.99999999999994,8
8107-KNCIM,14,75.09999999999995,2
9027-YFHQJ,7,25.049999999999905,2
5176-LDKUH,48,75.14999999999995,2
4644-OBGFZ,55,19.499999999999908,1
7926-IJOOU,1,19.30000000000004,1
6480-YAGIY,45,112.20000000000006,7
4029-HPFVY,3,70.29999999999995,1
7602-DBTOU,71,19.599999999999838,1
5345-BMKWB,8,20.24999999999985,1
3519-ZKXGG,3,75.84999999999995,2
5457-COLHT,69,80.64999999999995,6
6416-TVAIH,1,68.49999999999996,1
5451-YHYPW,72,115.74999999999991,8
5108-ADXWO,11,73.49999999999994,2
7998-WNZEM,71,80.59999999999992,7
3066-RRJIO,1,69.94999999999995,1
4664-NJCMS,33,59.54999999999997,5
0307-BCOPK,16,19.05000000000006,1
7629-WFGLW,56,95.64999999999998,6
2542-HYGIQ,1,19.950000000000053,1
6715-OFDBP,5,70.04999999999994,4
5016-LIPDW,57,19.39999999999997,1
6481-LXPWL,56,36.09999999999998,2
1567-DSCIC,8,93.99999999999994,5
2150-UWTFY,22,61.14999999999997,4
6124-ACRHJ,1,19.749999999999886,1
9362-MWODR,40,64.09999999999995,4
9975-GPKZU,46,19.749999999999886,1
9625-RZFUK,63,19.700000000000074,1
5153-LXKDT,68,110.1999999999999,7
5161-UBZXI,69,106.34999999999995,6
1020-JPQOW,56,90.54999999999994,5
7919-ZODZZ,10,65.89999999999996,4
0565-JUPYD,63,104.49999999999986,7
6867-ACCZI,24,52.49999999999996,5
5939-XAIXZ,19,56.09999999999996,3
9054-FOWNV,22,88.74999999999994,4
2683-BPJSO,29,84.44999999999993,4
2157-MXBJS,13,75.29999999999993,5
8207-VVMYB,70,26.00000000000002,2
9732-EQMWY,49,99.39999999999999,5
9360-AHGNL,43,109.5499999999999,7
1087-UDSIH,3,19.599999999999838,1
5269-NRGDP,42,73.14999999999995,5
6195-MELTI,57,54.64999999999998,3
5485-WUYWF,2,66.39999999999996,4
2121-JAFOM,72,115.55000000000004,8
8818-DOPVL,46,104.45000000000005,6
2632-UCGVD,66,100.05000000000001,5
5445-PZWGX,62,102.00000000000004,6
1227-UDMZR,72,91.14999999999995,8
5198-HQAEN,35,89.69999999999993,4
9170-CCKOU,17,90.19999999999993,5
2167-FQSTQ,72,92.39999999999995,8
2819-GWENI,28,19.899999999999935,1
1043-YCUTE,56,25.15000000000014,2
3814-MLAXC,31,79.84999999999995,3
3572-UUHRS,45,18.849999999999895,1
2692-PFYTJ,1,25.750000000000036,2
1226-UDFZR,2,49.599999999999966,2
5955-EPOAZ,6,20.949999999999974,1
6821-JPCDC,48,97.04999999999993,5
8815-LMFLX,25,25.40000000000012,2
9135-HSWOC,64,19.700000000000074,1
8582-KRHPJ,50,34.99999999999997,2
5811-IWXYM,52,101.2499999999998,5
7044-YAACC,4,70.19999999999996,1
8189-XRIKE,32,90.94999999999993,3
1506-YJTYT,45,73.84999999999995,6
4123-DVHPH,9,88.04999999999994,4
6425-YQLLO,66,105.94999999999993,6
5442-UTCVD,3,91.84999999999992,4
2228-BZDEE,54,20.1000000000001,1
7734-DBOAI,1,40.09999999999998,2
2789-CZANW,64,110.29999999999984,7
2091-RFFBA,31,73.89999999999995,2
2114-MGINA,14,89.79999999999993,3
7596-LDUXP,12,85.14999999999995,3
3740-RLMVT,67,60.94999999999995,4
4489-SNOJF,35,72.24999999999996,6
2192-OZITF,45,73.54999999999994,5
5651-CPDND,10,45.999999999999964,1
2186-QZEYA,29,58.549999999999955,4
1131-ALZWV,24,24.60000000000006,2
7729-XBTWX,66,19.749999999999886,1
9134-WYRVP,51,86.34999999999992,3
3284-SVCRO,45,25.50000000000005,2
9732-OUYRN,49,18.999999999999943,1
0559-CKHUS,29,19.550000000000026,1
2931-SVLTV,40,110.09999999999997,7
6899-PPEEA,37,96.54999999999997,4
7504-UWHNB,25,69.74999999999996,1
2582-FFFZR,22,50.59999999999998,3
8908-NMQTX,72,65.59999999999995,6
2187-LZGPL,7,40.09999999999998,2
1431-AIDJQ,33,82.09999999999994,6
6288-LBEAR,23,79.09999999999995,3
4597-NUCQV,24,101.2499999999998,5
9019-QVLZD,1,79.54999999999994,2
8413-YNHNV,69,90.64999999999992,8
5808-TOTXO,3,20.549999999999947,1
4369-NYSCF,56,75.74999999999996,5
6333-YDVLT,65,110.00000000000004,7
5324-KTGCG,71,20.850000000000044,1
5599-HVLTW,14,80.34999999999995,3
7394-LWLYN,2,70.14999999999996,1
3707-LRWZD,32,84.04999999999994,3
6873-UDNLD,40,67.44999999999996,4
2700-LUEVA,1,20.750000000000114,1
1455-ESIQH,1,89.09999999999992,3
0958-YHXGP,7,69.89999999999995,1
1101-SSWAG,15,51.09999999999997,2
2979-SXESE,17,94.39999999999995,5
4013-TLDHQ,19,78.24999999999996,3
5743-KHMNA,71,25.54999999999987,2
4194-FJARJ,54,59.999999999999964,4
5325-UWTWJ,31,90.54999999999994,5
3969-GYXEL,11,76.39999999999995,2
9208-OLGAQ,18,84.94999999999993,3
3244-CQPHU,72,110.09999999999997,7
2674-MLXMN,71,99.64999999999998,5
9708-HPXWZ,5,45.39999999999998,3
6992-TKNYO,38,68.99999999999996,5
4468-YDOVK,5,48.64999999999998,2
3754-DXMRT,2,44.14999999999998,1
5792-JALQC,52,59.84999999999995,4
7130-VTEWQ,8,75.74999999999996,2
2200-DSAAL,68,80.64999999999995,6
4302-ZYFEL,69,20.549999999999947,1
9351-LZYGF,42,66.39999999999996,5
4366-CTOUZ,50,100.20000000000006,5
6121-VZNQB,1,19.099999999999874,1
7903-CMPEY,1,80.29999999999995,3
1518-OMDIK,33,44.54999999999998,1
6671-NGWON,7,20.35000000000008,1
0595-ITUDF,64,91.79999999999993,5
6996-KNSML,1,74.89999999999996,2
1955-IBMMB,59,20.20000000000003,1
0096-BXERS,6,50.349999999999966,2
3806-YAZOV,3,18.800000000000082,1
7998-ZLXWN,15,20.450000000000017,1
6253-WRFHY,13,64.74999999999996,3
9133-AYJZG,23,98.69999999999986,5
2675-OTVVJ,31,89.44999999999993,4
8680-CGLTP,29,58.74999999999997,4
8430-TWCBX,49,20.699999999999996,1
5018-GWURO,56,85.59999999999994,3
6741-QRLUP,63,80.29999999999995,7
4737-HOBAX,63,79.79999999999993,6
0537-QYZZN,24,79.84999999999995,3
3340-QBBFM,36,54.09999999999996,3
1704-NRWYE,9,80.84999999999994,2
2592-SEIFQ,3,24.750000000000107,0
8200-KLNYW,21,80.89999999999996,6
3372-CDXFJ,13,24.500000000000128,2
4781-ZXYGU,1,20.149999999999913,1
7632-YUTXB,25,20.049999999999983,1
2718-YSKCS,71,19.599999999999838,1
9896-UYMIE,66,114.29999999999984,8
0853-NWIFK,45,100.29999999999998,5
8212-CRQXP,22,79.99999999999994,2
6980-CDGFC,67,20.850000000000044,1
7691-XVTZH,68,89.94999999999995,4
2520-SGTTA,0,19.999999999999865,1
7481-ATQQS,49,90.84999999999994,4
2277-VWCNI,4,48.74999999999997,2
1088-CNNKB,63,79.99999999999994,7
8642-GVWRF,2,79.69999999999993,3
1930-BZLHI,21,20.35000000000008,1
3400-ESFUW,55,57.54999999999997,4
5868-YTYKS,1,20.24999999999985,1
3525-DVKFN,17,19.39999999999997,1
1482-OXZSY,30,100.39999999999992,5
0377-JBKKT,22,57.949999999999974,4
5778-BVOFB,9,59.49999999999997,3
3373-YZZYM,1,19.20000000000011,1
2057-ZBLPD,21,86.49999999999994,3
0228-MAUWC,19,59.54999999999997,4
5502-RLUYV,69,103.95000000000007,6
0023-HGHWL,1,25.100000000000023,0
7663-YJHSN,72,103.95000000000007,7
4915-BFSXL,70,68.94999999999996,5
3086-RUCRN,66,103.0999999999999,7
5215-LNLDJ,7,24.699999999999996,0
7576-JMYWV,46,110.1999999999999,7
9039-RBEEE,39,48.94999999999999,4
0257-KXZGU,32,62.44999999999996,4
1307-ATKGB,24,89.54999999999993,4
8417-FMLZI,6,83.54999999999995,3
3714-XPXBW,37,78.89999999999996,7
1850-AKQEP,8,20.35000000000008,1
2824-DXNKN,72,71.44999999999995,5
5227-JSCFE,71,46.349999999999966,4
0848-ZGQIJ,16,94.64999999999992,4
3621-CHYVB,57,49.89999999999997,4
8042-RNLKO,66,25.44999999999994,2
1792-UXAFY,17,89.14999999999995,4
5372-FBKBN,21,20.750000000000114,1
0420-TXVSG,66,66.09999999999995,5
6217-TOWGS,17,75.39999999999995,5
0515-YPMCW,1,70.44999999999996,1
0378-XSZPU,58,60.29999999999995,4
1045-LTCYT,8,21.049999999999912,1
1544-JJMYL,27,69.34999999999997,5
4636-JGAAI,34,88.84999999999994,4
6874-SGLHU,30,96.9999999999998,4
5951-AOFIH,33,66.39999999999996,4
4729-XKASR,1,24.750000000000107,0
3059-NGMXB,14,69.19999999999995,5
8652-YHIYU,16,79.49999999999994,3
5278-PNYOX,49,100.64999999999989,5
5449-FIBXJ,19,103.29999999999976,6
3486-HOOGQ,70,79.69999999999993,7
5061-PBXFW,32,61.399999999999956,4
8630-FJLIB,18,69.79999999999995,1
3891-NLXJB,37,40.54999999999998,3
4749-OJKQU,4,75.64999999999993,2
0577-WHMEV,16,90.69999999999993,5
5453-AXEPF,17,80.49999999999993,3
3639-XJHKQ,19,60.59999999999995,4
3716-LRGXK,60,101.14999999999986,5
2263-SFSQZ,51,24.949999999999974,2
9950-MTGYX,28,20.29999999999997,1
3397-AVTKU,43,59.999999999999964,3
4825-FUREZ,42,20.24999999999985,1
9837-BMCLM,3,78.49999999999994,2
2672-OJQZP,1,44.74999999999997,1
0137-UDEUO,3,19.850000000000122,1
3134-DSHVC,63,98.00000000000003,6
6161-UUUTA,3,79.89999999999995,2
7821-DPRQE,68,107.69999999999979,7
6543-XRMYR,30,99.69999999999979,5
2001-EWBQU,60,104.70000000000002,6
4925-LMHOK,15,58.59999999999995,4
1608-GMEWB,45,93.89999999999992,4
6695-AMZUF,70,86.44999999999995,7
1455-UGQVH,10,98.5,5
8410-BGQXN,4,19.39999999999997,1
8280-MQRQN,1,50.44999999999996,2
1619-YWUBB,68,24.949999999999974,2
7611-YKYTC,22,74.99999999999996,2
2037-SGXHH,38,94.64999999999992,5
3178-FESZO,1,100.24999999999987,5
0365-GXEZS,18,78.19999999999996,3
0082-OQIQY,29,94.19999999999993,4
6087-MVHJH,16,88.44999999999993,4
4603-JANFB,1,69.84999999999995,1
3018-TFTSU,12,81.69999999999993,3
3606-SBKRY,31,50.04999999999996,3
4806-KEXQR,4,79.89999999999995,2
0667-NSRGI,48,69.54999999999994,5
7083-YNSKY,15,25.40000000000012,2
6893-ODYYE,50,90.09999999999994,5
8242-JSVBO,7,44.64999999999998,1
2479-BRAMR,41,83.74999999999993,4
9541-ZPSEA,68,80.34999999999995,3
2665-NPTGL,26,98.09999999999997,5
1139-WUOAH,57,53.34999999999995,4
4693-VWVBO,3,19.550000000000026,1
7434-SHXLS,1,20.899999999999856,1
6937-GCDGQ,19,48.94999999999999,2
0988-JRWWP,3,54.19999999999998,2
5075-JSDKI,59,24.45000000000001,2
7908-QCBCA,1,69.39999999999995,1
8644-XYTSV,42,40.14999999999998,2
6711-FLDFB,7,74.89999999999996,2
3873-WOSBC,67,25.599999999999987,2
7465-ZZRVX,1,70.34999999999994,1
7975-JMZNT,66,91.69999999999993,8
7251-XFOIL,61,89.19999999999995,4
4116-IQRFR,4,24.1000000000001,2
3714-JTVOV,42,74.14999999999996,2
8259-DZLIZ,64,53.84999999999998,3
0442-ZXKVS,54,115.59999999999985,8
7853-WNZSY,1,19.749999999999886,1
3120-FAZKD,54,24.049999999999983,2
8606-OEGQZ,18,25.29999999999989,2
0225-ZORZP,3,84.29999999999995,3
4702-IOQDC,1,70.09999999999994,1
9489-JMTTN,72,89.74999999999994,8
0575-CUQOV,60,97.94999999999992,5
0967-BMLBD,11,19.999999999999865,1
6178-KFNHS,12,78.29999999999995,3
2830-LEWOA,61,103.89999999999995,6
5006-MXVRN,39,20.699999999999996,1
1264-BYWMS,55,96.79999999999995,4
9658-WYUFB,17,94.39999999999995,5
8327-WKMIE,37,20.149999999999913,1
6917-FIJHC,72,26.00000000000002,2
5329-KRDTM,72,77.34999999999994,6
7797-EJMDP,8,66.04999999999995,4
3530-VWVGU,22,19.899999999999935,1
2013-SGDXK,1,84.29999999999995,3
6368-NWMCE,38,68.14999999999996,5
3633-CDBUW,17,80.84999999999994,6
0707-HOVVN,70,75.49999999999994,6
8580-QVLOC,72,92.44999999999995,8
3956-MGXOG,28,80.59999999999992,2
9274-UARKJ,15,83.19999999999995,3
4077-HWUYD,72,87.54999999999995,8
2012-NWRPA,11,99.55000000000004,5
8808-ELEHO,8,81.24999999999994,3
0103-CSITQ,57,109.39999999999985,7
3506-LCJDC,1,19.950000000000053,1
8671-KKKOS,46,45.54999999999997,3
7305-ZWMAJ,30,20.699999999999996,1
9518-XXBXE,10,75.29999999999993,2
3934-HXCFZ,23,99.24999999999994,6
6578-KRMAW,32,93.39999999999993,5
4860-IJUDE,13,73.74999999999996,2
7666-WKRON,39,80.44999999999993,3
9688-YGXVR,44,88.14999999999993,4
0423-UDIJQ,9,49.19999999999997,2
1945-XISKS,67,19.649999999999956,1
4910-AQFFX,9,79.34999999999994,3
2154-KVJFF,15,79.74999999999993,3
5360-LJCNJ,71,105.14999999999986,6
2607-FBDFF,1,48.99999999999998,2
9647-ERGBE,30,100.05000000000001,5
3428-XZMAZ,1,69.34999999999997,1
1100-DDVRV,17,49.79999999999998,3
0378-TOVMS,3,85.79999999999993,3
4355-HBJHH,67,79.69999999999993,6
6728-WYQBC,1,20.949999999999974,1
9058-CBREO,1,50.549999999999955,2
9029-FEGVJ,32,79.29999999999994,3
7216-KAOID,41,19.499999999999908,1
0318-QUUOB,1,80.54999999999993,2
6145-NNPNO,1,44.14999999999998,1
5520-FVEWJ,12,84.49999999999994,4
5339-TJFEK,62,105.50000000000009,6
5572-ZDXHY,22,84.29999999999995,3
2074-GUHPQ,17,92.69999999999992,5
4625-XMOYM,72,26.25,2
5827-MWCZK,56,96.94999999999999,5
1385-TQOZW,9,20.450000000000017,1
5914-XRFQB,72,115.80000000000004,8
4329-YPDDQ,20,108.20000000000006,7
4804-NCPET,19,20.20000000000003,1
3750-CKVKH,2,67.74999999999996,1
5944-UGLLK,53,54.899999999999956,4
8063-GBATB,27,85.24999999999994,3
7787-BNTZM,6,20.149999999999913,1
2252-ISRNH,9,90.34999999999992,4
9415-TPKRV,8,55.74999999999996,3
5322-TEUJK,71,114.59999999999994,8
4547-KQRTM,10,80.04999999999994,3
4877-EVATK,1,19.999999999999865,1
1866-DIOQZ,71,66.79999999999995,6
8375-KVTHK,68,100.29999999999998,5
2697-NQBPF,34,105.35000000000002,6
3709-OIJEA,26,85.19999999999995,4
7639-SUPCW,22,48.79999999999997,2
1386-ZIKUV,7,18.95000000000013,1
0599-XNYDO,20,69.79999999999995,1
6377-WHAOX,60,106.15000000000009,6
6855-VLGOS,72,20.549999999999947,1
8999-XXGNS,72,105.75000000000006,6
8746-OQQRW,4,25.25000000000007,2
3181-MIZBN,16,19.749999999999886,1
0471-ARVMX,62,104.85000000000007,6
7766-CLTIC,10,60.94999999999995,3
5650-YLIBA,31,81.14999999999995,3
0825-CPPQH,71,19.099999999999874,1
9084-OAYKL,58,20.799999999999926,1
6122-LJADA,70,90.14999999999993,8
2400-XIWIO,71,90.09999999999994,8
7524-VRLPL,69,74.09999999999994,6
1069-XAIEM,1,85.04999999999993,3
7569-NMZYQ,72,118.74999999999999,8
5201-USSQZ,26,85.89999999999995,3
2105-PHWON,33,94.99999999999996,5
1494-EJZDW,10,20.149999999999913,1
4884-TVUQF,57,101.29999999999991,6
8003-EWNDZ,10,21.19999999999996,1
1897-RCFUM,39,24.20000000000003,2
9256-JTBNZ,11,20.29999999999997,1
4658-HCOHW,21,102.7999999999998,6
2211-RMNHO,68,85.29999999999994,7
2432-TFSMK,18,89.59999999999991,4
3440-JPSCL,6,99.94999999999978,5
4929-ROART,18,56.24999999999998,3
1834-ABKHQ,52,50.94999999999998,2
1741-WTPON,56,115.84999999999984,8
3932-IJWDZ,45,103.64999999999998,6
1240-HCBOH,67,26.09999999999995,2
3594-KADLU,3,35.099999999999994,2
8065-BVEPF,65,99.0999999999999,5
3796-ENZGF,63,67.24999999999996,5
1734-ZMNTZ,11,25.000000000000092,2
2853-CWQFQ,1,59.54999999999997,3
0813-TAXXS,55,77.79999999999993,5
2519-TWKFS,25,55.09999999999997,3
2889-FPWRM,72,117.79999999999987,8
0626-QXNGV,72,24.149999999999913,2
6723-CEGQI,65,45.24999999999996,3
6987-XQSJT,54,79.49999999999994,3
4732-RRJZC,7,20.24999999999985,1
9499-XPZXM,72,64.74999999999996,5
4338-EYCER,21,54.59999999999998,2
3007-FDPEA,2,20.699999999999996,1
6350-XFYGW,4,94.74999999999991,4
4290-BSXUX,3,79.64999999999993,3
8513-OLYGY,72,115.80000000000004,8
0311-QYWSS,6,49.449999999999974,2
8705-DWKTI,52,83.79999999999993,3
8755-IWJHN,69,95.34999999999988,5
0325-XBFAC,8,94.69999999999993,4
4480-QQRHC,8,74.04999999999994,2
0929-PECLO,63,89.59999999999991,4
3680-CTHUH,60,116.5999999999998,8
1202-KKGFU,12,54.19999999999998,3
6112-KTHFQ,13,19.30000000000004,1
1852-XEMDW,22,65.04999999999995,5
2462-XIIJB,5,92.49999999999994,4
4760-XOHVN,1,19.450000000000088,1
1820-DJFPH,72,24.049999999999983,2
9426-SXNHE,2,18.749999999999964,1
9068-FHQHD,40,20.149999999999913,1
1269-FOYWN,44,19.999999999999865,1
9470-YFUYI,71,70.99999999999996,5
7817-BOQPW,2,75.54999999999994,2
7402-EYFXX,26,93.59999999999992,4
1853-UDXBW,1,69.99999999999994,1
9895-VFOXH,1,24.3999999999999,0
5458-CQJTA,65,74.79999999999994,5
1230-QAJDW,3,65.24999999999996,4
5701-ZIKJE,13,50.549999999999955,2
5219-YIPTK,33,104.39999999999992,6
5032-MIYKT,1,70.69999999999995,1
7396-VJUZB,4,45.24999999999996,1
9717-QEBGU,2,70.29999999999995,1
5172-RKOCB,72,108.95,7
6509-TSGWN,37,26.449999999999868,2
3540-RZJYU,15,86.19999999999993,3
3178-CIFOT,23,19.649999999999956,1
2091-MJTFX,30,51.19999999999996,3
4530-NDRKU,42,19.05000000000006,1
5985-TBABQ,32,74.74999999999994,5
9800-ONTFE,22,75.79999999999995,2
6743-HHQPF,42,25.100000000000023,0
8455-HIRAQ,8,44.44999999999999,1
6616-AALSR,65,104.29999999999998,6
0883-EIBTI,2,19.499999999999908,1
9415-ZNBSX,70,88.99999999999993,8
4018-KJYUY,22,20.149999999999913,1
0722-TROQR,4,74.89999999999996,2
7571-YXDAD,2,74.89999999999996,2
3884-UEBXB,67,36.14999999999998,2
8780-RSYYU,25,19.20000000000011,1
5537-UXXVS,20,19.249999999999922,1
1791-PQHBB,2,61.19999999999997,3
8701-DGLVH,51,20.450000000000017,1
8741-LQOBK,46,35.04999999999997,2
3393-FMZPV,25,100.24999999999987,5
8082-GHXOP,13,43.99999999999996,1
6402-ZFPPI,25,102.7999999999998,6
0980-FEXWF,26,50.349999999999966,2
7486-KSRVI,43,99.99999999999989,5
3011-WQKSZ,19,19.999999999999865,1
8443-WVPSS,10,99.84999999999985,5
3006-XIMLN,2,94.19999999999993,4
8218-FFJDS,72,86.39999999999995,7
1986-PHGZF,18,58.39999999999997,4
9965-YOKZB,9,83.84999999999992,3
0504-HHAPI,27,88.29999999999993,4
9360-OMDZZ,24,94.09999999999994,4
6305-YLBMM,69,104.05000000000001,6
0345-XMMUG,46,108.89999999999989,7
8024-XNAFQ,72,107.39999999999999,7
3647-GMGDH,22,94.69999999999993,4
2988-GBIVW,70,90.84999999999994,4
2832-SCUCO,2,19.899999999999935,1
7036-ZZKBD,31,66.39999999999996,4
3791-LGQCY,56,100.64999999999989,5
0265-PSUAE,16,100.70000000000002,5
0463-TXOAK,52,25.599999999999987,2
0594-UFTUL,13,19.850000000000122,1
9509-MPYOD,35,20.750000000000114,1
9128-CPXKI,59,95.80000000000003,4
0129-KPTWJ,72,94.64999999999992,4
8166-ZZTFS,66,80.54999999999993,6
5855-EIBDE,49,106.65000000000005,7
5365-LLFYV,2,45.84999999999998,1
5956-YHHRX,21,104.3499999999998,6
6008-NAIXK,54,55.449999999999974,4
2956-GGUCQ,24,78.84999999999994,3
1928-BXYIV,1,61.14999999999997,4
5760-FXFVO,6,78.94999999999996,3
6595-COKXZ,1,44.44999999999999,1
0961-ZWLVI,49,109.19999999999999,7
5181-OABFK,56,61.29999999999996,4
4007-NHVHI,56,96.85000000000007,5
7816-VGHTO,6,40.54999999999998,3
5871-DGTXZ,32,19.800000000000004,1
7550-WIQVA,50,108.24999999999987,7
7544-ZVIKX,58,105.04999999999993,6
0016-QLJIS,65,90.44999999999995,8
7508-DQAKK,64,86.39999999999995,8
5176-OLSKT,66,66.89999999999996,5
9356-AXGMP,38,110.69999999999987,7
3556-BVQGL,20,19.999999999999865,1
0362-ZBZWJ,36,84.89999999999993,3
8979-CAMGB,64,102.09999999999997,6
4211-MMAZN,1,20.24999999999985,1
7581-EBBOU,60,70.14999999999996,5
4274-OWWYO,1,74.34999999999995,2
5073-RZGBK,50,80.04999999999994,7
1541-ETJZO,1,62.049999999999955,4
2192-CKRLV,72,49.19999999999997,4
3154-HMWUU,60,20.500000000000128,1
6119-SPUDB,46,38.24999999999997,3
6522-OIQSX,69,54.94999999999995,4
7813-ZGGAW,31,96.60000000000008,5
8748-HFWBO,19,19.899999999999935,1
1052-QJIBV,71,19.899999999999935,1
1319-YLZJG,12,84.59999999999992,4
4106-HADHQ,39,79.99999999999994,6
0723-FDLAY,44,85.24999999999994,7
3050-RLLXC,56,81.24999999999994,7
9298-WGMRW,72,115.49999999999993,8
2369-UAPKZ,5,104.09999999999982,6
3088-LHEFH,11,78.99999999999996,3
2778-OCLGR,24,39.099999999999966,2
6583-KQJLK,15,94.64999999999992,4
8544-JNBOX,72,20.799999999999926,1
6681-ZSEXG,56,59.49999999999997,4
6139-ZZRBQ,64,20.049999999999983,1
6116-RFVHN,34,100.45000000000005,5
0637-KVDLV,2,76.49999999999997,2
8884-FEEWR,35,20.600000000000065,1
3125-RAHBV,22,20.29999999999997,1
6633-MPWBS,5,49.19999999999997,2
0373-AIVNJ,9,39.54999999999997,3
8785-EPNCG,11,23.14999999999999,2
1682-VCOIO,23,20.450000000000017,1
5729-KLZAR,4,80.84999999999994,2
2072-ZVJJX,68,25.25000000000007,2
8849-AYPTR,33,91.24999999999994,3
9518-IMLHK,31,72.44999999999996,6
1582-RAFML,1,60.09999999999996,4
3646-ITDGM,56,19.700000000000074,1
8740-CRYFY,1,78.94999999999996,2
3569-VLDHH,66,75.09999999999995,6
8224-KDLKN,72,25.000000000000092,2
7594-LZNWR,34,69.14999999999995,1
4001-TSBTV,58,91.54999999999993,4
2962-XPMCQ,2,45.14999999999996,1
8727-XDPUD,37,35.799999999999976,1
1043-UXOVO,71,113.14999999999986,8
1064-FBXNK,1,19.850000000000122,1
3996-ZNWYK,71,19.800000000000004,1
2878-DHMIN,35,19.899999999999935,1
7762-ONLJY,6,19.700000000000074,1
1678-FYZOW,3,79.39999999999996,2
5795-BKOYE,69,59.09999999999997,4
8627-EHGIP,44,53.949999999999974,4
7402-PWYJJ,53,91.14999999999995,4
5480-TBGPH,24,99.30000000000007,5
0018-NYROU,5,68.94999999999996,1
7501-VTYLJ,2,51.54999999999997,2
7608-RGIRO,62,24.3999999999999,2
0480-BIXDE,19,96.79999999999995,4
5895-QSXOD,9,70.04999999999994,1
9814-AOUDH,53,19.499999999999908,1
6175-IRFIT,5,78.74999999999994,2
8760-ZRHKE,71,69.19999999999995,5
1622-HSHSF,1,19.550000000000026,1
8854-CCVSQ,18,80.64999999999995,3
6749-UTDVX,72,103.64999999999998,6
5542-DHSXL,4,54.699999999999974,3
9102-OXKFY,59,54.149999999999956,3
0511-JTEOY,1,71.09999999999995,1
5216-WASFJ,31,84.84999999999994,3
7808-DVWEP,3,19.999999999999865,1
7067-KSAZT,65,106.25000000000003,6
2284-VFLKH,49,99.24999999999994,5
0366-NQSHS,2,19.34999999999986,1
6532-YLWSI,53,20.799999999999926,1
3807-BPOMJ,55,94.74999999999991,4
3892-NXAZG,72,114.04999999999986,8
4948-WBBKL,36,74.89999999999996,2
4182-BGSIQ,10,19.800000000000004,1
9300-AGZNL,1,93.99999999999994,4
0988-AADSA,72,80.84999999999994,7
9972-NKTFD,28,54.64999999999998,3
3717-LNXKW,38,91.69999999999993,4
5734-EJKXG,61,118.59999999999994,8
2207-RYYRL,52,24.549999999999947,2
6729-FZWSY,67,19.450000000000088,1
9695-IDRZR,34,116.14999999999995,8
8144-DGHXP,54,80.59999999999992,6
7814-LEEVE,1,20.29999999999997,1
1112-CUNAO,15,89.84999999999992,4
5175-AOBHI,4,45.999999999999964,1
5174-RNGBH,9,66.24999999999996,4
8631-WUXGY,46,99.80000000000003,5
7270-BDIOA,22,89.99999999999994,4
9565-JSNFM,38,70.44999999999996,1
5906-DVAPM,55,74.99999999999996,6
6654-QGBZZ,1,19.899999999999935,1
8348-JLBUG,64,80.29999999999995,3
0607-DAAHE,53,19.749999999999886,1
5641-DMBFJ,58,84.29999999999995,7
9200-NLNPD,56,54.04999999999996,4
2664-XJZNO,72,104.89999999999988,6
9732-KPKBW,1,53.949999999999974,3
3339-EAQNV,72,97.25000000000009,5
0921-OHLVP,22,83.04999999999993,3
3389-YGYAI,8,105.50000000000009,6
9560-ARGQJ,16,80.99999999999996,2
8350-NYMVI,39,41.099999999999966,3
1600-DILPE,12,44.99999999999998,1
0536-ESJEP,54,74.54999999999995,5
4654-GGUII,18,40.199999999999974,3
6478-HRRCZ,32,70.49999999999996,5
8510-BBWMU,41,19.749999999999886,1
6857-TKDJV,67,24.649999999999878,2
2360-RDGRO,65,104.24999999999987,6
0584-BJQGZ,25,78.34999999999995,7
5134-IKDAY,1,69.79999999999995,1
1360-XFJMR,67,109.69999999999995,7
3070-DVEYC,7,73.74999999999996,2
5730-RIITO,43,33.44999999999994,2
9058-MJLZC,24,94.59999999999994,4
5707-ORNDZ,9,54.549999999999955,3
0902-XKXPN,69,20.20000000000003,1
5177-RVZNU,37,20.29999999999997,1
0056-EPFBG,20,39.39999999999998,3
8993-IZEUX,7,69.14999999999995,1
8696-JKZNU,37,76.24999999999996,2
5380-AFSSK,5,93.89999999999992,4
8190-ZTQFB,41,51.34999999999995,3
0931-MHTEM,54,100.05000000000001,5
2055-PDADH,3,70.39999999999998,1
7515-LODFU,69,20.29999999999997,1
0440-UEDAI,53,94.44999999999995,5
1337-BOZWO,18,46.39999999999996,3
0868-VJRDR,64,104.05000000000001,6
8714-EUHJO,31,91.14999999999995,4
6344-SFJVH,20,24.899999999999856,0
3950-VPYJB,57,59.599999999999966,4
8041-TMEID,63,108.49999999999986,7
7321-ZNSLA,13,40.54999999999998,3
6941-KXRRV,48,58.94999999999995,3
3721-CNEYS,2,70.94999999999996,1
8727-JQFHV,57,20.750000000000114,1
9475-NNDGC,71,113.14999999999986,7
1355-KUSBG,7,48.79999999999997,2
3688-FTHLT,16,63.049999999999955,3
0899-LIIBW,34,100.84999999999977,5
2568-OIADY,37,99.49999999999993,5
1384-RCUXW,16,80.54999999999993,3
5825-XJOCM,48,64.39999999999996,5
6848-YLDFR,58,75.19999999999995,5
8125-QPFJD,72,84.89999999999993,7
2320-YKQBO,7,19.30000000000004,1
1193-RTSLK,38,83.89999999999995,4
2302-ANTDP,48,117.44999999999996,8
5923-GXUOC,10,104.39999999999992,6
4973-RLZVI,30,74.64999999999995,6
7869-ZYDST,31,59.04999999999995,3
4501-UYKBC,46,69.09999999999995,5
1215-EXRMO,50,20.549999999999947,1
2305-MRGLV,28,76.54999999999995,2
8404-VIOMB,66,62.49999999999996,6
5233-GEEAX,8,29.39999999999982,1
2359-KLTEK,41,94.90000000000003,4
5304-EFJLP,72,111.64999999999998,7
2673-ZALNP,7,19.899999999999935,1
9184-GALIL,38,20.450000000000017,1
4393-RYCRE,44,106.04999999999986,6
9746-MDMBK,47,113.44999999999996,8
3162-ZJZFU,53,92.54999999999993,4
8404-GFGCZ,4,65.59999999999995,4
8875-AKBYH,20,84.34999999999995,3
4432-ADRLB,2,44.64999999999998,1
0533-UCAAU,57,71.09999999999995,5
1394-SUIUH,44,85.14999999999995,4
3521-MNKLV,24,49.69999999999996,2
2533-TIBIX,15,30.199999999999882,1
8993-PHFWD,3,25.25000000000007,0
1565-RHDJD,4,84.04999999999994,4
7137-RYLPP,37,85.69999999999993,3
3765-JXVKY,1,74.69999999999995,2
5092-STPKP,24,56.34999999999997,3
7330-WZLNC,5,90.79999999999995,4
0114-PEGZZ,33,107.55000000000004,6
3359-DSRKA,58,19.850000000000122,1
8639-NHQEI,72,95.89999999999995,5
7161-DFHUF,71,23.850000000000115,2
3957-LXOLK,28,106.15000000000009,6
3720-DBRWL,51,83.84999999999992,7
6635-MYYYZ,30,85.34999999999994,7
8565-WUXZU,72,84.79999999999994,4
5281-BUZGT,36,90.84999999999994,4
4994-OBRSZ,14,76.09999999999994,6
0562-FGDCR,72,74.54999999999995,6
2436-QBZFP,22,39.19999999999999,2
3420-YJLQT,2,79.54999999999994,3
6040-CGACY,15,19.599999999999838,1
6582-PLFUU,51,19.550000000000026,1
8242-PDSGJ,70,39.14999999999996,3
0264-CNITK,71,20.1000000000001,1
0089-IIQKO,39,99.94999999999978,5
7839-NUIAA,61,59.799999999999955,4
6075-QMNRR,52,49.749999999999986,2
5378-IKEEG,1,35.74999999999998,1
5966-EMAZU,64,108.49999999999986,7
0440-EKDCF,62,60.149999999999956,4
4774-HHGGS,30,19.05000000000006,1
2718-GAXQD,4,45.999999999999964,1
2055-BFOCC,63,83.99999999999994,7
8180-AKMJV,1,44.54999999999998,1
4298-OYIFC,15,103.44999999999982,6
5566-SOEZD,27,80.64999999999995,3
9842-EFSYY,4,57.19999999999997,5
2272-WUSPA,72,110.74999999999999,7
4584-LBNMK,45,24.699999999999996,2
3898-GUYTS,45,97.04999999999993,6
0930-EHUZA,36,76.34999999999995,6
6413-XKKPU,17,89.39999999999993,4
9975-SKRNR,1,18.900000000000013,1
3703-KBKZP,16,74.44999999999996,2
1449-XQEMT,3,19.800000000000004,1
2626-URJFX,4,50.899999999999956,2
4973-MGTON,71,84.39999999999995,7
3682-YEUWS,10,24.3999999999999,2
1223-UNPKS,20,20.049999999999983,1
2612-RRIDN,4,80.99999999999996,2
4735-ASGMA,26,98.34999999999995,5
3446-QDSZF,4,55.49999999999997,2
3669-LVWZB,5,50.99999999999998,3
6892-EZDTG,4,91.64999999999995,4
5117-IFGPS,29,84.29999999999995,3
7379-FNIUJ,2,100.20000000000006,5
1627-AFWVJ,29,19.39999999999997,1
9725-SCPZG,1,90.84999999999994,3
5884-GCYMI,1,69.39999999999995,1
3217-FZDMN,8,94.44999999999995,4
4486-EFAEB,13,20.3999999999999,1
0060-FUALY,59,94.74999999999991,5
7853-GVUDZ,1,20.149999999999913,1
7480-QNVZJ,50,95.70000000000009,4
6954-OOYZZ,18,44.349999999999966,1
7088-FBAWU,17,74.54999999999995,5
8313-AFGBW,47,73.59999999999994,5
3943-KDREE,26,74.94999999999996,2
9239-ZBZZV,6,47.94999999999997,3
3097-IDVPU,19,50.09999999999999,2
4398-HSCJH,3,63.59999999999996,4
2197-OMWGI,68,52.99999999999995,4
2303-PJYHN,2,19.850000000000122,1
9795-VOWON,7,24.35000000000008,0
1237-WIYYZ,18,19.550000000000026,1
1987-AUELQ,71,25.049999999999905,2
7852-LECYP,13,93.79999999999993,5
4430-UZIPO,3,36.84999999999999,2
4822-LPTYJ,72,103.74999999999991,6
8165-CBKXO,66,56.74999999999997,4
6527-PZFPV,24,20.799999999999926,1
4855-SNKMY,1,44.09999999999998,1
9593-CVZKR,56,24.45000000000001,2
8595-SIZNC,22,25.599999999999987,2
8008-HAWED,14,50.74999999999997,3
7124-UGSUR,61,104.39999999999992,6
1862-SKORY,40,39.29999999999998,2
5236-XMZJY,42,59.64999999999996,4
4827-DPADN,72,83.29999999999994,7
2694-CIUMO,12,79.54999999999994,3
5846-ABOBJ,71,24.45000000000001,2
1439-LCGVL,26,19.20000000000011,1
0909-SDHNU,7,29.799999999999855,1
4647-XXZAM,6,45.49999999999997,1
1502-XFCVR,58,106.44999999999987,6
7740-KKCXF,51,30.049999999999834,1
5360-XGYAZ,72,65.64999999999996,6
9692-TUSXH,18,96.05000000000001,4
7912-SYRQT,7,75.09999999999995,2
3557-HTYWR,47,74.04999999999994,6
4816-JBHOV,2,44.699999999999974,1
8920-NAVAY,62,110.74999999999999,7
1699-TLDLZ,16,19.700000000000074,1
5600-PDUJF,6,49.49999999999997,2
8292-TYSPY,19,54.99999999999995,3
0567-XRHCU,69,43.94999999999996,3
1867-BDVFH,11,74.34999999999995,2
2067-QYTCF,64,111.15,7
2359-QWQUL,39,104.70000000000002,6
9103-TCIHJ,15,55.69999999999996,3
7407-SUJIZ,25,20.600000000000065,1
9150-KPBJQ,6,19.649999999999956,1
0052-DCKON,66,115.80000000000004,8
3654-ARMGP,61,88.64999999999995,7
9699-UBQFS,43,94.49999999999994,5
9367-TCUYN,12,20.1000000000001,1
1261-FWTTE,23,34.650000000000034,1
3528-HFRIQ,71,52.29999999999997,4
0708-SJDIS,34,64.99999999999996,4
4140-WJAWW,5,19.850000000000122,1
2073-QBVBI,41,35.449999999999974,2
6928-ONTRW,72,19.700000000000074,1
3320-VEOYC,14,95.59999999999985,4
5231-FIQPA,41,19.850000000000122,1
6617-WLBQC,23,81.84999999999992,3
2599-CIPQE,71,109.29999999999991,7
6653-CBBOM,1,70.29999999999995,1
8774-GSBUN,72,25.40000000000012,2
7326-RIGQZ,6,69.79999999999995,1
1401-FTHFQ,23,19.999999999999865,1
3247-ZVOUO,10,85.54999999999995,3
0254-FNMCI,72,109.8999999999998,7
1848-LBZHY,7,50.29999999999997,2
6101-IMRMM,6,94.49999999999994,4
8118-TJAFG,9,101.49999999999977,5
5429-LWCMV,12,89.14999999999995,4
7298-IZWLY,1,19.39999999999997,1
9758-MFWGD,48,29.900000000000084,1
3955-JBZZM,20,78.79999999999994,2
1268-ASBGA,16,85.34999999999994,3
8943-URTMR,2,79.64999999999993,2
4815-TUMEQ,10,19.30000000000004,1
4713-LZDRV,2,79.59999999999994,2
9909-IDLEK,20,96.79999999999995,5
4092-OFQZS,20,20.649999999999878,1
1561-BWHIN,19,19.800000000000004,1
4325-NFSKC,19,90.59999999999994,4
9927-DSWDF,22,104.59999999999978,6
9500-LTVBP,35,80.04999999999994,3
7252-NTGSS,1,45.14999999999996,1
8149-AIQCG,39,73.14999999999995,2
1360-JYXKQ,54,99.0999999999999,5
2955-PSXOE,1,20.20000000000003,1
7762-URZQH,66,106.04999999999986,6
0899-WZRSD,56,105.35000000000002,6
3255-GRXMG,18,45.64999999999996,1
4828-FAZPK,16,79.94999999999995,3
6094-ZIVKX,68,54.44999999999996,3
6925-BAYGL,53,25.100000000000023,2
3262-EIDHV,72,84.69999999999995,7
7354-OIJLX,9,75.84999999999995,2
1376-HHBDV,30,48.79999999999997,2
6907-NZZIJ,36,99.15,5
6133-OZILE,18,35.19999999999999,2
4135-FRWKJ,55,76.24999999999996,6
2911-UREFD,39,55.89999999999998,4
3744-ZRRDZ,21,82.34999999999995,3
5673-TIYIB,2,40.39999999999996,3
6551-ZCOTS,33,24.899999999999856,2
7191-ADRGF,44,54.299999999999976,4
5018-LXQQG,30,66.29999999999995,4
6892-BOGQE,71,20.899999999999856,1
1602-IJQQE,4,75.34999999999994,2
4628-WQCQQ,35,85.14999999999995,3
1746-TGTWV,1,75.34999999999994,2
5995-SNNEW,23,104.45000000000005,6
8050-WYBND,22,49.449999999999974,3
2821-WARNZ,49,19.450000000000088,1
4879-GZLFH,42,92.14999999999993,4
1644-IRKSF,33,93.79999999999993,4
8314-HTWVE,7,19.850000000000122,1
9402-ROUMJ,67,100.24999999999987,6
2507-QZPQS,15,95.70000000000009,5
7159-NOKYQ,67,93.14999999999995,5
5707-ZMDJP,53,69.69999999999996,5
8779-YIQQA,21,19.800000000000004,1
7136-IHZJA,40,71.34999999999997,5
8966-OIQHG,22,20.750000000000114,1
7074-STDCN,39,40.59999999999998,2
3705-PSNGL,45,20.3999999999999,1
8739-QOTTN,2,20.35000000000008,1
1399-OUPJN,57,19.749999999999886,1
0277-BKSQP,8,54.39999999999996,2
6502-HCJTI,7,94.69999999999993,5
2606-RMDHZ,6,30.49999999999998,1
5774-XZTQC,7,20.450000000000017,1
2676-SSLTO,49,66.14999999999996,4
6266-QHOJZ,65,89.84999999999992,5
7269-JISCY,55,45.049999999999976,1
0363-SVHYR,71,86.84999999999994,8
8547-NSBBO,35,96.74999999999983,6
8258-GSTJK,3,76.99999999999996,2
6861-OKBCE,11,20.1000000000001,1
9940-RHLFB,1,75.29999999999993,2
6591-QGOYB,17,106.65000000000005,7
9070-BCKQP,72,110.14999999999979,7
6421-SZVEM,28,82.84999999999994,3
1328-EUZHC,18,20.1000000000001,1
2995-UPRYS,40,99.19999999999982,5
8878-RYUKI,52,59.44999999999998,3
9633-DENPU,47,58.59999999999995,3
7811-JIVPF,23,49.69999999999996,2
7113-HIPFI,66,65.84999999999995,5
8541-QVFKM,8,73.49999999999994,2
6686-YPGHK,47,85.49999999999996,3
1383-EZRWL,7,20.049999999999983,1
9258-CNWAC,71,113.64999999999984,8
5371-VYLSX,50,83.39999999999996,4
6374-AFWOX,46,65.64999999999996,5
4759-TRPLW,1,70.39999999999998,1
5317-FLPJF,66,61.34999999999996,5
7621-VPNET,42,85.89999999999995,4
6034-YMTOB,5,75.64999999999993,2
8563-IIOXK,7,49.749999999999986,2
4903-CNOZC,29,70.89999999999996,5
4353-HYOJD,27,49.84999999999998,2
8020-BWHYL,15,75.29999999999993,2
7267-FRMJW,25,20.1000000000001,1
2982-VPSGI,11,93.99999999999994,4
4188-FRABG,57,103.04999999999978,7
8199-ZLLSA,67,118.34999999999997,8
4128-ETESU,47,99.69999999999979,5
0620-DLSLK,13,81.89999999999995,2
4625-EWPTF,8,30.449999999999868,1
5980-NOPLP,44,96.09999999999982,4
3850-OKINF,71,66.19999999999996,4
6892-XPFPU,24,104.24999999999987,6
8010-EZLOU,15,80.19999999999996,3
1156-ZFYDO,1,19.749999999999886,1
3295-YVUSR,2,72.59999999999995,2
8016-NCFVO,55,116.49999999999986,8
4119-ZYPZY,71,106.7999999999998,6
5549-ZGHFB,50,24.949999999999974,2
7577-SWIFR,1,89.24999999999994,3
0303-WMMRN,5,19.249999999999922,1
6408-OTUBZ,66,104.54999999999997,7
5204-HMGYF,49,87.19999999999995,7
1078-TDCRN,3,30.749999999999964,1
3727-OVPRY,66,25.699999999999918,2
3797-FKOGQ,11,86.19999999999993,3
7622-NXQZR,28,30.09999999999995,1
6196-HBOBZ,65,99.34999999999988,6
3970-XGJDU,62,19.20000000000011,1
7017-VFULY,2,20.1000000000001,1
5562-YJQGT,2,20.35000000000008,1
8807-OPMBM,55,25.650000000000098,2
5439-WIKXB,41,94.54999999999994,4
9874-QLCLH,17,104.20000000000005,6
8294-UIMBA,30,94.39999999999995,4
8109-YUOHE,17,56.09999999999996,3
5840-NVDCG,16,68.24999999999996,5
8092-NLTGF,72,24.750000000000107,2
5928-QLDHB,9,76.24999999999996,2
9840-EFJQB,1,74.34999999999995,2
0696-UKTOX,23,54.149999999999956,3
4801-KFYKL,8,19.450000000000088,1
3472-OAOOR,19,34.949999999999974,2
6135-OZQVA,7,53.64999999999996,3
8062-YBDOE,1,69.64999999999996,1
2252-JHJGE,61,103.99999999999989,6
4188-PCPIG,57,70.34999999999994,5
6000-APYLU,9,80.79999999999994,2
7105-BENQF,15,64.84999999999995,4
7721-DVEKZ,1,19.649999999999956,1
3566-VVORZ,12,45.89999999999997,1
9507-HSMMZ,54,19.999999999999865,1
2480-SQIOB,4,44.79999999999997,1
0947-IDHRQ,7,80.29999999999995,2
7813-TKCVO,20,20.35000000000008,1
0128-MKWSG,26,45.79999999999998,3
3672-YITQD,36,84.09999999999994,3
4350-ZTLPI,53,108.95,7
9048-JVYVF,3,69.34999999999997,4
0361-HJRDX,68,64.34999999999995,6
5727-MYATE,72,90.79999999999995,8
3823-KYNQY,12,24.949999999999974,2
8988-ECPJR,34,79.59999999999994,3
7570-WELNY,68,84.69999999999995,4
3021-VLNRJ,50,70.79999999999994,5
3776-EKTKM,1,36.44999999999999,1
2080-CAZNM,41,104.39999999999992,6
1028-FFNJK,30,101.49999999999977,5
6907-FLBER,1,54.299999999999976,3
3001-UNBTL,29,103.95000000000007,5
5982-PSMKW,23,91.09999999999992,8
3507-GASNP,60,19.950000000000053,1
7096-ZNBZI,72,26.449999999999868,2
1902-XBTFB,22,89.39999999999993,4
1676-MQAOA,72,75.09999999999995,6
0786-IVLAW,66,108.09999999999982,6
7566-DSRLQ,72,110.14999999999979,7
0643-OKLRP,47,80.34999999999995,3
7245-JMTTQ,51,111.49999999999993,7
6050-IJRHS,70,106.5,6
6202-JVYEU,9,19.899999999999935,1
8591-TKMZH,59,111.09999999999991,7
0734-OXWBT,3,70.69999999999995,4
4282-ACRXS,38,24.850000000000044,0
0365-TRTPY,37,91.19999999999995,5
7349-ALMUX,37,65.59999999999995,5
9381-NDKME,24,40.64999999999998,2
6502-KUGLL,14,59.44999999999998,4
1841-YSJGV,72,109.94999999999993,7
2794-XIMMO,53,60.44999999999996,5
8382-SHQEH,8,84.89999999999993,3
3511-BFTJW,72,38.499999999999986,3
7668-XCFYV,17,92.54999999999993,4
2983-ZANRP,2,73.54999999999994,2
7845-URHJN,8,20.149999999999913,1
3034-ZBEQN,48,34.7,2
5018-HEKFO,10,24.500000000000128,2
2923-ARZLG,0,19.700000000000074,1
3976-NLDEZ,1,20.600000000000065,1
2282-YGNOR,29,57.999999999999964,4
5336-UFNZP,65,107.44999999999982,6
6854-EXGSF,8,65.49999999999996,5
1241-EZFMJ,61,25.44999999999994,2
9233-PSYHO,45,100.14999999999995,5
5376-PCKNB,72,104.45000000000005,6
8044-BGWPI,12,21.149999999999842,1
4060-LDNLU,7,96.20000000000005,4
3589-PPVKW,9,44.39999999999996,1
8327-LZKAS,43,107.55000000000004,6
5887-IKKYO,58,94.34999999999992,5
1075-BGWOH,16,98.74999999999997,5
1755-RMCXH,2,20.29999999999997,1
0302-JOIVN,8,101.14999999999986,5
3858-XHYJO,40,105.75000000000006,6
4299-SIMNS,9,81.14999999999995,3
7025-IWFHT,41,89.54999999999993,4
6261-LHRTG,26,54.74999999999997,3
7841-FCRQD,33,53.74999999999996,3
2056-EVGZL,68,105.75000000000006,6
8777-MBMTS,65,105.85,6
7753-USQYQ,55,64.19999999999996,4
5366-IJEQJ,20,88.69999999999996,4
7661-CPURM,19,87.69999999999993,3
6233-HXJMX,45,89.29999999999994,4
5902-WBLSE,70,20.149999999999913,1
1981-INRFU,2,79.74999999999993,2
4971-PUYQO,27,94.54999999999994,4
3239-TPHPZ,12,20.049999999999983,1
5115-GZDEL,72,67.19999999999996,6
3338-CVVEH,12,94.54999999999994,4
8485-GJCDN,5,69.04999999999995,1
2615-YVMYX,71,107.49999999999991,7
2851-STERV,35,72.99999999999996,5
4393-GEADV,70,114.74999999999999,8
8486-AYEQH,31,76.04999999999994,2
1527-SXDPN,52,96.24999999999987,5
6029-WTIPC,37,101.10000000000005,5
8634-CILSZ,69,104.70000000000002,6
5419-JKZNQ,30,77.89999999999995,2
2495-KZNFB,33,90.64999999999992,4
1409-PHXTF,54,110.44999999999989,7
4560-WQAQW,59,68.69999999999995,5
9591-YVTEB,55,44.849999999999966,3
9309-BZGNT,69,29.799999999999855,1
4274-DRSQT,66,88.89999999999993,4
2027-DNKIV,37,58.74999999999997,4
8075-GXIUB,9,19.850000000000122,1
2885-HIJDH,69,86.89999999999993,7
5424-RLQLC,10,59.64999999999996,3
6682-QJDGB,40,55.249999999999964,3
6507-DTJZV,13,66.39999999999996,3
8780-IXSTS,6,90.09999999999994,4
7673-BQGKU,69,20.149999999999913,1
6723-WSNTY,66,108.09999999999982,7
9530-EHPOH,11,53.74999999999996,3
2725-IWWBA,46,56.899999999999956,4
0345-HKJVM,6,89.29999999999994,3
1061-PNTHC,56,109.60000000000002,7
0394-YONDK,70,25.15000000000014,2
6574-MCOEH,33,79.14999999999995,6
7399-QHBJS,72,66.74999999999996,5
3049-SOLAY,3,95.19999999999982,4
0997-YTLNY,19,48.79999999999997,2
3317-HRTNN,5,45.69999999999999,2
9479-HYNYL,71,80.69999999999995,6
3235-ETOOB,8,74.49999999999997,2
9708-KFDBY,1,20.549999999999947,1
8058-INTPH,1,79.64999999999993,2
3642-GKTCT,61,115.0999999999999,8
0774-RMNUW,71,59.69999999999996,5
1334-PDUKM,68,86.44999999999995,4
0756-MPZRL,46,33.69999999999992,2
2242-MFOTG,33,80.09999999999994,3
2927-CVULT,53,104.05000000000001,7
2144-BFDSO,50,108.74999999999983,7
8745-PVESG,57,41.099999999999966,3
7647-GYYKX,54,20.35000000000008,1
5647-FXOTP,60,105.8999999999998,6
5569-OUICF,28,101.29999999999991,5
8821-XNHVZ,1,80.04999999999994,2
2082-OJVTK,29,89.19999999999995,4
9700-ISPUP,10,65.49999999999996,4
9839-ETQOE,43,40.44999999999999,3
6078-VESFR,13,70.44999999999996,1
9027-TMATR,43,78.79999999999994,6
5940-NFXKV,19,83.64999999999993,3
1941-HOSAM,1,90.09999999999994,3
9110-HSGTV,69,82.44999999999993,6
0704-VCUMB,61,20.24999999999985,1
6171-ZTVYB,43,66.24999999999996,5
8053-WWDRO,6,19.499999999999908,1
9564-KCLHR,1,51.24999999999996,2
1935-IMVBB,56,89.69999999999993,3
2535-PBCGC,70,64.54999999999995,6
2082-CEFLT,1,45.599999999999966,1
1470-PSXNM,49,93.64999999999995,5
1213-NGCUN,6,49.64999999999996,2
2498-XLDZR,32,73.59999999999994,6
9866-OCCKE,72,109.74999999999976,7
5338-YHWYT,37,61.449999999999946,4
7718-UPSKJ,69,106.40000000000006,6
8731-WBBMB,26,81.89999999999995,6
1448-CYWKC,58,105.19999999999999,6
7901-IIDQV,24,54.59999999999998,3
2690-DVRVK,5,20.549999999999947,1
5688-KZTSN,15,19.999999999999865,1
1270-XKUCC,30,19.700000000000074,1
0334-ZFJSR,55,66.04999999999995,5
2894-QOJRX,25,34.000000000000014,1
5747-PMBSQ,10,92.49999999999994,5
5583-EJXRD,44,54.04999999999996,5
4565-EVZMJ,47,58.89999999999996,4
3143-JQEGI,13,88.34999999999992,3
6386-SZZKH,49,107.94999999999978,7
3327-YBAKM,64,96.89999999999988,5
9441-QHEVC,1,19.099999999999874,1
6705-LNMDD,20,49.999999999999964,2
2580-ASVVY,37,45.39999999999998,3
3370-GQEAL,30,85.44999999999996,3
5032-USPKF,38,84.09999999999994,7
2982-IHMFT,1,74.44999999999996,2
3521-SYVOR,37,64.74999999999996,3
4254-QPEDE,52,66.24999999999996,6
6283-GITPX,71,76.89999999999996,6
9526-JAWYF,26,89.79999999999993,4
0771-CHWSK,66,74.59999999999995,6
9788-HNGUT,72,116.95,8
9495-REDIY,25,40.64999999999998,2
5375-XLDOF,69,114.34999999999995,8
1172-VIYBP,53,69.69999999999996,5
5649-VUKMC,12,95.49999999999993,4
6559-PDZLR,26,98.65000000000005,5
8992-OBVDG,21,61.64999999999996,3
4273-MBHYA,1,89.34999999999994,3
4724-WXVWF,48,95.39999999999999,5
5701-GUXDC,26,35.39999999999998,2
1460-UZPRJ,60,19.950000000000053,1
6082-GLJIX,18,19.249999999999922,1
5143-EGQFK,10,29.650000000000105,1
4919-IKATY,5,84.49999999999994,4
2495-TTHBQ,4,20.3999999999999,1
0485-ZBSLN,65,24.750000000000107,2
3810-PJUHR,70,25.35,2
9050-QLROH,18,90.69999999999993,4
0847-HGRML,62,19.999999999999865,1
8232-CTLKO,66,59.74999999999996,3
9227-YBAXE,65,82.49999999999994,7
6168-WFVVF,3,70.29999999999995,1
9860-LISIZ,34,20.35000000000008,1
0112-QAWRZ,16,90.79999999999995,4
0877-SDMBN,54,103.95000000000007,6
2786-GCDPI,50,104.94999999999999,6
4043-MKDTV,71,105.2499999999998,6
8065-YKXKD,10,74.74999999999994,2
9637-EIHEQ,1,50.79999999999997,2
9229-RQABD,18,23.749999999999886,2
8313-KTIHG,4,61.29999999999996,3
5320-BRKGK,58,75.79999999999995,6
6284-KMNUF,56,98.00000000000003,5
9689-PTNPG,2,80.24999999999996,2
9465-RWMXL,32,78.89999999999996,3
6229-UOLQL,56,51.999999999999964,4
2362-IBOOY,36,84.74999999999994,3
3137-LUPIX,4,64.39999999999996,4
0843-WTBXE,53,85.44999999999996,3
6143-JQKEA,10,45.79999999999998,1
8676-OOQEJ,4,30.49999999999998,1
5515-IDEJJ,1,19.899999999999935,1
9701-CDXHR,51,69.14999999999995,1
7450-NWRTR,12,99.4499999999998,5
8124-NZVGJ,6,49.249999999999964,3
2162-FRZAA,63,39.34999999999998,3
5376-DEQCP,1,70.59999999999995,1
5118-MUEYH,48,105.10000000000005,6
9095-HFAFX,5,80.99999999999996,2
5627-TVBPP,35,20.1000000000001,1
2379-ENZGV,6,84.84999999999994,3
3936-QQFLL,2,19.749999999999886,1
2589-AYCRP,50,19.749999999999886,1
4067-HLYQI,33,70.39999999999998,1
5124-EOGYE,31,20.450000000000017,1
5057-RKGLH,9,20.35000000000008,1
0292-WEGCH,54,86.19999999999993,7
8910-ICHIU,46,95.64999999999998,5
4097-YODCF,34,103.80000000000003,6
9715-WZCLW,71,97.19999999999997,5
9786-YWNHU,63,63.549999999999955,5
6407-GSJNL,51,24.949999999999974,2
6005-OBZPH,26,89.14999999999995,4
4049-ZPALD,64,98.99999999999996,5
7932-WPTDS,1,24.799999999999926,0
3733-UOCWF,61,85.54999999999995,4
6833-JMZYP,15,93.99999999999994,4
2722-VOJQL,64,105.64999999999982,6
1310-QRITU,18,50.29999999999997,2
8961-QDZZJ,57,94.99999999999996,4
9715-SBVSU,14,61.399999999999956,4
8490-BXHEO,18,80.54999999999993,3
7173-TETGO,72,78.49999999999994,3
7929-SKFGK,70,114.29999999999984,8
2300-RQGOI,38,20.049999999999983,1
3563-SVYLG,68,62.649999999999956,5
5228-EXCET,13,80.84999999999994,2
6435-VWCCY,65,92.69999999999992,5
4998-IKFSE,30,100.45000000000005,5
8630-QSGXK,51,75.19999999999995,5
2455-USLMV,31,84.74999999999994,4
7394-FKDNK,9,89.44999999999993,3
9488-FVZCC,72,79.49999999999994,7
6331-LWDTQ,10,72.14999999999996,4
5995-WWKKG,37,19.800000000000004,1
1597-FZREH,2,76.39999999999995,5
7879-CGSFV,55,100.89999999999989,5
9921-EZKBY,33,95.30000000000007,5
7432-FFVAR,46,90.94999999999993,4
7246-ZGQDF,1,54.49999999999996,3
7000-WCEVQ,20,61.599999999999966,3
0727-IWKVK,9,79.89999999999995,3
5959-BELXA,32,96.14999999999993,4
4456-RHSNB,19,49.599999999999966,2
3512-IZIKN,70,65.29999999999995,5
2481-SBOYW,61,25.000000000000092,2
7109-MFBYV,26,45.449999999999974,1
1833-TCXKK,45,107.74999999999991,6
1832-PEUTS,62,89.09999999999992,4
6141-OOXUQ,1,19.649999999999956,1
8660-BUETV,3,44.74999999999997,1
0580-PIQHM,41,101.60000000000001,6
5696-CEIQJ,67,103.15,6
7503-ZGUZJ,1,84.64999999999995,3
1696-HXOWK,71,95.64999999999998,5
3026-ATZYV,37,75.09999999999995,5
4012-YCFAI,60,61.34999999999996,4
2506-TNFCO,1,69.54999999999994,1
9970-QBCDA,6,19.700000000000074,1
8718-PTMEZ,13,31.05000000000006,1
9496-IVVRP,11,50.99999999999998,2
2207-OBZNX,7,50.99999999999998,2
2657-VPXTA,10,88.84999999999994,3
6551-VLJMV,34,20.049999999999983,1
1221-GHZEP,62,65.09999999999995,4
9289-LBQVU,64,70.14999999999996,5
6142-VSJQO,1,44.349999999999966,1
3458-IDMFK,25,20.750000000000114,1
6933-FHBZC,26,56.04999999999996,3
0221-NAUXK,10,19.950000000000053,1
9770-KXGQU,53,98.59999999999994,6
6437-UKHMV,7,79.69999999999993,2
6538-POCHL,33,78.99999999999996,3
6726-NNFWD,71,89.44999999999993,4
3002-WQZWT,29,74.19999999999996,2
4277-UDIEF,24,80.99999999999996,6
1208-NBVFH,20,49.599999999999966,2
4912-PIGUY,1,84.59999999999992,3
1114-CENIM,54,54.99999999999995,3
6060-DRTNL,5,84.84999999999994,3
2725-TTRIQ,72,84.19999999999996,7
3374-TTZTK,52,106.29999999999984,7
8990-ZXLSU,9,69.04999999999995,1
2275-RBYQS,1,45.39999999999998,1
8473-VUVJN,1,73.64999999999996,2
6289-CPNLD,33,73.89999999999995,5
5536-SLHPM,55,77.74999999999993,3
4419-UJMUS,69,99.34999999999988,5
7794-JASDG,1,50.74999999999997,2
7609-YBPXG,54,87.09999999999992,7
5519-TEEUH,33,20.149999999999913,1
7856-GANIL,45,98.69999999999986,6
0804-XBFBV,11,25.199999999999953,0
2676-OXPPQ,6,55.69999999999996,3
3703-TTEPD,21,65.34999999999995,4
2799-TSLAG,65,25.29999999999989,2
0196-VULGZ,6,84.34999999999995,3
8837-VVWLQ,8,84.94999999999993,3
2696-NARTR,11,73.84999999999995,2
2208-NKVVH,43,24.25000000000015,2
7614-QVWQL,49,51.79999999999998,3
1976-CFOCS,1,45.999999999999964,1
4631-OACRM,15,79.39999999999996,2
7139-JZFVG,60,60.49999999999996,4
4987-GQWPO,17,25.100000000000023,0
3755-JBMNH,16,71.79999999999995,1
1757-TCATG,35,20.049999999999983,1
6345-ULYRW,44,88.39999999999995,4
4776-XSKYQ,12,30.25,1
8048-DSDFQ,1,20.20000000000003,1
5753-QQWPW,28,59.89999999999994,4
6010-DDPPW,70,25.15000000000014,2
1809-DMJHQ,5,45.999999999999964,1
6693-FRIRW,18,101.29999999999991,5
6586-MYGKD,70,76.94999999999996,6
3173-NVMPX,9,55.299999999999955,3
0248-PGHBZ,67,92.44999999999995,5
0623-GDISB,1,48.44999999999996,2
2892-GESUL,18,19.34999999999986,1
6923-EFPNL,4,51.749999999999986,2
7472-EQOAV,71,86.69999999999996,4
9574-RKJIF,30,94.39999999999995,5
2043-WVTQJ,1,55.69999999999996,3
8034-RYTVV,55,84.24999999999996,4
3863-QSTYI,59,64.64999999999996,4
2619-WFQWU,1,70.14999999999996,1
5044-LRQAQ,7,69.19999999999995,1
1716-LSAMB,45,54.64999999999998,3
1333-PBMXB,54,24.750000000000107,2
6546-OPBBH,51,23.950000000000053,2
5985-BEHZK,72,104.99999999999982,6
9127-QRZMH,44,59.84999999999995,4
5919-VCZYM,2,20.049999999999983,1
9644-KVCNC,66,92.14999999999993,4
2137-DQMEV,68,44.79999999999997,3
8174-LNWMW,31,20.899999999999856,1
9279-CJEOJ,21,95.39999999999999,4
7964-VEXDG,21,80.34999999999995,3
2404-JIBFC,55,85.09999999999992,7
0778-NELLA,9,34.7,1
8029-XYPWT,71,115.04999999999978,8
4614-NUVZD,1,81.09999999999995,2
4632-PAOYU,22,19.950000000000053,1
3803-KMQFW,1,20.549999999999947,1
6804-GDMOI,61,106.59999999999994,6
2990-OGYTD,67,86.14999999999993,7
6646-JPPHA,14,78.84999999999994,3
9572-MTILT,59,106.74999999999997,7
7658-UYUQS,21,86.54999999999993,3
7880-XSOJX,4,42.39999999999996,3
9611-CTWIH,3,89.44999999999993,3
4589-IUAJB,70,24.25000000000015,2
0329-GTIAJ,3,97.8999999999998,5
8746-BFOAJ,21,20.500000000000128,1
8457-XIGKN,20,19.599999999999838,1
6072-NUQCB,22,20.24999999999985,1
6629-CZTTH,1,55.69999999999996,2
8838-GPHZP,63,20.600000000000065,1
8750-QWZAJ,70,19.800000000000004,1
5364-EVNIB,13,79.79999999999993,3
6918-UMQCG,5,80.19999999999996,2
0675-NCDYU,72,116.39999999999992,8
6339-DKLMK,13,31.649999999999956,1
1346-PJWTK,61,94.14999999999993,5
5088-QZLRL,1,20.649999999999878,1
8023-QHAIO,56,76.84999999999994,3
4397-FRLTA,4,20.149999999999913,1
3057-VJJQE,35,55.249999999999964,3
5087-SUURX,18,39.04999999999997,2
2302-OUZXB,72,82.14999999999996,6
8133-ANHHJ,49,102.99999999999997,7
2270-CHBFN,44,95.0999999999999,6
0013-EXCHZ,3,83.89999999999995,3
5982-FPVQN,37,95.15,5
9107-UKCKY,61,79.79999999999993,6
4654-ULTTN,70,74.79999999999994,6
5550-VFRLC,1,69.84999999999995,1
5546-BYZSM,41,20.450000000000017,1
1492-KGETH,70,78.34999999999995,7
4929-BSTRX,1,53.54999999999997,2
4163-HFTUK,51,19.099999999999874,1
8215-NGSPE,42,19.999999999999865,1
2225-ZRGSG,70,93.89999999999992,6
8859-YSTWS,48,19.950000000000053,1
5271-YNWVR,68,113.14999999999986,8
7601-DHFWZ,48,23.999999999999865,2
2657-ALMWY,26,84.94999999999993,3
6330-JKLPC,11,80.49999999999993,3
4667-OHGKG,1,19.30000000000004,1
1998-VHJHK,27,19.14999999999999,1
1707-HABPF,46,91.29999999999994,4
1660-HSOOQ,1,49.64999999999996,2
7253-UVNDW,46,54.349999999999966,3
0487-VVUVK,25,19.14999999999999,1
7228-OMTPN,4,88.44999999999993,3
5063-IUOKK,13,19.749999999999886,1
4508-OEBEY,31,75.49999999999994,6
0027-KWYKW,23,83.74999999999993,3
2308-STERM,2,19.39999999999997,1
5982-XMDEX,65,26.499999999999986,2
6284-AHOOQ,22,90.49999999999994,4
6051-PTVNS,55,19.14999999999999,1
2344-JMOGN,9,94.84999999999991,5
3799-ISUZQ,7,69.94999999999995,1
2877-VDUER,35,40.899999999999984,2
9152-AMKAK,6,80.24999999999996,6
1794-HBQTJ,1,48.59999999999998,2
9432-VOFYX,17,70.79999999999994,1
8049-WJCLQ,10,60.19999999999995,3
6586-PSJOX,15,55.19999999999997,3
2460-FPSYH,40,55.799999999999955,4
9705-ZJBCG,13,54.149999999999956,3
4818-DRBQT,29,80.14999999999996,3
1320-HTRDR,3,75.49999999999994,2
6847-KJLTS,58,100.39999999999992,5
9670-BPNXF,45,62.549999999999955,4
3913-FCUUW,72,70.44999999999996,6
3301-VKTGC,68,85.49999999999996,4
1493-AMTIE,1,20.20000000000003,1
9555-SAHUZ,38,54.49999999999996,3
0816-TSPHQ,2,20.750000000000114,1
9932-WBWIK,11,20.35000000000008,1
4619-EVPHY,20,90.99999999999993,3
5286-YHCVC,72,104.79999999999995,6
6424-ELEYH,3,74.74999999999994,2
4391-RESHN,23,104.05000000000001,6
9115-YQHGA,40,51.09999999999997,2
4462-CYWMH,62,89.79999999999993,4
8963-MQVYN,22,20.549999999999947,1
2458-EOMRE,11,64.04999999999995,4
9334-GWGOW,7,74.84999999999994,2
6821-BUXUX,13,96.64999999999989,5
5028-HTLJB,1,20.049999999999983,1
9801-GDWGV,39,103.44999999999982,6
6542-LWGXJ,3,25.000000000000092,0
5567-GZKQY,58,20.29999999999997,1
1222-LRYKO,6,26.349999999999937,2
2320-JRSDE,1,19.899999999999935,1
2087-QAREY,22,54.699999999999974,3
0601-WZHJF,14,46.349999999999966,2
4423-JWZJN,64,90.24999999999993,4
5143-WMWOG,1,19.950000000000053,1
6490-FGZAT,6,20.649999999999878,1
5393-RXQSZ,1,79.59999999999994,2
7452-FOLON,39,25.44999999999994,2
2320-TZRRH,20,19.499999999999908,1
0231-LXVAP,1,75.89999999999995,2
9444-JTXHZ,1,76.19999999999996,2
4942-VZZOM,64,66.14999999999996,4
5510-BOIUJ,1,19.249999999999922,1
7502-BNYGS,46,69.09999999999995,4
4291-HYEBC,28,39.099999999999966,2
6147-CBCRA,33,20.049999999999983,1
6047-SUHPR,39,59.799999999999955,4
4471-KXAUH,42,84.29999999999995,4
9752-ZNQUT,1,48.59999999999998,2
7638-QVMVY,7,78.99999999999996,2
1576-PFZIW,70,105.35000000000002,6
5666-MBJPT,65,25.100000000000023,2
7312-XSBAT,1,49.749999999999986,2
3096-GKWEB,18,94.74999999999991,4
2371-JQHZZ,24,92.99999999999993,4
0674-GCDXG,63,71.89999999999995,6
1121-QSIVB,44,77.54999999999994,5
4396-KLSEH,4,19.850000000000122,1
3244-DCJWY,1,70.24999999999996,1
2824-MYYBN,37,95.24999999999994,4
0875-CABNR,10,84.59999999999992,3
6345-HOVES,34,25.049999999999905,0
8318-LCNBW,35,53.14999999999997,4
6469-QJKZW,4,20.149999999999913,1
0147-ESWWR,39,101.2499999999998,5
1217-VASWC,43,100.54999999999997,5
7812-FZHPE,17,24.1000000000001,2
6370-ZVHDV,61,25.29999999999989,2
5915-DGNVC,49,71.79999999999995,6
6260-XLACS,4,19.700000000000074,1
3566-CAAYU,64,49.84999999999998,4
4983-CCWMC,3,69.59999999999994,1
9103-CXVOK,1,19.749999999999886,1
2896-TBNBE,40,80.79999999999994,3
4797-AXPXK,1,59.999999999999964,4
5229-PRWKT,8,86.54999999999993,3
6982-UQZLY,1,20.850000000000044,1
2522-WLNSF,34,64.19999999999996,4
3841-CONLJ,1,34.99999999999997,1
5057-LCOUI,39,50.74999999999997,3
0193-ESZXP,58,105.50000000000009,6
4475-NVTLU,45,19.20000000000011,1
4369-HTUIF,6,85.14999999999995,3
9386-LDCZR,43,90.64999999999992,5
9585-KKMFD,41,19.999999999999865,1
5399-ZIMKF,5,74.64999999999995,2
0336-KXKFK,72,61.19999999999997,5
5619-XZZKR,4,19.950000000000053,1
3948-FVVRP,9,54.79999999999997,3
5327-XOKKY,72,73.44999999999995,5
0983-TATYJ,33,51.449999999999974,2
1813-JYWTO,72,80.44999999999993,3
0156-FVPTA,22,54.19999999999998,3
1984-FCOWB,70,109.49999999999977,7
0654-HMSHN,21,104.39999999999992,6
6719-OXYBR,15,85.29999999999994,3
3312-ZWLGF,29,79.29999999999994,3
6476-YHMGA,15,76.49999999999997,6
5287-QWLKY,71,105.10000000000005,6
0795-XCCTE,72,25.40000000000012,2
0168-XZKBB,19,86.84999999999994,3
3785-NRHYR,1,19.649999999999956,1
5196-SGOAK,1,75.69999999999993,2
4537-DKTAL,2,45.54999999999997,1
7072-MBHEV,11,78.09999999999994,3
5602-BVFMK,12,19.30000000000004,1
6297-NOOPG,70,110.5,7
1891-UAWWU,20,90.79999999999995,4
8204-TIFGJ,23,20.29999999999997,1
8050-DVOJX,49,81.34999999999994,7
6108-OQZDQ,4,97.94999999999992,5
0363-QJVFX,32,108.14999999999995,7
8903-XEBGX,2,55.299999999999955,2
8169-SAEJD,69,56.549999999999955,4
9840-DVNDC,6,80.49999999999993,2
1089-XZWHH,24,19.700000000000074,1
2325-WINES,32,104.05000000000001,6
6064-ZATLR,27,52.849999999999966,3
3096-JRDSO,27,104.29999999999998,6
7824-PANSQ,58,80.64999999999995,3
8042-JVNFH,1,71.34999999999997,1
9648-BCHKM,18,24.649999999999878,2
2888-ADFAO,47,21.29999999999989,1
8707-HOEDG,70,110.1999999999999,7
3374-LXDEV,13,89.39999999999993,5
4072-IPYLT,36,51.049999999999976,2
7167-PCEYD,67,19.800000000000004,1
4936-YPJNK,10,19.899999999999935,1
1580-BMCMR,19,87.29999999999994,3
4817-KEQSP,71,19.850000000000122,1
6408-WHTEF,72,89.39999999999993,8
9251-AWQGT,48,19.999999999999865,1
8749-CLJXC,1,20.049999999999983,1
7989-VCQOH,18,83.24999999999994,6
5049-GLYVG,1,20.600000000000065,1
4199-QHJNM,67,102.90000000000003,6
8882-TLVRW,69,39.099999999999966,3
5883-GTGVD,19,99.94999999999978,5
5135-GRQJV,72,114.5,8
2384-OVPSA,38,20.20000000000003,1
1371-WEPDS,40,55.799999999999955,2
3580-GICBM,61,24.20000000000003,2
4817-QRJSX,10,80.99999999999996,3
9730-DRTMJ,32,72.79999999999994,5
4686-UXDML,21,99.84999999999985,5
3349-ANQNH,59,99.49999999999993,5
2398-YPMUR,13,70.14999999999996,1
0932-YIXYU,47,20.24999999999985,1
7480-SPLEF,69,26.00000000000002,2
7636-XUHWW,2,19.899999999999935,1
1431-CYWMH,22,19.05000000000006,1
5937-EORGB,15,96.49999999999984,5
6349-JDHQP,53,19.850000000000122,1
5539-HIVAK,28,25.699999999999918,2
5847-MXBEO,22,20.29999999999997,1
9985-MWVIX,1,70.14999999999996,1
4583-PARNH,16,91.54999999999993,4
1116-FRYVH,48,39.39999999999998,3
1421-HCERK,30,105.69999999999993,7
9633-XQABV,3,70.24999999999996,1
0716-BQNDX,57,93.74999999999994,5
1265-XTECC,68,96.54999999999997,5
1183-CANVH,23,59.999999999999964,3
1972-XMUWV,65,59.799999999999955,3
8679-LZBMD,44,90.64999999999992,3
3407-JMJQQ,71,108.99999999999982,7
6252-DFGTK,37,68.09999999999997,5
1539-LNKHM,12,20.3999999999999,1
8645-KOMJQ,69,81.94999999999995,7
0289-IVARM,35,60.549999999999955,4
9761-XUJWD,5,65.59999999999995,4
4057-FKCZK,58,82.49999999999994,3
4291-TPNFG,72,82.29999999999995,7
6087-YPWHO,72,68.14999999999996,6
3090-QFUVD,1,20.29999999999997,1
2237-ZFSMY,39,95.55000000000004,5
1722-LDZJS,53,20.20000000000003,1
1818-ESQMW,27,89.19999999999995,4
4871-JTKJF,1,69.64999999999996,1
1415-YFWLT,1,89.29999999999994,3
7401-RUBNK,18,74.79999999999994,2
0506-YLVKJ,46,20.20000000000003,1
8661-BOYNW,72,84.39999999999995,7
6711-VTNRE,36,87.54999999999995,4
4815-GBTCD,4,25.15000000000014,0
2805-AUFQN,25,19.800000000000004,1
0980-PVMRC,40,50.84999999999996,3
7233-DRTRF,63,102.39999999999978,6
3500-RMZLT,15,96.29999999999998,5
3873-NFTGI,14,55.49999999999997,3
1162-ECVII,72,109.74999999999976,7
7048-GXDAY,39,106.40000000000006,6
8571-ZCMCX,47,59.999999999999964,5
1169-WCVAK,19,88.79999999999994,5
4548-SDBKE,5,85.19999999999995,3
8066-POXGX,13,35.099999999999994,1
7129-CAKJW,17,80.04999999999994,3
8695-ARGXZ,34,75.54999999999994,2
3570-YUEKJ,42,49.54999999999997,2
4143-OOBWZ,5,81.29999999999994,3
1555-HAPSU,71,23.899999999999935,2
1697-NVVGY,19,66.39999999999996,4
7854-EKTJL,2,19.599999999999838,1
8464-EETCQ,57,18.800000000000082,1
2419-FSORS,72,108.39999999999992,7
8132-YPVBX,6,85.94999999999995,3
9102-IAYHT,17,85.44999999999996,3
6754-LZUKA,61,80.89999999999996,6
3422-LYEPQ,1,70.99999999999996,1
8099-MZPUJ,48,111.80000000000003,8
0787-LHDYT,16,20.600000000000065,1
2642-DTVCO,9,85.04999999999993,3
0374-IOEGQ,3,44.59999999999998,1
4361-JEIVL,1,44.39999999999996,1
3197-NNYNB,65,105.10000000000005,6
3396-DKDEL,70,115.15,8
1752-OZXFY,60,59.799999999999955,3
9066-QRSDU,69,26.300000000000118,2
9112-WSNPU,35,70.54999999999995,1
9867-NNXLC,22,20.049999999999983,1
5321-NTRKC,66,79.84999999999995,6
1363-TXLSL,1,70.29999999999995,1
9507-EXLTT,1,79.34999999999994,2
3161-GETRM,34,90.04999999999994,4
0402-OAMEN,72,24.45000000000001,2
6933-VLYFX,31,59.949999999999974,5
6754-WKSHP,30,25.35,2
9846-GKXAS,9,90.79999999999995,3
6017-PPLPX,20,70.44999999999996,1
4976-LNFVV,19,34.29999999999981,2
5055-MGMGF,65,105.04999999999993,6
4641-FROLU,30,19.30000000000004,1
2862-JVEOY,6,19.14999999999999,1
2969-QWUBZ,2,51.39999999999998,3
9822-BIIGN,53,71.84999999999995,5
2077-MPJQO,7,75.39999999999995,2
1534-OULXE,61,49.69999999999996,2
7136-RVDTZ,70,45.24999999999996,2
2971-SGAFL,13,78.74999999999994,6
1480-IVEVR,35,81.59999999999994,3
2905-KFQUV,2,70.39999999999998,1
4581-SSPWD,3,75.79999999999995,2
3370-HXOPH,3,76.09999999999994,2
9391-YZEJW,62,93.99999999999994,4
9958-MEKUC,72,103.95000000000007,7
0281-CNTZX,63,19.950000000000053,1
6927-WTFIV,20,71.29999999999993,1
4118-CEVPF,35,110.79999999999981,8
3398-ZOUAA,21,69.09999999999995,1
9114-VEPUF,62,96.09999999999982,5
7876-BEUTG,15,48.79999999999997,2
2338-BQEZT,55,50.549999999999955,2
9873-MNDKV,11,44.64999999999998,1
0378-NHQXU,17,88.24999999999993,4
8241-JUIQO,61,19.450000000000088,1
2194-IIQOF,71,89.29999999999994,8
4512-ZUIYL,2,69.99999999999994,1
9631-RXVJM,35,19.249999999999922,1
9584-EXCDZ,17,70.49999999999996,1
7969-AULMZ,21,97.35000000000002,4
5093-FEGLU,47,19.649999999999956,1
2621-UDNLU,3,20.850000000000044,1
7526-IVLYU,3,19.649999999999956,1
2428-HYUNX,44,19.34999999999986,1
9214-EKVXR,1,43.99999999999996,1
3410-MHHUM,44,94.39999999999995,5
0568-ONFPC,5,25.900000000000084,2
0733-VUNUW,24,55.64999999999996,3
4550-EVXNY,1,69.64999999999996,1
2122-YWVYA,18,75.39999999999995,2
2968-SSGAA,10,100.5999999999998,5
2296-DKZFP,65,70.99999999999996,5
4844-JJWUY,1,85.99999999999994,3
6777-TGHTM,53,106.94999999999985,6
8909-BOLNL,3,21.19999999999996,1
6603-YRDCJ,33,61.04999999999995,4
3538-WZPHD,3,29.599999999999987,1
3229-USWAR,34,79.94999999999995,6
2138-VFAPZ,14,19.700000000000074,1
6131-JLWZM,13,20.29999999999997,1
4785-QRJHC,46,59.89999999999994,5
0269-XFESX,23,24.35000000000008,2
1709-EJDOX,47,19.749999999999886,1
4316-XCSLJ,17,50.29999999999997,2
8610-WFCJF,49,95.59999999999985,4
9693-XMUOB,59,50.24999999999998,3
0383-CLDDA,69,85.34999999999994,7
4905-JEFDW,11,41.599999999999966,2
2709-UQGNP,10,51.64999999999996,2
3549-ZTMNH,12,23.999999999999865,2
7881-INRLC,45,100.84999999999977,5
8033-ATFAS,39,59.84999999999995,3
1635-NZATJ,71,25.44999999999994,2
0562-HKHML,71,23.899999999999935,2
8277-RVRSV,33,24.149999999999913,2
9943-VSZUV,67,75.69999999999993,2
0117-LFRMW,37,40.199999999999974,3
6172-FECYY,49,84.49999999999994,3
7054-ENNGU,9,50.84999999999996,2
1455-HFBXA,52,91.59999999999991,5
9402-CXWPL,70,98.90000000000003,5
1628-BIZYP,1,84.99999999999993,3
1965-AKTSX,14,78.94999999999996,3
0082-LDZUE,1,44.29999999999997,1
4786-UKSNZ,1,20.20000000000003,1
5343-SGUBI,52,80.19999999999996,3
0856-NAOES,6,60.89999999999996,3
1976-AZZPJ,7,34.19999999999988,2
7248-VZQLC,47,85.19999999999995,4
6156-UZDLF,26,87.14999999999995,4
3099-OONVS,25,54.299999999999976,3
9500-WBGRP,69,19.099999999999874,1
5183-KLYEM,72,112.74999999999983,8
5144-PQCDZ,4,19.950000000000053,1
8514-VZHEB,59,19.499999999999908,1
6625-IUTTT,67,65.54999999999995,4
9355-NPPFS,26,78.79999999999994,2
0068-FIGTF,27,78.19999999999996,6
5965-GGPRW,72,105.2499999999998,6
8035-PWSEV,6,89.24999999999994,4
2236-HILPA,62,20.649999999999878,1
1840-BIUOG,20,68.69999999999995,5
1356-MKYSK,6,78.64999999999995,6
6080-LNESI,51,24.750000000000107,2
1830-IPXVJ,61,19.749999999999886,1
5828-DWPIL,62,89.09999999999992,5
8398-TBIYD,72,84.69999999999995,4
0011-IGKFF,13,98.00000000000003,5
4192-GORJT,5,94.44999999999995,4
6496-SLWHQ,3,104.99999999999982,6
9912-GVSEQ,26,93.84999999999994,5
2931-FSOHN,13,59.89999999999994,3
9418-RUKPH,38,19.950000000000053,1
5383-MMTWC,8,83.99999999999994,3
9971-ZWPBF,34,108.89999999999989,7
4712-AUQZO,18,33.59999999999999,2
9711-FJTBX,56,85.84999999999992,4
2908-ZTPNF,36,34.84999999999999,2
7240-ETPTR,9,48.74999999999997,3
2202-CUYXZ,1,84.84999999999994,3
5995-OIGLP,12,56.64999999999995,3
8421-WZOOW,57,95.30000000000007,5
6261-RCVNS,42,73.89999999999995,6
7951-QKZPL,33,24.500000000000128,2
1414-YADCW,70,84.59999999999992,4
8756-RDDLT,68,44.94999999999999,3
2862-PFNIK,1,24.699999999999996,0
5816-QVHRX,37,100.29999999999998,5
4430-YHXGG,4,25.44999999999994,2
6888-SBYAI,1,50.699999999999974,2
7395-XWZOY,20,54.99999999999995,5
7169-YWAMK,72,68.39999999999996,5
3640-PHQXK,31,89.89999999999995,4
6877-LGWXO,18,78.54999999999993,2
6859-RKMZJ,11,55.04999999999995,2
2729-VNVAP,33,19.800000000000004,1
2957-JIRMN,62,84.44999999999993,3
2049-BAFNW,1,35.89999999999996,2
3842-QTGDL,16,80.74999999999994,3
7163-OCEQI,22,78.64999999999995,6
9782-LGXMC,49,61.74999999999996,4
5975-BAICR,36,63.69999999999996,4
8019-ENHXU,42,99.4499999999998,6
5167-GBFRE,4,25.199999999999953,0
9033-EOXWV,12,74.04999999999994,5
4673-KKSLS,31,87.59999999999994,4
4853-OITSN,5,89.14999999999995,4
9800-OUIGR,66,19.999999999999865,1
1324-NLTJE,15,54.99999999999995,3
2324-EFHVG,64,104.39999999999992,6
7094-MSZAO,10,20.049999999999983,1
1522-VVDMG,7,89.74999999999994,4
6907-CQGPN,29,34.29999999999981,2
0780-XNZFN,57,20.649999999999878,1
0239-OXEXL,46,84.24999999999996,4
2675-IJRGJ,53,19.649999999999956,1
7049-GKVZY,17,79.84999999999995,6
8577-QSOCG,38,20.20000000000003,1
3721-CNZHX,15,19.800000000000004,1
0212-ISBBF,22,50.349999999999966,3
9185-TQCVP,14,85.14999999999995,3
3585-YNADK,57,74.59999999999995,6
5271-DBYSJ,11,79.14999999999995,2
1099-GODLO,1,20.35000000000008,1
6828-HMKWP,12,21.049999999999912,1
5567-WSELE,3,94.59999999999994,4
1472-TNCWL,36,94.69999999999993,4
8063-RJYNF,16,94.24999999999993,4
0687-ZVTHB,65,72.44999999999996,6
2080-GKCWQ,2,74.94999999999996,2
9661-ACXBS,42,105.19999999999999,6
2193-SFWQW,72,111.95000000000007,7
5656-JAMLX,62,19.850000000000122,1
3462-BJQQA,6,89.74999999999994,4
0442-TDYUO,48,20.049999999999983,1
6733-LRIZX,35,108.95,7
9503-XJUME,52,19.649999999999956,1
4367-NHWMM,1,24.899999999999856,0
3727-RJMEO,6,82.84999999999994,3
3779-OSWCF,71,93.19999999999995,8
6736-DHUQI,67,84.79999999999994,4
3915-ODIYG,60,71.74999999999996,5
1360-RCYRT,23,30.34999999999993,1
2724-FJDYW,39,54.849999999999966,4
4451-RWASJ,15,19.499999999999908,1
6646-VRFOL,53,103.84999999999984,6
3460-TJBWI,24,24.20000000000003,2
5917-HBSDW,37,19.34999999999986,1
5685-IIXLY,5,83.59999999999994,3
5671-UUNXD,50,100.64999999999989,5
0956-ACVZC,54,94.09999999999994,4
2325-NBPZG,3,74.54999999999995,2
4250-ZBWLV,68,108.45000000000005,7
4482-FTFFX,5,56.149999999999956,3
8859-DZTGQ,33,20.35000000000008,1
0440-MOGPM,41,80.54999999999993,6
0020-JDNXP,34,61.249999999999964,5
3752-CQSJI,13,20.450000000000017,1
5025-GOOKI,20,18.900000000000013,1
4698-KVLLG,51,19.599999999999838,1
5095-AESKG,3,91.49999999999991,4
2887-JPYLU,41,45.19999999999996,1
4770-QAZXN,13,19.450000000000088,1
4896-CPRPF,35,25.44999999999994,2
1871-MOWRM,12,80.84999999999994,3
9714-EDSUC,4,94.90000000000003,5
2027-OAQQC,43,49.049999999999976,3
0282-NVSJS,12,29.29999999999989,1
9090-SGQXL,68,105.29999999999991,6
6595-YGXIT,25,88.94999999999993,4
7353-YOWFP,7,20.24999999999985,1
9835-ZIITK,66,110.84999999999991,7
8008-ESFLK,53,110.5,7
7537-CBQUZ,63,109.39999999999985,7
1555-DJEQW,70,114.1999999999999,8
5649-TJHOV,27,36.499999999999986,1
0519-XUZJU,1,70.74999999999994,1
3363-EWLGO,5,19.950000000000053,1
4750-UKWJK,37,19.599999999999838,1
6338-AVWCY,3,40.14999999999998,2
1689-YQBYY,12,76.59999999999995,2
4487-ZYJZK,38,19.599999999999838,1
2959-FENLU,9,85.29999999999994,3
0708-LGSMF,13,65.84999999999995,4
9253-QXKBE,29,94.44999999999995,4
7634-HLQJR,47,20.049999999999983,1
0487-RPVUM,61,99.39999999999999,6
4079-ULGFR,16,19.999999999999865,1
2516-XSJKX,41,78.44999999999993,6
0057-QBUQH,43,25.100000000000023,2
9445-SZLCH,36,97.35000000000002,5
6599-SFQVE,6,54.99999999999995,2
8331-ZXFOE,58,71.09999999999995,6
4003-FUSHP,19,61.54999999999997,3
0356-ERHVT,11,45.89999999999997,1
7325-ENZFI,39,40.29999999999997,3
4884-ZTHVF,8,87.09999999999992,3
3920-HIHMQ,26,49.49999999999997,2
3055-OYMSE,53,73.79999999999995,2
0613-WUXUM,70,19.20000000000011,1
7568-PODML,1,45.299999999999955,2
4458-KVRBJ,59,25.000000000000092,2
5349-IECLD,2,94.94999999999985,4
1397-XKKWR,7,35.29999999999998,2
3945-GFWQL,12,44.54999999999998,1
8097-OMULG,59,76.74999999999994,6
6013-BHCAW,61,80.99999999999996,6
0401-WDBXM,72,105.5499999999999,6
3387-PLKUI,13,18.800000000000082,1
6096-EGVTU,64,24.899999999999856,2
3797-VTIDR,1,23.450000000000088,0
5081-NWSUP,10,64.89999999999996,4
2580-ATZSQ,65,61.34999999999996,4
8085-MSNLK,62,113.94999999999993,8
9691-HKOVS,55,90.14999999999993,8
9881-VCZEP,25,54.09999999999996,3
9526-BIHHD,1,29.699999999999925,1
8757-TFHHJ,1,49.79999999999998,2
4523-WXCEF,59,101.10000000000005,5
1468-DEFNC,64,24.3999999999999,2
5119-KEPFY,36,94.99999999999996,4
8364-TRMMK,3,50.64999999999998,2
0916-KNFAJ,61,69.89999999999995,5
8319-QBEHW,26,39.949999999999996,2
3063-QFSZL,1,55.39999999999995,2
8775-LHDJH,1,90.59999999999994,4
9625-QNLUX,68,103.24999999999994,6
3097-NQYSN,2,86.84999999999994,3
4024-CSNBY,72,94.24999999999993,6
7110-BDTWG,71,47.049999999999976,3
7493-GVFIO,57,20.549999999999947,1
0690-SRQID,4,19.649999999999956,1
9605-WGJVW,1,70.19999999999996,1
9114-DPSIA,72,80.99999999999996,7
4700-UBQMV,21,75.89999999999995,5
7711-GQBZC,71,24.699999999999996,2
3565-UNOCC,29,99.05000000000007,5
4627-MIHJH,69,110.25000000000003,7
9795-NREXC,64,84.99999999999993,7
8573-CGOCC,16,19.749999999999886,1
7356-AYNJP,4,23.899999999999935,2
9249-FXSCK,52,111.24999999999994,7
5493-SDRDQ,2,55.09999999999997,3
6286-SUUWT,1,19.950000000000053,1
4819-HJPIW,18,25.15000000000014,0
8654-DHAOW,2,54.149999999999956,3
5438-QMDDL,19,59.799999999999955,3
9812-GHVRI,40,83.84999999999992,3
5553-AOINX,66,104.89999999999988,6
1228-ZLNBX,21,75.29999999999993,2
4226-KKDON,8,66.64999999999996,4
3831-YCPUO,72,109.49999999999977,7
7445-WMRBW,48,73.84999999999995,6
3308-DGHKL,69,19.30000000000004,1
9924-JPRMC,72,118.1999999999999,8
0080-EMYVY,14,51.449999999999974,2
6218-KNUBD,6,59.44999999999998,3
7337-CINUD,8,19.499999999999908,1
7609-NRNCA,17,19.550000000000026,1
0623-EJQEG,65,93.54999999999993,5
7153-CHRBV,57,59.29999999999996,4
0871-URUWO,13,102.25000000000003,5
9190-MFJLN,19,95.89999999999995,4
6198-PNNSZ,56,109.79999999999987,7
3317-VLGQT,14,78.09999999999994,2
4132-POCZS,52,39.89999999999996,2
5614-DNZCE,58,64.89999999999996,5
1095-JUDTC,47,95.04999999999978,5
3896-RCYYE,67,53.39999999999995,4
9638-JIQYA,2,24.899999999999856,0
3258-SANFR,6,44.699999999999974,1
3726-TBHQT,71,114.00000000000004,8
3190-ITQXP,46,20.24999999999985,1
0870-VEMYL,5,53.84999999999998,3
4833-QTJNO,67,83.84999999999992,4
3039-MJSLN,3,20.20000000000003,1
0178-CIIKR,3,19.950000000000053,1
5385-SUIRI,52,104.20000000000005,6
3982-XWFZQ,42,50.24999999999998,2
5774-QPLTF,50,20.35000000000008,1
2322-VCZHZ,23,89.99999999999994,4
5010-IPEAQ,67,54.19999999999998,5
4009-ALQFH,25,99.49999999999993,5
6383-ZTSIW,39,99.0999999999999,5
8990-YOZLV,69,66.89999999999996,5
3069-SSVSN,1,25.849999999999966,0
5222-IMUKT,32,91.04999999999993,3
3627-FCRDW,9,70.99999999999996,1
7562-GSUHK,16,93.19999999999995,4
6685-XSHHU,60,20.949999999999974,1
8901-UPRHR,72,109.19999999999999,7
4903-UYAVB,5,19.34999999999986,1
0118-JPNOY,26,85.79999999999993,3
6776-TLWOI,3,19.850000000000122,1
3845-FXCYS,2,19.649999999999956,1
5857-XRECV,2,20.500000000000128,1
0725-CXOTM,36,89.64999999999995,7
4343-EJVQB,7,74.34999999999995,2
9000-PLFUZ,60,49.449999999999974,3
3427-GGZZI,19,89.09999999999992,4
7779-ORAEL,45,75.14999999999995,6
0644-OQMDK,4,70.64999999999995,1
4077-CROMM,31,104.20000000000005,6
3154-CFSZG,47,90.04999999999994,4
2868-MZAGQ,1,79.24999999999994,2
4847-QNOKA,1,44.89999999999999,1
2220-IAHLS,1,19.39999999999997,1
1658-XUHBX,59,88.74999999999994,4
6379-RXJRQ,10,70.09999999999994,1
2378-HTWFW,35,90.99999999999993,4
8650-RHRKE,4,29.650000000000105,1
4377-VDHYI,32,90.79999999999995,4
0475-RIJEP,43,77.84999999999995,3
1260-TTRXI,4,54.299999999999976,2
3719-TDVQB,54,18.95000000000013,1
6328-ZPBGN,11,95.15,4
0201-MIBOL,66,102.39999999999978,5
4937-QPZPO,61,99.89999999999995,5
2925-VDZHY,72,88.69999999999996,8
6981-TDRFT,44,54.299999999999976,4
3413-CSSTH,41,55.69999999999996,3
8033-VCZGH,50,103.95000000000007,6
4789-KWMXN,47,110.84999999999991,7
0224-NIJLP,8,20.149999999999913,1
7542-CYDDM,18,20.049999999999983,1
4718-WXBGI,72,91.94999999999995,8
2867-UIMSS,1,80.49999999999993,2
8495-PRWFH,42,55.64999999999996,3
0439-IFYUN,18,74.69999999999995,2
5716-LIBJC,13,104.14999999999993,6
2868-LLSKM,68,83.64999999999993,4
8111-RKSPX,4,72.19999999999996,2
2988-QRAJY,69,110.04999999999986,7
1585-MQSSU,17,51.49999999999997,2
0071-NDAFP,25,25.50000000000005,2
2856-NNASM,43,89.54999999999993,3
7328-ZJAJO,59,19.499999999999908,1
6458-CYIDZ,5,80.69999999999995,3
8559-CIZFV,21,77.49999999999994,6
1090-PYKCI,69,105.10000000000005,7
3058-WQDRE,13,25.15000000000014,0
7547-EKNFS,42,95.24999999999994,5
2279-AXJJK,52,95.64999999999998,5
6769-DYBQN,46,84.99999999999993,3
0909-SELIE,61,80.79999999999994,7
3417-TSCIC,29,24.850000000000044,0
1042-HFUCW,25,54.74999999999997,3
4439-JMPMT,5,85.74999999999994,3
6537-OTKMY,15,50.74999999999997,3
8999-EXMNO,19,20.149999999999913,1
6725-TPKJO,44,20.049999999999983,1
2446-BEGGB,6,98.25000000000001,5
7162-WPHPM,58,71.59999999999994,6
1599-MMYRQ,62,81.44999999999996,3
8821-KVZKQ,70,58.39999999999997,5
1496-GGSUK,1,25.699999999999918,0
6434-TTGJP,10,53.69999999999996,5
0042-JVWOJ,26,19.599999999999838,1
0130-SXOUN,66,89.39999999999993,4
2575-GFSOE,7,68.99999999999996,1
2330-PQGDQ,51,84.19999999999996,4
1452-UZOSF,72,106.09999999999997,7
2097-YVPKN,65,25.750000000000036,2
2842-JTCCU,2,46.04999999999996,1
8597-CTXVJ,70,64.94999999999996,5
6631-HMANX,72,85.44999999999996,7
9962-BFPDU,1,20.049999999999983,1
3296-SILRA,1,76.39999999999995,2
9681-OXGVC,5,100.49999999999986,5
6394-HHHZM,3,20.699999999999996,1
5995-LFTLE,58,25.29999999999989,2
5180-UCIIQ,22,40.04999999999998,2
1932-UEDCX,33,100.5999999999998,5
7153-OANIO,1,69.94999999999995,1
5188-HGMLP,54,73.99999999999994,2
0665-XHDJU,72,99.39999999999999,5
6521-YYTYI,1,93.29999999999994,4
8878-HMWBV,3,49.14999999999997,2
8265-HKSOW,72,107.44999999999982,7
3544-FBCAS,72,83.59999999999994,7
5331-RGMTT,54,99.05000000000007,5
4759-PXTAN,59,80.09999999999994,6
7054-DMVAS,54,65.29999999999995,4
3428-MMGUB,60,89.54999999999993,4
6549-BTYPG,60,60.79999999999997,5
7823-JSOAG,3,74.49999999999997,2
3705-RHRFR,69,99.15,5
9374-YOLBJ,1,19.249999999999922,1
9074-KGVOX,50,39.449999999999974,2
6128-DAFVY,56,44.849999999999966,2
9933-QRGTX,60,97.19999999999997,5
4476-OSWTN,69,110.54999999999981,7
3751-KTZEL,1,35.04999999999997,1
1977-STDKI,1,72.99999999999996,2
5066-GFJMM,3,19.899999999999935,1
2661-GKBTK,60,76.94999999999996,5
0458-HEUZG,13,35.39999999999998,2
7268-WNTCP,62,20.450000000000017,1
0824-VWDPO,45,96.74999999999983,5
8409-WQJUX,25,54.19999999999998,4
2578-JQPHZ,44,100.09999999999982,5
3278-FSIXX,2,45.24999999999996,1
5813-UECBU,33,83.84999999999992,4
0328-GRPMV,1,70.09999999999994,1
9746-UGFAC,22,20.850000000000044,1
2946-KIQSP,35,33.44999999999994,2
0625-AFOHS,29,20.20000000000003,1
6726-WEXXK,27,85.89999999999995,4
4636-OLWOE,54,60.99999999999995,4
4342-HENTK,2,70.64999999999995,1
4685-ERGHK,57,86.89999999999993,3
0885-HMGPY,62,69.39999999999995,6
5003-OKNNK,15,20.35000000000008,1
4195-SMMNX,2,20.35000000000008,1
7208-PSIHR,70,104.29999999999998,6
4012-ZTHBR,21,44.94999999999999,1
0489-WMEMG,23,49.449999999999974,2
7435-ZNUYY,6,20.600000000000065,1
1354-YZFNB,4,19.550000000000026,1
6956-SMUCM,3,98.99999999999996,5
2985-FMWYF,23,93.49999999999993,4
2812-ENYMO,26,54.549999999999955,4
2717-HVIZY,8,20.049999999999983,1
3223-WZWJM,26,83.94999999999995,3
3422-GALYP,2,79.44999999999996,3
9053-JZFKV,67,116.19999999999976,8
2530-ENDWQ,71,93.69999999999993,4
2890-WFBHU,59,79.84999999999995,7
0327-WFZSY,39,99.99999999999989,5
7977-HXJKU,21,19.599999999999838,1
6615-ZGEDR,1,19.700000000000074,1
7033-CLAMM,48,20.20000000000003,1
4023-RTIQM,31,50.39999999999996,4
0864-FVJNJ,64,113.35000000000002,8
7356-IWLFW,46,79.99999999999994,3
9541-PWTWO,52,80.94999999999996,6
3967-VQOGC,67,24.899999999999856,2
7872-RDDLZ,67,54.899999999999956,3
9250-WYPLL,5,75.54999999999994,2
6308-CQRBU,71,109.2499999999998,7
2754-XBHTB,9,77.64999999999993,2
1597-LHYNC,26,94.99999999999996,5
0186-CAERR,71,116.29999999999998,8
3043-SUDUA,32,19.899999999999935,1
5442-BHQNG,2,70.34999999999994,1
2169-RRLFW,71,25.599999999999987,2
5872-OEQNH,60,44.44999999999999,3
3162-KKZXO,55,100.14999999999995,5
7055-VKGDA,54,105.39999999999984,6
0754-UKWQP,2,95.84999999999984,4
8873-GLDMH,6,73.84999999999995,2
5696-JVVQY,48,70.09999999999994,5
8946-BFWSG,63,25.25000000000007,2
7493-TPUWZ,1,79.14999999999995,3
0547-HURJB,12,21.049999999999912,1
8904-OPDCK,54,24.949999999999974,0
8845-LWKGE,30,64.49999999999996,4
1577-HKTFG,30,19.649999999999956,1
8752-STIVR,4,78.99999999999996,2
0691-NIKRI,40,105.94999999999993,6
5022-JNQEQ,9,75.84999999999995,2
4558-FANTW,17,91.84999999999992,4
3249-VHRIP,62,43.599999999999966,3
3736-BLEPA,28,91.24999999999994,4
4701-LKOZD,70,89.74999999999994,8
6603-QWSPR,46,104.39999999999992,6
9921-QFQUL,23,90.14999999999993,4
1929-ZCBHE,47,40.29999999999997,3
4378-MYPGO,68,105.2499999999998,6
8651-ENBZX,60,106.00000000000003,6
4129-LYCOI,67,103.99999999999989,6
7798-JVXYM,14,69.64999999999996,4
8647-SDTWQ,57,74.29999999999995,2
2696-ECXKC,55,100.89999999999989,5
2081-KJSQF,1,20.24999999999985,1
7623-TRNQN,1,49.89999999999997,2
3323-CPBWR,23,96.89999999999988,5
9330-IJWIO,13,100.3499999999998,5
3384-CTMSF,47,104.09999999999982,6
0902-RFHOF,38,20.1000000000001,1
9286-DOJGF,38,74.94999999999996,2
6048-QBXKL,2,56.549999999999955,3
9661-MHUMO,1,49.249999999999964,2
7718-RXDGG,15,68.59999999999995,1
1025-FALIX,26,69.04999999999995,1
3451-VAWLI,35,19.700000000000074,1
3407-QGWLG,3,20.049999999999983,1
1842-EZJMK,50,103.69999999999979,6
2347-WKKAE,42,94.39999999999995,5
8735-DCXNF,10,54.94999999999995,3
3214-IYUUQ,61,93.69999999999993,5
1936-UAFEH,68,110.25000000000003,7
3587-PMCOY,10,98.90000000000003,5
8079-XRJRS,65,89.74999999999994,5
1027-LKKQQ,72,80.44999999999993,6
7148-XZPHA,55,79.39999999999996,3
8073-IJDCM,1,20.29999999999997,1
5309-TAIKL,7,62.799999999999955,4
6856-RAURS,2,74.89999999999996,2
8778-LMWTJ,9,74.84999999999994,2
9717-IOAAF,27,25.849999999999966,2
8884-ADFVN,7,101.94999999999993,5
2845-KDHVX,64,68.29999999999995,5
0848-SOMKO,70,48.39999999999996,4
2720-WGKHP,2,93.99999999999994,4
6734-FQAJX,67,105.04999999999993,6
2869-ADAWR,45,89.29999999999994,4
1535-VTJOQ,24,25.15000000000014,2
6368-TZZDT,4,19.499999999999908,1
0943-ZQPXH,44,92.94999999999993,4
1293-BSEUN,72,20.699999999999996,1
9894-EZEWG,1,74.29999999999995,2
1302-TPUBN,66,19.34999999999986,1
7851-FLGGQ,1,44.64999999999998,3
0637-UBJRP,13,84.04999999999994,3
0940-OUQEC,10,80.69999999999995,3
2378-VTKDH,65,104.3499999999998,6
0927-CNGRH,1,19.550000000000026,1
8608-OZTLB,38,74.04999999999994,6
2335-GSODA,23,40.09999999999998,3
1952-DVVSW,10,20.1000000000001,1
0702-PGIBZ,4,101.69999999999995,5
6656-GULJQ,72,83.54999999999995,7
9853-JFZDU,35,56.849999999999966,3
1963-VAUKV,1,20.3999999999999,1
3777-XROBG,58,19.550000000000026,1
6994-FGRHH,70,106.15000000000009,6
4000-VGMQP,38,78.94999999999996,6
3999-WRNGR,60,49.749999999999986,3
3466-RITXD,26,92.39999999999995,5
2680-XKKNJ,8,58.19999999999998,4
3058-HJCUY,41,102.59999999999994,6
2974-GGUXS,36,91.94999999999995,4
7994-XIRTR,54,65.24999999999996,4
3259-FDWOY,71,106.00000000000003,6
2101-RANCD,55,73.09999999999995,2
7921-BEPCI,72,59.74999999999996,4
0807-ZABDG,3,55.09999999999997,3
8510-TMWYB,54,59.799999999999955,4
3258-ZKPAI,72,116.5999999999998,8
1428-IEDPR,52,109.29999999999991,7
5298-GSTLM,60,101.39999999999984,5
4450-YOOHP,39,50.64999999999998,3
6728-CZFEI,15,56.149999999999956,2
5748-RNCJT,69,106.5,6
3653-NCRDJ,43,19.20000000000011,1
6121-TNHBO,63,82.99999999999993,7
5119-NZPTV,2,70.09999999999994,1
6519-ZHPXP,72,108.29999999999998,7
7739-LAXOG,32,91.04999999999993,4
3472-QPRCH,40,25.25000000000007,2
8224-UAXBZ,58,45.34999999999998,3
9610-WCESF,67,43.89999999999997,3
9776-CLUJA,51,77.49999999999994,3
2486-WYVVE,31,79.29999999999994,6
3865-ZYKAD,69,84.89999999999993,4
1422-DGUBX,32,79.24999999999994,3
2999-AANRQ,21,71.04999999999995,5
8668-KNZTI,52,53.74999999999996,3
0480-KYJVA,72,24.25000000000015,2
6034-ZRYCV,72,54.19999999999998,4
9746-YKGXB,52,44.24999999999997,3
3926-YZVVX,41,50.04999999999996,2
6000-UKLWI,41,20.149999999999913,1
2079-FBMZK,6,69.24999999999997,1
6332-FBZRI,67,69.34999999999997,6
2096-XOTMO,16,19.34999999999986,1
3266-FTKHB,17,19.14999999999999,1
8221-EQDGL,35,60.99999999999995,4
2346-LOCWC,58,20.500000000000128,1
6608-QQLVK,1,50.49999999999996,2
0298-XACET,52,50.19999999999998,4
7560-QJAVJ,70,79.59999999999994,6
2995-YWTCD,19,24.899999999999856,2
3551-HUAZH,1,74.39999999999998,2
9137-UIYPG,35,106.90000000000003,6
2809-ZMYOQ,32,101.35000000000002,5
5084-OOVCJ,17,55.34999999999995,3
0254-WWRKD,67,50.549999999999955,2
7727-SHVZV,9,19.499999999999908,1
6302-JGYRJ,31,79.44999999999996,6
5339-PXDVH,4,90.64999999999992,4
2205-LPVGL,58,89.84999999999992,5
8782-NUUOL,60,78.99999999999996,6
3685-YLCMQ,58,104.64999999999989,6
7601-WFVZV,1,19.550000000000026,1
4609-KNNWG,27,19.899999999999935,1
4868-AADLV,66,116.24999999999989,8
9529-OFXHY,15,87.74999999999993,4
8634-MPHTR,47,100.05000000000001,5
2669-QVCRG,41,81.29999999999994,3
2478-EEWWM,59,44.29999999999997,2
9174-IHETN,50,70.34999999999994,1
2233-TXSIU,17,44.44999999999999,3
9644-UMGQA,6,49.14999999999997,2
3256-EZDBI,51,29.44999999999994,1
8761-NSOBC,44,100.54999999999997,5
0419-YAAPX,49,85.29999999999994,3
8413-VONUO,2,95.64999999999998,4
0872-CASZJ,59,69.09999999999995,5
4726-DLWQN,50,70.34999999999994,5
8164-OCKUJ,59,20.600000000000065,1
3094-JOJAI,18,74.14999999999996,2
9494-MRNYX,10,75.04999999999995,2
2599-CZABP,14,44.59999999999998,1
7945-PRBVF,35,21.44999999999994,1
4544-RXFMG,8,43.449999999999974,1
0859-YGKFW,18,20.049999999999983,1
1150-FTQGN,60,94.14999999999993,5
9223-UCPVT,1,94.39999999999995,4
7196-LIWRH,6,19.550000000000026,1
5448-VWNAM,19,75.89999999999995,6
1177-XZBJL,53,64.14999999999996,5
3518-FSTWG,72,109.5499999999999,7
9330-VOFSZ,60,110.79999999999981,7
4351-QLCSU,1,54.99999999999995,2
0939-EREMR,13,53.449999999999974,3
9389-ACWBI,5,69.94999999999995,1
5419-JPRRN,1,101.44999999999996,5
3644-QXEHN,13,96.9999999999998,4
2911-IJORQ,37,90.59999999999994,8
5921-NGYRH,64,73.54999999999994,2
2100-BDNSN,5,67.94999999999995,5
5998-DZLYR,61,94.34999999999992,5
0488-GSLFR,1,69.49999999999994,1
9318-NKNFC,1,18.849999999999895,1
3985-HOYPM,26,19.39999999999997,1
9728-FTTVZ,1,69.19999999999995,1
9548-LERKT,24,19.749999999999886,1
6576-FBXOJ,17,54.59999999999998,4
4310-KEDTB,26,29.799999999999855,1
7254-IQWOZ,1,69.64999999999996,1
2474-BRUCM,40,101.85,5
4062-HBMOS,52,103.04999999999978,6
0742-NXBGR,1,82.29999999999995,3
2676-ISHSF,1,20.29999999999997,1
9236-NDUCW,21,35.099999999999994,2
4753-PADAS,67,105.69999999999993,6
6103-QCKFX,44,56.24999999999998,3
7781-EWARA,70,60.34999999999997,5
6110-OHIHY,3,79.24999999999994,2
7018-FPXHH,56,59.799999999999955,4
5889-LFOLL,13,84.59999999999992,3
5708-EVONK,58,93.39999999999993,5
8708-XPXHZ,42,94.19999999999993,4
0616-ATFGB,1,25.049999999999905,0
0572-ZJKLT,46,99.64999999999998,6
5135-RDDQL,63,50.64999999999998,2
1353-LJWEM,11,60.89999999999996,4
1794-SWWKL,15,59.64999999999996,4
6166-YIPFO,72,64.69999999999996,6
7016-BPGEU,29,25.100000000000023,0
6876-ADESB,1,48.94999999999999,2
9332-GYWLO,6,54.849999999999966,2
1963-SVUCV,1,45.299999999999955,1
4184-VODJZ,63,91.34999999999994,4
0220-EBGCE,2,85.84999999999992,3
1092-WPIVQ,18,25.100000000000023,2
7233-IOQNP,43,34.000000000000014,2
2834-JKOOW,15,45.89999999999997,4
2754-VDLTR,10,95.19999999999982,4
2400-FEQME,55,20.500000000000128,1
3190-XFANI,49,100.5999999999998,5
7551-DACSP,6,55.299999999999955,3
4957-SREEC,70,20.35000000000008,1
7235-NXZCP,2,74.84999999999994,2
0230-UBYPQ,63,36.09999999999998,2
4923-ADWXJ,25,65.79999999999995,4
1763-KUAAW,18,20.35000000000008,1
1104-TNLZA,28,105.79999999999987,6
5195-KPUNQ,53,96.74999999999983,5
0520-FDVVT,35,102.34999999999995,5
3439-GVUSX,1,24.3999999999999,0
1444-VVSGW,70,115.64999999999998,8
5712-PTIWW,2,79.84999999999995,3
5949-HGVJL,26,73.04999999999995,5
5203-XEHAX,34,64.34999999999995,4
1635-HDGFT,19,20.500000000000128,1
3315-TOTBP,15,75.99999999999994,2
8050-XGRVL,62,54.74999999999997,3
6661-HBGWL,42,104.74999999999983,6
1518-VOWAV,9,74.64999999999995,5
9828-QHFBK,24,51.14999999999997,2
3908-MKIMJ,68,41.94999999999997,3
5012-YSPJJ,31,54.349999999999966,3
5909-ECHUI,1,56.24999999999998,2
1309-BXVOQ,21,106.09999999999997,6
6728-VOIFY,63,95.99999999999989,4
9317-WZPGV,2,79.74999999999993,2
4891-NLUBA,61,61.449999999999946,5
2856-HYAPG,1,68.64999999999995,1
8969-PRHFK,18,19.649999999999956,1
0661-KQHNK,6,18.999999999999943,1
8709-KRDVL,33,99.99999999999989,5
4488-PSYCG,16,20.24999999999985,1
1427-VERSM,56,98.69999999999986,5
9801-NOSHQ,23,19.800000000000004,1
6339-YPSAH,9,73.79999999999995,2
3621-CEOVK,14,100.20000000000006,5
6906-ANDWJ,15,74.89999999999996,2
2159-TURXX,5,20.049999999999983,1
1548-FEHVL,61,106.1999999999999,6
3795-CAWEX,70,116.54999999999998,8
6215-NQCPY,15,99.69999999999979,5
5647-URDKA,8,19.700000000000074,1
2229-DPMBI,8,19.499999999999908,1
9626-WEQRM,4,29.149999999999842,1
2188-SXWVT,34,54.99999999999995,3
6258-PVZWJ,68,90.79999999999995,8
1094-BKOSX,45,50.99999999999998,4
6969-MVBAI,9,90.09999999999994,4
2978-XXSOG,22,59.04999999999995,4
2342-CKIAO,2,20.29999999999997,1
6953-PBDIN,70,72.94999999999996,6
3898-BSJYF,10,73.54999999999994,6
3938-YFPXD,72,84.29999999999995,7
7696-AMHOD,49,77.99999999999994,5
2453-SAFNS,54,72.09999999999994,5
9558-IHEZX,71,106.74999999999997,7
9617-UDPEU,22,19.249999999999922,1
6340-DACFT,50,20.549999999999947,1
4955-VCWBI,43,19.999999999999865,1
6813-GZQCG,45,24.649999999999878,2
7426-GSWPO,64,103.49999999999993,6
3389-KTRXV,23,23.850000000000115,2
3118-UHVVQ,68,25.800000000000153,2
1031-IIDEO,1,70.84999999999994,1
5832-XKAES,2,69.79999999999995,1
3205-MXZRA,26,59.44999999999998,3
4701-AHWMW,55,54.549999999999955,4
8317-BVKSO,14,20.049999999999983,1
5702-KVQRD,71,82.54999999999993,6
0083-PIVIK,64,81.24999999999994,7
9210-IAHGH,7,70.74999999999994,4
6169-PGNCD,57,74.29999999999995,6
0023-XUOPT,13,94.09999999999994,5
4592-IWTJI,3,29.699999999999925,1
4909-JOUPP,72,109.69999999999995,7
4657-FWVFY,40,96.3499999999998,5
2257-BOVXD,14,66.59999999999995,4
7729-JTEEC,2,44.499999999999986,1
7632-MNYOY,66,110.90000000000003,7
6518-LGAOV,38,104.99999999999982,6
7242-QZLXF,1,25.29999999999989,0
4576-CSAJH,22,55.14999999999997,3
1000-AJSLD,1,20.1000000000001,1
9696-RMYBA,5,80.09999999999994,2
8690-UPCZI,29,69.04999999999995,5
1062-LHZOD,1,69.89999999999995,1
9770-LXDBK,3,20.3999999999999,1
4086-WITJG,71,19.700000000000074,1
8344-WFMFH,9,50.09999999999999,2
9600-NAXZN,43,101.39999999999984,5
8822-KNBHV,48,83.44999999999996,7
8404-FYDIB,26,86.64999999999995,4
2791-SFVEW,9,20.149999999999913,1
6457-USBER,1,80.79999999999994,2
6762-NSODU,46,19.39999999999997,1
4662-EKDPQ,2,62.049999999999955,3
9248-OJYKK,1,76.44999999999993,2
9888-ZCUMM,64,60.04999999999996,5
3398-FSHON,12,91.29999999999994,4
3319-DWOEP,6,95.7499999999999,4
1074-WVEVG,59,20.35000000000008,1
9979-RGMZT,7,94.04999999999994,4
6437-UDQJM,72,84.09999999999994,7
1226-IENZN,16,78.74999999999994,2
2108-GLPQB,25,55.54999999999997,3
9259-PACGQ,34,62.649999999999956,5
4415-IJZTP,1,74.49999999999997,2
1465-VINDH,10,102.09999999999997,6
5474-LAMUQ,24,20.1000000000001,1
3468-DRVQJ,10,70.29999999999995,5
1122-YJBCS,69,53.64999999999996,3
4990-ALDGW,57,20.750000000000114,1
4816-OKWNX,50,103.39999999999999,6
3315-IKYZQ,28,50.79999999999997,4
2810-FTLEM,16,50.149999999999984,2
4747-LCAQL,25,78.99999999999996,6
3411-WLRSQ,3,74.59999999999995,2
0898-XCGTF,61,96.49999999999984,4
8006-PYCSW,2,20.1000000000001,1
8249-THVEC,51,19.39999999999997,1
8722-PRFDV,71,77.54999999999994,5
2164-SOQXL,20,20.049999999999983,1
4020-KIUDI,6,19.850000000000122,1
5850-BDWCY,6,20.20000000000003,1
2038-YSEZE,29,67.44999999999996,5
0827-ITJPH,36,18.550000000000097,1
8799-OXZMD,28,29.750000000000036,1
1925-TIBLE,7,86.49999999999994,3
1705-GUHPV,63,24.20000000000003,2
4779-ZGICK,48,23.55000000000002,2
0048-PIHNL,49,20.450000000000017,1
0818-OCPZO,27,81.44999999999996,3
3967-KXAPS,72,92.29999999999993,8
1447-GIQMR,1,69.14999999999995,1
3704-IEAXF,72,53.64999999999996,4
6810-VCAEX,47,39.64999999999999,3
0674-EYYZV,1,54.64999999999998,2
4480-MBMLB,36,104.79999999999995,6
1395-OFUWC,43,29.29999999999989,1
0822-QGCXA,27,83.84999999999992,7
0872-NXJYS,9,79.54999999999994,2
2832-KJCRD,38,103.64999999999998,6
3588-WSTTJ,35,99.05000000000007,5
4075-WKNIU,0,73.34999999999994,6
5090-EMGTC,59,100.05000000000001,5
2346-CZYIL,27,20.35000000000008,1
3798-EPWRR,2,43.94999999999996,1
6258-NGCNG,7,23.4999999999999,2
4186-ZBUEW,36,70.69999999999995,5
5274-XHAKY,41,94.29999999999993,5
1442-BQPVU,13,29.149999999999842,1
3978-YNKDD,19,20.850000000000044,1
4940-KHCWD,60,37.69999999999999,3
9412-ARGBX,48,95.49999999999993,5
1389-CXMLU,3,91.04999999999993,4
9589-ABEPT,69,92.44999999999995,5
9388-ZEYVT,43,44.14999999999998,3
0305-SQECB,11,36.04999999999998,2
7605-SNLQG,45,50.24999999999998,2
4670-TABXH,72,109.74999999999976,7
5561-NWEVX,2,79.19999999999995,3
0064-SUDOG,12,20.29999999999997,1
8561-NMTBD,67,112.3499999999998,7
5161-XEUVX,37,94.29999999999993,5
8292-FRFZQ,39,41.14999999999996,3
8591-NXRCV,41,74.64999999999995,6
7895-VONWT,25,48.24999999999997,3
4526-RMTLL,8,76.14999999999996,6
6253-GNHWH,71,71.09999999999995,6
4566-NECEV,5,96.54999999999997,5
8080-POTJR,30,79.29999999999994,6
6906-MPARY,40,89.59999999999991,4
3662-FXJFO,54,20.500000000000128,1
8107-RZLNV,72,106.29999999999984,6
0516-OOHAR,28,100.3499999999998,5
2027-CWDNU,18,85.59999999999994,3
2737-WFVYW,2,45.24999999999996,2
9912-OMZDS,59,106.15000000000009,6
3733-ZEECP,22,51.09999999999997,2
7878-RTCZG,1,19.899999999999935,1
2452-MRMZF,72,25.699999999999918,2
2272-QAGFO,14,74.29999999999995,2
7103-IPXPJ,50,99.39999999999999,5
4342-HFXWS,48,69.69999999999996,5
3545-CNWRG,49,98.34999999999995,5
1785-BPHTP,28,85.44999999999996,3
4989-LIXVT,68,95.89999999999995,5
7315-WYOAW,13,100.74999999999983,5
1173-XZPYF,11,89.19999999999995,4
9850-OWRHQ,3,74.09999999999994,2
3768-NLUBH,57,100.5999999999998,5
8676-TRMJS,3,74.99999999999996,2
2509-TFPJU,72,25.750000000000036,2
9530-GRMJG,70,84.09999999999994,7
6898-RBTLU,49,79.29999999999994,6
5481-NTDOH,67,107.05000000000008,6
2068-WWXQZ,46,20.049999999999983,1
7359-SSBJK,64,70.19999999999996,5
2061-VVFST,37,19.499999999999908,1
0685-MLYYM,2,70.74999999999994,1
0749-IRGQE,13,45.299999999999955,2
2380-DAMQP,72,115.15,8
2256-YLYLP,68,72.94999999999996,5
1272-ILHFG,15,19.649999999999956,1
0164-XAIRP,24,19.550000000000026,1
5666-CYCYZ,24,89.54999999999993,4
4011-ARPHK,27,50.349999999999966,2
8182-PNAGI,12,50.24999999999998,2
6365-HITVU,71,87.24999999999994,7
7558-IMLMT,67,20.799999999999926,1
9488-FYQAU,63,109.2499999999998,7
3590-TCXTB,1,20.35000000000008,1
6994-KERXL,4,55.89999999999998,2
7957-RYHQD,40,79.19999999999995,3
2180-DXNEG,12,95.99999999999989,4
1960-UOTYM,52,79.19999999999995,6
2740-JFBOK,10,23.999999999999865,2
6500-JVEGC,68,101.35000000000002,6
5515-AKOAJ,54,100.09999999999982,5
8976-OQHGT,4,56.49999999999996,3
5245-VDBUR,52,35.449999999999974,2
6230-BSUXY,1,84.99999999999993,3
8469-SNFFH,70,79.39999999999996,7
2144-ESWKO,43,35.19999999999999,2
1241-FPMOF,52,19.649999999999956,1
9928-BZVLZ,12,49.84999999999998,4
4114-QMKVN,56,68.74999999999994,5
2775-SEFEE,0,61.899999999999956,5
9003-CPATH,42,79.89999999999995,3
1754-GKYPY,22,89.74999999999994,3
5294-CDGWY,51,59.29999999999996,5
7956-XQWGU,27,19.39999999999997,1
1591-MQJTP,51,93.64999999999995,5
5295-PCJOO,4,49.39999999999998,2
2369-FEVNO,1,19.899999999999935,1
9863-JZAIC,35,54.99999999999995,2
7471-MQPOS,71,72.89999999999996,6
7660-HDPJV,1,69.19999999999995,1
5115-SQAAU,69,25.599999999999987,2
9845-QOMAD,14,19.749999999999886,1
7672-VFMXZ,57,55.69999999999996,3
9739-JLPQJ,72,117.49999999999977,8
9916-AYHTC,48,19.850000000000122,1
3855-ONCAR,4,78.89999999999996,2
1488-SYSFC,31,20.649999999999878,1
7931-PXHFC,38,62.299999999999955,4
3990-QYKBE,37,92.49999999999994,4
0970-QXPXW,1,19.649999999999956,1
3259-KNMRR,57,79.74999999999993,6
6120-RJKLU,62,79.94999999999995,6
9572-WUKSB,3,29.900000000000084,1
5893-KCLGT,72,19.749999999999886,1
0076-LVEPS,29,44.99999999999998,4
3640-JQGJG,13,44.79999999999997,1
4919-MOAVT,3,69.64999999999996,1
1596-OQSPS,11,51.09999999999997,2
9867-XOBQA,21,53.14999999999997,5
9546-KDTRB,19,24.699999999999996,2
3090-HAWSU,61,111.59999999999985,7
9820-RMCQV,11,48.549999999999955,2
3174-RKMOW,35,109.94999999999993,7
1760-CAZHT,25,20.799999999999926,1
7839-QRKXN,1,20.20000000000003,1
8441-SHIPE,67,25.599999999999987,2
5204-QZXPU,19,39.64999999999999,2
4597-ELFTS,56,24.899999999999856,2
1320-GVNHT,72,108.39999999999992,7
1047-RNXZV,43,19.550000000000026,1
3541-ZNUHK,55,85.09999999999992,4
8450-JOVAH,2,56.699999999999974,3
8725-JEDFD,27,69.04999999999995,1
7562-UXTPG,13,70.14999999999996,1
8071-SBTRN,70,111.15,7
1113-IUJYX,14,105.94999999999993,6
6668-CNMFP,19,89.34999999999994,4
5626-MGTUK,20,89.09999999999992,4
5681-LLOEI,43,91.24999999999994,5
8212-DJRCH,5,90.34999999999992,4
4323-OHFOW,70,105.5499999999999,6
4933-BSAIP,40,19.099999999999874,1
2030-BTZRO,6,20.3999999999999,1
1116-DXXDF,39,100.45000000000005,5
9274-CNFMO,4,74.94999999999996,2
7758-XKCBS,15,29.699999999999925,1
8992-JQYUN,1,50.349999999999966,3
6563-VNPMN,45,85.69999999999993,4
0617-AQNWT,64,47.84999999999997,4
2267-WTPYD,57,93.99999999999994,5
0270-THENM,72,69.84999999999995,6
2446-PLQVO,1,70.29999999999995,1
4707-MAXGU,72,25.849999999999966,2
2710-WYVXG,3,71.09999999999995,5
3005-NFMTA,55,98.7999999999998,5
6300-BWMJX,59,93.34999999999994,5
8784-CGILN,18,99.84999999999985,5
5389-FFVKB,32,80.29999999999995,2
7009-LGECI,4,50.549999999999955,2
8444-WRIDW,66,80.44999999999993,3
5022-KVDQT,27,81.29999999999994,3
7976-CICYS,4,20.699999999999996,1
1036-GUDCL,60,79.04999999999995,6
2005-DWQZJ,8,19.05000000000006,1
8148-WOCMK,8,19.599999999999838,1
7815-PDTHL,35,20.20000000000003,1
9451-LPGOO,7,86.79999999999994,3
9173-IVZVP,53,20.899999999999856,1
9129-UXERG,18,103.59999999999985,6
3635-JBPSG,15,38.79999999999996,2
7964-ZRKKG,67,88.39999999999995,4
5868-YWPDW,6,84.19999999999996,3
6229-LSCKB,6,79.69999999999993,2
2025-JKFWI,13,98.99999999999996,5
4078-SAYYN,11,100.74999999999983,5
1724-IQWNM,1,19.30000000000004,1
8217-QYOHV,5,55.74999999999996,3
5546-QUERU,13,19.950000000000053,1
9940-HPQPG,9,91.74999999999994,5
6897-UUBNU,29,89.64999999999995,4
6127-IYJOZ,1,45.84999999999998,1
6618-RYATB,1,79.54999999999994,3
8930-XOTDP,18,55.949999999999974,2
5916-QEWPT,2,68.99999999999996,4
5060-TQUQN,30,83.54999999999995,4
0531-XBKMM,66,65.69999999999996,5
8465-SBRXP,38,94.90000000000003,5
2408-PSJVE,44,61.899999999999956,4
9079-YEXQJ,54,111.09999999999991,7
9700-ZCLOT,2,19.999999999999865,1
8738-JOKAR,42,67.69999999999996,5
4534-WGCIR,58,25.15000000000014,2
1930-WNXSB,58,92.84999999999994,4
2685-SREOM,25,89.09999999999992,4
3508-CFVZL,71,111.29999999999976,8
0402-CQAJN,37,101.8999999999998,6
6692-UDPJC,14,91.64999999999995,4
1273-MTETI,4,88.84999999999994,4
0657-DOGUM,48,60.59999999999995,4
5480-HPRRX,3,25.29999999999989,0
8792-AOROI,8,65.49999999999996,4
0295-PPHDO,1,95.4499999999998,4
5146-YYFRZ,67,19.950000000000053,1
1195-OIYEJ,13,91.09999999999992,3
5906-CVLHP,45,54.149999999999956,3
3452-SRFEG,49,74.59999999999995,2
4070-OKWVH,52,94.59999999999994,5
5297-MDOIR,63,81.14999999999995,3
6369-MCAKO,68,89.04999999999993,8
4926-UMJZD,31,49.19999999999997,2
6848-HJTXY,64,19.450000000000088,1
6341-AEVKX,62,104.29999999999998,6
4501-EQDRN,1,69.69999999999996,1
2990-HWIML,6,89.49999999999993,3
0682-USIXD,21,86.04999999999994,3
6976-BWGLQ,72,25.199999999999953,2
7078-NVFAM,32,35.14999999999999,2
8065-QBYTO,71,99.64999999999998,6
2133-TSRRM,34,105.35000000000002,6
7384-GHBPI,3,35.14999999999999,1
7603-USHJS,12,73.74999999999996,2
7234-FECYN,8,101.35000000000002,5
2511-ALLCS,35,24.29999999999996,2
3191-CSNMG,3,80.69999999999995,2
7952-OBOYL,3,89.84999999999992,4
7470-DYNOE,53,61.09999999999997,3
7853-OETYL,4,29.049999999999912,1
1545-ACTAS,48,99.69999999999979,5
5876-HZVZM,6,55.89999999999998,3
1400-MMYXY,3,105.8999999999998,6
5126-RCXYW,54,45.999999999999964,3
3085-QUOZK,1,43.94999999999996,1
2363-BJLSL,62,80.39999999999995,6
1956-YIFGE,22,100.05000000000001,5
3926-CUQZX,1,45.09999999999997,1
7921-LMDFQ,51,93.99999999999994,4
2925-MXLSX,30,68.94999999999996,5
5820-PTRYM,56,68.44999999999996,6
9609-BENEA,35,68.99999999999996,5
6211-WHMYA,64,43.84999999999997,3
4459-BBGHE,30,44.499999999999986,2
9945-PSVIP,25,18.699999999999847,1
1041-RXHRA,41,70.24999999999996,1
1750-CSKKM,9,55.34999999999995,2
9108-EJFJP,1,53.54999999999997,3
0530-IJVDB,70,114.59999999999994,8
0508-SQWPL,57,20.1000000000001,1
2215-ZAFGX,9,85.49999999999996,3
8213-TAZPM,69,108.74999999999983,7
7142-HVGBG,43,102.99999999999997,6
1304-SEGFY,72,97.85,5
7242-EDTYC,44,19.550000000000026,1
2904-GGUAZ,72,84.04999999999994,4
8267-ZNYVZ,33,103.74999999999991,6
5136-GFPMB,54,89.39999999999993,4
2595-KIWPV,27,19.700000000000074,1
5243-SAOTC,54,79.84999999999995,3
9398-MMQTO,3,74.44999999999996,2
7619-PLRLP,53,74.09999999999994,6
6457-GIRWB,1,69.34999999999997,1
6508-NJYRO,15,18.800000000000082,1
1450-SKCVI,56,73.84999999999995,2
4710-NKCAW,5,64.39999999999996,5
5306-BVTKJ,48,55.799999999999955,3
0357-NVCRI,25,20.049999999999983,1
5570-PTWEH,3,75.14999999999995,2
2371-KFUOG,58,99.15,5
0463-ZSDNT,10,56.74999999999997,2
6502-MJQAE,1,69.59999999999994,1
6257-DTAYD,71,104.14999999999993,6
4616-ULAOA,65,110.79999999999981,7
7693-LCKZL,5,80.14999999999996,3
7746-AWNQW,28,35.74999999999998,2
5996-EBTKM,67,69.89999999999995,5
2758-RNWXS,35,89.19999999999995,4
2314-TNDJQ,72,55.64999999999996,5
2405-LBMUW,61,50.699999999999974,4
3454-JFUBC,68,19.999999999999865,1
0032-PGELS,1,30.49999999999998,1
9039-ZVJDC,3,19.099999999999874,1
6797-LNAQX,70,98.29999999999984,5
9013-AQORL,48,45.54999999999997,3
2898-MRKPI,68,101.04999999999993,5
2750-BJLSB,47,103.69999999999979,6
3648-GZPHF,32,36.24999999999997,2
2075-RMJIK,5,49.39999999999998,2
9588-YRFHY,49,19.899999999999935,1
6394-MFYNG,48,107.39999999999999,6
1564-NTYXF,13,81.99999999999994,3
9364-YKUVW,15,19.800000000000004,1
5392-AKEMH,12,45.049999999999976,1
2451-YMUXS,67,64.54999999999995,5
3914-FDRHP,9,86.24999999999993,3
3078-ZKNTS,13,19.749999999999886,1
1024-KPRBB,38,89.09999999999992,3
4690-PKDQG,42,95.55000000000004,5
8155-IBNHG,24,75.39999999999995,2
0886-QGENL,27,101.2499999999998,5
9547-ITEFG,9,102.59999999999994,6
1264-FUHCX,49,56.299999999999976,4
7789-CRUVC,61,94.19999999999993,6
6598-KELSS,50,43.04999999999997,3
8739-WWKDU,25,89.49999999999993,4
8685-WHQPW,22,74.39999999999998,2
4745-LSPLO,1,20.500000000000128,1
8083-YTZES,4,74.34999999999995,2
7240-FQLHE,18,99.74999999999991,5
6664-FPDAC,56,111.95000000000007,7
9972-VAFJJ,53,93.99999999999994,5
0422-UXFAP,51,98.84999999999991,5
1904-WAJAA,24,64.34999999999995,5
5130-YPIRV,62,71.99999999999994,5
2843-CQMEG,24,49.69999999999996,2
6439-PKTRR,70,80.69999999999995,7
5351-QESIO,1,24.20000000000003,0
0786-VSSUD,16,38.99999999999997,2
5568-DMXZS,8,65.44999999999996,4
8468-FZTOE,72,74.34999999999995,6
6633-SYEUS,23,83.19999999999995,4
6447-GORXK,31,25.000000000000092,0
6967-PEJLL,37,40.199999999999974,3
3976-BWUCK,30,94.09999999999994,5
5981-ZVXOT,35,108.34999999999981,7
1684-FLBGS,23,69.49999999999994,5
1389-WNUIB,20,75.99999999999994,5
0376-OIWME,36,93.59999999999992,4
3585-ISXZP,8,95.64999999999998,4
0218-QNVAS,71,100.54999999999997,5
6583-QGCSI,50,88.04999999999994,4
0804-YGEQV,43,24.45000000000001,2
7164-BPTUT,57,89.54999999999993,8
4174-LPGTI,41,66.49999999999996,4
2523-EWWZL,27,76.09999999999994,2
0928-XUTSN,13,80.49999999999993,2
2108-XWMPY,3,35.449999999999974,2
0052-YNYOT,67,20.549999999999947,1
6304-IJFSQ,3,49.89999999999997,2
9586-JGQKH,64,105.39999999999984,6
4501-VCPFK,26,35.74999999999998,2
6075-SLNIL,38,95.0999999999999,5
9347-AERRL,23,19.30000000000004,1
0093-XWZFY,40,104.49999999999986,6
2274-XUATA,72,63.09999999999996,6
1980-KXVPM,3,75.04999999999995,2
7703-ZEKEF,23,80.99999999999996,3
0723-DRCLG,1,74.44999999999996,2
5482-NUPNA,4,60.39999999999997,4
6691-CCIHA,62,84.94999999999993,7
1685-BQULA,40,93.39999999999993,5
9053-EJUNL,41,89.19999999999995,4
0666-UXTJO,34,85.19999999999995,3
1471-GIQKQ,1,49.94999999999997,2
4807-IZYOZ,51,20.649999999999878,1
1122-JWTJW,1,70.64999999999995,1
9710-NJERN,39,20.149999999999913,1
9837-FWLCH,12,19.20000000000011,1
1699-HPSBG,12,59.799999999999955,3
7203-OYKCT,72,104.94999999999999,6
1035-IPQPU,63,103.49999999999993,6
7398-LXGYX,44,84.79999999999994,4
2823-LKABH,18,95.04999999999978,5
8775-CEBBJ,9,44.199999999999974,1
0550-DCXLH,13,73.34999999999994,5
9281-CEDRU,68,64.09999999999995,4
2235-DWLJU,6,44.39999999999996,2
0871-OPBXW,2,20.049999999999983,1
3605-JISKB,55,59.999999999999964,4
6894-LFHLY,1,75.74999999999996,2
9767-FFLEM,38,69.49999999999994,1
0639-TSIQW,67,102.94999999999985,6
8456-QDAVC,19,78.69999999999995,2
7750-EYXWZ,12,60.64999999999995,5
2569-WGERO,72,21.149999999999842,1
6840-RESVB,24,84.79999999999994,7
2234-XADUH,72,103.19999999999983,6
4801-JZAZL,11,29.599999999999987,1
8361-LTMKD,4,74.39999999999998,2
3186-AJIEK,66,105.64999999999982,6
